 *** Program HOLE ***
 
 If results of this run are reported or published, please
 cite the publication listed below.
 For the HOLE program:
   Smart, O.S., Goodfellow, J.M., Wallace, B.A. (1993). 
   The pore dimensions of gramicidin A. 
   Biophys. J., 65, 2455-2460.
 
 Originally written by Oliver Smart at Birkbeck College from April 1992.
 Copyright 1993-2005 Oliver Smart
 Copyright 2014-2015 SmartSci Limited.
 Copyright 2016 Oliver Smart.
 
 For help on HOLE suite see  http://www.holeprogram.org/
 
 HOLE release 2.2.005 (07 August 2016) 
 
 usage subject to Apache License, Version 2.0 
 see http://www.apache.org/licenses/LICENSE-2.0 

 Control variables read:

! Input file for Oliver Smart's HOLE program
! written by MDAnalysis.analysis.hole2.HoleAnalysis
! for a Universe
! u = mda.Universe(host_90.mol2
!    host_90.mol2
!   )
! Frame 0

COORD  /tmp/tmp01di1klj.pdb
RADIUS simple2.rad
SPHPDB hole000.sph
SAMPLE 0.200000
ENDRAD 22.000000
IGNORE SOL WAT TIP HOH K   NA  CL
SHORTO 0
RASEED 31415
CPOINT -0.0030000220 -0.0243214241 -0.0080535659


 WARNING have not found a CVECT record - will try to guess
 Input pdb filename read as:    '/tmp/tmp01di1klj.pdb'
 Input vdW radius file read as: 'simple2.rad'
 point in channel:   -0.003  -0.024  -0.008
 channel vector:   ************************
 sampling distance between planes:    0.200

 graphics conditions:
 binary plot output file name: NONE
 Dot density:    10
 Draw dots?           T
 Draw close contacts? F
 Draw centre line?    T
 Produce spikes rather than dots? F
 Seed for random number generator:     31415 (0 means value set by program)
 Radius above which a result is regarded as an 'end':  22.000
 Pdb format file for sphere centres: hole000.sph

 Monte Carlo conditions:
  no of steps:  1000
  maximum displacement   0.100 angs
  'kT' initial   0.100 angs
 The spherebox and capsule options are turned off.
 (No molqpt card so will not write qpt file of the molecule)
 IGNORE card read so will ignore residue types: SOL WAT TIP HOH K   NA  CL
 no SHORTO card read so will produce full textual output
 As no PEGRAT card was found will not produce PEG polymer exclusion graph
 (No 2DMAPS card specified so will not produce 2D property maps)
 Have not found a CUT card.  Normal calculation using
   Cutoff lists with a cutsize=       1.000
   (if you wish to turn off option use a CUT -1 card)

 Have read     7 bond radius records and
              16 vdW radius records.
 From file: simple2.rad

 Have read    56 atom records.
 From file: /tmp/tmp01di1klj.pdb
 Will not produce graphical output
 Warning have tried to open file: 'hole000.sph' as NEW but
         this file already exists - old version kept as 'hole000.sph.old'

 Have opened file for pdb format output of sphere centres:  hole000.sph

  Seed integer used by ran # generator on this run      31415

 
 S/R cguess will try to guess CPOINT and/or CVECT
 
 THESE GUESSES MAY WELL BE WRONG!!!!
 Routine relies on having a reasonably symmetric
 channel oriented along x, y or z vector
 YOU ARE STRONGLY ADVISED TO CHECK THE RESULTS
                       WITH MOLECULAR GRAPHICS
 testing points from cpoint in X, Y then Z direction
   point                   pore radius
direction     1
  -5.003  -0.024  -0.008    -1.280
  -4.003  -0.024  -0.008    -1.076
  -3.003  -0.024  -0.008    -0.155
  -2.003  -0.024  -0.008     0.823
  -1.003  -0.024  -0.008     1.723
  -0.003  -0.024  -0.008     2.364
   0.997  -0.024  -0.008     1.786
   1.997  -0.024  -0.008     0.797
   2.997  -0.024  -0.008    -0.180
   3.997  -0.024  -0.008    -1.093
   4.997  -0.024  -0.008    -1.252
 Average pore radius along the line=      0.223
direction     2
  -0.003  -5.024  -0.008    -1.239
  -0.003  -4.024  -0.008    -1.109
  -0.003  -3.024  -0.008    -0.199
  -0.003  -2.024  -0.008     0.556
  -0.003  -1.024  -0.008     1.430
  -0.003  -0.024  -0.008     2.364
  -0.003   0.976  -0.008     1.771
  -0.003   1.976  -0.008     0.783
  -0.003   2.976  -0.008    -0.191
  -0.003   3.976  -0.008    -1.092
  -0.003   4.976  -0.008    -1.221
 Average pore radius along the line=      0.168
direction     3
  -0.003  -0.024  -5.008     4.437
  -0.003  -0.024  -4.008     3.779
  -0.003  -0.024  -3.008     3.160
  -0.003  -0.024  -2.008     2.685
  -0.003  -0.024  -1.008     2.406
  -0.003  -0.024  -0.008     2.364
  -0.003  -0.024   0.992     2.565
  -0.003  -0.024   1.992     2.965
  -0.003  -0.024   2.992     3.284
  -0.003  -0.024   3.992     3.778
  -0.003  -0.024   4.992     4.413
 Average pore radius along the line=      3.258
 Best direction is found to be     3
(1=X,2=Y,3=Z)
 s/r cguess has produced initial values for cpoint &/or cvect:
CPOINT      -0.0030     -0.0243     -0.0081
CVECT        0.0000      0.0000      1.0000
 THESE GUESSES MAY WELL BE WRONG!!!!
 Routine relies on having a reasonably symmetric
 channel oriented along x, y or z vector
 YOU ARE STRONGLY ADVISED TO CHECK THE RESULTS
                       WITH MOLECULAR GRAPHICS
 
 
  Some routines (e.g. conn) need vectors normal to cvect: 
     EAST Zero degrees angle is along vector    1.000   0.000   0.000
     NORTH  90 degrees angle is along vector    0.000  -1.000   0.000
 highest radius point found:
  at point   -0.090   0.165  -0.008
  closest atom surface    2.570   O1  3   X    0
  2nd closest surface     2.571   O6  3   X    0
  found on step  930
  this is also current point
  no. of rejections          420
 stored as     0

 highest radius point found:
  at point   -0.069   0.152   0.192
  closest atom surface    2.571   C11 3   X    0
  2nd closest surface     2.572   O1  3   X    0
  found on step  815
 current point:
  at point   -0.075   0.149   0.192
  closest atom surface    2.571   O1  3   X    0
  2nd closest surface     2.573   O6  3   X    0
  found on step  903
  no. of rejections          397
 stored as     1

 highest radius point found:
  at point   -0.057   0.136   0.392
  closest atom surface    2.583   C11 3   X    0
  2nd closest surface     2.583   O1  3   X    0
  found on step  656
 current point:
  at point   -0.037   0.140   0.392
  closest atom surface    2.580   C11 3   X    0
  2nd closest surface     2.580   O1  3   X    0
  found on step  996
  no. of rejections          421
 stored as     2

 highest radius point found:
  at point   -0.042   0.122   0.592
  closest atom surface    2.602   C11 3   X    0
  2nd closest surface     2.604   O1  3   X    0
  found on step  737
 current point:
  at point   -0.027   0.123   0.592
  closest atom surface    2.601   O1  3   X    0
  2nd closest surface     2.601   C11 3   X    0
  found on step  937
  no. of rejections          394
 stored as     3

 highest radius point found:
  at point   -0.033   0.104   0.792
  closest atom surface    2.632   C11 3   X    0
  2nd closest surface     2.633   O6  3   X    0
  found on step  989
  this is also current point
  no. of rejections          413
 stored as     4

 highest radius point found:
  at point   -0.020   0.089   0.992
  closest atom surface    2.670   C11 3   X    0
  2nd closest surface     2.671   O6  3   X    0
  found on step  609
 current point:
  at point   -0.013   0.088   0.992
  closest atom surface    2.670   O1  3   X    0
  2nd closest surface     2.672   C11 3   X    0
  found on step  924
  no. of rejections          387
 stored as     5

 highest radius point found:
  at point   -0.003   0.071   1.192
  closest atom surface    2.718   O1  3   X    0
  2nd closest surface     2.719   C11 3   X    0
  found on step  934
  this is also current point
  no. of rejections          398
 stored as     6

 highest radius point found:
  at point    0.008   0.054   1.392
  closest atom surface    2.774   O1  3   X    0
  2nd closest surface     2.775   O4  3   X    0
  found on step  309
 current point:
  at point    0.006   0.056   1.392
  closest atom surface    2.773   C11 3   X    0
  2nd closest surface     2.773   O4  3   X    0
  found on step  961
  no. of rejections          397
 stored as     7

 highest radius point found:
  at point    0.016   0.033   1.592
  closest atom surface    2.835   O4  3   X    0
  2nd closest surface     2.835   O1  3   X    0
  found on step  934
  this is also current point
  no. of rejections          380
 stored as     8

 highest radius point found:
  at point    0.017   0.011   1.792
  closest atom surface    2.904   O6  3   X    0
  2nd closest surface     2.906   O1  3   X    0
  found on step  929
  this is also current point
  no. of rejections          388
 stored as     9

 highest radius point found:
  at point    0.007  -0.022   1.992
  closest atom surface    2.972   O2  3   X    0
  2nd closest surface     2.972   O6  3   X    0
  found on step  594
 current point:
  at point    0.007  -0.020   1.992
  closest atom surface    2.971   O6  3   X    0
  2nd closest surface     2.973   O2  3   X    0
  found on step  886
  no. of rejections          397
 stored as    10

 highest radius point found:
  at point   -0.005  -0.048   2.192
  closest atom surface    3.042   O2  3   X    0
  2nd closest surface     3.042   O6  3   X    0
  found on step  954
  this is also current point
  no. of rejections          404
 stored as    11

 highest radius point found:
  at point   -0.010  -0.060   2.392
  closest atom surface    3.112   H22 3   X    0
  2nd closest surface     3.113   O   3   X    0
  found on step  955
  this is also current point
  no. of rejections          415
 stored as    12

 highest radius point found:
  at point   -0.003  -0.076   2.592
  closest atom surface    3.187   H22 3   X    0
  2nd closest surface     3.188   O   3   X    0
  found on step  980
  this is also current point
  no. of rejections          401
 stored as    13

 highest radius point found:
  at point   -0.010  -0.089   2.792
  closest atom surface    3.266   H14 3   X    0
  2nd closest surface     3.266   H22 3   X    0
  found on step 1000
  this is also current point
  no. of rejections          393
 stored as    14

 highest radius point found:
  at point   -0.021  -0.098   2.992
  closest atom surface    3.351   H22 3   X    0
  2nd closest surface     3.353   O   3   X    0
  found on step  985
  this is also current point
  no. of rejections          391
 stored as    15

 highest radius point found:
  at point   -0.034  -0.110   3.192
  closest atom surface    3.443   O   3   X    0
  2nd closest surface     3.444   H22 3   X    0
  found on step  965
  this is also current point
  no. of rejections          372
 stored as    16

 highest radius point found:
  at point   -0.038  -0.120   3.392
  closest atom surface    3.544   H22 3   X    0
  2nd closest surface     3.544   O   3   X    0
  found on step  788
 current point:
  at point   -0.035  -0.124   3.392
  closest atom surface    3.542   O   3   X    0
  2nd closest surface     3.543   H14 3   X    0
  found on step  955
  no. of rejections          394
 stored as    17

 highest radius point found:
  at point   -0.036  -0.120   3.592
  closest atom surface    3.641   H14 3   X    0
  2nd closest surface     3.641   H22 3   X    0
  found on step  986
  this is also current point
  no. of rejections          405
 stored as    18

 highest radius point found:
  at point   -0.035  -0.133   3.792
  closest atom surface    3.746   H14 3   X    0
  2nd closest surface     3.746   H30 3   X    0
  found on step  948
  this is also current point
  no. of rejections          380
 stored as    19

 highest radius point found:
  at point   -0.034  -0.120   3.992
  closest atom surface    3.854   H14 3   X    0
  2nd closest surface     3.855   H22 3   X    0
  found on step  915
  this is also current point
  no. of rejections          393
 stored as    20

 highest radius point found:
  at point   -0.034  -0.120   4.192
  closest atom surface    3.969   H30 3   X    0
  2nd closest surface     3.970   H22 3   X    0
  found on step    1
 current point:
  at point   -0.032  -0.125   4.192
  closest atom surface    3.968   H6  3   X    0
  2nd closest surface     3.969   H14 3   X    0
  found on step  891
  no. of rejections          370
 stored as    21

 highest radius point found:
  at point   -0.034  -0.118   4.392
  closest atom surface    4.088   H30 3   X    0
  2nd closest surface     4.089   H22 3   X    0
  found on step  883
  this is also current point
  no. of rejections          365
 stored as    22

 highest radius point found:
  at point   -0.027  -0.116   4.592
  closest atom surface    4.212   H6  3   X    0
  2nd closest surface     4.212   H14 3   X    0
  found on step  932
  this is also current point
  no. of rejections          362
 stored as    23

 highest radius point found:
  at point   -0.034  -0.112   4.792
  closest atom surface    4.341   H6  3   X    0
  2nd closest surface     4.341   H22 3   X    0
  found on step  912
  this is also current point
  no. of rejections          376
 stored as    24

 highest radius point found:
  at point   -0.022  -0.108   4.992
  closest atom surface    4.473   H22 3   X    0
  2nd closest surface     4.473   H6  3   X    0
  found on step  959
  this is also current point
  no. of rejections          360
 stored as    25

 highest radius point found:
  at point   -0.024  -0.104   5.192
  closest atom surface    4.608   H22 3   X    0
  2nd closest surface     4.610   H6  3   X    0
  found on step  822
 current point:
  at point   -0.019  -0.107   5.192
  closest atom surface    4.608   H6  3   X    0
  2nd closest surface     4.610   H22 3   X    0
  found on step  954
  no. of rejections          370
 stored as    26

 highest radius point found:
  at point   -0.037  -0.103   5.392
  closest atom surface    4.749   H22 3   X    0
  2nd closest surface     4.750   H6  3   X    0
  found on step  958
  this is also current point
  no. of rejections          369
 stored as    27

 highest radius point found:
  at point   -0.017  -0.100   5.592
  closest atom surface    4.893   H6  3   X    0
  2nd closest surface     4.893   H22 3   X    0
  found on step  453
 current point:
  at point   -0.017  -0.102   5.592
  closest atom surface    4.891   H6  3   X    0
  2nd closest surface     4.895   H22 3   X    0
  found on step  979
  no. of rejections          327
 stored as    28

 highest radius point found:
  at point   -0.008  -0.097   5.792
  closest atom surface    5.039   H6  3   X    0
  2nd closest surface     5.039   H14 3   X    0
  found on step  984
  this is also current point
  no. of rejections          319
 stored as    29

 highest radius point found:
  at point   -0.009  -0.093   5.992
  closest atom surface    5.189   H6  3   X    0
  2nd closest surface     5.190   H22 3   X    0
  found on step  818
 current point:
  at point   -0.028  -0.095   5.992
  closest atom surface    5.188   H6  3   X    0
  2nd closest surface     5.190   H22 3   X    0
  found on step  947
  no. of rejections          343
 stored as    30

 highest radius point found:
  at point   -0.015  -0.090   6.192
  closest atom surface    5.342   H22 3   X    0
  2nd closest surface     5.342   H6  3   X    0
  found on step  842
 current point:
  at point   -0.006  -0.089   6.192
  closest atom surface    5.341   H22 3   X    0
  2nd closest surface     5.342   H6  3   X    0
  found on step  902
  no. of rejections          327
 stored as    31

 highest radius point found:
  at point   -0.012  -0.087   6.392
  closest atom surface    5.497   H22 3   X    0
  2nd closest surface     5.497   H6  3   X    0
  found on step  958
  this is also current point
  no. of rejections          317
 stored as    32

 highest radius point found:
  at point   -0.016  -0.084   6.592
  closest atom surface    5.654   H6  3   X    0
  2nd closest surface     5.654   H22 3   X    0
  found on step  962
  this is also current point
  no. of rejections          300
 stored as    33

 highest radius point found:
  at point   -0.010  -0.081   6.792
  closest atom surface    5.814   H22 3   X    0
  2nd closest surface     5.814   H6  3   X    0
  found on step  905
  this is also current point
  no. of rejections          295
 stored as    34

 highest radius point found:
  at point   -0.010  -0.078   6.992
  closest atom surface    5.976   H6  3   X    0
  2nd closest surface     5.976   H22 3   X    0
  found on step  899
  this is also current point
  no. of rejections          314
 stored as    35

 highest radius point found:
  at point   -0.014  -0.076   7.192
  closest atom surface    6.139   H6  3   X    0
  2nd closest surface     6.140   H22 3   X    0
  found on step  986
  this is also current point
  no. of rejections          310
 stored as    36

 highest radius point found:
  at point   -0.018  -0.073   7.392
  closest atom surface    6.304   H6  3   X    0
  2nd closest surface     6.305   H22 3   X    0
  found on step  891
  this is also current point
  no. of rejections          315
 stored as    37

 highest radius point found:
  at point   -0.028  -0.070   7.592
  closest atom surface    6.472   H22 3   X    0
  2nd closest surface     6.472   H6  3   X    0
  found on step  894
  this is also current point
  no. of rejections          322
 stored as    38

 highest radius point found:
  at point   -0.047  -0.069   7.792
  closest atom surface    6.640   H6  3   X    0
  2nd closest surface     6.641   H22 3   X    0
  found on step  990
  this is also current point
  no. of rejections          325
 stored as    39

 highest radius point found:
  at point    0.015  -0.062   7.992
  closest atom surface    6.811   H6  3   X    0
  2nd closest surface     6.811   H22 3   X    0
  found on step  855
 current point:
  at point   -0.015  -0.064   7.992
  closest atom surface    6.811   H6  3   X    0
  2nd closest surface     6.811   H22 3   X    0
  found on step  972
  no. of rejections          282
 stored as    40

 highest radius point found:
  at point    0.006  -0.060   8.192
  closest atom surface    6.983   H6  3   X    0
  2nd closest surface     6.983   H22 3   X    0
  found on step  941
  this is also current point
  no. of rejections          274
 stored as    41

 highest radius point found:
  at point    0.019  -0.056   8.392
  closest atom surface    7.156   H6  3   X    0
  2nd closest surface     7.156   H22 3   X    0
  found on step  868
 current point:
  at point   -0.014  -0.058   8.392
  closest atom surface    7.156   H6  3   X    0
  2nd closest surface     7.156   H22 3   X    0
  found on step  983
  no. of rejections          306
 stored as    42

 highest radius point found:
  at point    0.007  -0.053   8.592
  closest atom surface    7.330   H22 3   X    0
  2nd closest surface     7.330   H6  3   X    0
  found on step  887
  this is also current point
  no. of rejections          293
 stored as    43

 highest radius point found:
  at point    0.041  -0.049   8.792
  closest atom surface    7.505   H22 3   X    0
  2nd closest surface     7.506   H6  3   X    0
  found on step  970
  this is also current point
  no. of rejections          304
 stored as    44

 highest radius point found:
  at point    0.006  -0.048   8.992
  closest atom surface    7.682   H6  3   X    0
  2nd closest surface     7.682   H22 3   X    0
  found on step  938
  this is also current point
  no. of rejections          286
 stored as    45

 highest radius point found:
  at point   -0.004  -0.045   9.192
  closest atom surface    7.859   H6  3   X    0
  2nd closest surface     7.859   H22 3   X    0
  found on step  934
  this is also current point
  no. of rejections          279
 stored as    46

 highest radius point found:
  at point    0.034  -0.041   9.392
  closest atom surface    8.037   H6  3   X    0
  2nd closest surface     8.038   H22 3   X    0
  found on step  460
 current point:
  at point   -0.007  -0.042   9.392
  closest atom surface    8.037   H22 3   X    0
  2nd closest surface     8.037   H6  3   X    0
  found on step  883
  no. of rejections          266
 stored as    47

 highest radius point found:
  at point    0.002  -0.039   9.592
  closest atom surface    8.216   H22 3   X    0
  2nd closest surface     8.216   H6  3   X    0
  found on step  896
  this is also current point
  no. of rejections          278
 stored as    48

 highest radius point found:
  at point    0.037  -0.035   9.792
  closest atom surface    8.397   H6  3   X    0
  2nd closest surface     8.397   H22 3   X    0
  found on step  657
 current point:
  at point    0.021  -0.035   9.792
  closest atom surface    8.396   H6  3   X    0
  2nd closest surface     8.397   H22 3   X    0
  found on step  967
  no. of rejections          286
 stored as    49

 highest radius point found:
  at point    0.005  -0.032   9.992
  closest atom surface    8.577   H22 3   X    0
  2nd closest surface     8.577   H6  3   X    0
  found on step  995
  this is also current point
  no. of rejections          253
 stored as    50

 highest radius point found:
  at point    0.055  -0.026  10.192
  closest atom surface    8.759   H22 3   X    0
  2nd closest surface     8.760   H6  3   X    0
  found on step   18
 current point:
  at point   -0.048  -0.032  10.192
  closest atom surface    8.759   H22 3   X    0
  2nd closest surface     8.759   H6  3   X    0
  found on step  969
  no. of rejections          263
 stored as    51

 highest radius point found:
  at point    0.058  -0.024  10.392
  closest atom surface    8.942   H22 3   X    0
  2nd closest surface     8.942   H6  3   X    0
  found on step  234
 current point:
  at point    0.041  -0.024  10.392
  closest atom surface    8.941   H22 3   X    0
  2nd closest surface     8.942   H6  3   X    0
  found on step  970
  no. of rejections          257
 stored as    52

 highest radius point found:
  at point    0.060  -0.021  10.592
  closest atom surface    9.125   H6  3   X    0
  2nd closest surface     9.125   H22 3   X    0
  found on step  896
  this is also current point
  no. of rejections          267
 stored as    53

 highest radius point found:
  at point    0.007  -0.021  10.792
  closest atom surface    9.308   H6  3   X    0
  2nd closest surface     9.308   H22 3   X    0
  found on step  904
  this is also current point
  no. of rejections          267
 stored as    54

 highest radius point found:
  at point    0.073  -0.015  10.992
  closest atom surface    9.492   H22 3   X    0
  2nd closest surface     9.493   H6  3   X    0
  found on step   19
 current point:
  at point    0.070  -0.014  10.992
  closest atom surface    9.492   H22 3   X    0
  2nd closest surface     9.493   H6  3   X    0
  found on step  972
  no. of rejections          257
 stored as    55

 highest radius point found:
  at point    0.079  -0.011  11.192
  closest atom surface    9.677   H22 3   X    0
  2nd closest surface     9.677   H6  3   X    0
  found on step  960
  this is also current point
  no. of rejections          271
 stored as    56

 highest radius point found:
  at point    0.075  -0.008  11.392
  closest atom surface    9.862   H22 3   X    0
  2nd closest surface     9.863   H6  3   X    0
  found on step  923
  this is also current point
  no. of rejections          267
 stored as    57

 highest radius point found:
  at point    0.062  -0.006  11.592
  closest atom surface   10.048   H22 3   X    0
  2nd closest surface    10.048   H6  3   X    0
  found on step  905
  this is also current point
  no. of rejections          250
 stored as    58

 highest radius point found:
  at point    0.021  -0.005  11.792
  closest atom surface   10.234   H22 3   X    0
  2nd closest surface    10.234   H6  3   X    0
  found on step  602
 current point:
  at point   -0.070  -0.008  11.792
  closest atom surface   10.234   H22 3   X    0
  2nd closest surface    10.234   H6  3   X    0
  found on step  963
  no. of rejections          229
 stored as    59

 highest radius point found:
  at point    0.069   0.000  11.992
  closest atom surface   10.421   H22 3   X    0
  2nd closest surface    10.421   H6  3   X    0
  found on step  946
  this is also current point
  no. of rejections          255
 stored as    60

 highest radius point found:
  at point    0.102   0.003  12.192
  closest atom surface   10.608   H14 3   X    0
  2nd closest surface    10.608   H6  3   X    0
  found on step  855
 current point:
  at point    0.021   0.002  12.192
  closest atom surface   10.608   H22 3   X    0
  2nd closest surface    10.608   H6  3   X    0
  found on step  910
  no. of rejections          246
 stored as    61

 highest radius point found:
  at point    0.101   0.006  12.392
  closest atom surface   10.796   H6  3   X    0
  2nd closest surface    10.797   H22 3   X    0
  found on step  871
 current point:
  at point    0.056   0.006  12.392
  closest atom surface   10.796   H22 3   X    0
  2nd closest surface    10.796   H6  3   X    0
  found on step  989
  no. of rejections          253
 stored as    62

 highest radius point found:
  at point   -0.049   0.004  12.592
  closest atom surface   10.983   H22 3   X    0
  2nd closest surface    10.984   H6  3   X    0
  found on step  927
  this is also current point
  no. of rejections          237
 stored as    63

 highest radius point found:
  at point    0.109   0.015  12.792
  closest atom surface   11.173   H22 3   X    0
  2nd closest surface    11.173   H14 3   X    0
  found on step  866
 current point:
  at point    0.112   0.015  12.792
  closest atom surface   11.172   H14 3   X    0
  2nd closest surface    11.173   H22 3   X    0
  found on step  958
  no. of rejections          235
 stored as    64

 highest radius point found:
  at point    0.063   0.015  12.992
  closest atom surface   11.361   H22 3   X    0
  2nd closest surface    11.361   H6  3   X    0
  found on step  967
  this is also current point
  no. of rejections          235
 stored as    65

 highest radius point found:
  at point    0.094   0.019  13.192
  closest atom surface   11.551   H6  3   X    0
  2nd closest surface    11.551   H22 3   X    0
  found on step  911
  this is also current point
  no. of rejections          242
 stored as    66

 highest radius point found:
  at point    0.111   0.024  13.392
  closest atom surface   11.740   H22 3   X    0
  2nd closest surface    11.741   H6  3   X    0
  found on step  834
 current point:
  at point    0.012   0.019  13.392
  closest atom surface   11.739   H22 3   X    0
  2nd closest surface    11.740   H6  3   X    0
  found on step  988
  no. of rejections          242
 stored as    67

 highest radius point found:
  at point    0.111   0.024  13.592
  closest atom surface   11.930   H6  3   X    0
  2nd closest surface    11.931   H22 3   X    0
  found on step    1
 current point:
  at point   -0.076   0.019  13.592
  closest atom surface   11.929   H22 3   X    0
  2nd closest surface    11.929   H6  3   X    0
  found on step  902
  no. of rejections          237
 stored as    68

 highest radius point found:
  at point    0.086   0.028  13.792
  closest atom surface   12.120   H22 3   X    0
  2nd closest surface    12.120   H6  3   X    0
  found on step  979
  this is also current point
  no. of rejections          233
 stored as    69

 highest radius point found:
  at point    0.129   0.031  13.992
  closest atom surface   12.310   H6  3   X    0
  2nd closest surface    12.311   H22 3   X    0
  found on step  937
  this is also current point
  no. of rejections          246
 stored as    70

 highest radius point found:
  at point    0.132   0.036  14.192
  closest atom surface   12.501   H22 3   X    0
  2nd closest surface    12.502   H6  3   X    0
  found on step   35
 current point:
  at point    0.115   0.035  14.192
  closest atom surface   12.501   H22 3   X    0
  2nd closest surface    12.501   H6  3   X    0
  found on step  996
  no. of rejections          235
 stored as    71

 highest radius point found:
  at point    0.102   0.037  14.392
  closest atom surface   12.692   H6  3   X    0
  2nd closest surface    12.692   H22 3   X    0
  found on step  921
  this is also current point
  no. of rejections          222
 stored as    72

 highest radius point found:
  at point    0.116   0.041  14.592
  closest atom surface   12.883   H22 3   X    0
  2nd closest surface    12.883   H6  3   X    0
  found on step  983
  this is also current point
  no. of rejections          207
 stored as    73

 highest radius point found:
  at point    0.145   0.045  14.792
  closest atom surface   13.075   H14 3   X    0
  2nd closest surface    13.075   H22 3   X    0
  found on step  939
  this is also current point
  no. of rejections          241
 stored as    74

 highest radius point found:
  at point    0.145   0.047  14.992
  closest atom surface   13.267   H6  3   X    0
  2nd closest surface    13.267   H22 3   X    0
  found on step    2
 current point:
  at point   -0.059   0.040  14.992
  closest atom surface   13.265   H22 3   X    0
  2nd closest surface    13.266   H6  3   X    0
  found on step  935
  no. of rejections          202
 stored as    75

 highest radius point found:
  at point    0.128   0.051  15.192
  closest atom surface   13.458   H22 3   X    0
  2nd closest surface    13.459   H6  3   X    0
  found on step  119
 current point:
  at point    0.091   0.049  15.192
  closest atom surface   13.458   H22 3   X    0
  2nd closest surface    13.458   H6  3   X    0
  found on step  985
  no. of rejections          231
 stored as    76

 highest radius point found:
  at point    0.117   0.055  15.392
  closest atom surface   13.650   H22 3   X    0
  2nd closest surface    13.651   H6  3   X    0
  found on step    2
 current point:
  at point   -0.086   0.044  15.392
  closest atom surface   13.649   H6  3   X    0
  2nd closest surface    13.649   H22 3   X    0
  found on step  938
  no. of rejections          223
 stored as    77

 highest radius point found:
  at point    0.146   0.057  15.592
  closest atom surface   13.843   H22 3   X    0
  2nd closest surface    13.843   H6  3   X    0
  found on step  896
  this is also current point
  no. of rejections          229
 stored as    78

 highest radius point found:
  at point    0.143   0.059  15.792
  closest atom surface   14.035   H6  3   X    0
  2nd closest surface    14.036   H22 3   X    0
  found on step  855
 current point:
  at point    0.004   0.054  15.792
  closest atom surface   14.034   H22 3   X    0
  2nd closest surface    14.034   H6  3   X    0
  found on step  980
  no. of rejections          214
 stored as    79

 highest radius point found:
  at point    0.153   0.063  15.992
  closest atom surface   14.228   H22 3   X    0
  2nd closest surface    14.228   H6  3   X    0
  found on step  432
 current point:
  at point    0.147   0.063  15.992
  closest atom surface   14.228   H6  3   X    0
  2nd closest surface    14.228   H22 3   X    0
  found on step  964
  no. of rejections          207
 stored as    80

 highest radius point found:
  at point    0.136   0.066  16.192
  closest atom surface   14.421   H22 3   X    0
  2nd closest surface    14.421   H6  3   X    0
  found on step  989
  this is also current point
  no. of rejections          219
 stored as    81

 highest radius point found:
  at point    0.156   0.069  16.392
  closest atom surface   14.614   H6  3   X    0
  2nd closest surface    14.615   H22 3   X    0
  found on step  952
  this is also current point
  no. of rejections          206
 stored as    82

 highest radius point found:
  at point    0.177   0.077  16.592
  closest atom surface   14.807   H22 3   X    0
  2nd closest surface    14.807   H14 3   X    0
  found on step  488
 current point:
  at point   -0.023   0.065  16.592
  closest atom surface   14.806   H22 3   X    0
  2nd closest surface    14.806   H6  3   X    0
  found on step  974
  no. of rejections          221
 stored as    83

 highest radius point found:
  at point    0.177   0.077  16.792
  closest atom surface   15.001   H22 3   X    0
  2nd closest surface    15.001   H6  3   X    0
  found on step    1
 current point:
  at point    0.117   0.073  16.792
  closest atom surface   15.000   H6  3   X    0
  2nd closest surface    15.001   H22 3   X    0
  found on step  975
  no. of rejections          209
 stored as    84

 highest radius point found:
  at point    0.177   0.077  16.992
  closest atom surface   15.194   H6  3   X    0
  2nd closest surface    15.195   H22 3   X    0
  found on step    1
 current point:
  at point   -0.035   0.070  16.992
  closest atom surface   15.193   H6  3   X    0
  2nd closest surface    15.193   H22 3   X    0
  found on step  977
  no. of rejections          204
 stored as    85

 highest radius point found:
  at point    0.184   0.083  17.192
  closest atom surface   15.388   H22 3   X    0
  2nd closest surface    15.389   H6  3   X    0
  found on step  821
 current point:
  at point    0.172   0.083  17.192
  closest atom surface   15.388   H22 3   X    0
  2nd closest surface    15.389   H6  3   X    0
  found on step  964
  no. of rejections          200
 stored as    86

 highest radius point found:
  at point    0.184   0.083  17.392
  closest atom surface   15.582   H6  3   X    0
  2nd closest surface    15.583   H22 3   X    0
  found on step    1
 current point:
  at point    0.076   0.080  17.392
  closest atom surface   15.581   H6  3   X    0
  2nd closest surface    15.581   H22 3   X    0
  found on step  930
  no. of rejections          206
 stored as    87

 highest radius point found:
  at point    0.095   0.085  17.592
  closest atom surface   15.775   H6  3   X    0
  2nd closest surface    15.775   H22 3   X    0
  found on step   49
 current point:
  at point   -0.051   0.078  17.592
  closest atom surface   15.775   H6  3   X    0
  2nd closest surface    15.775   H22 3   X    0
  found on step  951
  no. of rejections          225
 stored as    88

 highest radius point found:
  at point    0.171   0.094  17.792
  closest atom surface   15.970   H22 3   X    0
  2nd closest surface    15.971   H6  3   X    0
  found on step  612
 current point:
  at point   -0.100   0.079  17.792
  closest atom surface   15.969   H6  3   X    0
  2nd closest surface    15.969   H22 3   X    0
  found on step  906
  no. of rejections          218
 stored as    89

 highest radius point found:
  at point    0.183   0.094  17.992
  closest atom surface   16.165   H6  3   X    0
  2nd closest surface    16.165   H22 3   X    0
  found on step  795
 current point:
  at point    0.172   0.094  17.992
  closest atom surface   16.165   H6  3   X    0
  2nd closest surface    16.165   H22 3   X    0
  found on step  981
  no. of rejections          197
 stored as    90

 highest radius point found:
  at point    0.196   0.098  18.192
  closest atom surface   16.359   H6  3   X    0
  2nd closest surface    16.359   H22 3   X    0
  found on step  994
  this is also current point
  no. of rejections          204
 stored as    91

 highest radius point found:
  at point    0.196   0.098  18.392
  closest atom surface   16.553   H6  3   X    0
  2nd closest surface    16.555   H22 3   X    0
  found on step    1
 current point:
  at point   -0.029   0.093  18.392
  closest atom surface   16.552   H22 3   X    0
  2nd closest surface    16.552   H6  3   X    0
  found on step  988
  no. of rejections          224
 stored as    92

 highest radius point found:
  at point    0.183   0.104  18.592
  closest atom surface   16.748   H22 3   X    0
  2nd closest surface    16.749   H6  3   X    0
  found on step  966
  this is also current point
  no. of rejections          198
 stored as    93

 highest radius point found:
  at point    0.207   0.107  18.792
  closest atom surface   16.943   H16 3   X    0
  2nd closest surface    16.943   H6  3   X    0
  found on step  687
 current point:
  at point    0.181   0.110  18.792
  closest atom surface   16.943   H22 3   X    0
  2nd closest surface    16.944   H6  3   X    0
  found on step  996
  no. of rejections          218
 stored as    94

 highest radius point found:
  at point    0.175   0.110  18.992
  closest atom surface   17.138   H22 3   X    0
  2nd closest surface    17.138   H6  3   X    0
  found on step  826
 current point:
  at point    0.118   0.106  18.992
  closest atom surface   17.137   H6  3   X    0
  2nd closest surface    17.138   H22 3   X    0
  found on step  963
  no. of rejections          186
 stored as    95

 highest radius point found:
  at point    0.208   0.117  19.192
  closest atom surface   17.333   H22 3   X    0
  2nd closest surface    17.333   H16 3   X    0
  found on step  722
 current point:
  at point    0.054   0.107  19.192
  closest atom surface   17.332   H22 3   X    0
  2nd closest surface    17.332   H6  3   X    0
  found on step  985
  no. of rejections          211
 stored as    96

 highest radius point found:
  at point    0.208   0.117  19.392
  closest atom surface   17.528   H16 3   X    0
  2nd closest surface    17.528   H22 3   X    0
  found on step    1
 current point:
  at point    0.135   0.114  19.392
  closest atom surface   17.527   H22 3   X    0
  2nd closest surface    17.528   H6  3   X    0
  found on step  954
  no. of rejections          213
 stored as    97

 highest radius point found:
  at point    0.208   0.117  19.592
  closest atom surface   17.723   H6  3   X    0
  2nd closest surface    17.724   H16 3   X    0
  found on step    1
 current point:
  at point    0.210   0.115  19.592
  closest atom surface   17.723   H6  3   X    0
  2nd closest surface    17.724   H16 3   X    0
  found on step  982
  no. of rejections          158
 stored as    98

 highest radius point found:
  at point    0.208   0.117  19.792
  closest atom surface   17.918   H6  3   X    0
  2nd closest surface    17.920   H16 3   X    0
  found on step    1
 current point:
  at point    0.004   0.114  19.792
  closest atom surface   17.917   H22 3   X    0
  2nd closest surface    17.917   H6  3   X    0
  found on step  919
  no. of rejections          191
 stored as    99

 highest radius point found:
  at point    0.210   0.119  19.992
  closest atom surface   18.113   H6  3   X    0
  2nd closest surface    18.115   H16 3   X    0
  found on step    2
 current point:
  at point   -0.074   0.113  19.992
  closest atom surface   18.113   H6  3   X    0
  2nd closest surface    18.113   H22 3   X    0
  found on step  935
  no. of rejections          184
 stored as   100

 highest radius point found:
  at point    0.138   0.126  20.192
  closest atom surface   18.309   H22 3   X    0
  2nd closest surface    18.309   H6  3   X    0
  found on step  966
  this is also current point
  no. of rejections          198
 stored as   101

 highest radius point found:
  at point    0.208   0.136  20.392
  closest atom surface   18.505   H22 3   X    0
  2nd closest surface    18.506   H16 3   X    0
  found on step  994
  this is also current point
  no. of rejections          166
 stored as   102

 highest radius point found:
  at point    0.202   0.134  20.592
  closest atom surface   18.701   H6  3   X    0
  2nd closest surface    18.701   H22 3   X    0
  found on step  996
  this is also current point
  no. of rejections          174
 stored as   103

 highest radius point found:
  at point    0.176   0.136  20.792
  closest atom surface   18.897   H6  3   X    0
  2nd closest surface    18.897   H22 3   X    0
  found on step  971
  this is also current point
  no. of rejections          195
 stored as   104

 highest radius point found:
  at point    0.176   0.141  20.992
  closest atom surface   19.092   H22 3   X    0
  2nd closest surface    19.093   H6  3   X    0
  found on step  835
 current point:
  at point   -0.084   0.128  20.992
  closest atom surface   19.091   H6  3   X    0
  2nd closest surface    19.091   H22 3   X    0
  found on step  944
  no. of rejections          203
 stored as   105

 highest radius point found:
  at point    0.176   0.141  21.192
  closest atom surface   19.288   H6  3   X    0
  2nd closest surface    19.289   H22 3   X    0
  found on step    1
 current point:
  at point    0.176   0.144  21.192
  closest atom surface   19.288   H22 3   X    0
  2nd closest surface    19.289   H6  3   X    0
  found on step  993
  no. of rejections          203
 stored as   106

 highest radius point found:
  at point    0.212   0.149  21.392
  closest atom surface   19.484   H22 3   X    0
  2nd closest surface    19.485   H16 3   X    0
  found on step  869
 current point:
  at point    0.223   0.142  21.392
  closest atom surface   19.484   H16 3   X    0
  2nd closest surface    19.484   H6  3   X    0
  found on step  957
  no. of rejections          185
 stored as   107

 highest radius point found:
  at point    0.212   0.149  21.592
  closest atom surface   19.681   H6  3   X    0
  2nd closest surface    19.681   H22 3   X    0
  found on step    1
 current point:
  at point   -0.022   0.140  21.592
  closest atom surface   19.679   H6  3   X    0
  2nd closest surface    19.679   H22 3   X    0
  found on step  959
  no. of rejections          186
 stored as   108

 highest radius point found:
  at point    0.187   0.152  21.792
  closest atom surface   19.877   H22 3   X    0
  2nd closest surface    19.877   H6  3   X    0
  found on step   27
 current point:
  at point   -0.117   0.137  21.792
  closest atom surface   19.875   H6  3   X    0
  2nd closest surface    19.876   H22 3   X    0
  found on step  900
  no. of rejections          179
 stored as   109

 highest radius point found:
  at point    0.201   0.157  21.992
  closest atom surface   20.073   H22 3   X    0
  2nd closest surface    20.074   H6  3   X    0
  found on step  987
  this is also current point
  no. of rejections          202
 stored as   110

 highest radius point found:
  at point    0.201   0.157  22.192
  closest atom surface   20.269   H6  3   X    0
  2nd closest surface    20.270   H22 3   X    0
  found on step    1
 current point:
  at point    0.096   0.154  22.192
  closest atom surface   20.268   H22 3   X    0
  2nd closest surface    20.268   H6  3   X    0
  found on step  968
  no. of rejections          177
 stored as   111

 highest radius point found:
  at point    0.185   0.160  22.392
  closest atom surface   20.466   H6  3   X    0
  2nd closest surface    20.466   H22 3   X    0
  found on step  956
  this is also current point
  no. of rejections          194
 stored as   112

 highest radius point found:
  at point    0.183   0.164  22.592
  closest atom surface   20.662   H22 3   X    0
  2nd closest surface    20.662   H6  3   X    0
  found on step    2
 current point:
  at point    0.066   0.159  22.592
  closest atom surface   20.661   H22 3   X    0
  2nd closest surface    20.661   H6  3   X    0
  found on step  998
  no. of rejections          187
 stored as   113

 highest radius point found:
  at point    0.214   0.167  22.792
  closest atom surface   20.859   H6  3   X    0
  2nd closest surface    20.859   H22 3   X    0
  found on step  916
  this is also current point
  no. of rejections          184
 stored as   114

 highest radius point found:
  at point    0.180   0.169  22.992
  closest atom surface   21.055   H6  3   X    0
  2nd closest surface    21.055   H22 3   X    0
  found on step   70
 current point:
  at point    0.142   0.168  22.992
  closest atom surface   21.055   H22 3   X    0
  2nd closest surface    21.055   H6  3   X    0
  found on step  965
  no. of rejections          198
 stored as   115

 highest radius point found:
  at point    0.205   0.173  23.192
  closest atom surface   21.252   H6  3   X    0
  2nd closest surface    21.252   H22 3   X    0
  found on step   47
 current point:
  at point    0.191   0.172  23.192
  closest atom surface   21.252   H6  3   X    0
  2nd closest surface    21.252   H22 3   X    0
  found on step  998
  no. of rejections          189
 stored as   116

 highest radius point found:
  at point    0.176   0.175  23.392
  closest atom surface   21.448   H22 3   X    0
  2nd closest surface    21.448   H6  3   X    0
  found on step  958
  this is also current point
  no. of rejections          188
 stored as   117

 highest radius point found:
  at point    0.217   0.181  23.592
  closest atom surface   21.645   H22 3   X    0
  2nd closest surface    21.646   H16 3   X    0
  found on step  962
  this is also current point
  no. of rejections          200
 stored as   118

 highest radius point found:
  at point    0.218   0.184  23.792
  closest atom surface   21.842   H22 3   X    0
  2nd closest surface    21.843   H16 3   X    0
  found on step  918
  this is also current point
  no. of rejections          189
 stored as   119

 highest radius point found:
  at point    0.218   0.184  23.992
  closest atom surface   22.039   H6  3   X    0
  2nd closest surface    22.040   H22 3   X    0
  found on step    1
 current point:
  at point   -0.026   0.175  23.992
  closest atom surface   22.038   H22 3   X    0
  2nd closest surface    22.038   H6  3   X    0
  found on step  986
  no. of rejections          135
 This is an end! (radius above  22.0 angs)
 highest radius point found:
  at point   -0.089   0.178  -0.208
  closest atom surface    2.571   O1  3   X    0
  2nd closest surface     2.572   O5  3   X    0
  found on step  871
 current point:
  at point   -0.080   0.182  -0.208
  closest atom surface    2.571   O5  3   X    0
  2nd closest surface     2.572   O1  3   X    0
  found on step  885
  no. of rejections          392
 stored as    -1

 highest radius point found:
  at point   -0.060   0.184  -0.408
  closest atom surface    2.567   O1  3   X    0
  2nd closest surface     2.567   O5  3   X    0
  found on step  998
  this is also current point
  no. of rejections          402
 stored as    -2

 highest radius point found:
  at point   -0.102   0.168  -0.608
  closest atom surface    2.572   O5  3   X    0
  2nd closest surface     2.573   O1  3   X    0
  found on step  718
 current point:
  at point   -0.076   0.176  -0.608
  closest atom surface    2.572   O5  3   X    0
  2nd closest surface     2.572   O1  3   X    0
  found on step  989
  no. of rejections          413
 stored as    -3

 highest radius point found:
  at point   -0.108   0.163  -0.808
  closest atom surface    2.587   O5  3   X    0
  2nd closest surface     2.587   O1  3   X    0
  found on step  820
 current point:
  at point   -0.024   0.189  -0.808
  closest atom surface    2.587   O1  3   X    0
  2nd closest surface     2.587   C10 3   X    0
  found on step  889
  no. of rejections          411
 stored as    -4

 highest radius point found:
  at point   -0.109   0.159  -1.008
  closest atom surface    2.611   O1  3   X    0
  2nd closest surface     2.611   O5  3   X    0
  found on step  128
 current point:
  at point   -0.086   0.167  -1.008
  closest atom surface    2.610   O5  3   X    0
  2nd closest surface     2.611   O1  3   X    0
  found on step  981
  no. of rejections          410
 stored as    -5

 highest radius point found:
  at point   -0.099   0.159  -1.208
  closest atom surface    2.644   O1  3   X    0
  2nd closest surface     2.644   O5  3   X    0
  found on step  992
  this is also current point
  no. of rejections          401
 stored as    -6

 highest radius point found:
  at point   -0.108   0.153  -1.408
  closest atom surface    2.686   O1  3   X    0
  2nd closest surface     2.686   O5  3   X    0
  found on step  888
  this is also current point
  no. of rejections          399
 stored as    -7

 highest radius point found:
  at point   -0.064   0.164  -1.608
  closest atom surface    2.737   O1  3   X    0
  2nd closest surface     2.737   O5  3   X    0
  found on step  884
  this is also current point
  no. of rejections          401
 stored as    -8

 highest radius point found:
  at point   -0.097   0.151  -1.808
  closest atom surface    2.796   O5  3   X    0
  2nd closest surface     2.796   O1  3   X    0
  found on step  803
 current point:
  at point   -0.064   0.161  -1.808
  closest atom surface    2.795   O1  3   X    0
  2nd closest surface     2.796   O5  3   X    0
  found on step  976
  no. of rejections          377
 stored as    -9

 highest radius point found:
  at point   -0.098   0.147  -2.008
  closest atom surface    2.863   O5  3   X    0
  2nd closest surface     2.864   O1  3   X    0
  found on step  916
  this is also current point
  no. of rejections          382
 stored as   -10

 highest radius point found:
  at point   -0.090   0.147  -2.208
  closest atom surface    2.938   O5  3   X    0
  2nd closest surface     2.939   O1  3   X    0
  found on step  445
 current point:
  at point   -0.055   0.157  -2.208
  closest atom surface    2.937   O1  3   X    0
  2nd closest surface     2.939   O5  3   X    0
  found on step  985
  no. of rejections          391
 stored as   -11

 highest radius point found:
  at point   -0.090   0.143  -2.408
  closest atom surface    3.020   H21 3   X    0
  2nd closest surface     3.020   O1  3   X    0
  found on step  838
 current point:
  at point   -0.091   0.142  -2.408
  closest atom surface    3.020   O1  3   X    0
  2nd closest surface     3.021   H21 3   X    0
  found on step  993
  no. of rejections          389
 stored as   -12

 highest radius point found:
  at point   -0.094   0.125  -2.608
  closest atom surface    3.099   H21 3   X    0
  2nd closest surface     3.099   O1  3   X    0
  found on step  991
  this is also current point
  no. of rejections          400
 stored as   -13

 highest radius point found:
  at point   -0.099   0.107  -2.808
  closest atom surface    3.184   O1  3   X    0
  2nd closest surface     3.184   O7  3   X    0
  found on step  942
  this is also current point
  no. of rejections          376
 stored as   -14

 highest radius point found:
  at point   -0.102   0.093  -3.008
  closest atom surface    3.278   O7  3   X    0
  2nd closest surface     3.278   H21 3   X    0
  found on step  833
 current point:
  at point   -0.092   0.093  -3.008
  closest atom surface    3.276   O1  3   X    0
  2nd closest surface     3.276   H21 3   X    0
  found on step  925
  no. of rejections          382
 stored as   -15

 highest radius point found:
  at point   -0.102   0.077  -3.208
  closest atom surface    3.378   O1  3   X    0
  2nd closest surface     3.378   H21 3   X    0
  found on step  880
 current point:
  at point   -0.104   0.078  -3.208
  closest atom surface    3.377   H21 3   X    0
  2nd closest surface     3.378   O7  3   X    0
  found on step  882
  no. of rejections          395
 stored as   -16

 highest radius point found:
  at point   -0.097   0.060  -3.408
  closest atom surface    3.480   O1  3   X    0
  2nd closest surface     3.484   H21 3   X    0
  found on step  815
 current point:
  at point   -0.080   0.062  -3.408
  closest atom surface    3.478   O1  3   X    0
  2nd closest surface     3.478   H21 3   X    0
  found on step  926
  no. of rejections          360
 stored as   -17

 highest radius point found:
  at point   -0.110   0.050  -3.608
  closest atom surface    3.595   H21 3   X    0
  2nd closest surface     3.595   O7  3   X    0
  found on step  721
 current point:
  at point   -0.106   0.050  -3.608
  closest atom surface    3.594   H21 3   X    0
  2nd closest surface     3.597   O7  3   X    0
  found on step  983
  no. of rejections          349
 stored as   -18

 highest radius point found:
  at point   -0.109   0.035  -3.808
  closest atom surface    3.712   H21 3   X    0
  2nd closest surface     3.714   O7  3   X    0
  found on step  998
  this is also current point
  no. of rejections          339
 stored as   -19

 highest radius point found:
  at point   -0.105   0.019  -4.008
  closest atom surface    3.834   O1  3   X    0
  2nd closest surface     3.836   H27 3   X    0
  found on step  926
  this is also current point
  no. of rejections          388
 stored as   -20

 highest radius point found:
  at point   -0.088   0.008  -4.208
  closest atom surface    3.957   H21 3   X    0
  2nd closest surface     3.958   O1  3   X    0
  found on step  962
  this is also current point
  no. of rejections          354
 stored as   -21

 highest radius point found:
  at point   -0.070  -0.005  -4.408
  closest atom surface    4.085   H3  3   X    0
  2nd closest surface     4.085   H21 3   X    0
  found on step  883
  this is also current point
  no. of rejections          369
 stored as   -22

 highest radius point found:
  at point   -0.060  -0.009  -4.608
  closest atom surface    4.212   H3  3   X    0
  2nd closest surface     4.213   H21 3   X    0
  found on step  916
  this is also current point
  no. of rejections          368
 stored as   -23

 highest radius point found:
  at point   -0.064  -0.005  -4.808
  closest atom surface    4.341   H21 3   X    0
  2nd closest surface     4.342   H3  3   X    0
  found on step  950
  this is also current point
  no. of rejections          355
 stored as   -24

 highest radius point found:
  at point   -0.056  -0.008  -5.008
  closest atom surface    4.477   H13 3   X    0
  2nd closest surface     4.477   H3  3   X    0
  found on step  860
 current point:
  at point   -0.054  -0.009  -5.008
  closest atom surface    4.476   H13 3   X    0
  2nd closest surface     4.478   H3  3   X    0
  found on step  943
  no. of rejections          335
 stored as   -25

 highest radius point found:
  at point   -0.056  -0.008  -5.208
  closest atom surface    4.615   H3  3   X    0
  2nd closest surface     4.615   H13 3   X    0
  found on step    1
 current point:
  at point   -0.059  -0.003  -5.208
  closest atom surface    4.614   H21 3   X    0
  2nd closest surface     4.615   H3  3   X    0
  found on step  989
  no. of rejections          325
 stored as   -26

 highest radius point found:
  at point   -0.057  -0.005  -5.408
  closest atom surface    4.756   H3  3   X    0
  2nd closest surface     4.757   H21 3   X    0
  found on step  574
 current point:
  at point   -0.054  -0.004  -5.408
  closest atom surface    4.756   H21 3   X    0
  2nd closest surface     4.757   H13 3   X    0
  found on step  991
  no. of rejections          384
 stored as   -27

 highest radius point found:
  at point   -0.057  -0.005  -5.608
  closest atom surface    4.900   H3  3   X    0
  2nd closest surface     4.903   H21 3   X    0
  found on step    1
 current point:
  at point   -0.052  -0.007  -5.608
  closest atom surface    4.900   H13 3   X    0
  2nd closest surface     4.902   H3  3   X    0
  found on step  987
  no. of rejections          333
 stored as   -28

 highest radius point found:
  at point   -0.055  -0.001  -5.808
  closest atom surface    5.050   H21 3   X    0
  2nd closest surface     5.051   H3  3   X    0
  found on step  969
  this is also current point
  no. of rejections          340
 stored as   -29

 highest radius point found:
  at point   -0.054  -0.001  -6.008
  closest atom surface    5.201   H21 3   X    0
  2nd closest surface     5.201   H3  3   X    0
  found on step  985
  this is also current point
  no. of rejections          327
 stored as   -30

 highest radius point found:
  at point   -0.052  -0.001  -6.208
  closest atom surface    5.355   H3  3   X    0
  2nd closest surface     5.356   H13 3   X    0
  found on step  944
  this is also current point
  no. of rejections          320
 stored as   -31

 highest radius point found:
  at point   -0.051   0.001  -6.408
  closest atom surface    5.512   H21 3   X    0
  2nd closest surface     5.512   H13 3   X    0
  found on step  918
  this is also current point
  no. of rejections          315
 stored as   -32

 highest radius point found:
  at point   -0.052   0.003  -6.608
  closest atom surface    5.670   H21 3   X    0
  2nd closest surface     5.670   H3  3   X    0
  found on step  980
  this is also current point
  no. of rejections          303
 stored as   -33

 highest radius point found:
  at point   -0.050   0.001  -6.808
  closest atom surface    5.831   H3  3   X    0
  2nd closest surface     5.831   H13 3   X    0
  found on step  710
 current point:
  at point   -0.046  -0.003  -6.808
  closest atom surface    5.828   H13 3   X    0
  2nd closest surface     5.830   H3  3   X    0
  found on step  937
  no. of rejections          334
 stored as   -34

 highest radius point found:
  at point   -0.051   0.006  -7.008
  closest atom surface    5.993   H21 3   X    0
  2nd closest surface     5.995   H3  3   X    0
  found on step  956
  this is also current point
  no. of rejections          333
 stored as   -35

 highest radius point found:
  at point   -0.051   0.006  -7.208
  closest atom surface    6.159   H3  3   X    0
  2nd closest surface     6.159   H21 3   X    0
  found on step    1
 current point:
  at point   -0.050   0.003  -7.208
  closest atom surface    6.158   H3  3   X    0
  2nd closest surface     6.159   H13 3   X    0
  found on step  942
  no. of rejections          327
 stored as   -36

 highest radius point found:
  at point   -0.049   0.007  -7.408
  closest atom surface    6.325   H21 3   X    0
  2nd closest surface     6.325   H3  3   X    0
  found on step  964
  this is also current point
  no. of rejections          314
 stored as   -37

 highest radius point found:
  at point   -0.048   0.007  -7.608
  closest atom surface    6.493   H3  3   X    0
  2nd closest surface     6.494   H13 3   X    0
  found on step    5
 current point:
  at point   -0.078   0.025  -7.608
  closest atom surface    6.489   H27 3   X    0
  2nd closest surface     6.489   H21 3   X    0
  found on step  892
  no. of rejections          309
 stored as   -38

 highest radius point found:
  at point   -0.049   0.010  -7.808
  closest atom surface    6.663   H3  3   X    0
  2nd closest surface     6.663   H21 3   X    0
  found on step  973
  this is also current point
  no. of rejections          281
 stored as   -39

 highest radius point found:
  at point   -0.049   0.010  -8.008
  closest atom surface    6.834   H3  3   X    0
  2nd closest surface     6.835   H21 3   X    0
  found on step    1
 current point:
  at point   -0.057   0.016  -8.008
  closest atom surface    6.833   H3  3   X    0
  2nd closest surface     6.833   H21 3   X    0
  found on step  995
  no. of rejections          297
 stored as   -40

 highest radius point found:
  at point   -0.046   0.011  -8.208
  closest atom surface    7.007   H13 3   X    0
  2nd closest surface     7.007   H3  3   X    0
  found on step  855
 current point:
  at point   -0.054   0.016  -8.208
  closest atom surface    7.006   H21 3   X    0
  2nd closest surface     7.006   H3  3   X    0
  found on step  931
  no. of rejections          287
 stored as   -41

 highest radius point found:
  at point   -0.046   0.012  -8.408
  closest atom surface    7.180   H3  3   X    0
  2nd closest surface     7.181   H21 3   X    0
  found on step  961
  this is also current point
  no. of rejections          286
 stored as   -42

 highest radius point found:
  at point   -0.047   0.014  -8.608
  closest atom surface    7.355   H3  3   X    0
  2nd closest surface     7.356   H21 3   X    0
  found on step  538
 current point:
  at point   -0.040   0.017  -8.608
  closest atom surface    7.354   H13 3   X    0
  2nd closest surface     7.354   H21 3   X    0
  found on step  894
  no. of rejections          268
 stored as   -43

 highest radius point found:
  at point   -0.044   0.016  -8.808
  closest atom surface    7.531   H21 3   X    0
  2nd closest surface     7.532   H13 3   X    0
  found on step  556
 current point:
  at point   -0.045   0.013  -8.808
  closest atom surface    7.530   H3  3   X    0
  2nd closest surface     7.532   H13 3   X    0
  found on step  967
  no. of rejections          269
 stored as   -44

 highest radius point found:
  at point   -0.044   0.016  -9.008
  closest atom surface    7.708   H3  3   X    0
  2nd closest surface     7.709   H21 3   X    0
  found on step    1
 current point:
  at point   -0.042   0.016  -9.008
  closest atom surface    7.708   H13 3   X    0
  2nd closest surface     7.709   H3  3   X    0
  found on step  988
  no. of rejections          292
 stored as   -45

 highest radius point found:
  at point   -0.044   0.018  -9.208
  closest atom surface    7.886   H21 3   X    0
  2nd closest surface     7.887   H3  3   X    0
  found on step  867
 current point:
  at point   -0.046   0.019  -9.208
  closest atom surface    7.886   H3  3   X    0
  2nd closest surface     7.886   H21 3   X    0
  found on step  900
  no. of rejections          282
 stored as   -46

 highest radius point found:
  at point   -0.044   0.019  -9.408
  closest atom surface    8.065   H3  3   X    0
  2nd closest surface     8.066   H21 3   X    0
  found on step  877
  this is also current point
  no. of rejections          266
 stored as   -47

 highest radius point found:
  at point   -0.043   0.021  -9.608
  closest atom surface    8.245   H3  3   X    0
  2nd closest surface     8.245   H21 3   X    0
  found on step  881
  this is also current point
  no. of rejections          277
 stored as   -48

 highest radius point found:
  at point   -0.043   0.021  -9.808
  closest atom surface    8.425   H3  3   X    0
  2nd closest surface     8.426   H21 3   X    0
  found on step    1
 current point:
  at point   -0.038   0.019  -9.808
  closest atom surface    8.424   H13 3   X    0
  2nd closest surface     8.426   H3  3   X    0
  found on step  939
  no. of rejections          264
 stored as   -49

 highest radius point found:
  at point   -0.042   0.024 -10.008
  closest atom surface    8.607   H21 3   X    0
  2nd closest surface     8.607   H3  3   X    0
  found on step  965
  this is also current point
  no. of rejections          273
 stored as   -50

 highest radius point found:
  at point   -0.042   0.024 -10.208
  closest atom surface    8.789   H3  3   X    0
  2nd closest surface     8.790   H21 3   X    0
  found on step    1
 current point:
  at point   -0.037   0.018 -10.208
  closest atom surface    8.787   H13 3   X    0
  2nd closest surface     8.789   H3  3   X    0
  found on step  950
  no. of rejections          262
 stored as   -51

 highest radius point found:
  at point   -0.043   0.027 -10.408
  closest atom surface    8.972   H3  3   X    0
  2nd closest surface     8.972   H21 3   X    0
  found on step  957
  this is also current point
  no. of rejections          264
 stored as   -52

 highest radius point found:
  at point   -0.038   0.026 -10.608
  closest atom surface    9.155   H21 3   X    0
  2nd closest surface     9.155   H13 3   X    0
  found on step  974
  this is also current point
  no. of rejections          269
 stored as   -53

 highest radius point found:
  at point   -0.041   0.029 -10.808
  closest atom surface    9.339   H21 3   X    0
  2nd closest surface     9.339   H3  3   X    0
  found on step  993
  this is also current point
  no. of rejections          249
 stored as   -54

 highest radius point found:
  at point   -0.041   0.029 -11.008
  closest atom surface    9.523   H3  3   X    0
  2nd closest surface     9.524   H21 3   X    0
  found on step    1
 current point:
  at point   -0.041   0.032 -11.008
  closest atom surface    9.523   H21 3   X    0
  2nd closest surface     9.524   H3  3   X    0
  found on step  976
  no. of rejections          254
 stored as   -55

 highest radius point found:
  at point   -0.039   0.029 -11.208
  closest atom surface    9.709   H3  3   X    0
  2nd closest surface     9.710   H21 3   X    0
  found on step  972
  this is also current point
  no. of rejections          232
 stored as   -56

 highest radius point found:
  at point   -0.036   0.029 -11.408
  closest atom surface    9.895   H3  3   X    0
  2nd closest surface     9.895   H13 3   X    0
  found on step  918
  this is also current point
  no. of rejections          263
 stored as   -57

 highest radius point found:
  at point   -0.037   0.032 -11.608
  closest atom surface   10.081   H3  3   X    0
  2nd closest surface    10.081   H21 3   X    0
  found on step  690
 current point:
  at point   -0.046   0.038 -11.608
  closest atom surface   10.080   H21 3   X    0
  2nd closest surface    10.080   H3  3   X    0
  found on step  960
  no. of rejections          233
 stored as   -58

 highest radius point found:
  at point   -0.034   0.034 -11.808
  closest atom surface   10.268   H13 3   X    0
  2nd closest surface    10.268   H21 3   X    0
  found on step  988
  this is also current point
  no. of rejections          261
 stored as   -59

 highest radius point found:
  at point   -0.034   0.034 -12.008
  closest atom surface   10.455   H13 3   X    0
  2nd closest surface    10.455   H3  3   X    0
  found on step    1
 current point:
  at point   -0.044   0.039 -12.008
  closest atom surface   10.454   H3  3   X    0
  2nd closest surface    10.454   H21 3   X    0
  found on step  972
  no. of rejections          225
 stored as   -60

 highest radius point found:
  at point   -0.035   0.036 -12.208
  closest atom surface   10.642   H3  3   X    0
  2nd closest surface    10.643   H21 3   X    0
  found on step  845
 current point:
  at point   -0.036   0.042 -12.208
  closest atom surface   10.641   H21 3   X    0
  2nd closest surface    10.643   H27 3   X    0
  found on step  965
  no. of rejections          252
 stored as   -61

 highest radius point found:
  at point   -0.035   0.036 -12.408
  closest atom surface   10.830   H3  3   X    0
  2nd closest surface    10.831   H13 3   X    0
  found on step    1
 current point:
  at point   -0.032   0.032 -12.408
  closest atom surface   10.829   H3  3   X    0
  2nd closest surface    10.830   H13 3   X    0
  found on step  987
  no. of rejections          238
 stored as   -62

 highest radius point found:
  at point   -0.031   0.039 -12.608
  closest atom surface   11.019   H13 3   X    0
  2nd closest surface    11.019   H21 3   X    0
  found on step  985
  this is also current point
  no. of rejections          241
 stored as   -63

 highest radius point found:
  at point   -0.031   0.039 -12.808
  closest atom surface   11.207   H13 3   X    0
  2nd closest surface    11.208   H3  3   X    0
  found on step    1
 current point:
  at point   -0.033   0.040 -12.808
  closest atom surface   11.207   H3  3   X    0
  2nd closest surface    11.208   H21 3   X    0
  found on step  948
  no. of rejections          242
 stored as   -64

 highest radius point found:
  at point   -0.032   0.041 -13.008
  closest atom surface   11.397   H3  3   X    0
  2nd closest surface    11.397   H21 3   X    0
  found on step  893
  this is also current point
  no. of rejections          229
 stored as   -65

 highest radius point found:
  at point   -0.032   0.041 -13.208
  closest atom surface   11.586   H3  3   X    0
  2nd closest surface    11.586   H13 3   X    0
  found on step    1
 current point:
  at point   -0.036   0.046 -13.208
  closest atom surface   11.585   H21 3   X    0
  2nd closest surface    11.585   H27 3   X    0
  found on step  996
  no. of rejections          236
 stored as   -66

 highest radius point found:
  at point   -0.028   0.044 -13.408
  closest atom surface   11.775   H13 3   X    0
  2nd closest surface    11.775   H21 3   X    0
  found on step  956
  this is also current point
  no. of rejections          227
 stored as   -67

 highest radius point found:
  at point   -0.028   0.044 -13.608
  closest atom surface   11.965   H13 3   X    0
  2nd closest surface    11.966   H21 3   X    0
  found on step    1
 current point:
  at point   -0.034   0.047 -13.608
  closest atom surface   11.965   H27 3   X    0
  2nd closest surface    11.965   H3  3   X    0
  found on step  949
  no. of rejections          244
 stored as   -68

 highest radius point found:
  at point   -0.031   0.047 -13.808
  closest atom surface   12.156   H21 3   X    0
  2nd closest surface    12.156   H27 3   X    0
  found on step  906
  this is also current point
  no. of rejections          233
 stored as   -69

 highest radius point found:
  at point   -0.031   0.047 -14.008
  closest atom surface   12.346   H3  3   X    0
  2nd closest surface    12.347   H27 3   X    0
  found on step    1
 current point:
  at point   -0.025   0.048 -14.008
  closest atom surface   12.346   H13 3   X    0
  2nd closest surface    12.346   H21 3   X    0
  found on step  942
  no. of rejections          235
 stored as   -70

 highest radius point found:
  at point   -0.027   0.049 -14.208
  closest atom surface   12.537   H21 3   X    0
  2nd closest surface    12.538   H13 3   X    0
  found on step  826
 current point:
  at point   -0.030   0.047 -14.208
  closest atom surface   12.537   H3  3   X    0
  2nd closest surface    12.538   H27 3   X    0
  found on step  978
  no. of rejections          224
 stored as   -71

 highest radius point found:
  at point   -0.027   0.049 -14.408
  closest atom surface   12.729   H3  3   X    0
  2nd closest surface    12.729   H27 3   X    0
  found on step    1
 current point:
  at point   -0.026   0.050 -14.408
  closest atom surface   12.729   H21 3   X    0
  2nd closest surface    12.729   H13 3   X    0
  found on step  978
  no. of rejections          239
 stored as   -72

 highest radius point found:
  at point   -0.027   0.049 -14.608
  closest atom surface   12.920   H3  3   X    0
  2nd closest surface    12.920   H27 3   X    0
  found on step    1
 current point:
  at point   -0.037   0.054 -14.608
  closest atom surface   12.917   H27 3   X    0
  2nd closest surface    12.919   H3  3   X    0
  found on step  976
  no. of rejections          223
 stored as   -73

 highest radius point found:
  at point   -0.026   0.052 -14.808
  closest atom surface   13.111   H27 3   X    0
  2nd closest surface    13.112   H21 3   X    0
  found on step  910
  this is also current point
  no. of rejections          233
 stored as   -74

 highest radius point found:
  at point   -0.026   0.052 -15.008
  closest atom surface   13.303   H27 3   X    0
  2nd closest surface    13.303   H3  3   X    0
  found on step    1
 current point:
  at point   -0.029   0.052 -15.008
  closest atom surface   13.303   H27 3   X    0
  2nd closest surface    13.303   H3  3   X    0
  found on step  983
  no. of rejections          226
 stored as   -75

 highest radius point found:
  at point   -0.024   0.052 -15.208
  closest atom surface   13.496   H27 3   X    0
  2nd closest surface    13.496   H3  3   X    0
  found on step    2
 current point:
  at point   -0.024   0.055 -15.208
  closest atom surface   13.495   H27 3   X    0
  2nd closest surface    13.496   H21 3   X    0
  found on step  984
  no. of rejections          245
 stored as   -76

 highest radius point found:
  at point   -0.024   0.052 -15.408
  closest atom surface   13.688   H3  3   X    0
  2nd closest surface    13.688   H27 3   X    0
  found on step    1
 current point:
  at point   -0.018   0.046 -15.408
  closest atom surface   13.686   H13 3   X    0
  2nd closest surface    13.687   H3  3   X    0
  found on step  930
  no. of rejections          191
 stored as   -77

 highest radius point found:
  at point   -0.022   0.055 -15.608
  closest atom surface   13.880   H27 3   X    0
  2nd closest surface    13.880   H13 3   X    0
  found on step  863
 current point:
  at point   -0.022   0.058 -15.608
  closest atom surface   13.880   H27 3   X    0
  2nd closest surface    13.880   H21 3   X    0
  found on step  979
  no. of rejections          240
 stored as   -78

 highest radius point found:
  at point   -0.022   0.055 -15.808
  closest atom surface   14.073   H27 3   X    0
  2nd closest surface    14.073   H3  3   X    0
  found on step    1
 current point:
  at point   -0.017   0.056 -15.808
  closest atom surface   14.072   H13 3   X    0
  2nd closest surface    14.073   H21 3   X    0
  found on step  955
  no. of rejections          195
 stored as   -79

 highest radius point found:
  at point   -0.022   0.055 -16.008
  closest atom surface   14.265   H3  3   X    0
  2nd closest surface    14.265   H27 3   X    0
  found on step    1
 current point:
  at point   -0.021   0.058 -16.008
  closest atom surface   14.265   H27 3   X    0
  2nd closest surface    14.266   H13 3   X    0
  found on step  978
  no. of rejections          249
 stored as   -80

 highest radius point found:
  at point   -0.017   0.058 -16.208
  closest atom surface   14.458   H13 3   X    0
  2nd closest surface    14.459   H27 3   X    0
  found on step  930
  this is also current point
  no. of rejections          209
 stored as   -81

 highest radius point found:
  at point   -0.017   0.058 -16.408
  closest atom surface   14.652   H13 3   X    0
  2nd closest surface    14.652   H27 3   X    0
  found on step    1
 current point:
  at point   -0.014   0.062 -16.408
  closest atom surface   14.651   H13 3   X    0
  2nd closest surface    14.652   H27 3   X    0
  found on step  996
  no. of rejections          212
 stored as   -82

 highest radius point found:
  at point   -0.017   0.058 -16.608
  closest atom surface   14.845   H13 3   X    0
  2nd closest surface    14.845   H27 3   X    0
  found on step  966
  this is also current point
  no. of rejections          221
 stored as   -83

 highest radius point found:
  at point   -0.017   0.058 -16.808
  closest atom surface   15.039   H13 3   X    0
  2nd closest surface    15.039   H3  3   X    0
  found on step    1
 current point:
  at point   -0.019   0.058 -16.808
  closest atom surface   15.038   H3  3   X    0
  2nd closest surface    15.039   H27 3   X    0
  found on step  969
  no. of rejections          216
 stored as   -84

 highest radius point found:
  at point   -0.017   0.058 -17.008
  closest atom surface   15.232   H3  3   X    0
  2nd closest surface    15.233   H27 3   X    0
  found on step    1
 current point:
  at point   -0.016   0.057 -17.008
  closest atom surface   15.232   H13 3   X    0
  2nd closest surface    15.232   H3  3   X    0
  found on step  958
  no. of rejections          207
 stored as   -85

 highest radius point found:
  at point   -0.017   0.058 -17.208
  closest atom surface   15.426   H3  3   X    0
  2nd closest surface    15.426   H27 3   X    0
  found on step    1
 current point:
  at point   -0.020   0.069 -17.208
  closest atom surface   15.424   H27 3   X    0
  2nd closest surface    15.427   H21 3   X    0
  found on step  993
  no. of rejections          156
 stored as   -86

 highest radius point found:
  at point   -0.016   0.059 -17.408
  closest atom surface   15.620   H3  3   X    0
  2nd closest surface    15.620   H13 3   X    0
  found on step  994
  this is also current point
  no. of rejections          196
 stored as   -87

 highest radius point found:
  at point   -0.014   0.062 -17.608
  closest atom surface   15.814   H13 3   X    0
  2nd closest surface    15.814   H27 3   X    0
  found on step  993
  this is also current point
  no. of rejections          202
 stored as   -88

 highest radius point found:
  at point   -0.014   0.062 -17.808
  closest atom surface   16.009   H3  3   X    0
  2nd closest surface    16.009   H13 3   X    0
  found on step    1
 current point:
  at point   -0.013   0.056 -17.808
  closest atom surface   16.008   H3  3   X    0
  2nd closest surface    16.008   H13 3   X    0
  found on step  967
  no. of rejections          186
 stored as   -89

 highest radius point found:
  at point   -0.014   0.062 -18.008
  closest atom surface   16.203   H3  3   X    0
  2nd closest surface    16.203   H27 3   X    0
  found on step    1
 current point:
  at point   -0.011   0.066 -18.008
  closest atom surface   16.203   H13 3   X    0
  2nd closest surface    16.203   H27 3   X    0
  found on step  912
  no. of rejections          208
 stored as   -90

 highest radius point found:
  at point   -0.012   0.061 -18.208
  closest atom surface   16.397   H3  3   X    0
  2nd closest surface    16.397   H13 3   X    0
  found on step 1000
  this is also current point
  no. of rejections          198
 stored as   -91

 highest radius point found:
  at point   -0.014   0.064 -18.408
  closest atom surface   16.592   H27 3   X    0
  2nd closest surface    16.592   H3  3   X    0
  found on step    2
 current point:
  at point   -0.003   0.072 -18.408
  closest atom surface   16.591   H13 3   X    0
  2nd closest surface    16.592   H27 3   X    0
  found on step  956
  no. of rejections          226
 stored as   -92

 highest radius point found:
  at point   -0.010   0.064 -18.608
  closest atom surface   16.787   H13 3   X    0
  2nd closest surface    16.787   H3  3   X    0
  found on step  940
  this is also current point
  no. of rejections          221
 stored as   -93

 highest radius point found:
  at point   -0.010   0.064 -18.808
  closest atom surface   16.982   H3  3   X    0
  2nd closest surface    16.982   H13 3   X    0
  found on step    1
 current point:
  at point   -0.007   0.073 -18.808
  closest atom surface   16.981   H27 3   X    0
  2nd closest surface    16.981   H13 3   X    0
  found on step  999
  no. of rejections          206
 stored as   -94

 highest radius point found:
  at point   -0.010   0.067 -19.008
  closest atom surface   17.176   H27 3   X    0
  2nd closest surface    17.177   H3  3   X    0
  found on step  957
  this is also current point
  no. of rejections          201
 stored as   -95

 highest radius point found:
  at point   -0.010   0.067 -19.208
  closest atom surface   17.372   H27 3   X    0
  2nd closest surface    17.372   H3  3   X    0
  found on step    1
 current point:
  at point   -0.005   0.074 -19.208
  closest atom surface   17.371   H13 3   X    0
  2nd closest surface    17.371   H27 3   X    0
  found on step  934
  no. of rejections          206
 stored as   -96

 highest radius point found:
  at point   -0.007   0.066 -19.408
  closest atom surface   17.567   H3  3   X    0
  2nd closest surface    17.567   H13 3   X    0
  found on step  982
  this is also current point
  no. of rejections          212
 stored as   -97

 highest radius point found:
  at point   -0.007   0.066 -19.608
  closest atom surface   17.762   H3  3   X    0
  2nd closest surface    17.762   H13 3   X    0
  found on step    1
 current point:
  at point   -0.001   0.084 -19.608
  closest atom surface   17.761   H27 3   X    0
  2nd closest surface    17.761   H19 3   X    0
  found on step  979
  no. of rejections          211
 stored as   -98

 highest radius point found:
  at point   -0.005   0.070 -19.808
  closest atom surface   17.958   H13 3   X    0
  2nd closest surface    17.958   H27 3   X    0
  found on step  984
  this is also current point
  no. of rejections          208
 stored as   -99

 highest radius point found:
  at point   -0.005   0.070 -20.008
  closest atom surface   18.153   H27 3   X    0
  2nd closest surface    18.153   H3  3   X    0
  found on step    1
 current point:
  at point   -0.002   0.076 -20.008
  closest atom surface   18.153   H13 3   X    0
  2nd closest surface    18.153   H27 3   X    0
  found on step  952
  no. of rejections          211
 stored as  -100

 highest radius point found:
  at point   -0.005   0.070 -20.208
  closest atom surface   18.348   H3  3   X    0
  2nd closest surface    18.349   H27 3   X    0
  found on step    1
 current point:
  at point    0.001   0.073 -20.208
  closest atom surface   18.348   H13 3   X    0
  2nd closest surface    18.349   H19 3   X    0
  found on step  993
  no. of rejections          182
 stored as  -101

 highest radius point found:
  at point   -0.003   0.070 -20.408
  closest atom surface   18.544   H13 3   X    0
  2nd closest surface    18.544   H3  3   X    0
  found on step  902
  this is also current point
  no. of rejections          174
 stored as  -102

 highest radius point found:
  at point   -0.002   0.075 -20.608
  closest atom surface   18.740   H27 3   X    0
  2nd closest surface    18.740   H13 3   X    0
  found on step  967
  this is also current point
  no. of rejections          181
 stored as  -103

 highest radius point found:
  at point   -0.002   0.075 -20.808
  closest atom surface   18.936   H27 3   X    0
  2nd closest surface    18.936   H13 3   X    0
  found on step    1
 current point:
  at point   -0.001   0.070 -20.808
  closest atom surface   18.936   H3  3   X    0
  2nd closest surface    18.936   H13 3   X    0
  found on step  978
  no. of rejections          193
 stored as  -104

 highest radius point found:
  at point   -0.002   0.075 -21.008
  closest atom surface   19.132   H27 3   X    0
  2nd closest surface    19.132   H3  3   X    0
  found on step    1
 current point:
  at point   -0.003   0.072 -21.008
  closest atom surface   19.131   H3  3   X    0
  2nd closest surface    19.132   H27 3   X    0
  found on step  952
  no. of rejections          199
 stored as  -105

 highest radius point found:
  at point    0.000   0.076 -21.208
  closest atom surface   19.328   H13 3   X    0
  2nd closest surface    19.328   H27 3   X    0
  found on step  932
  this is also current point
  no. of rejections          196
 stored as  -106

 highest radius point found:
  at point    0.000   0.076 -21.408
  closest atom surface   19.524   H27 3   X    0
  2nd closest surface    19.524   H13 3   X    0
  found on step    1
 current point:
  at point   -0.006   0.078 -21.408
  closest atom surface   19.523   H27 3   X    0
  2nd closest surface    19.524   H3  3   X    0
  found on step  979
  no. of rejections          179
 stored as  -107

 highest radius point found:
  at point    0.002   0.077 -21.608
  closest atom surface   19.720   H27 3   X    0
  2nd closest surface    19.720   H19 3   X    0
  found on step  827
 current point:
  at point    0.003   0.076 -21.608
  closest atom surface   19.720   H13 3   X    0
  2nd closest surface    19.720   H19 3   X    0
  found on step  965
  no. of rejections          179
 stored as  -108

 highest radius point found:
  at point    0.002   0.077 -21.808
  closest atom surface   19.916   H27 3   X    0
  2nd closest surface    19.916   H19 3   X    0
  found on step    1
 current point:
  at point    0.001   0.076 -21.808
  closest atom surface   19.916   H3  3   X    0
  2nd closest surface    19.916   H27 3   X    0
  found on step  955
  no. of rejections          202
 stored as  -109

 highest radius point found:
  at point    0.002   0.077 -22.008
  closest atom surface   20.112   H27 3   X    0
  2nd closest surface    20.112   H3  3   X    0
  found on step    1
 current point:
  at point    0.004   0.070 -22.008
  closest atom surface   20.112   H3  3   X    0
  2nd closest surface    20.112   H13 3   X    0
  found on step  938
  no. of rejections          191
 stored as  -110

 highest radius point found:
  at point    0.002   0.077 -22.208
  closest atom surface   20.309   H3  3   X    0
  2nd closest surface    20.309   H27 3   X    0
  found on step    1
 current point:
  at point    0.002   0.073 -22.208
  closest atom surface   20.308   H3  3   X    0
  2nd closest surface    20.309   H13 3   X    0
  found on step  928
  no. of rejections          208
 stored as  -111

 highest radius point found:
  at point    0.003   0.080 -22.408
  closest atom surface   20.505   H19 3   X    0
  2nd closest surface    20.505   H27 3   X    0
  found on step 1000
  this is also current point
  no. of rejections          195
 stored as  -112

 highest radius point found:
  at point    0.005   0.077 -22.608
  closest atom surface   20.702   H19 3   X    0
  2nd closest surface    20.702   H3  3   X    0
  found on step  908
  this is also current point
  no. of rejections          190
 stored as  -113

 highest radius point found:
  at point    0.005   0.077 -22.808
  closest atom surface   20.898   H3  3   X    0
  2nd closest surface    20.898   H19 3   X    0
  found on step    1
 current point:
  at point    0.005   0.080 -22.808
  closest atom surface   20.898   H19 3   X    0
  2nd closest surface    20.898   H27 3   X    0
  found on step  976
  no. of rejections          193
 stored as  -114

 highest radius point found:
  at point    0.004   0.080 -23.008
  closest atom surface   21.094   H19 3   X    0
  2nd closest surface    21.095   H3  3   X    0
  found on step  996
  this is also current point
  no. of rejections          172
 stored as  -115

 highest radius point found:
  at point    0.004   0.080 -23.208
  closest atom surface   21.291   H3  3   X    0
  2nd closest surface    21.291   H19 3   X    0
  found on step    1
 current point:
  at point    0.007   0.077 -23.208
  closest atom surface   21.291   H3  3   X    0
  2nd closest surface    21.291   H19 3   X    0
  found on step  964
  no. of rejections          172
 stored as  -116

 highest radius point found:
  at point    0.008   0.078 -23.408
  closest atom surface   21.488   H3  3   X    0
  2nd closest surface    21.488   H19 3   X    0
  found on step  906
  this is also current point
  no. of rejections          181
 stored as  -117

 highest radius point found:
  at point    0.008   0.078 -23.608
  closest atom surface   21.684   H3  3   X    0
  2nd closest surface    21.685   H19 3   X    0
  found on step    1
 current point:
  at point    0.010   0.072 -23.608
  closest atom surface   21.684   H3  3   X    0
  2nd closest surface    21.684   H13 3   X    0
  found on step  970
  no. of rejections          179
 stored as  -118

 highest radius point found:
  at point    0.004   0.081 -23.808
  closest atom surface   21.881   H3  3   X    0
  2nd closest surface    21.882   H19 3   X    0
  found on step  991
  this is also current point
  no. of rejections          181
 stored as  -119

 highest radius point found:
  at point    0.008   0.079 -24.008
  closest atom surface   22.078   H3  3   X    0
  2nd closest surface    22.078   H19 3   X    0
  found on step  894
 current point:
  at point    0.003   0.087 -24.008
  closest atom surface   22.078   H27 3   X    0
  2nd closest surface    22.078   H19 3   X    0
  found on step  977
  no. of rejections          178
 This is an end! (radius above  22.0 angs)
 
 N.b. Graph information routine (HOGRAP) differs 
        markedly from previous versions!
       Information now is written from -ve end
       to +ve in one pass
 
 Explanation of the meaning of each column: 
 First column "cenxyz.cvec" is the coordinate in the
   direction of the channel vector i.e. if the channel
   vector is in z (0 0 1) then it is the z coordinate.
 The second column "radius" is the hole pore radius 
   (as defined in the Biophys J 1993) article).
 The third column "cen_line_D" is the distance 
   measured along the pore centre line - with the 
   first point found set to zero. This was the first
   thing that I used to measure the distance along a pore
   but "cenxyz.cvec" is a much better general measure. 
   However, by comparing changes in this distance to changes in '   "cenxyz.cvec" one can get a measure of how straight a 
   channel is.
 The fourth column "sum{s/(area)}" is useful in conductance
   prediction -
   basically it is the sum of the thickness of each slab
   divided by its area. HOLE uses this measure to estimate
   the macroscopic conductance of a channel.
 If any of this worries you one can see the "raw" results
   of a standard hole run by producing a sphpdb file and 
    directly looking at the results.
 cenxyz.cvec      radius  cen_line_D sum{s/(area point sourc
   -23.80805    21.88117   -23.82655     0.00007   (sampled)
   -23.70805    21.78279   -23.72652     0.00013 (mid-point)
   -23.60805    21.68442   -23.62648     0.00020   (sampled)
   -23.50805    21.58611   -23.52648     0.00027 (mid-point)
   -23.40805    21.48781   -23.42648     0.00034   (sampled)
   -23.30805    21.38949   -23.32645     0.00041 (mid-point)
   -23.20805    21.29117   -23.22642     0.00048   (sampled)
   -23.10805    21.19284   -23.12642     0.00055 (mid-point)
   -23.00805    21.09450   -23.02642     0.00062   (sampled)
   -22.90805    20.99630   -22.92640     0.00069 (mid-point)
   -22.80805    20.89795   -22.82638     0.00077   (sampled)
   -22.70805    20.79976   -22.72638     0.00084 (mid-point)
   -22.60805    20.70153   -22.62638     0.00091   (sampled)
   -22.50805    20.60323   -22.52636     0.00099 (mid-point)
   -22.40805    20.50494   -22.42633     0.00106   (sampled)
   -22.30805    20.40691   -22.32632     0.00114 (mid-point)
   -22.20805    20.30864   -22.22631     0.00122   (sampled)
   -22.10805    20.21055   -22.12631     0.00130 (mid-point)
   -22.00805    20.11247   -22.02631     0.00137   (sampled)
   -21.90805    20.01433   -21.92631     0.00145 (mid-point)
   -21.80805    19.91620   -21.82631     0.00153   (sampled)
   -21.70805    19.81809   -21.72631     0.00162 (mid-point)
   -21.60805    19.71999   -21.62631     0.00170   (sampled)
   -21.50805    19.62194   -21.52631     0.00178 (mid-point)
   -21.40805    19.52390   -21.42630     0.00186   (sampled)
   -21.30805    19.42582   -21.32630     0.00195 (mid-point)
   -21.20805    19.32774   -21.22630     0.00203   (sampled)
   -21.10805    19.22974   -21.12630     0.00212 (mid-point)
   -21.00805    19.13166   -21.02629     0.00221   (sampled)
   -20.90805    19.03370   -20.92629     0.00229 (mid-point)
   -20.80805    18.93576   -20.82629     0.00238   (sampled)
   -20.70805    18.83784   -20.72629     0.00247 (mid-point)
   -20.60805    18.73994   -20.62629     0.00256   (sampled)
   -20.50805    18.64205   -20.52627     0.00265 (mid-point)
   -20.40805    18.54411   -20.42624     0.00275   (sampled)
   -20.30805    18.44641   -20.32623     0.00284 (mid-point)
   -20.20805    18.34849   -20.22622     0.00294   (sampled)
   -20.10805    18.25080   -20.12622     0.00303 (mid-point)
   -20.00805    18.15308   -20.02622     0.00313   (sampled)
   -19.90805    18.05533   -19.92622     0.00322 (mid-point)
   -19.80805    17.95755   -19.82622     0.00332   (sampled)
   -19.70805    17.85981   -19.72620     0.00342 (mid-point)
   -19.60805    17.76174   -19.62617     0.00352   (sampled)
   -19.50805    17.66420   -19.52617     0.00363 (mid-point)
   -19.40805    17.56669   -19.42617     0.00373   (sampled)
   -19.30805    17.46910   -19.32616     0.00383 (mid-point)
   -19.20805    17.37153   -19.22615     0.00394   (sampled)
   -19.10805    17.27398   -19.12615     0.00405 (mid-point)
   -19.00805    17.17646   -19.02615     0.00415   (sampled)
   -18.90805    17.07910   -18.92614     0.00426 (mid-point)
   -18.80805    16.98153   -18.82614     0.00437   (sampled)
   -18.70805    16.88419   -18.72614     0.00449 (mid-point)
   -18.60805    16.78671   -18.62614     0.00460   (sampled)
   -18.50805    16.68933   -18.52612     0.00471 (mid-point)
   -18.40805    16.59169   -18.42610     0.00483   (sampled)
   -18.30805    16.49442   -18.32608     0.00494 (mid-point)
   -18.20805    16.39707   -18.22606     0.00506   (sampled)
   -18.10805    16.29987   -18.12606     0.00518 (mid-point)
   -18.00805    16.20270   -18.02605     0.00530   (sampled)
   -17.90805    16.10562   -17.92605     0.00543 (mid-point)
   -17.80805    16.00858   -17.82605     0.00555   (sampled)
   -17.70805    15.91138   -17.72605     0.00568 (mid-point)
   -17.60805    15.81421   -17.62605     0.00580   (sampled)
   -17.50805    15.71721   -17.52604     0.00593 (mid-point)
   -17.40805    15.61993   -17.42602     0.00606   (sampled)
   -17.30805    15.52283   -17.32602     0.00620 (mid-point)
   -17.20805    15.42577   -17.22601     0.00633   (sampled)
   -17.10805    15.32897   -17.12601     0.00646 (mid-point)
   -17.00805    15.23221   -17.02601     0.00660   (sampled)
   -16.90805    15.13549   -16.92601     0.00674 (mid-point)
   -16.80805    15.03871   -16.82601     0.00688   (sampled)
   -16.70805    14.94186   -16.72601     0.00702 (mid-point)
   -16.60805    14.84506   -16.62601     0.00717   (sampled)
   -16.50805    14.74826   -16.52601     0.00732 (mid-point)
   -16.40805    14.65150   -16.42601     0.00746   (sampled)
   -16.30805    14.55482   -16.32601     0.00761 (mid-point)
   -16.20805    14.45817   -16.22601     0.00777   (sampled)
   -16.10805    14.36213   -16.12597     0.00792 (mid-point)
   -16.00805    14.26544   -16.02592     0.00808   (sampled)
   -15.90805    14.16903   -15.92592     0.00824 (mid-point)
   -15.80805    14.07265   -15.82592     0.00840   (sampled)
   -15.70805    13.97632   -15.72592     0.00856 (mid-point)
   -15.60805    13.88004   -15.62592     0.00872   (sampled)
   -15.50805    13.78388   -15.52591     0.00889 (mid-point)
   -15.40805    13.68758   -15.42590     0.00906   (sampled)
   -15.30805    13.59158   -15.32590     0.00923 (mid-point)
   -15.20805    13.49556   -15.22590     0.00941   (sampled)
   -15.10805    13.39935   -15.12589     0.00959 (mid-point)
   -15.00805    13.30319   -15.02589     0.00977   (sampled)
   -14.90805    13.20727   -14.92589     0.00995 (mid-point)
   -14.80805    13.11141   -14.82589     0.01013   (sampled)
   -14.70805    13.01578   -14.72587     0.01032 (mid-point)
   -14.60805    12.91981   -14.62586     0.01051   (sampled)
   -14.50805    12.82427   -14.52586     0.01071 (mid-point)
   -14.40805    12.72880   -14.42586     0.01090   (sampled)
   -14.30805    12.63314   -14.32586     0.01110 (mid-point)
   -14.20805    12.53741   -14.22586     0.01130   (sampled)
   -14.10805    12.44212   -14.12583     0.01151 (mid-point)
   -14.00805    12.34626   -14.02581     0.01172   (sampled)
   -13.90805    12.25111   -13.92581     0.01193 (mid-point)
   -13.80805    12.15597   -13.82581     0.01215   (sampled)
   -13.70805    12.06082   -13.72578     0.01236 (mid-point)
   -13.60805    11.96541   -13.62575     0.01259   (sampled)
   -13.50805    11.87030   -13.52575     0.01281 (mid-point)
   -13.40805    11.77527   -13.42575     0.01304   (sampled)
   -13.30805    11.68082   -13.32571     0.01328 (mid-point)
   -13.20805    11.58552   -13.22567     0.01351   (sampled)
   -13.10805    11.49098   -13.12567     0.01375 (mid-point)
   -13.00805    11.39653   -13.02567     0.01400   (sampled)
   -12.90805    11.30198   -12.92566     0.01425 (mid-point)
   -12.80805    11.20749   -12.82566     0.01450   (sampled)
   -12.70805    11.11303   -12.72566     0.01476 (mid-point)
   -12.60805    11.01867   -12.62566     0.01502   (sampled)
   -12.50805    10.92452   -12.52564     0.01529 (mid-point)
   -12.40805    10.82989   -12.42561     0.01556   (sampled)
   -12.30805    10.73608   -12.32561     0.01584 (mid-point)
   -12.20805    10.64238   -12.22561     0.01612   (sampled)
   -12.10805    10.54861   -12.12561     0.01640 (mid-point)
   -12.00805    10.45487   -12.02560     0.01669   (sampled)
   -11.90805    10.36120   -11.92560     0.01699 (mid-point)
   -11.80805    10.26764   -11.82560     0.01729   (sampled)
   -11.70805    10.17449   -11.72558     0.01760 (mid-point)
   -11.60805    10.08079   -11.62556     0.01791   (sampled)
   -11.50805     9.98761   -11.52555     0.01823 (mid-point)
   -11.40805     9.89455   -11.42554     0.01856   (sampled)
   -11.30805     9.80148   -11.32553     0.01889 (mid-point)
   -11.20805     9.70854   -11.22552     0.01923   (sampled)
   -11.10805     9.61593   -11.12552     0.01957 (mid-point)
   -11.00805     9.52345   -11.02551     0.01992   (sampled)
   -10.90805     9.43132   -10.92551     0.02028 (mid-point)
   -10.80805     9.33927   -10.82551     0.02064   (sampled)
   -10.70805     9.24725   -10.72550     0.02102 (mid-point)
   -10.60805     9.15538   -10.62549     0.02140   (sampled)
   -10.50805     9.06346   -10.52546     0.02178 (mid-point)
   -10.40805     8.97167   -10.42543     0.02218   (sampled)
   -10.30805     8.88007   -10.32541     0.02258 (mid-point)
   -10.20805     8.78864   -10.22540     0.02300   (sampled)
   -10.10805     8.69777   -10.12540     0.02342 (mid-point)
   -10.00805     8.60698   -10.02540     0.02385   (sampled)
    -9.90805     8.51599    -9.92538     0.02428 (mid-point)
    -9.80805     8.42506    -9.82537     0.02473   (sampled)
    -9.70805     8.33494    -9.72537     0.02519 (mid-point)
    -9.60805     8.24503    -9.62537     0.02566   (sampled)
    -9.50805     8.15492    -9.52537     0.02614 (mid-point)
    -9.40805     8.06502    -9.42536     0.02663   (sampled)
    -9.30805     7.97571    -9.32536     0.02713 (mid-point)
    -9.20805     7.88629    -9.22536     0.02764   (sampled)
    -9.10805     7.79735    -9.12536     0.02816 (mid-point)
    -9.00805     7.70830    -9.02535     0.02870   (sampled)
    -8.90805     7.61982    -8.92535     0.02925 (mid-point)
    -8.80805     7.53112    -8.82535     0.02981   (sampled)
    -8.70805     7.44319    -8.72533     0.03038 (mid-point)
    -8.60805     7.35472    -8.62531     0.03097   (sampled)
    -8.50805     7.26733    -8.52531     0.03157 (mid-point)
    -8.40805     7.18022    -8.42531     0.03219   (sampled)
    -8.30805     7.09338    -8.32531     0.03282 (mid-point)
    -8.20805     7.00683    -8.22530     0.03347   (sampled)
    -8.10805     6.92006    -8.12529     0.03414 (mid-point)
    -8.00805     6.83358    -8.02528     0.03482   (sampled)
    -7.90805     6.74818    -7.92528     0.03552 (mid-point)
    -7.80805     6.66314    -7.82528     0.03623   (sampled)
    -7.70805     6.57786    -7.72526     0.03697 (mid-point)
    -7.60805     6.49294    -7.62524     0.03773   (sampled)
    -7.50805     6.40900    -7.52524     0.03850 (mid-point)
    -7.40805     6.32542    -7.42524     0.03930   (sampled)
    -7.30805     6.24180    -7.32524     0.04011 (mid-point)
    -7.20805     6.15856    -7.22523     0.04095   (sampled)
    -7.10805     6.07599    -7.12523     0.04181 (mid-point)
    -7.00805     5.99346    -7.02523     0.04270   (sampled)
    -6.90805     5.91235    -6.92519     0.04361 (mid-point)
    -6.80805     5.83063    -6.82515     0.04455   (sampled)
    -6.70805     5.75027    -6.72514     0.04551 (mid-point)
    -6.60805     5.67024    -6.62512     0.04650   (sampled)
    -6.50805     5.59068    -6.52512     0.04752 (mid-point)
    -6.40805     5.51169    -6.42511     0.04857   (sampled)
    -6.30805     5.43331    -6.32511     0.04964 (mid-point)
    -6.20805     5.35520    -6.22510     0.05075   (sampled)
    -6.10805     5.27798    -6.12509     0.05190 (mid-point)
    -6.00805     5.20134    -6.02509     0.05307   (sampled)
    -5.90805     5.12522    -5.92509     0.05429 (mid-point)
    -5.80805     5.04980    -5.82509     0.05553   (sampled)
    -5.70805     4.97517    -5.72506     0.05682 (mid-point)
    -5.60805     4.90044    -5.62504     0.05815   (sampled)
    -5.50805     4.82792    -5.52504     0.05951 (mid-point)
    -5.40805     4.75622    -5.42504     0.06092   (sampled)
    -5.30805     4.68493    -5.32503     0.06237 (mid-point)
    -5.20805     4.61453    -5.22501     0.06386   (sampled)
    -5.10805     4.54547    -5.12501     0.06540 (mid-point)
    -5.00805     4.47711    -5.02501     0.06699   (sampled)
    -4.90805     4.40893    -4.92492     0.06863 (mid-point)
    -4.80805     4.34144    -4.82482     0.07032   (sampled)
    -4.70805     4.27658    -4.72477     0.07206 (mid-point)
    -4.60805     4.21229    -4.62472     0.07385   (sampled)
    -4.50805     4.14814    -4.52455     0.07570 (mid-point)
    -4.40805     4.08515    -4.42438     0.07761   (sampled)
    -4.30805     4.02078    -4.32379     0.07958 (mid-point)
    -4.20805     3.95748    -4.22319     0.08161   (sampled)
    -4.10805     3.89516    -4.12267     0.08371 (mid-point)
    -4.00805     3.83353    -4.02216     0.08588   (sampled)
    -3.90805     3.77340    -3.92180     0.08811 (mid-point)
    -3.80805     3.71219    -3.82145     0.09042   (sampled)
    -3.70805     3.65279    -3.72118     0.09281 (mid-point)
    -3.60805     3.59482    -3.62092     0.09527   (sampled)
    -3.50805     3.53859    -3.52059     0.09781 (mid-point)
    -3.40805     3.48027    -3.42027     0.10044   (sampled)
    -3.30805     3.42816    -3.31989     0.10315 (mid-point)
    -3.20805     3.37751    -3.21950     0.10594   (sampled)
    -3.10805     3.32721    -3.11915     0.10881 (mid-point)
    -3.00805     3.27782    -3.01880     0.11178   (sampled)
    -2.90805     3.23017    -2.91857     0.11483 (mid-point)
    -2.80805     3.18404    -2.81834     0.11797   (sampled)
    -2.70805     3.14068    -2.71787     0.12119 (mid-point)
    -2.60805     3.09866    -2.61739     0.12451   (sampled)
    -2.50805     3.05837    -2.51701     0.12791 (mid-point)
    -2.40805     3.02019    -2.41663     0.13140   (sampled)
    -2.30805     2.97861    -2.31661     0.13499 (mid-point)
    -2.20805     2.93826    -2.21658     0.13868   (sampled)
    -2.10805     2.89983    -2.11650     0.14246 (mid-point)
    -2.00805     2.86330    -2.01642     0.14634   (sampled)
    -1.90805     2.82863    -1.91640     0.15032 (mid-point)
    -1.80805     2.79593    -1.81638     0.15439   (sampled)
    -1.70805     2.76527    -1.71486     0.15856 (mid-point)
    -1.60805     2.73664    -1.61335     0.16281   (sampled)
    -1.50805     2.71027    -1.51084     0.16714 (mid-point)
    -1.40805     2.68616    -1.40833     0.17155   (sampled)
    -1.30805     2.66401    -1.30818     0.17604 (mid-point)
    -1.20805     2.64409    -1.20804     0.18059   (sampled)
    -1.10805     2.62642    -1.10792     0.18520 (mid-point)
    -1.00805     2.61103    -1.00780     0.18987   (sampled)
    -0.90805     2.59797    -0.90779     0.19459 (mid-point)
    -0.80805     2.58716    -0.80777     0.19935   (sampled)
    -0.70805     2.57854    -0.70769     0.20413 (mid-point)
    -0.60805     2.57228    -0.60761     0.20894   (sampled)
    -0.50805     2.56853    -0.50514     0.21377 (mid-point)
    -0.40805     2.56705    -0.40267     0.21860   (sampled)
    -0.30805     2.56797    -0.30156     0.22343 (mid-point)
    -0.20805     2.57130    -0.20045     0.22824   (sampled)
    -0.10805     2.56930    -0.10022     0.23306 (mid-point)
    -0.00805     2.56967    -0.00000     0.23788   (sampled)
     0.09195     2.56957     0.10072     0.24270 (mid-point)
     0.19195     2.57138     0.20144     0.24752   (sampled)
     0.29195     2.57594     0.30194     0.25231 (mid-point)
     0.39195     2.58278     0.40245     0.25709   (sampled)
     0.49195     2.59121     0.50298     0.26183 (mid-point)
     0.59195     2.60190     0.60352     0.26653   (sampled)
     0.69195     2.61608     0.70399     0.27118 (mid-point)
     0.79195     2.63247     0.80447     0.27577   (sampled)
     0.89195     2.65030     0.90497     0.28031 (mid-point)
     0.99195     2.67030     1.00548     0.28477   (sampled)
     1.09195     2.69345     1.10624     0.28916 (mid-point)
     1.19195     2.71789     1.20700     0.29347   (sampled)
     1.29195     2.74464     1.30753     0.29769 (mid-point)
     1.39195     2.77350     1.40806     0.30183   (sampled)
     1.49195     2.80322     1.50870     0.30588 (mid-point)
     1.59195     2.83478     1.60934     0.30984   (sampled)
     1.69195     2.86932     1.70995     0.31371 (mid-point)
     1.79195     2.90407     1.81056     0.31748   (sampled)
     1.89195     2.93709     1.91203     0.32117 (mid-point)
     1.99195     2.97209     2.01351     0.32478   (sampled)
     2.09195     3.00590     2.11448     0.32830 (mid-point)
     2.19195     3.04165     2.21546     0.33174   (sampled)
     2.29195     3.07868     2.31567     0.33510 (mid-point)
     2.39195     3.11169     2.41589     0.33838   (sampled)
     2.49195     3.14843     2.51629     0.34160 (mid-point)
     2.59195     3.18725     2.61669     0.34473   (sampled)
     2.69195     3.22584     2.71695     0.34779 (mid-point)
     2.79195     3.26562     2.81721     0.35077   (sampled)
     2.89195     3.30761     2.91748     0.35368 (mid-point)
     2.99195     3.35072     3.01775     0.35652   (sampled)
     3.09195     3.39650     3.11813     0.35928 (mid-point)
     3.19195     3.44306     3.21850     0.36196   (sampled)
     3.29195     3.49283     3.31866     0.36457 (mid-point)
     3.39195     3.54370     3.41881     0.36711   (sampled)
     3.49195     3.59169     3.51881     0.36957 (mid-point)
     3.59195     3.64126     3.61882     0.37197   (sampled)
     3.69195     3.69273     3.71901     0.37431 (mid-point)
     3.79195     3.74576     3.81920     0.37658   (sampled)
     3.89195     3.79928     3.91940     0.37878 (mid-point)
     3.99195     3.85428     4.01961     0.38092   (sampled)
     4.09195     3.91137     4.11961     0.38301 (mid-point)
     4.19195     3.96898     4.21961     0.38503   (sampled)
     4.29195     4.02790     4.31962     0.38699 (mid-point)
     4.39195     4.08811     4.41962     0.38889   (sampled)
     4.49195     4.15011     4.51968     0.39074 (mid-point)
     4.59195     4.21183     4.61975     0.39254   (sampled)
     4.69195     4.27563     4.71982     0.39428 (mid-point)
     4.79195     4.34055     4.81990     0.39597   (sampled)
     4.89195     4.40624     4.92012     0.39761 (mid-point)
     4.99195     4.47283     5.02034     0.39920   (sampled)
     5.09195     4.54014     5.12037     0.40074 (mid-point)
     5.19195     4.60843     5.22040     0.40224   (sampled)
     5.29195     4.67823     5.32061     0.40369 (mid-point)
     5.39195     4.74892     5.42082     0.40511   (sampled)
     5.49195     4.82056     5.52134     0.40648 (mid-point)
     5.59195     4.89257     5.62186     0.40780   (sampled)
     5.69195     4.96541     5.72199     0.40910 (mid-point)
     5.79195     5.03902     5.82212     0.41035   (sampled)
     5.89195     5.11360     5.92213     0.41157 (mid-point)
     5.99195     5.18889     6.02215     0.41275   (sampled)
     6.09195     5.26498     6.12221     0.41390 (mid-point)
     6.19195     5.34168     6.22227     0.41501   (sampled)
     6.29195     5.41888     6.32230     0.41610 (mid-point)
     6.39195     5.49671     6.42232     0.41715   (sampled)
     6.49195     5.57519     6.52235     0.41817 (mid-point)
     6.59195     5.65413     6.62237     0.41917   (sampled)
     6.69195     5.73377     6.72242     0.42014 (mid-point)
     6.79195     5.81391     6.82248     0.42108   (sampled)
     6.89195     5.89454     6.92249     0.42200 (mid-point)
     6.99195     5.97564     7.02250     0.42289   (sampled)
     7.09195     6.05717     7.12253     0.42376 (mid-point)
     7.19195     6.13916     7.22256     0.42460   (sampled)
     7.29195     6.22160     7.32259     0.42542 (mid-point)
     7.39195     6.30447     7.42261     0.42622   (sampled)
     7.49195     6.38806     7.52274     0.42700 (mid-point)
     7.59195     6.47201     7.62288     0.42776   (sampled)
     7.69195     6.55597     7.72332     0.42850 (mid-point)
     7.79195     6.64029     7.82377     0.42923   (sampled)
     7.89195     6.72552     7.92838     0.42993 (mid-point)
     7.99195     6.81122     8.03300     0.43062   (sampled)
     8.09195     6.89671     8.13310     0.43128 (mid-point)
     8.19195     6.98254     8.23321     0.43194   (sampled)
     8.29195     7.06905     8.33346     0.43257 (mid-point)
     8.39195     7.15588     8.43371     0.43320   (sampled)
     8.49195     7.24279     8.53390     0.43380 (mid-point)
     8.59195     7.32992     8.63408     0.43440   (sampled)
     8.69195     7.41751     8.73555     0.43497 (mid-point)
     8.79195     7.50540     8.83703     0.43554   (sampled)
     8.89195     7.59337     8.93854     0.43609 (mid-point)
     8.99195     7.68152     9.04006     0.43663   (sampled)
     9.09195     7.77006     9.14022     0.43716 (mid-point)
     9.19195     7.85885     9.24037     0.43767   (sampled)
     9.29195     7.94793     9.34221     0.43818 (mid-point)
     9.39195     8.03728     9.44406     0.43867   (sampled)
     9.49195     8.12675     9.54532     0.43915 (mid-point)
     9.59195     8.21634     9.64658     0.43962   (sampled)
     9.69195     8.30638     9.74812     0.44008 (mid-point)
     9.79195     8.39653     9.84965     0.44054   (sampled)
     9.89195     8.48688     9.95092     0.44098 (mid-point)
     9.99195     8.57712    10.05220     0.44141   (sampled)
    10.09195     8.66789    10.15528     0.44183 (mid-point)
    10.19195     8.75890    10.25837     0.44225   (sampled)
    10.29195     8.85015    10.35838     0.44266 (mid-point)
    10.39195     8.94157    10.45840     0.44305   (sampled)
    10.49195     9.03300    10.55841     0.44344 (mid-point)
    10.59195     9.12456    10.65843     0.44383   (sampled)
    10.69195     9.21599    10.76176     0.44420 (mid-point)
    10.79195     9.30766    10.86510     0.44457   (sampled)
    10.89195     9.39996    10.97038     0.44493 (mid-point)
    10.99195     9.49244    11.07566     0.44528   (sampled)
    11.09195     9.58475    11.17572     0.44563 (mid-point)
    11.19195     9.67720    11.27578     0.44597   (sampled)
    11.29195     9.76977    11.37581     0.44630 (mid-point)
    11.39195     9.86247    11.47584     0.44663   (sampled)
    11.49195     9.95527    11.57604     0.44695 (mid-point)
    11.59195    10.04820    11.67624     0.44727   (sampled)
    11.69195    10.14101    11.77836     0.44757 (mid-point)
    11.79195    10.23398    11.88048     0.44788   (sampled)
    11.89195    10.32754    11.98339     0.44818 (mid-point)
    11.99195    10.42126    12.08631     0.44847   (sampled)
    12.09195    10.51479    12.18766     0.44876 (mid-point)
    12.19195    10.60822    12.28901     0.44904   (sampled)
    12.29195    10.70219    12.38903     0.44932 (mid-point)
    12.39195    10.79619    12.48905     0.44959   (sampled)
    12.49195    10.88958    12.61412     0.44986 (mid-point)
    12.59195    10.98347    12.73919     0.45012   (sampled)
    12.69195    11.07774    12.86689     0.45038 (mid-point)
    12.79195    11.17262    12.99459     0.45064   (sampled)
    12.89195    11.26688    13.09725     0.45089 (mid-point)
    12.99195    11.36128    13.19990     0.45114   (sampled)
    13.09195    11.45590    13.30112     0.45138 (mid-point)
    13.19195    11.55061    13.40233     0.45162   (sampled)
    13.29195    11.64544    13.50274     0.45185 (mid-point)
    13.39195    11.74010    13.60314     0.45208   (sampled)
    13.49195    11.83508    13.70314     0.45231 (mid-point)
    13.59195    11.92952    13.80314     0.45253   (sampled)
    13.69195    12.02472    13.90392     0.45275 (mid-point)
    13.79195    12.11987    14.00470     0.45297   (sampled)
    13.89195    12.21509    14.10692     0.45318 (mid-point)
    13.99195    12.31026    14.20914     0.45339   (sampled)
    14.09195    12.40589    14.30918     0.45360 (mid-point)
    14.19195    12.50143    14.40923     0.45380   (sampled)
    14.29195    12.59669    14.51036     0.45401 (mid-point)
    14.39195    12.69201    14.61149     0.45420   (sampled)
    14.49195    12.78766    14.71178     0.45440 (mid-point)
    14.59195    12.88335    14.81207     0.45459   (sampled)
    14.69195    12.97921    14.91309     0.45478 (mid-point)
    14.79195    13.07500    15.01410     0.45496   (sampled)
    14.89195    13.17083    15.11411     0.45515 (mid-point)
    14.99195    13.26656    15.21412     0.45533   (sampled)
    15.09195    13.36254    15.31449     0.45551 (mid-point)
    15.19195    13.45831    15.41486     0.45568   (sampled)
    15.29195    13.55405    15.51505     0.45586 (mid-point)
    15.39195    13.64984    15.61524     0.45603   (sampled)
    15.49195    13.74640    15.71630     0.45620 (mid-point)
    15.59195    13.84301    15.81736     0.45636   (sampled)
    15.69195    13.93915    15.91737     0.45653 (mid-point)
    15.79195    14.03524    16.01739     0.45669   (sampled)
    15.89195    14.13178    16.11754     0.45685 (mid-point)
    15.99195    14.22832    16.21770     0.45700   (sampled)
    16.09195    14.32457    16.31804     0.45716 (mid-point)
    16.19195    14.42087    16.41838     0.45731   (sampled)
    16.29195    14.51760    16.51886     0.45746 (mid-point)
    16.39195    14.61410    16.61935     0.45761   (sampled)
    16.49195    14.71068    16.71997     0.45776 (mid-point)
    16.59195    14.80692    16.82059     0.45790   (sampled)
    16.69195    14.90396    16.92059     0.45805 (mid-point)
    16.79195    15.00103    17.02059     0.45819   (sampled)
    16.89195    15.09781    17.12059     0.45833 (mid-point)
    16.99195    15.19421    17.22059     0.45847   (sampled)
    17.09195    15.29147    17.32070     0.45860 (mid-point)
    17.19195    15.38843    17.42080     0.45874   (sampled)
    17.29195    15.48529    17.52080     0.45887 (mid-point)
    17.39195    15.58185    17.62080     0.45900   (sampled)
    17.49195    15.67852    17.73009     0.45913 (mid-point)
    17.59195    15.77534    17.83937     0.45926   (sampled)
    17.69195    15.87257    17.94637     0.45938 (mid-point)
    17.79195    15.96982    18.05337     0.45951   (sampled)
    17.89195    16.06737    18.15356     0.45963 (mid-point)
    17.99195    16.16475    18.25374     0.45975   (sampled)
    18.09195    16.26208    18.35397     0.45987 (mid-point)
    18.19195    16.35945    18.45420     0.45999   (sampled)
    18.29195    16.45633    18.55420     0.46011 (mid-point)
    18.39195    16.55324    18.65420     0.46023   (sampled)
    18.49195    16.65091    18.75445     0.46034 (mid-point)
    18.59195    16.74832    18.85471     0.46046   (sampled)
    18.69195    16.84598    18.95544     0.46057 (mid-point)
    18.79195    16.94344    19.05616     0.46068   (sampled)
    18.89195    17.04074    19.15748     0.46079 (mid-point)
    18.99195    17.13786    19.25880     0.46090   (sampled)
    19.09195    17.23529    19.36026     0.46100 (mid-point)
    19.19195    17.33277    19.46172     0.46111   (sampled)
    19.29195    17.43062    19.56172     0.46121 (mid-point)
    19.39195    17.52843    19.66172     0.46132   (sampled)
    19.49195    17.62591    19.76172     0.46142 (mid-point)
    19.59195    17.72318    19.86172     0.46152   (sampled)
    19.69195    17.82048    19.96172     0.46162 (mid-point)
    19.79195    17.91781    20.06172     0.46172   (sampled)
    19.89195    18.01545    20.16173     0.46182 (mid-point)
    19.99195    18.11311    20.26174     0.46192   (sampled)
    20.09195    18.21111    20.36805     0.46201 (mid-point)
    20.19195    18.30909    20.47435     0.46211   (sampled)
    20.29195    18.40685    20.58033     0.46220 (mid-point)
    20.39195    18.50470    20.68630     0.46229   (sampled)
    20.49195    18.60294    20.78635     0.46239 (mid-point)
    20.59195    18.70114    20.88639     0.46248   (sampled)
    20.69195    18.79886    20.98728     0.46257 (mid-point)
    20.79195    18.89660    21.08816     0.46266   (sampled)
    20.89195    18.99432    21.18819     0.46274 (mid-point)
    20.99195    19.09206    21.28823     0.46283   (sampled)
    21.09195    19.19030    21.38823     0.46292 (mid-point)
    21.19195    19.28820    21.48823     0.46300   (sampled)
    21.29195    19.38646    21.58994     0.46309 (mid-point)
    21.39195    19.48441    21.69165     0.46317   (sampled)
    21.49195    19.58272    21.79165     0.46326 (mid-point)
    21.59195    19.68083    21.89165     0.46334   (sampled)
    21.69195    19.77880    21.99243     0.46342 (mid-point)
    21.79195    19.87679    22.09321     0.46350   (sampled)
    21.89195    19.97484    22.19347     0.46358 (mid-point)
    21.99195    20.07292    22.29373     0.46366   (sampled)
    22.09195    20.17133    22.39373     0.46374 (mid-point)
    22.19195    20.26920    22.49373     0.46381   (sampled)
    22.29195    20.36743    22.59406     0.46389 (mid-point)
    22.39195    20.46568    22.69438     0.46397   (sampled)
    22.49195    20.56381    22.79440     0.46404 (mid-point)
    22.59195    20.66194    22.89442     0.46412   (sampled)
    22.69195    20.76053    22.99558     0.46419 (mid-point)
    22.79195    20.85880    23.09673     0.46426   (sampled)
    22.89195    20.95695    23.19817     0.46434 (mid-point)
    22.99195    21.05513    23.29960     0.46441   (sampled)
    23.09195    21.15355    23.40043     0.46448 (mid-point)
    23.19195    21.25198    23.50126     0.46455   (sampled)
    23.29195    21.35020    23.60232     0.46462 (mid-point)
    23.39195    21.44842    23.70338     0.46469   (sampled)
    23.49195    21.54691    23.80548     0.46476 (mid-point)
    23.59195    21.64544    23.90758     0.46482   (sampled)
    23.69195    21.74386    24.00759     0.46489 (mid-point)
    23.79195    21.84230    24.10760     0.46496   (sampled)

 Minimum radius found:      2.567 angstroms.



 For spherical probe approach, The geometric factor
         F= sum(ds/area) along channel is    0.465 angstroms**-1
 This yields a macroscopic predicted molar conductance of:
   (1/rho)*(100/F)= (220/rho) pS,
   where rho is the conductivity of 1M permeant ion in ohm m.
 N.B. this is a macroscopic conductance - an overestimate 
 Empirically corrected conductances currently only available
 With the CAPSULE option (although its not that stable!)
 For 1M KCl rho= 1/12 (ohm m), So Gmacro= 2600 pS/M.
  (TAG      1   Rmin=     2.56705   Gmacro=  2580.87248 Conn_Gmacro=    -1.00000 ).
 HOLE: normal completion
