 *** Program HOLE ***
 
 If results of this run are reported or published, please
 cite the publication listed below.
 For the HOLE program:
   Smart, O.S., Goodfellow, J.M., Wallace, B.A. (1993). 
   The pore dimensions of gramicidin A. 
   Biophys. J., 65, 2455-2460.
 
 Originally written by Oliver Smart at Birkbeck College from April 1992.
 Copyright 1993-2005 Oliver Smart
 Copyright 2014-2015 SmartSci Limited.
 Copyright 2016 Oliver Smart.
 
 For help on HOLE suite see  http://www.holeprogram.org/
 
 HOLE release 2.2.005 (07 August 2016) 
 
 usage subject to Apache License, Version 2.0 
 see http://www.apache.org/licenses/LICENSE-2.0 

 Control variables read:

! Input file for Oliver Smart's HOLE program
! written by MDAnalysis.analysis.hole2.HoleAnalysis
! for a Universe
! u = mda.Universe(host_58.mol2
!    host_58.mol2
!   )
! Frame 0

COORD  /tmp/tmp_eertdbw.pdb
RADIUS simple2.rad
SPHPDB hole000.sph
SAMPLE 0.200000
ENDRAD 22.000000
IGNORE SOL WAT TIP HOH K   NA  CL
SHORTO 0
RASEED 31415
CPOINT 0.0020203914 -0.0113979581 -0.0209999963


 WARNING have not found a CVECT record - will try to guess
 Input pdb filename read as:    '/tmp/tmp_eertdbw.pdb'
 Input vdW radius file read as: 'simple2.rad'
 point in channel:    0.002  -0.011  -0.021
 channel vector:   ************************
 sampling distance between planes:    0.200

 graphics conditions:
 binary plot output file name: NONE
 Dot density:    10
 Draw dots?           T
 Draw close contacts? F
 Draw centre line?    T
 Produce spikes rather than dots? F
 Seed for random number generator:     31415 (0 means value set by program)
 Radius above which a result is regarded as an 'end':  22.000
 Pdb format file for sphere centres: hole000.sph

 Monte Carlo conditions:
  no of steps:  1000
  maximum displacement   0.100 angs
  'kT' initial   0.100 angs
 The spherebox and capsule options are turned off.
 (No molqpt card so will not write qpt file of the molecule)
 IGNORE card read so will ignore residue types: SOL WAT TIP HOH K   NA  CL
 no SHORTO card read so will produce full textual output
 As no PEGRAT card was found will not produce PEG polymer exclusion graph
 (No 2DMAPS card specified so will not produce 2D property maps)
 Have not found a CUT card.  Normal calculation using
   Cutoff lists with a cutsize=       1.000
   (if you wish to turn off option use a CUT -1 card)

 Have read     7 bond radius records and
              16 vdW radius records.
 From file: simple2.rad

 Have read    98 atom records.
 From file: /tmp/tmp_eertdbw.pdb
 Will not produce graphical output

 Have opened file for pdb format output of sphere centres:  hole000.sph

  Seed integer used by ran # generator on this run      31415

 
 S/R cguess will try to guess CPOINT and/or CVECT
 
 THESE GUESSES MAY WELL BE WRONG!!!!
 Routine relies on having a reasonably symmetric
 channel oriented along x, y or z vector
 YOU ARE STRONGLY ADVISED TO CHECK THE RESULTS
                       WITH MOLECULAR GRAPHICS
 testing points from cpoint in X, Y then Z direction
   point                   pore radius
direction     1
  -4.998  -0.011  -0.021    -0.582
  -3.998  -0.011  -0.021    -0.160
  -2.998  -0.011  -0.021     0.488
  -1.998  -0.011  -0.021     1.352
  -0.998  -0.011  -0.021     2.294
   0.002  -0.011  -0.021     2.867
   1.002  -0.011  -0.021     2.231
   2.002  -0.011  -0.021     1.310
   3.002  -0.011  -0.021     0.493
   4.002  -0.011  -0.021    -0.129
   5.002  -0.011  -0.021    -0.472
 Average pore radius along the line=      0.881
direction     2
   0.002  -5.011  -0.021    -1.209
   0.002  -4.011  -0.021    -0.556
   0.002  -3.011  -0.021     0.195
   0.002  -2.011  -0.021     1.097
   0.002  -1.011  -0.021     1.970
   0.002  -0.011  -0.021     2.867
   0.002   0.989  -0.021     2.029
   0.002   1.989  -0.021     1.151
   0.002   2.989  -0.021     0.245
   0.002   3.989  -0.021    -0.518
   0.002   4.989  -0.021    -1.174
 Average pore radius along the line=      0.554
direction     3
   0.002  -0.011  -5.021     4.000
   0.002  -0.011  -4.021     3.465
   0.002  -0.011  -3.021     3.077
   0.002  -0.011  -2.021     2.833
   0.002  -0.011  -1.021     2.746
   0.002  -0.011  -0.021     2.867
   0.002  -0.011   0.979     2.764
   0.002  -0.011   1.979     2.832
   0.002  -0.011   2.979     3.098
   0.002  -0.011   3.979     3.491
   0.002  -0.011   4.979     4.025
 Average pore radius along the line=      3.200
 Best direction is found to be     3
(1=X,2=Y,3=Z)
 s/r cguess has produced initial values for cpoint &/or cvect:
CPOINT       0.0020     -0.0114     -0.0210
CVECT        0.0000      0.0000      1.0000
 THESE GUESSES MAY WELL BE WRONG!!!!
 Routine relies on having a reasonably symmetric
 channel oriented along x, y or z vector
 YOU ARE STRONGLY ADVISED TO CHECK THE RESULTS
                       WITH MOLECULAR GRAPHICS
 
 
  Some routines (e.g. conn) need vectors normal to cvect: 
     EAST Zero degrees angle is along vector    1.000   0.000   0.000
     NORTH  90 degrees angle is along vector    0.000  -1.000   0.000
 highest radius point found:
  at point    0.125   0.079  -0.021
  closest atom surface    2.875   C28 58  X    0
  2nd closest surface     2.875   C38 58  X    0
  found on step  995
  this is also current point
  no. of rejections          409
 stored as     0

 highest radius point found:
  at point    0.116   0.020   0.179
  closest atom surface    2.883   C29 58  X    0
  2nd closest surface     2.885   C38 58  X    0
  found on step  956
  this is also current point
  no. of rejections          376
 stored as     1

 highest radius point found:
  at point    0.158  -0.007   0.379
  closest atom surface    2.894   C24 58  X    0
  2nd closest surface     2.895   C28 58  X    0
  found on step  573
 current point:
  at point    0.149  -0.010   0.379
  closest atom surface    2.894   C28 58  X    0
  2nd closest surface     2.894   C7  58  X    0
  found on step  945
  no. of rejections          440
 stored as     2

 highest radius point found:
  at point    0.159  -0.016   0.579
  closest atom surface    2.863   C24 58  X    0
  2nd closest surface     2.863   C23 58  X    0
  found on step  943
  this is also current point
  no. of rejections          386
 stored as     3

 highest radius point found:
  at point    0.155  -0.022   0.779
  closest atom surface    2.836   C23 58  X    0
  2nd closest surface     2.837   C7  58  X    0
  found on step  973
  this is also current point
  no. of rejections          406
 stored as     4

 highest radius point found:
  at point    0.141  -0.022   0.979
  closest atom surface    2.818   C7  58  X    0
  2nd closest surface     2.819   C23 58  X    0
  found on step  330
 current point:
  at point    0.119  -0.010   0.979
  closest atom surface    2.817   C24 58  X    0
  2nd closest surface     2.819   C7  58  X    0
  found on step  895
  no. of rejections          403
 stored as     5

 highest radius point found:
  at point    0.101  -0.008   1.179
  closest atom surface    2.808   C7  58  X    0
  2nd closest surface     2.809   C24 58  X    0
  found on step  979
  this is also current point
  no. of rejections          395
 stored as     6

 highest radius point found:
  at point    0.108  -0.018   1.379
  closest atom surface    2.808   C7  58  X    0
  2nd closest surface     2.809   C24 58  X    0
  found on step  935
  this is also current point
  no. of rejections          394
 stored as     7

 highest radius point found:
  at point    0.085  -0.013   1.579
  closest atom surface    2.816   C7  58  X    0
  2nd closest surface     2.816   C24 58  X    0
  found on step  971
  this is also current point
  no. of rejections          414
 stored as     8

 highest radius point found:
  at point    0.088  -0.021   1.779
  closest atom surface    2.832   C7  58  X    0
  2nd closest surface     2.833   C23 58  X    0
  found on step  938
  this is also current point
  no. of rejections          405
 stored as     9

 highest radius point found:
  at point    0.075  -0.020   1.979
  closest atom surface    2.857   C7  58  X    0
  2nd closest surface     2.858   C24 58  X    0
  found on step  635
 current point:
  at point    0.054  -0.010   1.979
  closest atom surface    2.857   C24 58  X    0
  2nd closest surface     2.857   C7  58  X    0
  found on step  999
  no. of rejections          409
 stored as    10

 highest radius point found:
  at point    0.028  -0.004   2.179
  closest atom surface    2.889   C24 58  X    0
  2nd closest surface     2.889   C7  58  X    0
  found on step  798
 current point:
  at point    0.036  -0.009   2.179
  closest atom surface    2.889   C7  58  X    0
  2nd closest surface     2.890   C24 58  X    0
  found on step  965
  no. of rejections          395
 stored as    11

 highest radius point found:
  at point    0.049  -0.020   2.379
  closest atom surface    2.932   C7  58  X    0
  2nd closest surface     2.932   C24 58  X    0
  found on step  186
 current point:
  at point    0.066  -0.031   2.379
  closest atom surface    2.930   C7  58  X    0
  2nd closest surface     2.930   C23 58  X    0
  found on step  988
  no. of rejections          387
 stored as    12

 highest radius point found:
  at point    0.036  -0.019   2.579
  closest atom surface    2.981   C24 58  X    0
  2nd closest surface     2.981   C7  58  X    0
  found on step  958
  this is also current point
  no. of rejections          422
 stored as    13

 highest radius point found:
  at point    0.007  -0.013   2.779
  closest atom surface    3.037   C7  58  X    0
  2nd closest surface     3.038   C24 58  X    0
  found on step  903
  this is also current point
  no. of rejections          384
 stored as    14

 highest radius point found:
  at point    0.010  -0.020   2.979
  closest atom surface    3.102   C7  58  X    0
  2nd closest surface     3.103   C24 58  X    0
  found on step  332
 current point:
  at point    0.023  -0.027   2.979
  closest atom surface    3.102   C23 58  X    0
  2nd closest surface     3.102   C7  58  X    0
  found on step  944
  no. of rejections          385
 stored as    15

 highest radius point found:
  at point    0.001  -0.022   3.179
  closest atom surface    3.174   C7  58  X    0
  2nd closest surface     3.174   C24 58  X    0
  found on step  985
  this is also current point
  no. of rejections          385
 stored as    16

 highest radius point found:
  at point   -0.009  -0.024   3.379
  closest atom surface    3.252   C7  58  X    0
  2nd closest surface     3.254   C24 58  X    0
  found on step  253
 current point:
  at point   -0.092   0.016   3.379
  closest atom surface    3.251   C24 58  X    0
  2nd closest surface     3.251   C7  58  X    0
  found on step  960
  no. of rejections          404
 stored as    17

 highest radius point found:
  at point   -0.168   0.046   3.579
  closest atom surface    3.337   C24 58  X    0
  2nd closest surface     3.337   C7  58  X    0
  found on step  647
 current point:
  at point   -0.060  -0.002   3.579
  closest atom surface    3.335   C24 58  X    0
  2nd closest surface     3.339   C7  58  X    0
  found on step  975
  no. of rejections          370
 stored as    18

 highest radius point found:
  at point   -0.036  -0.023   3.779
  closest atom surface    3.429   C7  58  X    0
  2nd closest surface     3.429   C24 58  X    0
  found on step  984
  this is also current point
  no. of rejections          382
 stored as    19

 highest radius point found:
  at point   -0.235   0.064   3.979
  closest atom surface    3.527   C7  58  X    0
  2nd closest surface     3.527   C24 58  X    0
  found on step  919
  this is also current point
  no. of rejections          357
 stored as    20

 highest radius point found:
  at point   -0.258   0.069   4.179
  closest atom surface    3.630   C7  58  X    0
  2nd closest surface     3.631   C28 58  X    0
  found on step  317
 current point:
  at point   -0.185   0.036   4.179
  closest atom surface    3.629   C24 58  X    0
  2nd closest surface     3.629   C7  58  X    0
  found on step  949
  no. of rejections          374
 stored as    21

 highest radius point found:
  at point   -0.272   0.069   4.379
  closest atom surface    3.739   C7  58  X    0
  2nd closest surface     3.739   C24 58  X    0
  found on step  854
 current point:
  at point   -0.285   0.074   4.379
  closest atom surface    3.738   C28 58  X    0
  2nd closest surface     3.738   C7  58  X    0
  found on step  915
  no. of rejections          367
 stored as    22

 highest radius point found:
  at point   -0.288   0.071   4.579
  closest atom surface    3.852   C7  58  X    0
  2nd closest surface     3.853   C24 58  X    0
  found on step  773
 current point:
  at point   -0.273   0.065   4.579
  closest atom surface    3.852   C24 58  X    0
  2nd closest surface     3.852   C7  58  X    0
  found on step  933
  no. of rejections          341
 stored as    23

 highest radius point found:
  at point   -0.318   0.078   4.779
  closest atom surface    3.970   C7  58  X    0
  2nd closest surface     3.972   C24 58  X    0
  found on step  992
  this is also current point
  no. of rejections          363
 stored as    24

 highest radius point found:
  at point   -0.334   0.080   4.979
  closest atom surface    4.094   C7  58  X    0
  2nd closest surface     4.095   C24 58  X    0
  found on step  632
 current point:
  at point   -0.349   0.088   4.979
  closest atom surface    4.092   C28 58  X    0
  2nd closest surface     4.095   C24 58  X    0
  found on step 1000
  no. of rejections          348
 stored as    25

 highest radius point found:
  at point   -0.368   0.089   5.179
  closest atom surface    4.221   C7  58  X    0
  2nd closest surface     4.222   C28 58  X    0
  found on step  441
 current point:
  at point   -0.351   0.082   5.179
  closest atom surface    4.221   C7  58  X    0
  2nd closest surface     4.222   C24 58  X    0
  found on step  927
  no. of rejections          339
 stored as    26

 highest radius point found:
  at point   -0.385   0.095   5.379
  closest atom surface    4.351   C24 58  X    0
  2nd closest surface     4.353   C28 58  X    0
  found on step  973
  this is also current point
  no. of rejections          352
 stored as    27

 highest radius point found:
  at point   -0.411   0.100   5.579
  closest atom surface    4.487   C28 58  X    0
  2nd closest surface     4.487   C24 58  X    0
  found on step  939
  this is also current point
  no. of rejections          343
 stored as    28

 highest radius point found:
  at point   -0.430   0.101   5.779
  closest atom surface    4.626   C7  58  X    0
  2nd closest surface     4.626   C24 58  X    0
  found on step  977
  this is also current point
  no. of rejections          323
 stored as    29

 highest radius point found:
  at point   -0.442   0.101   5.979
  closest atom surface    4.766   C7  58  X    0
  2nd closest surface     4.767   C24 58  X    0
  found on step  513
 current point:
  at point   -0.328   0.048   5.979
  closest atom surface    4.762   C7  58  X    0
  2nd closest surface     4.762   C24 58  X    0
  found on step  974
  no. of rejections          322
 stored as    30

 highest radius point found:
  at point   -0.459   0.103   6.179
  closest atom surface    4.911   C7  58  X    0
  2nd closest surface     4.911   C24 58  X    0
  found on step  939
  this is also current point
  no. of rejections          336
 stored as    31

 highest radius point found:
  at point   -0.484   0.109   6.379
  closest atom surface    5.058   C7  58  X    0
  2nd closest surface     5.059   C24 58  X    0
  found on step  967
  this is also current point
  no. of rejections          291
 stored as    32

 highest radius point found:
  at point   -0.505   0.113   6.579
  closest atom surface    5.208   C24 58  X    0
  2nd closest surface     5.208   C7  58  X    0
  found on step  959
  this is also current point
  no. of rejections          323
 stored as    33

 highest radius point found:
  at point   -0.549   0.124   6.779
  closest atom surface    5.360   C28 58  X    0
  2nd closest surface     5.361   C7  58  X    0
  found on step  521
 current point:
  at point   -0.370   0.044   6.779
  closest atom surface    5.353   C24 58  X    0
  2nd closest surface     5.353   C7  58  X    0
  found on step  943
  no. of rejections          303
 stored as    34

 highest radius point found:
  at point   -0.558   0.124   6.979
  closest atom surface    5.516   C7  58  X    0
  2nd closest surface     5.517   C24 58  X    0
  found on step  750
 current point:
  at point   -0.485   0.091   6.979
  closest atom surface    5.511   C7  58  X    0
  2nd closest surface     5.512   C24 58  X    0
  found on step  986
  no. of rejections          322
 stored as    35

 highest radius point found:
  at point   -0.589   0.129   7.179
  closest atom surface    5.671   C7  58  X    0
  2nd closest surface     5.675   C28 58  X    0
  found on step  630
 current point:
  at point   -0.357   0.028   7.179
  closest atom surface    5.661   C24 58  X    0
  2nd closest surface     5.663   C7  58  X    0
  found on step  998
  no. of rejections          310
 stored as    36

 highest radius point found:
  at point   -0.587   0.126   7.379
  closest atom surface    5.831   C7  58  X    0
  2nd closest surface     5.832   C24 58  X    0
  found on step  938
  this is also current point
  no. of rejections          305
 stored as    37

 highest radius point found:
  at point   -0.621   0.135   7.579
  closest atom surface    5.992   C7  58  X    0
  2nd closest surface     5.994   C24 58  X    0
  found on step  817
 current point:
  at point   -0.635   0.142   7.579
  closest atom surface    5.992   C28 58  X    0
  2nd closest surface     5.994   C7  58  X    0
  found on step  918
  no. of rejections          334
 stored as    38

 highest radius point found:
  at point   -0.655   0.145   7.779
  closest atom surface    6.156   C28 58  X    0
  2nd closest surface     6.156   C7  58  X    0
  found on step  987
  this is also current point
  no. of rejections          285
 stored as    39

 highest radius point found:
  at point   -0.656   0.144   7.979
  closest atom surface    6.318   C24 58  X    0
  2nd closest surface     6.322   C7  58  X    0
  found on step    3
 current point:
  at point   -0.619   0.123   7.979
  closest atom surface    6.317   C7  58  X    0
  2nd closest surface     6.318   C24 58  X    0
  found on step  946
  no. of rejections          310
 stored as    40

 highest radius point found:
  at point   -0.676   0.146   8.179
  closest atom surface    6.485   C24 58  X    0
  2nd closest surface     6.487   C7  58  X    0
  found on step  989
  this is also current point
  no. of rejections          285
 stored as    41

 highest radius point found:
  at point   -0.718   0.155   8.379
  closest atom surface    6.654   C7  58  X    0
  2nd closest surface     6.655   C28 58  X    0
  found on step   18
 current point:
  at point   -0.459   0.036   8.379
  closest atom surface    6.639   C7  58  X    0
  2nd closest surface     6.641   C24 58  X    0
  found on step  999
  no. of rejections          301
 stored as    42

 highest radius point found:
  at point   -0.737   0.160   8.579
  closest atom surface    6.824   C7  58  X    0
  2nd closest surface     6.824   C24 58  X    0
  found on step  965
  this is also current point
  no. of rejections          310
 stored as    43

 highest radius point found:
  at point   -0.765   0.165   8.779
  closest atom surface    6.994   C28 58  X    0
  2nd closest surface     6.994   C7  58  X    0
  found on step  827
 current point:
  at point   -0.777   0.166   8.779
  closest atom surface    6.992   C7  58  X    0
  2nd closest surface     6.992   C28 58  X    0
  found on step  917
  no. of rejections          331
 stored as    44

 highest radius point found:
  at point   -0.784   0.170   8.979
  closest atom surface    7.166   C28 58  X    0
  2nd closest surface     7.166   C7  58  X    0
  found on step  897
  this is also current point
  no. of rejections          327
 stored as    45

 highest radius point found:
  at point   -0.797   0.171   9.179
  closest atom surface    7.338   C24 58  X    0
  2nd closest surface     7.339   C7  58  X    0
  found on step  814
 current point:
  at point   -0.798   0.170   9.179
  closest atom surface    7.338   C7  58  X    0
  2nd closest surface     7.339   C24 58  X    0
  found on step  972
  no. of rejections          287
 stored as    46

 highest radius point found:
  at point   -0.827   0.178   9.379
  closest atom surface    7.513   C28 58  X    0
  2nd closest surface     7.513   C7  58  X    0
  found on step  940
  this is also current point
  no. of rejections          292
 stored as    47

 highest radius point found:
  at point   -0.855   0.183   9.579
  closest atom surface    7.686   H14 58  X    0
  2nd closest surface     7.687   C28 58  X    0
  found on step  936
  this is also current point
  no. of rejections          278
 stored as    48

 highest radius point found:
  at point   -0.868   0.192   9.779
  closest atom surface    7.861   H14 58  X    0
  2nd closest surface     7.862   C24 58  X    0
  found on step  943
  this is also current point
  no. of rejections          312
 stored as    49

 highest radius point found:
  at point   -0.904   0.201   9.979
  closest atom surface    8.036   H14 58  X    0
  2nd closest surface     8.036   C28 58  X    0
  found on step  974
  this is also current point
  no. of rejections          274
 stored as    50

 highest radius point found:
  at point   -0.899   0.205  10.179
  closest atom surface    8.212   H37 58  X    0
  2nd closest surface     8.212   C24 58  X    0
  found on step  951
  this is also current point
  no. of rejections          302
 stored as    51

 highest radius point found:
  at point   -0.899   0.204  10.379
  closest atom surface    8.387   C24 58  X    0
  2nd closest surface     8.387   H14 58  X    0
  found on step  916
  this is also current point
  no. of rejections          301
 stored as    52

 highest radius point found:
  at point   -0.932   0.210  10.579
  closest atom surface    8.564   H37 58  X    0
  2nd closest surface     8.564   H14 58  X    0
  found on step  973
  this is also current point
  no. of rejections          280
 stored as    53

 highest radius point found:
  at point   -0.956   0.213  10.779
  closest atom surface    8.741   H14 58  X    0
  2nd closest surface     8.742   H37 58  X    0
  found on step  977
  this is also current point
  no. of rejections          286
 stored as    54

 highest radius point found:
  at point   -0.984   0.217  10.979
  closest atom surface    8.919   H37 58  X    0
  2nd closest surface     8.919   H14 58  X    0
  found on step  663
 current point:
  at point   -1.010   0.215  10.979
  closest atom surface    8.917   H14 58  X    0
  2nd closest surface     8.919   H37 58  X    0
  found on step  986
  no. of rejections          268
 stored as    55

 highest radius point found:
  at point   -0.994   0.219  11.179
  closest atom surface    9.098   H14 58  X    0
  2nd closest surface     9.098   H34 58  X    0
  found on step  774
 current point:
  at point   -0.996   0.223  11.179
  closest atom surface    9.097   H37 58  X    0
  2nd closest surface     9.098   H34 58  X    0
  found on step  996
  no. of rejections          283
 stored as    56

 highest radius point found:
  at point   -0.993   0.218  11.379
  closest atom surface    9.275   H34 58  X    0
  2nd closest surface     9.277   H14 58  X    0
  found on step    2
 current point:
  at point   -1.327   0.230  11.379
  closest atom surface    9.269   H14 58  X    0
  2nd closest surface     9.270   H37 58  X    0
  found on step  898
  no. of rejections          275
 stored as    57

 highest radius point found:
  at point   -1.035   0.225  11.579
  closest atom surface    9.458   H14 58  X    0
  2nd closest surface     9.459   H34 58  X    0
  found on step  867
 current point:
  at point   -1.062   0.226  11.579
  closest atom surface    9.458   H14 58  X    0
  2nd closest surface     9.458   H37 58  X    0
  found on step  996
  no. of rejections          269
 stored as    58

 highest radius point found:
  at point   -1.055   0.228  11.779
  closest atom surface    9.639   H34 58  X    0
  2nd closest surface     9.640   H14 58  X    0
  found on step   51
 current point:
  at point   -1.375   0.237  11.779
  closest atom surface    9.633   H14 58  X    0
  2nd closest surface     9.633   H37 58  X    0
  found on step  960
  no. of rejections          257
 stored as    59

 highest radius point found:
  at point   -1.095   0.233  11.979
  closest atom surface    9.821   H37 58  X    0
  2nd closest surface     9.822   H14 58  X    0
  found on step    3
 current point:
  at point   -0.755   0.122  11.979
  closest atom surface    9.797   H14 58  X    0
  2nd closest surface     9.799   H34 58  X    0
  found on step  999
  no. of rejections          249
 stored as    60

 highest radius point found:
  at point   -1.095   0.233  12.179
  closest atom surface   10.003   H34 58  X    0
  2nd closest surface    10.004   H14 58  X    0
  found on step    1
 current point:
  at point   -1.546   0.248  12.179
  closest atom surface    9.999   H37 58  X    0
  2nd closest surface     9.999   H13 58  X    0
  found on step  936
  no. of rejections          249
 stored as    61

 highest radius point found:
  at point   -1.105   0.233  12.379
  closest atom surface   10.186   H34 58  X    0
  2nd closest surface    10.186   H14 58  X    0
  found on step  944
  this is also current point
  no. of rejections          263
 stored as    62

 highest radius point found:
  at point   -1.155   0.243  12.579
  closest atom surface   10.371   H37 58  X    0
  2nd closest surface    10.372   H14 58  X    0
  found on step  990
  this is also current point
  no. of rejections          270
 stored as    63

 highest radius point found:
  at point   -1.155   0.243  12.779
  closest atom surface   10.554   H34 58  X    0
  2nd closest surface    10.556   H14 58  X    0
  found on step    1
 current point:
  at point   -1.568   0.257  12.779
  closest atom surface   10.553   H37 58  X    0
  2nd closest surface    10.553   H14 58  X    0
  found on step  959
  no. of rejections          257
 stored as    64

 highest radius point found:
  at point   -1.628   0.260  12.979
  closest atom surface   10.739   H13 58  X    0
  2nd closest surface    10.739   H37 58  X    0
  found on step  544
 current point:
  at point   -1.529   0.258  12.979
  closest atom surface   10.738   H37 58  X    0
  2nd closest surface    10.738   H14 58  X    0
  found on step  964
  no. of rejections          240
 stored as    65

 highest radius point found:
  at point   -1.261   0.253  13.179
  closest atom surface   10.926   H37 58  X    0
  2nd closest surface    10.926   H14 58  X    0
  found on step  917
  this is also current point
  no. of rejections          246
 stored as    66

 highest radius point found:
  at point   -1.233   0.252  13.379
  closest atom surface   11.112   H14 58  X    0
  2nd closest surface    11.113   H34 58  X    0
  found on step  999
  this is also current point
  no. of rejections          237
 stored as    67

 highest radius point found:
  at point   -1.673   0.269  13.579
  closest atom surface   11.299   H37 58  X    0
  2nd closest surface    11.300   H14 58  X    0
  found on step   71
 current point:
  at point   -1.657   0.269  13.579
  closest atom surface   11.299   H14 58  X    0
  2nd closest surface    11.299   H37 58  X    0
  found on step  925
  no. of rejections          238
 stored as    68

 highest radius point found:
  at point   -1.698   0.272  13.779
  closest atom surface   11.487   H14 58  X    0
  2nd closest surface    11.487   H37 58  X    0
  found on step  940
  this is also current point
  no. of rejections          215
 stored as    69

 highest radius point found:
  at point   -1.659   0.275  13.979
  closest atom surface   11.674   H37 58  X    0
  2nd closest surface    11.675   H14 58  X    0
  found on step   69
 current point:
  at point   -1.318   0.265  13.979
  closest atom surface   11.674   H14 58  X    0
  2nd closest surface    11.674   H37 58  X    0
  found on step  894
  no. of rejections          281
 stored as    70

 highest radius point found:
  at point   -1.659   0.275  14.179
  closest atom surface   11.862   H14 58  X    0
  2nd closest surface    11.863   H37 58  X    0
  found on step    1
 current point:
  at point   -1.323   0.267  14.179
  closest atom surface   11.861   H14 58  X    0
  2nd closest surface    11.862   H34 58  X    0
  found on step  911
  no. of rejections          246
 stored as    71

 highest radius point found:
  at point   -1.643   0.278  14.379
  closest atom surface   12.050   H14 58  X    0
  2nd closest surface    12.051   H37 58  X    0
  found on step  460
 current point:
  at point   -1.360   0.271  14.379
  closest atom surface   12.050   H37 58  X    0
  2nd closest surface    12.050   H14 58  X    0
  found on step  915
  no. of rejections          236
 stored as    72

 highest radius point found:
  at point   -1.788   0.286  14.579
  closest atom surface   12.242   H37 58  X    0
  2nd closest surface    12.242   H14 58  X    0
  found on step  458
 current point:
  at point   -1.722   0.283  14.579
  closest atom surface   12.240   H14 58  X    0
  2nd closest surface    12.241   H37 58  X    0
  found on step  949
  no. of rejections          237
 stored as    73

 highest radius point found:
  at point   -1.767   0.287  14.779
  closest atom surface   12.430   H14 58  X    0
  2nd closest surface    12.431   H37 58  X    0
  found on step  974
  this is also current point
  no. of rejections          248
 stored as    74

 highest radius point found:
  at point   -1.838   0.290  14.979
  closest atom surface   12.621   H13 58  X    0
  2nd closest surface    12.621   H14 58  X    0
  found on step  971
  this is also current point
  no. of rejections          212
 stored as    75

 highest radius point found:
  at point   -1.840   0.292  15.179
  closest atom surface   12.811   H14 58  X    0
  2nd closest surface    12.812   H37 58  X    0
  found on step    6
 current point:
  at point   -4.394   0.577  15.179
  closest atom surface   12.775   H43 58  X    0
  2nd closest surface    12.775   H38 58  X    0
  found on step  950
  no. of rejections          207
 stored as    76

 highest radius point found:
  at point   -1.874   0.298  15.379
  closest atom surface   13.002   H37 58  X    0
  2nd closest surface    13.002   H14 58  X    0
  found on step  972
  this is also current point
  no. of rejections          239
 stored as    77

 highest radius point found:
  at point   -1.874   0.298  15.579
  closest atom surface   13.192   H14 58  X    0
  2nd closest surface    13.193   H37 58  X    0
  found on step    1
 current point:
  at point   -1.201   0.197  15.579
  closest atom surface   13.162   H14 58  X    0
  2nd closest surface    13.163   H34 58  X    0
  found on step  983
  no. of rejections          232
 stored as    78

 highest radius point found:
  at point   -1.874   0.298  15.779
  closest atom surface   13.381   H14 58  X    0
  2nd closest surface    13.385   H37 58  X    0
  found on step    1
 current point:
  at point   -1.454   0.276  15.779
  closest atom surface   13.372   H14 58  X    0
  2nd closest surface    13.373   H34 58  X    0
  found on step  999
  no. of rejections          219
 stored as    79

 highest radius point found:
  at point   -1.942   0.310  15.979
  closest atom surface   13.575   H37 58  X    0
  2nd closest surface    13.576   H13 58  X    0
  found on step  250
 current point:
  at point   -2.671   0.532  15.979
  closest atom surface   13.558   H13 58  X    0
  2nd closest surface    13.558   H38 58  X    0
  found on step  995
  no. of rejections          209
 stored as    80

 highest radius point found:
  at point   -1.942   0.310  16.179
  closest atom surface   13.767   H37 58  X    0
  2nd closest surface    13.767   H14 58  X    0
  found on step    1
 current point:
  at point   -1.948   0.310  16.179
  closest atom surface   13.767   H14 58  X    0
  2nd closest surface    13.767   H37 58  X    0
  found on step  938
  no. of rejections          221
 stored as    81

 highest radius point found:
  at point   -1.970   0.313  16.379
  closest atom surface   13.959   H14 58  X    0
  2nd closest surface    13.959   H37 58  X    0
  found on step  972
  this is also current point
  no. of rejections          200
 stored as    82

 highest radius point found:
  at point   -1.984   0.318  16.579
  closest atom surface   14.151   H37 58  X    0
  2nd closest surface    14.151   H14 58  X    0
  found on step  974
  this is also current point
  no. of rejections          212
 stored as    83

 highest radius point found:
  at point   -1.984   0.318  16.779
  closest atom surface   14.342   H14 58  X    0
  2nd closest surface    14.343   H37 58  X    0
  found on step    1
 current point:
  at point   -2.753   0.552  16.779
  closest atom surface   14.332   H37 58  X    0
  2nd closest surface    14.333   H13 58  X    0
  found on step  982
  no. of rejections          208
 stored as    84

 highest radius point found:
  at point   -2.010   0.328  16.979
  closest atom surface   14.534   H37 58  X    0
  2nd closest surface    14.537   H14 58  X    0
  found on step    4
 current point:
  at point   -2.813   0.569  16.979
  closest atom surface   14.527   H37 58  X    0
  2nd closest surface    14.527   H13 58  X    0
  found on step  982
  no. of rejections          200
 stored as    85

 highest radius point found:
  at point   -2.010   0.328  17.179
  closest atom surface   14.727   H37 58  X    0
  2nd closest surface    14.728   H14 58  X    0
  found on step    1
 current point:
  at point   -1.791   0.319  17.179
  closest atom surface   14.721   H14 58  X    0
  2nd closest surface    14.722   H37 58  X    0
  found on step  948
  no. of rejections          223
 stored as    86

 highest radius point found:
  at point   -2.010   0.328  17.379
  closest atom surface   14.919   H37 58  X    0
  2nd closest surface    14.920   H14 58  X    0
  found on step    1
 current point:
  at point   -3.370   0.607  17.379
  closest atom surface   14.903   H38 58  X    0
  2nd closest surface    14.903   H13 58  X    0
  found on step  977
  no. of rejections          209
 stored as    87

 highest radius point found:
  at point   -2.100   0.333  17.579
  closest atom surface   15.115   H14 58  X    0
  2nd closest surface    15.115   H37 58  X    0
  found on step  966
  this is also current point
  no. of rejections          226
 stored as    88

 highest radius point found:
  at point   -2.116   0.333  17.779
  closest atom surface   15.307   H14 58  X    0
  2nd closest surface    15.309   H13 58  X    0
  found on step  712
 current point:
  at point   -1.776   0.327  17.779
  closest atom surface   15.298   H14 58  X    0
  2nd closest surface    15.299   H37 58  X    0
  found on step  958
  no. of rejections          213
 stored as    89

 highest radius point found:
  at point   -2.991   0.609  17.979
  closest atom surface   15.500   H37 58  X    0
  2nd closest surface    15.500   H13 58  X    0
  found on step  726
 current point:
  at point   -3.203   0.621  17.979
  closest atom surface   15.495   H38 58  X    0
  2nd closest surface    15.495   H13 58  X    0
  found on step  977
  no. of rejections          203
 stored as    90

 highest radius point found:
  at point   -2.183   0.348  18.179
  closest atom surface   15.695   H13 58  X    0
  2nd closest surface    15.696   H37 58  X    0
  found on step  964
  this is also current point
  no. of rejections          223
 stored as    91

 highest radius point found:
  at point   -2.181   0.347  18.379
  closest atom surface   15.889   H37 58  X    0
  2nd closest surface    15.890   H14 58  X    0
  found on step  937
  this is also current point
  no. of rejections          225
 stored as    92

 highest radius point found:
  at point   -3.116   0.634  18.579
  closest atom surface   16.086   H13 58  X    0
  2nd closest surface    16.087   H38 58  X    0
  found on step  365
 current point:
  at point   -3.033   0.612  18.579
  closest atom surface   16.084   H37 58  X    0
  2nd closest surface    16.085   H13 58  X    0
  found on step  992
  no. of rejections          201
 stored as    93

 highest radius point found:
  at point   -3.156   0.641  18.779
  closest atom surface   16.282   H13 58  X    0
  2nd closest surface    16.283   H38 58  X    0
  found on step  786
 current point:
  at point   -2.648   0.485  18.779
  closest atom surface   16.274   H13 58  X    0
  2nd closest surface    16.274   H37 58  X    0
  found on step  937
  no. of rejections          195
 stored as    94

 highest radius point found:
  at point   -4.409   0.701  18.979
  closest atom surface   16.496   H13 58  X    0
  2nd closest surface    16.496   H38 58  X    0
  found on step  961
  this is also current point
  no. of rejections          194
 stored as    95

 highest radius point found:
  at point   -4.423   0.709  19.179
  closest atom surface   16.693   H38 58  X    0
  2nd closest surface    16.693   H43 58  X    0
  found on step  850
 current point:
  at point   -4.417   0.706  19.179
  closest atom surface   16.693   H13 58  X    0
  2nd closest surface    16.693   H38 58  X    0
  found on step  978
  no. of rejections          182
 stored as    96

 highest radius point found:
  at point   -4.425   0.714  19.379
  closest atom surface   16.890   H43 58  X    0
  2nd closest surface    16.890   H13 58  X    0
  found on step  982
  this is also current point
  no. of rejections          189
 stored as    97

 highest radius point found:
  at point   -4.425   0.714  19.579
  closest atom surface   17.085   H13 58  X    0
  2nd closest surface    17.087   H43 58  X    0
  found on step    1
 current point:
  at point   -3.311   0.678  19.579
  closest atom surface   17.067   H38 58  X    0
  2nd closest surface    17.068   H13 58  X    0
  found on step  982
  no. of rejections          188
 stored as    98

 highest radius point found:
  at point   -4.429   0.729  19.779
  closest atom surface   17.284   H43 58  X    0
  2nd closest surface    17.284   H38 58  X    0
  found on step  912
  this is also current point
  no. of rejections          197
 stored as    99

 highest radius point found:
  at point   -4.418   0.735  19.979
  closest atom surface   17.480   H38 58  X    0
  2nd closest surface    17.481   H13 58  X    0
  found on step  921
  this is also current point
  no. of rejections          179
 stored as   100

 highest radius point found:
  at point   -4.434   0.754  20.179
  closest atom surface   17.677   H38 58  X    0
  2nd closest surface    17.677   H43 58  X    0
  found on step  715
 current point:
  at point   -3.407   0.699  20.179
  closest atom surface   17.658   H13 58  X    0
  2nd closest surface    17.658   H38 58  X    0
  found on step  999
  no. of rejections          185
 stored as   101

 highest radius point found:
  at point   -4.434   0.754  20.379
  closest atom surface   17.875   H38 58  X    0
  2nd closest surface    17.875   H43 58  X    0
  found on step    1
 current point:
  at point   -4.414   0.747  20.379
  closest atom surface   17.875   H38 58  X    0
  2nd closest surface    17.875   H13 58  X    0
  found on step  985
  no. of rejections          183
 stored as   102

 highest radius point found:
  at point   -4.434   0.754  20.579
  closest atom surface   18.073   H43 58  X    0
  2nd closest surface    18.073   H38 58  X    0
  found on step    1
 current point:
  at point   -6.782  -1.094  20.579
  closest atom surface   18.033   H6  58  X    0
  2nd closest surface    18.034   H13 58  X    0
  found on step 1000
  no. of rejections          181
 stored as   103

 highest radius point found:
  at point   -4.434   0.759  20.779
  closest atom surface   18.270   H13 58  X    0
  2nd closest surface    18.270   H38 58  X    0
  found on step  957
  this is also current point
  no. of rejections          156
 stored as   104

 highest radius point found:
  at point   -4.437   0.770  20.979
  closest atom surface   18.467   H38 58  X    0
  2nd closest surface    18.467   H43 58  X    0
  found on step  658
 current point:
  at point   -4.438   0.773  20.979
  closest atom surface   18.467   H38 58  X    0
  2nd closest surface    18.467   H43 58  X    0
  found on step  970
  no. of rejections          173
 stored as   105

 highest radius point found:
  at point   -4.434   0.775  21.179
  closest atom surface   18.664   H38 58  X    0
  2nd closest surface    18.665   H13 58  X    0
  found on step  984
  this is also current point
  no. of rejections          171
 stored as   106

 highest radius point found:
  at point   -4.436   0.788  21.379
  closest atom surface   18.861   H38 58  X    0
  2nd closest surface    18.863   H43 58  X    0
  found on step  942
  this is also current point
  no. of rejections          172
 stored as   107

 highest radius point found:
  at point   -4.436   0.788  21.579
  closest atom surface   19.059   H38 58  X    0
  2nd closest surface    19.060   H13 58  X    0
  found on step    1
 current point:
  at point   -3.775   0.758  21.579
  closest atom surface   19.041   H13 58  X    0
  2nd closest surface    19.042   H38 58  X    0
  found on step  995
  no. of rejections          188
 stored as   108

 highest radius point found:
  at point   -4.440   0.798  21.779
  closest atom surface   19.257   H38 58  X    0
  2nd closest surface    19.258   H43 58  X    0
  found on step  588
 current point:
  at point   -4.421   0.792  21.779
  closest atom surface   19.257   H13 58  X    0
  2nd closest surface    19.257   H38 58  X    0
  found on step  914
  no. of rejections          191
 stored as   109

 highest radius point found:
  at point   -4.440   0.798  21.979
  closest atom surface   19.455   H13 58  X    0
  2nd closest surface    19.455   H38 58  X    0
  found on step    1
 current point:
  at point   -4.051   0.778  21.979
  closest atom surface   19.441   H13 58  X    0
  2nd closest surface    19.442   H38 58  X    0
  found on step  994
  no. of rejections          163
 stored as   110

 highest radius point found:
  at point   -4.441   0.806  22.179
  closest atom surface   19.653   H13 58  X    0
  2nd closest surface    19.653   H38 58  X    0
  found on step  919
  this is also current point
  no. of rejections          169
 stored as   111

 highest radius point found:
  at point   -4.420   0.810  22.379
  closest atom surface   19.849   H13 58  X    0
  2nd closest surface    19.850   H38 58  X    0
  found on step  106
 current point:
  at point   -6.895  -1.113  22.379
  closest atom surface   19.818   H6  58  X    0
  2nd closest surface    19.819   H13 58  X    0
  found on step  966
  no. of rejections          150
 stored as   112

 highest radius point found:
  at point   -4.431   0.817  22.579
  closest atom surface   20.047   H13 58  X    0
  2nd closest surface    20.048   H38 58  X    0
  found on step  989
  this is also current point
  no. of rejections          163
 stored as   113

 highest radius point found:
  at point   -4.431   0.817  22.779
  closest atom surface   20.244   H13 58  X    0
  2nd closest surface    20.246   H38 58  X    0
  found on step    1
 current point:
  at point   -5.176   0.261  22.779
  closest atom surface   20.189   H43 58  X    0
  2nd closest surface    20.190   H13 58  X    0
  found on step  987
  no. of rejections          156
 stored as   114

 highest radius point found:
  at point   -4.443   0.832  22.979
  closest atom surface   20.444   H13 58  X    0
  2nd closest surface    20.444   H38 58  X    0
  found on step  424
 current point:
  at point   -4.439   0.832  22.979
  closest atom surface   20.444   H13 58  X    0
  2nd closest surface    20.444   H38 58  X    0
  found on step  914
  no. of rejections          155
 stored as   115

 highest radius point found:
  at point   -4.453   0.845  23.179
  closest atom surface   20.641   H38 58  X    0
  2nd closest surface    20.642   H43 58  X    0
  found on step  962
  this is also current point
  no. of rejections          181
 stored as   116

 highest radius point found:
  at point   -4.453   0.845  23.379
  closest atom surface   20.840   H13 58  X    0
  2nd closest surface    20.840   H38 58  X    0
  found on step    1
 current point:
  at point   -4.450   0.846  23.379
  closest atom surface   20.840   H38 58  X    0
  2nd closest surface    20.840   H13 58  X    0
  found on step  974
  no. of rejections          155
 stored as   117

 highest radius point found:
  at point   -4.464   0.863  23.579
  closest atom surface   21.037   H43 58  X    0
  2nd closest surface    21.037   H38 58  X    0
  found on step  378
 current point:
  at point   -4.414   0.851  23.579
  closest atom surface   21.036   H38 58  X    0
  2nd closest surface    21.036   H13 58  X    0
  found on step  990
  no. of rejections          170
 stored as   118

 highest radius point found:
  at point   -4.453   0.859  23.779
  closest atom surface   21.236   H13 58  X    0
  2nd closest surface    21.236   H38 58  X    0
  found on step  971
  this is also current point
  no. of rejections          159
 stored as   119

 highest radius point found:
  at point   -4.455   0.866  23.979
  closest atom surface   21.434   H38 58  X    0
  2nd closest surface    21.434   H13 58  X    0
  found on step  978
  this is also current point
  no. of rejections          187
 stored as   120

 highest radius point found:
  at point   -4.454   0.872  24.179
  closest atom surface   21.632   H38 58  X    0
  2nd closest surface    21.632   H13 58  X    0
  found on step  937
  this is also current point
  no. of rejections          164
 stored as   121

 highest radius point found:
  at point   -4.462   0.876  24.379
  closest atom surface   21.830   H13 58  X    0
  2nd closest surface    21.830   H43 58  X    0
  found on step  980
  this is also current point
  no. of rejections          171
 stored as   122

 highest radius point found:
  at point   -4.457   0.886  24.579
  closest atom surface   22.028   H38 58  X    0
  2nd closest surface    22.028   H13 58  X    0
  found on step  962
  this is also current point
  no. of rejections          181
 This is an end! (radius above  22.0 angs)
 highest radius point found:
  at point    0.126   0.132  -0.221
  closest atom surface    2.876   C38 58  X    0
  2nd closest surface     2.877   C28 58  X    0
  found on step   96
 current point:
  at point    0.147   0.145  -0.221
  closest atom surface    2.874   C28 58  X    0
  2nd closest surface     2.874   C38 58  X    0
  found on step  999
  no. of rejections          394
 stored as    -1

 highest radius point found:
  at point    0.118   0.179  -0.421
  closest atom surface    2.884   C38 58  X    0
  2nd closest surface     2.888   C29 58  X    0
  found on step  737
 current point:
  at point   -0.001   0.090  -0.421
  closest atom surface    2.879   C29 58  X    0
  2nd closest surface     2.880   C38 58  X    0
  found on step  911
  no. of rejections          402
 stored as    -2

 highest radius point found:
  at point    0.175   0.213  -0.621
  closest atom surface    2.856   C38 58  X    0
  2nd closest surface     2.856   C35 58  X    0
  found on step  284
 current point:
  at point    0.109   0.168  -0.621
  closest atom surface    2.855   C34 58  X    0
  2nd closest surface     2.855   C38 58  X    0
  found on step  982
  no. of rejections          414
 stored as    -3

 highest radius point found:
  at point    0.145   0.183  -0.821
  closest atom surface    2.830   C38 58  X    0
  2nd closest surface     2.830   C34 58  X    0
  found on step  693
 current point:
  at point    0.001   0.079  -0.821
  closest atom surface    2.828   C34 58  X    0
  2nd closest surface     2.828   C38 58  X    0
  found on step  990
  no. of rejections          385
 stored as    -4

 highest radius point found:
  at point    0.212   0.220  -1.021
  closest atom surface    2.816   C34 58  X    0
  2nd closest surface     2.816   C38 58  X    0
  found on step  909
  this is also current point
  no. of rejections          406
 stored as    -5

 highest radius point found:
  at point    0.222   0.215  -1.221
  closest atom surface    2.807   C38 58  X    0
  2nd closest surface     2.808   C34 58  X    0
  found on step   56
 current point:
  at point    0.177   0.185  -1.221
  closest atom surface    2.804   C34 58  X    0
  2nd closest surface     2.806   C38 58  X    0
  found on step  976
  no. of rejections          398
 stored as    -6

 highest radius point found:
  at point    0.279   0.243  -1.421
  closest atom surface    2.808   C38 58  X    0
  2nd closest surface     2.811   C35 58  X    0
  found on step  981
  this is also current point
  no. of rejections          396
 stored as    -7

 highest radius point found:
  at point    0.314   0.254  -1.621
  closest atom surface    2.816   C38 58  X    0
  2nd closest surface     2.822   C36 58  X    0
  found on step  381
 current point:
  at point   -0.014   0.028  -1.621
  closest atom surface    2.807   C34 58  X    0
  2nd closest surface     2.814   C38 58  X    0
  found on step  985
  no. of rejections          393
 stored as    -8

 highest radius point found:
  at point    0.322   0.255  -1.821
  closest atom surface    2.839   C38 58  X    0
  2nd closest surface     2.840   C34 58  X    0
  found on step  982
  this is also current point
  no. of rejections          399
 stored as    -9

 highest radius point found:
  at point    0.349   0.263  -2.021
  closest atom surface    2.865   C38 58  X    0
  2nd closest surface     2.868   C34 58  X    0
  found on step  987
  this is also current point
  no. of rejections          399
 stored as   -10

 highest radius point found:
  at point    0.377   0.273  -2.221
  closest atom surface    2.902   C35 58  X    0
  2nd closest surface     2.902   C38 58  X    0
  found on step  611
 current point:
  at point    0.372   0.269  -2.221
  closest atom surface    2.901   C38 58  X    0
  2nd closest surface     2.903   C34 58  X    0
  found on step  909
  no. of rejections          378
 stored as   -11

 highest radius point found:
  at point    0.401   0.280  -2.421
  closest atom surface    2.946   C34 58  X    0
  2nd closest surface     2.946   C36 58  X    0
  found on step  822
 current point:
  at point    0.368   0.256  -2.421
  closest atom surface    2.942   C34 58  X    0
  2nd closest surface     2.943   C38 58  X    0
  found on step  967
  no. of rejections          385
 stored as   -12

 highest radius point found:
  at point    0.419   0.280  -2.621
  closest atom surface    2.996   C38 58  X    0
  2nd closest surface     2.999   C34 58  X    0
  found on step   25
 current point:
  at point   -0.059  -0.064  -2.621
  closest atom surface    2.980   C34 58  X    0
  2nd closest surface     2.981   C38 58  X    0
  found on step  984
  no. of rejections          386
 stored as   -13

 highest radius point found:
  at point    0.446   0.290  -2.821
  closest atom surface    3.057   C34 58  X    0
  2nd closest surface     3.057   C38 58  X    0
  found on step   71
 current point:
  at point    0.412   0.266  -2.821
  closest atom surface    3.053   C34 58  X    0
  2nd closest surface     3.054   C38 58  X    0
  found on step  903
  no. of rejections          394
 stored as   -14

 highest radius point found:
  at point    0.469   0.295  -3.021
  closest atom surface    3.124   C38 58  X    0
  2nd closest surface     3.124   C34 58  X    0
  found on step  992
  this is also current point
  no. of rejections          383
 stored as   -15

 highest radius point found:
  at point    0.482   0.292  -3.221
  closest atom surface    3.195   C38 58  X    0
  2nd closest surface     3.198   C34 58  X    0
  found on step  521
 current point:
  at point   -0.084  -0.113  -3.221
  closest atom surface    3.175   C34 58  X    0
  2nd closest surface     3.175   C39 58  X    0
  found on step  992
  no. of rejections          368
 stored as   -16

 highest radius point found:
  at point    0.515   0.307  -3.421
  closest atom surface    3.279   C38 58  X    0
  2nd closest surface     3.279   C34 58  X    0
  found on step  894
  this is also current point
  no. of rejections          381
 stored as   -17

 highest radius point found:
  at point    0.545   0.315  -3.621
  closest atom surface    3.363   C36 58  X    0
  2nd closest surface     3.366   C38 58  X    0
  found on step  103
 current point:
  at point    0.060  -0.033  -3.621
  closest atom surface    3.337   C38 58  X    0
  2nd closest surface     3.337   C34 58  X    0
  found on step  937
  no. of rejections          353
 stored as   -18

 highest radius point found:
  at point    0.562   0.319  -3.821
  closest atom surface    3.459   C34 58  X    0
  2nd closest surface     3.460   C36 58  X    0
  found on step  998
  this is also current point
  no. of rejections          365
 stored as   -19

 highest radius point found:
  at point    0.586   0.326  -4.021
  closest atom surface    3.558   C36 58  X    0
  2nd closest surface     3.558   C34 58  X    0
  found on step  726
 current point:
  at point    0.564   0.309  -4.021
  closest atom surface    3.556   C34 58  X    0
  2nd closest surface     3.557   C38 58  X    0
  found on step  993
  no. of rejections          368
 stored as   -20

 highest radius point found:
  at point    0.610   0.330  -4.221
  closest atom surface    3.664   C36 58  X    0
  2nd closest surface     3.664   C38 58  X    0
  found on step  848
 current point:
  at point    0.603   0.325  -4.221
  closest atom surface    3.663   C38 58  X    0
  2nd closest surface     3.664   C34 58  X    0
  found on step  972
  no. of rejections          384
 stored as   -21

 highest radius point found:
  at point    0.619   0.326  -4.421
  closest atom surface    3.772   C38 58  X    0
  2nd closest surface     3.773   C34 58  X    0
  found on step    6
 current point:
  at point    0.614   0.323  -4.421
  closest atom surface    3.772   C38 58  X    0
  2nd closest surface     3.772   C34 58  X    0
  found on step  994
  no. of rejections          373
 stored as   -22

 highest radius point found:
  at point    0.654   0.341  -4.621
  closest atom surface    3.890   C34 58  X    0
  2nd closest surface     3.890   C38 58  X    0
  found on step  959
  this is also current point
  no. of rejections          364
 stored as   -23

 highest radius point found:
  at point    0.680   0.346  -4.821
  closest atom surface    4.008   C38 58  X    0
  2nd closest surface     4.010   C36 58  X    0
  found on step  915
  this is also current point
  no. of rejections          361
 stored as   -24

 highest radius point found:
  at point    0.695   0.348  -5.021
  closest atom surface    4.133   C38 58  X    0
  2nd closest surface     4.133   C34 58  X    0
  found on step  901
  this is also current point
  no. of rejections          361
 stored as   -25

 highest radius point found:
  at point    0.722   0.357  -5.221
  closest atom surface    4.262   C38 58  X    0
  2nd closest surface     4.262   C34 58  X    0
  found on step  777
 current point:
  at point    0.688   0.331  -5.221
  closest atom surface    4.256   C38 58  X    0
  2nd closest surface     4.258   C34 58  X    0
  found on step  965
  no. of rejections          337
 stored as   -26

 highest radius point found:
  at point    0.747   0.363  -5.421
  closest atom surface    4.394   C38 58  X    0
  2nd closest surface     4.395   C34 58  X    0
  found on step  933
  this is also current point
  no. of rejections          328
 stored as   -27

 highest radius point found:
  at point    0.784   0.370  -5.621
  closest atom surface    4.527   C38 58  X    0
  2nd closest surface     4.527   C36 58  X    0
  found on step   69
 current point:
  at point    0.170  -0.065  -5.621
  closest atom surface    4.484   C34 58  X    0
  2nd closest surface     4.484   C38 58  X    0
  found on step  955
  no. of rejections          342
 stored as   -28

 highest radius point found:
  at point    0.792   0.372  -5.821
  closest atom surface    4.668   C38 58  X    0
  2nd closest surface     4.671   C34 58  X    0
  found on step  115
 current point:
  at point   -0.091  -0.265  -5.821
  closest atom surface    4.628   C38 58  X    0
  2nd closest surface     4.628   C34 58  X    0
  found on step  924
  no. of rejections          327
 stored as   -29

 highest radius point found:
  at point    0.823   0.381  -6.021
  closest atom surface    4.810   C38 58  X    0
  2nd closest surface     4.810   C37 58  X    0
  found on step  984
  this is also current point
  no. of rejections          317
 stored as   -30

 highest radius point found:
  at point    0.838   0.385  -6.221
  closest atom surface    4.957   C38 58  X    0
  2nd closest surface     4.958   C34 58  X    0
  found on step  953
  this is also current point
  no. of rejections          309
 stored as   -31

 highest radius point found:
  at point    0.858   0.390  -6.421
  closest atom surface    5.104   C34 58  X    0
  2nd closest surface     5.105   C38 58  X    0
  found on step  965
  this is also current point
  no. of rejections          331
 stored as   -32

 highest radius point found:
  at point    0.876   0.396  -6.621
  closest atom surface    5.252   C34 58  X    0
  2nd closest surface     5.257   C37 58  X    0
  found on step  464
 current point:
  at point   -0.102  -0.318  -6.621
  closest atom surface    5.209   C38 58  X    0
  2nd closest surface     5.210   C34 58  X    0
  found on step  999
  no. of rejections          315
 stored as   -33

 highest radius point found:
  at point    0.905   0.400  -6.821
  closest atom surface    5.408   C37 58  X    0
  2nd closest surface     5.409   C38 58  X    0
  found on step  951
  this is also current point
  no. of rejections          332
 stored as   -34

 highest radius point found:
  at point    0.913   0.389  -7.021
  closest atom surface    5.559   C38 58  X    0
  2nd closest surface     5.565   C34 58  X    0
  found on step  972
  this is also current point
  no. of rejections          298
 stored as   -35

 highest radius point found:
  at point    0.938   0.399  -7.221
  closest atom surface    5.719   C38 58  X    0
  2nd closest surface     5.721   C34 58  X    0
  found on step  953
  this is also current point
  no. of rejections          327
 stored as   -36

 highest radius point found:
  at point    0.958   0.405  -7.421
  closest atom surface    5.879   C38 58  X    0
  2nd closest surface     5.880   C34 58  X    0
  found on step  938
  this is also current point
  no. of rejections          295
 stored as   -37

 highest radius point found:
  at point    0.992   0.417  -7.621
  closest atom surface    6.042   C38 58  X    0
  2nd closest surface     6.042   C37 58  X    0
  found on step  602
 current point:
  at point    0.993   0.416  -7.621
  closest atom surface    6.041   C38 58  X    0
  2nd closest surface     6.043   C37 58  X    0
  found on step  971
  no. of rejections          295
 stored as   -38

 highest radius point found:
  at point    1.001   0.414  -7.821
  closest atom surface    6.204   C38 58  X    0
  2nd closest surface     6.204   C34 58  X    0
  found on step  917
  this is also current point
  no. of rejections          309
 stored as   -39

 highest radius point found:
  at point    1.032   0.434  -8.021
  closest atom surface    6.367   C34 58  X    0
  2nd closest surface     6.368   C37 58  X    0
  found on step  980
  this is also current point
  no. of rejections          313
 stored as   -40

 highest radius point found:
  at point    1.053   0.444  -8.221
  closest atom surface    6.531   C34 58  X    0
  2nd closest surface     6.533   C37 58  X    0
  found on step  887
 current point:
  at point    1.042   0.435  -8.221
  closest atom surface    6.530   C34 58  X    0
  2nd closest surface     6.531   H48 58  X    0
  found on step  998
  no. of rejections          314
 stored as   -41

 highest radius point found:
  at point    1.062   0.444  -8.421
  closest atom surface    6.695   H48 58  X    0
  2nd closest surface     6.696   C34 58  X    0
  found on step   71
 current point:
  at point   -0.078  -0.399  -8.421
  closest atom surface    6.648   C38 58  X    0
  2nd closest surface     6.648   C34 58  X    0
  found on step  913
  no. of rejections          276
 stored as   -42

 highest radius point found:
  at point    1.092   0.464  -8.621
  closest atom surface    6.862   H48 58  X    0
  2nd closest surface     6.863   C34 58  X    0
  found on step    7
 current point:
  at point    1.094   0.469  -8.621
  closest atom surface    6.861   C34 58  X    0
  2nd closest surface     6.864   C37 58  X    0
  found on step  980
  no. of rejections          297
 stored as   -43

 highest radius point found:
  at point    1.123   0.482  -8.821
  closest atom surface    7.030   C37 58  X    0
  2nd closest surface     7.031   H48 58  X    0
  found on step   34
 current point:
  at point    1.119   0.485  -8.821
  closest atom surface    7.030   C34 58  X    0
  2nd closest surface     7.030   C37 58  X    0
  found on step  932
  no. of rejections          326
 stored as   -44

 highest radius point found:
  at point    1.145   0.496  -9.021
  closest atom surface    7.199   C37 58  X    0
  2nd closest surface     7.201   H48 58  X    0
  found on step  989
  this is also current point
  no. of rejections          301
 stored as   -45

 highest radius point found:
  at point    1.162   0.507  -9.221
  closest atom surface    7.371   C34 58  X    0
  2nd closest surface     7.371   C37 58  X    0
  found on step  853
 current point:
  at point    1.161   0.506  -9.221
  closest atom surface    7.371   C34 58  X    0
  2nd closest surface     7.372   H48 58  X    0
  found on step  889
  no. of rejections          290
 stored as   -46

 highest radius point found:
  at point    1.184   0.519  -9.421
  closest atom surface    7.543   C34 58  X    0
  2nd closest surface     7.543   C37 58  X    0
  found on step  776
 current point:
  at point    1.180   0.514  -9.421
  closest atom surface    7.543   H48 58  X    0
  2nd closest surface     7.543   C34 58  X    0
  found on step  942
  no. of rejections          294
 stored as   -47

 highest radius point found:
  at point    1.206   0.531  -9.621
  closest atom surface    7.716   C34 58  X    0
  2nd closest surface     7.716   C37 58  X    0
  found on step 1000
  this is also current point
  no. of rejections          281
 stored as   -48

 highest radius point found:
  at point    1.219   0.535  -9.821
  closest atom surface    7.890   C34 58  X    0
  2nd closest surface     7.890   H48 58  X    0
  found on step  768
 current point:
  at point    1.229   0.555  -9.821
  closest atom surface    7.886   C37 58  X    0
  2nd closest surface     7.887   C34 58  X    0
  found on step  952
  no. of rejections          276
 stored as   -49

 highest radius point found:
  at point    1.246   0.550 -10.021
  closest atom surface    8.066   H48 58  X    0
  2nd closest surface     8.066   C34 58  X    0
  found on step  606
 current point:
  at point    1.247   0.549 -10.021
  closest atom surface    8.065   H48 58  X    0
  2nd closest surface     8.067   C34 58  X    0
  found on step  983
  no. of rejections          280
 stored as   -50

 highest radius point found:
  at point    1.269   0.566 -10.221
  closest atom surface    8.242   C34 58  X    0
  2nd closest surface     8.243   C37 58  X    0
  found on step  984
  this is also current point
  no. of rejections          286
 stored as   -51

 highest radius point found:
  at point    1.285   0.582 -10.421
  closest atom surface    8.415   C34 58  X    0
  2nd closest surface     8.420   C37 58  X    0
  found on step  534
 current point:
  at point    1.266   0.564 -10.421
  closest atom surface    8.414   C34 58  X    0
  2nd closest surface     8.420   H48 58  X    0
  found on step 1000
  no. of rejections          243
 stored as   -52

 highest radius point found:
  at point    1.330   0.585 -10.621
  closest atom surface    8.594   H48 58  X    0
  2nd closest surface     8.596   C37 58  X    0
  found on step  121
 current point:
  at point    0.003  -0.465 -10.621
  closest atom surface    8.557   C38 58  X    0
  2nd closest surface     8.558   C41 58  X    0
  found on step  960
  no. of rejections          258
 stored as   -53

 highest radius point found:
  at point    1.345   0.598 -10.821
  closest atom surface    8.775   H48 58  X    0
  2nd closest surface     8.776   C37 58  X    0
  found on step  987
  this is also current point
  no. of rejections          255
 stored as   -54

 highest radius point found:
  at point    1.345   0.598 -11.021
  closest atom surface    8.955   H48 58  X    0
  2nd closest surface     8.957   C34 58  X    0
  found on step    1
 current point:
  at point    1.208   0.490 -11.021
  closest atom surface    8.938   H48 58  X    0
  2nd closest surface     8.939   C34 58  X    0
  found on step  985
  no. of rejections          241
 stored as   -55

 highest radius point found:
  at point    1.384   0.621 -11.221
  closest atom surface    9.137   H48 58  X    0
  2nd closest surface     9.138   C37 58  X    0
  found on step  831
 current point:
  at point    1.384   0.626 -11.221
  closest atom surface    9.136   C37 58  X    0
  2nd closest surface     9.139   C34 58  X    0
  found on step  923
  no. of rejections          261
 stored as   -56

 highest radius point found:
  at point    1.392   0.623 -11.421
  closest atom surface    9.318   H48 58  X    0
  2nd closest surface     9.319   C34 58  X    0
  found on step  979
  this is also current point
  no. of rejections          237
 stored as   -57

 highest radius point found:
  at point    1.419   0.641 -11.621
  closest atom surface    9.501   C34 58  X    0
  2nd closest surface     9.502   H48 58  X    0
  found on step  968
  this is also current point
  no. of rejections          262
 stored as   -58

 highest radius point found:
  at point    1.437   0.654 -11.821
  closest atom surface    9.682   C34 58  X    0
  2nd closest surface     9.686   C37 58  X    0
  found on step  957
  this is also current point
  no. of rejections          272
 stored as   -59

 highest radius point found:
  at point    1.466   0.667 -12.021
  closest atom surface    9.867   C37 58  X    0
  2nd closest surface     9.868   C34 58  X    0
  found on step  544
 current point:
  at point    1.469   0.668 -12.021
  closest atom surface    9.867   C37 58  X    0
  2nd closest surface     9.868   C34 58  X    0
  found on step  995
  no. of rejections          260
 stored as   -60

 highest radius point found:
  at point    1.468   0.660 -12.221
  closest atom surface   10.050   H48 58  X    0
  2nd closest surface    10.050   C34 58  X    0
  found on step    6
 current point:
  at point    1.472   0.669 -12.221
  closest atom surface   10.049   C34 58  X    0
  2nd closest surface    10.052   H48 58  X    0
  found on step  980
  no. of rejections          214
 stored as   -61

 highest radius point found:
  at point    1.506   0.684 -12.421
  closest atom surface   10.236   C34 58  X    0
  2nd closest surface    10.237   H48 58  X    0
  found on step  914
  this is also current point
  no. of rejections          242
 stored as   -62

 highest radius point found:
  at point    1.529   0.697 -12.621
  closest atom surface   10.421   C34 58  X    0
  2nd closest surface    10.422   C37 58  X    0
  found on step  915
  this is also current point
  no. of rejections          241
 stored as   -63

 highest radius point found:
  at point    1.556   0.710 -12.821
  closest atom surface   10.606   C37 58  X    0
  2nd closest surface    10.608   C34 58  X    0
  found on step  337
 current point:
  at point    1.538   0.695 -12.821
  closest atom surface   10.606   H48 58  X    0
  2nd closest surface    10.606   C34 58  X    0
  found on step  982
  no. of rejections          226
 stored as   -64

 highest radius point found:
  at point    1.574   0.717 -13.021
  closest atom surface   10.794   C37 58  X    0
  2nd closest surface    10.794   H48 58  X    0
  found on step  953
  this is also current point
  no. of rejections          255
 stored as   -65

 highest radius point found:
  at point    1.593   0.725 -13.221
  closest atom surface   10.980   H48 58  X    0
  2nd closest surface    10.980   C34 58  X    0
  found on step  900
  this is also current point
  no. of rejections          243
 stored as   -66

 highest radius point found:
  at point    1.624   0.737 -13.421
  closest atom surface   11.167   H48 58  X    0
  2nd closest surface    11.167   C37 58  X    0
  found on step  993
  this is also current point
  no. of rejections          251
 stored as   -67

 highest radius point found:
  at point    1.638   0.747 -13.621
  closest atom surface   11.355   H48 58  X    0
  2nd closest surface    11.355   C37 58  X    0
  found on step  951
  this is also current point
  no. of rejections          264
 stored as   -68

 highest radius point found:
  at point    1.651   0.757 -13.821
  closest atom surface   11.541   C34 58  X    0
  2nd closest surface    11.544   H48 58  X    0
  found on step  103
 current point:
  at point    5.171   0.423 -13.821
  closest atom surface   11.512   H48 58  X    0
  2nd closest surface    11.512   H47 58  X    0
  found on step  907
  no. of rejections          214
 stored as   -69

 highest radius point found:
  at point    1.691   0.769 -14.021
  closest atom surface   11.730   C37 58  X    0
  2nd closest surface    11.731   H48 58  X    0
  found on step  928
  this is also current point
  no. of rejections          253
 stored as   -70

 highest radius point found:
  at point    1.706   0.779 -14.221
  closest atom surface   11.920   C37 58  X    0
  2nd closest surface    11.920   H48 58  X    0
  found on step  899
  this is also current point
  no. of rejections          254
 stored as   -71

 highest radius point found:
  at point    1.723   0.788 -14.421
  closest atom surface   12.109   C34 58  X    0
  2nd closest surface    12.110   C37 58  X    0
  found on step  948
  this is also current point
  no. of rejections          219
 stored as   -72

 highest radius point found:
  at point    1.747   0.799 -14.621
  closest atom surface   12.299   C37 58  X    0
  2nd closest surface    12.299   C34 58  X    0
  found on step  997
  this is also current point
  no. of rejections          225
 stored as   -73

 highest radius point found:
  at point    1.765   0.809 -14.821
  closest atom surface   12.488   C34 58  X    0
  2nd closest surface    12.489   C37 58  X    0
  found on step  978
  this is also current point
  no. of rejections          246
 stored as   -74

 highest radius point found:
  at point    1.789   0.817 -15.021
  closest atom surface   12.679   C34 58  X    0
  2nd closest surface    12.679   H48 58  X    0
  found on step  933
  this is also current point
  no. of rejections          232
 stored as   -75

 highest radius point found:
  at point    1.818   0.828 -15.221
  closest atom surface   12.868   C37 58  X    0
  2nd closest surface    12.869   H48 58  X    0
  found on step  969
  this is also current point
  no. of rejections          220
 stored as   -76

 highest radius point found:
  at point    1.818   0.828 -15.421
  closest atom surface   13.058   C34 58  X    0
  2nd closest surface    13.058   H48 58  X    0
  found on step    1
 current point:
  at point    1.127   0.220 -15.421
  closest atom surface   12.972   H48 58  X    0
  2nd closest surface    12.973   H44 58  X    0
  found on step  974
  no. of rejections          241
 stored as   -77

 highest radius point found:
  at point    1.860   0.847 -15.621
  closest atom surface   13.249   H47 58  X    0
  2nd closest surface    13.250   H48 58  X    0
  found on step  992
  this is also current point
  no. of rejections          227
 stored as   -78

 highest radius point found:
  at point    1.868   0.852 -15.821
  closest atom surface   13.440   H44 58  X    0
  2nd closest surface    13.441   C34 58  X    0
  found on step  974
  this is also current point
  no. of rejections          196
 stored as   -79

 highest radius point found:
  at point    1.890   0.856 -16.021
  closest atom surface   13.631   H44 58  X    0
  2nd closest surface    13.631   H48 58  X    0
  found on step  967
  this is also current point
  no. of rejections          241
 stored as   -80

 highest radius point found:
  at point    1.890   0.856 -16.221
  closest atom surface   13.816   H44 58  X    0
  2nd closest surface    13.821   C34 58  X    0
  found on step    1
 current point:
  at point    1.074   0.121 -16.221
  closest atom surface   13.722   H44 58  X    0
  2nd closest surface    13.722   H48 58  X    0
  found on step  975
  no. of rejections          241
 stored as   -81

 highest radius point found:
  at point    1.940   0.870 -16.421
  closest atom surface   14.013   H47 58  X    0
  2nd closest surface    14.013   H48 58  X    0
  found on step  999
  this is also current point
  no. of rejections          227
 stored as   -82

 highest radius point found:
  at point    1.969   0.871 -16.621
  closest atom surface   14.202   H48 58  X    0
  2nd closest surface    14.204   H47 58  X    0
  found on step 1000
  this is also current point
  no. of rejections          175
 stored as   -83

 highest radius point found:
  at point    1.981   0.887 -16.821
  closest atom surface   14.395   H47 58  X    0
  2nd closest surface    14.396   H44 58  X    0
  found on step  987
  this is also current point
  no. of rejections          216
 stored as   -84

 highest radius point found:
  at point    2.001   0.888 -17.021
  closest atom surface   14.588   H47 58  X    0
  2nd closest surface    14.588   H44 58  X    0
  found on step  941
  this is also current point
  no. of rejections          229
 stored as   -85

 highest radius point found:
  at point    2.026   0.893 -17.221
  closest atom surface   14.779   H48 58  X    0
  2nd closest surface    14.779   H47 58  X    0
  found on step  924
  this is also current point
  no. of rejections          205
 stored as   -86

 highest radius point found:
  at point    2.041   0.898 -17.421
  closest atom surface   14.971   H44 58  X    0
  2nd closest surface    14.972   H48 58  X    0
  found on step  435
 current point:
  at point    2.050   0.898 -17.421
  closest atom surface   14.971   H48 58  X    0
  2nd closest surface    14.971   H47 58  X    0
  found on step  990
  no. of rejections          210
 stored as   -87

 highest radius point found:
  at point    2.067   0.904 -17.621
  closest atom surface   15.164   H48 58  X    0
  2nd closest surface    15.164   H47 58  X    0
  found on step  888
 current point:
  at point    2.067   0.904 -17.621
  closest atom surface   15.164   H48 58  X    0
  2nd closest surface    15.164   H47 58  X    0
  found on step  892
  no. of rejections          248
 stored as   -88

 highest radius point found:
  at point    2.087   0.910 -17.821
  closest atom surface   15.357   H48 58  X    0
  2nd closest surface    15.357   H47 58  X    0
  found on step  922
  this is also current point
  no. of rejections          203
 stored as   -89

 highest radius point found:
  at point    5.578   0.553 -18.021
  closest atom surface   15.603   H29 58  X    0
  2nd closest surface    15.604   H47 58  X    0
  found on step  944
  this is also current point
  no. of rejections          189
 stored as   -90

 highest radius point found:
  at point    5.593   0.554 -18.221
  closest atom surface   15.800   H29 58  X    0
  2nd closest surface    15.800   H48 58  X    0
  found on step  984
  this is also current point
  no. of rejections          203
 stored as   -91

 highest radius point found:
  at point    5.609   0.563 -18.421
  closest atom surface   15.996   H29 58  X    0
  2nd closest surface    15.997   H47 58  X    0
  found on step  962
  this is also current point
  no. of rejections          193
 stored as   -92

 highest radius point found:
  at point    5.642   0.571 -18.621
  closest atom surface   16.191   H29 58  X    0
  2nd closest surface    16.194   H47 58  X    0
  found on step  460
 current point:
  at point    5.744   0.605 -18.621
  closest atom surface   16.179   H29 58  X    0
  2nd closest surface    16.199   H47 58  X    0
  found on step  997
  no. of rejections          145
 stored as   -93

 highest radius point found:
  at point    5.648   0.576 -18.821
  closest atom surface   16.389   H29 58  X    0
  2nd closest surface    16.390   H47 58  X    0
  found on step  977
  this is also current point
  no. of rejections          163
 stored as   -94

 highest radius point found:
  at point    5.660   0.580 -19.021
  closest atom surface   16.586   H48 58  X    0
  2nd closest surface    16.586   H47 58  X    0
  found on step  974
  this is also current point
  no. of rejections          177
 stored as   -95

 highest radius point found:
  at point    5.682   0.592 -19.221
  closest atom surface   16.783   H47 58  X    0
  2nd closest surface    16.783   H29 58  X    0
  found on step  969
  this is also current point
  no. of rejections          163
 stored as   -96

 highest radius point found:
  at point    5.703   0.592 -19.421
  closest atom surface   16.980   H29 58  X    0
  2nd closest surface    16.980   H48 58  X    0
  found on step   35
 current point:
  at point    5.703   0.586 -19.421
  closest atom surface   16.979   H48 58  X    0
  2nd closest surface    16.980   H29 58  X    0
  found on step  999
  no. of rejections          190
 stored as   -97

 highest radius point found:
  at point    5.703   0.592 -19.621
  closest atom surface   17.173   H48 58  X    0
  2nd closest surface    17.177   H47 58  X    0
  found on step    1
 current point:
  at point    6.367  -0.026 -19.621
  closest atom surface   17.155   H48 58  X    0
  2nd closest surface    17.155   H29 58  X    0
  found on step  922
  no. of rejections          174
 stored as   -98

 highest radius point found:
  at point    5.738   0.604 -19.821
  closest atom surface   17.374   H29 58  X    0
  2nd closest surface    17.374   H48 58  X    0
  found on step  953
  this is also current point
  no. of rejections          165
 stored as   -99

 highest radius point found:
  at point    5.756   0.610 -20.021
  closest atom surface   17.571   H29 58  X    0
  2nd closest surface    17.571   H48 58  X    0
  found on step  742
 current point:
  at point    5.751   0.611 -20.021
  closest atom surface   17.571   H48 58  X    0
  2nd closest surface    17.571   H47 58  X    0
  found on step  976
  no. of rejections          170
 stored as  -100

 highest radius point found:
  at point    5.773   0.614 -20.221
  closest atom surface   17.768   H48 58  X    0
  2nd closest surface    17.768   H29 58  X    0
  found on step  980
  this is also current point
  no. of rejections          140
 stored as  -101

 highest radius point found:
  at point    5.794   0.619 -20.421
  closest atom surface   17.965   H48 58  X    0
  2nd closest surface    17.966   H29 58  X    0
  found on step  989
  this is also current point
  no. of rejections          139
 stored as  -102

 highest radius point found:
  at point    7.245  -0.678 -20.621
  closest atom surface   18.171   H29 58  X    0
  2nd closest surface    18.179   H25 58  X    0
  found on step  611
 current point:
  at point    7.348  -1.011 -20.621
  closest atom surface   18.167   H25 58  X    0
  2nd closest surface    18.167   H48 58  X    0
  found on step  986
  no. of rejections          164
 stored as  -103

 highest radius point found:
  at point    7.213  -0.693 -20.821
  closest atom surface   18.372   H29 58  X    0
  2nd closest surface    18.373   H48 58  X    0
  found on step  142
 current point:
  at point    7.431  -1.162 -20.821
  closest atom surface   18.361   H25 58  X    0
  2nd closest surface    18.361   H48 58  X    0
  found on step  974
  no. of rejections          124
 stored as  -104

 highest radius point found:
  at point    7.255  -0.714 -21.021
  closest atom surface   18.573   H29 58  X    0
  2nd closest surface    18.573   H48 58  X    0
  found on step   35
 current point:
  at point    7.708  -1.756 -21.021
  closest atom surface   18.557   H25 58  X    0
  2nd closest surface    18.560   H48 58  X    0
  found on step  996
  no. of rejections          162
 stored as  -105

 highest radius point found:
  at point   10.715   1.911 -21.221
  closest atom surface   18.964   H29 58  X    0
  2nd closest surface    19.091   H25 58  X    0
  found on step  999
  this is also current point
  no. of rejections           93
 stored as  -106

 highest radius point found:
  at point   16.702   6.706 -21.421
  closest atom surface   21.618   H29 58  X    0
  2nd closest surface    21.703   C19 58  X    0
  found on step  999
  this is also current point
  no. of rejections          147
 stored as  -107

 highest radius point found:
  at point   23.328  12.749 -21.621
  closest atom surface   26.986   H27 58  X    0
  2nd closest surface    26.997   C19 58  X    0
  found on step 1000
  this is also current point
  no. of rejections          193
 This is an end! (radius above  22.0 angs)
 
 N.b. Graph information routine (HOGRAP) differs 
        markedly from previous versions!
       Information now is written from -ve end
       to +ve in one pass
 
 Explanation of the meaning of each column: 
 First column "cenxyz.cvec" is the coordinate in the
   direction of the channel vector i.e. if the channel
   vector is in z (0 0 1) then it is the z coordinate.
 The second column "radius" is the hole pore radius 
   (as defined in the Biophys J 1993) article).
 The third column "cen_line_D" is the distance 
   measured along the pore centre line - with the 
   first point found set to zero. This was the first
   thing that I used to measure the distance along a pore
   but "cenxyz.cvec" is a much better general measure. 
   However, by comparing changes in this distance to changes in '   "cenxyz.cvec" one can get a measure of how straight a 
   channel is.
 The fourth column "sum{s/(area)}" is useful in conductance
   prediction -
   basically it is the sum of the thickness of each slab
   divided by its area. HOLE uses this measure to estimate
   the macroscopic conductance of a channel.
 If any of this worries you one can see the "raw" results
   of a standard hole run by producing a sphpdb file and 
    directly looking at the results.
 cenxyz.cvec      radius  cen_line_D sum{s/(area point sourc
   -21.42100    21.61813   -38.30912     0.00007   (sampled)
   -21.32100    19.98466   -34.47273     0.00015 (mid-point)
   -21.22100    18.96416   -30.63635     0.00024   (sampled)
   -21.12100    18.64945   -28.46249     0.00033 (mid-point)
   -21.02100    18.57256   -26.28863     0.00042   (sampled)
   -20.92100    18.47228   -26.18593     0.00051 (mid-point)
   -20.82100    18.37202   -26.08323     0.00061   (sampled)
   -20.72100    18.27157   -25.98168     0.00070 (mid-point)
   -20.62100    18.17112   -25.88012     0.00080   (sampled)
   -20.52100    18.04350   -24.90184     0.00090 (mid-point)
   -20.42100    17.96538   -23.92355     0.00100   (sampled)
   -20.32100    17.86663   -23.82296     0.00110 (mid-point)
   -20.22100    17.76790   -23.72237     0.00120   (sampled)
   -20.12100    17.66956   -23.62200     0.00130 (mid-point)
   -20.02100    17.57103   -23.52163     0.00140   (sampled)
   -19.92100    17.47241   -23.42119     0.00151 (mid-point)
   -19.82100    17.37381   -23.32076     0.00161   (sampled)
   -19.72100    17.27377   -23.21906     0.00172 (mid-point)
   -19.62100    17.17345   -23.11736     0.00183   (sampled)
   -19.52100    17.07688   -23.01736     0.00193 (mid-point)
   -19.42100    16.97959   -22.91736     0.00205   (sampled)
   -19.32100    16.88117   -22.81681     0.00216 (mid-point)
   -19.22100    16.78267   -22.71627     0.00227   (sampled)
   -19.12100    16.68450   -22.61548     0.00238 (mid-point)
   -19.02100    16.58567   -22.51468     0.00250   (sampled)
   -18.92100    16.48783   -22.41448     0.00262 (mid-point)
   -18.82100    16.38912   -22.31428     0.00274   (sampled)
   -18.72100    16.29011   -22.21421     0.00286 (mid-point)
   -18.62100    16.19112   -22.11413     0.00298   (sampled)
   -18.52100    16.09364   -22.01273     0.00310 (mid-point)
   -18.42100    15.99620   -21.91132     0.00322   (sampled)
   -18.32100    15.89790   -21.81090     0.00335 (mid-point)
   -18.22100    15.79963   -21.71049     0.00348   (sampled)
   -18.12100    15.70121   -21.61018     0.00361 (mid-point)
   -18.02100    15.60282   -21.50988     0.00374   (sampled)
   -17.92100    15.38692   -19.75234     0.00387 (mid-point)
   -17.82100    15.35672   -17.99479     0.00401   (sampled)
   -17.72100    15.26030   -17.89427     0.00414 (mid-point)
   -17.62100    15.16393   -17.79375     0.00428   (sampled)
   -17.52100    15.06786   -17.69284     0.00442 (mid-point)
   -17.42100    14.97122   -17.59193     0.00456   (sampled)
   -17.32100    14.87550   -17.49164     0.00471 (mid-point)
   -17.22100    14.77920   -17.39134     0.00485   (sampled)
   -17.12100    14.68336   -17.29049     0.00500 (mid-point)
   -17.02100    14.58756   -17.18964     0.00515   (sampled)
   -16.92100    14.49114   -17.08916     0.00530 (mid-point)
   -16.82100    14.39477   -16.98869     0.00546   (sampled)
   -16.72100    14.29932   -16.88817     0.00561 (mid-point)
   -16.62100    14.20218   -16.78766     0.00577   (sampled)
   -16.52100    14.10756   -16.68667     0.00593 (mid-point)
   -16.42100    14.01255   -16.58567     0.00609   (sampled)
   -16.32100    13.91528   -16.48224     0.00626 (mid-point)
   -16.22100    13.81576   -16.37881     0.00642   (sampled)
   -16.12100    13.72342   -16.27881     0.00659 (mid-point)
   -16.02100    13.63119   -16.17881     0.00676   (sampled)
   -15.92100    13.53580   -16.07823     0.00694 (mid-point)
   -15.82100    13.44048   -15.97765     0.00711   (sampled)
   -15.72100    13.34552   -15.87754     0.00729 (mid-point)
   -15.62100    13.24946   -15.77743     0.00747   (sampled)
   -15.52100    13.15426   -15.67479     0.00766 (mid-point)
   -15.42100    13.05751   -15.57216     0.00784   (sampled)
   -15.32100    12.96343   -15.47216     0.00803 (mid-point)
   -15.22100    12.86837   -15.37216     0.00823   (sampled)
   -15.12100    12.77359   -15.27093     0.00842 (mid-point)
   -15.02100    12.67863   -15.16969     0.00862   (sampled)
   -14.92100    12.58305   -15.06892     0.00882 (mid-point)
   -14.82100    12.48754   -14.96814     0.00902   (sampled)
   -14.72100    12.39321   -14.86761     0.00923 (mid-point)
   -14.62100    12.29855   -14.76708     0.00944   (sampled)
   -14.52100    12.20385   -14.66620     0.00966 (mid-point)
   -14.42100    12.10882   -14.56532     0.00987   (sampled)
   -14.32100    12.01461   -14.46486     0.01009 (mid-point)
   -14.22100    11.91973   -14.36440     0.01032   (sampled)
   -14.12100    11.82493   -14.26400     0.01054 (mid-point)
   -14.02100    11.73021   -14.16360     0.01078   (sampled)
   -13.92100    11.63714   -14.06145     0.01101 (mid-point)
   -13.82100    11.54083   -13.95929     0.01125   (sampled)
   -13.72100    11.44809   -13.85897     0.01149 (mid-point)
   -13.62100    11.35506   -13.75865     0.01174   (sampled)
   -13.52100    11.26079   -13.65828     0.01199 (mid-point)
   -13.42100    11.16663   -13.55791     0.01225   (sampled)
   -13.32100    11.07337   -13.45651     0.01251 (mid-point)
   -13.22100    10.98024   -13.35511     0.01277   (sampled)
   -13.12100    10.88702   -13.25457     0.01304 (mid-point)
   -13.02100    10.79380   -13.15403     0.01331   (sampled)
   -12.92100    10.69997   -13.05357     0.01359 (mid-point)
   -12.82100    10.60624   -12.95310     0.01387   (sampled)
   -12.72100    10.51397   -12.85202     0.01416 (mid-point)
   -12.62100    10.42144   -12.75093     0.01445   (sampled)
   -12.52100    10.32882   -12.65003     0.01475 (mid-point)
   -12.42100    10.23633   -12.54912     0.01506   (sampled)
   -12.32100    10.14293   -12.44663     0.01537 (mid-point)
   -12.22100    10.04952   -12.34414     0.01568   (sampled)
   -12.12100     9.95867   -12.24408     0.01600 (mid-point)
   -12.02100     9.86749   -12.14401     0.01633   (sampled)
   -11.92100     9.77492   -12.04277     0.01666 (mid-point)
   -11.82100     9.68217   -11.94153     0.01700   (sampled)
   -11.72100     9.59167   -11.84091     0.01735 (mid-point)
   -11.62100     9.50134   -11.74029     0.01770   (sampled)
   -11.52100     9.40953   -11.63900     0.01806 (mid-point)
   -11.42100     9.31762   -11.53771     0.01843   (sampled)
   -11.32100     9.22733   -11.43761     0.01880 (mid-point)
   -11.22100     9.13722   -11.33750     0.01918   (sampled)
   -11.12100     9.04596   -11.23505     0.01957 (mid-point)
   -11.02100     8.95493   -11.13259     0.01997   (sampled)
   -10.92100     8.86509   -11.03259     0.02037 (mid-point)
   -10.82100     8.77545   -10.93259     0.02078   (sampled)
   -10.72100     8.68476   -10.83209     0.02121 (mid-point)
   -10.62100     8.59426   -10.73160     0.02164   (sampled)
   -10.52100     8.50796   -10.62908     0.02208 (mid-point)
   -10.42100     8.41535   -10.52657     0.02253   (sampled)
   -10.32100     8.32841   -10.42593     0.02299 (mid-point)
   -10.22100     8.24172   -10.32530     0.02345   (sampled)
   -10.12100     8.15376   -10.22430     0.02393 (mid-point)
   -10.02100     8.06566   -10.12329     0.02442   (sampled)
    -9.92100     7.97767   -10.02215     0.02492 (mid-point)
    -9.82100     7.88975    -9.92102     0.02543   (sampled)
    -9.72100     7.80284    -9.82077     0.02596 (mid-point)
    -9.62100     7.71618    -9.72052     0.02649   (sampled)
    -9.52100     7.62947    -9.61975     0.02704 (mid-point)
    -9.42100     7.54304    -9.51898     0.02760   (sampled)
    -9.32100     7.45690    -9.41820     0.02817 (mid-point)
    -9.22100     7.37105    -9.31742     0.02876   (sampled)
    -9.12100     7.28511    -9.21691     0.02936 (mid-point)
    -9.02100     7.19909    -9.11640     0.02997   (sampled)
    -8.92100     7.11456    -9.01555     0.03060 (mid-point)
    -8.82100     7.03036    -8.91470     0.03124   (sampled)
    -8.72100     6.94640    -8.81313     0.03190 (mid-point)
    -8.62100     6.86237    -8.71156     0.03258   (sampled)
    -8.52100     6.77834    -8.60992     0.03327 (mid-point)
    -8.42100     6.69474    -8.50829     0.03398   (sampled)
    -8.32100     6.61317    -8.40817     0.03471 (mid-point)
    -8.22100     6.53109    -8.30806     0.03546   (sampled)
    -8.12100     6.44886    -8.20742     0.03622 (mid-point)
    -8.02100     6.36705    -8.10679     0.03701   (sampled)
    -7.92100     6.28543    -8.00509     0.03781 (mid-point)
    -7.82100     6.20414    -7.90340     0.03864   (sampled)
    -7.72100     6.12271    -7.80330     0.03949 (mid-point)
    -7.62100     6.04171    -7.70320     0.04036   (sampled)
    -7.52100     5.96012    -7.60158     0.04126 (mid-point)
    -7.42100     5.87899    -7.49995     0.04218   (sampled)
    -7.32100     5.79873    -7.39938     0.04312 (mid-point)
    -7.22100     5.71896    -7.29880     0.04410   (sampled)
    -7.12100     5.63857    -7.19793     0.04510 (mid-point)
    -7.02100     5.55868    -7.09705     0.04613   (sampled)
    -6.92100     5.48337    -6.99681     0.04719 (mid-point)
    -6.82100     5.40820    -6.89657     0.04828   (sampled)
    -6.72100     5.33050    -6.79553     0.04940 (mid-point)
    -6.62100     5.25219    -6.69448     0.05055   (sampled)
    -6.52100     5.17795    -6.59402     0.05174 (mid-point)
    -6.42100     5.10437    -6.49356     0.05296   (sampled)
    -6.32100     5.03062    -6.39303     0.05422 (mid-point)
    -6.22100     4.95668    -6.29250     0.05551   (sampled)
    -6.12100     4.88307    -6.19218     0.05685 (mid-point)
    -6.02100     4.81015    -6.09186     0.05822   (sampled)
    -5.92100     4.73858    -5.99059     0.05964 (mid-point)
    -5.82100     4.66781    -5.88931     0.06110   (sampled)
    -5.72100     4.59678    -5.78923     0.06261 (mid-point)
    -5.62100     4.52654    -5.68915     0.06416   (sampled)
    -5.52100     4.45973    -5.58736     0.06576 (mid-point)
    -5.42100     4.39385    -5.48557     0.06741   (sampled)
    -5.32100     4.32743    -5.38478     0.06911 (mid-point)
    -5.22100     4.26195    -5.28399     0.07086   (sampled)
    -5.12100     4.19685    -5.18292     0.07267 (mid-point)
    -5.02100     4.13276    -5.08185     0.07453   (sampled)
    -4.92100     4.06998    -4.98158     0.07645 (mid-point)
    -4.82100     4.00825    -4.88131     0.07844   (sampled)
    -4.72100     3.94840    -4.78047     0.08048 (mid-point)
    -4.62100     3.88964    -4.67963     0.08258   (sampled)
    -4.52100     3.83041    -4.57774     0.08475 (mid-point)
    -4.42100     3.77234    -4.47586     0.08699   (sampled)
    -4.32100     3.71755    -4.37574     0.08929 (mid-point)
    -4.22100     3.66362    -4.27561     0.09166   (sampled)
    -4.12100     3.61015    -4.17485     0.09411 (mid-point)
    -4.02100     3.55803    -4.07409     0.09662   (sampled)
    -3.92100     3.50799    -3.97335     0.09921 (mid-point)
    -3.82100     3.45921    -3.87261     0.10187   (sampled)
    -3.72100     3.41045    -3.77221     0.10460 (mid-point)
    -3.62100     3.36287    -3.67182     0.10742   (sampled)
    -3.52100     3.32047    -3.57066     0.11030 (mid-point)
    -3.42100     3.27862    -3.46951     0.11327   (sampled)
    -3.32100     3.23602    -3.36780     0.11631 (mid-point)
    -3.22100     3.19511    -3.26609     0.11942   (sampled)
    -3.12100     3.15859    -3.16588     0.12261 (mid-point)
    -3.02100     3.12382    -3.06566     0.12588   (sampled)
    -2.92100     3.08957    -2.96494     0.12921 (mid-point)
    -2.82100     3.05695    -2.86422     0.13262   (sampled)
    -2.72100     3.02552    -2.76320     0.13609 (mid-point)
    -2.62100     2.99575    -2.66217     0.13964   (sampled)
    -2.52100     2.97011    -2.56175     0.14325 (mid-point)
    -2.42100     2.94595    -2.46134     0.14692   (sampled)
    -2.32100     2.92302    -2.36062     0.15064 (mid-point)
    -2.22100     2.90185    -2.25990     0.15442   (sampled)
    -2.12100     2.88276    -2.15876     0.15825 (mid-point)
    -2.02100     2.86525    -2.05763     0.16213   (sampled)
    -1.92100     2.85090    -1.95667     0.16605 (mid-point)
    -1.82100     2.83868    -1.85572     0.17000   (sampled)
    -1.72100     2.82609    -1.75563     0.17398 (mid-point)
    -1.62100     2.81562    -1.65555     0.17800   (sampled)
    -1.52100     2.81071    -1.55389     0.18203 (mid-point)
    -1.42100     2.80802    -1.45223     0.18606   (sampled)
    -1.32100     2.80617    -1.34720     0.19011 (mid-point)
    -1.22100     2.80669    -1.24217     0.19415   (sampled)
    -1.12100     2.81034    -1.14202     0.19818 (mid-point)
    -1.02100     2.81598    -1.04187     0.20219   (sampled)
    -0.92100     2.82190    -0.93477     0.20619 (mid-point)
    -0.82100     2.83011    -0.82768     0.21016   (sampled)
    -0.72100     2.84186    -0.72543     0.21410 (mid-point)
    -0.62100     2.85581    -0.62319     0.21801   (sampled)
    -0.52100     2.86897    -0.51790     0.22187 (mid-point)
    -0.42100     2.88444    -0.41260     0.22570   (sampled)
    -0.32100     2.87887    -0.30980     0.22954 (mid-point)
    -0.22100     2.87552    -0.20700     0.23339   (sampled)
    -0.12100     2.87435    -0.10350     0.23724 (mid-point)
    -0.02100     2.87533     0.00000     0.24109   (sampled)
     0.07900     2.87864     0.10437     0.24493 (mid-point)
     0.17900     2.88291     0.20875     0.24876   (sampled)
     0.27900     2.88862     0.31181     0.25258 (mid-point)
     0.37900     2.89405     0.41487     0.25638   (sampled)
     0.47900     2.87733     0.51499     0.26022 (mid-point)
     0.57900     2.86268     0.61510     0.26411   (sampled)
     0.67900     2.84870     0.71516     0.26803 (mid-point)
     0.77900     2.83623     0.81523     0.27199   (sampled)
     0.87900     2.82634     0.91548     0.27597 (mid-point)
     0.97900     2.81823     1.01572     0.27998   (sampled)
     1.07900     2.81195     1.11796     0.28401 (mid-point)
     1.17900     2.80790     1.22020     0.28804   (sampled)
     1.27900     2.80701     1.32037     0.29208 (mid-point)
     1.37900     2.80828     1.42053     0.29612   (sampled)
     1.47900     2.81085     1.52124     0.30015 (mid-point)
     1.57900     2.81559     1.62194     0.30416   (sampled)
     1.67900     2.82285     1.72204     0.30816 (mid-point)
     1.77900     2.83224     1.82214     0.31213   (sampled)
     1.87900     2.84369     1.92236     0.31606 (mid-point)
     1.97900     2.85725     2.02257     0.31996   (sampled)
     2.07900     2.87219     2.12562     0.32382 (mid-point)
     2.17900     2.88931     2.22867     0.32763   (sampled)
     2.27900     2.90953     2.32954     0.33139 (mid-point)
     2.37900     2.93179     2.43040     0.33510   (sampled)
     2.47900     2.95537     2.53062     0.33874 (mid-point)
     2.57900     2.98075     2.63084     0.34232   (sampled)
     2.67900     3.00810     2.73195     0.34584 (mid-point)
     2.77900     3.03673     2.83306     0.34929   (sampled)
     2.87900     3.06859     2.93314     0.35267 (mid-point)
     2.97900     3.10226     3.03321     0.35598   (sampled)
     3.07900     3.13731     3.13331     0.35921 (mid-point)
     3.17900     3.17412     3.23342     0.36237   (sampled)
     3.27900     3.21212     3.33355     0.36546 (mid-point)
     3.37900     3.25181     3.43369     0.36847   (sampled)
     3.47900     3.29297     3.56625     0.37140 (mid-point)
     3.57900     3.33668     3.69880     0.37426   (sampled)
     3.67900     3.38164     3.82358     0.37705 (mid-point)
     3.77900     3.42865     3.94837     0.37975   (sampled)
     3.87900     3.47584     4.09601     0.38239 (mid-point)
     3.97900     3.52668     4.24365     0.38495   (sampled)
     4.07900     3.57774     4.34431     0.38744 (mid-point)
     4.17900     3.63018     4.44498     0.38985   (sampled)
     4.27900     3.68383     4.54523     0.39220 (mid-point)
     4.37900     3.73876     4.64548     0.39447   (sampled)
     4.47900     3.79487     4.74582     0.39668 (mid-point)
     4.57900     3.85220     4.84616     0.39883   (sampled)
     4.67900     3.91073     4.94730     0.40091 (mid-point)
     4.77900     3.97043     5.04845     0.40293   (sampled)
     4.87900     4.03160     5.14877     0.40489 (mid-point)
     4.97900     4.09384     5.24909     0.40679   (sampled)
     5.07900     4.15681     5.35069     0.40863 (mid-point)
     5.17900     4.22082     5.45229     0.41042   (sampled)
     5.27900     4.28669     5.55269     0.41215 (mid-point)
     5.37900     4.35131     5.65310     0.41383   (sampled)
     5.47900     4.41884     5.75395     0.41546 (mid-point)
     5.57900     4.48677     5.85481     0.41704   (sampled)
     5.67900     4.55629     5.95523     0.41857 (mid-point)
     5.77900     4.62558     6.05565     0.42006   (sampled)
     5.87900     4.69563     6.15585     0.42151 (mid-point)
     5.97900     4.76645     6.25606     0.42291   (sampled)
     6.07900     4.83833     6.35640     0.42427 (mid-point)
     6.17900     4.91093     6.45675     0.42559   (sampled)
     6.27900     4.98429     6.55761     0.42687 (mid-point)
     6.37900     5.05834     6.65846     0.42811   (sampled)
     6.47900     5.13310     6.75899     0.42932 (mid-point)
     6.57900     5.20830     6.85952     0.43049   (sampled)
     6.67900     5.28424     6.96214     0.43163 (mid-point)
     6.77900     5.36001     7.06475     0.43274   (sampled)
     6.87900     5.43802     7.16484     0.43382 (mid-point)
     6.97900     5.51592     7.26493     0.43486   (sampled)
     7.07900     5.59343     7.36615     0.43588 (mid-point)
     7.17900     5.67150     7.46737     0.43687   (sampled)
     7.27900     5.75093     7.56738     0.43783 (mid-point)
     7.37900     5.83085     7.66740     0.43877   (sampled)
     7.47900     5.91141     7.76888     0.43968 (mid-point)
     7.57900     5.99246     7.87037     0.44057   (sampled)
     7.67900     6.07403     7.97190     0.44143 (mid-point)
     7.77900     6.15594     8.07344     0.44227   (sampled)
     7.87900     6.23794     8.17344     0.44309 (mid-point)
     7.97900     6.31847     8.27344     0.44388   (sampled)
     8.07900     6.40177     8.37397     0.44466 (mid-point)
     8.17900     6.48545     8.47449     0.44542   (sampled)
     8.27900     6.57008     8.57681     0.44616 (mid-point)
     8.37900     6.65393     8.67914     0.44687   (sampled)
     8.47900     6.73874     8.77962     0.44758 (mid-point)
     8.57900     6.82388     8.88010     0.44826   (sampled)
     8.67900     6.90871     8.98111     0.44893 (mid-point)
     8.77900     6.99388     9.08211     0.44958   (sampled)
     8.87900     7.07971     9.18255     0.45021 (mid-point)
     8.97900     7.16585     9.28299     0.45083   (sampled)
     9.07900     7.25242     9.38321     0.45144 (mid-point)
     9.17900     7.33843     9.48343     0.45203   (sampled)
     9.27900     7.42595     9.58464     0.45261 (mid-point)
     9.37900     7.51302     9.68586     0.45317   (sampled)
     9.47900     7.59992     9.78686     0.45372 (mid-point)
     9.57900     7.68595     9.88787     0.45426   (sampled)
     9.67900     7.77343     9.98816     0.45479 (mid-point)
     9.77900     7.86118    10.08845     0.45530   (sampled)
     9.87900     7.94849    10.19019     0.45580 (mid-point)
     9.97900     8.03610    10.29193     0.45630   (sampled)
    10.07900     8.12400    10.39198     0.45678 (mid-point)
    10.17900     8.21167    10.49204     0.45725   (sampled)
    10.27900     8.29925    10.59204     0.45771 (mid-point)
    10.37900     8.38695    10.69204     0.45817   (sampled)
    10.47900     8.47575    10.79343     0.45861 (mid-point)
    10.57900     8.56403    10.89482     0.45904   (sampled)
    10.67900     8.65255    10.99552     0.45947 (mid-point)
    10.77900     8.74098    11.09623     0.45989   (sampled)
    10.87900     8.82996    11.19725     0.46029 (mid-point)
    10.97900     8.91864    11.29828     0.46069   (sampled)
    11.07900     9.00849    11.39841     0.46109 (mid-point)
    11.17900     9.09848    11.49855     0.46147   (sampled)
    11.27900     9.18661    11.59856     0.46185 (mid-point)
    11.37900     9.27496    11.69856     0.46222   (sampled)
    11.47900     9.36664    11.80083     0.46258 (mid-point)
    11.57900     9.45843    11.90310     0.46294   (sampled)
    11.67900     9.54887    12.00361     0.46329 (mid-point)
    11.77900     9.63942    12.10412     0.46363   (sampled)
    11.87900     9.73062    12.20610     0.46396 (mid-point)
    11.97900     9.82143    12.30808     0.46429   (sampled)
    12.07900     9.91282    12.40808     0.46462 (mid-point)
    12.17900    10.00346    12.50808     0.46494   (sampled)
    12.27900    10.09444    12.60821     0.46525 (mid-point)
    12.37900    10.18557    12.70834     0.46556   (sampled)
    12.47900    10.27901    12.81153     0.46586 (mid-point)
    12.57900    10.37149    12.91472     0.46615   (sampled)
    12.67900    10.46328    13.01472     0.46644 (mid-point)
    12.77900    10.55383    13.11472     0.46673   (sampled)
    12.87900    10.64507    13.37180     0.46701 (mid-point)
    12.97900    10.73910    13.62889     0.46729   (sampled)
    13.07900    10.83105    13.83797     0.46756 (mid-point)
    13.17900    10.92588    14.04704     0.46782   (sampled)
    13.27900    11.01902    14.14802     0.46809 (mid-point)
    13.37900    11.11210    14.24900     0.46834   (sampled)
    13.47900    11.20378    14.49093     0.46860 (mid-point)
    13.57900    11.29927    14.73286     0.46885   (sampled)
    13.67900    11.39319    14.83364     0.46909 (mid-point)
    13.77900    11.48711    14.93442     0.46933   (sampled)
    13.87900    11.58052    15.03629     0.46957 (mid-point)
    13.97900    11.67395    15.13817     0.46980   (sampled)
    14.07900    11.76807    15.23817     0.47003 (mid-point)
    14.17900    11.86170    15.33817     0.47026   (sampled)
    14.27900    11.95588    15.43852     0.47048 (mid-point)
    14.37900    12.05016    15.53887     0.47070   (sampled)
    14.47900    12.14592    15.66245     0.47092 (mid-point)
    14.57900    12.24197    15.78603     0.47113   (sampled)
    14.67900    12.33627    15.88659     0.47134 (mid-point)
    14.77900    12.43050    15.98714     0.47155   (sampled)
    14.87900    12.52584    16.09334     0.47175 (mid-point)
    14.97900    12.62078    16.19954     0.47195   (sampled)
    15.07900    12.71599    16.29954     0.47215 (mid-point)
    15.17900    12.81072    16.39955     0.47234   (sampled)
    15.27900    12.90654    16.50102     0.47253 (mid-point)
    15.37900    13.00243    16.60250     0.47272   (sampled)
    15.47900    13.09709    16.70250     0.47290 (mid-point)
    15.57900    13.19182    16.80250     0.47309   (sampled)
    15.67900    13.28663    16.90250     0.47327 (mid-point)
    15.77900    13.38150    17.00250     0.47345   (sampled)
    15.87900    13.47909    17.10831     0.47362 (mid-point)
    15.97900    13.57519    17.21413     0.47379   (sampled)
    16.07900    13.67101    17.31413     0.47396 (mid-point)
    16.17900    13.76690    17.41413     0.47413   (sampled)
    16.27900    13.86288    17.51514     0.47430 (mid-point)
    16.37900    13.95887    17.61615     0.47446   (sampled)
    16.47900    14.05493    17.71641     0.47462 (mid-point)
    16.57900    14.15070    17.81667     0.47478   (sampled)
    16.67900    14.24658    17.91667     0.47494 (mid-point)
    16.77900    14.34203    18.01667     0.47509   (sampled)
    16.87900    14.43838    18.11765     0.47524 (mid-point)
    16.97900    14.53378    18.21863     0.47540   (sampled)
    17.07900    14.63013    18.31863     0.47554 (mid-point)
    17.17900    14.72652    18.41863     0.47569   (sampled)
    17.27900    14.82296    18.51863     0.47584 (mid-point)
    17.37900    14.91945    18.61863     0.47598   (sampled)
    17.47900    15.01729    18.72832     0.47612 (mid-point)
    17.57900    15.11527    18.83801     0.47626   (sampled)
    17.67900    15.21136    18.93833     0.47640 (mid-point)
    17.77900    15.30749    19.03864     0.47653   (sampled)
    17.87900    15.39806    19.50818     0.47667 (mid-point)
    17.97900    15.49966    19.97772     0.47680   (sampled)
    18.07900    15.59225    20.41408     0.47693 (mid-point)
    18.17900    15.69532    20.85045     0.47706   (sampled)
    18.27900    15.79259    20.95045     0.47719 (mid-point)
    18.37900    15.88947    21.05046     0.47731   (sampled)
    18.47900    15.98147    21.54967     0.47744 (mid-point)
    18.57900    16.08649    22.04888     0.47756   (sampled)
    18.67900    16.18420    22.15092     0.47768 (mid-point)
    18.77900    16.28197    22.25295     0.47780   (sampled)
    18.87900    16.37753    22.88816     0.47792 (mid-point)
    18.97900    16.49565    23.52336     0.47804   (sampled)
    19.07900    16.59428    23.62370     0.47815 (mid-point)
    19.17900    16.69292    23.72404     0.47827   (sampled)
    19.27900    16.79145    23.82408     0.47838 (mid-point)
    19.37900    16.88995    23.92412     0.47849   (sampled)
    19.47900    16.98771    24.02412     0.47860 (mid-point)
    19.57900    17.08550    24.12412     0.47871   (sampled)
    19.67900    17.18492    24.22442     0.47882 (mid-point)
    19.77900    17.28368    24.32472     0.47893   (sampled)
    19.87900    17.38206    24.42491     0.47903 (mid-point)
    19.97900    17.48035    24.52509     0.47914   (sampled)
    20.07900    17.57846    24.62587     0.47924 (mid-point)
    20.17900    17.67659    24.72666     0.47934   (sampled)
    20.27900    17.77559    24.82666     0.47944 (mid-point)
    20.37900    17.87460    24.92666     0.47954   (sampled)
    20.47900    17.97363    25.02666     0.47964 (mid-point)
    20.57900    18.07259    25.12666     0.47974   (sampled)
    20.67900    18.17120    25.22668     0.47983 (mid-point)
    20.77900    18.26965    25.32671     0.47993   (sampled)
    20.87900    18.36862    25.42688     0.48002 (mid-point)
    20.97900    18.46709    25.52705     0.48012   (sampled)
    21.07900    18.56578    25.62710     0.48021 (mid-point)
    21.17900    18.66447    25.72715     0.48030   (sampled)
    21.27900    18.76282    25.82738     0.48039 (mid-point)
    21.37900    18.86119    25.92761     0.48048   (sampled)
    21.47900    18.96032    26.02761     0.48057 (mid-point)
    21.57900    19.05947    26.12761     0.48066   (sampled)
    21.67900    19.15815    26.22774     0.48074 (mid-point)
    21.77900    19.25685    26.32787     0.48083   (sampled)
    21.87900    19.35602    26.42787     0.48091 (mid-point)
    21.97900    19.45460    26.52787     0.48100   (sampled)
    22.07900    19.55362    26.62797     0.48108 (mid-point)
    22.17900    19.65265    26.72806     0.48116   (sampled)
    22.27900    19.75091    26.82863     0.48124 (mid-point)
    22.37900    19.84919    26.92920     0.48133   (sampled)
    22.47900    19.94821    27.02940     0.48141 (mid-point)
    22.57900    20.04724    27.12959     0.48148   (sampled)
    22.67900    20.14554    27.22959     0.48156 (mid-point)
    22.77900    20.24385    27.32959     0.48164   (sampled)
    22.87900    20.34374    27.43006     0.48172 (mid-point)
    22.97900    20.44364    27.53052     0.48179   (sampled)
    23.07900    20.54254    27.63087     0.48187 (mid-point)
    23.17900    20.64134    27.73123     0.48194   (sampled)
    23.27900    20.74064    27.83123     0.48202 (mid-point)
    23.37900    20.83980    27.93123     0.48209   (sampled)
    23.47900    20.93842    28.03177     0.48216 (mid-point)
    23.57900    21.03670    28.13230     0.48224   (sampled)
    23.67900    21.13648    28.23247     0.48231 (mid-point)
    23.77900    21.23577    28.33264     0.48238   (sampled)
    23.87900    21.33484    28.43271     0.48245 (mid-point)
    23.97900    21.43389    28.53278     0.48252   (sampled)
    24.07900    21.53289    28.63283     0.48259 (mid-point)
    24.17900    21.63190    28.73288     0.48265   (sampled)
    24.27900    21.73086    28.83298     0.48272 (mid-point)
    24.37900    21.82983    28.93308     0.48279   (sampled)

 Minimum radius found:      2.806 angstroms.



 For spherical probe approach, The geometric factor
         F= sum(ds/area) along channel is    0.483 angstroms**-1
 This yields a macroscopic predicted molar conductance of:
   (1/rho)*(100/F)= (210/rho) pS,
   where rho is the conductivity of 1M permeant ion in ohm m.
 N.B. this is a macroscopic conductance - an overestimate 
 Empirically corrected conductances currently only available
 With the CAPSULE option (although its not that stable!)
 For 1M KCl rho= 1/12 (ohm m), So Gmacro= 2500 pS/M.
  (TAG      1   Rmin=     2.80617   Gmacro=  2485.56366 Conn_Gmacro=    -1.00000 ).
 HOLE: normal completion
