 *** Program HOLE ***
 
 If results of this run are reported or published, please
 cite the publication listed below.
 For the HOLE program:
   Smart, O.S., Goodfellow, J.M., Wallace, B.A. (1993). 
   The pore dimensions of gramicidin A. 
   Biophys. J., 65, 2455-2460.
 
 Originally written by Oliver Smart at Birkbeck College from April 1992.
 Copyright 1993-2005 Oliver Smart
 Copyright 2014-2015 SmartSci Limited.
 Copyright 2016 Oliver Smart.
 
 For help on HOLE suite see  http://www.holeprogram.org/
 
 HOLE release 2.2.005 (07 August 2016) 
 
 usage subject to Apache License, Version 2.0 
 see http://www.apache.org/licenses/LICENSE-2.0 

 Control variables read:

! Input file for Oliver Smart's HOLE program
! written by MDAnalysis.analysis.hole2.HoleAnalysis
! for a Universe
! u = mda.Universe(host_asb29.mol2
!    host_asb29.mol2
!   )
! Frame 0

COORD  /tmp/tmp5sriwzgk.pdb
RADIUS simple2.rad
SPHPDB hole000.sph
SAMPLE 0.200000
ENDRAD 22.000000
IGNORE SOL WAT TIP HOH K   NA  CL
SHORTO 0
RASEED 31415
CPOINT 0.0002446520 0.0005425618 0.0001702077


 WARNING have not found a CVECT record - will try to guess
 Input pdb filename read as:    '/tmp/tmp5sriwzgk.pdb'
 Input vdW radius file read as: 'simple2.rad'
 point in channel:    0.000   0.001   0.000
 channel vector:   ************************
 sampling distance between planes:    0.200

 graphics conditions:
 binary plot output file name: NONE
 Dot density:    10
 Draw dots?           T
 Draw close contacts? F
 Draw centre line?    T
 Produce spikes rather than dots? F
 Seed for random number generator:     31415 (0 means value set by program)
 Radius above which a result is regarded as an 'end':  22.000
 Pdb format file for sphere centres: hole000.sph

 Monte Carlo conditions:
  no of steps:  1000
  maximum displacement   0.100 angs
  'kT' initial   0.100 angs
 The spherebox and capsule options are turned off.
 (No molqpt card so will not write qpt file of the molecule)
 IGNORE card read so will ignore residue types: SOL WAT TIP HOH K   NA  CL
 no SHORTO card read so will produce full textual output
 As no PEGRAT card was found will not produce PEG polymer exclusion graph
 (No 2DMAPS card specified so will not produce 2D property maps)
 Have not found a CUT card.  Normal calculation using
   Cutoff lists with a cutsize=       1.000
   (if you wish to turn off option use a CUT -1 card)

 Have read     7 bond radius records and
              16 vdW radius records.
 From file: simple2.rad

 Have read    94 atom records.
 From file: /tmp/tmp5sriwzgk.pdb
 Will not produce graphical output

 Have opened file for pdb format output of sphere centres:  hole000.sph

  Seed integer used by ran # generator on this run      31415

 
 S/R cguess will try to guess CPOINT and/or CVECT
 
 THESE GUESSES MAY WELL BE WRONG!!!!
 Routine relies on having a reasonably symmetric
 channel oriented along x, y or z vector
 YOU ARE STRONGLY ADVISED TO CHECK THE RESULTS
                       WITH MOLECULAR GRAPHICS
 testing points from cpoint in X, Y then Z direction
   point                   pore radius
direction     1
  -5.000   0.001   0.000    -0.682
  -4.000   0.001   0.000     0.315
  -3.000   0.001   0.000     1.315
  -2.000   0.001   0.000     2.204
  -1.000   0.001   0.000     2.982
   0.000   0.001   0.000     3.103
   1.000   0.001   0.000     2.972
   2.000   0.001   0.000     2.193
   3.000   0.001   0.000     1.316
   4.000   0.001   0.000     0.316
   5.000   0.001   0.000    -0.684
 Average pore radius along the line=      1.395
direction     2
   0.000  -4.999   0.000    -1.359
   0.000  -3.999   0.000    -0.796
   0.000  -2.999   0.000     0.145
   0.000  -1.999   0.000     1.125
   0.000  -0.999   0.000     2.114
   0.000   0.001   0.000     3.103
   0.000   1.001   0.000     2.109
   0.000   2.001   0.000     1.119
   0.000   3.001   0.000     0.140
   0.000   4.001   0.000    -0.800
   0.000   5.001   0.000    -1.355
 Average pore radius along the line=      0.504
direction     3
   0.000   0.001  -5.000     4.442
   0.000   0.001  -4.000     3.887
   0.000   0.001  -3.000     3.464
   0.000   0.001  -2.000     3.206
   0.000   0.001  -1.000     3.139
   0.000   0.001   0.000     3.103
   0.000   0.001   1.000     3.140
   0.000   0.001   2.000     3.197
   0.000   0.001   3.000     3.446
   0.000   0.001   4.000     3.861
   0.000   0.001   5.000     4.410
 Average pore radius along the line=      3.572
 Best direction is found to be     3
(1=X,2=Y,3=Z)
 s/r cguess has produced initial values for cpoint &/or cvect:
CPOINT       0.0002      0.0005      0.0002
CVECT        0.0000      0.0000      1.0000
 THESE GUESSES MAY WELL BE WRONG!!!!
 Routine relies on having a reasonably symmetric
 channel oriented along x, y or z vector
 YOU ARE STRONGLY ADVISED TO CHECK THE RESULTS
                       WITH MOLECULAR GRAPHICS
 
 
  Some routines (e.g. conn) need vectors normal to cvect: 
     EAST Zero degrees angle is along vector    1.000   0.000   0.000
     NORTH  90 degrees angle is along vector    0.000  -1.000   0.000
 highest radius point found:
  at point    0.494  -0.052   0.000
  closest atom surface    3.129   C12 ASB X    0
  2nd closest surface     3.129   C15 ASB X    0
  found on step  858
 current point:
  at point    0.502  -0.050   0.000
  closest atom surface    3.129   C36 ASB X    0
  2nd closest surface     3.131   C12 ASB X    0
  found on step  907
  no. of rejections          427
 stored as     0

 highest radius point found:
  at point    0.495  -0.051   0.200
  closest atom surface    3.133   C36 ASB X    0
  2nd closest surface     3.133   C12 ASB X    0
  found on step   59
 current point:
  at point   -0.651   0.039   0.200
  closest atom surface    3.129   C33 ASB X    0
  2nd closest surface     3.129   C15 ASB X    0
  found on step  888
  no. of rejections          395
 stored as     1

 highest radius point found:
  at point    0.495  -0.051   0.400
  closest atom surface    3.144   C36 ASB X    0
  2nd closest surface     3.144   C12 ASB X    0
  found on step    1
 current point:
  at point    0.560  -0.048   0.400
  closest atom surface    3.141   C12 ASB X    0
  2nd closest surface     3.142   C36 ASB X    0
  found on step  985
  no. of rejections          414
 stored as     2

 highest radius point found:
  at point    0.457  -0.049   0.600
  closest atom surface    3.157   C13 ASB X    0
  2nd closest surface     3.160   C15 ASB X    0
  found on step  193
 current point:
  at point   -0.443   0.056   0.600
  closest atom surface    3.142   C45 ASB X    0
  2nd closest surface     3.144   C36 ASB X    0
  found on step  935
  no. of rejections          390
 stored as     3

 highest radius point found:
  at point    0.337  -0.038   0.800
  closest atom surface    3.176   C15 ASB X    0
  2nd closest surface     3.177   C13 ASB X    0
  found on step  259
 current point:
  at point    0.309  -0.033   0.800
  closest atom surface    3.175   C36 ASB X    0
  2nd closest surface     3.177   C15 ASB X    0
  found on step  975
  no. of rejections          383
 stored as     4

 highest radius point found:
  at point    0.283  -0.020   1.000
  closest atom surface    3.193   C43 ASB X    0
  2nd closest surface     3.195   C45 ASB X    0
  found on step  979
  this is also current point
  no. of rejections          405
 stored as     5

 highest radius point found:
  at point    0.254  -0.015   1.200
  closest atom surface    3.187   C43 ASB X    0
  2nd closest surface     3.187   C45 ASB X    0
  found on step  705
 current point:
  at point    0.256  -0.017   1.200
  closest atom surface    3.186   C45 ASB X    0
  2nd closest surface     3.188   C43 ASB X    0
  found on step  967
  no. of rejections          424
 stored as     6

 highest radius point found:
  at point    0.267  -0.019   1.400
  closest atom surface    3.190   C45 ASB X    0
  2nd closest surface     3.191   C43 ASB X    0
  found on step    3
 current point:
  at point   -0.173   0.086   1.400
  closest atom surface    3.185   C45 ASB X    0
  2nd closest surface     3.185   C43 ASB X    0
  found on step  906
  no. of rejections          414
 stored as     7

 highest radius point found:
  at point    0.267  -0.019   1.600
  closest atom surface    3.201   C43 ASB X    0
  2nd closest surface     3.202   C45 ASB X    0
  found on step    1
 current point:
  at point   -0.072   0.062   1.600
  closest atom surface    3.193   C43 ASB X    0
  2nd closest surface     3.194   C45 ASB X    0
  found on step  967
  no. of rejections          398
 stored as     8

 highest radius point found:
  at point    0.267  -0.019   1.800
  closest atom surface    3.219   C43 ASB X    0
  2nd closest surface     3.221   C45 ASB X    0
  found on step    1
 current point:
  at point    0.140   0.010   1.800
  closest atom surface    3.214   C43 ASB X    0
  2nd closest surface     3.214   C45 ASB X    0
  found on step  983
  no. of rejections          382
 stored as     9

 highest radius point found:
  at point    0.263  -0.019   2.000
  closest atom surface    3.245   C43 ASB X    0
  2nd closest surface     3.247   C45 ASB X    0
  found on step  985
  this is also current point
  no. of rejections          365
 stored as    10

 highest radius point found:
  at point   -0.315   0.118   2.200
  closest atom surface    3.280   C34 ASB X    0
  2nd closest surface     3.281   C43 ASB X    0
  found on step  951
  this is also current point
  no. of rejections          379
 stored as    11

 highest radius point found:
  at point    0.278  -0.025   2.400
  closest atom surface    3.322   C43 ASB X    0
  2nd closest surface     3.322   C13 ASB X    0
  found on step  961
  this is also current point
  no. of rejections          393
 stored as    12

 highest radius point found:
  at point   -0.318   0.117   2.600
  closest atom surface    3.371   C45 ASB X    0
  2nd closest surface     3.373   C43 ASB X    0
  found on step  876
 current point:
  at point   -0.300   0.113   2.600
  closest atom surface    3.371   C45 ASB X    0
  2nd closest surface     3.371   C43 ASB X    0
  found on step  939
  no. of rejections          379
 stored as    13

 highest radius point found:
  at point   -0.318   0.117   2.800
  closest atom surface    3.428   C43 ASB X    0
  2nd closest surface     3.428   C45 ASB X    0
  found on step    1
 current point:
  at point   -0.178   0.082   2.800
  closest atom surface    3.421   C45 ASB X    0
  2nd closest surface     3.422   C43 ASB X    0
  found on step  942
  no. of rejections          396
 stored as    14

 highest radius point found:
  at point   -0.320   0.116   3.000
  closest atom surface    3.491   C45 ASB X    0
  2nd closest surface     3.491   C43 ASB X    0
  found on step  948
  this is also current point
  no. of rejections          363
 stored as    15

 highest radius point found:
  at point   -0.320   0.116   3.200
  closest atom surface    3.560   C43 ASB X    0
  2nd closest surface     3.561   C45 ASB X    0
  found on step    1
 current point:
  at point    0.278  -0.027   3.200
  closest atom surface    3.559   C43 ASB X    0
  2nd closest surface     3.559   C13 ASB X    0
  found on step  925
  no. of rejections          377
 stored as    16

 highest radius point found:
  at point   -0.322   0.116   3.400
  closest atom surface    3.636   C43 ASB X    0
  2nd closest surface     3.637   C45 ASB X    0
  found on step  910
  this is also current point
  no. of rejections          384
 stored as    17

 highest radius point found:
  at point   -0.322   0.116   3.600
  closest atom surface    3.718   C43 ASB X    0
  2nd closest surface     3.720   C45 ASB X    0
  found on step    1
 current point:
  at point   -0.068   0.054   3.600
  closest atom surface    3.710   C45 ASB X    0
  2nd closest surface     3.710   C43 ASB X    0
  found on step  928
  no. of rejections          379
 stored as    18

 highest radius point found:
  at point   -0.332   0.117   3.800
  closest atom surface    3.807   C43 ASB X    0
  2nd closest surface     3.807   C45 ASB X    0
  found on step  253
 current point:
  at point   -0.151   0.074   3.800
  closest atom surface    3.799   C43 ASB X    0
  2nd closest surface     3.800   C45 ASB X    0
  found on step  988
  no. of rejections          390
 stored as    19

 highest radius point found:
  at point   -0.345   0.119   4.000
  closest atom surface    3.902   C43 ASB X    0
  2nd closest surface     3.902   C45 ASB X    0
  found on step  963
  this is also current point
  no. of rejections          374
 stored as    20

 highest radius point found:
  at point   -0.365   0.122   4.200
  closest atom surface    4.001   C45 ASB X    0
  2nd closest surface     4.003   C34 ASB X    0
  found on step  962
  this is also current point
  no. of rejections          384
 stored as    21

 highest radius point found:
  at point   -0.365   0.122   4.400
  closest atom surface    4.105   C45 ASB X    0
  2nd closest surface     4.106   C43 ASB X    0
  found on step    1
 current point:
  at point   -0.417   0.118   4.400
  closest atom surface    4.095   C45 ASB X    0
  2nd closest surface     4.100   C34 ASB X    0
  found on step  983
  no. of rejections          351
 stored as    22

 highest radius point found:
  at point   -0.365   0.122   4.600
  closest atom surface    4.215   C43 ASB X    0
  2nd closest surface     4.215   C45 ASB X    0
  found on step    1
 current point:
  at point   -0.362   0.121   4.600
  closest atom surface    4.215   C43 ASB X    0
  2nd closest surface     4.215   C45 ASB X    0
  found on step  998
  no. of rejections          365
 stored as    23

 highest radius point found:
  at point   -0.365   0.122   4.800
  closest atom surface    4.328   C43 ASB X    0
  2nd closest surface     4.329   C45 ASB X    0
  found on step    1
 current point:
  at point   -0.351   0.118   4.800
  closest atom surface    4.327   C43 ASB X    0
  2nd closest surface     4.328   C45 ASB X    0
  found on step  916
  no. of rejections          356
 stored as    24

 highest radius point found:
  at point   -0.377   0.124   5.000
  closest atom surface    4.447   C43 ASB X    0
  2nd closest surface     4.447   C45 ASB X    0
  found on step  988
  this is also current point
  no. of rejections          359
 stored as    25

 highest radius point found:
  at point   -0.382   0.125   5.200
  closest atom surface    4.568   C43 ASB X    0
  2nd closest surface     4.569   C45 ASB X    0
  found on step   12
 current point:
  at point   -0.117   0.060   5.200
  closest atom surface    4.558   C45 ASB X    0
  2nd closest surface     4.559   C43 ASB X    0
  found on step  988
  no. of rejections          341
 stored as    26

 highest radius point found:
  at point   -0.382   0.125   5.400
  closest atom surface    4.693   C43 ASB X    0
  2nd closest surface     4.695   C45 ASB X    0
  found on step    1
 current point:
  at point   -0.260   0.095   5.400
  closest atom surface    4.688   C43 ASB X    0
  2nd closest surface     4.688   C45 ASB X    0
  found on step  966
  no. of rejections          351
 stored as    27

 highest radius point found:
  at point   -0.382   0.125   5.600
  closest atom surface    4.822   C43 ASB X    0
  2nd closest surface     4.825   C45 ASB X    0
  found on step    1
 current point:
  at point    1.040   0.008   5.600
  closest atom surface    4.726   C13 ASB X    0
  2nd closest surface     4.729   C43 ASB X    0
  found on step  999
  no. of rejections          317
 stored as    28

 highest radius point found:
  at point   -0.382   0.125   5.800
  closest atom surface    4.954   C43 ASB X    0
  2nd closest surface     4.958   C45 ASB X    0
  found on step    1
 current point:
  at point   -1.045   0.096   5.800
  closest atom surface    4.885   C34 ASB X    0
  2nd closest surface     4.891   C45 ASB X    0
  found on step 1000
  no. of rejections          336
 stored as    29

 highest radius point found:
  at point   -0.402   0.129   6.000
  closest atom surface    5.091   C43 ASB X    0
  2nd closest surface     5.095   C34 ASB X    0
  found on step  552
 current point:
  at point    0.032   0.023   6.000
  closest atom surface    5.081   C43 ASB X    0
  2nd closest surface     5.083   C45 ASB X    0
  found on step  902
  no. of rejections          330
 stored as    30

 highest radius point found:
  at point   -0.402   0.129   6.200
  closest atom surface    5.230   C43 ASB X    0
  2nd closest surface     5.234   C45 ASB X    0
  found on step    1
 current point:
  at point   -0.182   0.073   6.200
  closest atom surface    5.223   C43 ASB X    0
  2nd closest surface     5.223   C45 ASB X    0
  found on step  968
  no. of rejections          327
 stored as    31

 highest radius point found:
  at point   -0.403   0.125   6.400
  closest atom surface    5.374   C43 ASB X    0
  2nd closest surface     5.374   C45 ASB X    0
  found on step  928
  this is also current point
  no. of rejections          326
 stored as    32

 highest radius point found:
  at point   -0.418   0.128   6.600
  closest atom surface    5.519   C43 ASB X    0
  2nd closest surface     5.519   C45 ASB X    0
  found on step  983
  this is also current point
  no. of rejections          310
 stored as    33

 highest radius point found:
  at point   -0.418   0.128   6.800
  closest atom surface    5.665   C43 ASB X    0
  2nd closest surface     5.667   C45 ASB X    0
  found on step    1
 current point:
  at point    0.213  -0.024   6.800
  closest atom surface    5.658   C45 ASB X    0
  2nd closest surface     5.659   C43 ASB X    0
  found on step  938
  no. of rejections          328
 stored as    34

 highest radius point found:
  at point   -0.440   0.132   7.000
  closest atom surface    5.815   C34 ASB X    0
  2nd closest surface     5.816   C45 ASB X    0
  found on step  993
  this is also current point
  no. of rejections          321
 stored as    35

 highest radius point found:
  at point   -0.440   0.132   7.200
  closest atom surface    5.968   C43 ASB X    0
  2nd closest surface     5.968   C34 ASB X    0
  found on step    1
 current point:
  at point   -0.444   0.131   7.200
  closest atom surface    5.968   C45 ASB X    0
  2nd closest surface     5.968   C34 ASB X    0
  found on step  975
  no. of rejections          325
 stored as    36

 highest radius point found:
  at point   -0.440   0.132   7.400
  closest atom surface    6.122   C43 ASB X    0
  2nd closest surface     6.123   C45 ASB X    0
  found on step    1
 current point:
  at point    0.228  -0.029   7.400
  closest atom surface    6.114   C45 ASB X    0
  2nd closest surface     6.114   C43 ASB X    0
  found on step  968
  no. of rejections          309
 stored as    37

 highest radius point found:
  at point   -0.442   0.131   7.600
  closest atom surface    6.278   C43 ASB X    0
  2nd closest surface     6.278   C45 ASB X    0
  found on step  911
  this is also current point
  no. of rejections          338
 stored as    38

 highest radius point found:
  at point   -0.442   0.131   7.800
  closest atom surface    6.435   C43 ASB X    0
  2nd closest surface     6.436   C45 ASB X    0
  found on step    1
 current point:
  at point   -2.193   0.123   7.800
  closest atom surface    6.321   C44 ASB X    0
  2nd closest surface     6.334   C35 ASB X    0
  found on step  999
  no. of rejections          298
 stored as    39

 highest radius point found:
  at point   -0.442   0.131   8.000
  closest atom surface    6.594   C43 ASB X    0
  2nd closest surface     6.596   C45 ASB X    0
  found on step    1
 current point:
  at point   -0.081   0.043   8.000
  closest atom surface    6.584   C43 ASB X    0
  2nd closest surface     6.584   C45 ASB X    0
  found on step  975
  no. of rejections          321
 stored as    40

 highest radius point found:
  at point   -0.455   0.132   8.200
  closest atom surface    6.757   C45 ASB X    0
  2nd closest surface     6.757   C43 ASB X    0
  found on step    2
 current point:
  at point    0.264  -0.036   8.200
  closest atom surface    6.747   C43 ASB X    0
  2nd closest surface     6.748   C13 ASB X    0
  found on step  910
  no. of rejections          299
 stored as    41

 highest radius point found:
  at point   -0.455   0.132   8.400
  closest atom surface    6.919   C43 ASB X    0
  2nd closest surface     6.920   C45 ASB X    0
  found on step    1
 current point:
  at point   -0.138   0.055   8.400
  closest atom surface    6.909   C43 ASB X    0
  2nd closest surface     6.909   C45 ASB X    0
  found on step  986
  no. of rejections          309
 stored as    42

 highest radius point found:
  at point   -0.455   0.132   8.600
  closest atom surface    7.083   C43 ASB X    0
  2nd closest surface     7.085   C45 ASB X    0
  found on step    1
 current point:
  at point   -0.312   0.095   8.600
  closest atom surface    7.077   C45 ASB X    0
  2nd closest surface     7.079   C43 ASB X    0
  found on step  979
  no. of rejections          325
 stored as    43

 highest radius point found:
  at point   -0.455   0.132   8.800
  closest atom surface    7.249   C43 ASB X    0
  2nd closest surface     7.251   C45 ASB X    0
  found on step    1
 current point:
  at point    0.739  -0.012   8.800
  closest atom surface    7.192   C43 ASB X    0
  2nd closest surface     7.192   C13 ASB X    0
  found on step  925
  no. of rejections          338
 stored as    44

 highest radius point found:
  at point   -0.472   0.134   9.000
  closest atom surface    7.417   C43 ASB X    0
  2nd closest surface     7.418   C45 ASB X    0
  found on step    3
 current point:
  at point    0.230  -0.036   9.000
  closest atom surface    7.409   C45 ASB X    0
  2nd closest surface     7.410   C43 ASB X    0
  found on step  998
  no. of rejections          290
 stored as    45

 highest radius point found:
  at point   -0.483   0.136   9.200
  closest atom surface    7.586   C43 ASB X    0
  2nd closest surface     7.587   C45 ASB X    0
  found on step  921
  this is also current point
  no. of rejections          306
 stored as    46

 highest radius point found:
  at point   -0.483   0.136   9.400
  closest atom surface    7.755   C43 ASB X    0
  2nd closest surface     7.757   C45 ASB X    0
  found on step    1
 current point:
  at point   -1.846   0.129   9.400
  closest atom surface    7.683   C34 ASB X    0
  2nd closest surface     7.683   C44 ASB X    0
  found on step  925
  no. of rejections          289
 stored as    47

 highest radius point found:
  at point   -0.483   0.136   9.600
  closest atom surface    7.925   C43 ASB X    0
  2nd closest surface     7.928   C45 ASB X    0
  found on step    1
 current point:
  at point   -0.627   0.131   9.600
  closest atom surface    7.916   C45 ASB X    0
  2nd closest surface     7.916   C34 ASB X    0
  found on step  994
  no. of rejections          254
 stored as    48

 highest radius point found:
  at point   -0.500   0.137   9.800
  closest atom surface    8.099   C45 ASB X    0
  2nd closest surface     8.100   C43 ASB X    0
  found on step  962
  this is also current point
  no. of rejections          298
 stored as    49

 highest radius point found:
  at point   -0.500   0.137  10.000
  closest atom surface    8.272   C43 ASB X    0
  2nd closest surface     8.272   C45 ASB X    0
  found on step    1
 current point:
  at point   -0.503   0.138  10.000
  closest atom surface    8.272   C43 ASB X    0
  2nd closest surface     8.273   C45 ASB X    0
  found on step  976
  no. of rejections          276
 stored as    50

 highest radius point found:
  at point   -0.510   0.138  10.200
  closest atom surface    8.446   C45 ASB X    0
  2nd closest surface     8.447   C43 ASB X    0
  found on step  904
  this is also current point
  no. of rejections          297
 stored as    51

 highest radius point found:
  at point   -0.510   0.138  10.400
  closest atom surface    8.621   C43 ASB X    0
  2nd closest surface     8.621   C45 ASB X    0
  found on step    1
 current point:
  at point    0.071  -0.000  10.400
  closest atom surface    8.609   C43 ASB X    0
  2nd closest surface     8.610   C45 ASB X    0
  found on step  985
  no. of rejections          291
 stored as    52

 highest radius point found:
  at point   -0.525   0.140  10.600
  closest atom surface    8.797   C45 ASB X    0
  2nd closest surface     8.798   C43 ASB X    0
  found on step  262
 current point:
  at point   -0.514   0.139  10.600
  closest atom surface    8.796   C43 ASB X    0
  2nd closest surface     8.797   C45 ASB X    0
  found on step  965
  no. of rejections          269
 stored as    53

 highest radius point found:
  at point   -0.525   0.140  10.800
  closest atom surface    8.974   C45 ASB X    0
  2nd closest surface     8.974   C43 ASB X    0
  found on step    1
 current point:
  at point   -1.245   0.103  10.800
  closest atom surface    8.936   C45 ASB X    0
  2nd closest surface     8.937   C34 ASB X    0
  found on step  930
  no. of rejections          268
 stored as    54

 highest radius point found:
  at point   -0.525   0.140  11.000
  closest atom surface    9.151   C43 ASB X    0
  2nd closest surface     9.151   C45 ASB X    0
  found on step    1
 current point:
  at point   -0.391   0.107  11.000
  closest atom surface    9.145   C43 ASB X    0
  2nd closest surface     9.145   C45 ASB X    0
  found on step  929
  no. of rejections          273
 stored as    55

 highest radius point found:
  at point   -0.525   0.140  11.200
  closest atom surface    9.328   C43 ASB X    0
  2nd closest surface     9.330   C45 ASB X    0
  found on step    1
 current point:
  at point   -1.435   0.095  11.200
  closest atom surface    9.289   C44 ASB X    0
  2nd closest surface     9.292   C34 ASB X    0
  found on step 1000
  no. of rejections          264
 stored as    56

 highest radius point found:
  at point   -0.525   0.140  11.400
  closest atom surface    9.507   C43 ASB X    0
  2nd closest surface     9.509   C45 ASB X    0
  found on step    1
 current point:
  at point   -1.516   0.112  11.400
  closest atom surface    9.463   C34 ASB X    0
  2nd closest surface     9.468   C44 ASB X    0
  found on step  996
  no. of rejections          279
 stored as    57

 highest radius point found:
  at point   -0.526   0.138  11.600
  closest atom surface    9.687   C43 ASB X    0
  2nd closest surface     9.687   C45 ASB X    0
  found on step  990
  this is also current point
  no. of rejections          289
 stored as    58

 highest radius point found:
  at point   -0.526   0.138  11.800
  closest atom surface    9.865   H25 ASB X    0
  2nd closest surface     9.867   C43 ASB X    0
  found on step    1
 current point:
  at point   -0.395   0.106  11.800
  closest atom surface    9.862   C45 ASB X    0
  2nd closest surface     9.862   C43 ASB X    0
  found on step  882
  no. of rejections          270
 stored as    59

 highest radius point found:
  at point   -0.494   0.129  12.000
  closest atom surface   10.047   C45 ASB X    0
  2nd closest surface    10.047   C43 ASB X    0
  found on step  915
  this is also current point
  no. of rejections          288
 stored as    60

 highest radius point found:
  at point   -0.494   0.129  12.200
  closest atom surface   10.228   C43 ASB X    0
  2nd closest surface    10.228   C45 ASB X    0
  found on step    1
 current point:
  at point   -2.027   0.152  12.200
  closest atom surface   10.177   C34 ASB X    0
  2nd closest surface    10.177   C44 ASB X    0
  found on step  983
  no. of rejections          273
 stored as    61

 highest radius point found:
  at point   -0.494   0.129  12.400
  closest atom surface   10.409   H25 ASB X    0
  2nd closest surface    10.409   C43 ASB X    0
  found on step    1
 current point:
  at point   -0.562   0.125  12.400
  closest atom surface   10.405   C45 ASB X    0
  2nd closest surface    10.406   H25 ASB X    0
  found on step  996
  no. of rejections          254
 stored as    62

 highest radius point found:
  at point   -0.494   0.129  12.600
  closest atom surface   10.589   H25 ASB X    0
  2nd closest surface    10.592   C43 ASB X    0
  found on step    1
 current point:
  at point   -0.152   0.063  12.600
  closest atom surface   10.576   H35 ASB X    0
  2nd closest surface    10.576   C43 ASB X    0
  found on step  994
  no. of rejections          250
 stored as    63

 highest radius point found:
  at point   -0.494   0.129  12.800
  closest atom surface   10.770   H25 ASB X    0
  2nd closest surface    10.774   H35 ASB X    0
  found on step    1
 current point:
  at point   -2.062   0.156  12.800
  closest atom surface   10.729   C44 ASB X    0
  2nd closest surface    10.729   C34 ASB X    0
  found on step  914
  no. of rejections          254
 stored as    64

 highest radius point found:
  at point   -0.483   0.125  13.000
  closest atom surface   10.954   H35 ASB X    0
  2nd closest surface    10.954   H25 ASB X    0
  found on step  158
 current point:
  at point   -0.454   0.128  13.000
  closest atom surface   10.953   C43 ASB X    0
  2nd closest surface    10.955   H25 ASB X    0
  found on step  998
  no. of rejections          238
 stored as    65

 highest radius point found:
  at point   -0.483   0.125  13.200
  closest atom surface   11.136   H35 ASB X    0
  2nd closest surface    11.137   H25 ASB X    0
  found on step    1
 current point:
  at point   -0.165   0.074  13.200
  closest atom surface   11.124   H35 ASB X    0
  2nd closest surface    11.124   C43 ASB X    0
  found on step  999
  no. of rejections          236
 stored as    66

 highest radius point found:
  at point   -0.483   0.125  13.400
  closest atom surface   11.318   H35 ASB X    0
  2nd closest surface    11.319   H25 ASB X    0
  found on step    1
 current point:
  at point   -0.876   0.105  13.400
  closest atom surface   11.306   C45 ASB X    0
  2nd closest surface    11.310   H25 ASB X    0
  found on step  998
  no. of rejections          247
 stored as    67

 highest radius point found:
  at point   -0.418   0.125  13.600
  closest atom surface   11.501   H33 ASB X    0
  2nd closest surface    11.502   H35 ASB X    0
  found on step  466
 current point:
  at point   -1.410   0.106  13.600
  closest atom surface   11.490   H25 ASB X    0
  2nd closest surface    11.490   C34 ASB X    0
  found on step  979
  no. of rejections          255
 stored as    68

 highest radius point found:
  at point   -0.458   0.129  13.800
  closest atom surface   11.686   H35 ASB X    0
  2nd closest surface    11.686   H33 ASB X    0
  found on step  996
  this is also current point
  no. of rejections          263
 stored as    69

 highest radius point found:
  at point   -0.458   0.129  14.000
  closest atom surface   11.870   H35 ASB X    0
  2nd closest surface    11.870   H33 ASB X    0
  found on step    1
 current point:
  at point   -0.094   0.072  14.000
  closest atom surface   11.859   H35 ASB X    0
  2nd closest surface    11.859   C43 ASB X    0
  found on step  986
  no. of rejections          267
 stored as    70

 highest radius point found:
  at point   -0.458   0.129  14.200
  closest atom surface   12.054   H33 ASB X    0
  2nd closest surface    12.054   H35 ASB X    0
  found on step    1
 current point:
  at point   -0.413   0.123  14.200
  closest atom surface   12.053   H33 ASB X    0
  2nd closest surface    12.053   H35 ASB X    0
  found on step  924
  no. of rejections          266
 stored as    71

 highest radius point found:
  at point   -0.475   0.130  14.400
  closest atom surface   12.239   H25 ASB X    0
  2nd closest surface    12.239   H35 ASB X    0
  found on step  463
 current point:
  at point   -1.380   0.096  14.400
  closest atom surface   12.232   C45 ASB X    0
  2nd closest surface    12.232   H25 ASB X    0
  found on step  980
  no. of rejections          262
 stored as    72

 highest radius point found:
  at point   -0.475   0.130  14.600
  closest atom surface   12.425   H33 ASB X    0
  2nd closest surface    12.425   H35 ASB X    0
  found on step    1
 current point:
  at point   -0.869   0.108  14.600
  closest atom surface   12.417   H35 ASB X    0
  2nd closest surface    12.417   H25 ASB X    0
  found on step  918
  no. of rejections          251
 stored as    73

 highest radius point found:
  at point   -0.475   0.130  14.800
  closest atom surface   12.610   H33 ASB X    0
  2nd closest surface    12.610   H35 ASB X    0
  found on step    1
 current point:
  at point   -0.477   0.128  14.800
  closest atom surface   12.609   H35 ASB X    0
  2nd closest surface    12.611   H33 ASB X    0
  found on step  965
  no. of rejections          251
 stored as    74

 highest radius point found:
  at point   -0.475   0.130  15.000
  closest atom surface   12.796   H33 ASB X    0
  2nd closest surface    12.796   H35 ASB X    0
  found on step    1
 current point:
  at point   -0.527   0.132  15.000
  closest atom surface   12.794   H25 ASB X    0
  2nd closest surface    12.796   H35 ASB X    0
  found on step  994
  no. of rejections          223
 stored as    75

 highest radius point found:
  at point   -0.475   0.130  15.200
  closest atom surface   12.982   H33 ASB X    0
  2nd closest surface    12.983   H35 ASB X    0
  found on step    1
 current point:
  at point   -3.553   0.179  15.200
  closest atom surface   12.927   H26 ASB X    0
  2nd closest surface    12.927   H34 ASB X    0
  found on step  954
  no. of rejections          233
 stored as    76

 highest radius point found:
  at point   -1.452   0.083  15.400
  closest atom surface   13.169   C45 ASB X    0
  2nd closest surface    13.169   C44 ASB X    0
  found on step  367
 current point:
  at point   -1.436   0.085  15.400
  closest atom surface   13.169   H25 ASB X    0
  2nd closest surface    13.169   C45 ASB X    0
  found on step  975
  no. of rejections          275
 stored as    77

 highest radius point found:
  at point   -1.450   0.082  15.600
  closest atom surface   13.358   H25 ASB X    0
  2nd closest surface    13.358   C45 ASB X    0
  found on step  375
 current point:
  at point   -1.625   0.110  15.600
  closest atom surface   13.349   H34 ASB X    0
  2nd closest surface    13.352   H25 ASB X    0
  found on step  998
  no. of rejections          239
 stored as    78

 highest radius point found:
  at point   -1.450   0.082  15.800
  closest atom surface   13.545   H25 ASB X    0
  2nd closest surface    13.547   H34 ASB X    0
  found on step    1
 current point:
  at point   -1.874   0.160  15.800
  closest atom surface   13.530   H34 ASB X    0
  2nd closest surface    13.532   H25 ASB X    0
  found on step  962
  no. of rejections          260
 stored as    79

 highest radius point found:
  at point   -1.446   0.079  16.000
  closest atom surface   13.734   H34 ASB X    0
  2nd closest surface    13.734   H35 ASB X    0
  found on step  971
  this is also current point
  no. of rejections          242
 stored as    80

 highest radius point found:
  at point   -1.446   0.079  16.200
  closest atom surface   13.922   H35 ASB X    0
  2nd closest surface    13.923   H34 ASB X    0
  found on step    1
 current point:
  at point   -0.619   0.128  16.200
  closest atom surface   13.918   H25 ASB X    0
  2nd closest surface    13.918   H35 ASB X    0
  found on step  979
  no. of rejections          242
 stored as    81

 highest radius point found:
  at point   -1.446   0.079  16.400
  closest atom surface   14.111   H35 ASB X    0
  2nd closest surface    14.111   H34 ASB X    0
  found on step    1
 current point:
  at point   -1.420   0.090  16.400
  closest atom surface   14.108   H25 ASB X    0
  2nd closest surface    14.113   H35 ASB X    0
  found on step  964
  no. of rejections          243
 stored as    82

 highest radius point found:
  at point   -1.446   0.079  16.600
  closest atom surface   14.300   H35 ASB X    0
  2nd closest surface    14.300   H34 ASB X    0
  found on step    1
 current point:
  at point   -2.376   0.261  16.600
  closest atom surface   14.285   H34 ASB X    0
  2nd closest surface    14.285   H25 ASB X    0
  found on step  970
  no. of rejections          230
 stored as    83

 highest radius point found:
  at point   -1.446   0.079  16.800
  closest atom surface   14.488   H35 ASB X    0
  2nd closest surface    14.490   H34 ASB X    0
  found on step    1
 current point:
  at point   -0.519   0.134  16.800
  closest atom surface   14.487   H33 ASB X    0
  2nd closest surface    14.487   H35 ASB X    0
  found on step  996
  no. of rejections          228
 stored as    84

 highest radius point found:
  at point   -1.446   0.079  17.000
  closest atom surface   14.678   H35 ASB X    0
  2nd closest surface    14.679   H34 ASB X    0
  found on step    1
 current point:
  at point   -2.360   0.257  17.000
  closest atom surface   14.664   H34 ASB X    0
  2nd closest surface    14.664   H25 ASB X    0
  found on step  996
  no. of rejections          233
 stored as    85

 highest radius point found:
  at point   -1.472   0.087  17.200
  closest atom surface   14.868   H25 ASB X    0
  2nd closest surface    14.869   H34 ASB X    0
  found on step  638
 current point:
  at point   -1.439   0.074  17.200
  closest atom surface   14.865   H35 ASB X    0
  2nd closest surface    14.868   H34 ASB X    0
  found on step  998
  no. of rejections          243
 stored as    86

 highest radius point found:
  at point   -1.462   0.086  17.400
  closest atom surface   15.058   H25 ASB X    0
  2nd closest surface    15.060   H34 ASB X    0
  found on step    3
 current point:
  at point   -2.383   0.264  17.400
  closest atom surface   15.044   H25 ASB X    0
  2nd closest surface    15.045   H34 ASB X    0
  found on step  964
  no. of rejections          249
 stored as    87

 highest radius point found:
  at point   -1.462   0.086  17.600
  closest atom surface   15.248   H25 ASB X    0
  2nd closest surface    15.250   H35 ASB X    0
  found on step    1
 current point:
  at point    0.105   0.053  17.600
  closest atom surface   15.238   H33 ASB X    0
  2nd closest surface    15.238   H35 ASB X    0
  found on step  992
  no. of rejections          227
 stored as    88

 highest radius point found:
  at point   -1.462   0.086  17.800
  closest atom surface   15.439   H25 ASB X    0
  2nd closest surface    15.440   H35 ASB X    0
  found on step    1
 current point:
  at point   -2.426   0.266  17.800
  closest atom surface   15.425   H34 ASB X    0
  2nd closest surface    15.428   H25 ASB X    0
  found on step  994
  no. of rejections          210
 stored as    89

 highest radius point found:
  at point   -1.462   0.086  18.000
  closest atom surface   15.630   H25 ASB X    0
  2nd closest surface    15.631   H35 ASB X    0
  found on step    1
 current point:
  at point   -2.431   0.259  18.000
  closest atom surface   15.614   H34 ASB X    0
  2nd closest surface    15.621   H25 ASB X    0
  found on step  989
  no. of rejections          230
 stored as    90

 highest radius point found:
  at point   -1.462   0.086  18.200
  closest atom surface   15.821   H25 ASB X    0
  2nd closest surface    15.821   H35 ASB X    0
  found on step    1
 current point:
  at point   -0.232   0.094  18.200
  closest atom surface   15.810   H35 ASB X    0
  2nd closest surface    15.811   H33 ASB X    0
  found on step  956
  no. of rejections          228
 stored as    91

 highest radius point found:
  at point   -1.462   0.086  18.400
  closest atom surface   16.012   H35 ASB X    0
  2nd closest surface    16.012   H25 ASB X    0
  found on step    1
 current point:
  at point   -1.055   0.109  18.400
  closest atom surface   16.004   H35 ASB X    0
  2nd closest surface    16.005   H25 ASB X    0
  found on step  984
  no. of rejections          245
 stored as    92

 highest radius point found:
  at point   -1.462   0.086  18.600
  closest atom surface   16.203   H35 ASB X    0
  2nd closest surface    16.203   H25 ASB X    0
  found on step    1
 current point:
  at point    0.116   0.050  18.600
  closest atom surface   16.191   H9  ASB X    0
  2nd closest surface    16.192   H35 ASB X    0
  found on step  938
  no. of rejections          250
 stored as    93

 highest radius point found:
  at point   -1.462   0.086  18.800
  closest atom surface   16.394   H35 ASB X    0
  2nd closest surface    16.395   H25 ASB X    0
  found on step    1
 current point:
  at point   -2.398   0.266  18.800
  closest atom surface   16.383   H25 ASB X    0
  2nd closest surface    16.383   H34 ASB X    0
  found on step  999
  no. of rejections          216
 stored as    94

 highest radius point found:
  at point   -1.462   0.086  19.000
  closest atom surface   16.586   H35 ASB X    0
  2nd closest surface    16.587   H25 ASB X    0
  found on step    1
 current point:
  at point   -4.093   0.183  19.000
  closest atom surface   16.566   H26 ASB X    0
  2nd closest surface    16.566   H34 ASB X    0
  found on step  955
  no. of rejections          224
 stored as    95

 highest radius point found:
  at point   -1.473   0.087  19.200
  closest atom surface   16.779   H35 ASB X    0
  2nd closest surface    16.779   H25 ASB X    0
  found on step  101
 current point:
  at point   -2.349   0.256  19.200
  closest atom surface   16.766   H34 ASB X    0
  2nd closest surface    16.766   H25 ASB X    0
  found on step  989
  no. of rejections          225
 stored as    96

 highest radius point found:
  at point   -1.473   0.087  19.400
  closest atom surface   16.970   H35 ASB X    0
  2nd closest surface    16.971   H25 ASB X    0
  found on step    1
 current point:
  at point   -2.483   0.283  19.400
  closest atom surface   16.960   H25 ASB X    0
  2nd closest surface    16.961   H34 ASB X    0
  found on step  985
  no. of rejections          232
 stored as    97

 highest radius point found:
  at point   -1.488   0.091  19.600
  closest atom surface   17.163   H25 ASB X    0
  2nd closest surface    17.163   H34 ASB X    0
  found on step  972
  this is also current point
  no. of rejections          226
 stored as    98

 highest radius point found:
  at point   -1.488   0.091  19.800
  closest atom surface   17.355   H25 ASB X    0
  2nd closest surface    17.356   H34 ASB X    0
  found on step    1
 current point:
  at point   -0.591   0.139  19.800
  closest atom surface   17.351   H35 ASB X    0
  2nd closest surface    17.351   H33 ASB X    0
  found on step  972
  no. of rejections          212
 stored as    99

 highest radius point found:
  at point   -1.494   0.090  20.000
  closest atom surface   17.548   H34 ASB X    0
  2nd closest surface    17.548   H25 ASB X    0
  found on step  644
 current point:
  at point   -1.816   0.154  20.000
  closest atom surface   17.539   H25 ASB X    0
  2nd closest surface    17.539   H34 ASB X    0
  found on step  988
  no. of rejections          205
 stored as   100

 highest radius point found:
  at point   -1.494   0.090  20.200
  closest atom surface   17.741   H34 ASB X    0
  2nd closest surface    17.741   H25 ASB X    0
  found on step    1
 current point:
  at point   -1.507   0.093  20.200
  closest atom surface   17.740   H25 ASB X    0
  2nd closest surface    17.740   H34 ASB X    0
  found on step  980
  no. of rejections          211
 stored as   101

 highest radius point found:
  at point   -1.494   0.090  20.400
  closest atom surface   17.933   H34 ASB X    0
  2nd closest surface    17.934   H35 ASB X    0
  found on step    1
 current point:
  at point   -0.711   0.134  20.400
  closest atom surface   17.927   H35 ASB X    0
  2nd closest surface    17.927   H25 ASB X    0
  found on step  977
  no. of rejections          250
 stored as   102

 highest radius point found:
  at point   -1.494   0.090  20.600
  closest atom surface   18.126   H35 ASB X    0
  2nd closest surface    18.127   H34 ASB X    0
  found on step    1
 current point:
  at point    0.289   0.062  20.600
  closest atom surface   18.106   H33 ASB X    0
  2nd closest surface    18.106   H9  ASB X    0
  found on step  959
  no. of rejections          203
 stored as   103

 highest radius point found:
  at point   -1.494   0.090  20.800
  closest atom surface   18.319   H35 ASB X    0
  2nd closest surface    18.320   H34 ASB X    0
  found on step    1
 current point:
  at point   -0.322   0.105  20.800
  closest atom surface   18.308   H33 ASB X    0
  2nd closest surface    18.308   H35 ASB X    0
  found on step  969
  no. of rejections          214
 stored as   104

 highest radius point found:
  at point   -1.494   0.090  21.000
  closest atom surface   18.512   H35 ASB X    0
  2nd closest surface    18.513   H34 ASB X    0
  found on step    1
 current point:
  at point   -0.592   0.136  21.000
  closest atom surface   18.507   H35 ASB X    0
  2nd closest surface    18.508   H33 ASB X    0
  found on step  994
  no. of rejections          233
 stored as   105

 highest radius point found:
  at point   -1.494   0.090  21.200
  closest atom surface   18.706   H35 ASB X    0
  2nd closest surface    18.707   H34 ASB X    0
  found on step    1
 current point:
  at point   -1.832   0.153  21.200
  closest atom surface   18.697   H34 ASB X    0
  2nd closest surface    18.699   H25 ASB X    0
  found on step  995
  no. of rejections          224
 stored as   106

 highest radius point found:
  at point   -1.516   0.094  21.400
  closest atom surface   18.899   H34 ASB X    0
  2nd closest surface    18.900   H25 ASB X    0
  found on step  346
 current point:
  at point   -1.005   0.121  21.400
  closest atom surface   18.892   H35 ASB X    0
  2nd closest surface    18.892   H25 ASB X    0
  found on step  992
  no. of rejections          227
 stored as   107

 highest radius point found:
  at point   -1.516   0.094  21.600
  closest atom surface   19.093   H34 ASB X    0
  2nd closest surface    19.094   H25 ASB X    0
  found on step    1
 current point:
  at point   -1.555   0.102  21.600
  closest atom surface   19.092   H34 ASB X    0
  2nd closest surface    19.092   H25 ASB X    0
  found on step  992
  no. of rejections          198
 stored as   108

 highest radius point found:
  at point   -1.505   0.093  21.800
  closest atom surface   19.288   H35 ASB X    0
  2nd closest surface    19.288   H25 ASB X    0
  found on step  965
  this is also current point
  no. of rejections          209
 stored as   109

 highest radius point found:
  at point   -1.509   0.094  22.000
  closest atom surface   19.481   H35 ASB X    0
  2nd closest surface    19.482   H34 ASB X    0
  found on step  620
 current point:
  at point   -1.239   0.109  22.000
  closest atom surface   19.476   H35 ASB X    0
  2nd closest surface    19.476   H25 ASB X    0
  found on step  949
  no. of rejections          201
 stored as   110

 highest radius point found:
  at point   -1.509   0.094  22.200
  closest atom surface   19.675   H35 ASB X    0
  2nd closest surface    19.676   H34 ASB X    0
  found on step    1
 current point:
  at point   -2.201   0.228  22.200
  closest atom surface   19.665   H34 ASB X    0
  2nd closest surface    19.665   H25 ASB X    0
  found on step  966
  no. of rejections          207
 stored as   111

 highest radius point found:
  at point   -1.509   0.094  22.400
  closest atom surface   19.869   H35 ASB X    0
  2nd closest surface    19.870   H34 ASB X    0
  found on step    1
 current point:
  at point   -0.718   0.142  22.400
  closest atom surface   19.863   H25 ASB X    0
  2nd closest surface    19.864   H35 ASB X    0
  found on step  987
  no. of rejections          225
 stored as   112

 highest radius point found:
  at point   -1.500   0.097  22.600
  closest atom surface   20.064   H25 ASB X    0
  2nd closest surface    20.064   H35 ASB X    0
  found on step  946
  this is also current point
  no. of rejections          199
 stored as   113

 highest radius point found:
  at point   -1.500   0.097  22.800
  closest atom surface   20.258   H35 ASB X    0
  2nd closest surface    20.258   H25 ASB X    0
  found on step    1
 current point:
  at point   -1.515   0.094  22.800
  closest atom surface   20.258   H35 ASB X    0
  2nd closest surface    20.258   H34 ASB X    0
  found on step  967
  no. of rejections          191
 stored as   114

 highest radius point found:
  at point   -8.497  -0.046  23.000
  closest atom surface   21.036   H34 ASB X    0
  2nd closest surface    21.036   H26 ASB X    0
  found on step  991
  this is also current point
  no. of rejections          162
 stored as   115

 highest radius point found:
  at point   -8.526  -0.044  23.200
  closest atom surface   21.231   H16 ASB X    0
  2nd closest surface    21.232   H26 ASB X    0
  found on step  943
  this is also current point
  no. of rejections          176
 stored as   116

 highest radius point found:
  at point   -8.553  -0.056  23.400
  closest atom surface   21.426   H16 ASB X    0
  2nd closest surface    21.427   H34 ASB X    0
  found on step  994
  this is also current point
  no. of rejections          167
 stored as   117

 highest radius point found:
  at point  -10.038  -2.764  23.600
  closest atom surface   21.632   H16 ASB X    0
  2nd closest surface    21.641   H34 ASB X    0
  found on step  984
  this is also current point
  no. of rejections          147
 stored as   118

 highest radius point found:
  at point  -10.788  -4.063  23.800
  closest atom surface   21.981   H16 ASB X    0
  2nd closest surface    22.002   H34 ASB X    0
  found on step  998
  this is also current point
  no. of rejections          137
 stored as   119

 highest radius point found:
  at point  -13.429  -8.323  24.000
  closest atom surface   23.332   O4  ASB X    0
  2nd closest surface    23.336   H16 ASB X    0
  found on step  997
  this is also current point
  no. of rejections          155
 This is an end! (radius above  22.0 angs)
 highest radius point found:
  at point    0.494  -0.052  -0.200
  closest atom surface    3.134   C15 ASB X    0
  2nd closest surface     3.134   C12 ASB X    0
  found on step    1
 current point:
  at point   -0.050   0.003  -0.200
  closest atom surface    3.111   C15 ASB X    0
  2nd closest surface     3.111   C36 ASB X    0
  found on step  992
  no. of rejections          372
 stored as    -1

 highest radius point found:
  at point    0.506  -0.051  -0.400
  closest atom surface    3.147   C37 ASB X    0
  2nd closest surface     3.148   C12 ASB X    0
  found on step  516
 current point:
  at point    0.521  -0.053  -0.400
  closest atom surface    3.144   C12 ASB X    0
  2nd closest surface     3.147   C37 ASB X    0
  found on step  948
  no. of rejections          374
 stored as    -2

 highest radius point found:
  at point   -0.195   0.016  -0.600
  closest atom surface    3.146   C15 ASB X    0
  2nd closest surface     3.150   C36 ASB X    0
  found on step  291
 current point:
  at point   -0.117   0.010  -0.600
  closest atom surface    3.145   C36 ASB X    0
  2nd closest surface     3.146   C15 ASB X    0
  found on step  984
  no. of rejections          413
 stored as    -3

 highest radius point found:
  at point   -0.498   0.045  -0.800
  closest atom surface    3.194   C33 ASB X    0
  2nd closest surface     3.195   C15 ASB X    0
  found on step  994
  this is also current point
  no. of rejections          398
 stored as    -4

 highest radius point found:
  at point   -0.471   0.067  -1.000
  closest atom surface    3.209   C16 ASB X    0
  2nd closest surface     3.209   C33 ASB X    0
  found on step  989
  this is also current point
  no. of rejections          407
 stored as    -5

 highest radius point found:
  at point   -0.558   0.081  -1.200
  closest atom surface    3.206   C32 ASB X    0
  2nd closest surface     3.207   C16 ASB X    0
  found on step  233
 current point:
  at point    0.493  -0.146  -1.200
  closest atom surface    3.185   C15 ASB X    0
  2nd closest surface     3.185   C37 ASB X    0
  found on step  992
  no. of rejections          379
 stored as    -6

 highest radius point found:
  at point   -0.528   0.083  -1.400
  closest atom surface    3.213   C32 ASB X    0
  2nd closest surface     3.217   C16 ASB X    0
  found on step   78
 current point:
  at point    0.514  -0.171  -1.400
  closest atom surface    3.212   C37 ASB X    0
  2nd closest surface     3.213   C16 ASB X    0
  found on step  911
  no. of rejections          403
 stored as    -7

 highest radius point found:
  at point    0.529  -0.172  -1.600
  closest atom surface    3.224   C37 ASB X    0
  2nd closest surface     3.225   C11 ASB X    0
  found on step 1000
  this is also current point
  no. of rejections          389
 stored as    -8

 highest radius point found:
  at point    0.521  -0.171  -1.800
  closest atom surface    3.246   C37 ASB X    0
  2nd closest surface     3.247   C16 ASB X    0
  found on step  930
  this is also current point
  no. of rejections          374
 stored as    -9

 highest radius point found:
  at point   -0.497   0.078  -2.000
  closest atom surface    3.276   C37 ASB X    0
  2nd closest surface     3.276   C16 ASB X    0
  found on step  982
  this is also current point
  no. of rejections          413
 stored as   -10

 highest radius point found:
  at point   -0.497   0.078  -2.200
  closest atom surface    3.311   C16 ASB X    0
  2nd closest surface     3.312   C37 ASB X    0
  found on step    1
 current point:
  at point   -0.503   0.077  -2.200
  closest atom surface    3.309   C16 ASB X    0
  2nd closest surface     3.313   C32 ASB X    0
  found on step  983
  no. of rejections          392
 stored as   -11

 highest radius point found:
  at point   -0.497   0.078  -2.400
  closest atom surface    3.354   C16 ASB X    0
  2nd closest surface     3.354   C32 ASB X    0
  found on step    1
 current point:
  at point   -0.488   0.077  -2.400
  closest atom surface    3.354   C16 ASB X    0
  2nd closest surface     3.354   C37 ASB X    0
  found on step  992
  no. of rejections          376
 stored as   -12

 highest radius point found:
  at point    0.528  -0.172  -2.600
  closest atom surface    3.404   C16 ASB X    0
  2nd closest surface     3.405   C11 ASB X    0
  found on step  794
 current point:
  at point    0.537  -0.170  -2.600
  closest atom surface    3.403   C37 ASB X    0
  2nd closest surface     3.404   C11 ASB X    0
  found on step  924
  no. of rejections          382
 stored as   -13

 highest radius point found:
  at point    0.528  -0.172  -2.800
  closest atom surface    3.461   C16 ASB X    0
  2nd closest surface     3.462   C11 ASB X    0
  found on step    1
 current point:
  at point    0.536  -0.169  -2.800
  closest atom surface    3.461   C37 ASB X    0
  2nd closest surface     3.463   C11 ASB X    0
  found on step  932
  no. of rejections          357
 stored as   -14

 highest radius point found:
  at point    0.533  -0.170  -3.000
  closest atom surface    3.527   C37 ASB X    0
  2nd closest surface     3.528   C11 ASB X    0
  found on step  900
  this is also current point
  no. of rejections          399
 stored as   -15

 highest radius point found:
  at point    0.533  -0.170  -3.200
  closest atom surface    3.598   C16 ASB X    0
  2nd closest surface     3.599   C37 ASB X    0
  found on step    1
 current point:
  at point   -1.019   0.049  -3.200
  closest atom surface    3.527   C16 ASB X    0
  2nd closest surface     3.529   C32 ASB X    0
  found on step  955
  no. of rejections          410
 stored as   -16

 highest radius point found:
  at point    0.533  -0.170  -3.400
  closest atom surface    3.675   C16 ASB X    0
  2nd closest surface     3.676   C37 ASB X    0
  found on step    1
 current point:
  at point   -0.466   0.075  -3.400
  closest atom surface    3.673   C16 ASB X    0
  2nd closest surface     3.673   C37 ASB X    0
  found on step  962
  no. of rejections          401
 stored as   -17

 highest radius point found:
  at point    0.533  -0.170  -3.600
  closest atom surface    3.758   C16 ASB X    0
  2nd closest surface     3.760   C11 ASB X    0
  found on step    1
 current point:
  at point    0.523  -0.166  -3.600
  closest atom surface    3.758   C16 ASB X    0
  2nd closest surface     3.758   C37 ASB X    0
  found on step  959
  no. of rejections          363
 stored as   -18

 highest radius point found:
  at point    0.530  -0.167  -3.800
  closest atom surface    3.847   C37 ASB X    0
  2nd closest surface     3.849   C16 ASB X    0
  found on step  990
  this is also current point
  no. of rejections          372
 stored as   -19

 highest radius point found:
  at point    0.530  -0.167  -4.000
  closest atom surface    3.943   C37 ASB X    0
  2nd closest surface     3.943   C16 ASB X    0
  found on step    1
 current point:
  at point    0.543  -0.172  -4.000
  closest atom surface    3.941   C11 ASB X    0
  2nd closest surface     3.942   C16 ASB X    0
  found on step  972
  no. of rejections          370
 stored as   -20

 highest radius point found:
  at point    0.530  -0.167  -4.200
  closest atom surface    4.042   C16 ASB X    0
  2nd closest surface     4.043   C37 ASB X    0
  found on step    1
 current point:
  at point   -0.379   0.057  -4.200
  closest atom surface    4.034   C16 ASB X    0
  2nd closest surface     4.034   C37 ASB X    0
  found on step  908
  no. of rejections          348
 stored as   -21

 highest radius point found:
  at point    0.543  -0.168  -4.400
  closest atom surface    4.149   C37 ASB X    0
  2nd closest surface     4.149   C16 ASB X    0
  found on step  215
 current point:
  at point    0.541  -0.167  -4.400
  closest atom surface    4.148   C37 ASB X    0
  2nd closest surface     4.149   C16 ASB X    0
  found on step  933
  no. of rejections          370
 stored as   -22

 highest radius point found:
  at point    0.543  -0.168  -4.600
  closest atom surface    4.259   C16 ASB X    0
  2nd closest surface     4.259   C37 ASB X    0
  found on step    1
 current point:
  at point   -0.393   0.061  -4.600
  closest atom surface    4.250   C37 ASB X    0
  2nd closest surface     4.250   C16 ASB X    0
  found on step  933
  no. of rejections          368
 stored as   -23

 highest radius point found:
  at point    0.543  -0.168  -4.800
  closest atom surface    4.372   C16 ASB X    0
  2nd closest surface     4.374   C37 ASB X    0
  found on step    1
 current point:
  at point    0.766  -0.162  -4.800
  closest atom surface    4.341   C11 ASB X    0
  2nd closest surface     4.349   C37 ASB X    0
  found on step  989
  no. of rejections          349
 stored as   -24

 highest radius point found:
  at point    0.549  -0.167  -5.000
  closest atom surface    4.491   C37 ASB X    0
  2nd closest surface     4.493   C11 ASB X    0
  found on step  657
 current point:
  at point    0.549  -0.170  -5.000
  closest atom surface    4.490   C11 ASB X    0
  2nd closest surface     4.490   C16 ASB X    0
  found on step  977
  no. of rejections          382
 stored as   -25

 highest radius point found:
  at point    0.549  -0.167  -5.200
  closest atom surface    4.614   C37 ASB X    0
  2nd closest surface     4.615   C16 ASB X    0
  found on step    1
 current point:
  at point   -0.407   0.069  -5.200
  closest atom surface    4.605   C37 ASB X    0
  2nd closest surface     4.608   C16 ASB X    0
  found on step  957
  no. of rejections          346
 stored as   -26

 highest radius point found:
  at point    0.549  -0.167  -5.400
  closest atom surface    4.740   C16 ASB X    0
  2nd closest surface     4.741   C37 ASB X    0
  found on step    1
 current point:
  at point    0.510  -0.156  -5.400
  closest atom surface    4.737   C37 ASB X    0
  2nd closest surface     4.738   C16 ASB X    0
  found on step  952
  no. of rejections          386
 stored as   -27

 highest radius point found:
  at point    0.553  -0.166  -5.600
  closest atom surface    4.870   C37 ASB X    0
  2nd closest surface     4.871   C16 ASB X    0
  found on step  965
  this is also current point
  no. of rejections          373
 stored as   -28

 highest radius point found:
  at point    0.553  -0.166  -5.800
  closest atom surface    5.004   C37 ASB X    0
  2nd closest surface     5.004   C16 ASB X    0
  found on step    1
 current point:
  at point    0.145  -0.067  -5.800
  closest atom surface    4.983   C16 ASB X    0
  2nd closest surface     4.984   C37 ASB X    0
  found on step  994
  no. of rejections          306
 stored as   -29

 highest radius point found:
  at point    0.559  -0.166  -6.000
  closest atom surface    5.140   C37 ASB X    0
  2nd closest surface     5.140   C11 ASB X    0
  found on step  545
 current point:
  at point    0.563  -0.166  -6.000
  closest atom surface    5.140   C11 ASB X    0
  2nd closest surface     5.140   C37 ASB X    0
  found on step  996
  no. of rejections          343
 stored as   -30

 highest radius point found:
  at point    0.559  -0.166  -6.200
  closest atom surface    5.280   C11 ASB X    0
  2nd closest surface     5.280   C37 ASB X    0
  found on step    1
 current point:
  at point    0.531  -0.160  -6.200
  closest atom surface    5.278   C16 ASB X    0
  2nd closest surface     5.279   C37 ASB X    0
  found on step  990
  no. of rejections          339
 stored as   -31

 highest radius point found:
  at point    0.559  -0.165  -6.400
  closest atom surface    5.422   C37 ASB X    0
  2nd closest surface     5.423   C16 ASB X    0
  found on step  985
  this is also current point
  no. of rejections          329
 stored as   -32

 highest radius point found:
  at point    0.559  -0.165  -6.600
  closest atom surface    5.567   C16 ASB X    0
  2nd closest surface     5.568   C37 ASB X    0
  found on step    1
 current point:
  at point   -0.178   0.017  -6.600
  closest atom surface    5.549   C37 ASB X    0
  2nd closest surface     5.550   C16 ASB X    0
  found on step  981
  no. of rejections          325
 stored as   -33

 highest radius point found:
  at point    0.559  -0.165  -6.800
  closest atom surface    5.714   C16 ASB X    0
  2nd closest surface     5.715   C37 ASB X    0
  found on step    1
 current point:
  at point    0.548  -0.163  -6.800
  closest atom surface    5.713   C16 ASB X    0
  2nd closest surface     5.715   C37 ASB X    0
  found on step  948
  no. of rejections          345
 stored as   -34

 highest radius point found:
  at point    0.559  -0.165  -7.000
  closest atom surface    5.864   C16 ASB X    0
  2nd closest surface     5.866   C37 ASB X    0
  found on step    1
 current point:
  at point    0.512  -0.150  -7.000
  closest atom surface    5.860   C37 ASB X    0
  2nd closest surface     5.862   C16 ASB X    0
  found on step  977
  no. of rejections          339
 stored as   -35

 highest radius point found:
  at point    0.559  -0.165  -7.200
  closest atom surface    6.015   C16 ASB X    0
  2nd closest surface     6.018   C11 ASB X    0
  found on step    1
 current point:
  at point    0.767  -0.156  -7.200
  closest atom surface    5.997   C11 ASB X    0
  2nd closest surface     5.997   C37 ASB X    0
  found on step  991
  no. of rejections          319
 stored as   -36

 highest radius point found:
  at point    0.559  -0.165  -7.400
  closest atom surface    6.169   C16 ASB X    0
  2nd closest surface     6.172   C11 ASB X    0
  found on step    1
 current point:
  at point    0.090  -0.047  -7.400
  closest atom surface    6.152   C37 ASB X    0
  2nd closest surface     6.152   C16 ASB X    0
  found on step  897
  no. of rejections          337
 stored as   -37

 highest radius point found:
  at point    0.559  -0.165  -7.600
  closest atom surface    6.325   C16 ASB X    0
  2nd closest surface     6.328   C11 ASB X    0
  found on step    1
 current point:
  at point    0.908  -0.148  -7.600
  closest atom surface    6.297   C11 ASB X    0
  2nd closest surface     6.298   C37 ASB X    0
  found on step  994
  no. of rejections          301
 stored as   -38

 highest radius point found:
  at point    0.546  -0.157  -7.800
  closest atom surface    6.483   C37 ASB X    0
  2nd closest surface     6.484   C16 ASB X    0
  found on step  260
 current point:
  at point   -0.343   0.061  -7.800
  closest atom surface    6.474   C37 ASB X    0
  2nd closest surface     6.476   C16 ASB X    0
  found on step  981
  no. of rejections          308
 stored as   -39

 highest radius point found:
  at point    0.557  -0.161  -8.000
  closest atom surface    6.644   C16 ASB X    0
  2nd closest surface     6.645   C37 ASB X    0
  found on step  968
  this is also current point
  no. of rejections          287
 stored as   -40

 highest radius point found:
  at point    0.557  -0.161  -8.200
  closest atom surface    6.805   C16 ASB X    0
  2nd closest surface     6.807   C37 ASB X    0
  found on step    1
 current point:
  at point    0.041  -0.033  -8.200
  closest atom surface    6.788   C16 ASB X    0
  2nd closest surface     6.788   C37 ASB X    0
  found on step  998
  no. of rejections          319
 stored as   -41

 highest radius point found:
  at point    0.566  -0.157  -8.400
  closest atom surface    6.968   C37 ASB X    0
  2nd closest surface     6.971   C16 ASB X    0
  found on step  954
  this is also current point
  no. of rejections          286
 stored as   -42

 highest radius point found:
  at point    0.566  -0.157  -8.600
  closest atom surface    7.132   C37 ASB X    0
  2nd closest surface     7.135   C16 ASB X    0
  found on step    1
 current point:
  at point   -0.297   0.051  -8.600
  closest atom surface    7.122   C16 ASB X    0
  2nd closest surface     7.123   C37 ASB X    0
  found on step  948
  no. of rejections          320
 stored as   -43

 highest radius point found:
  at point    0.566  -0.157  -8.800
  closest atom surface    7.299   C37 ASB X    0
  2nd closest surface     7.301   C16 ASB X    0
  found on step    1
 current point:
  at point    1.527  -0.117  -8.800
  closest atom surface    7.259   C11 ASB X    0
  2nd closest surface     7.259   C37 ASB X    0
  found on step  909
  no. of rejections          313
 stored as   -44

 highest radius point found:
  at point    0.566  -0.157  -9.000
  closest atom surface    7.466   C37 ASB X    0
  2nd closest surface     7.467   C16 ASB X    0
  found on step    1
 current point:
  at point   -0.218   0.033  -9.000
  closest atom surface    7.453   C16 ASB X    0
  2nd closest surface     7.453   C37 ASB X    0
  found on step  993
  no. of rejections          287
 stored as   -45

 highest radius point found:
  at point    0.589  -0.161  -9.200
  closest atom surface    7.636   C37 ASB X    0
  2nd closest surface     7.636   C11 ASB X    0
  found on step  906
  this is also current point
  no. of rejections          289
 stored as   -46

 highest radius point found:
  at point    0.589  -0.161  -9.400
  closest atom surface    7.806   C37 ASB X    0
  2nd closest surface     7.806   C11 ASB X    0
  found on step    1
 current point:
  at point    0.590  -0.161  -9.400
  closest atom surface    7.806   C37 ASB X    0
  2nd closest surface     7.806   C11 ASB X    0
  found on step  939
  no. of rejections          313
 stored as   -47

 highest radius point found:
  at point    0.589  -0.161  -9.600
  closest atom surface    7.977   C37 ASB X    0
  2nd closest surface     7.977   C11 ASB X    0
  found on step    1
 current point:
  at point   -0.309   0.057  -9.600
  closest atom surface    7.966   C16 ASB X    0
  2nd closest surface     7.966   C32 ASB X    0
  found on step  923
  no. of rejections          298
 stored as   -48

 highest radius point found:
  at point    0.589  -0.161  -9.800
  closest atom surface    8.149   C11 ASB X    0
  2nd closest surface     8.149   C37 ASB X    0
  found on step    1
 current point:
  at point    0.595  -0.161  -9.800
  closest atom surface    8.148   C11 ASB X    0
  2nd closest surface     8.149   C37 ASB X    0
  found on step  994
  no. of rejections          294
 stored as   -49

 highest radius point found:
  at point    0.589  -0.161 -10.000
  closest atom surface    8.322   C16 ASB X    0
  2nd closest surface     8.322   C11 ASB X    0
  found on step    1
 current point:
  at point    0.574  -0.158 -10.000
  closest atom surface    8.321   C16 ASB X    0
  2nd closest surface     8.322   C37 ASB X    0
  found on step  938
  no. of rejections          290
 stored as   -50

 highest radius point found:
  at point    0.589  -0.161 -10.200
  closest atom surface    8.496   C16 ASB X    0
  2nd closest surface     8.496   C11 ASB X    0
  found on step    1
 current point:
  at point   -0.268   0.042 -10.200
  closest atom surface    8.480   C16 ASB X    0
  2nd closest surface     8.481   H27 ASB X    0
  found on step  980
  no. of rejections          307
 stored as   -51

 highest radius point found:
  at point    0.589  -0.161 -10.400
  closest atom surface    8.670   C16 ASB X    0
  2nd closest surface     8.671   C11 ASB X    0
  found on step    1
 current point:
  at point    0.348  -0.097 -10.400
  closest atom surface    8.659   C37 ASB X    0
  2nd closest surface     8.662   C16 ASB X    0
  found on step  999
  no. of rejections          261
 stored as   -52

 highest radius point found:
  at point    0.589  -0.161 -10.600
  closest atom surface    8.846   C16 ASB X    0
  2nd closest surface     8.847   C11 ASB X    0
  found on step    1
 current point:
  at point    1.252  -0.128 -10.600
  closest atom surface    8.814   C11 ASB X    0
  2nd closest surface     8.814   C37 ASB X    0
  found on step  911
  no. of rejections          273
 stored as   -53

 highest radius point found:
  at point    0.594  -0.160 -10.800
  closest atom surface    9.023   C16 ASB X    0
  2nd closest surface     9.024   C37 ASB X    0
  found on step  985
  this is also current point
  no. of rejections          283
 stored as   -54

 highest radius point found:
  at point    0.594  -0.160 -11.000
  closest atom surface    9.200   C16 ASB X    0
  2nd closest surface     9.201   C11 ASB X    0
  found on step    1
 current point:
  at point    1.245  -0.127 -11.000
  closest atom surface    9.169   C37 ASB X    0
  2nd closest surface     9.170   C11 ASB X    0
  found on step  983
  no. of rejections          268
 stored as   -55

 highest radius point found:
  at point    0.594  -0.160 -11.200
  closest atom surface    9.378   C16 ASB X    0
  2nd closest surface     9.379   C11 ASB X    0
  found on step    1
 current point:
  at point   -0.336   0.038 -11.200
  closest atom surface    9.356   H27 ASB X    0
  2nd closest surface     9.356   C16 ASB X    0
  found on step  977
  no. of rejections          290
 stored as   -56

 highest radius point found:
  at point    0.594  -0.160 -11.400
  closest atom surface    9.557   C16 ASB X    0
  2nd closest surface     9.558   C11 ASB X    0
  found on step    1
 current point:
  at point    1.622  -0.110 -11.400
  closest atom surface    9.527   C11 ASB X    0
  2nd closest surface     9.528   C37 ASB X    0
  found on step  993
  no. of rejections          283
 stored as   -57

 highest radius point found:
  at point    0.601  -0.158 -11.600
  closest atom surface    9.738   C37 ASB X    0
  2nd closest surface     9.738   C16 ASB X    0
  found on step  997
  this is also current point
  no. of rejections          286
 stored as   -58

 highest radius point found:
  at point    0.601  -0.158 -11.800
  closest atom surface    9.918   C16 ASB X    0
  2nd closest surface     9.918   C37 ASB X    0
  found on step    1
 current point:
  at point   -0.337   0.028 -11.800
  closest atom surface    9.890   H27 ASB X    0
  2nd closest surface     9.890   C16 ASB X    0
  found on step  997
  no. of rejections          274
 stored as   -59

 highest radius point found:
  at point    0.601  -0.158 -12.000
  closest atom surface   10.098   C16 ASB X    0
  2nd closest surface    10.099   C37 ASB X    0
  found on step    1
 current point:
  at point    0.594  -0.155 -12.000
  closest atom surface   10.098   C37 ASB X    0
  2nd closest surface    10.098   C16 ASB X    0
  found on step  977
  no. of rejections          251
 stored as   -60

 highest radius point found:
  at point    0.599  -0.155 -12.200
  closest atom surface   10.279   H11 ASB X    0
  2nd closest surface    10.280   C37 ASB X    0
  found on step  916
  this is also current point
  no. of rejections          252
 stored as   -61

 highest radius point found:
  at point    0.642  -0.156 -12.400
  closest atom surface   10.460   H27 ASB X    0
  2nd closest surface    10.460   C11 ASB X    0
  found on step  731
 current point:
  at point    0.625  -0.160 -12.400
  closest atom surface   10.459   H11 ASB X    0
  2nd closest surface    10.460   C11 ASB X    0
  found on step  999
  no. of rejections          268
 stored as   -62

 highest radius point found:
  at point    0.643  -0.159 -12.600
  closest atom surface   10.641   H27 ASB X    0
  2nd closest surface    10.641   H11 ASB X    0
  found on step  412
 current point:
  at point    0.209  -0.093 -12.600
  closest atom surface   10.619   C16 ASB X    0
  2nd closest surface    10.623   H27 ASB X    0
  found on step  999
  no. of rejections          279
 stored as   -63

 highest radius point found:
  at point    0.673  -0.160 -12.800
  closest atom surface   10.822   C11 ASB X    0
  2nd closest surface    10.822   H27 ASB X    0
  found on step   54
 current point:
  at point    0.726  -0.154 -12.800
  closest atom surface   10.820   H27 ASB X    0
  2nd closest surface    10.820   C11 ASB X    0
  found on step  943
  no. of rejections          278
 stored as   -64

 highest radius point found:
  at point    0.676  -0.164 -13.000
  closest atom surface   11.004   H11 ASB X    0
  2nd closest surface    11.004   C11 ASB X    0
  found on step  228
 current point:
  at point    1.612  -0.108 -13.000
  closest atom surface   10.985   C11 ASB X    0
  2nd closest surface    10.985   C37 ASB X    0
  found on step  996
  no. of rejections          254
 stored as   -65

 highest radius point found:
  at point    0.690  -0.165 -13.200
  closest atom surface   11.186   H11 ASB X    0
  2nd closest surface    11.187   C11 ASB X    0
  found on step   84
 current point:
  at point    0.705  -0.164 -13.200
  closest atom surface   11.186   C11 ASB X    0
  2nd closest surface    11.187   H27 ASB X    0
  found on step  983
  no. of rejections          245
 stored as   -66

 highest radius point found:
  at point    0.690  -0.165 -13.400
  closest atom surface   11.368   H11 ASB X    0
  2nd closest surface    11.369   H27 ASB X    0
  found on step    1
 current point:
  at point   -0.451   0.027 -13.400
  closest atom surface   11.346   C16 ASB X    0
  2nd closest surface    11.346   H27 ASB X    0
  found on step  964
  no. of rejections          261
 stored as   -67

 highest radius point found:
  at point    0.690  -0.165 -13.600
  closest atom surface   11.551   H11 ASB X    0
  2nd closest surface    11.552   H27 ASB X    0
  found on step    1
 current point:
  at point   -1.204  -0.002 -13.600
  closest atom surface   11.500   C32 ASB X    0
  2nd closest surface    11.501   C16 ASB X    0
  found on step  954
  no. of rejections          265
 stored as   -68

 highest radius point found:
  at point    0.712  -0.166 -13.800
  closest atom surface   11.736   H27 ASB X    0
  2nd closest surface    11.736   H11 ASB X    0
  found on step    4
 current point:
  at point    1.439  -0.117 -13.800
  closest atom surface   11.725   C11 ASB X    0
  2nd closest surface    11.726   C37 ASB X    0
  found on step  913
  no. of rejections          258
 stored as   -69

 highest radius point found:
  at point    0.799  -0.167 -14.000
  closest atom surface   11.920   C11 ASB X    0
  2nd closest surface    11.920   H27 ASB X    0
  found on step  939
  this is also current point
  no. of rejections          251
 stored as   -70

 highest radius point found:
  at point    0.778  -0.170 -14.200
  closest atom surface   12.106   H27 ASB X    0
  2nd closest surface    12.107   C11 ASB X    0
  found on step   35
 current point:
  at point    0.851  -0.163 -14.200
  closest atom surface   12.103   H27 ASB X    0
  2nd closest surface    12.105   C11 ASB X    0
  found on step  995
  no. of rejections          225
 stored as   -71

 highest radius point found:
  at point    0.778  -0.170 -14.400
  closest atom surface   12.290   H27 ASB X    0
  2nd closest surface    12.294   H11 ASB X    0
  found on step    1
 current point:
  at point    1.624  -0.106 -14.400
  closest atom surface   12.287   C37 ASB X    0
  2nd closest surface    12.287   C11 ASB X    0
  found on step  998
  no. of rejections          224
 stored as   -72

 highest radius point found:
  at point    0.825  -0.172 -14.600
  closest atom surface   12.476   H27 ASB X    0
  2nd closest surface    12.477   C11 ASB X    0
  found on step    9
 current point:
  at point    1.627  -0.105 -14.600
  closest atom surface   12.474   C37 ASB X    0
  2nd closest surface    12.474   C11 ASB X    0
  found on step 1000
  no. of rejections          245
 stored as   -73

 highest radius point found:
  at point    0.810  -0.174 -14.800
  closest atom surface   12.663   H27 ASB X    0
  2nd closest surface    12.665   C11 ASB X    0
  found on step  230
 current point:
  at point    1.666  -0.095 -14.800
  closest atom surface   12.659   C37 ASB X    0
  2nd closest surface    12.661   C10 ASB X    0
  found on step  986
  no. of rejections          245
 stored as   -74

 highest radius point found:
  at point    0.822  -0.176 -15.000
  closest atom surface   12.849   H27 ASB X    0
  2nd closest surface    12.852   C11 ASB X    0
  found on step  453
 current point:
  at point    0.792  -0.175 -15.000
  closest atom surface   12.849   H27 ASB X    0
  2nd closest surface    12.849   H11 ASB X    0
  found on step  994
  no. of rejections          226
 stored as   -75

 highest radius point found:
  at point    0.822  -0.176 -15.200
  closest atom surface   13.036   H27 ASB X    0
  2nd closest surface    13.038   H11 ASB X    0
  found on step    1
 current point:
  at point   -0.382  -0.010 -15.200
  closest atom surface   13.018   C16 ASB X    0
  2nd closest surface    13.018   H27 ASB X    0
  found on step  898
  no. of rejections          234
 stored as   -76

 highest radius point found:
  at point    0.853  -0.181 -15.400
  closest atom surface   13.224   H27 ASB X    0
  2nd closest surface    13.225   C11 ASB X    0
  found on step   12
 current point:
  at point   -0.092  -0.055 -15.400
  closest atom surface   13.201   H27 ASB X    0
  2nd closest surface    13.202   H11 ASB X    0
  found on step  983
  no. of rejections          250
 stored as   -77

 highest radius point found:
  at point    1.614  -0.104 -15.600
  closest atom surface   13.413   H27 ASB X    0
  2nd closest surface    13.415   C37 ASB X    0
  found on step  367
 current point:
  at point    1.422  -0.130 -15.600
  closest atom surface   13.410   C11 ASB X    0
  2nd closest surface    13.411   H27 ASB X    0
  found on step  995
  no. of rejections          239
 stored as   -78

 highest radius point found:
  at point    1.739  -0.083 -15.800
  closest atom surface   13.601   H27 ASB X    0
  2nd closest surface    13.601   C10 ASB X    0
  found on step  977
  this is also current point
  no. of rejections          232
 stored as   -79

 highest radius point found:
  at point    1.739  -0.083 -16.000
  closest atom surface   13.789   H27 ASB X    0
  2nd closest surface    13.790   H28 ASB X    0
  found on step    1
 current point:
  at point    0.871  -0.186 -16.000
  closest atom surface   13.788   H11 ASB X    0
  2nd closest surface    13.788   H27 ASB X    0
  found on step  949
  no. of rejections          249
 stored as   -80

 highest radius point found:
  at point    1.664  -0.109 -16.200
  closest atom surface   13.979   C10 ASB X    0
  2nd closest surface    13.980   H27 ASB X    0
  found on step  323
 current point:
  at point    1.120  -0.166 -16.200
  closest atom surface   13.975   H27 ASB X    0
  2nd closest surface    13.975   C11 ASB X    0
  found on step  954
  no. of rejections          234
 stored as   -81

 highest radius point found:
  at point    1.609  -0.121 -16.400
  closest atom surface   14.169   H27 ASB X    0
  2nd closest surface    14.169   C11 ASB X    0
  found on step  821
 current point:
  at point    1.317  -0.151 -16.400
  closest atom surface   14.164   C11 ASB X    0
  2nd closest surface    14.164   H27 ASB X    0
  found on step  894
  no. of rejections          235
 stored as   -82

 highest radius point found:
  at point    1.631  -0.120 -16.600
  closest atom surface   14.358   C10 ASB X    0
  2nd closest surface    14.359   H27 ASB X    0
  found on step    9
 current point:
  at point    1.602  -0.124 -16.600
  closest atom surface   14.358   C11 ASB X    0
  2nd closest surface    14.358   H27 ASB X    0
  found on step  979
  no. of rejections          237
 stored as   -83

 highest radius point found:
  at point    1.649  -0.118 -16.800
  closest atom surface   14.548   H27 ASB X    0
  2nd closest surface    14.548   C10 ASB X    0
  found on step  971
  this is also current point
  no. of rejections          222
 stored as   -84

 highest radius point found:
  at point    1.649  -0.118 -17.000
  closest atom surface   14.737   H27 ASB X    0
  2nd closest surface    14.739   C10 ASB X    0
  found on step    1
 current point:
  at point    2.834  -0.101 -17.000
  closest atom surface   14.683   H28 ASB X    0
  2nd closest surface    14.685   C10 ASB X    0
  found on step  978
  no. of rejections          228
 stored as   -85

 highest radius point found:
  at point    1.649  -0.118 -17.200
  closest atom surface   14.926   H27 ASB X    0
  2nd closest surface    14.929   C10 ASB X    0
  found on step    1
 current point:
  at point    0.970  -0.193 -17.200
  closest atom surface   14.924   H27 ASB X    0
  2nd closest surface    14.925   C11 ASB X    0
  found on step  972
  no. of rejections          205
 stored as   -86

 highest radius point found:
  at point    1.602  -0.135 -17.400
  closest atom surface   15.118   H27 ASB X    0
  2nd closest surface    15.118   C11 ASB X    0
  found on step  893
  this is also current point
  no. of rejections          223
 stored as   -87

 highest radius point found:
  at point    1.638  -0.132 -17.600
  closest atom surface   15.309   C10 ASB X    0
  2nd closest surface    15.309   H27 ASB X    0
  found on step  396
 current point:
  at point    1.599  -0.139 -17.600
  closest atom surface   15.309   C11 ASB X    0
  2nd closest surface    15.309   H27 ASB X    0
  found on step  994
  no. of rejections          228
 stored as   -88

 highest radius point found:
  at point    1.607  -0.141 -17.800
  closest atom surface   15.499   C11 ASB X    0
  2nd closest surface    15.500   C10 ASB X    0
  found on step  611
 current point:
  at point    1.039  -0.195 -17.800
  closest atom surface   15.496   H27 ASB X    0
  2nd closest surface    15.496   C11 ASB X    0
  found on step  950
  no. of rejections          231
 stored as   -89

 highest radius point found:
  at point    1.607  -0.141 -18.000
  closest atom surface   15.691   H27 ASB X    0
  2nd closest surface    15.691   C11 ASB X    0
  found on step    1
 current point:
  at point    1.802  -0.097 -18.000
  closest atom surface   15.689   H27 ASB X    0
  2nd closest surface    15.689   C10 ASB X    0
  found on step  983
  no. of rejections          209
 stored as   -90

 highest radius point found:
  at point    1.593  -0.145 -18.200
  closest atom surface   15.882   H27 ASB X    0
  2nd closest surface    15.882   C11 ASB X    0
  found on step    3
 current point:
  at point    1.071  -0.198 -18.200
  closest atom surface   15.878   H27 ASB X    0
  2nd closest surface    15.878   C11 ASB X    0
  found on step  943
  no. of rejections          221
 stored as   -91

 highest radius point found:
  at point    1.692  -0.126 -18.400
  closest atom surface   16.072   H27 ASB X    0
  2nd closest surface    16.073   C10 ASB X    0
  found on step  993
  this is also current point
  no. of rejections          222
 stored as   -92

 highest radius point found:
  at point    1.640  -0.143 -18.600
  closest atom surface   16.265   C10 ASB X    0
  2nd closest surface    16.265   H27 ASB X    0
  found on step  593
 current point:
  at point    1.766  -0.113 -18.600
  closest atom surface   16.263   C10 ASB X    0
  2nd closest surface    16.264   H27 ASB X    0
  found on step  962
  no. of rejections          218
 stored as   -93

 highest radius point found:
  at point    1.610  -0.151 -18.800
  closest atom surface   16.457   H27 ASB X    0
  2nd closest surface    16.458   C11 ASB X    0
  found on step  716
 current point:
  at point    1.709  -0.128 -18.800
  closest atom surface   16.456   H27 ASB X    0
  2nd closest surface    16.456   C10 ASB X    0
  found on step  963
  no. of rejections          216
 stored as   -94

 highest radius point found:
  at point    1.615  -0.155 -19.000
  closest atom surface   16.649   C10 ASB X    0
  2nd closest surface    16.649   C11 ASB X    0
  found on step    5
 current point:
  at point    1.144  -0.201 -19.000
  closest atom surface   16.645   H27 ASB X    0
  2nd closest surface    16.645   C11 ASB X    0
  found on step  997
  no. of rejections          208
 stored as   -95

 highest radius point found:
  at point    1.615  -0.155 -19.200
  closest atom surface   16.841   H27 ASB X    0
  2nd closest surface    16.842   C10 ASB X    0
  found on step    1
 current point:
  at point    1.173  -0.201 -19.200
  closest atom surface   16.837   C11 ASB X    0
  2nd closest surface    16.837   H27 ASB X    0
  found on step  992
  no. of rejections          215
 stored as   -96

 highest radius point found:
  at point    1.615  -0.155 -19.400
  closest atom surface   17.033   H27 ASB X    0
  2nd closest surface    17.034   C10 ASB X    0
  found on step    1
 current point:
  at point   -0.560   0.014 -19.400
  closest atom surface   17.008   H27 ASB X    0
  2nd closest surface    17.008   H24 ASB X    0
  found on step  986
  no. of rejections          215
 stored as   -97

 highest radius point found:
  at point    1.595  -0.164 -19.600
  closest atom surface   17.226   C11 ASB X    0
  2nd closest surface    17.226   H27 ASB X    0
  found on step  312
 current point:
  at point    1.777  -0.121 -19.600
  closest atom surface   17.224   H27 ASB X    0
  2nd closest surface    17.225   C10 ASB X    0
  found on step  938
  no. of rejections          224
 stored as   -98

 highest radius point found:
  at point    1.595  -0.164 -19.800
  closest atom surface   17.418   H27 ASB X    0
  2nd closest surface    17.419   C11 ASB X    0
  found on step    1
 current point:
  at point    1.847  -0.107 -19.800
  closest atom surface   17.417   H27 ASB X    0
  2nd closest surface    17.417   C10 ASB X    0
  found on step  961
  no. of rejections          202
 stored as   -99

 highest radius point found:
  at point    1.595  -0.165 -20.000
  closest atom surface   17.611   H27 ASB X    0
  2nd closest surface    17.612   C11 ASB X    0
  found on step    4
 current point:
  at point    1.151  -0.214 -20.000
  closest atom surface   17.607   C11 ASB X    0
  2nd closest surface    17.608   H27 ASB X    0
  found on step  938
  no. of rejections          218
 stored as  -100

 highest radius point found:
  at point    1.595  -0.165 -20.200
  closest atom surface   17.803   H27 ASB X    0
  2nd closest surface    17.806   C11 ASB X    0
  found on step    1
 current point:
  at point    0.871  -0.179 -20.200
  closest atom surface   17.786   H27 ASB X    0
  2nd closest surface    17.787   H11 ASB X    0
  found on step  981
  no. of rejections          207
 stored as  -101

 highest radius point found:
  at point    1.614  -0.171 -20.400
  closest atom surface   17.997   C10 ASB X    0
  2nd closest surface    17.998   C11 ASB X    0
  found on step  710
 current point:
  at point    1.639  -0.164 -20.400
  closest atom surface   17.997   H27 ASB X    0
  2nd closest surface    17.997   C10 ASB X    0
  found on step  994
  no. of rejections          217
 stored as  -102

 highest radius point found:
  at point    1.590  -0.175 -20.600
  closest atom surface   18.190   H27 ASB X    0
  2nd closest surface    18.191   C11 ASB X    0
  found on step  992
  this is also current point
  no. of rejections          217
 stored as  -103

 highest radius point found:
  at point    1.594  -0.178 -20.800
  closest atom surface   18.384   C11 ASB X    0
  2nd closest surface    18.384   H27 ASB X    0
  found on step  547
 current point:
  at point    1.182  -0.219 -20.800
  closest atom surface   18.380   H27 ASB X    0
  2nd closest surface    18.380   C11 ASB X    0
  found on step  907
  no. of rejections          217
 stored as  -104

 highest radius point found:
  at point    1.594  -0.178 -21.000
  closest atom surface   18.577   H27 ASB X    0
  2nd closest surface    18.578   C11 ASB X    0
  found on step    1
 current point:
  at point    1.799  -0.132 -21.000
  closest atom surface   18.576   H27 ASB X    0
  2nd closest surface    18.576   C10 ASB X    0
  found on step  919
  no. of rejections          221
 stored as  -105

 highest radius point found:
  at point    1.594  -0.178 -21.200
  closest atom surface   18.770   H27 ASB X    0
  2nd closest surface    18.772   C11 ASB X    0
  found on step    1
 current point:
  at point    1.836  -0.126 -21.200
  closest atom surface   18.769   C10 ASB X    0
  2nd closest surface    18.769   H27 ASB X    0
  found on step  949
  no. of rejections          216
 stored as  -106

 highest radius point found:
  at point    1.704  -0.163 -21.400
  closest atom surface   18.963   C10 ASB X    0
  2nd closest surface    18.965   H27 ASB X    0
  found on step  277
 current point:
  at point    1.210  -0.224 -21.400
  closest atom surface   18.961   C11 ASB X    0
  2nd closest surface    18.961   H27 ASB X    0
  found on step  976
  no. of rejections          216
 stored as  -107

 highest radius point found:
  at point    1.704  -0.163 -21.600
  closest atom surface   19.158   C10 ASB X    0
  2nd closest surface    19.158   H27 ASB X    0
  found on step    1
 current point:
  at point    1.837  -0.130 -21.600
  closest atom surface   19.157   H27 ASB X    0
  2nd closest surface    19.157   C10 ASB X    0
  found on step  928
  no. of rejections          218
 stored as  -108

 highest radius point found:
  at point    1.606  -0.185 -21.800
  closest atom surface   19.352   H27 ASB X    0
  2nd closest surface    19.353   C10 ASB X    0
  found on step  246
 current point:
  at point    1.838  -0.132 -21.800
  closest atom surface   19.351   C10 ASB X    0
  2nd closest surface    19.351   H27 ASB X    0
  found on step  948
  no. of rejections          204
 stored as  -109

 highest radius point found:
  at point    1.606  -0.185 -22.000
  closest atom surface   19.546   H27 ASB X    0
  2nd closest surface    19.548   C10 ASB X    0
  found on step    1
 current point:
  at point    0.595  -0.133 -22.000
  closest atom surface   19.513   H27 ASB X    0
  2nd closest surface    19.517   H11 ASB X    0
  found on step  997
  no. of rejections          189
 stored as  -110

 highest radius point found:
  at point    1.606  -0.185 -22.200
  closest atom surface   19.739   H27 ASB X    0
  2nd closest surface    19.743   C10 ASB X    0
  found on step    1
 current point:
  at point    2.963  -0.061 -22.200
  closest atom surface   19.692   H7  ASB X    0
  2nd closest surface    19.692   H28 ASB X    0
  found on step  905
  no. of rejections          211
 stored as  -111

 highest radius point found:
  at point    1.608  -0.189 -22.400
  closest atom surface   19.934   H27 ASB X    0
  2nd closest surface    19.936   C10 ASB X    0
  found on step  982
  this is also current point
  no. of rejections          208
 stored as  -112

 highest radius point found:
  at point    1.560  -0.199 -22.600
  closest atom surface   20.129   H27 ASB X    0
  2nd closest surface    20.130   C11 ASB X    0
  found on step   30
 current point:
  at point    1.794  -0.151 -22.600
  closest atom surface   20.128   H27 ASB X    0
  2nd closest surface    20.128   H7  ASB X    0
  found on step  963
  no. of rejections          189
 stored as  -113

 highest radius point found:
  at point    1.656  -0.187 -22.800
  closest atom surface   20.324   H27 ASB X    0
  2nd closest surface    20.324   C10 ASB X    0
  found on step  955
  this is also current point
  no. of rejections          209
 stored as  -114

 highest radius point found:
  at point    1.656  -0.187 -23.000
  closest atom surface   20.518   H27 ASB X    0
  2nd closest surface    20.519   C10 ASB X    0
  found on step    1
 current point:
  at point    1.757  -0.155 -23.000
  closest atom surface   20.515   H27 ASB X    0
  2nd closest surface    20.518   H7  ASB X    0
  found on step  997
  no. of rejections          210
 stored as  -115

 highest radius point found:
  at point    1.600  -0.204 -23.200
  closest atom surface   20.714   H27 ASB X    0
  2nd closest surface    20.714   C10 ASB X    0
  found on step  993
  this is also current point
  no. of rejections          196
 stored as  -116

 highest radius point found:
  at point    1.595  -0.210 -23.400
  closest atom surface   20.908   C11 ASB X    0
  2nd closest surface    20.908   C10 ASB X    0
  found on step  530
 current point:
  at point    1.614  -0.207 -23.400
  closest atom surface   20.908   C10 ASB X    0
  2nd closest surface    20.908   H7  ASB X    0
  found on step  985
  no. of rejections          225
 stored as  -117

 highest radius point found:
  at point    1.595  -0.210 -23.600
  closest atom surface   21.103   C11 ASB X    0
  2nd closest surface    21.103   C10 ASB X    0
  found on step    1
 current point:
  at point    1.171  -0.220 -23.600
  closest atom surface   21.091   H11 ASB X    0
  2nd closest surface    21.093   H27 ASB X    0
  found on step  999
  no. of rejections          208
 stored as  -118

 highest radius point found:
  at point    1.595  -0.210 -23.800
  closest atom surface   21.298   H27 ASB X    0
  2nd closest surface    21.298   H7  ASB X    0
  found on step    1
 current point:
  at point    2.152  -0.089 -23.800
  closest atom surface   21.281   H28 ASB X    0
  2nd closest surface    21.281   H7  ASB X    0
  found on step  960
  no. of rejections          201
 stored as  -119

 highest radius point found:
  at point    1.569  -0.217 -24.000
  closest atom surface   21.493   C11 ASB X    0
  2nd closest surface    21.493   H27 ASB X    0
  found on step  986
  this is also current point
  no. of rejections          201
 stored as  -120

 highest radius point found:
  at point    1.569  -0.217 -24.200
  closest atom surface   21.688   H27 ASB X    0
  2nd closest surface    21.688   H8  ASB X    0
  found on step    1
 current point:
  at point    1.540  -0.219 -24.200
  closest atom surface   21.687   H8  ASB X    0
  2nd closest surface    21.687   H27 ASB X    0
  found on step  903
  no. of rejections          222
 stored as  -121

 highest radius point found:
  at point    1.569  -0.217 -24.400
  closest atom surface   21.883   H27 ASB X    0
  2nd closest surface    21.883   H7  ASB X    0
  found on step    1
 current point:
  at point    0.486  -0.122 -24.400
  closest atom surface   21.846   H11 ASB X    0
  2nd closest surface    21.846   H27 ASB X    0
  found on step  955
  no. of rejections          190
 stored as  -122

 highest radius point found:
  at point    1.569  -0.217 -24.600
  closest atom surface   22.077   H27 ASB X    0
  2nd closest surface    22.078   H7  ASB X    0
  found on step    1
 current point:
  at point    1.494  -0.225 -24.600
  closest atom surface   22.075   H8  ASB X    0
  2nd closest surface    22.076   H27 ASB X    0
  found on step  997
  no. of rejections          208
 This is an end! (radius above  22.0 angs)
 
 N.b. Graph information routine (HOGRAP) differs 
        markedly from previous versions!
       Information now is written from -ve end
       to +ve in one pass
 
 Explanation of the meaning of each column: 
 First column "cenxyz.cvec" is the coordinate in the
   direction of the channel vector i.e. if the channel
   vector is in z (0 0 1) then it is the z coordinate.
 The second column "radius" is the hole pore radius 
   (as defined in the Biophys J 1993) article).
 The third column "cen_line_D" is the distance 
   measured along the pore centre line - with the 
   first point found set to zero. This was the first
   thing that I used to measure the distance along a pore
   but "cenxyz.cvec" is a much better general measure. 
   However, by comparing changes in this distance to changes in '   "cenxyz.cvec" one can get a measure of how straight a 
   channel is.
 The fourth column "sum{s/(area)}" is useful in conductance
   prediction -
   basically it is the sum of the thickness of each slab
   divided by its area. HOLE uses this measure to estimate
   the macroscopic conductance of a channel.
 If any of this worries you one can see the "raw" results
   of a standard hole run by producing a sphpdb file and 
    directly looking at the results.
 cenxyz.cvec      radius  cen_line_D sum{s/(area point sourc
   -24.39983    21.88255   -28.60080     0.00007   (sampled)
   -24.29983    21.78516   -28.50080     0.00013 (mid-point)
   -24.19983    21.68779   -28.40080     0.00020   (sampled)
   -24.09983    21.59045   -28.30080     0.00027 (mid-point)
   -23.99983    21.49289   -28.20080     0.00034   (sampled)
   -23.89983    21.39556   -28.09988     0.00041 (mid-point)
   -23.79983    21.29802   -27.99895     0.00048   (sampled)
   -23.69983    21.20076   -27.89895     0.00055 (mid-point)
   -23.59983    21.10319   -27.79895     0.00062   (sampled)
   -23.49983    21.00549   -27.69895     0.00069 (mid-point)
   -23.39983    20.90781   -27.59895     0.00077   (sampled)
   -23.29983    20.81086   -27.49887     0.00084 (mid-point)
   -23.19983    20.71352   -27.39878     0.00091   (sampled)
   -23.09983    20.61560   -27.29463     0.00099 (mid-point)
   -22.99983    20.51774   -27.19048     0.00106   (sampled)
   -22.89983    20.42068   -27.09048     0.00114 (mid-point)
   -22.79983    20.32365   -26.99048     0.00122   (sampled)
   -22.69983    20.22607   -26.87938     0.00129 (mid-point)
   -22.59983    20.12862   -26.76827     0.00137   (sampled)
   -22.49983    20.03144   -26.66535     0.00145 (mid-point)
   -22.39983    19.93433   -26.56243     0.00153   (sampled)
   -22.29983    19.83687   -26.46241     0.00161 (mid-point)
   -22.19983    19.73944   -26.36238     0.00170   (sampled)
   -22.09983    19.64260   -26.26238     0.00178 (mid-point)
   -21.99983    19.54578   -26.16238     0.00186   (sampled)
   -21.89983    19.44900   -26.06238     0.00195 (mid-point)
   -21.79983    19.35225   -25.96238     0.00203   (sampled)
   -21.69983    19.25494   -25.85049     0.00212 (mid-point)
   -21.59983    19.15753   -25.73860     0.00220   (sampled)
   -21.49983    19.06034   -25.63860     0.00229 (mid-point)
   -21.39983    18.96317   -25.53860     0.00238   (sampled)
   -21.29983    18.86713   -25.42425     0.00247 (mid-point)
   -21.19983    18.76994   -25.30990     0.00256   (sampled)
   -21.09983    18.67341   -25.20990     0.00265 (mid-point)
   -20.99983    18.57691   -25.10990     0.00274   (sampled)
   -20.89983    18.48045   -25.00990     0.00284 (mid-point)
   -20.79983    18.38397   -24.90990     0.00293   (sampled)
   -20.69983    18.28723   -24.80988     0.00302 (mid-point)
   -20.59983    18.19046   -24.70985     0.00312   (sampled)
   -20.49983    18.09411   -24.60915     0.00322 (mid-point)
   -20.39983    17.99747   -24.50845     0.00332   (sampled)
   -20.29983    17.90036   -24.40796     0.00342 (mid-point)
   -20.19983    17.80295   -24.30748     0.00352   (sampled)
   -20.09983    17.70678   -24.20748     0.00362 (mid-point)
   -19.99983    17.61064   -24.10748     0.00372   (sampled)
   -19.89983    17.51436   -24.00748     0.00382 (mid-point)
   -19.79983    17.41812   -23.90747     0.00393   (sampled)
   -19.69983    17.32210   -23.80747     0.00404 (mid-point)
   -19.59983    17.22567   -23.70747     0.00414   (sampled)
   -19.49983    17.12951   -23.60688     0.00425 (mid-point)
   -19.39983    17.03293   -23.50628     0.00436   (sampled)
   -19.29983    16.93709   -23.40628     0.00447 (mid-point)
   -19.19983    16.84129   -23.30628     0.00458   (sampled)
   -19.09983    16.74519   -23.20628     0.00470 (mid-point)
   -18.99983    16.64883   -23.10628     0.00481   (sampled)
   -18.89983    16.55317   -23.00623     0.00493 (mid-point)
   -18.79983    16.45696   -22.90618     0.00505   (sampled)
   -18.69983    16.36109   -22.80501     0.00516 (mid-point)
   -18.59983    16.26500   -22.70385     0.00529   (sampled)
   -18.49983    16.16879   -22.60023     0.00541 (mid-point)
   -18.39983    16.07238   -22.49661     0.00553   (sampled)
   -18.29983    15.97691   -22.38474     0.00565 (mid-point)
   -18.19983    15.88163   -22.27287     0.00578   (sampled)
   -18.09983    15.78624   -22.17262     0.00591 (mid-point)
   -17.99983    15.69091   -22.07236     0.00604   (sampled)
   -17.89983    15.59523   -21.97236     0.00617 (mid-point)
   -17.79983    15.49937   -21.87236     0.00630   (sampled)
   -17.69983    15.40455   -21.77105     0.00644 (mid-point)
   -17.59983    15.30891   -21.66973     0.00657   (sampled)
   -17.49983    15.21382   -21.56807     0.00671 (mid-point)
   -17.39983    15.11839   -21.46641     0.00685   (sampled)
   -17.29983    15.02233   -21.36336     0.00699 (mid-point)
   -17.19983    14.92635   -21.26031     0.00713   (sampled)
   -17.09983    14.83165   -21.16031     0.00728 (mid-point)
   -16.99983    14.73701   -21.06031     0.00742   (sampled)
   -16.89983    14.64244   -20.96031     0.00757 (mid-point)
   -16.79983    14.54794   -20.86031     0.00772   (sampled)
   -16.69983    14.45316   -20.75991     0.00787 (mid-point)
   -16.59983    14.35842   -20.65951     0.00803   (sampled)
   -16.49983    14.26387   -20.55891     0.00819 (mid-point)
   -16.39983    14.16899   -20.45831     0.00834   (sampled)
   -16.29983    14.07453   -20.35444     0.00850 (mid-point)
   -16.19983    13.97894   -20.25057     0.00867   (sampled)
   -16.09983    13.88436   -20.14304     0.00883 (mid-point)
   -15.99983    13.78864   -20.03552     0.00900   (sampled)
   -15.89983    13.69477   -19.93552     0.00917 (mid-point)
   -15.79983    13.60099   -19.83552     0.00934   (sampled)
   -15.69983    13.50660   -19.71713     0.00952 (mid-point)
   -15.59983    13.41258   -19.59875     0.00969   (sampled)
   -15.49983    13.31332   -19.20388     0.00987 (mid-point)
   -15.39983    13.22434   -18.80901     0.01006   (sampled)
   -15.29983    13.12997   -18.70774     0.01024 (mid-point)
   -15.19983    13.03570   -18.60648     0.01043   (sampled)
   -15.09983    12.94250   -18.50648     0.01062 (mid-point)
   -14.99983    12.84940   -18.40648     0.01081   (sampled)
   -14.89983    12.75598   -18.30628     0.01101 (mid-point)
   -14.79983    12.66266   -18.20609     0.01120   (sampled)
   -14.69983    12.56946   -18.10578     0.01141 (mid-point)
   -14.59983    12.47637   -18.00547     0.01161   (sampled)
   -14.49983    12.38324   -17.90267     0.01182 (mid-point)
   -14.39983    12.29025   -17.79988     0.01203   (sampled)
   -14.29983    12.19785   -17.69988     0.01224 (mid-point)
   -14.19983    12.10555   -17.59988     0.01246   (sampled)
   -14.09983    12.01283   -17.49927     0.01268 (mid-point)
   -13.99983    11.92011   -17.39866     0.01290   (sampled)
   -13.89983    11.82787   -17.28948     0.01313 (mid-point)
   -13.79983    11.73580   -17.18030     0.01336   (sampled)
   -13.69983    11.64349   -17.07972     0.01360 (mid-point)
   -13.59983    11.55100   -16.97913     0.01384   (sampled)
   -13.49983    11.45964   -16.87913     0.01408 (mid-point)
   -13.39983    11.36842   -16.77913     0.01432   (sampled)
   -13.29983    11.27733   -16.67913     0.01457 (mid-point)
   -13.19983    11.18638   -16.57913     0.01483   (sampled)
   -13.09983    11.09512   -16.47887     0.01509 (mid-point)
   -12.99983    11.00401   -16.37861     0.01535   (sampled)
   -12.89983    10.91296   -16.27859     0.01562 (mid-point)
   -12.79983    10.82193   -16.17857     0.01589   (sampled)
   -12.69983    10.73159   -16.07739     0.01617 (mid-point)
   -12.59983    10.64114   -15.97620     0.01645   (sampled)
   -12.49983    10.55056   -15.87619     0.01673 (mid-point)
   -12.39983    10.46014   -15.77619     0.01702   (sampled)
   -12.29983    10.36990   -15.67390     0.01732 (mid-point)
   -12.19983    10.27946   -15.57161     0.01762   (sampled)
   -12.09983    10.18932   -15.47159     0.01793 (mid-point)
   -11.99983    10.09847   -15.37157     0.01824   (sampled)
   -11.89983    10.00812   -15.27157     0.01856 (mid-point)
   -11.79983     9.91793   -15.17157     0.01888   (sampled)
   -11.69983     9.82771   -15.07157     0.01921 (mid-point)
   -11.59983     9.73755   -14.97157     0.01955   (sampled)
   -11.49983     9.64738   -14.87151     0.01989 (mid-point)
   -11.39983     9.55690   -14.77145     0.02024   (sampled)
   -11.29983     9.46753   -14.67145     0.02059 (mid-point)
   -11.19983     9.37833   -14.57145     0.02095   (sampled)
   -11.09983     9.28932   -14.47145     0.02132 (mid-point)
   -10.99983     9.20050   -14.37145     0.02170   (sampled)
   -10.89983     9.11187   -14.27145     0.02208 (mid-point)
   -10.79983     9.02344   -14.17145     0.02247   (sampled)
   -10.69983     8.93447   -14.07141     0.02287 (mid-point)
   -10.59983     8.84571   -13.97137     0.02328   (sampled)
   -10.49983     8.75788   -13.87137     0.02369 (mid-point)
   -10.39983     8.67028   -13.77137     0.02412   (sampled)
   -10.29983     8.58289   -13.67137     0.02455 (mid-point)
   -10.19983     8.49574   -13.57137     0.02499   (sampled)
   -10.09983     8.40882   -13.47137     0.02544 (mid-point)
    -9.99983     8.32214   -13.37137     0.02590   (sampled)
    -9.89983     8.23551   -13.27137     0.02637 (mid-point)
    -9.79983     8.14909   -13.17137     0.02685   (sampled)
    -9.69983     8.06287   -13.07137     0.02734 (mid-point)
    -9.59983     7.97687   -12.97137     0.02784   (sampled)
    -9.49983     7.89114   -12.87137     0.02835 (mid-point)
    -9.39983     7.80569   -12.77137     0.02887   (sampled)
    -9.29983     7.72051   -12.67137     0.02941 (mid-point)
    -9.19983     7.63563   -12.57137     0.02995   (sampled)
    -9.09983     7.55086   -12.47069     0.03051 (mid-point)
    -8.99983     7.46641   -12.37000     0.03108   (sampled)
    -8.89983     7.38244   -12.27000     0.03167 (mid-point)
    -8.79983     7.29879   -12.17000     0.03226   (sampled)
    -8.69983     7.21547   -12.07000     0.03287 (mid-point)
    -8.59983     7.13249   -11.97000     0.03350   (sampled)
    -8.49983     7.04987   -11.87000     0.03414 (mid-point)
    -8.39983     6.96760   -11.77000     0.03480   (sampled)
    -8.29983     6.88695   -11.66989     0.03547 (mid-point)
    -8.19983     6.80486   -11.56978     0.03616   (sampled)
    -8.09983     6.72413   -11.46978     0.03686 (mid-point)
    -7.99983     6.64380   -11.36978     0.03758   (sampled)
    -7.89983     6.56387   -11.26963     0.03832 (mid-point)
    -7.79983     6.48339   -11.16948     0.03908   (sampled)
    -7.69983     6.40427   -11.06920     0.03985 (mid-point)
    -7.59983     6.32461   -10.96892     0.04065   (sampled)
    -7.49983     6.24650   -10.86892     0.04146 (mid-point)
    -7.39983     6.16887   -10.76892     0.04230   (sampled)
    -7.29983     6.09175   -10.66892     0.04316 (mid-point)
    -7.19983     6.01514   -10.56892     0.04404   (sampled)
    -7.09983     5.93906   -10.46892     0.04494 (mid-point)
    -6.99983     5.86352   -10.36892     0.04587   (sampled)
    -6.89983     5.78855   -10.26892     0.04682 (mid-point)
    -6.79983     5.71416   -10.16892     0.04779   (sampled)
    -6.69983     5.64036   -10.06892     0.04879 (mid-point)
    -6.59983     5.56718    -9.96892     0.04982   (sampled)
    -6.49983     5.49459    -9.86892     0.05087 (mid-point)
    -6.39983     5.42223    -9.76892     0.05196   (sampled)
    -6.29983     5.35086    -9.66892     0.05307 (mid-point)
    -6.19983     5.27996    -9.56892     0.05421   (sampled)
    -6.09983     5.20980    -9.46892     0.05538 (mid-point)
    -5.99983     5.14030    -9.36892     0.05659   (sampled)
    -5.89983     5.07176    -9.26887     0.05782 (mid-point)
    -5.79983     5.00399    -9.16882     0.05910   (sampled)
    -5.69983     4.93673    -9.06882     0.06040 (mid-point)
    -5.59983     4.87027    -8.96882     0.06174   (sampled)
    -5.49983     4.80509    -8.86880     0.06312 (mid-point)
    -5.39983     4.74045    -8.76878     0.06454   (sampled)
    -5.29983     4.67693    -8.66878     0.06599 (mid-point)
    -5.19983     4.61400    -8.56878     0.06749   (sampled)
    -5.09983     4.55201    -8.46878     0.06903 (mid-point)
    -4.99983     4.49099    -8.36878     0.07060   (sampled)
    -4.89983     4.43180    -8.26873     0.07222 (mid-point)
    -4.79983     4.37220    -8.16869     0.07389   (sampled)
    -4.69983     4.31481    -8.06869     0.07560 (mid-point)
    -4.59983     4.25851    -7.96869     0.07735   (sampled)
    -4.49983     4.20319    -7.86869     0.07916 (mid-point)
    -4.39983     4.14863    -7.76869     0.08101   (sampled)
    -4.29983     4.09522    -7.66847     0.08290 (mid-point)
    -4.19983     4.04232    -7.56824     0.08485   (sampled)
    -4.09983     3.99196    -7.46824     0.08685 (mid-point)
    -3.99983     3.94271    -7.36824     0.08890   (sampled)
    -3.89983     3.89438    -7.26824     0.09100 (mid-point)
    -3.79983     3.84740    -7.16824     0.09315   (sampled)
    -3.69983     3.80267    -7.06821     0.09535 (mid-point)
    -3.59983     3.75801    -6.96818     0.09760   (sampled)
    -3.49983     3.71586    -6.86818     0.09991 (mid-point)
    -3.39983     3.67520    -6.76818     0.10226   (sampled)
    -3.29983     3.63606    -6.66818     0.10467 (mid-point)
    -3.19983     3.59848    -6.56818     0.10713   (sampled)
    -3.09983     3.56197    -6.46818     0.10964 (mid-point)
    -2.99983     3.52697    -6.36818     0.11220   (sampled)
    -2.89983     3.49364    -6.26815     0.11480 (mid-point)
    -2.79983     3.46084    -6.16811     0.11746   (sampled)
    -2.69983     3.43148    -6.06811     0.12016 (mid-point)
    -2.59983     3.40387    -5.96811     0.12291   (sampled)
    -2.49983     3.35126    -5.43102     0.12575 (mid-point)
    -2.39983     3.35385    -4.89393     0.12858   (sampled)
    -2.29983     3.33161    -4.79393     0.13144 (mid-point)
    -2.19983     3.31122    -4.69393     0.13435   (sampled)
    -2.09983     3.29268    -4.59393     0.13728 (mid-point)
    -1.99983     3.27576    -4.49393     0.14025   (sampled)
    -1.89983     3.23295    -3.95996     0.14329 (mid-point)
    -1.79983     3.24603    -3.42598     0.14632   (sampled)
    -1.69983     3.23427    -3.32592     0.14936 (mid-point)
    -1.59983     3.22445    -3.22585     0.15242   (sampled)
    -1.49983     3.19130    -2.67304     0.15555 (mid-point)
    -1.39983     3.21338    -2.12023     0.15863   (sampled)
    -1.29983     3.20883    -2.01911     0.16172 (mid-point)
    -1.19983     3.20630    -1.91798     0.16482   (sampled)
    -1.09983     3.20681    -1.80869     0.16791 (mid-point)
    -0.99983     3.20879    -1.69940     0.17100   (sampled)
    -0.89983     3.20049    -1.59791     0.17411 (mid-point)
    -0.79983     3.19353    -1.49642     0.17723   (sampled)
    -0.69983     3.16716    -1.31423     0.18040 (mid-point)
    -0.59983     3.14609    -1.13203     0.18362   (sampled)
    -0.49983     3.13467    -0.76621     0.18686 (mid-point)
    -0.39983     3.14709    -0.40039     0.19007   (sampled)
    -0.29983     3.13986    -0.30019     0.19330 (mid-point)
    -0.19983     3.13362    -0.20000     0.19654   (sampled)
    -0.09983     3.13035    -0.10000     0.19979 (mid-point)
     0.00017     3.12903     0.00000     0.20304   (sampled)
     0.10017     3.13025     0.10001     0.20629 (mid-point)
     0.20017     3.13256     0.20002     0.20954   (sampled)
     0.30017     3.13705     0.30002     0.21277 (mid-point)
     0.40017     3.14355     0.40002     0.21599   (sampled)
     0.50017     3.15109     0.50182     0.21920 (mid-point)
     0.60017     3.15728     0.60362     0.22239   (sampled)
     0.70017     3.16593     0.72050     0.22557 (mid-point)
     0.80017     3.17649     0.83738     0.22872   (sampled)
     0.90017     3.18559     0.94130     0.23186 (mid-point)
     1.00017     3.19250     1.04522     0.23498   (sampled)
     1.10017     3.18867     1.14633     0.23811 (mid-point)
     1.20017     3.18686     1.24745     0.24125   (sampled)
     1.30017     3.18759     1.34770     0.24438 (mid-point)
     1.40017     3.19028     1.44796     0.24751   (sampled)
     1.50017     3.19467     1.54796     0.25062 (mid-point)
     1.60017     3.20070     1.64796     0.25373   (sampled)
     1.70017     3.20870     1.74796     0.25682 (mid-point)
     1.80017     3.21865     1.84796     0.25990   (sampled)
     1.90017     3.23090     1.94797     0.26295 (mid-point)
     2.00017     3.24507     2.04799     0.26597   (sampled)
     2.10017     3.25357     2.36145     0.26898 (mid-point)
     2.20017     3.27995     2.67490     0.27193   (sampled)
     2.30017     3.29178     2.99589     0.27487 (mid-point)
     2.40017     3.32227     3.31688     0.27776   (sampled)
     2.50017     3.33704     3.63926     0.28061 (mid-point)
     2.60017     3.37146     3.96163     0.28341   (sampled)
     2.70017     3.39890     4.06163     0.28617 (mid-point)
     2.80017     3.42801     4.16163     0.28888   (sampled)
     2.90017     3.45870     4.26164     0.29154 (mid-point)
     3.00017     3.49101     4.36164     0.29415   (sampled)
     3.10017     3.52481     4.46164     0.29671 (mid-point)
     3.20017     3.56012     4.56164     0.29922   (sampled)
     3.30017     3.59741     4.66165     0.30168 (mid-point)
     3.40017     3.63626     4.76165     0.30409   (sampled)
     3.50017     3.67629     4.86165     0.30645 (mid-point)
     3.60017     3.71783     4.96165     0.30875   (sampled)
     3.70017     3.76189     5.06177     0.31100 (mid-point)
     3.80017     3.80738     5.16188     0.31319   (sampled)
     3.90017     3.85388     5.26210     0.31534 (mid-point)
     4.00017     3.90174     5.36233     0.31743   (sampled)
     4.10017     3.95075     5.46283     0.31947 (mid-point)
     4.20017     4.00091     5.56334     0.32146   (sampled)
     4.30017     4.05258     5.66334     0.32339 (mid-point)
     4.40017     4.10547     5.76334     0.32528   (sampled)
     4.50017     4.15957     5.86334     0.32712 (mid-point)
     4.60017     4.21477     5.96334     0.32891   (sampled)
     4.70017     4.27064     6.06334     0.33066 (mid-point)
     4.80017     4.32763     6.16334     0.33236   (sampled)
     4.90017     4.38659     6.26355     0.33401 (mid-point)
     5.00017     4.44659     6.36375     0.33562   (sampled)
     5.10017     4.50690     6.46378     0.33719 (mid-point)
     5.20017     4.56819     6.56380     0.33872   (sampled)
     5.30017     4.63028     6.66380     0.34020 (mid-point)
     5.40017     4.69331     6.76380     0.34165   (sampled)
     5.50017     4.75725     6.86380     0.34305 (mid-point)
     5.60017     4.82207     6.96380     0.34442   (sampled)
     5.70017     4.88776     7.06380     0.34575 (mid-point)
     5.80017     4.95428     7.16380     0.34705   (sampled)
     5.90017     5.02246     7.26433     0.34831 (mid-point)
     6.00017     5.09144     7.36486     0.34954   (sampled)
     6.10017     5.16030     7.46486     0.35074 (mid-point)
     6.20017     5.22991     7.56486     0.35190   (sampled)
     6.30017     5.30150     7.66488     0.35303 (mid-point)
     6.40017     5.37376     7.76490     0.35413   (sampled)
     6.50017     5.44601     7.86519     0.35521 (mid-point)
     6.60017     5.51892     7.96548     0.35625   (sampled)
     6.70017     5.59189     8.06548     0.35727 (mid-point)
     6.80017     5.66549     8.16548     0.35826   (sampled)
     6.90017     5.74096     8.26613     0.35923 (mid-point)
     7.00017     5.81525     8.36678     0.36017   (sampled)
     7.10017     5.89155     8.46678     0.36109 (mid-point)
     7.20017     5.96822     8.56678     0.36198   (sampled)
     7.30017     6.04465     8.66678     0.36285 (mid-point)
     7.40017     6.12159     8.76678     0.36370   (sampled)
     7.50017     6.19949     8.86679     0.36453 (mid-point)
     7.60017     6.27786     8.96679     0.36534   (sampled)
     7.70017     6.35628     9.06679     0.36612 (mid-point)
     7.80017     6.43516     9.16679     0.36689   (sampled)
     7.90017     6.51449     9.26679     0.36764 (mid-point)
     8.00017     6.59426     9.36679     0.36838   (sampled)
     8.10017     6.67544     9.46699     0.36909 (mid-point)
     8.20017     6.75693     9.56718     0.36979   (sampled)
     8.30017     6.83802     9.66718     0.37047 (mid-point)
     8.40017     6.91941     9.76718     0.37113   (sampled)
     8.50017     7.00118     9.86718     0.37178 (mid-point)
     8.60017     7.08332     9.96718     0.37242   (sampled)
     8.70017     7.16582    10.06718     0.37304 (mid-point)
     8.80017     7.24867    10.16718     0.37364   (sampled)
     8.90017     7.33278    10.26757     0.37423 (mid-point)
     9.00017     7.41721    10.36796     0.37481   (sampled)
     9.10017     7.50141    10.46812     0.37538 (mid-point)
     9.20017     7.58592    10.56828     0.37593   (sampled)
     9.30017     7.67037    10.66828     0.37647 (mid-point)
     9.40017     7.75511    10.76828     0.37700   (sampled)
     9.50017     7.84015    10.86828     0.37752 (mid-point)
     9.60017     7.92547    10.96828     0.37803   (sampled)
     9.70017     8.01239    11.06863     0.37852 (mid-point)
     9.80017     8.09894    11.16899     0.37901   (sampled)
     9.90017     8.18537    11.26899     0.37948 (mid-point)
    10.00017     8.27203    11.36899     0.37995   (sampled)
    10.10017     8.35896    11.46912     0.38040 (mid-point)
    10.20017     8.44610    11.56924     0.38085   (sampled)
    10.30017     8.53349    11.66924     0.38129 (mid-point)
    10.40017     8.62090    11.76924     0.38171   (sampled)
    10.50017     8.70894    11.86953     0.38213 (mid-point)
    10.60017     8.79698    11.96982     0.38255   (sampled)
    10.70017     8.88524    12.06982     0.38295 (mid-point)
    10.80017     8.97371    12.16982     0.38334   (sampled)
    10.90017     9.06217    12.26982     0.38373 (mid-point)
    11.00017     9.15074    12.36982     0.38411   (sampled)
    11.10017     9.23951    12.46982     0.38448 (mid-point)
    11.20017     9.32846    12.56982     0.38485   (sampled)
    11.30017     9.41760    12.66982     0.38521 (mid-point)
    11.40017     9.50692    12.76982     0.38556   (sampled)
    11.50017     9.59691    12.86983     0.38591 (mid-point)
    11.60017     9.68706    12.96983     0.38625   (sampled)
    11.70017     9.77636    13.06983     0.38658 (mid-point)
    11.80017     9.86531    13.16983     0.38691   (sampled)
    11.90017     9.95667    13.27125     0.38723 (mid-point)
    12.00017    10.04657    13.37266     0.38754   (sampled)
    12.10017    10.13711    13.47266     0.38785 (mid-point)
    12.20017    10.22773    13.57266     0.38816   (sampled)
    12.30017    10.31850    13.67266     0.38846 (mid-point)
    12.40017    10.40895    13.77266     0.38875   (sampled)
    12.50017    10.49910    13.87266     0.38904 (mid-point)
    12.60017    10.58940    13.97266     0.38932   (sampled)
    12.70017    10.67987    14.07266     0.38960 (mid-point)
    12.80017    10.77048    14.17266     0.38988   (sampled)
    12.90017    10.86237    14.27283     0.39015 (mid-point)
    13.00017    10.95404    14.37301     0.39041   (sampled)
    13.10017    11.04484    14.47301     0.39067 (mid-point)
    13.20017    11.13578    14.57301     0.39093   (sampled)
    13.30017    11.22686    14.67301     0.39118 (mid-point)
    13.40017    11.31808    14.77301     0.39143   (sampled)
    13.50017    11.41004    14.87807     0.39167 (mid-point)
    13.60017    11.50119    14.98312     0.39191   (sampled)
    13.70017    11.59372    15.08512     0.39215 (mid-point)
    13.80017    11.68618    15.18712     0.39238   (sampled)
    13.90017    11.77804    15.28712     0.39261 (mid-point)
    14.00017    11.87001    15.38712     0.39284   (sampled)
    14.10017    11.96207    15.48712     0.39306 (mid-point)
    14.20017    12.05420    15.58712     0.39328   (sampled)
    14.30017    12.14681    15.68745     0.39350 (mid-point)
    14.40017    12.23922    15.78779     0.39371   (sampled)
    14.50017    12.33199    15.88779     0.39392 (mid-point)
    14.60017    12.42456    15.98779     0.39413   (sampled)
    14.70017    12.51724    16.08779     0.39433 (mid-point)
    14.80017    12.61002    16.18779     0.39453   (sampled)
    14.90017    12.70290    16.28779     0.39473 (mid-point)
    15.00017    12.79588    16.38779     0.39492   (sampled)
    15.10017    12.88895    16.48779     0.39511 (mid-point)
    15.20017    12.98213    16.58779     0.39530   (sampled)
    15.30017    13.06847    17.08738     0.39549 (mid-point)
    15.40017    13.16910    17.58698     0.39567   (sampled)
    15.50017    13.26349    17.68699     0.39585 (mid-point)
    15.60017    13.35755    17.78699     0.39603   (sampled)
    15.70017    13.45144    17.88699     0.39621 (mid-point)
    15.80017    13.54542    17.98699     0.39638   (sampled)
    15.90017    13.64001    18.08702     0.39655 (mid-point)
    16.00017    13.73420    18.18705     0.39672   (sampled)
    16.10017    13.82834    18.28705     0.39689 (mid-point)
    16.20017    13.92242    18.38705     0.39705   (sampled)
    16.30017    14.01658    18.48705     0.39721 (mid-point)
    16.40017    14.11082    18.58705     0.39737   (sampled)
    16.50017    14.20513    18.68705     0.39753 (mid-point)
    16.60017    14.29951    18.78705     0.39769   (sampled)
    16.70017    14.39396    18.88705     0.39784 (mid-point)
    16.80017    14.48848    18.98705     0.39799   (sampled)
    16.90017    14.58307    19.08705     0.39814 (mid-point)
    17.00017    14.67772    19.18705     0.39829   (sampled)
    17.10017    14.77373    19.28793     0.39843 (mid-point)
    17.20017    14.86760    19.38880     0.39858   (sampled)
    17.30017    14.96278    19.48894     0.39872 (mid-point)
    17.40017    15.05801    19.58907     0.39886   (sampled)
    17.50017    15.15317    19.68907     0.39900 (mid-point)
    17.60017    15.24838    19.78907     0.39914   (sampled)
    17.70017    15.34365    19.88907     0.39927 (mid-point)
    17.80017    15.43898    19.98907     0.39940   (sampled)
    17.90017    15.53436    20.08907     0.39954 (mid-point)
    18.00017    15.62979    20.18907     0.39967   (sampled)
    18.10017    15.72528    20.28907     0.39980 (mid-point)
    18.20017    15.82082    20.38907     0.39992   (sampled)
    18.30017    15.91641    20.48907     0.40005 (mid-point)
    18.40017    16.01206    20.58907     0.40017   (sampled)
    18.50017    16.10757    20.68907     0.40030 (mid-point)
    18.60017    16.20314    20.78907     0.40042   (sampled)
    18.70017    16.29876    20.88907     0.40054 (mid-point)
    18.80017    16.39443    20.98907     0.40065   (sampled)
    18.90017    16.49015    21.08907     0.40077 (mid-point)
    19.00017    16.58591    21.18907     0.40089   (sampled)
    19.10017    16.68219    21.28923     0.40100 (mid-point)
    19.20017    16.77851    21.38940     0.40111   (sampled)
    19.30017    16.87440    21.48940     0.40123 (mid-point)
    19.40017    16.97035    21.58940     0.40134   (sampled)
    19.50017    17.06668    21.68968     0.40145 (mid-point)
    19.60017    17.16254    21.78997     0.40155   (sampled)
    19.70017    17.25878    21.88997     0.40166 (mid-point)
    19.80017    17.35506    21.98997     0.40177   (sampled)
    19.90017    17.45154    22.09001     0.40187 (mid-point)
    20.00017    17.54774    22.19006     0.40198   (sampled)
    20.10017    17.64411    22.29006     0.40208 (mid-point)
    20.20017    17.74053    22.39006     0.40218   (sampled)
    20.30017    17.83698    22.49006     0.40228 (mid-point)
    20.40017    17.93347    22.59006     0.40238   (sampled)
    20.50017    18.02996    22.69006     0.40248 (mid-point)
    20.60017    18.12638    22.79006     0.40257   (sampled)
    20.70017    18.22284    22.89006     0.40267 (mid-point)
    20.80017    18.31933    22.99006     0.40276   (sampled)
    20.90017    18.41586    23.09006     0.40286 (mid-point)
    21.00017    18.51242    23.19006     0.40295   (sampled)
    21.10017    18.60902    23.29006     0.40304 (mid-point)
    21.20017    18.70565    23.39006     0.40313   (sampled)
    21.30017    18.80299    23.49070     0.40322 (mid-point)
    21.40017    18.89939    23.59133     0.40331   (sampled)
    21.50017    18.99625    23.69133     0.40340 (mid-point)
    21.60017    19.09315    23.79133     0.40349   (sampled)
    21.70017    19.19052    23.89149     0.40357 (mid-point)
    21.80017    19.28750    23.99165     0.40366   (sampled)
    21.90017    19.38445    24.09168     0.40374 (mid-point)
    22.00017    19.48143    24.19171     0.40383   (sampled)
    22.10017    19.57834    24.29171     0.40391 (mid-point)
    22.20017    19.67528    24.39171     0.40399   (sampled)
    22.30017    19.77224    24.49171     0.40407 (mid-point)
    22.40017    19.86924    24.59171     0.40416   (sampled)
    22.50017    19.96643    24.69183     0.40423 (mid-point)
    22.60017    20.06364    24.79196     0.40431   (sampled)
    22.70017    20.16073    24.89196     0.40439 (mid-point)
    22.80017    20.25783    24.99196     0.40447   (sampled)
    22.90017    20.36639    28.49259     0.40455 (mid-point)
    23.00017    21.03556    31.99322     0.40462   (sampled)
    23.10017    21.13329    32.09431     0.40469 (mid-point)
    23.20017    21.23098    32.19540     0.40476   (sampled)
    23.30017    21.32871    32.29650     0.40483 (mid-point)
    23.40017    21.42647    32.39759     0.40490   (sampled)
    23.50017    21.47615    33.94524     0.40497 (mid-point)
    23.60017    21.63179    35.49289     0.40504   (sampled)
    23.70017    21.79449    36.24931     0.40510 (mid-point)
    23.80017    21.98095    37.00572     0.40517   (sampled)

 Minimum radius found:      3.129 angstroms.



 For spherical probe approach, The geometric factor
         F= sum(ds/area) along channel is    0.405 angstroms**-1
 This yields a macroscopic predicted molar conductance of:
   (1/rho)*(100/F)= (250/rho) pS,
   where rho is the conductivity of 1M permeant ion in ohm m.
 N.B. this is a macroscopic conductance - an overestimate 
 Empirically corrected conductances currently only available
 With the CAPSULE option (although its not that stable!)
 For 1M KCl rho= 1/12 (ohm m), So Gmacro= 3000 pS/M.
  (TAG      1   Rmin=     3.12903   Gmacro=  2961.72165 Conn_Gmacro=    -1.00000 ).
 HOLE: normal completion
