 *** Program HOLE ***
 
 If results of this run are reported or published, please
 cite the publication listed below.
 For the HOLE program:
   Smart, O.S., Goodfellow, J.M., Wallace, B.A. (1993). 
   The pore dimensions of gramicidin A. 
   Biophys. J., 65, 2455-2460.
 
 Originally written by Oliver Smart at Birkbeck College from April 1992.
 Copyright 1993-2005 Oliver Smart
 Copyright 2014-2015 SmartSci Limited.
 Copyright 2016 Oliver Smart.
 
 For help on HOLE suite see  http://www.holeprogram.org/
 
 HOLE release 2.2.005 (07 August 2016) 
 
 usage subject to Apache License, Version 2.0 
 see http://www.apache.org/licenses/LICENSE-2.0 

 Control variables read:

! Input file for Oliver Smart's HOLE program
! written by MDAnalysis.analysis.hole2.HoleAnalysis
! for a Universe
! u = mda.Universe(host_2Naphthalene+dithiol+1DM.mol2
!    host_2Naphthalene+dithiol+1DM.mol2
!   )
! Frame 0

COORD  /tmp/tmpsm2firul.pdb
RADIUS simple2.rad
SPHPDB hole000.sph
SAMPLE 0.200000
ENDRAD 22.000000
IGNORE SOL WAT TIP HOH K   NA  CL
SHORTO 0
RASEED 31415
CPOINT 0.3226841973 -0.1091789501 -0.1512736848


 WARNING have not found a CVECT record - will try to guess
 Input pdb filename read as:    '/tmp/tmpsm2firul.pdb'
 Input vdW radius file read as: 'simple2.rad'
 point in channel:    0.323  -0.109  -0.151
 channel vector:   ************************
 sampling distance between planes:    0.200

 graphics conditions:
 binary plot output file name: NONE
 Dot density:    10
 Draw dots?           T
 Draw close contacts? F
 Draw centre line?    T
 Produce spikes rather than dots? F
 Seed for random number generator:     31415 (0 means value set by program)
 Radius above which a result is regarded as an 'end':  22.000
 Pdb format file for sphere centres: hole000.sph

 Monte Carlo conditions:
  no of steps:  1000
  maximum displacement   0.100 angs
  'kT' initial   0.100 angs
 The spherebox and capsule options are turned off.
 (No molqpt card so will not write qpt file of the molecule)
 IGNORE card read so will ignore residue types: SOL WAT TIP HOH K   NA  CL
 no SHORTO card read so will produce full textual output
 As no PEGRAT card was found will not produce PEG polymer exclusion graph
 (No 2DMAPS card specified so will not produce 2D property maps)
 Have not found a CUT card.  Normal calculation using
   Cutoff lists with a cutsize=       1.000
   (if you wish to turn off option use a CUT -1 card)

 Have read     7 bond radius records and
              16 vdW radius records.
 From file: simple2.rad

 Have read    95 atom records.
 From file: /tmp/tmpsm2firul.pdb
 Will not produce graphical output
 Warning have tried to open file: 'hole000.sph' as NEW but
         this file already exists - old version kept as 'hole000.sph.old'

 Have opened file for pdb format output of sphere centres:  hole000.sph

  Seed integer used by ran # generator on this run      31415

 
 S/R cguess will try to guess CPOINT and/or CVECT
 
 THESE GUESSES MAY WELL BE WRONG!!!!
 Routine relies on having a reasonably symmetric
 channel oriented along x, y or z vector
 YOU ARE STRONGLY ADVISED TO CHECK THE RESULTS
                       WITH MOLECULAR GRAPHICS
 testing points from cpoint in X, Y then Z direction
   point                   pore radius
direction     1
  -4.677  -0.109  -0.151     0.292
  -3.677  -0.109  -0.151     1.137
  -2.677  -0.109  -0.151     2.053
  -1.677  -0.109  -0.151     2.833
  -0.677  -0.109  -0.151     3.290
   0.323  -0.109  -0.151     2.817
   1.323  -0.109  -0.151     2.006
   2.323  -0.109  -0.151     1.009
   3.323  -0.109  -0.151     0.016
   4.323  -0.109  -0.151    -0.963
   5.323  -0.109  -0.151    -1.710
 Average pore radius along the line=      1.162
direction     2
   0.323  -5.109  -0.151    -1.017
   0.323  -4.109  -0.151    -0.226
   0.323  -3.109  -0.151     0.404
   0.323  -2.109  -0.151     1.243
   0.323  -1.109  -0.151     2.159
   0.323  -0.109  -0.151     2.817
   0.323   0.891  -0.151     2.989
   0.323   1.891  -0.151     2.028
   0.323   2.891  -0.151     1.091
   0.323   3.891  -0.151     0.216
   0.323   4.891  -0.151    -0.555
 Average pore radius along the line=      1.014
direction     3
   0.323  -0.109  -5.151     4.868
   0.323  -0.109  -4.151     4.144
   0.323  -0.109  -3.151     3.527
   0.323  -0.109  -2.151     3.064
   0.323  -0.109  -1.151     2.814
   0.323  -0.109  -0.151     2.817
   0.323  -0.109   0.849     3.050
   0.323  -0.109   1.849     3.132
   0.323  -0.109   2.849     3.364
   0.323  -0.109   3.849     3.762
   0.323  -0.109   4.849     4.295
 Average pore radius along the line=      3.531
 Best direction is found to be     3
(1=X,2=Y,3=Z)
 s/r cguess has produced initial values for cpoint &/or cvect:
CPOINT       0.3227     -0.1092     -0.1513
CVECT        0.0000      0.0000      1.0000
 THESE GUESSES MAY WELL BE WRONG!!!!
 Routine relies on having a reasonably symmetric
 channel oriented along x, y or z vector
 YOU ARE STRONGLY ADVISED TO CHECK THE RESULTS
                       WITH MOLECULAR GRAPHICS
 
 
  Some routines (e.g. conn) need vectors normal to cvect: 
     EAST Zero degrees angle is along vector    1.000   0.000   0.000
     NORTH  90 degrees angle is along vector    0.000  -1.000   0.000
 highest radius point found:
  at point   -0.150   0.436  -0.151
  closest atom surface    3.532   S   URE X    0
  2nd closest surface     3.532   H19 URE X    0
  found on step  978
  this is also current point
  no. of rejections          395
 stored as     0

 highest radius point found:
  at point   -0.188   0.396   0.049
  closest atom surface    3.557   H19 URE X    0
  2nd closest surface     3.557   H33 URE X    0
  found on step  976
  this is also current point
  no. of rejections          398
 stored as     1

 highest radius point found:
  at point   -0.213   0.374   0.249
  closest atom surface    3.593   C14 URE X    0
  2nd closest surface     3.593   H19 URE X    0
  found on step  742
 current point:
  at point   -0.227   0.359   0.249
  closest atom surface    3.590   H19 URE X    0
  2nd closest surface     3.593   H33 URE X    0
  found on step  972
  no. of rejections          417
 stored as     2

 highest radius point found:
  at point   -0.248   0.336   0.449
  closest atom surface    3.636   C14 URE X    0
  2nd closest surface     3.636   H33 URE X    0
  found on step  922
  this is also current point
  no. of rejections          407
 stored as     3

 highest radius point found:
  at point   -0.277   0.337   0.649
  closest atom surface    3.647   C14 URE X    0
  2nd closest surface     3.649   C26 URE X    0
  found on step  760
 current point:
  at point   -0.301   0.342   0.649
  closest atom surface    3.645   C26 URE X    0
  2nd closest surface     3.650   C14 URE X    0
  found on step  984
  no. of rejections          401
 stored as     4

 highest radius point found:
  at point   -0.243   0.345   0.849
  closest atom surface    3.642   C14 URE X    0
  2nd closest surface     3.643   C26 URE X    0
  found on step  976
  this is also current point
  no. of rejections          386
 stored as     5

 highest radius point found:
  at point   -0.226   0.358   1.049
  closest atom surface    3.643   C26 URE X    0
  2nd closest surface     3.643   C14 URE X    0
  found on step  935
  this is also current point
  no. of rejections          405
 stored as     6

 highest radius point found:
  at point   -0.161   0.354   1.249
  closest atom surface    3.653   C26 URE X    0
  2nd closest surface     3.654   C14 URE X    0
  found on step  977
  this is also current point
  no. of rejections          398
 stored as     7

 highest radius point found:
  at point   -0.106   0.355   1.449
  closest atom surface    3.671   C26 URE X    0
  2nd closest surface     3.672   C14 URE X    0
  found on step  827
 current point:
  at point   -0.125   0.362   1.449
  closest atom surface    3.670   C26 URE X    0
  2nd closest surface     3.670   C14 URE X    0
  found on step  993
  no. of rejections          404
 stored as     8

 highest radius point found:
  at point   -0.078   0.365   1.649
  closest atom surface    3.694   C26 URE X    0
  2nd closest surface     3.695   C14 URE X    0
  found on step  994
  this is also current point
  no. of rejections          397
 stored as     9

 highest radius point found:
  at point   -0.154   0.405   1.849
  closest atom surface    3.713   C26 URE X    0
  2nd closest surface     3.714   C15 URE X    0
  found on step  806
 current point:
  at point   -0.094   0.379   1.849
  closest atom surface    3.711   C26 URE X    0
  2nd closest surface     3.712   C15 URE X    0
  found on step  955
  no. of rejections          377
 stored as    10

 highest radius point found:
  at point   -0.218   0.434   2.049
  closest atom surface    3.733   C15 URE X    0
  2nd closest surface     3.733   C26 URE X    0
  found on step  190
 current point:
  at point   -0.169   0.412   2.049
  closest atom surface    3.731   C15 URE X    0
  2nd closest surface     3.731   C26 URE X    0
  found on step  979
  no. of rejections          376
 stored as    11

 highest radius point found:
  at point   -0.277   0.461   2.249
  closest atom surface    3.759   C15 URE X    0
  2nd closest surface     3.762   C26 URE X    0
  found on step  624
 current point:
  at point   -0.149   0.402   2.249
  closest atom surface    3.754   C15 URE X    0
  2nd closest surface     3.755   C26 URE X    0
  found on step  967
  no. of rejections          399
 stored as    12

 highest radius point found:
  at point   -0.367   0.498   2.449
  closest atom surface    3.797   C26 URE X    0
  2nd closest surface     3.797   C13 URE X    0
  found on step  787
 current point:
  at point   -0.349   0.490   2.449
  closest atom surface    3.796   C26 URE X    0
  2nd closest surface     3.797   C15 URE X    0
  found on step  925
  no. of rejections          411
 stored as    13

 highest radius point found:
  at point   -0.432   0.527   2.649
  closest atom surface    3.841   C26 URE X    0
  2nd closest surface     3.841   C13 URE X    0
  found on step  884
  this is also current point
  no. of rejections          408
 stored as    14

 highest radius point found:
  at point   -0.491   0.552   2.849
  closest atom surface    3.891   C26 URE X    0
  2nd closest surface     3.893   C15 URE X    0
  found on step  808
 current point:
  at point   -0.509   0.557   2.849
  closest atom surface    3.890   C26 URE X    0
  2nd closest surface     3.892   C13 URE X    0
  found on step  948
  no. of rejections          380
 stored as    15

 highest radius point found:
  at point   -0.491   0.552   3.049
  closest atom surface    3.943   C26 URE X    0
  2nd closest surface     3.944   C15 URE X    0
  found on step    1
 current point:
  at point   -0.214   0.431   3.049
  closest atom surface    3.920   C15 URE X    0
  2nd closest surface     3.925   C26 URE X    0
  found on step  999
  no. of rejections          385
 stored as    16

 highest radius point found:
  at point   -0.590   0.597   3.249
  closest atom surface    4.010   O10 URE X    0
  2nd closest surface     4.011   C15 URE X    0
  found on step  587
 current point:
  at point   -0.569   0.587   3.249
  closest atom surface    4.009   C15 URE X    0
  2nd closest surface     4.010   C26 URE X    0
  found on step  981
  no. of rejections          381
 stored as    17

 highest radius point found:
  at point   -0.590   0.597   3.449
  closest atom surface    4.074   O10 URE X    0
  2nd closest surface     4.074   C15 URE X    0
  found on step    1
 current point:
  at point   -0.574   0.588   3.449
  closest atom surface    4.073   C15 URE X    0
  2nd closest surface     4.074   C26 URE X    0
  found on step  955
  no. of rejections          394
 stored as    18

 highest radius point found:
  at point   -0.584   0.591   3.649
  closest atom surface    4.144   C26 URE X    0
  2nd closest surface     4.145   C15 URE X    0
  found on step  903
  this is also current point
  no. of rejections          405
 stored as    19

 highest radius point found:
  at point   -0.589   0.593   3.849
  closest atom surface    4.220   C26 URE X    0
  2nd closest surface     4.221   C15 URE X    0
  found on step  973
  this is also current point
  no. of rejections          384
 stored as    20

 highest radius point found:
  at point   -0.589   0.593   4.049
  closest atom surface    4.302   C26 URE X    0
  2nd closest surface     4.302   C15 URE X    0
  found on step    1
 current point:
  at point   -0.587   0.591   4.049
  closest atom surface    4.301   C26 URE X    0
  2nd closest surface     4.302   C15 URE X    0
  found on step  981
  no. of rejections          364
 stored as    21

 highest radius point found:
  at point   -0.589   0.593   4.249
  closest atom surface    4.388   C15 URE X    0
  2nd closest surface     4.389   C26 URE X    0
  found on step    1
 current point:
  at point   -0.588   0.591   4.249
  closest atom surface    4.387   C26 URE X    0
  2nd closest surface     4.388   C15 URE X    0
  found on step  985
  no. of rejections          365
 stored as    22

 highest radius point found:
  at point   -0.594   0.593   4.449
  closest atom surface    4.479   C26 URE X    0
  2nd closest surface     4.480   O10 URE X    0
  found on step  722
 current point:
  at point   -0.584   0.589   4.449
  closest atom surface    4.478   C15 URE X    0
  2nd closest surface     4.479   C26 URE X    0
  found on step  914
  no. of rejections          368
 stored as    23

 highest radius point found:
  at point   -0.594   0.593   4.649
  closest atom surface    4.576   C26 URE X    0
  2nd closest surface     4.577   C15 URE X    0
  found on step    1
 current point:
  at point   -0.581   0.587   4.649
  closest atom surface    4.575   C15 URE X    0
  2nd closest surface     4.575   C26 URE X    0
  found on step  988
  no. of rejections          368
 stored as    24

 highest radius point found:
  at point   -0.594   0.593   4.849
  closest atom surface    4.677   C15 URE X    0
  2nd closest surface     4.678   C26 URE X    0
  found on step    1
 current point:
  at point   -0.587   0.586   4.849
  closest atom surface    4.675   C26 URE X    0
  2nd closest surface     4.679   C15 URE X    0
  found on step  979
  no. of rejections          366
 stored as    25

 highest radius point found:
  at point   -0.594   0.593   5.049
  closest atom surface    4.782   C15 URE X    0
  2nd closest surface     4.784   C26 URE X    0
  found on step    1
 current point:
  at point   -0.587   0.588   5.049
  closest atom surface    4.782   C26 URE X    0
  2nd closest surface     4.783   C15 URE X    0
  found on step  979
  no. of rejections          381
 stored as    26

 highest radius point found:
  at point   -0.596   0.591   5.249
  closest atom surface    4.893   C26 URE X    0
  2nd closest surface     4.894   C15 URE X    0
  found on step  830
 current point:
  at point   -0.589   0.585   5.249
  closest atom surface    4.890   C26 URE X    0
  2nd closest surface     4.895   C15 URE X    0
  found on step  997
  no. of rejections          358
 stored as    27

 highest radius point found:
  at point   -0.596   0.591   5.449
  closest atom surface    5.007   C26 URE X    0
  2nd closest surface     5.008   C15 URE X    0
  found on step    1
 current point:
  at point    0.063   0.297   5.449
  closest atom surface    4.976   C15 URE X    0
  2nd closest surface     4.977   C26 URE X    0
  found on step  959
  no. of rejections          371
 stored as    28

 highest radius point found:
  at point   -0.600   0.593   5.649
  closest atom surface    5.125   C15 URE X    0
  2nd closest surface     5.126   C26 URE X    0
  found on step  946
  this is also current point
  no. of rejections          350
 stored as    29

 highest radius point found:
  at point   -0.602   0.592   5.849
  closest atom surface    5.247   C15 URE X    0
  2nd closest surface     5.248   C26 URE X    0
  found on step  859
 current point:
  at point   -0.601   0.592   5.849
  closest atom surface    5.247   C15 URE X    0
  2nd closest surface     5.248   C26 URE X    0
  found on step  908
  no. of rejections          352
 stored as    30

 highest radius point found:
  at point   -0.607   0.595   6.049
  closest atom surface    5.372   C15 URE X    0
  2nd closest surface     5.373   O10 URE X    0
  found on step  944
  this is also current point
  no. of rejections          353
 stored as    31

 highest radius point found:
  at point   -0.607   0.593   6.249
  closest atom surface    5.501   C15 URE X    0
  2nd closest surface     5.502   C26 URE X    0
  found on step  906
  this is also current point
  no. of rejections          326
 stored as    32

 highest radius point found:
  at point   -0.607   0.593   6.449
  closest atom surface    5.632   C15 URE X    0
  2nd closest surface     5.634   C26 URE X    0
  found on step    1
 current point:
  at point   -0.589   0.585   6.449
  closest atom surface    5.631   C15 URE X    0
  2nd closest surface     5.631   C26 URE X    0
  found on step  917
  no. of rejections          344
 stored as    33

 highest radius point found:
  at point   -0.607   0.593   6.649
  closest atom surface    5.766   C15 URE X    0
  2nd closest surface     5.769   C26 URE X    0
  found on step    1
 current point:
  at point   -0.590   0.584   6.649
  closest atom surface    5.766   C15 URE X    0
  2nd closest surface     5.766   C26 URE X    0
  found on step  998
  no. of rejections          374
 stored as    34

 highest radius point found:
  at point   -0.619   0.596   6.849
  closest atom surface    5.905   O10 URE X    0
  2nd closest surface     5.906   C26 URE X    0
  found on step  823
 current point:
  at point   -0.600   0.587   6.849
  closest atom surface    5.904   C26 URE X    0
  2nd closest surface     5.904   C15 URE X    0
  found on step  941
  no. of rejections          357
 stored as    35

 highest radius point found:
  at point   -0.619   0.596   7.049
  closest atom surface    6.046   C15 URE X    0
  2nd closest surface     6.046   C26 URE X    0
  found on step    1
 current point:
  at point   -0.611   0.592   7.049
  closest atom surface    6.045   C26 URE X    0
  2nd closest surface     6.045   C15 URE X    0
  found on step  947
  no. of rejections          327
 stored as    36

 highest radius point found:
  at point   -0.619   0.596   7.249
  closest atom surface    6.187   H25 URE X    0
  2nd closest surface     6.188   C15 URE X    0
  found on step    1
 current point:
  at point   -0.365   0.481   7.249
  closest atom surface    6.169   C26 URE X    0
  2nd closest surface     6.170   C15 URE X    0
  found on step  948
  no. of rejections          305
 stored as    37

 highest radius point found:
  at point   -0.616   0.601   7.449
  closest atom surface    6.327   H25 URE X    0
  2nd closest surface     6.328   C15 URE X    0
  found on step  529
 current point:
  at point    0.092   0.276   7.449
  closest atom surface    6.305   C26 URE X    0
  2nd closest surface     6.306   C15 URE X    0
  found on step  962
  no. of rejections          331
 stored as    38

 highest radius point found:
  at point   -0.617   0.609   7.649
  closest atom surface    6.470   H25 URE X    0
  2nd closest surface     6.471   C15 URE X    0
  found on step  493
 current point:
  at point   -0.604   0.602   7.649
  closest atom surface    6.470   H25 URE X    0
  2nd closest surface     6.470   C15 URE X    0
  found on step  980
  no. of rejections          323
 stored as    39

 highest radius point found:
  at point   -0.617   0.609   7.849
  closest atom surface    6.611   H25 URE X    0
  2nd closest surface     6.620   C15 URE X    0
  found on step    1
 current point:
  at point    0.080   0.281   7.849
  closest atom surface    6.603   C15 URE X    0
  2nd closest surface     6.603   C26 URE X    0
  found on step  907
  no. of rejections          322
 stored as    40

 highest radius point found:
  at point   -0.609   0.624   8.049
  closest atom surface    6.760   C15 URE X    0
  2nd closest surface     6.767   H25 URE X    0
  found on step   97
 current point:
  at point   -0.250   0.443   8.049
  closest atom surface    6.750   H25 URE X    0
  2nd closest surface     6.750   C15 URE X    0
  found on step  949
  no. of rejections          317
 stored as    41

 highest radius point found:
  at point   -0.612   0.626   8.249
  closest atom surface    6.913   C15 URE X    0
  2nd closest surface     6.913   H25 URE X    0
  found on step  598
 current point:
  at point   -0.644   0.638   8.249
  closest atom surface    6.913   H25 URE X    0
  2nd closest surface     6.916   O10 URE X    0
  found on step  951
  no. of rejections          321
 stored as    42

 highest radius point found:
  at point   -0.641   0.646   8.449
  closest atom surface    7.066   H25 URE X    0
  2nd closest surface     7.067   C15 URE X    0
  found on step  901
  this is also current point
  no. of rejections          313
 stored as    43

 highest radius point found:
  at point   -0.644   0.653   8.649
  closest atom surface    7.220   H25 URE X    0
  2nd closest surface     7.222   C15 URE X    0
  found on step  660
 current point:
  at point   -0.582   0.624   8.649
  closest atom surface    7.217   C15 URE X    0
  2nd closest surface     7.218   H25 URE X    0
  found on step  885
  no. of rejections          327
 stored as    44

 highest radius point found:
  at point   -0.650   0.665   8.849
  closest atom surface    7.376   C15 URE X    0
  2nd closest surface     7.379   O10 URE X    0
  found on step  297
 current point:
  at point   -0.233   0.458   8.849
  closest atom surface    7.361   H25 URE X    0
  2nd closest surface     7.362   C15 URE X    0
  found on step  940
  no. of rejections          320
 stored as    45

 highest radius point found:
  at point   -0.659   0.673   9.049
  closest atom surface    7.535   O10 URE X    0
  2nd closest surface     7.535   C15 URE X    0
  found on step  532
 current point:
  at point   -0.609   0.649   9.049
  closest atom surface    7.531   C15 URE X    0
  2nd closest surface     7.533   H25 URE X    0
  found on step  998
  no. of rejections          305
 stored as    46

 highest radius point found:
  at point   -0.661   0.680   9.249
  closest atom surface    7.694   C15 URE X    0
  2nd closest surface     7.695   H25 URE X    0
  found on step  882
  this is also current point
  no. of rejections          308
 stored as    47

 highest radius point found:
  at point   -0.661   0.686   9.449
  closest atom surface    7.854   C15 URE X    0
  2nd closest surface     7.856   H25 URE X    0
  found on step  118
 current point:
  at point   -0.246   0.481   9.449
  closest atom surface    7.839   H25 URE X    0
  2nd closest surface     7.840   C15 URE X    0
  found on step  937
  no. of rejections          301
 stored as    48

 highest radius point found:
  at point   -0.671   0.694   9.649
  closest atom surface    8.018   H25 URE X    0
  2nd closest surface     8.018   C15 URE X    0
  found on step  526
 current point:
  at point    0.291   0.221   9.649
  closest atom surface    8.015   H25 URE X    0
  2nd closest surface     8.015   C15 URE X    0
  found on step  918
  no. of rejections          314
 stored as    49

 highest radius point found:
  at point    0.303   0.219   9.849
  closest atom surface    8.179   H25 URE X    0
  2nd closest surface     8.180   C15 URE X    0
  found on step  636
 current point:
  at point   -0.045   0.393   9.849
  closest atom surface    8.166   H25 URE X    0
  2nd closest surface     8.166   C15 URE X    0
  found on step  944
  no. of rejections          293
 stored as    50

 highest radius point found:
  at point    0.296   0.227  10.049
  closest atom surface    8.343   H25 URE X    0
  2nd closest surface     8.345   C15 URE X    0
  found on step  669
 current point:
  at point   -0.614   0.676  10.049
  closest atom surface    8.343   H25 URE X    0
  2nd closest surface     8.343   C15 URE X    0
  found on step  969
  no. of rejections          287
 stored as    51

 highest radius point found:
  at point   -0.585   0.668  10.249
  closest atom surface    8.508   C15 URE X    0
  2nd closest surface     8.508   H25 URE X    0
  found on step  392
 current point:
  at point    0.009   0.375  10.249
  closest atom surface    8.498   H25 URE X    0
  2nd closest surface     8.499   C15 URE X    0
  found on step  908
  no. of rejections          293
 stored as    52

 highest radius point found:
  at point    0.354   0.210  10.449
  closest atom surface    8.681   C15 URE X    0
  2nd closest surface     8.681   H25 URE X    0
  found on step  981
  this is also current point
  no. of rejections          279
 stored as    53

 highest radius point found:
  at point   -0.692   0.730  10.649
  closest atom surface    8.850   C15 URE X    0
  2nd closest surface     8.850   H25 URE X    0
  found on step  980
  this is also current point
  no. of rejections          294
 stored as    54

 highest radius point found:
  at point   -0.692   0.730  10.849
  closest atom surface    9.018   H25 URE X    0
  2nd closest surface     9.022   C15 URE X    0
  found on step    1
 current point:
  at point   -0.307   0.547  10.849
  closest atom surface    9.004   C15 URE X    0
  2nd closest surface     9.005   H25 URE X    0
  found on step  904
  no. of rejections          294
 stored as    55

 highest radius point found:
  at point   -0.695   0.739  11.049
  closest atom surface    9.190   H25 URE X    0
  2nd closest surface     9.191   C15 URE X    0
  found on step  966
  this is also current point
  no. of rejections          283
 stored as    56

 highest radius point found:
  at point   -0.703   0.748  11.249
  closest atom surface    9.363   H25 URE X    0
  2nd closest surface     9.363   C15 URE X    0
  found on step   11
 current point:
  at point   -0.676   0.735  11.249
  closest atom surface    9.361   C15 URE X    0
  2nd closest surface     9.362   H25 URE X    0
  found on step  949
  no. of rejections          277
 stored as    57

 highest radius point found:
  at point   -0.715   0.754  11.449
  closest atom surface    9.535   H25 URE X    0
  2nd closest surface     9.535   O10 URE X    0
  found on step  949
  this is also current point
  no. of rejections          288
 stored as    58

 highest radius point found:
  at point   -0.712   0.761  11.649
  closest atom surface    9.710   H25 URE X    0
  2nd closest surface     9.710   C15 URE X    0
  found on step  939
  this is also current point
  no. of rejections          267
 stored as    59

 highest radius point found:
  at point   -0.712   0.761  11.849
  closest atom surface    9.883   H25 URE X    0
  2nd closest surface     9.886   C15 URE X    0
  found on step    1
 current point:
  at point   -0.065   0.449  11.849
  closest atom surface    9.867   C15 URE X    0
  2nd closest surface     9.868   H25 URE X    0
  found on step  963
  no. of rejections          277
 stored as    60

 highest radius point found:
  at point    0.456   0.190  12.049
  closest atom surface   10.061   H25 URE X    0
  2nd closest surface    10.064   C15 URE X    0
  found on step  986
  this is also current point
  no. of rejections          275
 stored as    61

 highest radius point found:
  at point    0.463   0.195  12.249
  closest atom surface   10.239   C15 URE X    0
  2nd closest surface    10.239   H25 URE X    0
  found on step  975
  this is also current point
  no. of rejections          265
 stored as    62

 highest radius point found:
  at point    0.460   0.201  12.449
  closest atom surface   10.415   C15 URE X    0
  2nd closest surface    10.416   H25 URE X    0
  found on step   11
 current point:
  at point    0.125   0.366  12.449
  closest atom surface   10.400   H25 URE X    0
  2nd closest surface    10.400   C15 URE X    0
  found on step  899
  no. of rejections          268
 stored as    63

 highest radius point found:
  at point    0.471   0.197  12.649
  closest atom surface   10.593   H25 URE X    0
  2nd closest surface    10.594   C15 URE X    0
  found on step  124
 current point:
  at point   -0.719   0.783  12.649
  closest atom surface   10.590   H14 URE X    0
  2nd closest surface    10.590   H25 URE X    0
  found on step  926
  no. of rejections          271
 stored as    64

 highest radius point found:
  at point    0.505   0.190  12.849
  closest atom surface   10.772   C15 URE X    0
  2nd closest surface    10.776   H25 URE X    0
  found on step   75
 current point:
  at point   -0.749   0.794  12.849
  closest atom surface   10.767   H25 URE X    0
  2nd closest surface    10.768   H14 URE X    0
  found on step  927
  no. of rejections          280
 stored as    65

 highest radius point found:
  at point    0.530   0.174  13.049
  closest atom surface   10.953   H25 URE X    0
  2nd closest surface    10.953   S3  URE X    0
  found on step  652
 current point:
  at point    0.514   0.185  13.049
  closest atom surface   10.953   C15 URE X    0
  2nd closest surface    10.953   H25 URE X    0
  found on step  977
  no. of rejections          260
 stored as    66

 highest radius point found:
  at point    0.538   0.178  13.249
  closest atom surface   11.134   C15 URE X    0
  2nd closest surface    11.134   H25 URE X    0
  found on step  762
 current point:
  at point    0.537   0.176  13.249
  closest atom surface   11.133   H25 URE X    0
  2nd closest surface    11.134   C15 URE X    0
  found on step  981
  no. of rejections          250
 stored as    67

 highest radius point found:
  at point    0.554   0.173  13.449
  closest atom surface   11.315   S3  URE X    0
  2nd closest surface    11.315   C15 URE X    0
  found on step  894
  this is also current point
  no. of rejections          275
 stored as    68

 highest radius point found:
  at point    0.554   0.173  13.649
  closest atom surface   11.495   H25 URE X    0
  2nd closest surface    11.497   C15 URE X    0
  found on step    1
 current point:
  at point   -0.448   0.654  13.649
  closest atom surface   11.470   H14 URE X    0
  2nd closest surface    11.471   H25 URE X    0
  found on step  955
  no. of rejections          252
 stored as    69

 highest radius point found:
  at point    0.562   0.175  13.849
  closest atom surface   11.677   H25 URE X    0
  2nd closest surface    11.677   C15 URE X    0
  found on step  946
  this is also current point
  no. of rejections          289
 stored as    70

 highest radius point found:
  at point    0.584   0.168  14.049
  closest atom surface   11.860   C15 URE X    0
  2nd closest surface    11.860   H25 URE X    0
  found on step  959
  this is also current point
  no. of rejections          285
 stored as    71

 highest radius point found:
  at point    0.584   0.168  14.249
  closest atom surface   12.041   H25 URE X    0
  2nd closest surface    12.044   C15 URE X    0
  found on step    1
 current point:
  at point   -0.821   0.818  14.249
  closest atom surface   12.023   H25 URE X    0
  2nd closest surface    12.023   H14 URE X    0
  found on step  970
  no. of rejections          245
 stored as    72

 highest radius point found:
  at point    0.611   0.165  14.449
  closest atom surface   12.226   C15 URE X    0
  2nd closest surface    12.227   S3  URE X    0
  found on step  971
  this is also current point
  no. of rejections          257
 stored as    73

 highest radius point found:
  at point    0.621   0.159  14.649
  closest atom surface   12.410   H25 URE X    0
  2nd closest surface    12.411   S3  URE X    0
  found on step  995
  this is also current point
  no. of rejections          232
 stored as    74

 highest radius point found:
  at point    0.629   0.159  14.849
  closest atom surface   12.595   C15 URE X    0
  2nd closest surface    12.595   H25 URE X    0
  found on step  857
 current point:
  at point    0.629   0.160  14.849
  closest atom surface   12.594   C15 URE X    0
  2nd closest surface    12.595   H25 URE X    0
  found on step  989
  no. of rejections          265
 stored as    75

 highest radius point found:
  at point    0.629   0.159  15.049
  closest atom surface   12.778   H25 URE X    0
  2nd closest surface    12.778   H14 URE X    0
  found on step    1
 current point:
  at point   -0.681   0.750  15.049
  closest atom surface   12.745   H14 URE X    0
  2nd closest surface    12.745   H25 URE X    0
  found on step  996
  no. of rejections          262
 stored as    76

 highest radius point found:
  at point    0.654   0.150  15.249
  closest atom surface   12.962   H14 URE X    0
  2nd closest surface    12.964   H25 URE X    0
  found on step  763
 current point:
  at point    0.614   0.165  15.249
  closest atom surface   12.960   H25 URE X    0
  2nd closest surface    12.960   H14 URE X    0
  found on step  913
  no. of rejections          272
 stored as    77

 highest radius point found:
  at point    0.671   0.141  15.449
  closest atom surface   13.147   H14 URE X    0
  2nd closest surface    13.147   S3  URE X    0
  found on step  837
 current point:
  at point    0.639   0.153  15.449
  closest atom surface   13.145   H14 URE X    0
  2nd closest surface    13.145   H25 URE X    0
  found on step  955
  no. of rejections          246
 stored as    78

 highest radius point found:
  at point    0.680   0.134  15.649
  closest atom surface   13.332   H14 URE X    0
  2nd closest surface    13.332   S3  URE X    0
  found on step  904
  this is also current point
  no. of rejections          258
 stored as    79

 highest radius point found:
  at point    0.680   0.134  15.849
  closest atom surface   13.516   H14 URE X    0
  2nd closest surface    13.517   H25 URE X    0
  found on step    1
 current point:
  at point    0.359   0.285  15.849
  closest atom surface   13.491   H14 URE X    0
  2nd closest surface    13.497   H25 URE X    0
  found on step  995
  no. of rejections          247
 stored as    80

 highest radius point found:
  at point    0.698   0.121  16.049
  closest atom surface   13.702   H25 URE X    0
  2nd closest surface    13.703   H14 URE X    0
  found on step  822
 current point:
  at point    0.689   0.125  16.049
  closest atom surface   13.702   H25 URE X    0
  2nd closest surface    13.702   H14 URE X    0
  found on step  991
  no. of rejections          234
 stored as    81

 highest radius point found:
  at point    0.715   0.114  16.249
  closest atom surface   13.889   H25 URE X    0
  2nd closest surface    13.889   S3  URE X    0
  found on step  994
  this is also current point
  no. of rejections          236
 stored as    82

 highest radius point found:
  at point    0.721   0.110  16.449
  closest atom surface   14.075   H25 URE X    0
  2nd closest surface    14.075   H14 URE X    0
  found on step  913
  this is also current point
  no. of rejections          265
 stored as    83

 highest radius point found:
  at point    0.721   0.110  16.649
  closest atom surface   14.260   H14 URE X    0
  2nd closest surface    14.261   H25 URE X    0
  found on step    1
 current point:
  at point   -0.497   0.657  16.649
  closest atom surface   14.220   H25 URE X    0
  2nd closest surface    14.220   H14 URE X    0
  found on step  986
  no. of rejections          241
 stored as    84

 highest radius point found:
  at point    0.734   0.100  16.849
  closest atom surface   14.447   H25 URE X    0
  2nd closest surface    14.448   H14 URE X    0
  found on step  200
 current point:
  at point   -0.605   0.705  16.849
  closest atom surface   14.408   H25 URE X    0
  2nd closest surface    14.408   H14 URE X    0
  found on step  965
  no. of rejections          247
 stored as    85

 highest radius point found:
  at point    0.734   0.100  17.049
  closest atom surface   14.634   H14 URE X    0
  2nd closest surface    14.634   H25 URE X    0
  found on step    1
 current point:
  at point    0.766   0.079  17.049
  closest atom surface   14.634   S3  URE X    0
  2nd closest surface    14.635   H25 URE X    0
  found on step  988
  no. of rejections          233
 stored as    86

 highest radius point found:
  at point    0.734   0.100  17.249
  closest atom surface   14.821   H14 URE X    0
  2nd closest surface    14.821   H25 URE X    0
  found on step    1
 current point:
  at point    0.518   0.197  17.249
  closest atom surface   14.805   H14 URE X    0
  2nd closest surface    14.806   H25 URE X    0
  found on step  990
  no. of rejections          227
 stored as    87

 highest radius point found:
  at point    0.784   0.075  17.449
  closest atom surface   15.012   H25 URE X    0
  2nd closest surface    15.012   S3  URE X    0
  found on step  576
 current point:
  at point    0.784   0.077  17.449
  closest atom surface   15.012   H14 URE X    0
  2nd closest surface    15.013   H25 URE X    0
  found on step  955
  no. of rejections          225
 stored as    88

 highest radius point found:
  at point    0.798   0.068  17.649
  closest atom surface   15.200   S3  URE X    0
  2nd closest surface    15.201   H14 URE X    0
  found on step  767
 current point:
  at point    0.799   0.070  17.649
  closest atom surface   15.200   H14 URE X    0
  2nd closest surface    15.200   S3  URE X    0
  found on step  997
  no. of rejections          243
 stored as    89

 highest radius point found:
  at point    0.806   0.061  17.849
  closest atom surface   15.388   H25 URE X    0
  2nd closest surface    15.389   S3  URE X    0
  found on step  971
  this is also current point
  no. of rejections          245
 stored as    90

 highest radius point found:
  at point    0.815   0.060  18.049
  closest atom surface   15.577   H14 URE X    0
  2nd closest surface    15.578   H25 URE X    0
  found on step  863
 current point:
  at point    0.802   0.063  18.049
  closest atom surface   15.576   H25 URE X    0
  2nd closest surface    15.577   H14 URE X    0
  found on step  948
  no. of rejections          262
 stored as    91

 highest radius point found:
  at point    0.829   0.051  18.249
  closest atom surface   15.767   H14 URE X    0
  2nd closest surface    15.767   H25 URE X    0
  found on step  984
  this is also current point
  no. of rejections          251
 stored as    92

 highest radius point found:
  at point    0.841   0.044  18.449
  closest atom surface   15.956   H14 URE X    0
  2nd closest surface    15.957   S3  URE X    0
  found on step  960
  this is also current point
  no. of rejections          238
 stored as    93

 highest radius point found:
  at point    0.837   0.044  18.649
  closest atom surface   16.145   H14 URE X    0
  2nd closest surface    16.145   H25 URE X    0
  found on step  380
 current point:
  at point    0.839   0.038  18.649
  closest atom surface   16.143   H25 URE X    0
  2nd closest surface    16.147   H14 URE X    0
  found on step  995
  no. of rejections          207
 stored as    94

 highest radius point found:
  at point    0.837   0.044  18.849
  closest atom surface   16.333   H14 URE X    0
  2nd closest surface    16.334   H25 URE X    0
  found on step    1
 current point:
  at point    0.322   0.275  18.849
  closest atom surface   16.302   H14 URE X    0
  2nd closest surface    16.302   H25 URE X    0
  found on step  942
  no. of rejections          228
 stored as    95

 highest radius point found:
  at point    0.865   0.030  19.049
  closest atom surface   16.524   O5  URE X    0
  2nd closest surface    16.525   H14 URE X    0
  found on step   47
 current point:
  at point    0.840   0.037  19.049
  closest atom surface   16.522   H25 URE X    0
  2nd closest surface    16.524   H14 URE X    0
  found on step  978
  no. of rejections          224
 stored as    96

 highest radius point found:
  at point    0.858   0.035  19.249
  closest atom surface   16.713   H14 URE X    0
  2nd closest surface    16.714   O5  URE X    0
  found on step  704
 current point:
  at point    0.861   0.035  19.249
  closest atom surface   16.713   H14 URE X    0
  2nd closest surface    16.714   O5  URE X    0
  found on step  907
  no. of rejections          254
 stored as    97

 highest radius point found:
  at point    0.858   0.035  19.449
  closest atom surface   16.902   O5  URE X    0
  2nd closest surface    16.902   H14 URE X    0
  found on step    1
 current point:
  at point    0.829   0.044  19.449
  closest atom surface   16.901   H14 URE X    0
  2nd closest surface    16.902   H25 URE X    0
  found on step  972
  no. of rejections          228
 stored as    98

 highest radius point found:
  at point    0.843   0.034  19.649
  closest atom surface   17.092   O5  URE X    0
  2nd closest surface    17.092   H25 URE X    0
  found on step  960
  this is also current point
  no. of rejections          242
 stored as    99

 highest radius point found:
  at point    0.825   0.042  19.849
  closest atom surface   17.281   H25 URE X    0
  2nd closest surface    17.281   H14 URE X    0
  found on step  931
  this is also current point
  no. of rejections          237
 stored as   100

 highest radius point found:
  at point    0.829   0.039  20.049
  closest atom surface   17.472   O5  URE X    0
  2nd closest surface    17.472   H25 URE X    0
  found on step  984
  this is also current point
  no. of rejections          265
 stored as   101

 highest radius point found:
  at point    0.818   0.042  20.249
  closest atom surface   17.661   H25 URE X    0
  2nd closest surface    17.662   H14 URE X    0
  found on step  965
  this is also current point
  no. of rejections          230
 stored as   102

 highest radius point found:
  at point    0.817   0.044  20.449
  closest atom surface   17.852   H14 URE X    0
  2nd closest surface    17.852   O5  URE X    0
  found on step    2
 current point:
  at point    0.816   0.042  20.449
  closest atom surface   17.852   O5  URE X    0
  2nd closest surface    17.852   H25 URE X    0
  found on step  968
  no. of rejections          231
 stored as   103

 highest radius point found:
  at point    0.817   0.044  20.649
  closest atom surface   18.041   O5  URE X    0
  2nd closest surface    18.042   H14 URE X    0
  found on step    1
 current point:
  at point    0.587   0.148  20.649
  closest atom surface   18.027   H14 URE X    0
  2nd closest surface    18.029   H25 URE X    0
  found on step 1000
  no. of rejections          211
 stored as   104

 highest radius point found:
  at point    0.817   0.044  20.849
  closest atom surface   18.231   O5  URE X    0
  2nd closest surface    18.233   H14 URE X    0
  found on step    1
 current point:
  at point    1.059   0.071  20.849
  closest atom surface   18.212   H14 URE X    0
  2nd closest surface    18.212   O5  URE X    0
  found on step  991
  no. of rejections          207
 stored as   105

 highest radius point found:
  at point    0.817   0.044  21.049
  closest atom surface   18.420   O5  URE X    0
  2nd closest surface    18.424   H14 URE X    0
  found on step    1
 current point:
  at point    0.561   0.145  21.049
  closest atom surface   18.407   H25 URE X    0
  2nd closest surface    18.412   H14 URE X    0
  found on step 1000
  no. of rejections          222
 stored as   106

 highest radius point found:
  at point    0.761   0.054  21.249
  closest atom surface   18.611   H25 URE X    0
  2nd closest surface    18.616   H14 URE X    0
  found on step    6
 current point:
  at point   -1.098   0.901  21.249
  closest atom surface   18.595   H14 URE X    0
  2nd closest surface    18.596   H25 URE X    0
  found on step  948
  no. of rejections          215
 stored as   107

 highest radius point found:
  at point    0.788   0.051  21.449
  closest atom surface   18.805   O5  URE X    0
  2nd closest surface    18.806   H14 URE X    0
  found on step  900
  this is also current point
  no. of rejections          219
 stored as   108

 highest radius point found:
  at point    0.775   0.054  21.649
  closest atom surface   18.997   H14 URE X    0
  2nd closest surface    18.998   H25 URE X    0
  found on step  889
  this is also current point
  no. of rejections          240
 stored as   109

 highest radius point found:
  at point    0.766   0.057  21.849
  closest atom surface   19.189   H14 URE X    0
  2nd closest surface    19.189   H25 URE X    0
  found on step  914
  this is also current point
  no. of rejections          233
 stored as   110

 highest radius point found:
  at point    0.766   0.057  22.049
  closest atom surface   19.380   O5  URE X    0
  2nd closest surface    19.381   H14 URE X    0
  found on step    1
 current point:
  at point    0.765   0.060  22.049
  closest atom surface   19.380   H14 URE X    0
  2nd closest surface    19.381   O5  URE X    0
  found on step  952
  no. of rejections          211
 stored as   111

 highest radius point found:
  at point    0.766   0.057  22.249
  closest atom surface   19.571   O5  URE X    0
  2nd closest surface    19.573   H14 URE X    0
  found on step    1
 current point:
  at point    1.196   0.101  22.249
  closest atom surface   19.540   O5  URE X    0
  2nd closest surface    19.540   H14 URE X    0
  found on step 1000
  no. of rejections          222
 stored as   112

 highest radius point found:
  at point    0.718   0.070  22.449
  closest atom surface   19.762   H25 URE X    0
  2nd closest surface    19.764   H14 URE X    0
  found on step    9
 current point:
  at point   -0.214   0.495  22.449
  closest atom surface   19.731   H14 URE X    0
  2nd closest surface    19.732   H25 URE X    0
  found on step  950
  no. of rejections          203
 stored as   113

 highest radius point found:
  at point    0.752   0.064  22.649
  closest atom surface   19.956   O5  URE X    0
  2nd closest surface    19.956   H14 URE X    0
  found on step  967
  this is also current point
  no. of rejections          202
 stored as   114

 highest radius point found:
  at point    0.733   0.064  22.849
  closest atom surface   20.149   H25 URE X    0
  2nd closest surface    20.149   O5  URE X    0
  found on step  974
  this is also current point
  no. of rejections          212
 stored as   115

 highest radius point found:
  at point    0.726   0.068  23.049
  closest atom surface   20.341   H14 URE X    0
  2nd closest surface    20.342   H25 URE X    0
  found on step  874
 current point:
  at point    0.719   0.069  23.049
  closest atom surface   20.341   H25 URE X    0
  2nd closest surface    20.342   H14 URE X    0
  found on step  941
  no. of rejections          223
 stored as   116

 highest radius point found:
  at point    0.721   0.069  23.249
  closest atom surface   20.534   H14 URE X    0
  2nd closest surface    20.534   O5  URE X    0
  found on step  994
  this is also current point
  no. of rejections          201
 stored as   117

 highest radius point found:
  at point    0.721   0.069  23.449
  closest atom surface   20.726   O5  URE X    0
  2nd closest surface    20.727   H14 URE X    0
  found on step    1
 current point:
  at point    0.428   0.199  23.449
  closest atom surface   20.713   H25 URE X    0
  2nd closest surface    20.713   H14 URE X    0
  found on step  982
  no. of rejections          216
 stored as   118

 highest radius point found:
  at point    0.702   0.075  23.649
  closest atom surface   20.919   H14 URE X    0
  2nd closest surface    20.920   H25 URE X    0
  found on step  999
  this is also current point
  no. of rejections          217
 stored as   119

 highest radius point found:
  at point    0.698   0.076  23.849
  closest atom surface   21.113   H14 URE X    0
  2nd closest surface    21.113   H25 URE X    0
  found on step  846
 current point:
  at point    0.704   0.074  23.849
  closest atom surface   21.112   O5  URE X    0
  2nd closest surface    21.113   H14 URE X    0
  found on step  967
  no. of rejections          208
 stored as   120

 highest radius point found:
  at point    0.689   0.078  24.049
  closest atom surface   21.306   H25 URE X    0
  2nd closest surface    21.306   H14 URE X    0
  found on step  767
 current point:
  at point    0.691   0.076  24.049
  closest atom surface   21.306   H25 URE X    0
  2nd closest surface    21.306   H14 URE X    0
  found on step  892
  no. of rejections          211
 stored as   121

 highest radius point found:
  at point    0.684   0.079  24.249
  closest atom surface   21.499   H25 URE X    0
  2nd closest surface    21.499   H14 URE X    0
  found on step  995
  this is also current point
  no. of rejections          216
 stored as   122

 highest radius point found:
  at point    0.681   0.080  24.449
  closest atom surface   21.692   O5  URE X    0
  2nd closest surface    21.693   H14 URE X    0
  found on step  988
  this is also current point
  no. of rejections          212
 stored as   123

 highest radius point found:
  at point   -1.446   1.035  24.649
  closest atom surface   21.891   O10 URE X    0
  2nd closest surface    21.892   H25 URE X    0
  found on step  976
  this is also current point
  no. of rejections          186
 stored as   124

 highest radius point found:
  at point   -1.446   1.035  24.849
  closest atom surface   22.086   H25 URE X    0
  2nd closest surface    22.086   H14 URE X    0
  found on step    1
 current point:
  at point    0.653   0.089  24.849
  closest atom surface   22.079   H25 URE X    0
  2nd closest surface    22.079   H14 URE X    0
  found on step  991
  no. of rejections          205
 This is an end! (radius above  22.0 angs)
 highest radius point found:
  at point   -0.129   0.453  -0.351
  closest atom surface    3.513   H33 URE X    0
  2nd closest surface     3.514   H19 URE X    0
  found on step   75
 current point:
  at point   -0.527  -0.008  -0.351
  closest atom surface    3.487   H33 URE X    0
  2nd closest surface     3.487   H19 URE X    0
  found on step  991
  no. of rejections          393
 stored as    -1

 highest radius point found:
  at point   -0.103   0.478  -0.551
  closest atom surface    3.503   H33 URE X    0
  2nd closest surface     3.506   H19 URE X    0
  found on step  913
  this is also current point
  no. of rejections          420
 stored as    -2

 highest radius point found:
  at point   -0.105   0.472  -0.751
  closest atom surface    3.500   H33 URE X    0
  2nd closest surface     3.500   H19 URE X    0
  found on step  942
  this is also current point
  no. of rejections          425
 stored as    -3

 highest radius point found:
  at point   -0.104   0.470  -0.951
  closest atom surface    3.502   C9  URE X    0
  2nd closest surface     3.503   H19 URE X    0
  found on step  170
 current point:
  at point   -0.100   0.468  -0.951
  closest atom surface    3.502   C9  URE X    0
  2nd closest surface     3.502   H33 URE X    0
  found on step  975
  no. of rejections          386
 stored as    -4

 highest radius point found:
  at point   -0.121   0.443  -1.151
  closest atom surface    3.515   H19 URE X    0
  2nd closest surface     3.515   H33 URE X    0
  found on step    5
 current point:
  at point   -0.168   0.389  -1.151
  closest atom surface    3.508   H19 URE X    0
  2nd closest surface     3.508   H33 URE X    0
  found on step  989
  no. of rejections          368
 stored as    -5

 highest radius point found:
  at point   -0.121   0.443  -1.351
  closest atom surface    3.534   H19 URE X    0
  2nd closest surface     3.541   H33 URE X    0
  found on step    1
 current point:
  at point   -0.742  -0.284  -1.351
  closest atom surface    3.534   H33 URE X    0
  2nd closest surface     3.534   H19 URE X    0
  found on step  999
  no. of rejections          367
 stored as    -6

 highest radius point found:
  at point   -0.121   0.432  -1.551
  closest atom surface    3.568   H33 URE X    0
  2nd closest surface     3.568   H19 URE X    0
  found on step  987
  this is also current point
  no. of rejections          401
 stored as    -7

 highest radius point found:
  at point   -0.119   0.430  -1.751
  closest atom surface    3.608   H19 URE X    0
  2nd closest surface     3.608   H33 URE X    0
  found on step  872
 current point:
  at point   -0.126   0.422  -1.751
  closest atom surface    3.606   H19 URE X    0
  2nd closest surface     3.607   H33 URE X    0
  found on step  948
  no. of rejections          406
 stored as    -8

 highest radius point found:
  at point   -0.803  -0.369  -1.951
  closest atom surface    3.664   H19 URE X    0
  2nd closest surface     3.665   H33 URE X    0
  found on step  975
  this is also current point
  no. of rejections          377
 stored as    -9

 highest radius point found:
  at point   -0.819  -0.392  -2.151
  closest atom surface    3.723   H19 URE X    0
  2nd closest surface     3.725   H33 URE X    0
  found on step  957
  this is also current point
  no. of rejections          386
 stored as   -10

 highest radius point found:
  at point   -0.838  -0.421  -2.351
  closest atom surface    3.791   H19 URE X    0
  2nd closest surface     3.792   H33 URE X    0
  found on step  988
  this is also current point
  no. of rejections          363
 stored as   -11

 highest radius point found:
  at point   -0.838  -0.421  -2.551
  closest atom surface    3.859   H19 URE X    0
  2nd closest surface     3.860   C30 URE X    0
  found on step    1
 current point:
  at point   -0.218   0.294  -2.551
  closest atom surface    3.832   H33 URE X    0
  2nd closest surface     3.833   H19 URE X    0
  found on step  999
  no. of rejections          391
 stored as   -12

 highest radius point found:
  at point   -0.815  -0.405  -2.751
  closest atom surface    3.937   H33 URE X    0
  2nd closest surface     3.937   H19 URE X    0
  found on step  658
 current point:
  at point   -0.815  -0.405  -2.751
  closest atom surface    3.937   H33 URE X    0
  2nd closest surface     3.937   H19 URE X    0
  found on step  941
  no. of rejections          403
 stored as   -13

 highest radius point found:
  at point   -0.811  -0.389  -2.951
  closest atom surface    4.010   H19 URE X    0
  2nd closest surface     4.021   C29 URE X    0
  found on step   15
 current point:
  at point   -0.634  -0.197  -2.951
  closest atom surface    3.995   H19 URE X    0
  2nd closest surface     3.998   H33 URE X    0
  found on step  959
  no. of rejections          373
 stored as   -14

 highest radius point found:
  at point   -0.781  -0.374  -3.151
  closest atom surface    4.107   C29 URE X    0
  2nd closest surface     4.107   H19 URE X    0
  found on step  963
  this is also current point
  no. of rejections          372
 stored as   -15

 highest radius point found:
  at point   -0.754  -0.361  -3.351
  closest atom surface    4.196   H33 URE X    0
  2nd closest surface     4.197   C19 URE X    0
  found on step  953
  this is also current point
  no. of rejections          371
 stored as   -16

 highest radius point found:
  at point   -0.720  -0.345  -3.551
  closest atom surface    4.287   H33 URE X    0
  2nd closest surface     4.288   C19 URE X    0
  found on step  975
  this is also current point
  no. of rejections          354
 stored as   -17

 highest radius point found:
  at point   -0.685  -0.326  -3.751
  closest atom surface    4.383   H33 URE X    0
  2nd closest surface     4.384   C19 URE X    0
  found on step  450
 current point:
  at point   -0.703  -0.347  -3.751
  closest atom surface    4.383   C29 URE X    0
  2nd closest surface     4.385   C19 URE X    0
  found on step 1000
  no. of rejections          368
 stored as   -18

 highest radius point found:
  at point   -0.651  -0.310  -3.951
  closest atom surface    4.485   H33 URE X    0
  2nd closest surface     4.486   C19 URE X    0
  found on step  640
 current point:
  at point   -0.644  -0.301  -3.951
  closest atom surface    4.485   H33 URE X    0
  2nd closest surface     4.485   C19 URE X    0
  found on step  953
  no. of rejections          352
 stored as   -19

 highest radius point found:
  at point   -0.644  -0.323  -4.151
  closest atom surface    4.592   C19 URE X    0
  2nd closest surface     4.598   H33 URE X    0
  found on step  826
 current point:
  at point   -0.600  -0.274  -4.151
  closest atom surface    4.591   H33 URE X    0
  2nd closest surface     4.592   C19 URE X    0
  found on step  966
  no. of rejections          348
 stored as   -20

 highest radius point found:
  at point   -0.598  -0.304  -4.351
  closest atom surface    4.703   H33 URE X    0
  2nd closest surface     4.710   C19 URE X    0
  found on step  431
 current point:
  at point   -0.479  -0.154  -4.351
  closest atom surface    4.700   C19 URE X    0
  2nd closest surface     4.700   H33 URE X    0
  found on step  988
  no. of rejections          360
 stored as   -21

 highest radius point found:
  at point   -0.582  -0.306  -4.551
  closest atom surface    4.824   C19 URE X    0
  2nd closest surface     4.825   H33 URE X    0
  found on step  135
 current point:
  at point   -0.564  -0.283  -4.551
  closest atom surface    4.822   C19 URE X    0
  2nd closest surface     4.824   H33 URE X    0
  found on step  937
  no. of rejections          361
 stored as   -22

 highest radius point found:
  at point   -0.548  -0.294  -4.751
  closest atom surface    4.945   H33 URE X    0
  2nd closest surface     4.946   C19 URE X    0
  found on step  993
  this is also current point
  no. of rejections          352
 stored as   -23

 highest radius point found:
  at point   -0.498  -0.261  -4.951
  closest atom surface    5.070   H33 URE X    0
  2nd closest surface     5.070   C19 URE X    0
  found on step 1000
  this is also current point
  no. of rejections          354
 stored as   -24

 highest radius point found:
  at point   -0.490  -0.281  -5.151
  closest atom surface    5.197   C29 URE X    0
  2nd closest surface     5.197   C10 URE X    0
  found on step  550
 current point:
  at point   -0.487  -0.282  -5.151
  closest atom surface    5.196   C29 URE X    0
  2nd closest surface     5.197   C10 URE X    0
  found on step  958
  no. of rejections          385
 stored as   -25

 highest radius point found:
  at point   -0.509  -0.294  -5.351
  closest atom surface    5.303   C29 URE X    0
  2nd closest surface     5.305   C10 URE X    0
  found on step  813
 current point:
  at point   -0.476  -0.301  -5.351
  closest atom surface    5.303   C29 URE X    0
  2nd closest surface     5.304   C10 URE X    0
  found on step  970
  no. of rejections          343
 stored as   -26

 highest radius point found:
  at point   -0.553  -0.301  -5.551
  closest atom surface    5.415   C19 URE X    0
  2nd closest surface     5.415   C29 URE X    0
  found on step  390
 current point:
  at point   -0.528  -0.305  -5.551
  closest atom surface    5.415   C10 URE X    0
  2nd closest surface     5.415   C29 URE X    0
  found on step  916
  no. of rejections          362
 stored as   -27

 highest radius point found:
  at point   -0.579  -0.311  -5.751
  closest atom surface    5.531   C29 URE X    0
  2nd closest surface     5.531   C10 URE X    0
  found on step  950
  this is also current point
  no. of rejections          378
 stored as   -28

 highest radius point found:
  at point   -0.586  -0.325  -5.951
  closest atom surface    5.649   C10 URE X    0
  2nd closest surface     5.650   C29 URE X    0
  found on step  640
 current point:
  at point   -0.322  -0.381  -5.951
  closest atom surface    5.646   C10 URE X    0
  2nd closest surface     5.647   C29 URE X    0
  found on step  888
  no. of rejections          384
 stored as   -29

 highest radius point found:
  at point   -0.596  -0.339  -6.151
  closest atom surface    5.771   C10 URE X    0
  2nd closest surface     5.771   C29 URE X    0
  found on step  834
 current point:
  at point   -0.589  -0.341  -6.151
  closest atom surface    5.771   C10 URE X    0
  2nd closest surface     5.771   C29 URE X    0
  found on step  981
  no. of rejections          366
 stored as   -30

 highest radius point found:
  at point   -0.176  -0.447  -6.351
  closest atom surface    5.896   C29 URE X    0
  2nd closest surface     5.896   C10 URE X    0
  found on step  968
  this is also current point
  no. of rejections          368
 stored as   -31

 highest radius point found:
  at point   -0.654  -0.359  -6.551
  closest atom surface    6.026   C10 URE X    0
  2nd closest surface     6.026   C29 URE X    0
  found on step  267
 current point:
  at point   -0.528  -0.387  -6.551
  closest atom surface    6.023   C10 URE X    0
  2nd closest surface     6.023   C29 URE X    0
  found on step  930
  no. of rejections          369
 stored as   -32

 highest radius point found:
  at point   -0.070  -0.503  -6.751
  closest atom surface    6.158   C29 URE X    0
  2nd closest surface     6.160   C10 URE X    0
  found on step  820
 current point:
  at point   -0.120  -0.491  -6.751
  closest atom surface    6.157   C10 URE X    0
  2nd closest surface     6.157   C29 URE X    0
  found on step  976
  no. of rejections          322
 stored as   -33

 highest radius point found:
  at point   -0.035  -0.531  -6.951
  closest atom surface    6.291   C29 URE X    0
  2nd closest surface     6.297   C35 URE X    0
  found on step   75
 current point:
  at point   -0.587  -0.407  -6.951
  closest atom surface    6.289   C29 URE X    0
  2nd closest surface     6.289   C10 URE X    0
  found on step  966
  no. of rejections          334
 stored as   -34

 highest radius point found:
  at point   -0.197  -0.507  -7.151
  closest atom surface    6.425   C29 URE X    0
  2nd closest surface     6.426   C10 URE X    0
  found on step  823
 current point:
  at point   -0.215  -0.503  -7.151
  closest atom surface    6.425   C29 URE X    0
  2nd closest surface     6.425   C10 URE X    0
  found on step  958
  no. of rejections          345
 stored as   -35

 highest radius point found:
  at point   -0.025  -0.560  -7.351
  closest atom surface    6.571   C10 URE X    0
  2nd closest surface     6.571   C29 URE X    0
  found on step  967
  this is also current point
  no. of rejections          330
 stored as   -36

 highest radius point found:
  at point    0.072  -0.597  -7.551
  closest atom surface    6.717   C10 URE X    0
  2nd closest surface     6.718   C29 URE X    0
  found on step  923
  this is also current point
  no. of rejections          332
 stored as   -37

 highest radius point found:
  at point    0.102  -0.622  -7.751
  closest atom surface    6.862   C29 URE X    0
  2nd closest surface     6.865   C10 URE X    0
  found on step   25
 current point:
  at point    0.071  -0.613  -7.751
  closest atom surface    6.861   C10 URE X    0
  2nd closest surface     6.861   C29 URE X    0
  found on step  963
  no. of rejections          328
 stored as   -38

 highest radius point found:
  at point    0.102  -0.636  -7.951
  closest atom surface    7.009   C10 URE X    0
  2nd closest surface     7.010   C29 URE X    0
  found on step  459
 current point:
  at point   -0.284  -0.553  -7.951
  closest atom surface    6.995   C10 URE X    0
  2nd closest surface     6.995   C29 URE X    0
  found on step  981
  no. of rejections          321
 stored as   -39

 highest radius point found:
  at point    0.180  -0.669  -8.151
  closest atom surface    7.162   C35 URE X    0
  2nd closest surface     7.162   C10 URE X    0
  found on step  847
 current point:
  at point    0.173  -0.667  -8.151
  closest atom surface    7.161   C10 URE X    0
  2nd closest surface     7.163   C29 URE X    0
  found on step  992
  no. of rejections          309
 stored as   -40

 highest radius point found:
  at point    0.211  -0.693  -8.351
  closest atom surface    7.315   C29 URE X    0
  2nd closest surface     7.315   C35 URE X    0
  found on step  938
  this is also current point
  no. of rejections          319
 stored as   -41

 highest radius point found:
  at point    0.231  -0.715  -8.551
  closest atom surface    7.468   C29 URE X    0
  2nd closest surface     7.470   C10 URE X    0
  found on step  633
 current point:
  at point    0.233  -0.709  -8.551
  closest atom surface    7.465   C10 URE X    0
  2nd closest surface     7.471   C29 URE X    0
  found on step  994
  no. of rejections          303
 stored as   -42

 highest radius point found:
  at point    0.244  -0.733  -8.751
  closest atom surface    7.623   C29 URE X    0
  2nd closest surface     7.624   C10 URE X    0
  found on step  334
 current point:
  at point    0.239  -0.730  -8.751
  closest atom surface    7.622   C10 URE X    0
  2nd closest surface     7.623   C29 URE X    0
  found on step  933
  no. of rejections          322
 stored as   -43

 highest radius point found:
  at point    0.299  -0.761  -8.951
  closest atom surface    7.783   C29 URE X    0
  2nd closest surface     7.783   C10 URE X    0
  found on step  955
  this is also current point
  no. of rejections          326
 stored as   -44

 highest radius point found:
  at point    0.350  -0.788  -9.151
  closest atom surface    7.943   C35 URE X    0
  2nd closest surface     7.944   C10 URE X    0
  found on step  980
  this is also current point
  no. of rejections          316
 stored as   -45

 highest radius point found:
  at point    0.381  -0.811  -9.351
  closest atom surface    8.106   C29 URE X    0
  2nd closest surface     8.106   C35 URE X    0
  found on step  222
 current point:
  at point    0.385  -0.811  -9.351
  closest atom surface    8.105   C35 URE X    0
  2nd closest surface     8.105   C10 URE X    0
  found on step  991
  no. of rejections          315
 stored as   -46

 highest radius point found:
  at point    0.406  -0.833  -9.551
  closest atom surface    8.268   C29 URE X    0
  2nd closest surface     8.268   C10 URE X    0
  found on step  268
 current point:
  at point    0.406  -0.833  -9.551
  closest atom surface    8.267   C29 URE X    0
  2nd closest surface     8.269   C10 URE X    0
  found on step  990
  no. of rejections          290
 stored as   -47

 highest radius point found:
  at point    0.450  -0.858  -9.751
  closest atom surface    8.433   C35 URE X    0
  2nd closest surface     8.433   C29 URE X    0
  found on step  909
  this is also current point
  no. of rejections          284
 stored as   -48

 highest radius point found:
  at point    0.483  -0.884  -9.951
  closest atom surface    8.598   C29 URE X    0
  2nd closest surface     8.599   C35 URE X    0
  found on step  913
  this is also current point
  no. of rejections          304
 stored as   -49

 highest radius point found:
  at point    0.514  -0.904 -10.151
  closest atom surface    8.766   C29 URE X    0
  2nd closest surface     8.766   C10 URE X    0
  found on step  988
  this is also current point
  no. of rejections          302
 stored as   -50

 highest radius point found:
  at point    0.546  -0.925 -10.351
  closest atom surface    8.933   C10 URE X    0
  2nd closest surface     8.936   C29 URE X    0
  found on step  971
  this is also current point
  no. of rejections          313
 stored as   -51

 highest radius point found:
  at point    0.581  -0.952 -10.551
  closest atom surface    9.104   C29 URE X    0
  2nd closest surface     9.105   C10 URE X    0
  found on step  896
  this is also current point
  no. of rejections          296
 stored as   -52

 highest radius point found:
  at point    0.620  -0.976 -10.751
  closest atom surface    9.276   C10 URE X    0
  2nd closest surface     9.276   C35 URE X    0
  found on step  892
  this is also current point
  no. of rejections          288
 stored as   -53

 highest radius point found:
  at point    0.655  -0.999 -10.951
  closest atom surface    9.448   C35 URE X    0
  2nd closest surface     9.448   C10 URE X    0
  found on step  787
 current point:
  at point    0.644  -0.998 -10.951
  closest atom surface    9.447   C29 URE X    0
  2nd closest surface     9.447   C10 URE X    0
  found on step  909
  no. of rejections          269
 stored as   -54

 highest radius point found:
  at point    0.674  -1.020 -11.151
  closest atom surface    9.620   C29 URE X    0
  2nd closest surface     9.620   C10 URE X    0
  found on step  945
  this is also current point
  no. of rejections          308
 stored as   -55

 highest radius point found:
  at point    0.725  -1.043 -11.351
  closest atom surface    9.793   C10 URE X    0
  2nd closest surface     9.795   C35 URE X    0
  found on step  987
  this is also current point
  no. of rejections          298
 stored as   -56

 highest radius point found:
  at point    0.761  -1.073 -11.551
  closest atom surface    9.968   C35 URE X    0
  2nd closest surface     9.970   C29 URE X    0
  found on step  943
  this is also current point
  no. of rejections          298
 stored as   -57

 highest radius point found:
  at point    0.801  -1.093 -11.751
  closest atom surface   10.144   C35 URE X    0
  2nd closest surface    10.145   C10 URE X    0
  found on step  985
  this is also current point
  no. of rejections          312
 stored as   -58

 highest radius point found:
  at point    0.781  -1.094 -11.951
  closest atom surface   10.307   C31 URE X    0
  2nd closest surface    10.310   C10 URE X    0
  found on step  463
 current point:
  at point    0.788  -1.092 -11.951
  closest atom surface   10.307   H2  URE X    0
  2nd closest surface    10.309   C10 URE X    0
  found on step  985
  no. of rejections          299
 stored as   -59

 highest radius point found:
  at point    0.773  -1.090 -12.151
  closest atom surface   10.471   H2  URE X    0
  2nd closest surface    10.473   C10 URE X    0
  found on step  212
 current point:
  at point    0.772  -1.101 -12.151
  closest atom surface   10.470   H2  URE X    0
  2nd closest surface    10.470   C31 URE X    0
  found on step  924
  no. of rejections          327
 stored as   -60

 highest radius point found:
  at point    0.752  -1.088 -12.351
  closest atom surface   10.637   C31 URE X    0
  2nd closest surface    10.638   C10 URE X    0
  found on step  948
  this is also current point
  no. of rejections          279
 stored as   -61

 highest radius point found:
  at point    0.739  -1.087 -12.551
  closest atom surface   10.803   H2  URE X    0
  2nd closest surface    10.804   C31 URE X    0
  found on step  955
  this is also current point
  no. of rejections          301
 stored as   -62

 highest radius point found:
  at point    0.725  -1.087 -12.751
  closest atom surface   10.970   H2  URE X    0
  2nd closest surface    10.970   C31 URE X    0
  found on step  959
  this is also current point
  no. of rejections          292
 stored as   -63

 highest radius point found:
  at point    0.704  -1.079 -12.951
  closest atom surface   11.138   C10 URE X    0
  2nd closest surface    11.138   C31 URE X    0
  found on step  922
  this is also current point
  no. of rejections          290
 stored as   -64

 highest radius point found:
  at point    0.693  -1.078 -13.151
  closest atom surface   11.307   C10 URE X    0
  2nd closest surface    11.308   C31 URE X    0
  found on step  983
  this is also current point
  no. of rejections          305
 stored as   -65

 highest radius point found:
  at point    0.678  -1.074 -13.351
  closest atom surface   11.476   C10 URE X    0
  2nd closest surface    11.478   C31 URE X    0
  found on step  988
  this is also current point
  no. of rejections          242
 stored as   -66

 highest radius point found:
  at point    0.662  -1.073 -13.551
  closest atom surface   11.647   C10 URE X    0
  2nd closest surface    11.648   C31 URE X    0
  found on step  851
 current point:
  at point    0.658  -1.072 -13.551
  closest atom surface   11.647   C10 URE X    0
  2nd closest surface    11.647   C31 URE X    0
  found on step  992
  no. of rejections          277
 stored as   -67

 highest radius point found:
  at point    0.649  -1.072 -13.751
  closest atom surface   11.819   C10 URE X    0
  2nd closest surface    11.820   C31 URE X    0
  found on step  669
 current point:
  at point    0.650  -1.074 -13.751
  closest atom surface   11.819   H2  URE X    0
  2nd closest surface    11.819   C31 URE X    0
  found on step 1000
  no. of rejections          295
 stored as   -68

 highest radius point found:
  at point    0.630  -1.068 -13.951
  closest atom surface   11.991   C10 URE X    0
  2nd closest surface    11.991   C31 URE X    0
  found on step  826
 current point:
  at point    0.627  -1.067 -13.951
  closest atom surface   11.990   C10 URE X    0
  2nd closest surface    11.991   C31 URE X    0
  found on step  979
  no. of rejections          281
 stored as   -69

 highest radius point found:
  at point    0.620  -1.067 -14.151
  closest atom surface   12.164   C10 URE X    0
  2nd closest surface    12.165   C31 URE X    0
  found on step  922
  this is also current point
  no. of rejections          284
 stored as   -70

 highest radius point found:
  at point    0.606  -1.066 -14.351
  closest atom surface   12.338   H2  URE X    0
  2nd closest surface    12.339   C10 URE X    0
  found on step  945
  this is also current point
  no. of rejections          291
 stored as   -71

 highest radius point found:
  at point    0.591  -1.069 -14.551
  closest atom surface   12.511   C31 URE X    0
  2nd closest surface    12.512   H2  URE X    0
  found on step  991
  this is also current point
  no. of rejections          261
 stored as   -72

 highest radius point found:
  at point    0.577  -1.066 -14.751
  closest atom surface   12.687   H2  URE X    0
  2nd closest surface    12.687   C31 URE X    0
  found on step    3
 current point:
  at point    0.577  -1.056 -14.751
  closest atom surface   12.685   C10 URE X    0
  2nd closest surface    12.689   H2  URE X    0
  found on step  941
  no. of rejections          297
 stored as   -73

 highest radius point found:
  at point    0.562  -1.061 -14.951
  closest atom surface   12.863   C31 URE X    0
  2nd closest surface    12.864   H2  URE X    0
  found on step  954
  this is also current point
  no. of rejections          263
 stored as   -74

 highest radius point found:
  at point    0.546  -1.057 -15.151
  closest atom surface   13.040   C10 URE X    0
  2nd closest surface    13.040   C31 URE X    0
  found on step  973
  this is also current point
  no. of rejections          268
 stored as   -75

 highest radius point found:
  at point    0.537  -1.055 -15.351
  closest atom surface   13.216   H2  URE X    0
  2nd closest surface    13.216   C10 URE X    0
  found on step  996
  this is also current point
  no. of rejections          272
 stored as   -76

 highest radius point found:
  at point    0.511  -1.048 -15.551
  closest atom surface   13.392   C10 URE X    0
  2nd closest surface    13.395   C31 URE X    0
  found on step   11
 current point:
  at point   -0.940  -0.438 -15.551
  closest atom surface   13.240   C31 URE X    0
  2nd closest surface    13.241   C10 URE X    0
  found on step  980
  no. of rejections          259
 stored as   -77

 highest radius point found:
  at point    0.500  -1.050 -15.751
  closest atom surface   13.572   C10 URE X    0
  2nd closest surface    13.573   C31 URE X    0
  found on step  945
  this is also current point
  no. of rejections          270
 stored as   -78

 highest radius point found:
  at point    0.500  -1.050 -15.951
  closest atom surface   13.748   H2  URE X    0
  2nd closest surface    13.751   C10 URE X    0
  found on step    1
 current point:
  at point    0.144  -0.880 -15.951
  closest atom surface   13.692   C10 URE X    0
  2nd closest surface    13.709   C31 URE X    0
  found on step  999
  no. of rejections          234
 stored as   -79

 highest radius point found:
  at point    0.466  -1.045 -16.151
  closest atom surface   13.930   C31 URE X    0
  2nd closest surface    13.930   C10 URE X    0
  found on step  756
 current point:
  at point    0.473  -1.058 -16.151
  closest atom surface   13.927   C31 URE X    0
  2nd closest surface    13.932   H2  URE X    0
  found on step  977
  no. of rejections          270
 stored as   -80

 highest radius point found:
  at point    0.457  -1.045 -16.351
  closest atom surface   14.110   C31 URE X    0
  2nd closest surface    14.110   C10 URE X    0
  found on step  965
  this is also current point
  no. of rejections          254
 stored as   -81

 highest radius point found:
  at point    0.450  -1.051 -16.551
  closest atom surface   14.290   C31 URE X    0
  2nd closest surface    14.290   H2  URE X    0
  found on step  978
  this is also current point
  no. of rejections          252
 stored as   -82

 highest radius point found:
  at point    0.434  -1.043 -16.751
  closest atom surface   14.472   C10 URE X    0
  2nd closest surface    14.472   C31 URE X    0
  found on step  988
  this is also current point
  no. of rejections          255
 stored as   -83

 highest radius point found:
  at point    0.422  -1.043 -16.951
  closest atom surface   14.653   H2  URE X    0
  2nd closest surface    14.653   C31 URE X    0
  found on step  970
  this is also current point
  no. of rejections          252
 stored as   -84

 highest radius point found:
  at point    0.407  -1.042 -17.151
  closest atom surface   14.834   C31 URE X    0
  2nd closest surface    14.835   H2  URE X    0
  found on step  956
  this is also current point
  no. of rejections          263
 stored as   -85

 highest radius point found:
  at point    0.394  -1.037 -17.351
  closest atom surface   15.016   C10 URE X    0
  2nd closest surface    15.017   H2  URE X    0
  found on step  984
  this is also current point
  no. of rejections          275
 stored as   -86

 highest radius point found:
  at point    0.378  -1.037 -17.551
  closest atom surface   15.199   C31 URE X    0
  2nd closest surface    15.200   C10 URE X    0
  found on step  925
  this is also current point
  no. of rejections          277
 stored as   -87

 highest radius point found:
  at point    0.355  -1.030 -17.751
  closest atom surface   15.381   C10 URE X    0
  2nd closest surface    15.381   C31 URE X    0
  found on step  896
  this is also current point
  no. of rejections          250
 stored as   -88

 highest radius point found:
  at point    0.346  -1.032 -17.951
  closest atom surface   15.565   C31 URE X    0
  2nd closest surface    15.566   C10 URE X    0
  found on step  785
 current point:
  at point    0.334  -1.025 -17.951
  closest atom surface   15.563   C10 URE X    0
  2nd closest surface    15.564   C31 URE X    0
  found on step  951
  no. of rejections          245
 stored as   -89

 highest radius point found:
  at point    0.334  -1.030 -18.151
  closest atom surface   15.748   H11 URE X    0
  2nd closest surface    15.749   C31 URE X    0
  found on step  959
  this is also current point
  no. of rejections          232
 stored as   -90

 highest radius point found:
  at point    0.322  -1.035 -18.351
  closest atom surface   15.931   C31 URE X    0
  2nd closest surface    15.932   H11 URE X    0
  found on step  765
 current point:
  at point    0.325  -1.039 -18.351
  closest atom surface   15.931   C31 URE X    0
  2nd closest surface    15.932   H2  URE X    0
  found on step  948
  no. of rejections          258
 stored as   -91

 highest radius point found:
  at point    0.312  -1.037 -18.551
  closest atom surface   16.116   H11 URE X    0
  2nd closest surface    16.116   C31 URE X    0
  found on step  844
 current point:
  at point    0.310  -1.036 -18.551
  closest atom surface   16.115   H11 URE X    0
  2nd closest surface    16.116   C31 URE X    0
  found on step  922
  no. of rejections          261
 stored as   -92

 highest radius point found:
  at point    0.302  -1.039 -18.751
  closest atom surface   16.299   H2  URE X    0
  2nd closest surface    16.299   H11 URE X    0
  found on step  964
  this is also current point
  no. of rejections          265
 stored as   -93

 highest radius point found:
  at point    0.284  -1.040 -18.951
  closest atom surface   16.484   H11 URE X    0
  2nd closest surface    16.484   C31 URE X    0
  found on step  935
  this is also current point
  no. of rejections          251
 stored as   -94

 highest radius point found:
  at point    0.272  -1.046 -19.151
  closest atom surface   16.668   C31 URE X    0
  2nd closest surface    16.670   H2  URE X    0
  found on step  932
  this is also current point
  no. of rejections          269
 stored as   -95

 highest radius point found:
  at point    0.269  -1.042 -19.351
  closest atom surface   16.851   H2  URE X    0
  2nd closest surface    16.852   H11 URE X    0
  found on step    3
 current point:
  at point   -2.428   0.110 -19.351
  closest atom surface   16.770   C31 URE X    0
  2nd closest surface    16.771   H18 URE X    0
  found on step  978
  no. of rejections          244
 stored as   -96

 highest radius point found:
  at point    0.250  -1.050 -19.551
  closest atom surface   17.039   H2  URE X    0
  2nd closest surface    17.039   C31 URE X    0
  found on step  920
  this is also current point
  no. of rejections          260
 stored as   -97

 highest radius point found:
  at point    0.232  -1.045 -19.751
  closest atom surface   17.224   H11 URE X    0
  2nd closest surface    17.225   C31 URE X    0
  found on step  969
  this is also current point
  no. of rejections          254
 stored as   -98

 highest radius point found:
  at point    0.223  -1.050 -19.951
  closest atom surface   17.411   H11 URE X    0
  2nd closest surface    17.411   C31 URE X    0
  found on step  794
 current point:
  at point    0.224  -1.056 -19.951
  closest atom surface   17.410   C31 URE X    0
  2nd closest surface    17.410   H2  URE X    0
  found on step  970
  no. of rejections          262
 stored as   -99

 highest radius point found:
  at point    0.210  -1.056 -20.151
  closest atom surface   17.597   C31 URE X    0
  2nd closest surface    17.598   H2  URE X    0
  found on step 1000
  this is also current point
  no. of rejections          232
 stored as  -100

 highest radius point found:
  at point    0.194  -1.054 -20.351
  closest atom surface   17.783   C31 URE X    0
  2nd closest surface    17.784   H11 URE X    0
  found on step  979
  this is also current point
  no. of rejections          254
 stored as  -101

 highest radius point found:
  at point    0.187  -1.056 -20.551
  closest atom surface   17.970   H11 URE X    0
  2nd closest surface    17.971   H2  URE X    0
  found on step  897
  this is also current point
  no. of rejections          251
 stored as  -102

 highest radius point found:
  at point    0.173  -1.057 -20.751
  closest atom surface   18.157   H11 URE X    0
  2nd closest surface    18.158   H2  URE X    0
  found on step  960
  this is also current point
  no. of rejections          265
 stored as  -103

 highest radius point found:
  at point    0.173  -1.057 -20.951
  closest atom surface   18.341   H2  URE X    0
  2nd closest surface    18.343   H11 URE X    0
  found on step    1
 current point:
  at point    0.400  -2.134 -20.951
  closest atom surface   18.177   C31 URE X    0
  2nd closest surface    18.190   H2  URE X    0
  found on step 1000
  no. of rejections          216
 stored as  -104

 highest radius point found:
  at point    0.118  -1.052 -21.151
  closest atom surface   18.529   C31 URE X    0
  2nd closest surface    18.531   H11 URE X    0
  found on step  975
  this is also current point
  no. of rejections          191
 stored as  -105

 highest radius point found:
  at point    0.118  -1.052 -21.351
  closest atom surface   18.717   H11 URE X    0
  2nd closest surface    18.720   C31 URE X    0
  found on step    1
 current point:
  at point   -0.364  -0.841 -21.351
  closest atom surface   18.680   H11 URE X    0
  2nd closest surface    18.680   C31 URE X    0
  found on step  970
  no. of rejections          229
 stored as  -106

 highest radius point found:
  at point    0.122  -1.068 -21.551
  closest atom surface   18.908   C31 URE X    0
  2nd closest surface    18.909   H2  URE X    0
  found on step  961
  this is also current point
  no. of rejections          247
 stored as  -107

 highest radius point found:
  at point    0.113  -1.071 -21.751
  closest atom surface   19.096   H2  URE X    0
  2nd closest surface    19.097   C31 URE X    0
  found on step  825
 current point:
  at point    0.113  -1.082 -21.751
  closest atom surface   19.095   C31 URE X    0
  2nd closest surface    19.095   H2  URE X    0
  found on step  995
  no. of rejections          261
 stored as  -108

 highest radius point found:
  at point    0.093  -1.068 -21.951
  closest atom surface   19.285   H11 URE X    0
  2nd closest surface    19.285   C31 URE X    0
  found on step  818
 current point:
  at point    0.096  -1.072 -21.951
  closest atom surface   19.285   C31 URE X    0
  2nd closest surface    19.286   H11 URE X    0
  found on step  941
  no. of rejections          265
 stored as  -109

 highest radius point found:
  at point    0.075  -1.068 -22.151
  closest atom surface   19.474   H11 URE X    0
  2nd closest surface    19.474   C31 URE X    0
  found on step  929
  this is also current point
  no. of rejections          217
 stored as  -110

 highest radius point found:
  at point    0.068  -1.074 -22.351
  closest atom surface   19.663   C31 URE X    0
  2nd closest surface    19.664   H11 URE X    0
  found on step  996
  this is also current point
  no. of rejections          230
 stored as  -111

 highest radius point found:
  at point    0.064  -1.077 -22.551
  closest atom surface   19.851   H2  URE X    0
  2nd closest surface    19.853   H11 URE X    0
  found on step    3
 current point:
  at point   -0.604  -0.787 -22.551
  closest atom surface   19.805   C31 URE X    0
  2nd closest surface    19.810   H11 URE X    0
  found on step  986
  no. of rejections          229
 stored as  -112

 highest radius point found:
  at point    0.049  -1.079 -22.751
  closest atom surface   20.042   H2  URE X    0
  2nd closest surface    20.042   C31 URE X    0
  found on step  967
  this is also current point
  no. of rejections          228
 stored as  -113

 highest radius point found:
  at point    0.037  -1.079 -22.951
  closest atom surface   20.231   H11 URE X    0
  2nd closest surface    20.231   H2  URE X    0
  found on step  983
  this is also current point
  no. of rejections          241
 stored as  -114

 highest radius point found:
  at point    0.018  -1.079 -23.151
  closest atom surface   20.421   C31 URE X    0
  2nd closest surface    20.421   H11 URE X    0
  found on step  969
  this is also current point
  no. of rejections          221
 stored as  -115

 highest radius point found:
  at point    0.010  -1.084 -23.351
  closest atom surface   20.611   C31 URE X    0
  2nd closest surface    20.612   H2  URE X    0
  found on step  974
  this is also current point
  no. of rejections          233
 stored as  -116

 highest radius point found:
  at point   -0.015  -1.079 -23.551
  closest atom surface   20.801   H11 URE X    0
  2nd closest surface    20.801   C31 URE X    0
  found on step   18
 current point:
  at point   -0.023  -1.080 -23.551
  closest atom surface   20.799   C31 URE X    0
  2nd closest surface    20.802   H11 URE X    0
  found on step  998
  no. of rejections          215
 stored as  -117

 highest radius point found:
  at point   -0.021  -1.084 -23.751
  closest atom surface   20.992   C31 URE X    0
  2nd closest surface    20.992   H11 URE X    0
  found on step  995
  this is also current point
  no. of rejections          239
 stored as  -118

 highest radius point found:
  at point   -0.025  -1.092 -23.951
  closest atom surface   21.182   H2  URE X    0
  2nd closest surface    21.182   C31 URE X    0
  found on step  962
  this is also current point
  no. of rejections          234
 stored as  -119

 highest radius point found:
  at point   -0.051  -1.084 -24.151
  closest atom surface   21.372   H11 URE X    0
  2nd closest surface    21.372   C31 URE X    0
  found on step  678
 current point:
  at point   -0.036  -1.104 -24.151
  closest atom surface   21.371   C31 URE X    0
  2nd closest surface    21.371   H2  URE X    0
  found on step  929
  no. of rejections          213
 stored as  -120

 highest radius point found:
  at point   -0.052  -1.092 -24.351
  closest atom surface   21.564   C31 URE X    0
  2nd closest surface    21.564   H11 URE X    0
  found on step  852
 current point:
  at point   -0.049  -1.094 -24.351
  closest atom surface   21.564   H2  URE X    0
  2nd closest surface    21.564   C31 URE X    0
  found on step  976
  no. of rejections          245
 stored as  -121

 highest radius point found:
  at point   -0.065  -1.094 -24.551
  closest atom surface   21.755   C31 URE X    0
  2nd closest surface    21.755   H11 URE X    0
  found on step  993
  this is also current point
  no. of rejections          227
 stored as  -122

 highest radius point found:
  at point   -0.078  -1.097 -24.751
  closest atom surface   21.946   C31 URE X    0
  2nd closest surface    21.947   H2  URE X    0
  found on step  993
  this is also current point
  no. of rejections          239
 stored as  -123

 highest radius point found:
  at point   -0.091  -1.096 -24.951
  closest atom surface   22.138   H11 URE X    0
  2nd closest surface    22.138   C31 URE X    0
  found on step  958
  this is also current point
  no. of rejections          231
 This is an end! (radius above  22.0 angs)
 
 N.b. Graph information routine (HOGRAP) differs 
        markedly from previous versions!
       Information now is written from -ve end
       to +ve in one pass
 
 Explanation of the meaning of each column: 
 First column "cenxyz.cvec" is the coordinate in the
   direction of the channel vector i.e. if the channel
   vector is in z (0 0 1) then it is the z coordinate.
 The second column "radius" is the hole pore radius 
   (as defined in the Biophys J 1993) article).
 The third column "cen_line_D" is the distance 
   measured along the pore centre line - with the 
   first point found set to zero. This was the first
   thing that I used to measure the distance along a pore
   but "cenxyz.cvec" is a much better general measure. 
   However, by comparing changes in this distance to changes in '   "cenxyz.cvec" one can get a measure of how straight a 
   channel is.
 The fourth column "sum{s/(area)}" is useful in conductance
   prediction -
   basically it is the sum of the thickness of each slab
   divided by its area. HOLE uses this measure to estimate
   the macroscopic conductance of a channel.
 If any of this worries you one can see the "raw" results
   of a standard hole run by producing a sphpdb file and 
    directly looking at the results.
 cenxyz.cvec      radius  cen_line_D sum{s/(area point sourc
   -24.75127    21.94568   -26.87817     0.00007   (sampled)
   -24.65127    21.85032   -26.77793     0.00013 (mid-point)
   -24.55127    21.75501   -26.67769     0.00020   (sampled)
   -24.45127    21.65953   -26.57749     0.00027 (mid-point)
   -24.35127    21.56409   -26.47728     0.00034   (sampled)
   -24.25127    21.46825   -26.37721     0.00041 (mid-point)
   -24.15127    21.37237   -26.27714     0.00048   (sampled)
   -24.05127    21.27729   -26.17619     0.00055 (mid-point)
   -23.95127    21.18194   -26.07525     0.00062   (sampled)
   -23.85127    21.08683   -25.97514     0.00069 (mid-point)
   -23.75127    20.99153   -25.87503     0.00076   (sampled)
   -23.65127    20.89610   -25.77496     0.00083 (mid-point)
   -23.55127    20.80063   -25.67489     0.00091   (sampled)
   -23.45127    20.70591   -25.57406     0.00098 (mid-point)
   -23.35127    20.61117   -25.47323     0.00106   (sampled)
   -23.25127    20.51611   -25.37312     0.00113 (mid-point)
   -23.15127    20.42109   -25.27301     0.00121   (sampled)
   -23.05127    20.32630   -25.17254     0.00128 (mid-point)
   -22.95127    20.23136   -25.07208     0.00136   (sampled)
   -22.85127    20.13671   -24.97192     0.00144 (mid-point)
   -22.75127    20.04201   -24.87175     0.00152   (sampled)
   -22.65127    19.94670   -24.77145     0.00160 (mid-point)
   -22.55127    19.85144   -24.67115     0.00168   (sampled)
   -22.45127    19.75793   -24.57111     0.00176 (mid-point)
   -22.35127    19.66277   -24.47108     0.00184   (sampled)
   -22.25127    19.56818   -24.37097     0.00193 (mid-point)
   -22.15127    19.47363   -24.27086     0.00201   (sampled)
   -22.05127    19.37941   -24.17047     0.00210 (mid-point)
   -21.95127    19.28525   -24.07008     0.00218   (sampled)
   -21.85127    19.19127   -23.96957     0.00227 (mid-point)
   -21.75127    19.09608   -23.86905     0.00236   (sampled)
   -21.65127    19.00255   -23.76894     0.00244 (mid-point)
   -21.55127    18.90843   -23.66883     0.00253   (sampled)
   -21.45127    18.81333   -23.56848     0.00262 (mid-point)
   -21.35127    18.71735   -23.46814     0.00271   (sampled)
   -21.25127    18.62409   -23.36814     0.00281 (mid-point)
   -21.15127    18.52929   -23.26814     0.00290   (sampled)
   -21.05127    18.43691   -23.16436     0.00299 (mid-point)
   -20.95127    18.34074   -23.06058     0.00309   (sampled)
   -20.85127    18.24944   -22.96058     0.00318 (mid-point)
   -20.75127    18.15711   -22.86058     0.00328   (sampled)
   -20.65127    18.06359   -22.76033     0.00338 (mid-point)
   -20.55127    17.97015   -22.66009     0.00348   (sampled)
   -20.45127    17.87682   -22.56003     0.00357 (mid-point)
   -20.35127    17.78331   -22.45996     0.00368   (sampled)
   -20.25127    17.68996   -22.35961     0.00378 (mid-point)
   -20.15127    17.59667   -22.25926     0.00388   (sampled)
   -20.05127    17.50390   -22.15903     0.00398 (mid-point)
   -19.95127    17.41053   -22.05880     0.00409   (sampled)
   -19.85127    17.31703   -21.95865     0.00419 (mid-point)
   -19.75127    17.22360   -21.85851     0.00430   (sampled)
   -19.65127    17.13190   -21.75806     0.00441 (mid-point)
   -19.55127    17.03864   -21.65762     0.00452   (sampled)
   -19.45127    16.94500   -21.55712     0.00463 (mid-point)
   -19.35127    16.85144   -21.45662     0.00474   (sampled)
   -19.25127    16.76060   -21.35658     0.00486 (mid-point)
   -19.15127    16.66784   -21.25655     0.00497   (sampled)
   -19.05127    16.57594   -21.15630     0.00509 (mid-point)
   -18.95127    16.48358   -21.05606     0.00520   (sampled)
   -18.85127    16.39143   -20.95567     0.00532 (mid-point)
   -18.75127    16.29909   -20.85529     0.00544   (sampled)
   -18.65127    16.20747   -20.75515     0.00556 (mid-point)
   -18.55127    16.11566   -20.65502     0.00569   (sampled)
   -18.45127    16.02359   -20.55491     0.00581 (mid-point)
   -18.35127    15.93142   -20.45479     0.00594   (sampled)
   -18.25127    15.83977   -20.35456     0.00606 (mid-point)
   -18.15127    15.74751   -20.25433     0.00619   (sampled)
   -18.05127    15.65672   -20.15415     0.00632 (mid-point)
   -17.95127    15.56463   -20.05396     0.00645   (sampled)
   -17.85127    15.47294   -19.95385     0.00658 (mid-point)
   -17.75127    15.38081   -19.85373     0.00672   (sampled)
   -17.65127    15.29004   -19.75304     0.00686 (mid-point)
   -17.55127    15.19886   -19.65234     0.00699   (sampled)
   -17.45127    15.10816   -19.55200     0.00713 (mid-point)
   -17.35127    15.01639   -19.45166     0.00727   (sampled)
   -17.25127    14.92567   -19.35143     0.00742 (mid-point)
   -17.15127    14.83417   -19.25119     0.00756   (sampled)
   -17.05127    14.74355   -19.15090     0.00771 (mid-point)
   -16.95127    14.65256   -19.05061     0.00786   (sampled)
   -16.85127    14.56244   -18.95043     0.00801 (mid-point)
   -16.75127    14.47185   -18.85025     0.00816   (sampled)
   -16.65127    14.38086   -18.74986     0.00831 (mid-point)
   -16.55127    14.28988   -18.64947     0.00847   (sampled)
   -16.45127    14.19987   -18.54936     0.00863 (mid-point)
   -16.35127    14.10999   -18.44925     0.00879   (sampled)
   -16.25127    14.01973   -18.34913     0.00895 (mid-point)
   -16.15127    13.92958   -18.24901     0.00911   (sampled)
   -16.05127    13.84038   -18.14761     0.00928 (mid-point)
   -15.95127    13.74773   -18.04621     0.00945   (sampled)
   -15.85127    13.66156   -17.94621     0.00962 (mid-point)
   -15.75127    13.57204   -17.84621     0.00979   (sampled)
   -15.65127    13.48214   -17.74605     0.00996 (mid-point)
   -15.55127    13.39237   -17.64589     0.01014   (sampled)
   -15.45127    13.30433   -17.54495     0.01032 (mid-point)
   -15.35127    13.21553   -17.44401     0.01050   (sampled)
   -15.25127    13.12801   -17.34392     0.01069 (mid-point)
   -15.15127    13.03971   -17.24384     0.01088   (sampled)
   -15.05127    12.95176   -17.14349     0.01107 (mid-point)
   -14.95127    12.86348   -17.04314     0.01126   (sampled)
   -14.85127    12.77533   -16.94281     0.01145 (mid-point)
   -14.75127    12.68726   -16.84248     0.01165   (sampled)
   -14.65127    12.59930   -16.74223     0.01185 (mid-point)
   -14.55127    12.51143   -16.64198     0.01206   (sampled)
   -14.45127    12.42493   -16.54170     0.01226 (mid-point)
   -14.35127    12.33849   -16.44143     0.01247   (sampled)
   -14.25127    12.25139   -16.34118     0.01268 (mid-point)
   -14.15127    12.16445   -16.24093     0.01290   (sampled)
   -14.05127    12.07740   -16.14080     0.01312 (mid-point)
   -13.95127    11.99053   -16.04067     0.01334   (sampled)
   -13.85127    11.90480   -15.94019     0.01356 (mid-point)
   -13.75127    11.81926   -15.83971     0.01379   (sampled)
   -13.65127    11.73315   -15.73950     0.01402 (mid-point)
   -13.55127    11.64723   -15.63930     0.01426   (sampled)
   -13.45127    11.56155   -15.53898     0.01449 (mid-point)
   -13.35127    11.47607   -15.43866     0.01474   (sampled)
   -13.25127    11.39151   -15.33834     0.01498 (mid-point)
   -13.15127    11.30716   -15.23801     0.01523   (sampled)
   -13.05127    11.22234   -15.13787     0.01548 (mid-point)
   -12.95127    11.13774   -15.03773     0.01574   (sampled)
   -12.85127    11.05377   -14.93711     0.01600 (mid-point)
   -12.75127    10.96979   -14.83649     0.01626   (sampled)
   -12.65127    10.88641   -14.73621     0.01653 (mid-point)
   -12.55127    10.80329   -14.63593     0.01681   (sampled)
   -12.45127    10.72044   -14.53573     0.01708 (mid-point)
   -12.35127    10.63740   -14.43552     0.01736   (sampled)
   -12.25127    10.55464   -14.33497     0.01765 (mid-point)
   -12.15127    10.47057   -14.23442     0.01794   (sampled)
   -12.05127    10.39078   -14.13432     0.01823 (mid-point)
   -11.95127    10.30724   -14.03423     0.01853   (sampled)
   -11.85127    10.22727   -13.93373     0.01884 (mid-point)
   -11.75127    10.14384   -13.83324     0.01915   (sampled)
   -11.65127    10.05605   -13.73079     0.01946 (mid-point)
   -11.55127     9.96850   -13.62833     0.01978   (sampled)
   -11.45127     9.88171   -13.52565     0.02011 (mid-point)
   -11.35127     9.79301   -13.42296     0.02044   (sampled)
   -11.25127     9.70615   -13.31916     0.02078 (mid-point)
   -11.15127     9.61953   -13.21535     0.02112   (sampled)
   -11.05127     9.53352   -13.11437     0.02147 (mid-point)
   -10.95127     9.44764   -13.01339     0.02183   (sampled)
   -10.85127     9.36150   -12.91119     0.02219 (mid-point)
   -10.75127     9.27557   -12.80900     0.02256   (sampled)
   -10.65127     9.18992   -12.70634     0.02294 (mid-point)
   -10.55127     9.10430   -12.60367     0.02332   (sampled)
   -10.45127     9.01860   -12.50134     0.02371 (mid-point)
   -10.35127     8.93292   -12.39900     0.02411   (sampled)
   -10.25127     8.84940   -12.29715     0.02452 (mid-point)
   -10.15127     8.76618   -12.19530     0.02493   (sampled)
   -10.05127     8.68196   -12.09365     0.02536 (mid-point)
    -9.95127     8.59806   -11.99201     0.02579   (sampled)
    -9.85127     8.51549   -11.88985     0.02623 (mid-point)
    -9.75127     8.43308   -11.78769     0.02667   (sampled)
    -9.65127     8.35024   -11.68444     0.02713 (mid-point)
    -9.55127     8.26759   -11.58118     0.02760   (sampled)
    -9.45127     8.18637   -11.47986     0.02807 (mid-point)
    -9.35127     8.10551   -11.37854     0.02856   (sampled)
    -9.25127     8.02429   -11.27665     0.02905 (mid-point)
    -9.15127     7.94323   -11.17475     0.02955   (sampled)
    -9.05127     7.86349   -11.07063     0.03007 (mid-point)
    -8.95127     7.78295   -10.96651     0.03059   (sampled)
    -8.85127     7.70271   -10.86197     0.03113 (mid-point)
    -8.75127     7.62294   -10.75744     0.03168   (sampled)
    -8.65127     7.54508   -10.65677     0.03224 (mid-point)
    -8.55127     7.46765   -10.55611     0.03281   (sampled)
    -8.45127     7.39093   -10.45509     0.03339 (mid-point)
    -8.35127     7.31469   -10.35408     0.03399   (sampled)
    -8.25127     7.23800   -10.25212     0.03459 (mid-point)
    -8.15127     7.16158   -10.15016     0.03521   (sampled)
    -8.05127     7.08528   -10.04151     0.03585 (mid-point)
    -7.95127     7.00912    -9.93286     0.03650   (sampled)
    -7.85127     6.93565    -9.83262     0.03716 (mid-point)
    -7.75127     6.86217    -9.73237     0.03783   (sampled)
    -7.65127     6.78964    -9.63044     0.03852 (mid-point)
    -7.55127     6.71729    -9.52851     0.03923   (sampled)
    -7.45127     6.64347    -9.41575     0.03995 (mid-point)
    -7.35127     6.57051    -9.30298     0.04069   (sampled)
    -7.25127     6.49727    -9.16847     0.04144 (mid-point)
    -7.15127     6.42532    -9.03397     0.04221   (sampled)
    -7.05127     6.35752    -8.90446     0.04300 (mid-point)
    -6.95127     6.29121    -8.77496     0.04381   (sampled)
    -6.85127     6.22424    -8.67251     0.04463 (mid-point)
    -6.75127     6.15801    -8.57005     0.04547   (sampled)
    -6.65127     6.08606    -8.25308     0.04633 (mid-point)
    -6.55127     6.02599    -7.93611     0.04720   (sampled)
    -6.45127     5.95681    -7.67320     0.04810 (mid-point)
    -6.35127     5.89571    -7.41029     0.04902   (sampled)
    -6.25127     5.83008    -7.17133     0.04995 (mid-point)
    -6.15127     5.77128    -6.93236     0.05091   (sampled)
    -6.05127     5.70960    -6.83196     0.05188 (mid-point)
    -5.95127     5.64876    -6.73156     0.05288   (sampled)
    -5.85127     5.58953    -6.63126     0.05390 (mid-point)
    -5.75127     5.53091    -6.53095     0.05494   (sampled)
    -5.65127     5.47255    -6.43002     0.05600 (mid-point)
    -5.55127     5.41509    -6.32908     0.05709   (sampled)
    -5.45127     5.35869    -6.22665     0.05820 (mid-point)
    -5.35127     5.30329    -6.12422     0.05933   (sampled)
    -5.25127     5.24940    -6.02357     0.06048 (mid-point)
    -5.15127     5.19654    -5.92291     0.06166   (sampled)
    -5.05127     5.13418    -5.82232     0.06287 (mid-point)
    -4.95127     5.06951    -5.72173     0.06411   (sampled)
    -4.85127     5.00672    -5.61731     0.06538 (mid-point)
    -4.75127     4.94510    -5.51289     0.06668   (sampled)
    -4.65127     4.88426    -5.41124     0.06802 (mid-point)
    -4.55127     4.82405    -5.30959     0.06938   (sampled)
    -4.45127     4.76340    -5.20929     0.07079 (mid-point)
    -4.35127     4.70336    -5.10899     0.07223   (sampled)
    -4.25127     4.64975    -5.00588     0.07370 (mid-point)
    -4.15127     4.59238    -4.90277     0.07521   (sampled)
    -4.05127     4.53852    -4.80250     0.07675 (mid-point)
    -3.95127     4.48547    -4.70222     0.07833   (sampled)
    -3.85127     4.43376    -4.60041     0.07995 (mid-point)
    -3.75127     4.38347    -4.49859     0.08161   (sampled)
    -3.65127     4.33434    -4.39664     0.08330 (mid-point)
    -3.55127     4.28672    -4.29468     0.08504   (sampled)
    -3.45127     4.24068    -4.19294     0.08681 (mid-point)
    -3.35127     4.19622    -4.09120     0.08861   (sampled)
    -3.25127     4.15184    -3.99006     0.09046 (mid-point)
    -3.15127     4.10722    -3.88892     0.09235   (sampled)
    -3.05127     4.05801    -3.78756     0.09428 (mid-point)
    -2.95127     4.01035    -3.68619     0.09626   (sampled)
    -2.85127     3.97303    -3.58582     0.09828 (mid-point)
    -2.75127     3.93722    -3.48545     0.10033   (sampled)
    -2.65127     3.89747    -3.38452     0.10243 (mid-point)
    -2.55127     3.85923    -3.28360     0.10456   (sampled)
    -2.45127     3.82442    -3.18360     0.10674 (mid-point)
    -2.35127     3.79145    -3.08360     0.10895   (sampled)
    -2.25127     3.75629    -2.98217     0.11121 (mid-point)
    -2.15127     3.72304    -2.88073     0.11351   (sampled)
    -2.05127     3.69253    -2.77977     0.11584 (mid-point)
    -1.95127     3.66401    -2.67881     0.11821   (sampled)
    -1.85127     3.60484    -2.14334     0.12066 (mid-point)
    -1.75127     3.60756    -1.60788     0.12311   (sampled)
    -1.65127     3.58671    -1.50786     0.12558 (mid-point)
    -1.55127     3.56787    -1.40785     0.12808   (sampled)
    -1.45127     3.54997    -1.30769     0.13061 (mid-point)
    -1.35127     3.53412    -1.20754     0.13316   (sampled)
    -1.25127     3.52341    -1.10754     0.13572 (mid-point)
    -1.15127     3.51488    -1.00754     0.13830   (sampled)
    -1.05127     3.50794    -0.90634     0.14088 (mid-point)
    -0.95127     3.50241    -0.80514     0.14348   (sampled)
    -0.85127     3.50052    -0.70514     0.14608 (mid-point)
    -0.75127     3.49984    -0.60513     0.14867   (sampled)
    -0.65127     3.50055    -0.50508     0.15127 (mid-point)
    -0.55127     3.50348    -0.40503     0.15386   (sampled)
    -0.45127     3.50693    -0.30344     0.15645 (mid-point)
    -0.35127     3.51267    -0.20186     0.15903   (sampled)
    -0.25127     3.52151    -0.10093     0.16160 (mid-point)
    -0.15127     3.53155    -0.00000     0.16415   (sampled)
    -0.05127     3.54317     0.10365     0.16669 (mid-point)
     0.04873     3.55699     0.20730     0.16920   (sampled)
     0.14873     3.57371     0.30869     0.17170 (mid-point)
     0.24873     3.59258     0.41008     0.17416   (sampled)
     0.34873     3.61326     0.51340     0.17660 (mid-point)
     0.44873     3.63582     0.61672     0.17901   (sampled)
     0.54873     3.64062     0.71770     0.18141 (mid-point)
     0.64873     3.64728     0.81869     0.18380   (sampled)
     0.74873     3.64347     0.92016     0.18620 (mid-point)
     0.84873     3.64154     1.02163     0.18860   (sampled)
     0.94873     3.64140     1.12220     0.19100 (mid-point)
     1.04873     3.64277     1.22277     0.19340   (sampled)
     1.14873     3.64686     1.32790     0.19579 (mid-point)
     1.24873     3.65295     1.43302     0.19818   (sampled)
     1.34873     3.66091     1.53680     0.20055 (mid-point)
     1.44873     3.67080     1.64057     0.20292   (sampled)
     1.54873     3.68172     1.74164     0.20526 (mid-point)
     1.64873     3.69445     1.84270     0.20760   (sampled)
     1.74873     3.70251     1.95154     0.20992 (mid-point)
     1.84873     3.71269     2.06038     0.21223   (sampled)
     1.94873     3.72195     2.16626     0.21453 (mid-point)
     2.04873     3.73310     2.27213     0.21681   (sampled)
     2.14873     3.74518     2.37730     0.21908 (mid-point)
     2.24873     3.75920     2.48248     0.22133   (sampled)
     2.34873     3.77800     2.59367     0.22356 (mid-point)
     2.44873     3.79697     2.70486     0.22577   (sampled)
     2.54873     3.81802     2.81100     0.22795 (mid-point)
     2.64873     3.84097     2.91714     0.23011   (sampled)
     2.74873     3.86495     3.02218     0.23224 (mid-point)
     2.84873     3.89076     3.12723     0.23434   (sampled)
     2.94873     3.91588     3.22723     0.23642 (mid-point)
     3.04873     3.94260     3.32723     0.23847   (sampled)
     3.14873     3.97626     3.44103     0.24048 (mid-point)
     3.24873     4.01048     3.55483     0.24246   (sampled)
     3.34873     4.04140     3.65483     0.24441 (mid-point)
     3.44873     4.07389     3.75483     0.24633   (sampled)
     3.54873     4.10872     3.85491     0.24821 (mid-point)
     3.64873     4.14394     3.95499     0.25007   (sampled)
     3.74873     4.18119     4.05502     0.25189 (mid-point)
     3.84873     4.21987     4.15506     0.25367   (sampled)
     3.94873     4.26001     4.25506     0.25543 (mid-point)
     4.04873     4.30152     4.35506     0.25715   (sampled)
     4.14873     4.34392     4.45506     0.25884 (mid-point)
     4.24873     4.38752     4.55506     0.26049   (sampled)
     4.34873     4.43332     4.65509     0.26211 (mid-point)
     4.44873     4.47939     4.75512     0.26369   (sampled)
     4.54873     4.52731     4.85512     0.26525 (mid-point)
     4.64873     4.57643     4.95512     0.26677   (sampled)
     4.74873     4.62637     5.05512     0.26826 (mid-point)
     4.84873     4.67728     5.15512     0.26971   (sampled)
     4.94873     4.72931     5.25512     0.27113 (mid-point)
     5.04873     4.78244     5.35512     0.27252   (sampled)
     5.14873     4.83776     5.45513     0.27388 (mid-point)
     5.24873     4.89280     5.55514     0.27521   (sampled)
     5.34873     4.94958     5.65514     0.27651 (mid-point)
     5.44873     5.00735     5.75514     0.27778   (sampled)
     5.54873     5.06602     5.85516     0.27902 (mid-point)
     5.64873     5.12537     5.95519     0.28024   (sampled)
     5.74873     5.18594     6.05519     0.28142 (mid-point)
     5.84873     5.24741     6.15520     0.28257   (sampled)
     5.94873     5.30950     6.25525     0.28370 (mid-point)
     6.04873     5.37244     6.35530     0.28481   (sampled)
     6.14873     5.43637     6.45530     0.28588 (mid-point)
     6.24873     5.50111     6.55531     0.28694   (sampled)
     6.34873     5.56625     6.65531     0.28796 (mid-point)
     6.44873     5.63216     6.75531     0.28897   (sampled)
     6.54873     5.69882     6.85531     0.28995 (mid-point)
     6.64873     5.76621     6.95531     0.29090   (sampled)
     6.74873     5.83579     7.05551     0.29184 (mid-point)
     6.84873     5.90458     7.15571     0.29275   (sampled)
     6.94873     5.97513     7.25571     0.29364 (mid-point)
     7.04873     6.04557     7.35571     0.29451   (sampled)
     7.14873     6.11630     7.45571     0.29537 (mid-point)
     7.24873     6.18741     7.55571     0.29620   (sampled)
     7.34873     6.25681     7.65576     0.29701 (mid-point)
     7.44873     6.32691     7.75580     0.29780   (sampled)
     7.54873     6.39818     7.85588     0.29858 (mid-point)
     7.64873     6.47010     7.95597     0.29934   (sampled)
     7.74873     6.54025     8.05597     0.30009 (mid-point)
     7.84873     6.61106     8.15597     0.30082   (sampled)
     7.94873     6.68852     8.25634     0.30153 (mid-point)
     8.04873     6.76021     8.35672     0.30222   (sampled)
     8.14873     6.83638     8.45673     0.30290 (mid-point)
     8.24873     6.91302     8.55674     0.30357   (sampled)
     8.34873     6.98953     8.65831     0.30422 (mid-point)
     8.44873     7.06640     8.75987     0.30486   (sampled)
     8.54873     7.14299     8.85994     0.30548 (mid-point)
     8.64873     7.22009     8.96000     0.30609   (sampled)
     8.74873     7.29851     9.06026     0.30669 (mid-point)
     8.84873     7.37575     9.16052     0.30728   (sampled)
     8.94873     7.45514     9.26068     0.30785 (mid-point)
     9.04873     7.53458     9.36085     0.30841   (sampled)
     9.14873     7.61424     9.46091     0.30896 (mid-point)
     9.24873     7.69395     9.56097     0.30950   (sampled)
     9.34873     7.77378     9.66103     0.31002 (mid-point)
     9.44873     7.85398     9.76108     0.31054   (sampled)
     9.54873     7.93578     9.86128     0.31104 (mid-point)
     9.64873     8.01784     9.96149     0.31154   (sampled)
     9.74873     8.08213    10.51225     0.31203 (mid-point)
     9.84873     8.17907    11.06300     0.31250   (sampled)
     9.94873     8.26083    11.16312     0.31297 (mid-point)
    10.04873     8.34296    11.26324     0.31343   (sampled)
    10.14873     8.41237    11.76598     0.31388 (mid-point)
    10.24873     8.50763    12.26873     0.31432   (sampled)
    10.34873     8.57997    12.80052     0.31475 (mid-point)
    10.44873     8.68060    13.33230     0.31517   (sampled)
    10.54873     8.74797    13.92481     0.31559 (mid-point)
    10.64873     8.84998    14.51732     0.31599   (sampled)
    10.74873     8.93397    14.61732     0.31639 (mid-point)
    10.84873     9.01782    14.71732     0.31678   (sampled)
    10.94873     9.10399    14.81743     0.31717 (mid-point)
    11.04873     9.19041    14.91755     0.31754   (sampled)
    11.14873     9.27655    15.01774     0.31791 (mid-point)
    11.24873     9.36294    15.11792     0.31828   (sampled)
    11.34873     9.44861    15.21815     0.31863 (mid-point)
    11.44873     9.53453    15.31838     0.31898   (sampled)
    11.54873     9.62222    15.41846     0.31933 (mid-point)
    11.64873     9.71012    15.51854     0.31967   (sampled)
    11.74873     9.79627    15.61854     0.32000 (mid-point)
    11.84873     9.88267    15.71854     0.32032   (sampled)
    11.94873     9.95257    16.37606     0.32064 (mid-point)
    12.04873    10.06119    17.03358     0.32096   (sampled)
    12.14873    10.15004    17.13366     0.32127 (mid-point)
    12.24873    10.23881    17.23375     0.32157   (sampled)
    12.34873    10.32680    17.33381     0.32187 (mid-point)
    12.44873    10.41497    17.43387     0.32216   (sampled)
    12.54873    10.50428    17.53403     0.32245 (mid-point)
    12.64873    10.59293    17.63418     0.32274   (sampled)
    12.74873    10.68279    17.73571     0.32301 (mid-point)
    12.84873    10.77172    17.83724     0.32329   (sampled)
    12.94873    10.86342    17.93833     0.32356 (mid-point)
    13.04873    10.95310    18.03942     0.32382   (sampled)
    13.14873    11.04371    18.13952     0.32409 (mid-point)
    13.24873    11.13354    18.23962     0.32434   (sampled)
    13.34873    11.22400    18.34000     0.32459 (mid-point)
    13.44873    11.31460    18.44038     0.32484   (sampled)
    13.54873    11.40507    18.54038     0.32509 (mid-point)
    13.64873    11.49474    18.64038     0.32533   (sampled)
    13.74873    11.58586    18.74046     0.32557 (mid-point)
    13.84873    11.67712    18.84054     0.32580   (sampled)
    13.94873    11.76870    18.94121     0.32603 (mid-point)
    14.04873    11.86024    19.04188     0.32626   (sampled)
    14.14873    11.95079    19.14188     0.32648 (mid-point)
    14.24873    12.04132    19.24188     0.32670   (sampled)
    14.34873    12.13459    19.34279     0.32691 (mid-point)
    14.44873    12.22562    19.44370     0.32713   (sampled)
    14.54873    12.31824    19.54386     0.32734 (mid-point)
    14.64873    12.41028    19.64401     0.32754   (sampled)
    14.74873    12.50249    19.74410     0.32775 (mid-point)
    14.84873    12.59462    19.84419     0.32795   (sampled)
    14.94873    12.68619    19.94419     0.32815 (mid-point)
    15.04873    12.77769    20.04419     0.32834   (sampled)
    15.14873    12.86978    20.14506     0.32853 (mid-point)
    15.24873    12.96161    20.24593     0.32872   (sampled)
    15.34873    13.05401    20.34639     0.32891 (mid-point)
    15.44873    13.14653    20.44685     0.32909   (sampled)
    15.54873    13.23908    20.54702     0.32928 (mid-point)
    15.64873    13.33174    20.64718     0.32945   (sampled)
    15.74873    13.42358    20.74718     0.32963 (mid-point)
    15.84873    13.51552    20.84718     0.32981   (sampled)
    15.94873    13.60943    20.94780     0.32998 (mid-point)
    16.04873    13.70181    21.04842     0.33015   (sampled)
    16.14873    13.79532    21.14886     0.33031 (mid-point)
    16.24873    13.88891    21.24930     0.33048   (sampled)
    16.34873    13.98182    21.34936     0.33064 (mid-point)
    16.44873    14.07482    21.44943     0.33080   (sampled)
    16.54873    14.16760    21.54943     0.33096 (mid-point)
    16.64873    14.26030    21.64943     0.33112   (sampled)
    16.74873    14.35416    21.74974     0.33127 (mid-point)
    16.84873    14.44747    21.85005     0.33142   (sampled)
    16.94873    14.54083    21.95005     0.33157 (mid-point)
    17.04873    14.63422    22.05005     0.33172   (sampled)
    17.14873    14.72736    22.15005     0.33187 (mid-point)
    17.24873    14.82057    22.25005     0.33202   (sampled)
    17.34873    14.91645    22.35389     0.33216 (mid-point)
    17.44873    15.01189    22.45774     0.33230   (sampled)
    17.54873    15.10620    22.55803     0.33244 (mid-point)
    17.64873    15.20011    22.65832     0.33258   (sampled)
    17.74873    15.29439    22.75847     0.33271 (mid-point)
    17.84873    15.38820    22.85862     0.33285   (sampled)
    17.94873    15.48317    22.95873     0.33298 (mid-point)
    18.04873    15.57686    23.05884     0.33311   (sampled)
    18.14873    15.67177    23.15917     0.33324 (mid-point)
    18.24873    15.76673    23.25950     0.33337   (sampled)
    18.34873    15.86141    23.35976     0.33350 (mid-point)
    18.44873    15.95616    23.46002     0.33362   (sampled)
    18.54873    16.05039    23.56004     0.33374 (mid-point)
    18.64873    16.14469    23.66006     0.33387   (sampled)
    18.74873    16.23894    23.76006     0.33399 (mid-point)
    18.84873    16.33326    23.86006     0.33411   (sampled)
    18.94873    16.42909    23.96124     0.33422 (mid-point)
    19.04873    16.52423    24.06241     0.33434   (sampled)
    19.14873    16.61894    24.16250     0.33446 (mid-point)
    19.24873    16.71297    24.26258     0.33457   (sampled)
    19.34873    16.80758    24.36258     0.33468 (mid-point)
    19.44873    16.90194    24.46258     0.33479   (sampled)
    19.54873    16.99675    24.56285     0.33490 (mid-point)
    19.64873    17.09163    24.66311     0.33501   (sampled)
    19.74873    17.18653    24.76361     0.33512 (mid-point)
    19.84873    17.28098    24.86412     0.33523   (sampled)
    19.94873    17.37633    24.96415     0.33533 (mid-point)
    20.04873    17.47169    25.06418     0.33544   (sampled)
    20.14873    17.56654    25.16433     0.33554 (mid-point)
    20.24873    17.66141    25.26447     0.33564   (sampled)
    20.34873    17.75673    25.36448     0.33574 (mid-point)
    20.44873    17.85180    25.46449     0.33584   (sampled)
    20.54873    17.94667    25.56449     0.33594 (mid-point)
    20.64873    18.04126    25.66449     0.33604   (sampled)
    20.74873    18.13591    25.76449     0.33614 (mid-point)
    20.84873    18.23061    25.86449     0.33623   (sampled)
    20.94873    18.32536    25.96449     0.33633 (mid-point)
    21.04873    18.42016    26.06449     0.33642   (sampled)
    21.14873    18.51877    26.16844     0.33651 (mid-point)
    21.24873    18.61108    26.27239     0.33661   (sampled)
    21.34873    18.70901    26.37329     0.33670 (mid-point)
    21.44873    18.80536    26.47420     0.33679   (sampled)
    21.54873    18.90152    26.57440     0.33688 (mid-point)
    21.64873    18.99748    26.67461     0.33696   (sampled)
    21.74873    19.09317    26.77473     0.33705 (mid-point)
    21.84873    19.18890    26.87484     0.33714   (sampled)
    21.94873    19.28479    26.97484     0.33722 (mid-point)
    22.04873    19.38024    27.07484     0.33731   (sampled)
    22.14873    19.47552    27.17484     0.33739 (mid-point)
    22.24873    19.57084    27.27484     0.33747   (sampled)
    22.34873    19.66778    27.37786     0.33756 (mid-point)
    22.44873    19.76173    27.48087     0.33764   (sampled)
    22.54873    19.86013    27.58236     0.33772 (mid-point)
    22.64873    19.95587    27.68385     0.33780   (sampled)
    22.74873    20.05247    27.78432     0.33788 (mid-point)
    22.84873    20.14871    27.88478     0.33796   (sampled)
    22.94873    20.24513    27.98488     0.33803 (mid-point)
    23.04873    20.34140    28.08497     0.33811   (sampled)
    23.14873    20.43772    28.18499     0.33819 (mid-point)
    23.24873    20.53407    28.28502     0.33826   (sampled)
    23.34873    20.63010    28.38502     0.33834 (mid-point)
    23.44873    20.72586    28.48502     0.33841   (sampled)
    23.54873    20.82313    28.58553     0.33849 (mid-point)
    23.64873    20.91941    28.68604     0.33856   (sampled)
    23.74873    21.01597    28.78607     0.33863 (mid-point)
    23.84873    21.11256    28.88609     0.33870   (sampled)
    23.94873    21.20914    28.98619     0.33877 (mid-point)
    24.04873    21.30565    29.08629     0.33884   (sampled)
    24.14873    21.40228    29.18632     0.33891 (mid-point)
    24.24873    21.49893    29.28635     0.33898   (sampled)
    24.34873    21.59576    29.38637     0.33905 (mid-point)
    24.44873    21.69231    29.48638     0.33912   (sampled)
    24.54873    21.76235    30.65638     0.33918 (mid-point)
    24.64873    21.89118    31.82639     0.33925   (sampled)

 Minimum radius found:      3.500 angstroms.



 For spherical probe approach, The geometric factor
         F= sum(ds/area) along channel is    0.339 angstroms**-1
 This yields a macroscopic predicted molar conductance of:
   (1/rho)*(100/F)= (290/rho) pS,
   where rho is the conductivity of 1M permeant ion in ohm m.
 N.B. this is a macroscopic conductance - an overestimate 
 Empirically corrected conductances currently only available
 With the CAPSULE option (although its not that stable!)
 For 1M KCl rho= 1/12 (ohm m), So Gmacro= 3500 pS/M.
  (TAG      1   Rmin=     3.49984   Gmacro=  3537.20853 Conn_Gmacro=    -1.00000 ).
 HOLE: normal completion
