 *** Program HOLE ***
 
 If results of this run are reported or published, please
 cite the publication listed below.
 For the HOLE program:
   Smart, O.S., Goodfellow, J.M., Wallace, B.A. (1993). 
   The pore dimensions of gramicidin A. 
   Biophys. J., 65, 2455-2460.
 
 Originally written by Oliver Smart at Birkbeck College from April 1992.
 Copyright 1993-2005 Oliver Smart
 Copyright 2014-2015 SmartSci Limited.
 Copyright 2016 Oliver Smart.
 
 For help on HOLE suite see  http://www.holeprogram.org/
 
 HOLE release 2.2.005 (07 August 2016) 
 
 usage subject to Apache License, Version 2.0 
 see http://www.apache.org/licenses/LICENSE-2.0 

 Control variables read:

! Input file for Oliver Smart's HOLE program
! written by MDAnalysis.analysis.hole2.HoleAnalysis
! for a Universe
! u = mda.Universe(host_81.mol2
!    host_81.mol2
!   )
! Frame 0

COORD  /tmp/tmpvyim3pu6.pdb
RADIUS simple2.rad
SPHPDB hole000.sph
SAMPLE 0.200000
ENDRAD 22.000000
IGNORE SOL WAT TIP HOH K   NA  CL
SHORTO 0
RASEED 31415
CPOINT -0.0038055566 0.0038472133 -0.0008055532


 WARNING have not found a CVECT record - will try to guess
 Input pdb filename read as:    '/tmp/tmpvyim3pu6.pdb'
 Input vdW radius file read as: 'simple2.rad'
 point in channel:   -0.004   0.004  -0.001
 channel vector:   ************************
 sampling distance between planes:    0.200

 graphics conditions:
 binary plot output file name: NONE
 Dot density:    10
 Draw dots?           T
 Draw close contacts? F
 Draw centre line?    T
 Produce spikes rather than dots? F
 Seed for random number generator:     31415 (0 means value set by program)
 Radius above which a result is regarded as an 'end':  22.000
 Pdb format file for sphere centres: hole000.sph

 Monte Carlo conditions:
  no of steps:  1000
  maximum displacement   0.100 angs
  'kT' initial   0.100 angs
 The spherebox and capsule options are turned off.
 (No molqpt card so will not write qpt file of the molecule)
 IGNORE card read so will ignore residue types: SOL WAT TIP HOH K   NA  CL
 no SHORTO card read so will produce full textual output
 As no PEGRAT card was found will not produce PEG polymer exclusion graph
 (No 2DMAPS card specified so will not produce 2D property maps)
 Have not found a CUT card.  Normal calculation using
   Cutoff lists with a cutsize=       1.000
   (if you wish to turn off option use a CUT -1 card)

 Have read     7 bond radius records and
              16 vdW radius records.
 From file: simple2.rad

 Have read    72 atom records.
 From file: /tmp/tmpvyim3pu6.pdb
 Will not produce graphical output

 Have opened file for pdb format output of sphere centres:  hole000.sph

  Seed integer used by ran # generator on this run      31415

 
 S/R cguess will try to guess CPOINT and/or CVECT
 
 THESE GUESSES MAY WELL BE WRONG!!!!
 Routine relies on having a reasonably symmetric
 channel oriented along x, y or z vector
 YOU ARE STRONGLY ADVISED TO CHECK THE RESULTS
                       WITH MOLECULAR GRAPHICS
 testing points from cpoint in X, Y then Z direction
   point                   pore radius
direction     1
  -5.004   0.004  -0.001    -0.764
  -4.004   0.004  -0.001    -0.737
  -3.004   0.004  -0.001    -0.152
  -2.004   0.004  -0.001     0.716
  -1.004   0.004  -0.001     1.283
  -0.004   0.004  -0.001     1.598
   0.996   0.004  -0.001     1.369
   1.996   0.004  -0.001     0.697
   2.996   0.004  -0.001    -0.164
   3.996   0.004  -0.001    -0.774
   4.996   0.004  -0.001    -0.705
 Average pore radius along the line=      0.215
direction     2
  -0.004  -4.996  -0.001    -1.365
  -0.004  -3.996  -0.001    -0.656
  -0.004  -2.996  -0.001     0.020
  -0.004  -1.996  -0.001     0.365
  -0.004  -0.996  -0.001     0.834
  -0.004   0.004  -0.001     1.598
  -0.004   1.004  -0.001     0.860
  -0.004   2.004  -0.001     0.282
  -0.004   3.004  -0.001    -0.104
  -0.004   4.004  -0.001    -0.748
  -0.004   5.004  -0.001    -1.517
 Average pore radius along the line=     -0.039
direction     3
  -0.004   0.004  -5.001     3.629
  -0.004   0.004  -4.001     2.918
  -0.004   0.004  -3.001     2.327
  -0.004   0.004  -2.001     1.907
  -0.004   0.004  -1.001     1.569
  -0.004   0.004  -0.001     1.598
  -0.004   0.004   0.999     1.887
  -0.004   0.004   1.999     2.368
  -0.004   0.004   2.999     3.043
  -0.004   0.004   3.999     3.600
  -0.004   0.004   4.999     4.160
 Average pore radius along the line=      2.637
 Best direction is found to be     3
(1=X,2=Y,3=Z)
 s/r cguess has produced initial values for cpoint &/or cvect:
CPOINT      -0.0038      0.0038     -0.0008
CVECT        0.0000      0.0000      1.0000
 THESE GUESSES MAY WELL BE WRONG!!!!
 Routine relies on having a reasonably symmetric
 channel oriented along x, y or z vector
 YOU ARE STRONGLY ADVISED TO CHECK THE RESULTS
                       WITH MOLECULAR GRAPHICS
 
 
  Some routines (e.g. conn) need vectors normal to cvect: 
     EAST Zero degrees angle is along vector    1.000   0.000   0.000
     NORTH  90 degrees angle is along vector    0.000  -1.000   0.000
 highest radius point found:
  at point    0.131  -0.009  -0.001
  closest atom surface    1.654   H3  81  X    0
  2nd closest surface     1.656   H1  81  X    0
  found on step  919
  this is also current point
  no. of rejections          406
 stored as     0

 highest radius point found:
  at point    0.083  -0.008   0.199
  closest atom surface    1.683   H3  81  X    0
  2nd closest surface     1.683   H1  81  X    0
  found on step  958
  this is also current point
  no. of rejections          391
 stored as     1

 highest radius point found:
  at point   -0.105   0.075   0.399
  closest atom surface    1.728   H1  81  X    0
  2nd closest surface     1.729   H3  81  X    0
  found on step  976
  this is also current point
  no. of rejections          382
 stored as     2

 highest radius point found:
  at point   -0.162   0.087   0.599
  closest atom surface    1.787   H3  81  X    0
  2nd closest surface     1.789   H4  81  X    0
  found on step  736
 current point:
  at point    0.040  -0.034   0.599
  closest atom surface    1.784   H1  81  X    0
  2nd closest surface     1.784   H3  81  X    0
  found on step  949
  no. of rejections          376
 stored as     3

 highest radius point found:
  at point   -0.196   0.078   0.799
  closest atom surface    1.862   H1  81  X    0
  2nd closest surface     1.862   H3  81  X    0
  found on step  976
  this is also current point
  no. of rejections          383
 stored as     4

 highest radius point found:
  at point   -0.286   0.102   0.999
  closest atom surface    1.951   H1  81  X    0
  2nd closest surface     1.951   H4  81  X    0
  found on step  920
  this is also current point
  no. of rejections          373
 stored as     5

 highest radius point found:
  at point   -0.340   0.108   1.199
  closest atom surface    2.049   H1  81  X    0
  2nd closest surface     2.053   H4  81  X    0
  found on step  994
  this is also current point
  no. of rejections          378
 stored as     6

 highest radius point found:
  at point   -0.392   0.116   1.399
  closest atom surface    2.160   H3  81  X    0
  2nd closest surface     2.161   H1  81  X    0
  found on step  882
  this is also current point
  no. of rejections          369
 stored as     7

 highest radius point found:
  at point   -0.451   0.125   1.599
  closest atom surface    2.280   H3  81  X    0
  2nd closest surface     2.281   H1  81  X    0
  found on step  939
  this is also current point
  no. of rejections          360
 stored as     8

 highest radius point found:
  at point   -0.483   0.118   1.799
  closest atom surface    2.404   H3  81  X    0
  2nd closest surface     2.404   H1  81  X    0
  found on step  990
  this is also current point
  no. of rejections          328
 stored as     9

 highest radius point found:
  at point   -0.486   0.094   1.999
  closest atom surface    2.531   H1  81  X    0
  2nd closest surface     2.531   H3  81  X    0
  found on step  888
  this is also current point
  no. of rejections          334
 stored as    10

 highest radius point found:
  at point   -0.493   0.074   2.199
  closest atom surface    2.664   H3  81  X    0
  2nd closest surface     2.665   H1  81  X    0
  found on step  944
  this is also current point
  no. of rejections          336
 stored as    11

 highest radius point found:
  at point   -0.432   0.014   2.399
  closest atom surface    2.795   H3  81  X    0
  2nd closest surface     2.796   H1  81  X    0
  found on step  927
  this is also current point
  no. of rejections          336
 stored as    12

 highest radius point found:
  at point   -0.375  -0.045   2.599
  closest atom surface    2.935   H3  81  X    0
  2nd closest surface     2.935   H1  81  X    0
  found on step  918
  this is also current point
  no. of rejections          330
 stored as    13

 highest radius point found:
  at point   -0.310  -0.108   2.799
  closest atom surface    3.080   H3  81  X    0
  2nd closest surface     3.081   H1  81  X    0
  found on step  899
  this is also current point
  no. of rejections          358
 stored as    14

 highest radius point found:
  at point   -0.247  -0.170   2.999
  closest atom surface    3.232   H1  81  X    0
  2nd closest surface     3.232   H3  81  X    0
  found on step  803
 current point:
  at point   -0.213  -0.190   2.999
  closest atom surface    3.231   H1  81  X    0
  2nd closest surface     3.232   H3  81  X    0
  found on step  959
  no. of rejections          355
 stored as    15

 highest radius point found:
  at point   -0.178  -0.214   3.199
  closest atom surface    3.377   H3  81  X    0
  2nd closest surface     3.378   C11 81  X    0
  found on step  442
 current point:
  at point   -0.146  -0.232   3.199
  closest atom surface    3.377   C11 81  X    0
  2nd closest surface     3.377   H3  81  X    0
  found on step  889
  no. of rejections          381
 stored as    16

 highest radius point found:
  at point   -0.070  -0.229   3.399
  closest atom surface    3.499   H3  81  X    0
  2nd closest surface     3.499   C11 81  X    0
  found on step  944
  this is also current point
  no. of rejections          357
 stored as    17

 highest radius point found:
  at point    0.089  -0.272   3.599
  closest atom surface    3.628   C11 81  X    0
  2nd closest surface     3.629   H2  81  X    0
  found on step  294
 current point:
  at point    0.067  -0.258   3.599
  closest atom surface    3.628   H3  81  X    0
  2nd closest surface     3.629   C11 81  X    0
  found on step  974
  no. of rejections          353
 stored as    18

 highest radius point found:
  at point    0.105  -0.252   3.799
  closest atom surface    3.750   C11 81  X    0
  2nd closest surface     3.750   C18 81  X    0
  found on step  859
 current point:
  at point    0.106  -0.253   3.799
  closest atom surface    3.749   C11 81  X    0
  2nd closest surface     3.751   C18 81  X    0
  found on step  939
  no. of rejections          392
 stored as    19

 highest radius point found:
  at point    0.095  -0.259   3.999
  closest atom surface    3.844   C25 81  X    0
  2nd closest surface     3.845   C11 81  X    0
  found on step  119
 current point:
  at point    0.095  -0.260   3.999
  closest atom surface    3.844   C25 81  X    0
  2nd closest surface     3.845   C11 81  X    0
  found on step  987
  no. of rejections          383
 stored as    20

 highest radius point found:
  at point    0.080  -0.267   4.199
  closest atom surface    3.943   C11 81  X    0
  2nd closest surface     3.944   C18 81  X    0
  found on step  933
  this is also current point
  no. of rejections          386
 stored as    21

 highest radius point found:
  at point    0.069  -0.272   4.399
  closest atom surface    4.048   C25 81  X    0
  2nd closest surface     4.048   C18 81  X    0
  found on step  970
  this is also current point
  no. of rejections          337
 stored as    22

 highest radius point found:
  at point    0.056  -0.281   4.599
  closest atom surface    4.157   C11 81  X    0
  2nd closest surface     4.158   C25 81  X    0
  found on step  239
 current point:
  at point    0.056  -0.277   4.599
  closest atom surface    4.156   C18 81  X    0
  2nd closest surface     4.157   C25 81  X    0
  found on step  999
  no. of rejections          351
 stored as    23

 highest radius point found:
  at point    0.042  -0.287   4.799
  closest atom surface    4.271   C11 81  X    0
  2nd closest surface     4.272   C18 81  X    0
  found on step  989
  this is also current point
  no. of rejections          376
 stored as    24

 highest radius point found:
  at point    0.031  -0.294   4.999
  closest atom surface    4.390   C25 81  X    0
  2nd closest surface     4.390   C11 81  X    0
  found on step  973
  this is also current point
  no. of rejections          388
 stored as    25

 highest radius point found:
  at point    0.018  -0.301   5.199
  closest atom surface    4.513   C25 81  X    0
  2nd closest surface     4.513   C11 81  X    0
  found on step  951
  this is also current point
  no. of rejections          335
 stored as    26

 highest radius point found:
  at point    0.002  -0.308   5.399
  closest atom surface    4.638   C11 81  X    0
  2nd closest surface     4.639   C18 81  X    0
  found on step  859
  this is also current point
  no. of rejections          368
 stored as    27

 highest radius point found:
  at point   -0.015  -0.314   5.599
  closest atom surface    4.767   C18 81  X    0
  2nd closest surface     4.768   C11 81  X    0
  found on step  577
 current point:
  at point   -0.004  -0.322   5.599
  closest atom surface    4.766   C11 81  X    0
  2nd closest surface     4.766   C25 81  X    0
  found on step  952
  no. of rejections          340
 stored as    28

 highest radius point found:
  at point   -0.018  -0.326   5.799
  closest atom surface    4.900   C25 81  X    0
  2nd closest surface     4.901   C11 81  X    0
  found on step   96
 current point:
  at point   -0.029  -0.322   5.799
  closest atom surface    4.900   C11 81  X    0
  2nd closest surface     4.901   C18 81  X    0
  found on step  973
  no. of rejections          367
 stored as    29

 highest radius point found:
  at point   -0.034  -0.329   5.999
  closest atom surface    5.039   C18 81  X    0
  2nd closest surface     5.039   C25 81  X    0
  found on step  834
 current point:
  at point   -0.031  -0.333   5.999
  closest atom surface    5.037   C25 81  X    0
  2nd closest surface     5.038   C11 81  X    0
  found on step  985
  no. of rejections          335
 stored as    30

 highest radius point found:
  at point   -0.046  -0.337   6.199
  closest atom surface    5.178   C25 81  X    0
  2nd closest surface     5.179   C11 81  X    0
  found on step  602
 current point:
  at point   -0.044  -0.330   6.199
  closest atom surface    5.176   C18 81  X    0
  2nd closest surface     5.177   C25 81  X    0
  found on step  966
  no. of rejections          325
 stored as    31

 highest radius point found:
  at point   -0.057  -0.349   6.399
  closest atom surface    5.319   C11 81  X    0
  2nd closest surface     5.320   C25 81  X    0
  found on step  943
  this is also current point
  no. of rejections          310
 stored as    32

 highest radius point found:
  at point   -0.075  -0.350   6.599
  closest atom surface    5.467   C11 81  X    0
  2nd closest surface     5.467   C18 81  X    0
  found on step  975
  this is also current point
  no. of rejections          323
 stored as    33

 highest radius point found:
  at point   -0.084  -0.354   6.799
  closest atom surface    5.614   C25 81  X    0
  2nd closest surface     5.614   C18 81  X    0
  found on step  735
 current point:
  at point   -0.090  -0.356   6.799
  closest atom surface    5.614   C18 81  X    0
  2nd closest surface     5.614   C11 81  X    0
  found on step  924
  no. of rejections          334
 stored as    34

 highest radius point found:
  at point   -0.099  -0.364   6.999
  closest atom surface    5.766   C18 81  X    0
  2nd closest surface     5.766   C11 81  X    0
  found on step  887
  this is also current point
  no. of rejections          334
 stored as    35

 highest radius point found:
  at point   -0.111  -0.372   7.199
  closest atom surface    5.918   C11 81  X    0
  2nd closest surface     5.918   C25 81  X    0
  found on step  824
 current point:
  at point   -0.123  -0.369   7.199
  closest atom surface    5.915   C18 81  X    0
  2nd closest surface     5.916   C11 81  X    0
  found on step  871
  no. of rejections          318
 stored as    36

 highest radius point found:
  at point   -0.126  -0.376   7.399
  closest atom surface    6.071   C18 81  X    0
  2nd closest surface     6.073   C11 81  X    0
  found on step  746
 current point:
  at point   -0.133  -0.381   7.399
  closest atom surface    6.069   C11 81  X    0
  2nd closest surface     6.073   C18 81  X    0
  found on step  995
  no. of rejections          302
 stored as    37

 highest radius point found:
  at point   -0.139  -0.386   7.599
  closest atom surface    6.229   C11 81  X    0
  2nd closest surface     6.230   C18 81  X    0
  found on step  973
  this is also current point
  no. of rejections          311
 stored as    38

 highest radius point found:
  at point   -0.151  -0.393   7.799
  closest atom surface    6.387   C11 81  X    0
  2nd closest surface     6.389   C25 81  X    0
  found on step  605
 current point:
  at point   -0.160  -0.392   7.799
  closest atom surface    6.386   C11 81  X    0
  2nd closest surface     6.387   C18 81  X    0
  found on step  947
  no. of rejections          308
 stored as    39

 highest radius point found:
  at point   -0.163  -0.400   7.999
  closest atom surface    6.548   C11 81  X    0
  2nd closest surface     6.549   C25 81  X    0
  found on step  963
  this is also current point
  no. of rejections          324
 stored as    40

 highest radius point found:
  at point   -0.176  -0.405   8.199
  closest atom surface    6.711   C25 81  X    0
  2nd closest surface     6.711   C18 81  X    0
  found on step  773
 current point:
  at point   -0.176  -0.407   8.199
  closest atom surface    6.710   C11 81  X    0
  2nd closest surface     6.711   C25 81  X    0
  found on step 1000
  no. of rejections          302
 stored as    41

 highest radius point found:
  at point   -0.199  -0.412   8.399
  closest atom surface    6.873   C18 81  X    0
  2nd closest surface     6.873   C11 81  X    0
  found on step  920
  this is also current point
  no. of rejections          328
 stored as    42

 highest radius point found:
  at point   -0.199  -0.424   8.599
  closest atom surface    7.039   C11 81  X    0
  2nd closest surface     7.039   C25 81  X    0
  found on step  993
  this is also current point
  no. of rejections          292
 stored as    43

 highest radius point found:
  at point   -0.215  -0.427   8.799
  closest atom surface    7.206   C11 81  X    0
  2nd closest surface     7.207   C25 81  X    0
  found on step  986
  this is also current point
  no. of rejections          308
 stored as    44

 highest radius point found:
  at point   -0.234  -0.435   8.999
  closest atom surface    7.373   C11 81  X    0
  2nd closest surface     7.374   C18 81  X    0
  found on step  954
  this is also current point
  no. of rejections          297
 stored as    45

 highest radius point found:
  at point   -0.239  -0.441   9.199
  closest atom surface    7.543   C25 81  X    0
  2nd closest surface     7.544   C11 81  X    0
  found on step  951
  this is also current point
  no. of rejections          302
 stored as    46

 highest radius point found:
  at point   -0.263  -0.446   9.399
  closest atom surface    7.713   C18 81  X    0
  2nd closest surface     7.713   C11 81  X    0
  found on step  866
 current point:
  at point   -0.258  -0.450   9.399
  closest atom surface    7.712   C11 81  X    0
  2nd closest surface     7.715   C18 81  X    0
  found on step  931
  no. of rejections          276
 stored as    47

 highest radius point found:
  at point   -0.271  -0.455   9.599
  closest atom surface    7.885   C11 81  X    0
  2nd closest surface     7.886   C18 81  X    0
  found on step  935
  this is also current point
  no. of rejections          300
 stored as    48

 highest radius point found:
  at point   -0.276  -0.464   9.799
  closest atom surface    8.057   C25 81  X    0
  2nd closest surface     8.059   C11 81  X    0
  found on step  997
  this is also current point
  no. of rejections          314
 stored as    49

 highest radius point found:
  at point   -0.303  -0.468   9.999
  closest atom surface    8.231   C18 81  X    0
  2nd closest surface     8.231   C11 81  X    0
  found on step  427
 current point:
  at point   -0.303  -0.466   9.999
  closest atom surface    8.230   C18 81  X    0
  2nd closest surface     8.231   C11 81  X    0
  found on step  971
  no. of rejections          277
 stored as    50

 highest radius point found:
  at point   -0.306  -0.476  10.199
  closest atom surface    8.407   C11 81  X    0
  2nd closest surface     8.408   C18 81  X    0
  found on step  999
  this is also current point
  no. of rejections          277
 stored as    51

 highest radius point found:
  at point   -0.317  -0.481  10.399
  closest atom surface    8.583   C18 81  X    0
  2nd closest surface     8.583   C25 81  X    0
  found on step  996
  this is also current point
  no. of rejections          262
 stored as    52

 highest radius point found:
  at point   -0.333  -0.489  10.599
  closest atom surface    8.759   C18 81  X    0
  2nd closest surface     8.759   C11 81  X    0
  found on step  921
  this is also current point
  no. of rejections          294
 stored as    53

 highest radius point found:
  at point   -0.346  -0.496  10.799
  closest atom surface    8.937   C18 81  X    0
  2nd closest surface     8.937   C11 81  X    0
  found on step  925
  this is also current point
  no. of rejections          281
 stored as    54

 highest radius point found:
  at point   -0.358  -0.507  10.999
  closest atom surface    9.114   C11 81  X    0
  2nd closest surface     9.116   C25 81  X    0
  found on step  959
  this is also current point
  no. of rejections          253
 stored as    55

 highest radius point found:
  at point   -0.371  -0.513  11.199
  closest atom surface    9.293   C11 81  X    0
  2nd closest surface     9.295   C25 81  X    0
  found on step  981
  this is also current point
  no. of rejections          272
 stored as    56

 highest radius point found:
  at point   -0.386  -0.517  11.399
  closest atom surface    9.473   C11 81  X    0
  2nd closest surface     9.474   C18 81  X    0
  found on step  908
  this is also current point
  no. of rejections          278
 stored as    57

 highest radius point found:
  at point   -0.399  -0.525  11.599
  closest atom surface    9.653   C11 81  X    0
  2nd closest surface     9.654   C18 81  X    0
  found on step  993
  this is also current point
  no. of rejections          270
 stored as    58

 highest radius point found:
  at point   -0.407  -0.533  11.799
  closest atom surface    9.835   C25 81  X    0
  2nd closest surface     9.835   C11 81  X    0
  found on step  928
  this is also current point
  no. of rejections          266
 stored as    59

 highest radius point found:
  at point   -0.429  -0.537  11.999
  closest atom surface   10.016   C18 81  X    0
  2nd closest surface    10.016   C11 81  X    0
  found on step  941
  this is also current point
  no. of rejections          248
 stored as    60

 highest radius point found:
  at point   -0.434  -0.545  12.199
  closest atom surface   10.199   C25 81  X    0
  2nd closest surface    10.199   C11 81  X    0
  found on step  997
  this is also current point
  no. of rejections          254
 stored as    61

 highest radius point found:
  at point   -0.450  -0.551  12.399
  closest atom surface   10.381   C18 81  X    0
  2nd closest surface    10.382   C11 81  X    0
  found on step  687
 current point:
  at point   -0.445  -0.550  12.399
  closest atom surface   10.381   C25 81  X    0
  2nd closest surface    10.381   C18 81  X    0
  found on step  983
  no. of rejections          250
 stored as    62

 highest radius point found:
  at point   -0.459  -0.560  12.599
  closest atom surface   10.565   C25 81  X    0
  2nd closest surface    10.565   C11 81  X    0
  found on step  984
  this is also current point
  no. of rejections          268
 stored as    63

 highest radius point found:
  at point   -0.481  -0.566  12.799
  closest atom surface   10.748   C11 81  X    0
  2nd closest surface    10.749   C18 81  X    0
  found on step  883
 current point:
  at point   -0.481  -0.564  12.799
  closest atom surface   10.748   C18 81  X    0
  2nd closest surface    10.749   C11 81  X    0
  found on step  986
  no. of rejections          244
 stored as    64

 highest radius point found:
  at point   -0.481  -0.574  12.999
  closest atom surface   10.932   C25 81  X    0
  2nd closest surface    10.934   C11 81  X    0
  found on step  816
 current point:
  at point   -0.503  -0.572  12.999
  closest atom surface   10.931   C11 81  X    0
  2nd closest surface    10.932   C18 81  X    0
  found on step  897
  no. of rejections          246
 stored as    65

 highest radius point found:
  at point   -0.497  -0.581  13.199
  closest atom surface   11.118   C25 81  X    0
  2nd closest surface    11.118   C11 81  X    0
  found on step  899
  this is also current point
  no. of rejections          261
 stored as    66

 highest radius point found:
  at point   -0.509  -0.592  13.399
  closest atom surface   11.303   C11 81  X    0
  2nd closest surface    11.303   C25 81  X    0
  found on step  956
  this is also current point
  no. of rejections          240
 stored as    67

 highest radius point found:
  at point   -0.530  -0.594  13.599
  closest atom surface   11.489   C11 81  X    0
  2nd closest surface    11.489   C18 81  X    0
  found on step  945
  this is also current point
  no. of rejections          211
 stored as    68

 highest radius point found:
  at point   -0.534  -0.597  13.799
  closest atom surface   11.674   C25 81  X    0
  2nd closest surface    11.675   C18 81  X    0
  found on step  832
 current point:
  at point   -0.538  -0.596  13.799
  closest atom surface   11.674   C18 81  X    0
  2nd closest surface    11.676   C25 81  X    0
  found on step  989
  no. of rejections          236
 stored as    69

 highest radius point found:
  at point   -0.552  -0.608  13.999
  closest atom surface   11.862   C11 81  X    0
  2nd closest surface    11.862   C18 81  X    0
  found on step  745
 current point:
  at point   -0.553  -0.606  13.999
  closest atom surface   11.862   C18 81  X    0
  2nd closest surface    11.863   C11 81  X    0
  found on step  943
  no. of rejections          265
 stored as    70

 highest radius point found:
  at point   -0.564  -0.619  14.199
  closest atom surface   12.048   C11 81  X    0
  2nd closest surface    12.050   C25 81  X    0
  found on step  858
 current point:
  at point   -0.575  -0.616  14.199
  closest atom surface   12.048   C11 81  X    0
  2nd closest surface    12.049   C18 81  X    0
  found on step  978
  no. of rejections          251
 stored as    71

 highest radius point found:
  at point   -0.578  -0.622  14.399
  closest atom surface   12.237   C18 81  X    0
  2nd closest surface    12.237   C11 81  X    0
  found on step  963
  this is also current point
  no. of rejections          243
 stored as    72

 highest radius point found:
  at point   -0.593  -0.630  14.599
  closest atom surface   12.424   C11 81  X    0
  2nd closest surface    12.425   C18 81  X    0
  found on step  985
  this is also current point
  no. of rejections          249
 stored as    73

 highest radius point found:
  at point   -0.602  -0.636  14.799
  closest atom surface   12.612   C11 81  X    0
  2nd closest surface    12.613   C18 81  X    0
  found on step  857
 current point:
  at point   -0.604  -0.636  14.799
  closest atom surface   12.612   C18 81  X    0
  2nd closest surface    12.612   C11 81  X    0
  found on step  962
  no. of rejections          245
 stored as    74

 highest radius point found:
  at point   -0.608  -0.652  14.999
  closest atom surface   12.799   C25 81  X    0
  2nd closest surface    12.799   C20 81  X    0
  found on step  925
  this is also current point
  no. of rejections          225
 stored as    75

 highest radius point found:
  at point   -0.613  -0.675  15.199
  closest atom surface   12.985   C11 81  X    0
  2nd closest surface    12.985   C25 81  X    0
  found on step  875
 current point:
  at point   -0.614  -0.676  15.199
  closest atom surface   12.985   C11 81  X    0
  2nd closest surface    12.985   C25 81  X    0
  found on step  992
  no. of rejections          234
 stored as    76

 highest radius point found:
  at point   -0.619  -0.688  15.399
  closest atom surface   13.172   C25 81  X    0
  2nd closest surface    13.172   C20 81  X    0
  found on step  966
  this is also current point
  no. of rejections          256
 stored as    77

 highest radius point found:
  at point   -0.623  -0.708  15.599
  closest atom surface   13.358   C25 81  X    0
  2nd closest surface    13.359   C20 81  X    0
  found on step  878
 current point:
  at point   -0.623  -0.695  15.599
  closest atom surface   13.358   C25 81  X    0
  2nd closest surface    13.358   C20 81  X    0
  found on step  968
  no. of rejections          242
 stored as    78

 highest radius point found:
  at point   -0.630  -0.722  15.799
  closest atom surface   13.546   C20 81  X    0
  2nd closest surface    13.546   C25 81  X    0
  found on step  824
 current point:
  at point   -0.629  -0.716  15.799
  closest atom surface   13.545   C25 81  X    0
  2nd closest surface    13.545   C20 81  X    0
  found on step  934
  no. of rejections          251
 stored as    79

 highest radius point found:
  at point   -0.636  -0.754  15.999
  closest atom surface   13.734   C20 81  X    0
  2nd closest surface    13.734   C11 81  X    0
  found on step  971
  this is also current point
  no. of rejections          237
 stored as    80

 highest radius point found:
  at point   -0.640  -0.772  16.199
  closest atom surface   13.922   C20 81  X    0
  2nd closest surface    13.922   C25 81  X    0
  found on step  952
  this is also current point
  no. of rejections          207
 stored as    81

 highest radius point found:
  at point   -0.641  -0.796  16.399
  closest atom surface   14.109   C25 81  X    0
  2nd closest surface    14.111   C11 81  X    0
  found on step  947
  this is also current point
  no. of rejections          241
 stored as    82

 highest radius point found:
  at point   -0.651  -0.810  16.599
  closest atom surface   14.299   C20 81  X    0
  2nd closest surface    14.299   C25 81  X    0
  found on step  944
  this is also current point
  no. of rejections          240
 stored as    83

 highest radius point found:
  at point   -0.655  -0.833  16.799
  closest atom surface   14.488   C25 81  X    0
  2nd closest surface    14.488   C20 81  X    0
  found on step   25
 current point:
  at point   -0.656  -0.823  16.799
  closest atom surface   14.487   C20 81  X    0
  2nd closest surface    14.488   C25 81  X    0
  found on step  996
  no. of rejections          226
 stored as    84

 highest radius point found:
  at point   -0.658  -0.851  16.999
  closest atom surface   14.676   C25 81  X    0
  2nd closest surface    14.678   C20 81  X    0
  found on step  968
  this is also current point
  no. of rejections          214
 stored as    85

 highest radius point found:
  at point   -0.665  -0.874  17.199
  closest atom surface   14.866   C25 81  X    0
  2nd closest surface    14.867   C20 81  X    0
  found on step  887
  this is also current point
  no. of rejections          233
 stored as    86

 highest radius point found:
  at point   -0.671  -0.873  17.399
  closest atom surface   15.055   C25 81  X    0
  2nd closest surface    15.055   C20 81  X    0
  found on step  979
  this is also current point
  no. of rejections          222
 stored as    87

 highest radius point found:
  at point   -0.677  -0.913  17.599
  closest atom surface   15.246   C20 81  X    0
  2nd closest surface    15.247   C25 81  X    0
  found on step  449
 current point:
  at point   -0.677  -0.910  17.599
  closest atom surface   15.246   C20 81  X    0
  2nd closest surface    15.246   C25 81  X    0
  found on step  970
  no. of rejections          242
 stored as    88

 highest radius point found:
  at point   -0.681  -0.918  17.799
  closest atom surface   15.436   C25 81  X    0
  2nd closest surface    15.436   C20 81  X    0
  found on step  967
  this is also current point
  no. of rejections          197
 stored as    89

 highest radius point found:
  at point   -0.691  -0.958  17.999
  closest atom surface   15.627   C20 81  X    0
  2nd closest surface    15.627   C11 81  X    0
  found on step  976
  this is also current point
  no. of rejections          214
 stored as    90

 highest radius point found:
  at point   -0.694  -0.962  18.199
  closest atom surface   15.817   C20 81  X    0
  2nd closest surface    15.818   C25 81  X    0
  found on step  976
  this is also current point
  no. of rejections          216
 stored as    91

 highest radius point found:
  at point   -0.701  -1.000  18.399
  closest atom surface   16.008   C11 81  X    0
  2nd closest surface    16.009   C20 81  X    0
  found on step  987
  this is also current point
  no. of rejections          204
 stored as    92

 highest radius point found:
  at point   -0.701  -1.000  18.599
  closest atom surface   16.199   C25 81  X    0
  2nd closest surface    16.200   C20 81  X    0
  found on step    1
 current point:
  at point   -0.701  -0.957  18.599
  closest atom surface   16.197   C25 81  X    0
  2nd closest surface    16.197   C20 81  X    0
  found on step  969
  no. of rejections          231
 stored as    93

 highest radius point found:
  at point   -0.708  -1.037  18.799
  closest atom surface   16.392   C11 81  X    0
  2nd closest surface    16.392   C20 81  X    0
  found on step  995
  this is also current point
  no. of rejections          246
 stored as    94

 highest radius point found:
  at point   -0.713  -1.051  18.999
  closest atom surface   16.583   C20 81  X    0
  2nd closest surface    16.583   C25 81  X    0
  found on step  994
  this is also current point
  no. of rejections          236
 stored as    95

 highest radius point found:
  at point   -0.719  -1.075  19.199
  closest atom surface   16.775   C20 81  X    0
  2nd closest surface    16.776   C25 81  X    0
  found on step  760
 current point:
  at point   -0.717  -1.075  19.199
  closest atom surface   16.775   C25 81  X    0
  2nd closest surface    16.776   C20 81  X    0
  found on step  993
  no. of rejections          237
 stored as    96

 highest radius point found:
  at point   -0.722  -1.085  19.399
  closest atom surface   16.966   C25 81  X    0
  2nd closest surface    16.967   C20 81  X    0
  found on step   83
 current point:
  at point   -0.721  -1.105  19.399
  closest atom surface   16.966   C11 81  X    0
  2nd closest surface    16.967   C25 81  X    0
  found on step  982
  no. of rejections          213
 stored as    97

 highest radius point found:
  at point   -0.731  -1.117  19.599
  closest atom surface   17.159   C20 81  X    0
  2nd closest surface    17.159   C11 81  X    0
  found on step  937
  this is also current point
  no. of rejections          248
 stored as    98

 highest radius point found:
  at point   -0.734  -1.136  19.799
  closest atom surface   17.352   C25 81  X    0
  2nd closest surface    17.352   C20 81  X    0
  found on step  988
  this is also current point
  no. of rejections          209
 stored as    99

 highest radius point found:
  at point   -0.738  -1.159  19.999
  closest atom surface   17.544   C25 81  X    0
  2nd closest surface    17.544   C11 81  X    0
  found on step  636
 current point:
  at point   -0.741  -1.153  19.999
  closest atom surface   17.544   C20 81  X    0
  2nd closest surface    17.545   C25 81  X    0
  found on step  986
  no. of rejections          217
 stored as   100

 highest radius point found:
  at point   -0.745  -1.172  20.199
  closest atom surface   17.737   C25 81  X    0
  2nd closest surface    17.737   C20 81  X    0
  found on step  957
  this is also current point
  no. of rejections          223
 stored as   101

 highest radius point found:
  at point   -0.749  -1.200  20.399
  closest atom surface   17.930   C11 81  X    0
  2nd closest surface    17.930   C25 81  X    0
  found on step 1000
  this is also current point
  no. of rejections          230
 stored as   102

 highest radius point found:
  at point   -0.754  -1.216  20.599
  closest atom surface   18.123   C25 81  X    0
  2nd closest surface    18.123   C20 81  X    0
  found on step  987
  this is also current point
  no. of rejections          176
 stored as   103

 highest radius point found:
  at point   -0.754  -1.216  20.799
  closest atom surface   18.314   C25 81  X    0
  2nd closest surface    18.317   C20 81  X    0
  found on step    1
 current point:
  at point   -0.759  -1.043  20.799
  closest atom surface   18.304   C20 81  X    0
  2nd closest surface    18.306   C25 81  X    0
  found on step  991
  no. of rejections          196
 stored as   104

 highest radius point found:
  at point   -0.766  -1.260  20.999
  closest atom surface   18.510   C11 81  X    0
  2nd closest surface    18.510   C20 81  X    0
  found on step  982
  this is also current point
  no. of rejections          210
 stored as   105

 highest radius point found:
  at point   -0.776  -1.282  21.199
  closest atom surface   18.703   C11 81  X    0
  2nd closest surface    18.703   C20 81  X    0
  found on step  918
  this is also current point
  no. of rejections          203
 stored as   106

 highest radius point found:
  at point   -0.776  -1.282  21.399
  closest atom surface   18.896   C25 81  X    0
  2nd closest surface    18.896   C20 81  X    0
  found on step    1
 current point:
  at point   -0.766  -1.312  21.399
  closest atom surface   18.895   C25 81  X    0
  2nd closest surface    18.896   C11 81  X    0
  found on step  998
  no. of rejections          179
 stored as   107

 highest radius point found:
  at point   -0.767  -1.341  21.599
  closest atom surface   19.088   C25 81  X    0
  2nd closest surface    19.089   C11 81  X    0
  found on step  986
  this is also current point
  no. of rejections          180
 stored as   108

 highest radius point found:
  at point   -0.787  -1.337  21.799
  closest atom surface   19.285   C20 81  X    0
  2nd closest surface    19.285   C25 81  X    0
  found on step  977
  this is also current point
  no. of rejections          206
 stored as   109

 highest radius point found:
  at point   -0.793  -1.361  21.999
  closest atom surface   19.479   C11 81  X    0
  2nd closest surface    19.479   C20 81  X    0
  found on step  975
  this is also current point
  no. of rejections          200
 stored as   110

 highest radius point found:
  at point   -0.799  -1.380  22.199
  closest atom surface   19.673   C20 81  X    0
  2nd closest surface    19.673   C11 81  X    0
  found on step  908
  this is also current point
  no. of rejections          195
 stored as   111

 highest radius point found:
  at point   -0.803  -1.397  22.399
  closest atom surface   19.867   C20 81  X    0
  2nd closest surface    19.868   C11 81  X    0
  found on step  751
 current point:
  at point   -0.776  -1.441  22.399
  closest atom surface   19.863   C25 81  X    0
  2nd closest surface    19.864   C11 81  X    0
  found on step 1000
  no. of rejections          196
 stored as   112

 highest radius point found:
  at point   -0.806  -1.421  22.599
  closest atom surface   20.062   C11 81  X    0
  2nd closest surface    20.062   C25 81  X    0
  found on step  889
  this is also current point
  no. of rejections          192
 stored as   113

 highest radius point found:
  at point   -0.814  -1.441  22.799
  closest atom surface   20.256   C11 81  X    0
  2nd closest surface    20.257   C20 81  X    0
  found on step  840
 current point:
  at point   -0.813  -1.432  22.799
  closest atom surface   20.256   C20 81  X    0
  2nd closest surface    20.256   C25 81  X    0
  found on step  955
  no. of rejections          199
 stored as   114

 highest radius point found:
  at point   -0.820  -1.460  22.999
  closest atom surface   20.451   C20 81  X    0
  2nd closest surface    20.451   C11 81  X    0
  found on step  994
  this is also current point
  no. of rejections          201
 stored as   115

 highest radius point found:
  at point   -0.824  -1.482  23.199
  closest atom surface   20.646   C11 81  X    0
  2nd closest surface    20.646   C20 81  X    0
  found on step  995
  this is also current point
  no. of rejections          213
 stored as   116

 highest radius point found:
  at point   -0.829  -1.503  23.399
  closest atom surface   20.841   C11 81  X    0
  2nd closest surface    20.841   C20 81  X    0
  found on step  998
  this is also current point
  no. of rejections          209
 stored as   117

 highest radius point found:
  at point   -0.832  -1.517  23.599
  closest atom surface   21.035   C25 81  X    0
  2nd closest surface    21.036   C20 81  X    0
  found on step  992
  this is also current point
  no. of rejections          199
 stored as   118

 highest radius point found:
  at point   -0.841  -1.534  23.799
  closest atom surface   21.230   C20 81  X    0
  2nd closest surface    21.231   C25 81  X    0
  found on step  996
  this is also current point
  no. of rejections          206
 stored as   119

 highest radius point found:
  at point   -0.841  -1.534  23.999
  closest atom surface   21.424   C25 81  X    0
  2nd closest surface    21.425   C20 81  X    0
  found on step    1
 current point:
  at point   -0.839  -0.801  23.999
  closest atom surface   21.382   C20 81  X    0
  2nd closest surface    21.388   C25 81  X    0
  found on step  998
  no. of rejections          186
 stored as   120

 highest radius point found:
  at point   -0.842  -1.610  24.199
  closest atom surface   21.619   C11 81  X    0
  2nd closest surface    21.622   C25 81  X    0
  found on step  666
 current point:
  at point   -0.828  -0.583  24.199
  closest atom surface   21.571   C20 81  X    0
  2nd closest surface    21.572   C25 81  X    0
  found on step  983
  no. of rejections          191
 stored as   121

 highest radius point found:
  at point   -0.842  -1.610  24.399
  closest atom surface   21.815   C25 81  X    0
  2nd closest surface    21.817   C11 81  X    0
  found on step    1
 current point:
  at point   -0.862  -1.583  24.399
  closest atom surface   21.814   C20 81  X    0
  2nd closest surface    21.818   C25 81  X    0
  found on step  989
  no. of rejections          189
 stored as   122

 highest radius point found:
  at point   -0.860  -1.619  24.599
  closest atom surface   22.012   C25 81  X    0
  2nd closest surface    22.013   C20 81  X    0
  found on step  935
  this is also current point
  no. of rejections          174
 This is an end! (radius above  22.0 angs)
 highest radius point found:
  at point    0.152   0.002  -0.201
  closest atom surface    1.641   H1  81  X    0
  2nd closest surface     1.641   H3  81  X    0
  found on step  651
 current point:
  at point    0.125   0.018  -0.201
  closest atom surface    1.639   H1  81  X    0
  2nd closest surface     1.640   H3  81  X    0
  found on step  980
  no. of rejections          390
 stored as    -1

 highest radius point found:
  at point    0.167   0.019  -0.401
  closest atom surface    1.642   H1  81  X    0
  2nd closest surface     1.642   H3  81  X    0
  found on step  993
  this is also current point
  no. of rejections          411
 stored as    -2

 highest radius point found:
  at point    0.167   0.036  -0.601
  closest atom surface    1.649   C27 81  X    0
  2nd closest surface     1.650   H4  81  X    0
  found on step  985
  this is also current point
  no. of rejections          402
 stored as    -3

 highest radius point found:
  at point    0.204   0.012  -0.801
  closest atom surface    1.658   C27 81  X    0
  2nd closest surface     1.659   H1  81  X    0
  found on step  850
 current point:
  at point    0.198   0.016  -0.801
  closest atom surface    1.657   C27 81  X    0
  2nd closest surface     1.660   H1  81  X    0
  found on step  967
  no. of rejections          413
 stored as    -4

 highest radius point found:
  at point    0.224  -0.007  -1.001
  closest atom surface    1.680   H1  81  X    0
  2nd closest surface     1.681   C27 81  X    0
  found on step  976
  this is also current point
  no. of rejections          394
 stored as    -5

 highest radius point found:
  at point    0.239  -0.022  -1.201
  closest atom surface    1.715   C27 81  X    0
  2nd closest surface     1.716   H1  81  X    0
  found on step  793
 current point:
  at point    0.238  -0.021  -1.201
  closest atom surface    1.715   H1  81  X    0
  2nd closest surface     1.716   C27 81  X    0
  found on step  974
  no. of rejections          382
 stored as    -6

 highest radius point found:
  at point    0.257  -0.040  -1.401
  closest atom surface    1.762   C27 81  X    0
  2nd closest surface     1.764   H1  81  X    0
  found on step  921
  this is also current point
  no. of rejections          385
 stored as    -7

 highest radius point found:
  at point    0.273  -0.064  -1.601
  closest atom surface    1.821   H1  81  X    0
  2nd closest surface     1.823   H2  81  X    0
  found on step  688
 current point:
  at point    0.257  -0.052  -1.601
  closest atom surface    1.821   H1  81  X    0
  2nd closest surface     1.821   C27 81  X    0
  found on step  978
  no. of rejections          387
 stored as    -8

 highest radius point found:
  at point    0.253  -0.062  -1.801
  closest atom surface    1.890   C27 81  X    0
  2nd closest surface     1.890   H1  81  X    0
  found on step  945
  this is also current point
  no. of rejections          386
 stored as    -9

 highest radius point found:
  at point    0.221  -0.058  -2.001
  closest atom surface    1.967   H1  81  X    0
  2nd closest surface     1.968   C27 81  X    0
  found on step  433
 current point:
  at point    0.170  -0.028  -2.001
  closest atom surface    1.964   H1  81  X    0
  2nd closest surface     1.964   C27 81  X    0
  found on step  990
  no. of rejections          403
 stored as   -10

 highest radius point found:
  at point    0.225  -0.059  -2.201
  closest atom surface    2.044   C27 81  X    0
  2nd closest surface     2.045   C22 81  X    0
  found on step  925
  this is also current point
  no. of rejections          379
 stored as   -11

 highest radius point found:
  at point    0.229  -0.055  -2.401
  closest atom surface    2.124   C22 81  X    0
  2nd closest surface     2.125   C27 81  X    0
  found on step  958
  this is also current point
  no. of rejections          373
 stored as   -12

 highest radius point found:
  at point    0.251  -0.059  -2.601
  closest atom surface    2.213   C27 81  X    0
  2nd closest surface     2.214   C23 81  X    0
  found on step  877
 current point:
  at point    0.252  -0.060  -2.601
  closest atom surface    2.213   C27 81  X    0
  2nd closest surface     2.213   C23 81  X    0
  found on step  932
  no. of rejections          367
 stored as   -13

 highest radius point found:
  at point    0.259  -0.056  -2.801
  closest atom surface    2.309   C27 81  X    0
  2nd closest surface     2.310   C22 81  X    0
  found on step  891
 current point:
  at point    0.257  -0.056  -2.801
  closest atom surface    2.309   C22 81  X    0
  2nd closest surface     2.310   C27 81  X    0
  found on step  900
  no. of rejections          367
 stored as   -14

 highest radius point found:
  at point    0.266  -0.053  -3.001
  closest atom surface    2.413   C27 81  X    0
  2nd closest surface     2.413   C22 81  X    0
  found on step  990
  this is also current point
  no. of rejections          357
 stored as   -15

 highest radius point found:
  at point    0.278  -0.054  -3.201
  closest atom surface    2.521   C22 81  X    0
  2nd closest surface     2.524   C23 81  X    0
  found on step  248
 current point:
  at point    0.151   0.022  -3.201
  closest atom surface    2.515   C22 81  X    0
  2nd closest surface     2.516   C27 81  X    0
  found on step  962
  no. of rejections          384
 stored as   -16

 highest radius point found:
  at point    0.290  -0.054  -3.401
  closest atom surface    2.638   C22 81  X    0
  2nd closest surface     2.639   C23 81  X    0
  found on step  696
 current point:
  at point    0.096   0.062  -3.401
  closest atom surface    2.629   C22 81  X    0
  2nd closest surface     2.630   C27 81  X    0
  found on step  894
  no. of rejections          351
 stored as   -17

 highest radius point found:
  at point    0.290  -0.044  -3.601
  closest atom surface    2.760   C22 81  X    0
  2nd closest surface     2.762   C27 81  X    0
  found on step  970
  this is also current point
  no. of rejections          347
 stored as   -18

 highest radius point found:
  at point    0.306  -0.045  -3.801
  closest atom surface    2.889   C22 81  X    0
  2nd closest surface     2.889   C27 81  X    0
  found on step  978
  this is also current point
  no. of rejections          356
 stored as   -19

 highest radius point found:
  at point    0.323  -0.046  -4.001
  closest atom surface    3.021   C27 81  X    0
  2nd closest surface     3.023   C22 81  X    0
  found on step  913
  this is also current point
  no. of rejections          339
 stored as   -20

 highest radius point found:
  at point    0.314  -0.034  -4.201
  closest atom surface    3.157   C22 81  X    0
  2nd closest surface     3.157   C27 81  X    0
  found on step  974
  this is also current point
  no. of rejections          354
 stored as   -21

 highest radius point found:
  at point    0.345  -0.048  -4.401
  closest atom surface    3.297   C23 81  X    0
  2nd closest surface     3.298   C22 81  X    0
  found on step  907
  this is also current point
  no. of rejections          337
 stored as   -22

 highest radius point found:
  at point    0.315  -0.038  -4.601
  closest atom surface    3.430   C22 81  X    0
  2nd closest surface     3.431   H9  81  X    0
  found on step  561
 current point:
  at point    0.318  -0.040  -4.601
  closest atom surface    3.429   H9  81  X    0
  2nd closest surface     3.431   C22 81  X    0
  found on step  992
  no. of rejections          349
 stored as   -23

 highest radius point found:
  at point    0.273  -0.022  -4.801
  closest atom surface    3.566   C22 81  X    0
  2nd closest surface     3.566   H9  81  X    0
  found on step  430
 current point:
  at point    0.076   0.082  -4.801
  closest atom surface    3.552   H33 81  X    0
  2nd closest surface     3.553   C22 81  X    0
  found on step  996
  no. of rejections          358
 stored as   -24

 highest radius point found:
  at point    0.228  -0.004  -5.001
  closest atom surface    3.707   H33 81  X    0
  2nd closest surface     3.707   C22 81  X    0
  found on step  995
  this is also current point
  no. of rejections          368
 stored as   -25

 highest radius point found:
  at point    0.190   0.013  -5.201
  closest atom surface    3.851   H9  81  X    0
  2nd closest surface     3.851   H33 81  X    0
  found on step  788
 current point:
  at point   -0.011   0.118  -5.201
  closest atom surface    3.842   H33 81  X    0
  2nd closest surface     3.842   C22 81  X    0
  found on step  915
  no. of rejections          322
 stored as   -26

 highest radius point found:
  at point    0.131   0.037  -5.401
  closest atom surface    3.999   C22 81  X    0
  2nd closest surface     4.000   H33 81  X    0
  found on step  915
  this is also current point
  no. of rejections          316
 stored as   -27

 highest radius point found:
  at point    0.103   0.047  -5.601
  closest atom surface    4.152   C22 81  X    0
  2nd closest surface     4.153   H33 81  X    0
  found on step  405
 current point:
  at point   -0.040   0.124  -5.601
  closest atom surface    4.147   H33 81  X    0
  2nd closest surface     4.148   C22 81  X    0
  found on step  911
  no. of rejections          333
 stored as   -28

 highest radius point found:
  at point    0.035   0.078  -5.801
  closest atom surface    4.306   C22 81  X    0
  2nd closest surface     4.308   H33 81  X    0
  found on step  740
 current point:
  at point   -0.083   0.143  -5.801
  closest atom surface    4.304   H33 81  X    0
  2nd closest surface     4.304   C22 81  X    0
  found on step  996
  no. of rejections          311
 stored as   -29

 highest radius point found:
  at point    0.015   0.088  -6.001
  closest atom surface    4.466   H33 81  X    0
  2nd closest surface     4.467   C22 81  X    0
  found on step  992
  this is also current point
  no. of rejections          298
 stored as   -30

 highest radius point found:
  at point   -0.028   0.107  -6.201
  closest atom surface    4.627   H33 81  X    0
  2nd closest surface     4.628   C22 81  X    0
  found on step  796
 current point:
  at point   -0.023   0.104  -6.201
  closest atom surface    4.627   C22 81  X    0
  2nd closest surface     4.628   H33 81  X    0
  found on step  968
  no. of rejections          314
 stored as   -31

 highest radius point found:
  at point   -0.062   0.123  -6.401
  closest atom surface    4.791   H33 81  X    0
  2nd closest surface     4.792   C22 81  X    0
  found on step  862
 current point:
  at point   -0.118   0.152  -6.401
  closest atom surface    4.791   H33 81  X    0
  2nd closest surface     4.791   C22 81  X    0
  found on step  946
  no. of rejections          310
 stored as   -32

 highest radius point found:
  at point   -0.143   0.163  -6.601
  closest atom surface    4.958   C22 81  X    0
  2nd closest surface     4.958   H33 81  X    0
  found on step  939
  this is also current point
  no. of rejections          296
 stored as   -33

 highest radius point found:
  at point   -0.148   0.163  -6.801
  closest atom surface    5.126   H33 81  X    0
  2nd closest surface     5.126   C22 81  X    0
  found on step  909
  this is also current point
  no. of rejections          303
 stored as   -34

 highest radius point found:
  at point   -0.171   0.173  -7.001
  closest atom surface    5.295   H9  81  X    0
  2nd closest surface     5.296   C   81  X    0
  found on step  990
  this is also current point
  no. of rejections          316
 stored as   -35

 highest radius point found:
  at point   -0.199   0.176  -7.201
  closest atom surface    5.464   C22 81  X    0
  2nd closest surface     5.465   C   81  X    0
  found on step  989
  this is also current point
  no. of rejections          270
 stored as   -36

 highest radius point found:
  at point   -0.221   0.178  -7.401
  closest atom surface    5.633   H9  81  X    0
  2nd closest surface     5.634   C22 81  X    0
  found on step  987
  this is also current point
  no. of rejections          286
 stored as   -37

 highest radius point found:
  at point   -0.249   0.190  -7.601
  closest atom surface    5.803   H28 81  X    0
  2nd closest surface     5.804   H9  81  X    0
  found on step  902
  this is also current point
  no. of rejections          318
 stored as   -38

 highest radius point found:
  at point   -0.279   0.207  -7.801
  closest atom surface    5.972   H28 81  X    0
  2nd closest surface     5.973   C   81  X    0
  found on step  924
  this is also current point
  no. of rejections          289
 stored as   -39

 highest radius point found:
  at point   -0.299   0.223  -8.001
  closest atom surface    6.144   C   81  X    0
  2nd closest surface     6.145   H28 81  X    0
  found on step  838
 current point:
  at point   -0.298   0.218  -8.001
  closest atom surface    6.143   H28 81  X    0
  2nd closest surface     6.146   C   81  X    0
  found on step  924
  no. of rejections          288
 stored as   -40

 highest radius point found:
  at point   -0.319   0.235  -8.201
  closest atom surface    6.317   H28 81  X    0
  2nd closest surface     6.318   H9  81  X    0
  found on step  995
  this is also current point
  no. of rejections          294
 stored as   -41

 highest radius point found:
  at point   -0.341   0.250  -8.401
  closest atom surface    6.491   H9  81  X    0
  2nd closest surface     6.492   H28 81  X    0
  found on step  701
 current point:
  at point   -0.349   0.251  -8.401
  closest atom surface    6.491   H28 81  X    0
  2nd closest surface     6.491   C   81  X    0
  found on step  995
  no. of rejections          275
 stored as   -42

 highest radius point found:
  at point   -0.376   0.265  -8.601
  closest atom surface    6.666   C   81  X    0
  2nd closest surface     6.666   H28 81  X    0
  found on step  973
  this is also current point
  no. of rejections          286
 stored as   -43

 highest radius point found:
  at point   -0.393   0.280  -8.801
  closest atom surface    6.843   C   81  X    0
  2nd closest surface     6.844   H28 81  X    0
  found on step  970
  this is also current point
  no. of rejections          278
 stored as   -44

 highest radius point found:
  at point   -0.419   0.292  -9.001
  closest atom surface    7.021   H28 81  X    0
  2nd closest surface     7.021   C   81  X    0
  found on step  924
  this is also current point
  no. of rejections          280
 stored as   -45

 highest radius point found:
  at point   -0.438   0.304  -9.201
  closest atom surface    7.200   H28 81  X    0
  2nd closest surface     7.201   C   81  X    0
  found on step  866
 current point:
  at point   -0.441   0.306  -9.201
  closest atom surface    7.200   H28 81  X    0
  2nd closest surface     7.200   C   81  X    0
  found on step  980
  no. of rejections          271
 stored as   -46

 highest radius point found:
  at point   -0.444   0.317  -9.401
  closest atom surface    7.375   H19 81  X    0
  2nd closest surface     7.376   H9  81  X    0
  found on step  367
 current point:
  at point   -0.438   0.307  -9.401
  closest atom surface    7.374   H9  81  X    0
  2nd closest surface     7.375   H19 81  X    0
  found on step  969
  no. of rejections          279
 stored as   -47

 highest radius point found:
  at point   -0.463   0.354  -9.601
  closest atom surface    7.551   H19 81  X    0
  2nd closest surface     7.551   H9  81  X    0
  found on step  984
  this is also current point
  no. of rejections          281
 stored as   -48

 highest radius point found:
  at point   -0.482   0.392  -9.801
  closest atom surface    7.728   H9  81  X    0
  2nd closest surface     7.728   H19 81  X    0
  found on step  926
  this is also current point
  no. of rejections          280
 stored as   -49

 highest radius point found:
  at point   -0.503   0.428 -10.001
  closest atom surface    7.905   H19 81  X    0
  2nd closest surface     7.907   C   81  X    0
  found on step  821
 current point:
  at point   -0.505   0.432 -10.001
  closest atom surface    7.905   C   81  X    0
  2nd closest surface     7.906   H19 81  X    0
  found on step  971
  no. of rejections          268
 stored as   -50

 highest radius point found:
  at point   -0.521   0.456 -10.201
  closest atom surface    8.082   H19 81  X    0
  2nd closest surface     8.086   C   81  X    0
  found on step    2
 current point:
  at point    0.163  -0.379 -10.201
  closest atom surface    7.962   H9  81  X    0
  2nd closest surface     7.964   H28 81  X    0
  found on step  999
  no. of rejections          232
 stored as   -51

 highest radius point found:
  at point   -0.523   0.470 -10.401
  closest atom surface    8.262   H9  81  X    0
  2nd closest surface     8.264   H19 81  X    0
  found on step  910
  this is also current point
  no. of rejections          284
 stored as   -52

 highest radius point found:
  at point   -0.528   0.477 -10.601
  closest atom surface    8.442   H9  81  X    0
  2nd closest surface     8.442   H19 81  X    0
  found on step  630
 current point:
  at point   -0.508   0.435 -10.601
  closest atom surface    8.438   H9  81  X    0
  2nd closest surface     8.438   H19 81  X    0
  found on step  890
  no. of rejections          280
 stored as   -53

 highest radius point found:
  at point   -0.528   0.477 -10.801
  closest atom surface    8.620   H9  81  X    0
  2nd closest surface     8.621   H19 81  X    0
  found on step    1
 current point:
  at point   -0.527   0.470 -10.801
  closest atom surface    8.620   H19 81  X    0
  2nd closest surface     8.621   H9  81  X    0
  found on step  994
  no. of rejections          270
 stored as   -54

 highest radius point found:
  at point   -0.540   0.498 -11.001
  closest atom surface    8.802   H21 81  X    0
  2nd closest surface     8.802   H9  81  X    0
  found on step  987
  this is also current point
  no. of rejections          239
 stored as   -55

 highest radius point found:
  at point   -0.542   0.497 -11.201
  closest atom surface    8.982   H19 81  X    0
  2nd closest surface     8.983   H9  81  X    0
  found on step  962
  this is also current point
  no. of rejections          272
 stored as   -56

 highest radius point found:
  at point   -0.551   0.515 -11.401
  closest atom surface    9.165   H21 81  X    0
  2nd closest surface     9.165   H9  81  X    0
  found on step  685
 current point:
  at point   -0.533   0.478 -11.401
  closest atom surface    9.162   H19 81  X    0
  2nd closest surface     9.162   H9  81  X    0
  found on step  985
  no. of rejections          260
 stored as   -57

 highest radius point found:
  at point   -0.551   0.515 -11.601
  closest atom surface    9.346   H9  81  X    0
  2nd closest surface     9.348   H19 81  X    0
  found on step    1
 current point:
  at point   -0.548   0.515 -11.601
  closest atom surface    9.345   H9  81  X    0
  2nd closest surface     9.349   H19 81  X    0
  found on step  969
  no. of rejections          259
 stored as   -58

 highest radius point found:
  at point   -0.560   0.528 -11.801
  closest atom surface    9.531   H9  81  X    0
  2nd closest surface     9.531   H19 81  X    0
  found on step  944
  this is also current point
  no. of rejections          257
 stored as   -59

 highest radius point found:
  at point   -0.563   0.536 -12.001
  closest atom surface    9.714   H9  81  X    0
  2nd closest surface     9.716   H21 81  X    0
  found on step  939
  this is also current point
  no. of rejections          230
 stored as   -60

 highest radius point found:
  at point   -0.575   0.542 -12.201
  closest atom surface    9.897   H19 81  X    0
  2nd closest surface     9.898   H21 81  X    0
  found on step    3
 current point:
  at point   -0.417   0.232 -12.201
  closest atom surface    9.880   H19 81  X    0
  2nd closest surface     9.881   H9  81  X    0
  found on step  983
  no. of rejections          240
 stored as   -61

 highest radius point found:
  at point   -0.575   0.554 -12.401
  closest atom surface   10.083   H9  81  X    0
  2nd closest surface    10.084   H21 81  X    0
  found on step  950
  this is also current point
  no. of rejections          253
 stored as   -62

 highest radius point found:
  at point   -0.575   0.554 -12.601
  closest atom surface   10.268   H9  81  X    0
  2nd closest surface    10.270   H19 81  X    0
  found on step    1
 current point:
  at point   -0.336   0.070 -12.601
  closest atom surface   10.245   H9  81  X    0
  2nd closest surface    10.245   H19 81  X    0
  found on step  965
  no. of rejections          252
 stored as   -63

 highest radius point found:
  at point   -0.589   0.578 -12.801
  closest atom surface   10.453   H21 81  X    0
  2nd closest surface    10.456   H9  81  X    0
  found on step    7
 current point:
  at point   -0.315   0.025 -12.801
  closest atom surface   10.430   H19 81  X    0
  2nd closest surface    10.430   H9  81  X    0
  found on step  942
  no. of rejections          242
 stored as   -64

 highest radius point found:
  at point   -0.594   0.577 -13.001
  closest atom surface   10.641   H21 81  X    0
  2nd closest surface    10.641   H19 81  X    0
  found on step  988
  this is also current point
  no. of rejections          256
 stored as   -65

 highest radius point found:
  at point   -0.596   0.591 -13.201
  closest atom surface   10.828   H9  81  X    0
  2nd closest surface    10.828   H21 81  X    0
  found on step  975
  this is also current point
  no. of rejections          259
 stored as   -66

 highest radius point found:
  at point   -0.598   0.591 -13.401
  closest atom surface   11.015   H9  81  X    0
  2nd closest surface    11.017   H19 81  X    0
  found on step    3
 current point:
  at point   -0.573   0.527 -13.401
  closest atom surface   11.010   H19 81  X    0
  2nd closest surface    11.013   H9  81  X    0
  found on step  993
  no. of rejections          239
 stored as   -67

 highest radius point found:
  at point   -0.598   0.591 -13.601
  closest atom surface   11.202   H9  81  X    0
  2nd closest surface    11.204   H19 81  X    0
  found on step    1
 current point:
  at point   -0.431   0.257 -13.601
  closest atom surface   11.183   H9  81  X    0
  2nd closest surface    11.185   H19 81  X    0
  found on step  990
  no. of rejections          217
 stored as   -68

 highest radius point found:
  at point   -0.598   0.591 -13.801
  closest atom surface   11.389   H9  81  X    0
  2nd closest surface    11.392   H19 81  X    0
  found on step    1
 current point:
  at point   -0.328   0.035 -13.801
  closest atom surface   11.365   H19 81  X    0
  2nd closest surface    11.366   H9  81  X    0
  found on step  925
  no. of rejections          221
 stored as   -69

 highest radius point found:
  at point   -0.612   0.610 -14.001
  closest atom surface   11.580   H9  81  X    0
  2nd closest surface    11.580   H19 81  X    0
  found on step  351
 current point:
  at point   -0.620   0.618 -14.001
  closest atom surface   11.580   H21 81  X    0
  2nd closest surface    11.580   H19 81  X    0
  found on step  936
  no. of rejections          216
 stored as   -70

 highest radius point found:
  at point   -0.619   0.619 -14.201
  closest atom surface   11.769   H19 81  X    0
  2nd closest surface    11.769   H9  81  X    0
  found on step  982
  this is also current point
  no. of rejections          246
 stored as   -71

 highest radius point found:
  at point   -0.619   0.619 -14.401
  closest atom surface   11.958   H9  81  X    0
  2nd closest surface    11.958   H19 81  X    0
  found on step    1
 current point:
  at point   -0.246  -0.132 -14.401
  closest atom surface   11.930   H9  81  X    0
  2nd closest surface    11.930   H19 81  X    0
  found on step  944
  no. of rejections          231
 stored as   -72

 highest radius point found:
  at point   -0.632   0.640 -14.601
  closest atom surface   12.148   H19 81  X    0
  2nd closest surface    12.148   H21 81  X    0
  found on step  984
  this is also current point
  no. of rejections          235
 stored as   -73

 highest radius point found:
  at point   -0.637   0.654 -14.801
  closest atom surface   12.338   H9  81  X    0
  2nd closest surface    12.338   H21 81  X    0
  found on step  969
  this is also current point
  no. of rejections          227
 stored as   -74

 highest radius point found:
  at point   -0.641   0.655 -15.001
  closest atom surface   12.528   H19 81  X    0
  2nd closest surface    12.528   H9  81  X    0
  found on step  922
  this is also current point
  no. of rejections          236
 stored as   -75

 highest radius point found:
  at point   -0.643   0.659 -15.201
  closest atom surface   12.718   H9  81  X    0
  2nd closest surface    12.718   H19 81  X    0
  found on step   12
 current point:
  at point   -0.657   0.670 -15.201
  closest atom surface   12.716   H21 81  X    0
  2nd closest surface    12.717   H19 81  X    0
  found on step  995
  no. of rejections          191
 stored as   -76

 highest radius point found:
  at point   -0.649   0.667 -15.401
  closest atom surface   12.909   H9  81  X    0
  2nd closest surface    12.909   H19 81  X    0
  found on step  842
 current point:
  at point   -0.654   0.672 -15.401
  closest atom surface   12.908   H19 81  X    0
  2nd closest surface    12.909   H21 81  X    0
  found on step  993
  no. of rejections          218
 stored as   -77

 highest radius point found:
  at point   -0.657   0.683 -15.601
  closest atom surface   13.100   H9  81  X    0
  2nd closest surface    13.100   H21 81  X    0
  found on step  985
  this is also current point
  no. of rejections          217
 stored as   -78

 highest radius point found:
  at point   -0.659   0.683 -15.801
  closest atom surface   13.291   H19 81  X    0
  2nd closest surface    13.291   H9  81  X    0
  found on step  961
  this is also current point
  no. of rejections          209
 stored as   -79

 highest radius point found:
  at point   -0.668   0.707 -16.001
  closest atom surface   13.482   H21 81  X    0
  2nd closest surface    13.482   H9  81  X    0
  found on step  525
 current point:
  at point   -0.664   0.700 -16.001
  closest atom surface   13.482   H9  81  X    0
  2nd closest surface    13.484   H21 81  X    0
  found on step  985
  no. of rejections          242
 stored as   -80

 highest radius point found:
  at point   -0.668   0.707 -16.201
  closest atom surface   13.673   H9  81  X    0
  2nd closest surface    13.676   H21 81  X    0
  found on step    1
 current point:
  at point   -0.141  -0.365 -16.201
  closest atom surface   13.646   H19 81  X    0
  2nd closest surface    13.647   H9  81  X    0
  found on step  937
  no. of rejections          216
 stored as   -81

 highest radius point found:
  at point   -0.676   0.711 -16.401
  closest atom surface   13.866   H19 81  X    0
  2nd closest surface    13.866   H9  81  X    0
  found on step  611
 current point:
  at point   -0.670   0.706 -16.401
  closest atom surface   13.865   H9  81  X    0
  2nd closest surface    13.867   H19 81  X    0
  found on step  957
  no. of rejections          237
 stored as   -82

 highest radius point found:
  at point   -0.682   0.721 -16.601
  closest atom surface   14.059   H19 81  X    0
  2nd closest surface    14.059   H9  81  X    0
  found on step  952
  this is also current point
  no. of rejections          215
 stored as   -83

 highest radius point found:
  at point   -0.688   0.733 -16.801
  closest atom surface   14.251   H9  81  X    0
  2nd closest surface    14.251   H21 81  X    0
  found on step  976
  this is also current point
  no. of rejections          202
 stored as   -84

 highest radius point found:
  at point   -0.694   0.740 -17.001
  closest atom surface   14.444   H21 81  X    0
  2nd closest surface    14.444   H19 81  X    0
  found on step  961
  this is also current point
  no. of rejections          215
 stored as   -85

 highest radius point found:
  at point   -0.694   0.740 -17.201
  closest atom surface   14.636   H9  81  X    0
  2nd closest surface    14.636   H19 81  X    0
  found on step    1
 current point:
  at point   -0.097  -0.461 -17.201
  closest atom surface   14.609   H19 81  X    0
  2nd closest surface    14.609   H9  81  X    0
  found on step  906
  no. of rejections          211
 stored as   -86

 highest radius point found:
  at point   -0.702   0.750 -17.401
  closest atom surface   14.829   H19 81  X    0
  2nd closest surface    14.829   H9  81  X    0
  found on step  481
 current point:
  at point   -0.704   0.763 -17.401
  closest atom surface   14.828   H21 81  X    0
  2nd closest surface    14.829   H9  81  X    0
  found on step  995
  no. of rejections          216
 stored as   -87

 highest radius point found:
  at point   -0.709   0.766 -17.601
  closest atom surface   15.022   H21 81  X    0
  2nd closest surface    15.022   H9  81  X    0
  found on step  982
  this is also current point
  no. of rejections          216
 stored as   -88

 highest radius point found:
  at point   -0.709   0.766 -17.801
  closest atom surface   15.215   H9  81  X    0
  2nd closest surface    15.216   H19 81  X    0
  found on step    1
 current point:
  at point   -0.600   1.847 -17.801
  closest atom surface   15.156   H9  81  X    0
  2nd closest surface    15.157   H21 81  X    0
  found on step  990
  no. of rejections          140
 stored as   -89

 highest radius point found:
  at point   -0.711   0.767 -18.001
  closest atom surface   15.408   H9  81  X    0
  2nd closest surface    15.409   H19 81  X    0
  found on step    2
 current point:
  at point   -0.366   0.071 -18.001
  closest atom surface   15.378   H9  81  X    0
  2nd closest surface    15.379   H19 81  X    0
  found on step 1000
  no. of rejections          236
 stored as   -90

 highest radius point found:
  at point   -0.725   0.788 -18.201
  closest atom surface   15.602   H21 81  X    0
  2nd closest surface    15.603   H19 81  X    0
  found on step  922
  this is also current point
  no. of rejections          221
 stored as   -91

 highest radius point found:
  at point   -0.725   0.788 -18.401
  closest atom surface   15.796   H19 81  X    0
  2nd closest surface    15.796   H9  81  X    0
  found on step    1
 current point:
  at point   -0.729   0.816 -18.401
  closest atom surface   15.794   H21 81  X    0
  2nd closest surface    15.795   H9  81  X    0
  found on step  976
  no. of rejections          181
 stored as   -92

 highest radius point found:
  at point   -0.729   0.793 -18.601
  closest atom surface   15.990   H19 81  X    0
  2nd closest surface    15.990   H9  81  X    0
  found on step  976
  this is also current point
  no. of rejections          219
 stored as   -93

 highest radius point found:
  at point   -0.738   0.820 -18.801
  closest atom surface   16.184   H21 81  X    0
  2nd closest surface    16.184   H9  81  X    0
  found on step  951
  this is also current point
  no. of rejections          224
 stored as   -94

 highest radius point found:
  at point   -0.744   0.821 -19.001
  closest atom surface   16.379   H9  81  X    0
  2nd closest surface    16.379   H21 81  X    0
  found on step  920
  this is also current point
  no. of rejections          214
 stored as   -95

 highest radius point found:
  at point   -0.744   0.821 -19.201
  closest atom surface   16.572   H9  81  X    0
  2nd closest surface    16.573   H19 81  X    0
  found on step    1
 current point:
  at point    0.373   4.708 -19.201
  closest atom surface   16.555   H   81  X    0
  2nd closest surface    16.555   H9  81  X    0
  found on step  995
  no. of rejections          146
 stored as   -96

 highest radius point found:
  at point   -0.755   0.839 -19.401
  closest atom surface   16.767   H21 81  X    0
  2nd closest surface    16.768   H9  81  X    0
  found on step  997
  this is also current point
  no. of rejections          202
 stored as   -97

 highest radius point found:
  at point   -0.758   0.841 -19.601
  closest atom surface   16.962   H9  81  X    0
  2nd closest surface    16.962   H19 81  X    0
  found on step  994
  this is also current point
  no. of rejections          174
 stored as   -98

 highest radius point found:
  at point   -0.758   0.841 -19.801
  closest atom surface   17.156   H9  81  X    0
  2nd closest surface    17.156   H19 81  X    0
  found on step    1
 current point:
  at point   -0.741   1.219 -19.801
  closest atom surface   17.131   H21 81  X    0
  2nd closest surface    17.137   H9  81  X    0
  found on step  996
  no. of rejections          184
 stored as   -99

 highest radius point found:
  at point   -0.769   0.867 -20.001
  closest atom surface   17.351   H21 81  X    0
  2nd closest surface    17.351   H9  81  X    0
  found on step  736
 current point:
  at point   -0.766   0.854 -20.001
  closest atom surface   17.351   H19 81  X    0
  2nd closest surface    17.351   H9  81  X    0
  found on step  972
  no. of rejections          204
 stored as  -100

 highest radius point found:
  at point   -0.775   0.869 -20.201
  closest atom surface   17.547   H19 81  X    0
  2nd closest surface    17.547   H21 81  X    0
  found on step  985
  this is also current point
  no. of rejections          201
 stored as  -101

 highest radius point found:
  at point   -0.777   0.871 -20.401
  closest atom surface   17.741   H9  81  X    0
  2nd closest surface    17.741   H19 81  X    0
  found on step    2
 current point:
  at point    0.946  -1.739 -20.401
  closest atom surface   17.727   H29 81  X    0
  2nd closest surface    17.727   H9  81  X    0
  found on step  940
  no. of rejections          187
 stored as  -102

 highest radius point found:
  at point   -0.781   0.875 -20.601
  closest atom surface   17.936   H19 81  X    0
  2nd closest surface    17.936   H9  81  X    0
  found on step  987
  this is also current point
  no. of rejections          174
 stored as  -103

 highest radius point found:
  at point   -0.790   0.894 -20.801
  closest atom surface   18.132   H21 81  X    0
  2nd closest surface    18.132   H9  81  X    0
  found on step  910
  this is also current point
  no. of rejections          202
 stored as  -104

 highest radius point found:
  at point   -0.790   0.894 -21.001
  closest atom surface   18.327   H9  81  X    0
  2nd closest surface    18.327   H19 81  X    0
  found on step    1
 current point:
  at point   -0.785   0.884 -21.001
  closest atom surface   18.326   H9  81  X    0
  2nd closest surface    18.327   H19 81  X    0
  found on step  983
  no. of rejections          167
 stored as  -105

 highest radius point found:
  at point   -0.790   0.894 -21.201
  closest atom surface   18.521   H9  81  X    0
  2nd closest surface    18.522   H19 81  X    0
  found on step    1
 current point:
  at point   -0.647   0.592 -21.201
  closest atom surface   18.504   H19 81  X    0
  2nd closest surface    18.506   H9  81  X    0
  found on step 1000
  no. of rejections          189
 stored as  -106

 highest radius point found:
  at point   -0.804   0.915 -21.401
  closest atom surface   18.718   H9  81  X    0
  2nd closest surface    18.718   H19 81  X    0
  found on step  917
  this is also current point
  no. of rejections          185
 stored as  -107

 highest radius point found:
  at point   -0.810   0.926 -21.601
  closest atom surface   18.914   H9  81  X    0
  2nd closest surface    18.914   H21 81  X    0
  found on step  954
  this is also current point
  no. of rejections          191
 stored as  -108

 highest radius point found:
  at point   -0.810   0.926 -21.801
  closest atom surface   19.109   H9  81  X    0
  2nd closest surface    19.110   H19 81  X    0
  found on step    1
 current point:
  at point   -0.567   0.431 -21.801
  closest atom surface   19.084   H19 81  X    0
  2nd closest surface    19.084   H9  81  X    0
  found on step  999
  no. of rejections          183
 stored as  -109

 highest radius point found:
  at point   -0.821   0.944 -22.001
  closest atom surface   19.306   H21 81  X    0
  2nd closest surface    19.306   H9  81  X    0
  found on step  980
  this is also current point
  no. of rejections          181
 stored as  -110

 highest radius point found:
  at point   -0.821   0.944 -22.201
  closest atom surface   19.501   H9  81  X    0
  2nd closest surface    19.502   H19 81  X    0
  found on step    1
 current point:
  at point    0.130  -0.965 -22.201
  closest atom surface   19.484   H9  81  X    0
  2nd closest surface    19.485   H28 81  X    0
  found on step  979
  no. of rejections          180
 stored as  -111

 highest radius point found:
  at point   -0.829   0.957 -22.401
  closest atom surface   19.697   H9  81  X    0
  2nd closest surface    19.698   H19 81  X    0
  found on step  977
  this is also current point
  no. of rejections          173
 stored as  -112

 highest radius point found:
  at point   -0.829   0.957 -22.601
  closest atom surface   19.893   H9  81  X    0
  2nd closest surface    19.893   H19 81  X    0
  found on step    1
 current point:
  at point   -0.732   1.979 -22.601
  closest atom surface   19.858   H9  81  X    0
  2nd closest surface    19.858   H21 81  X    0
  found on step  917
  no. of rejections          181
 stored as  -113

 highest radius point found:
  at point   -0.841   0.974 -22.801
  closest atom surface   20.090   H21 81  X    0
  2nd closest surface    20.090   H19 81  X    0
  found on step  956
  this is also current point
  no. of rejections          181
 stored as  -114

 highest radius point found:
  at point   -0.845   0.988 -23.001
  closest atom surface   20.286   H9  81  X    0
  2nd closest surface    20.286   H21 81  X    0
  found on step  976
  this is also current point
  no. of rejections          152
 stored as  -115

 highest radius point found:
  at point   -0.844   0.981 -23.201
  closest atom surface   20.481   H9  81  X    0
  2nd closest surface    20.482   H19 81  X    0
  found on step  372
 current point:
  at point   -0.799   1.493 -23.201
  closest atom surface   20.460   H9  81  X    0
  2nd closest surface    20.460   H21 81  X    0
  found on step  968
  no. of rejections          167
 stored as  -116

 highest radius point found:
  at point   -0.846   0.986 -23.401
  closest atom surface   20.677   H9  81  X    0
  2nd closest surface    20.679   H19 81  X    0
  found on step  132
 current point:
  at point   -0.661   2.888 -23.401
  closest atom surface   20.656   H   81  X    0
  2nd closest surface    20.656   H9  81  X    0
  found on step  978
  no. of rejections          165
 stored as  -117

 highest radius point found:
  at point   -0.862   1.009 -23.601
  closest atom surface   20.875   H21 81  X    0
  2nd closest surface    20.875   H9  81  X    0
  found on step  976
  this is also current point
  no. of rejections          204
 stored as  -118

 highest radius point found:
  at point   -0.862   1.009 -23.801
  closest atom surface   21.071   H9  81  X    0
  2nd closest surface    21.072   H19 81  X    0
  found on step    1
 current point:
  at point   -0.665   2.962 -23.801
  closest atom surface   21.052   H   81  X    0
  2nd closest surface    21.052   H9  81  X    0
  found on step  969
  no. of rejections          165
 stored as  -119

 highest radius point found:
  at point   -0.862   1.009 -24.001
  closest atom surface   21.267   H9  81  X    0
  2nd closest surface    21.268   H19 81  X    0
  found on step    1
 current point:
  at point   -0.711   2.590 -24.001
  closest atom surface   21.240   H21 81  X    0
  2nd closest surface    21.240   H9  81  X    0
  found on step  996
  no. of rejections          168
 stored as  -120

 highest radius point found:
  at point   -0.875   1.051 -24.201
  closest atom surface   21.464   H21 81  X    0
  2nd closest surface    21.464   H9  81  X    0
  found on step  992
  this is also current point
  no. of rejections          180
 stored as  -121

 highest radius point found:
  at point   -0.892   1.042 -24.401
  closest atom surface   21.660   H21 81  X    0
  2nd closest surface    21.661   H19 81  X    0
  found on step   10
 current point:
  at point   -0.506   3.502 -24.401
  closest atom surface   21.646   H9  81  X    0
  2nd closest surface    21.646   H   81  X    0
  found on step  988
  no. of rejections          161
 stored as  -122

 highest radius point found:
  at point   -0.892   1.042 -24.601
  closest atom surface   21.857   H19 81  X    0
  2nd closest surface    21.858   H21 81  X    0
  found on step    1
 current point:
  at point   -0.521   0.314 -24.601
  closest atom surface   21.825   H9  81  X    0
  2nd closest surface    21.825   H19 81  X    0
  found on step  963
  no. of rejections          172
 stored as  -123

 highest radius point found:
  at point   -0.890   1.062 -24.801
  closest atom surface   22.055   H9  81  X    0
  2nd closest surface    22.055   H21 81  X    0
  found on step  980
  this is also current point
  no. of rejections          171
 This is an end! (radius above  22.0 angs)
 
 N.b. Graph information routine (HOGRAP) differs 
        markedly from previous versions!
       Information now is written from -ve end
       to +ve in one pass
 
 Explanation of the meaning of each column: 
 First column "cenxyz.cvec" is the coordinate in the
   direction of the channel vector i.e. if the channel
   vector is in z (0 0 1) then it is the z coordinate.
 The second column "radius" is the hole pore radius 
   (as defined in the Biophys J 1993) article).
 The third column "cen_line_D" is the distance 
   measured along the pore centre line - with the 
   first point found set to zero. This was the first
   thing that I used to measure the distance along a pore
   but "cenxyz.cvec" is a much better general measure. 
   However, by comparing changes in this distance to changes in '   "cenxyz.cvec" one can get a measure of how straight a 
   channel is.
 The fourth column "sum{s/(area)}" is useful in conductance
   prediction -
   basically it is the sum of the thickness of each slab
   divided by its area. HOLE uses this measure to estimate
   the macroscopic conductance of a channel.
 If any of this worries you one can see the "raw" results
   of a standard hole run by producing a sphpdb file and 
    directly looking at the results.
 cenxyz.cvec      radius  cen_line_D sum{s/(area point sourc
   -24.60081    21.85709   -24.77632     0.00007   (sampled)
   -24.50081    21.75888   -24.67632     0.00013 (mid-point)
   -24.40081    21.66030   -24.57632     0.00020   (sampled)
   -24.30081    21.56214   -24.47583     0.00027 (mid-point)
   -24.20081    21.46400   -24.37535     0.00034   (sampled)
   -24.10081    21.36549   -24.27293     0.00041 (mid-point)
   -24.00081    21.26695   -24.17052     0.00048   (sampled)
   -23.90081    21.16902   -24.07052     0.00055 (mid-point)
   -23.80081    21.07110   -23.97052     0.00062   (sampled)
   -23.70081    20.97321   -23.87052     0.00069 (mid-point)
   -23.60081    20.87512   -23.77052     0.00077   (sampled)
   -23.50081    20.77623   -23.66958     0.00084 (mid-point)
   -23.40081    20.67715   -23.56864     0.00092   (sampled)
   -23.30081    20.57926   -23.46860     0.00099 (mid-point)
   -23.20081    20.48139   -23.36856     0.00107   (sampled)
   -23.10081    20.38359   -23.26850     0.00114 (mid-point)
   -23.00081    20.28580   -23.16844     0.00122   (sampled)
   -22.90081    20.18785   -23.06819     0.00130 (mid-point)
   -22.80081    20.08986   -22.96793     0.00138   (sampled)
   -22.70081    19.99135   -22.86735     0.00146 (mid-point)
   -22.60081    19.89271   -22.76677     0.00154   (sampled)
   -22.50081    19.79503   -22.66677     0.00162 (mid-point)
   -22.40081    19.69738   -22.56677     0.00170   (sampled)
   -22.30081    19.59908   -22.46647     0.00178 (mid-point)
   -22.20081    19.50079   -22.36618     0.00187   (sampled)
   -22.10081    19.40320   -22.26618     0.00195 (mid-point)
   -22.00081    19.30562   -22.16618     0.00204   (sampled)
   -21.90081    19.20732   -22.06563     0.00212 (mid-point)
   -21.80081    19.10902   -21.96508     0.00221   (sampled)
   -21.70081    19.01152   -21.86508     0.00230 (mid-point)
   -21.60081    18.91405   -21.76508     0.00239   (sampled)
   -21.50081    18.81618   -21.66490     0.00248 (mid-point)
   -21.40081    18.71834   -21.56471     0.00257   (sampled)
   -21.30081    18.61987   -21.46391     0.00266 (mid-point)
   -21.20081    18.52141   -21.36310     0.00275   (sampled)
   -21.10081    18.42405   -21.26310     0.00285 (mid-point)
   -21.00081    18.32672   -21.16310     0.00294   (sampled)
   -20.90081    18.22941   -21.06310     0.00304 (mid-point)
   -20.80081    18.13202   -20.96310     0.00313   (sampled)
   -20.70081    18.03406   -20.86254     0.00323 (mid-point)
   -20.60081    17.93601   -20.76198     0.00333   (sampled)
   -20.50081    17.83864   -20.66195     0.00343 (mid-point)
   -20.40081    17.74127   -20.56192     0.00353   (sampled)
   -20.30081    17.64390   -20.46190     0.00363 (mid-point)
   -20.20081    17.54654   -20.36189     0.00374   (sampled)
   -20.10081    17.44888   -20.26184     0.00384 (mid-point)
   -20.00081    17.35116   -20.16180     0.00395   (sampled)
   -19.90081    17.25344   -20.06076     0.00406 (mid-point)
   -19.80081    17.15574   -19.95971     0.00416   (sampled)
   -19.70081    17.05877   -19.85971     0.00427 (mid-point)
   -19.60081    16.96183   -19.75971     0.00438   (sampled)
   -19.50081    16.86472   -19.65970     0.00450 (mid-point)
   -19.40081    16.76709   -19.55969     0.00461   (sampled)
   -19.30081    16.66983   -19.45911     0.00472 (mid-point)
   -19.20081    16.57207   -19.35853     0.00484   (sampled)
   -19.10081    16.47529   -19.25853     0.00496 (mid-point)
   -19.00081    16.37855   -19.15853     0.00508   (sampled)
   -18.90081    16.28119   -19.05850     0.00520 (mid-point)
   -18.80081    16.18387   -18.95846     0.00532   (sampled)
   -18.70081    16.08679   -18.85742     0.00544 (mid-point)
   -18.60081    15.98966   -18.75638     0.00556   (sampled)
   -18.50081    15.89278   -18.65633     0.00569 (mid-point)
   -18.40081    15.79595   -18.55629     0.00582   (sampled)
   -18.30081    15.69922   -18.45629     0.00595 (mid-point)
   -18.20081    15.60249   -18.35629     0.00608   (sampled)
   -18.10081    15.50552   -18.25545     0.00621 (mid-point)
   -18.00081    15.40791   -18.15462     0.00634   (sampled)
   -17.90081    15.31129   -18.05461     0.00648 (mid-point)
   -17.80081    15.21472   -17.95461     0.00662   (sampled)
   -17.70081    15.11848   -17.85461     0.00676 (mid-point)
   -17.60081    15.02215   -17.75461     0.00690   (sampled)
   -17.50081    14.92576   -17.65421     0.00704 (mid-point)
   -17.40081    14.82863   -17.55381     0.00719   (sampled)
   -17.30081    14.73234   -17.45360     0.00733 (mid-point)
   -17.20081    14.63563   -17.35340     0.00748   (sampled)
   -17.10081    14.53966   -17.25340     0.00763 (mid-point)
   -17.00081    14.44351   -17.15340     0.00778   (sampled)
   -16.90081    14.34720   -17.05330     0.00794 (mid-point)
   -16.80081    14.25092   -16.95320     0.00810   (sampled)
   -16.70081    14.15475   -16.85296     0.00825 (mid-point)
   -16.60081    14.05859   -16.75273     0.00842   (sampled)
   -16.50081    13.96244   -16.65256     0.00858 (mid-point)
   -16.40081    13.86634   -16.55239     0.00874   (sampled)
   -16.30081    13.76979   -16.45229     0.00891 (mid-point)
   -16.20081    13.67328   -16.35218     0.00908   (sampled)
   -16.10081    13.57783   -16.25218     0.00925 (mid-point)
   -16.00081    13.48199   -16.15218     0.00943   (sampled)
   -15.90081    13.38673   -16.05143     0.00961 (mid-point)
   -15.80081    13.29099   -15.95067     0.00979   (sampled)
   -15.70081    13.19548   -15.85066     0.00997 (mid-point)
   -15.60081    13.09995   -15.75065     0.01016   (sampled)
   -15.50081    13.00433   -15.65023     0.01034 (mid-point)
   -15.40081    12.90878   -15.54981     0.01054   (sampled)
   -15.30081    12.81332   -15.44971     0.01073 (mid-point)
   -15.20081    12.71793   -15.34960     0.01093   (sampled)
   -15.10081    12.62298   -15.24956     0.01113 (mid-point)
   -15.00081    12.52785   -15.14953     0.01133   (sampled)
   -14.90081    12.43280   -15.04950     0.01153 (mid-point)
   -14.80081    12.33758   -14.94948     0.01174   (sampled)
   -14.70081    12.24296   -14.84920     0.01196 (mid-point)
   -14.60081    12.14779   -14.74893     0.01217   (sampled)
   -14.50081    12.05265   -14.64815     0.01239 (mid-point)
   -14.40081    11.95755   -14.54737     0.01261   (sampled)
   -14.30081    11.86311   -14.44737     0.01284 (mid-point)
   -14.20081    11.76870   -14.34737     0.01307   (sampled)
   -14.10081    11.67440   -14.24721     0.01330 (mid-point)
   -14.00081    11.57989   -14.14706     0.01354   (sampled)
   -13.90081    11.48455   -14.04635     0.01378 (mid-point)
   -13.80081    11.38929   -13.94565     0.01403   (sampled)
   -13.70081    11.29564   -13.84565     0.01428 (mid-point)
   -13.60081    11.20209   -13.74565     0.01453   (sampled)
   -13.50081    11.10864   -13.64565     0.01479 (mid-point)
   -13.40081    11.01530   -13.54565     0.01505   (sampled)
   -13.30081    10.92163   -13.44564     0.01532 (mid-point)
   -13.20081    10.82807   -13.34563     0.01559   (sampled)
   -13.10081    10.73464   -13.24538     0.01586 (mid-point)
   -13.00081    10.64131   -13.14512     0.01615   (sampled)
   -12.90081    10.54712   -13.04510     0.01643 (mid-point)
   -12.80081    10.45303   -12.94507     0.01672   (sampled)
   -12.70081    10.36176   -12.84405     0.01702 (mid-point)
   -12.60081    10.26790   -12.74302     0.01732   (sampled)
   -12.50081    10.17559   -12.64302     0.01763 (mid-point)
   -12.40081    10.08341   -12.54302     0.01794   (sampled)
   -12.30081     9.99088   -12.44283     0.01826 (mid-point)
   -12.20081     9.89708   -12.34264     0.01859   (sampled)
   -12.10081     9.80623   -12.24242     0.01892 (mid-point)
   -12.00081     9.71367   -12.14221     0.01925   (sampled)
   -11.90081     9.62215   -12.04212     0.01960 (mid-point)
   -11.80081     9.53079   -11.94202     0.01995   (sampled)
   -11.70081     9.43850   -11.84167     0.02031 (mid-point)
   -11.60081     9.34637   -11.74132     0.02067   (sampled)
   -11.50081     9.25551   -11.64132     0.02104 (mid-point)
   -11.40081     9.16454   -11.54132     0.02142   (sampled)
   -11.30081     9.07375   -11.44083     0.02181 (mid-point)
   -11.20081     8.98232   -11.34034     0.02220   (sampled)
   -11.10081     8.89217   -11.24033     0.02260 (mid-point)
   -11.00081     8.80157   -11.14032     0.02302   (sampled)
   -10.90081     8.71077   -11.03959     0.02344 (mid-point)
   -10.80081     8.62007   -10.93886     0.02386   (sampled)
   -10.70081     8.53068   -10.83886     0.02430 (mid-point)
   -10.60081     8.44151   -10.73886     0.02475   (sampled)
   -10.50081     8.35179   -10.63876     0.02520 (mid-point)
   -10.40081     8.26228   -10.53867     0.02567   (sampled)
   -10.30081     8.17290   -10.43841     0.02615 (mid-point)
   -10.20081     8.08250   -10.33816     0.02663   (sampled)
   -10.10081     7.99378   -10.23680     0.02713 (mid-point)
   -10.00081     7.90533   -10.13543     0.02764   (sampled)
    -9.90081     7.81655   -10.03326     0.02816 (mid-point)
    -9.80081     7.72785    -9.93108     0.02870   (sampled)
    -9.70081     7.63928    -9.82885     0.02924 (mid-point)
    -9.60081     7.55080    -9.72662     0.02980   (sampled)
    -9.50081     7.46259    -9.62449     0.03037 (mid-point)
    -9.40081     7.37471    -9.52236     0.03096   (sampled)
    -9.30081     7.28784    -9.42212     0.03156 (mid-point)
    -9.20081     7.19962    -9.32187     0.03217   (sampled)
    -9.10081     7.11002    -9.22127     0.03280 (mid-point)
    -9.00081     7.02069    -9.12066     0.03345   (sampled)
    -8.90081     6.93170    -9.01961     0.03411 (mid-point)
    -8.80081     6.84295    -8.91857     0.03479   (sampled)
    -8.70081     6.75425    -8.81792     0.03549 (mid-point)
    -8.60081     6.66581    -8.71726     0.03620   (sampled)
    -8.50081     6.57887    -8.61547     0.03694 (mid-point)
    -8.40081     6.49103    -8.51367     0.03769   (sampled)
    -8.30081     6.40420    -8.41279     0.03847 (mid-point)
    -8.20081     6.31727    -8.31191     0.03927   (sampled)
    -8.10081     6.23090    -8.21126     0.04009 (mid-point)
    -8.00081     6.14428    -8.11061     0.04093   (sampled)
    -7.90081     6.05847    -8.00977     0.04180 (mid-point)
    -7.80081     5.97249    -7.90893     0.04269   (sampled)
    -7.70081     5.88765    -7.80746     0.04361 (mid-point)
    -7.60081     5.80325    -7.70599     0.04455   (sampled)
    -7.50081     5.71832    -7.60481     0.04553 (mid-point)
    -7.40081     5.63301    -7.50363     0.04653   (sampled)
    -7.30081     5.54883    -7.40304     0.04756 (mid-point)
    -7.20081     5.46396    -7.30245     0.04863   (sampled)
    -7.10081     5.37999    -7.20147     0.04973 (mid-point)
    -7.00081     5.29532    -7.10049     0.05086   (sampled)
    -6.90081     5.21139    -6.99970     0.05204 (mid-point)
    -6.80081     5.12641    -6.89890     0.05325   (sampled)
    -6.70081     5.04196    -6.79887     0.05450 (mid-point)
    -6.60081     4.95785    -6.69884     0.05579   (sampled)
    -6.50081     4.87426    -6.58910     0.05713 (mid-point)
    -6.40081     4.79136    -6.47935     0.05852   (sampled)
    -6.30081     4.70904    -6.37766     0.05996 (mid-point)
    -6.20081     4.62735    -6.27597     0.06144   (sampled)
    -6.10081     4.54622    -6.17318     0.06298 (mid-point)
    -6.00081     4.46583    -6.07038     0.06458   (sampled)
    -5.90081     4.38610    -5.96979     0.06623 (mid-point)
    -5.80081     4.30613    -5.86920     0.06795   (sampled)
    -5.70081     4.22841    -5.76245     0.06973 (mid-point)
    -5.60081     4.15159    -5.65570     0.07158   (sampled)
    -5.50081     4.07513    -5.55457     0.07349 (mid-point)
    -5.40081     3.99943    -5.45344     0.07548   (sampled)
    -5.30081     3.92459    -5.34854     0.07755 (mid-point)
    -5.20081     3.85052    -5.24363     0.07970   (sampled)
    -5.10081     3.77823    -5.14145     0.08193 (mid-point)
    -5.00081     3.70676    -5.03927     0.08424   (sampled)
    -4.90081     3.63628    -4.93642     0.08665 (mid-point)
    -4.80081     3.56632    -4.83356     0.08915   (sampled)
    -4.70081     3.49774    -4.73107     0.09176 (mid-point)
    -4.60081     3.43026    -4.62858     0.09446   (sampled)
    -4.50081     3.36342    -4.52735     0.09727 (mid-point)
    -4.40081     3.29703    -4.42612     0.10020   (sampled)
    -4.30081     3.22680    -4.32472     0.10326 (mid-point)
    -4.20081     3.15694    -4.22332     0.10645   (sampled)
    -4.10081     3.08846    -4.12304     0.10979 (mid-point)
    -4.00081     3.02078    -4.02275     0.11328   (sampled)
    -3.90081     2.95423    -3.92238     0.11693 (mid-point)
    -3.80081     2.88873    -3.82202     0.12074   (sampled)
    -3.70081     2.82379    -3.72168     0.12473 (mid-point)
    -3.60081     2.76012    -3.62134     0.12891   (sampled)
    -3.50081     2.69820    -3.52122     0.13328 (mid-point)
    -3.40081     2.63765    -3.42110     0.13786   (sampled)
    -3.30081     2.57882    -3.32092     0.14264 (mid-point)
    -3.20081     2.52149    -3.22075     0.14765   (sampled)
    -3.10081     2.46630    -3.12057     0.15288 (mid-point)
    -3.00081     2.41266    -3.02038     0.15835   (sampled)
    -2.90081     2.35995    -2.92031     0.16407 (mid-point)
    -2.80081     2.30899    -2.82023     0.17004   (sampled)
    -2.70081     2.26019    -2.72014     0.17627 (mid-point)
    -2.60081     2.21327    -2.62004     0.18277   (sampled)
    -2.50081     2.16763    -2.51941     0.18954 (mid-point)
    -2.40081     2.12352    -2.41877     0.19660   (sampled)
    -2.30081     2.08322    -2.31873     0.20394 (mid-point)
    -2.20081     2.04400    -2.21869     0.21155   (sampled)
    -2.10081     2.00473    -2.11867     0.21947 (mid-point)
    -2.00081     1.96701    -2.01865     0.22770   (sampled)
    -1.90081     1.92699    -1.91739     0.23627 (mid-point)
    -1.80081     1.88994    -1.81614     0.24519   (sampled)
    -1.70081     1.85383    -1.71559     0.25445 (mid-point)
    -1.60081     1.82081    -1.61504     0.26405   (sampled)
    -1.50081     1.79073    -1.51398     0.27397 (mid-point)
    -1.40081     1.76185    -1.41292     0.28423   (sampled)
    -1.30081     1.73717    -1.31212     0.29478 (mid-point)
    -1.20081     1.71517    -1.21132     0.30560   (sampled)
    -1.10081     1.69624    -1.11075     0.31666 (mid-point)
    -1.00081     1.68036    -1.01017     0.32793   (sampled)
    -0.90081     1.66804    -0.90924     0.33937 (mid-point)
    -0.80081     1.65822    -0.80830     0.35095   (sampled)
    -0.70081     1.65187    -0.70586     0.36262 (mid-point)
    -0.60081     1.64851    -0.60343     0.37433   (sampled)
    -0.50081     1.64419    -0.50306     0.38610 (mid-point)
    -0.40081     1.64184    -0.40268     0.39791   (sampled)
    -0.30081     1.63928    -0.30205     0.40976 (mid-point)
    -0.20081     1.64055    -0.20142     0.42158   (sampled)
    -0.10081     1.64580    -0.10071     0.43334 (mid-point)
    -0.00081     1.65397    -0.00000     0.44497   (sampled)
     0.09919     1.66633     0.10281     0.45643 (mid-point)
     0.19919     1.68258     0.20563     0.46768   (sampled)
     0.29919     1.70170     0.34932     0.47867 (mid-point)
     0.39919     1.72789     0.49300     0.48933   (sampled)
     0.49919     1.75635     0.59713     0.49965 (mid-point)
     0.59919     1.78715     0.70126     0.50962   (sampled)
     0.69919     1.82308     0.80277     0.51919 (mid-point)
     0.79919     1.86182     0.90427     0.52838   (sampled)
     0.89919     1.90441     1.01464     0.53715 (mid-point)
     0.99919     1.95051     1.12501     0.54552   (sampled)
     1.09919     1.99860     1.22859     0.55349 (mid-point)
     1.19919     2.04944     1.33217     0.56107   (sampled)
     1.29919     2.10403     1.43555     0.56826 (mid-point)
     1.39919     2.16042     1.53893     0.57508   (sampled)
     1.49919     2.21927     1.64332     0.58154 (mid-point)
     1.59919     2.28038     1.74772     0.58766   (sampled)
     1.69919     2.34122     1.84901     0.59347 (mid-point)
     1.79919     2.40399     1.95030     0.59898   (sampled)
     1.89919     2.46658     2.05102     0.60421 (mid-point)
     1.99919     2.53062     2.15174     0.60918   (sampled)
     2.09919     2.59680     2.25232     0.61390 (mid-point)
     2.19919     2.66424     2.35289     0.61838   (sampled)
     2.29919     2.72886     2.46167     0.62266 (mid-point)
     2.39919     2.79549     2.57044     0.62673   (sampled)
     2.49919     2.86416     2.67854     0.63061 (mid-point)
     2.59919     2.93460     2.78663     0.63431   (sampled)
     2.69919     3.00653     2.89646     0.63783 (mid-point)
     2.79919     3.08014     3.00629     0.64118   (sampled)
     2.89919     3.15554     3.11548     0.64438 (mid-point)
     2.99919     3.23205     3.22467     0.64743   (sampled)
     3.09919     3.30423     3.33289     0.65034 (mid-point)
     3.19919     3.37747     3.44110     0.65313   (sampled)
     3.29919     3.43720     3.55485     0.65583 (mid-point)
     3.39919     3.49901     3.66861     0.65843   (sampled)
     3.49919     3.56259     3.79838     0.66094 (mid-point)
     3.59919     3.62843     3.92815     0.66335   (sampled)
     3.69919     3.68850     4.02895     0.66569 (mid-point)
     3.79919     3.74973     4.12976     0.66796   (sampled)
     3.89919     3.79647     4.22995     0.67017 (mid-point)
     3.99919     3.84434     4.33014     0.67232   (sampled)
     4.09919     3.89310     4.43048     0.67442 (mid-point)
     4.19919     3.94295     4.53082     0.67647   (sampled)
     4.29919     3.99544     4.63101     0.67846 (mid-point)
     4.39919     4.04812     4.73120     0.68040   (sampled)
     4.49919     4.10247     4.83152     0.68230 (mid-point)
     4.59919     4.15724     4.93183     0.68414   (sampled)
     4.69919     4.21370     5.03213     0.68593 (mid-point)
     4.79919     4.27128     5.13243     0.68767   (sampled)
     4.89919     4.33021     5.23265     0.68937 (mid-point)
     4.99919     4.39006     5.33287     0.69102   (sampled)
     5.09919     4.45084     5.43314     0.69263 (mid-point)
     5.19919     4.51262     5.53341     0.69419   (sampled)
     5.29919     4.57496     5.63378     0.69571 (mid-point)
     5.39919     4.63810     5.73415     0.69719   (sampled)
     5.49919     4.70216     5.83455     0.69863 (mid-point)
     5.59919     4.76661     5.93496     0.70003   (sampled)
     5.69919     4.83413     6.03515     0.70140 (mid-point)
     5.79919     4.90018     6.13534     0.70272   (sampled)
     5.89919     4.96943     6.23568     0.70401 (mid-point)
     5.99919     5.03933     6.33603     0.70526   (sampled)
     6.09919     5.10855     6.43628     0.70648 (mid-point)
     6.19919     5.17841     6.53654     0.70767   (sampled)
     6.29919     5.24879     6.63687     0.70883 (mid-point)
     6.39919     5.31938     6.73720     0.70995   (sampled)
     6.49919     5.39264     6.83762     0.71105 (mid-point)
     6.59919     5.46654     6.93804     0.71211   (sampled)
     6.69919     5.54013     7.03816     0.71315 (mid-point)
     6.79919     5.61407     7.13829     0.71416   (sampled)
     6.89919     5.68954     7.23866     0.71514 (mid-point)
     6.99919     5.76554     7.33903     0.71610   (sampled)
     7.09919     5.84134     7.43931     0.71703 (mid-point)
     7.19919     5.91762     7.53959     0.71794   (sampled)
     7.29919     5.99507     7.63989     0.71883 (mid-point)
     7.39919     6.07146     7.74020     0.71969   (sampled)
     7.49919     6.15059     7.84052     0.72053 (mid-point)
     7.59919     6.22884     7.94083     0.72135   (sampled)
     7.69919     6.30785     8.04110     0.72215 (mid-point)
     7.79919     6.38732     8.14138     0.72293   (sampled)
     7.89919     6.46765     8.24160     0.72369 (mid-point)
     7.99919     6.54841     8.34182     0.72444   (sampled)
     8.09919     6.62963     8.44205     0.72516 (mid-point)
     8.19919     6.71079     8.54229     0.72587   (sampled)
     8.29919     6.79154     8.64299     0.72656 (mid-point)
     8.39919     6.87255     8.74370     0.72723   (sampled)
     8.49919     6.95563     8.84390     0.72789 (mid-point)
     8.59919     7.03864     8.94409     0.72853   (sampled)
     8.69919     7.12234     9.04440     0.72916 (mid-point)
     8.79919     7.20639     9.14470     0.72977   (sampled)
     8.89919     7.28951     9.24521     0.73037 (mid-point)
     8.99919     7.37297     9.34572     0.73096   (sampled)
     9.09919     7.45846     9.44581     0.73153 (mid-point)
     9.19919     7.54308     9.54590     0.73209   (sampled)
     9.29919     7.62844     9.64668     0.73264 (mid-point)
     9.39919     7.71252     9.74746     0.73317   (sampled)
     9.49919     7.79887     9.84763     0.73369 (mid-point)
     9.59919     7.88505     9.94780     0.73421   (sampled)
     9.69919     7.97178    10.04792     0.73471 (mid-point)
     9.79919     8.05737    10.14805     0.73520   (sampled)
     9.89919     8.14468    10.24898     0.73568 (mid-point)
     9.99919     8.23084    10.34990     0.73615   (sampled)
    10.09919     8.31881    10.45001     0.73661 (mid-point)
    10.19919     8.40697    10.55011     0.73706   (sampled)
    10.29919     8.49497    10.65028     0.73750 (mid-point)
    10.39919     8.58253    10.75046     0.73793   (sampled)
    10.49919     8.67082    10.85087     0.73835 (mid-point)
    10.59919     8.75932    10.95128     0.73877   (sampled)
    10.69919     8.84787    11.05153     0.73917 (mid-point)
    10.79919     8.93662    11.15179     0.73957   (sampled)
    10.89919     9.02528    11.25212     0.73996 (mid-point)
    10.99919     9.11385    11.35246     0.74035   (sampled)
    11.09919     9.20332    11.45271     0.74072 (mid-point)
    11.19919     9.29298    11.55297     0.74109   (sampled)
    11.29919     9.38307    11.65326     0.74145 (mid-point)
    11.39919     9.47334    11.75356     0.74181   (sampled)
    11.49919     9.56328    11.85384     0.74216 (mid-point)
    11.59919     9.65339    11.95413     0.74250   (sampled)
    11.69919     9.74408    12.05429     0.74283 (mid-point)
    11.79919     9.83488    12.15445     0.74316   (sampled)
    11.89919     9.92545    12.25506     0.74349 (mid-point)
    11.99919    10.01572    12.35568     0.74380   (sampled)
    12.09919    10.10749    12.45579     0.74411 (mid-point)
    12.19919    10.19918    12.55591     0.74442   (sampled)
    12.29919    10.29023    12.65625     0.74472 (mid-point)
    12.39919    10.38122    12.75660     0.74502   (sampled)
    12.49919    10.47355    12.85682     0.74531 (mid-point)
    12.59919    10.56502    12.95704     0.74559   (sampled)
    12.69919    10.65658    13.05771     0.74587 (mid-point)
    12.79919    10.74805    13.15837     0.74615   (sampled)
    12.89919    10.84101    13.25845     0.74642 (mid-point)
    12.99919    10.93165    13.35853     0.74668   (sampled)
    13.09919    11.02480    13.45893     0.74695 (mid-point)
    13.19919    11.11806    13.55932     0.74720   (sampled)
    13.29919    11.21051    13.65964     0.74746 (mid-point)
    13.39919    11.30275    13.75997     0.74771   (sampled)
    13.49919    11.39581    13.86052     0.74795 (mid-point)
    13.59919    11.48897    13.96108     0.74819   (sampled)
    13.69919    11.58177    14.06110     0.74843 (mid-point)
    13.79919    11.67432    14.16113     0.74866   (sampled)
    13.89919    11.76833    14.26173     0.74889 (mid-point)
    13.99919    11.86221    14.36232     0.74912   (sampled)
    14.09919    11.95519    14.46264     0.74934 (mid-point)
    14.19919    12.04828    14.56296     0.74956   (sampled)
    14.29919    12.14243    14.66320     0.74978 (mid-point)
    14.39919    12.23657    14.76344     0.74999   (sampled)
    14.49919    12.33018    14.86381     0.75020 (mid-point)
    14.59919    12.42378    14.96418     0.75041   (sampled)
    14.69919    12.51809    15.06434     0.75061 (mid-point)
    14.79919    12.61248    15.16449     0.75081   (sampled)
    14.89919    12.70583    15.26487     0.75101 (mid-point)
    14.99919    12.79899    15.36524     0.75120   (sampled)
    15.09919    12.89200    15.46589     0.75139 (mid-point)
    15.19919    12.98504    15.56654     0.75158   (sampled)
    15.29919    13.07829    15.66678     0.75177 (mid-point)
    15.39919    13.17158    15.76702     0.75195   (sampled)
    15.49919    13.26480    15.86755     0.75213 (mid-point)
    15.59919    13.35811    15.96807     0.75231   (sampled)
    15.69919    13.45197    16.06841     0.75249 (mid-point)
    15.79919    13.54565    16.16874     0.75266   (sampled)
    15.89919    13.63959    16.27007     0.75283 (mid-point)
    15.99919    13.73362    16.37139     0.75300   (sampled)
    16.09919    13.82770    16.47178     0.75316 (mid-point)
    16.19919    13.92186    16.57216     0.75333   (sampled)
    16.29919    14.01561    16.67289     0.75349 (mid-point)
    16.39919    14.10916    16.77363     0.75365   (sampled)
    16.49919    14.20411    16.87398     0.75381 (mid-point)
    16.59919    14.29870    16.97434     0.75396   (sampled)
    16.69919    14.39334    17.07500     0.75412 (mid-point)
    16.79919    14.48763    17.17567     0.75427   (sampled)
    16.89919    14.58184    17.27609     0.75442 (mid-point)
    16.99919    14.67612    17.37652     0.75457   (sampled)
    17.09919    14.77125    17.47724     0.75471 (mid-point)
    17.19919    14.86645    17.57795     0.75486   (sampled)
    17.29919    14.96090    17.67799     0.75500 (mid-point)
    17.39919    15.05543    17.77804     0.75514   (sampled)
    17.49919    15.15092    17.88005     0.75528 (mid-point)
    17.59919    15.24648    17.98206     0.75542   (sampled)
    17.69919    15.34124    18.08211     0.75555 (mid-point)
    17.79919    15.43596    18.18216     0.75568   (sampled)
    17.89919    15.53135    18.28424     0.75582 (mid-point)
    17.99919    15.62673    18.38633     0.75595   (sampled)
    18.09919    15.72188    18.48636     0.75608 (mid-point)
    18.19919    15.81708    18.58640     0.75620   (sampled)
    18.29919    15.91277    18.68822     0.75633 (mid-point)
    18.39919    16.00816    18.79004     0.75645   (sampled)
    18.49919    16.10416    18.89004     0.75658 (mid-point)
    18.59919    16.19927    18.99004     0.75670   (sampled)
    18.69919    16.29568    19.09176     0.75682 (mid-point)
    18.79919    16.39184    19.19349     0.75694   (sampled)
    18.89919    16.48757    19.29379     0.75705 (mid-point)
    18.99919    16.58325    19.39408     0.75717   (sampled)
    19.09919    16.67919    19.49483     0.75728 (mid-point)
    19.19919    16.77518    19.59558     0.75740   (sampled)
    19.29919    16.87094    19.69572     0.75751 (mid-point)
    19.39919    16.96631    19.79586     0.75762   (sampled)
    19.49919    17.06319    19.89725     0.75773 (mid-point)
    19.59919    17.15926    19.99864     0.75784   (sampled)
    19.69919    17.25566    20.09908     0.75794 (mid-point)
    19.79919    17.35200    20.19952     0.75805   (sampled)
    19.89919    17.44815    20.30020     0.75815 (mid-point)
    19.99919    17.54435    20.40088     0.75826   (sampled)
    20.09919    17.64071    20.50116     0.75836 (mid-point)
    20.19919    17.73711    20.60144     0.75846   (sampled)
    20.29919    17.83364    20.70238     0.75856 (mid-point)
    20.39919    17.92999    20.80333     0.75866   (sampled)
    20.49919    18.02665    20.90370     0.75876 (mid-point)
    20.59919    18.12312    21.00406     0.75885   (sampled)
    20.69919    18.21834    21.10406     0.75895 (mid-point)
    20.79919    18.31360    21.20406     0.75904   (sampled)
    20.89919    18.41196    21.30666     0.75914 (mid-point)
    20.99919    18.50956    21.40925     0.75923   (sampled)
    21.09919    18.60606    21.50993     0.75932 (mid-point)
    21.19919    18.70259    21.61062     0.75941   (sampled)
    21.29919    18.79937    21.71062     0.75950 (mid-point)
    21.39919    18.89612    21.81062     0.75959   (sampled)
    21.49919    18.99219    21.91498     0.75968 (mid-point)
    21.59919    19.08834    22.01933     0.75977   (sampled)
    21.69919    19.18665    22.11983     0.75986 (mid-point)
    21.79919    19.28488    22.22032     0.75994   (sampled)
    21.89919    19.38181    22.32106     0.76003 (mid-point)
    21.99919    19.47859    22.42180     0.76011   (sampled)
    22.09919    19.57575    22.52229     0.76019 (mid-point)
    22.19919    19.67289    22.62277     0.76027   (sampled)
    22.29919    19.77010    22.72318     0.76036 (mid-point)
    22.39919    19.86734    22.82358     0.76044   (sampled)
    22.49919    19.96471    22.92432     0.76052 (mid-point)
    22.59919    20.06175    23.02506     0.76060   (sampled)
    22.69919    20.15901    23.12558     0.76067 (mid-point)
    22.79919    20.25631    23.22611     0.76075   (sampled)
    22.89919    20.35366    23.32662     0.76083 (mid-point)
    22.99919    20.45085    23.42713     0.76090   (sampled)
    23.09919    20.54833    23.52778     0.76098 (mid-point)
    23.19919    20.64563    23.62843     0.76105   (sampled)
    23.29919    20.74307    23.72899     0.76113 (mid-point)
    23.39919    20.84052    23.82955     0.76120   (sampled)
    23.49919    20.93839    23.92980     0.76127 (mid-point)
    23.59919    21.03541    24.03005     0.76135   (sampled)
    23.69919    21.13328    24.13052     0.76142 (mid-point)
    23.79919    21.23038    24.23099     0.76149   (sampled)
    23.89919    21.32751    24.33099     0.76156 (mid-point)
    23.99919    21.42380    24.43099     0.76163   (sampled)
    24.09919    21.52282    24.53794     0.76170 (mid-point)
    24.19919    21.61851    24.64488     0.76176   (sampled)
    24.29919    21.71759    24.74488     0.76183 (mid-point)
    24.39919    21.81466    24.84488     0.76190   (sampled)

 Minimum radius found:      1.639 angstroms.



 For spherical probe approach, The geometric factor
         F= sum(ds/area) along channel is    0.762 angstroms**-1
 This yields a macroscopic predicted molar conductance of:
   (1/rho)*(100/F)= (130/rho) pS,
   where rho is the conductivity of 1M permeant ion in ohm m.
 N.B. this is a macroscopic conductance - an overestimate 
 Empirically corrected conductances currently only available
 With the CAPSULE option (although its not that stable!)
 For 1M KCl rho= 1/12 (ohm m), So Gmacro= 1600 pS/M.
  (TAG      1   Rmin=     1.63928   Gmacro=  1575.01233 Conn_Gmacro=    -1.00000 ).
 HOLE: normal completion
