 *** Program HOLE ***
 
 If results of this run are reported or published, please
 cite the publication listed below.
 For the HOLE program:
   Smart, O.S., Goodfellow, J.M., Wallace, B.A. (1993). 
   The pore dimensions of gramicidin A. 
   Biophys. J., 65, 2455-2460.
 
 Originally written by Oliver Smart at Birkbeck College from April 1992.
 Copyright 1993-2005 Oliver Smart
 Copyright 2014-2015 SmartSci Limited.
 Copyright 2016 Oliver Smart.
 
 For help on HOLE suite see  http://www.holeprogram.org/
 
 HOLE release 2.2.005 (07 August 2016) 
 
 usage subject to Apache License, Version 2.0 
 see http://www.apache.org/licenses/LICENSE-2.0 

 Control variables read:

! Input file for Oliver Smart's HOLE program
! written by MDAnalysis.analysis.hole2.HoleAnalysis
! for a Universe
! u = mda.Universe(host_174.mol2
!    host_174.mol2
!   )
! Frame 0

COORD  /tmp/tmp4vdjfcd7.pdb
RADIUS simple2.rad
SPHPDB hole000.sph
SAMPLE 0.200000
ENDRAD 22.000000
IGNORE SOL WAT TIP HOH K   NA  CL
SHORTO 0
RASEED 31415
CPOINT -0.0050095240 0.0006857104 -0.0016666651


 WARNING have not found a CVECT record - will try to guess
 Input pdb filename read as:    '/tmp/tmp4vdjfcd7.pdb'
 Input vdW radius file read as: 'simple2.rad'
 point in channel:   -0.005   0.001  -0.002
 channel vector:   ************************
 sampling distance between planes:    0.200

 graphics conditions:
 binary plot output file name: NONE
 Dot density:    10
 Draw dots?           T
 Draw close contacts? F
 Draw centre line?    T
 Produce spikes rather than dots? F
 Seed for random number generator:     31415 (0 means value set by program)
 Radius above which a result is regarded as an 'end':  22.000
 Pdb format file for sphere centres: hole000.sph

 Monte Carlo conditions:
  no of steps:  1000
  maximum displacement   0.100 angs
  'kT' initial   0.100 angs
 The spherebox and capsule options are turned off.
 (No molqpt card so will not write qpt file of the molecule)
 IGNORE card read so will ignore residue types: SOL WAT TIP HOH K   NA  CL
 no SHORTO card read so will produce full textual output
 As no PEGRAT card was found will not produce PEG polymer exclusion graph
 (No 2DMAPS card specified so will not produce 2D property maps)
 Have not found a CUT card.  Normal calculation using
   Cutoff lists with a cutsize=       1.000
   (if you wish to turn off option use a CUT -1 card)

 Have read     7 bond radius records and
              16 vdW radius records.
 From file: simple2.rad

 Have read   105 atom records.
 From file: /tmp/tmp4vdjfcd7.pdb
 Will not produce graphical output
 Warning have tried to open file: 'hole000.sph' as NEW but
         this file already exists - old version kept as 'hole000.sph.old'

 Have opened file for pdb format output of sphere centres:  hole000.sph

  Seed integer used by ran # generator on this run      31415

 
 S/R cguess will try to guess CPOINT and/or CVECT
 
 THESE GUESSES MAY WELL BE WRONG!!!!
 Routine relies on having a reasonably symmetric
 channel oriented along x, y or z vector
 YOU ARE STRONGLY ADVISED TO CHECK THE RESULTS
                       WITH MOLECULAR GRAPHICS
 testing points from cpoint in X, Y then Z direction
   point                   pore radius
direction     1
  -5.005   0.001  -0.002    -0.884
  -4.005   0.001  -0.002     0.111
  -3.005   0.001  -0.002     0.989
  -2.005   0.001  -0.002     1.889
  -1.005   0.001  -0.002     2.829
  -0.005   0.001  -0.002     3.722
   0.995   0.001  -0.002     2.935
   1.995   0.001  -0.002     1.993
   2.995   0.001  -0.002     1.089
   3.995   0.001  -0.002     0.119
   4.995   0.001  -0.002    -0.855
 Average pore radius along the line=      1.267
direction     2
  -0.005  -4.999  -0.002    -0.642
  -0.005  -3.999  -0.002    -0.012
  -0.005  -2.999  -0.002     0.852
  -0.005  -1.999  -0.002     1.786
  -0.005  -0.999  -0.002     2.748
  -0.005   0.001  -0.002     3.722
  -0.005   1.001  -0.002     2.981
  -0.005   2.001  -0.002     2.100
  -0.005   3.001  -0.002     1.164
  -0.005   4.001  -0.002     0.263
  -0.005   5.001  -0.002    -0.493
 Average pore radius along the line=      1.315
direction     3
  -0.005   0.001  -5.002     4.378
  -0.005   0.001  -4.002     4.014
  -0.005   0.001  -3.002     3.786
  -0.005   0.001  -2.002     3.718
  -0.005   0.001  -1.002     3.664
  -0.005   0.001  -0.002     3.722
  -0.005   0.001   0.998     3.630
  -0.005   0.001   1.998     3.476
  -0.005   0.001   2.998     3.542
  -0.005   0.001   3.998     3.820
  -0.005   0.001   4.998     4.275
 Average pore radius along the line=      3.820
 Best direction is found to be     3
(1=X,2=Y,3=Z)
 s/r cguess has produced initial values for cpoint &/or cvect:
CPOINT      -0.0050      0.0007     -0.0017
CVECT        0.0000      0.0000      1.0000
 THESE GUESSES MAY WELL BE WRONG!!!!
 Routine relies on having a reasonably symmetric
 channel oriented along x, y or z vector
 YOU ARE STRONGLY ADVISED TO CHECK THE RESULTS
                       WITH MOLECULAR GRAPHICS
 
 
  Some routines (e.g. conn) need vectors normal to cvect: 
     EAST Zero degrees angle is along vector    1.000   0.000   0.000
     NORTH  90 degrees angle is along vector    0.000  -1.000   0.000
 highest radius point found:
  at point    0.037   0.078  -0.002
  closest atom surface    3.794   C1  174 X    0
  2nd closest surface     3.797   C14 174 X    0
  found on step  994
  this is also current point
  no. of rejections          433
 stored as     0

 highest radius point found:
  at point   -0.025   0.086   0.198
  closest atom surface    3.770   C   174 X    0
  2nd closest surface     3.771   C23 174 X    0
  found on step  906
  this is also current point
  no. of rejections          396
 stored as     1

 highest radius point found:
  at point   -0.045   0.086   0.398
  closest atom surface    3.743   C   174 X    0
  2nd closest surface     3.743   C19 174 X    0
  found on step  585
 current point:
  at point   -0.046   0.086   0.398
  closest atom surface    3.742   C19 174 X    0
  2nd closest surface     3.743   C   174 X    0
  found on step  963
  no. of rejections          409
 stored as     2

 highest radius point found:
  at point   -0.048   0.082   0.598
  closest atom surface    3.720   C19 174 X    0
  2nd closest surface     3.721   C   174 X    0
  found on step  940
  this is also current point
  no. of rejections          405
 stored as     3

 highest radius point found:
  at point   -0.049   0.076   0.798
  closest atom surface    3.704   C   174 X    0
  2nd closest surface     3.707   C19 174 X    0
  found on step  793
 current point:
  at point   -0.014   0.069   0.798
  closest atom surface    3.702   C23 174 X    0
  2nd closest surface     3.702   C   174 X    0
  found on step  916
  no. of rejections          400
 stored as     4

 highest radius point found:
  at point   -0.014   0.069   0.998
  closest atom surface    3.689   C23 174 X    0
  2nd closest surface     3.689   H   174 X    0
  found on step  890
  this is also current point
  no. of rejections          397
 stored as     5

 highest radius point found:
  at point   -0.028   0.097   1.198
  closest atom surface    3.662   C23 174 X    0
  2nd closest surface     3.663   H   174 X    0
  found on step  776
 current point:
  at point   -0.029   0.097   1.198
  closest atom surface    3.662   C23 174 X    0
  2nd closest surface     3.663   H   174 X    0
  found on step  883
  no. of rejections          405
 stored as     6

 highest radius point found:
  at point   -0.019   0.115   1.398
  closest atom surface    3.643   H   174 X    0
  2nd closest surface     3.644   C23 174 X    0
  found on step  827
 current point:
  at point    0.016   0.104   1.398
  closest atom surface    3.640   C24 174 X    0
  2nd closest surface     3.643   C23 174 X    0
  found on step  973
  no. of rejections          398
 stored as     7

 highest radius point found:
  at point   -0.016   0.135   1.598
  closest atom surface    3.633   C23 174 X    0
  2nd closest surface     3.633   H   174 X    0
  found on step  766
 current point:
  at point   -0.008   0.133   1.598
  closest atom surface    3.633   C23 174 X    0
  2nd closest surface     3.633   H   174 X    0
  found on step  971
  no. of rejections          398
 stored as     8

 highest radius point found:
  at point   -0.007   0.152   1.798
  closest atom surface    3.631   C23 174 X    0
  2nd closest surface     3.631   H   174 X    0
  found on step  798
 current point:
  at point   -0.009   0.153   1.798
  closest atom surface    3.630   C23 174 X    0
  2nd closest surface     3.631   H   174 X    0
  found on step  961
  no. of rejections          405
 stored as     9

 highest radius point found:
  at point   -0.052   0.189   1.998
  closest atom surface    3.636   C23 174 X    0
  2nd closest surface     3.637   C19 174 X    0
  found on step  991
  this is also current point
  no. of rejections          383
 stored as    10

 highest radius point found:
  at point   -0.042   0.203   2.198
  closest atom surface    3.649   H   174 X    0
  2nd closest surface     3.650   C23 174 X    0
  found on step  747
 current point:
  at point    0.017   0.182   2.198
  closest atom surface    3.648   C24 174 X    0
  2nd closest surface     3.649   H   174 X    0
  found on step  979
  no. of rejections          379
 stored as    11

 highest radius point found:
  at point    0.015   0.199   2.398
  closest atom surface    3.669   O5  174 X    0
  2nd closest surface     3.669   H   174 X    0
  found on step  890
  this is also current point
  no. of rejections          389
 stored as    12

 highest radius point found:
  at point    0.116   0.165   2.598
  closest atom surface    3.684   H   174 X    0
  2nd closest surface     3.686   O5  174 X    0
  found on step  142
 current point:
  at point    0.134   0.156   2.598
  closest atom surface    3.681   O9  174 X    0
  2nd closest surface     3.682   H   174 X    0
  found on step  954
  no. of rejections          387
 stored as    13

 highest radius point found:
  at point    0.118   0.158   2.798
  closest atom surface    3.701   H   174 X    0
  2nd closest surface     3.703   O9  174 X    0
  found on step  733
 current point:
  at point    0.060   0.177   2.798
  closest atom surface    3.697   H   174 X    0
  2nd closest surface     3.698   O5  174 X    0
  found on step  944
  no. of rejections          408
 stored as    14

 highest radius point found:
  at point    0.106   0.160   2.998
  closest atom surface    3.725   O5  174 X    0
  2nd closest surface     3.727   H   174 X    0
  found on step  902
  this is also current point
  no. of rejections          395
 stored as    15

 highest radius point found:
  at point    0.097   0.156   3.198
  closest atom surface    3.756   O5  174 X    0
  2nd closest surface     3.759   O9  174 X    0
  found on step  380
 current point:
  at point    0.097   0.153   3.198
  closest atom surface    3.756   H   174 X    0
  2nd closest surface     3.758   O9  174 X    0
  found on step  970
  no. of rejections          402
 stored as    16

 highest radius point found:
  at point    0.090   0.152   3.398
  closest atom surface    3.793   O9  174 X    0
  2nd closest surface     3.795   O5  174 X    0
  found on step   17
 current point:
  at point    0.008   0.173   3.398
  closest atom surface    3.790   H   174 X    0
  2nd closest surface     3.792   O5  174 X    0
  found on step 1000
  no. of rejections          396
 stored as    17

 highest radius point found:
  at point    0.064   0.151   3.598
  closest atom surface    3.843   O5  174 X    0
  2nd closest surface     3.843   H   174 X    0
  found on step  924
  this is also current point
  no. of rejections          402
 stored as    18

 highest radius point found:
  at point    0.033   0.153   3.798
  closest atom surface    3.895   O5  174 X    0
  2nd closest surface     3.895   H   174 X    0
  found on step  601
 current point:
  at point    0.010   0.159   3.798
  closest atom surface    3.894   H   174 X    0
  2nd closest surface     3.894   O5  174 X    0
  found on step  982
  no. of rejections          391
 stored as    19

 highest radius point found:
  at point   -0.014   0.158   3.998
  closest atom surface    3.954   O5  174 X    0
  2nd closest surface     3.955   H   174 X    0
  found on step  429
 current point:
  at point   -0.103   0.183   3.998
  closest atom surface    3.950   H   174 X    0
  2nd closest surface     3.950   O5  174 X    0
  found on step  985
  no. of rejections          374
 stored as    20

 highest radius point found:
  at point    0.017   0.140   4.198
  closest atom surface    4.024   H   174 X    0
  2nd closest surface     4.026   O5  174 X    0
  found on step  672
 current point:
  at point   -0.084   0.170   4.198
  closest atom surface    4.019   O5  174 X    0
  2nd closest surface     4.020   H   174 X    0
  found on step  922
  no. of rejections          393
 stored as    21

 highest radius point found:
  at point    0.007   0.134   4.398
  closest atom surface    4.099   H   174 X    0
  2nd closest surface     4.101   O5  174 X    0
  found on step  979
  this is also current point
  no. of rejections          386
 stored as    22

 highest radius point found:
  at point   -0.038   0.138   4.598
  closest atom surface    4.178   H   174 X    0
  2nd closest surface     4.180   O5  174 X    0
  found on step  554
 current point:
  at point   -0.187   0.181   4.598
  closest atom surface    4.173   O5  174 X    0
  2nd closest surface     4.173   H   174 X    0
  found on step  907
  no. of rejections          375
 stored as    23

 highest radius point found:
  at point   -0.025   0.125   4.798
  closest atom surface    4.267   H   174 X    0
  2nd closest surface     4.268   O5  174 X    0
  found on step  995
  this is also current point
  no. of rejections          369
 stored as    24

 highest radius point found:
  at point   -0.019   0.114   4.998
  closest atom surface    4.360   O9  174 X    0
  2nd closest surface     4.361   O5  174 X    0
  found on step  811
 current point:
  at point   -0.121   0.144   4.998
  closest atom surface    4.355   O5  174 X    0
  2nd closest surface     4.358   H   174 X    0
  found on step  980
  no. of rejections          366
 stored as    25

 highest radius point found:
  at point   -0.057   0.113   5.198
  closest atom surface    4.458   H   174 X    0
  2nd closest surface     4.458   O5  174 X    0
  found on step  970
  this is also current point
  no. of rejections          375
 stored as    26

 highest radius point found:
  at point   -0.050   0.101   5.398
  closest atom surface    4.562   O9  174 X    0
  2nd closest surface     4.562   O5  174 X    0
  found on step  928
  this is also current point
  no. of rejections          404
 stored as    27

 highest radius point found:
  at point   -0.070   0.095   5.598
  closest atom surface    4.670   H   174 X    0
  2nd closest surface     4.670   O5  174 X    0
  found on step   37
 current point:
  at point   -0.163   0.121   5.598
  closest atom surface    4.666   H   174 X    0
  2nd closest surface     4.667   O5  174 X    0
  found on step  986
  no. of rejections          369
 stored as    28

 highest radius point found:
  at point   -0.109   0.095   5.798
  closest atom surface    4.782   H   174 X    0
  2nd closest surface     4.783   O5  174 X    0
  found on step  895
  this is also current point
  no. of rejections          364
 stored as    29

 highest radius point found:
  at point   -0.136   0.090   5.998
  closest atom surface    4.899   H   174 X    0
  2nd closest surface     4.900   O5  174 X    0
  found on step  711
 current point:
  at point   -0.137   0.093   5.998
  closest atom surface    4.898   O5  174 X    0
  2nd closest surface     4.900   H   174 X    0
  found on step  965
  no. of rejections          341
 stored as    30

 highest radius point found:
  at point   -0.118   0.074   6.198
  closest atom surface    5.022   H   174 X    0
  2nd closest surface     5.022   O5  174 X    0
  found on step  581
 current point:
  at point   -0.118   0.075   6.198
  closest atom surface    5.022   O5  174 X    0
  2nd closest surface     5.023   H   174 X    0
  found on step  956
  no. of rejections          355
 stored as    31

 highest radius point found:
  at point   -0.145   0.068   6.398
  closest atom surface    5.147   H   174 X    0
  2nd closest surface     5.148   O5  174 X    0
  found on step  945
  this is also current point
  no. of rejections          335
 stored as    32

 highest radius point found:
  at point   -0.154   0.059   6.598
  closest atom surface    5.277   H   174 X    0
  2nd closest surface     5.277   O5  174 X    0
  found on step  867
 current point:
  at point   -0.154   0.060   6.598
  closest atom surface    5.277   O5  174 X    0
  2nd closest surface     5.277   H   174 X    0
  found on step  992
  no. of rejections          338
 stored as    33

 highest radius point found:
  at point   -0.176   0.053   6.798
  closest atom surface    5.409   O5  174 X    0
  2nd closest surface     5.410   H   174 X    0
  found on step  827
 current point:
  at point   -0.200   0.059   6.798
  closest atom surface    5.409   H   174 X    0
  2nd closest surface     5.409   O5  174 X    0
  found on step  982
  no. of rejections          343
 stored as    34

 highest radius point found:
  at point   -0.210   0.050   6.998
  closest atom surface    5.545   O5  174 X    0
  2nd closest surface     5.546   H   174 X    0
  found on step  935
  this is also current point
  no. of rejections          342
 stored as    35

 highest radius point found:
  at point   -0.214   0.037   7.198
  closest atom surface    5.685   O4  174 X    0
  2nd closest surface     5.685   O5  174 X    0
  found on step  951
  this is also current point
  no. of rejections          342
 stored as    36

 highest radius point found:
  at point   -0.213   0.031   7.398
  closest atom surface    5.821   O9  174 X    0
  2nd closest surface     5.823   O5  174 X    0
  found on step  976
  this is also current point
  no. of rejections          335
 stored as    37

 highest radius point found:
  at point   -0.222   0.028   7.598
  closest atom surface    5.960   O9  174 X    0
  2nd closest surface     5.960   O4  174 X    0
  found on step  974
  this is also current point
  no. of rejections          353
 stored as    38

 highest radius point found:
  at point   -0.233   0.024   7.798
  closest atom surface    6.101   O4  174 X    0
  2nd closest surface     6.101   O   174 X    0
  found on step  733
 current point:
  at point   -0.232   0.026   7.798
  closest atom surface    6.100   O4  174 X    0
  2nd closest surface     6.101   O9  174 X    0
  found on step  946
  no. of rejections          352
 stored as    39

 highest radius point found:
  at point   -0.252   0.022   7.998
  closest atom surface    6.242   O4  174 X    0
  2nd closest surface     6.243   O   174 X    0
  found on step  334
 current point:
  at point   -0.261   0.021   7.998
  closest atom surface    6.241   O4  174 X    0
  2nd closest surface     6.242   O   174 X    0
  found on step  992
  no. of rejections          343
 stored as    40

 highest radius point found:
  at point   -0.246   0.015   8.198
  closest atom surface    6.388   O9  174 X    0
  2nd closest surface     6.389   O   174 X    0
  found on step  962
  this is also current point
  no. of rejections          330
 stored as    41

 highest radius point found:
  at point   -0.260   0.012   8.398
  closest atom surface    6.536   O   174 X    0
  2nd closest surface     6.538   O4  174 X    0
  found on step  995
  this is also current point
  no. of rejections          344
 stored as    42

 highest radius point found:
  at point   -0.265   0.010   8.598
  closest atom surface    6.687   O4  174 X    0
  2nd closest surface     6.687   O9  174 X    0
  found on step  914
  this is also current point
  no. of rejections          331
 stored as    43

 highest radius point found:
  at point   -0.275   0.007   8.798
  closest atom surface    6.839   O4  174 X    0
  2nd closest surface     6.840   O   174 X    0
  found on step  761
 current point:
  at point   -0.289   0.007   8.798
  closest atom surface    6.838   O4  174 X    0
  2nd closest surface     6.838   O   174 X    0
  found on step  982
  no. of rejections          341
 stored as    44

 highest radius point found:
  at point   -0.280   0.001   8.998
  closest atom surface    6.993   O9  174 X    0
  2nd closest surface     6.993   O   174 X    0
  found on step  952
  this is also current point
  no. of rejections          324
 stored as    45

 highest radius point found:
  at point   -0.293  -0.001   9.198
  closest atom surface    7.149   O4  174 X    0
  2nd closest surface     7.150   O   174 X    0
  found on step 1000
  this is also current point
  no. of rejections          328
 stored as    46

 highest radius point found:
  at point   -0.306  -0.004   9.398
  closest atom surface    7.306   O4  174 X    0
  2nd closest surface     7.307   O   174 X    0
  found on step   41
 current point:
  at point   -0.313  -0.009   9.398
  closest atom surface    7.303   O   174 X    0
  2nd closest surface     7.309   O4  174 X    0
  found on step  994
  no. of rejections          313
 stored as    47

 highest radius point found:
  at point   -0.305  -0.010   9.598
  closest atom surface    7.466   O9  174 X    0
  2nd closest surface     7.466   O   174 X    0
  found on step  990
  this is also current point
  no. of rejections          330
 stored as    48

 highest radius point found:
  at point   -0.317  -0.012   9.798
  closest atom surface    7.627   O4  174 X    0
  2nd closest surface     7.627   O   174 X    0
  found on step  981
  this is also current point
  no. of rejections          326
 stored as    49

 highest radius point found:
  at point   -0.325  -0.016   9.998
  closest atom surface    7.790   O   174 X    0
  2nd closest surface     7.790   O4  174 X    0
  found on step  996
  this is also current point
  no. of rejections          293
 stored as    50

 highest radius point found:
  at point   -0.340  -0.020  10.198
  closest atom surface    7.953   O   174 X    0
  2nd closest surface     7.953   O4  174 X    0
  found on step  984
  this is also current point
  no. of rejections          279
 stored as    51

 highest radius point found:
  at point   -0.342  -0.023  10.398
  closest atom surface    8.119   O4  174 X    0
  2nd closest surface     8.119   O   174 X    0
  found on step  109
 current point:
  at point   -0.343  -0.022  10.398
  closest atom surface    8.118   O4  174 X    0
  2nd closest surface     8.119   O   174 X    0
  found on step  928
  no. of rejections          285
 stored as    52

 highest radius point found:
  at point   -0.342  -0.023  10.598
  closest atom surface    8.282   O9  174 X    0
  2nd closest surface     8.284   O4  174 X    0
  found on step    1
 current point:
  at point   -0.372  -0.030  10.598
  closest atom surface    8.281   O   174 X    0
  2nd closest surface     8.286   O4  174 X    0
  found on step 1000
  no. of rejections          315
 stored as    53

 highest radius point found:
  at point   -0.356  -0.030  10.798
  closest atom surface    8.453   O4  174 X    0
  2nd closest surface     8.453   O   174 X    0
  found on step  995
  this is also current point
  no. of rejections          278
 stored as    54

 highest radius point found:
  at point   -0.375  -0.033  10.998
  closest atom surface    8.621   O4  174 X    0
  2nd closest surface     8.622   O   174 X    0
  found on step  166
 current point:
  at point   -0.361  -0.034  10.998
  closest atom surface    8.620   O9  174 X    0
  2nd closest surface     8.622   O4  174 X    0
  found on step  936
  no. of rejections          296
 stored as    55

 highest radius point found:
  at point   -0.374  -0.038  11.198
  closest atom surface    8.792   O   174 X    0
  2nd closest surface     8.792   O4  174 X    0
  found on step  965
  this is also current point
  no. of rejections          296
 stored as    56

 highest radius point found:
  at point   -0.387  -0.043  11.398
  closest atom surface    8.962   O   174 X    0
  2nd closest surface     8.964   O4  174 X    0
  found on step  999
  this is also current point
  no. of rejections          315
 stored as    57

 highest radius point found:
  at point   -0.387  -0.043  11.598
  closest atom surface    9.135   O9  174 X    0
  2nd closest surface     9.135   O4  174 X    0
  found on step    1
 current point:
  at point   -0.430  -0.042  11.598
  closest atom surface    9.132   O4  174 X    0
  2nd closest surface     9.133   O   174 X    0
  found on step  976
  no. of rejections          293
 stored as    58

 highest radius point found:
  at point   -0.427  -0.044  11.798
  closest atom surface    9.305   O4  174 X    0
  2nd closest surface     9.307   O   174 X    0
  found on step  161
 current point:
  at point   -0.412  -0.041  11.798
  closest atom surface    9.304   O4  174 X    0
  2nd closest surface     9.310   O   174 X    0
  found on step 1000
  no. of rejections          286
 stored as    59

 highest radius point found:
  at point   -0.413  -0.053  11.998
  closest atom surface    9.481   O   174 X    0
  2nd closest surface     9.483   O4  174 X    0
  found on step  997
  this is also current point
  no. of rejections          269
 stored as    60

 highest radius point found:
  at point   -0.413  -0.053  12.198
  closest atom surface    9.656   O4  174 X    0
  2nd closest surface     9.657   O9  174 X    0
  found on step    1
 current point:
  at point   -0.704  -0.042  12.198
  closest atom surface    9.641   O   174 X    0
  2nd closest surface     9.641   O4  174 X    0
  found on step  996
  no. of rejections          266
 stored as    61

 highest radius point found:
  at point   -0.424  -0.060  12.398
  closest atom surface    9.832   O   174 X    0
  2nd closest surface     9.833   O4  174 X    0
  found on step  931
  this is also current point
  no. of rejections          292
 stored as    62

 highest radius point found:
  at point   -0.431  -0.060  12.598
  closest atom surface   10.008   O4  174 X    0
  2nd closest surface    10.010   O9  174 X    0
  found on step  333
 current point:
  at point   -0.471  -0.061  12.598
  closest atom surface   10.006   O   174 X    0
  2nd closest surface    10.007   O4  174 X    0
  found on step  972
  no. of rejections          300
 stored as    63

 highest radius point found:
  at point   -0.442  -0.066  12.798
  closest atom surface   10.186   O   174 X    0
  2nd closest surface    10.186   O4  174 X    0
  found on step  869
 current point:
  at point   -0.440  -0.066  12.798
  closest atom surface   10.186   O4  174 X    0
  2nd closest surface    10.186   O   174 X    0
  found on step  919
  no. of rejections          277
 stored as    64

 highest radius point found:
  at point   -0.448  -0.069  12.998
  closest atom surface   10.363   O4  174 X    0
  2nd closest surface    10.365   O   174 X    0
  found on step  696
 current point:
  at point   -0.458  -0.070  12.998
  closest atom surface   10.363   O4  174 X    0
  2nd closest surface    10.363   O   174 X    0
  found on step  875
  no. of rejections          268
 stored as    65

 highest radius point found:
  at point   -0.454  -0.074  13.198
  closest atom surface   10.542   O9  174 X    0
  2nd closest surface    10.543   O   174 X    0
  found on step   24
 current point:
  at point   -0.463  -0.072  13.198
  closest atom surface   10.542   O4  174 X    0
  2nd closest surface    10.543   O   174 X    0
  found on step  996
  no. of rejections          266
 stored as    66

 highest radius point found:
  at point   -0.454  -0.074  13.398
  closest atom surface   10.718   O9  174 X    0
  2nd closest surface    10.721   O4  174 X    0
  found on step    1
 current point:
  at point   -0.698  -0.066  13.398
  closest atom surface   10.710   O   174 X    0
  2nd closest surface    10.710   O4  174 X    0
  found on step  982
  no. of rejections          259
 stored as    67

 highest radius point found:
  at point   -0.477  -0.078  13.598
  closest atom surface   10.901   O4  174 X    0
  2nd closest surface    10.902   O   174 X    0
  found on step  866
 current point:
  at point   -0.493  -0.079  13.598
  closest atom surface   10.900   O4  174 X    0
  2nd closest surface    10.901   O   174 X    0
  found on step  989
  no. of rejections          260
 stored as    68

 highest radius point found:
  at point   -0.493  -0.083  13.798
  closest atom surface   11.081   O4  174 X    0
  2nd closest surface    11.082   O   174 X    0
  found on step  831
 current point:
  at point   -0.502  -0.083  13.798
  closest atom surface   11.081   O   174 X    0
  2nd closest surface    11.081   O4  174 X    0
  found on step  936
  no. of rejections          256
 stored as    69

 highest radius point found:
  at point   -0.490  -0.088  13.998
  closest atom surface   11.263   O4  174 X    0
  2nd closest surface    11.263   O   174 X    0
  found on step  726
 current point:
  at point   -0.488  -0.083  13.998
  closest atom surface   11.261   O4  174 X    0
  2nd closest surface    11.263   O9  174 X    0
  found on step  998
  no. of rejections          285
 stored as    70

 highest radius point found:
  at point   -0.502  -0.089  14.198
  closest atom surface   11.444   O4  174 X    0
  2nd closest surface    11.446   O   174 X    0
  found on step  966
  this is also current point
  no. of rejections          266
 stored as    71

 highest radius point found:
  at point   -0.528  -0.093  14.398
  closest atom surface   11.626   O4  174 X    0
  2nd closest surface    11.626   O   174 X    0
  found on step  680
 current point:
  at point   -0.705  -0.085  14.398
  closest atom surface   11.618   O4  174 X    0
  2nd closest surface    11.619   O   174 X    0
  found on step  899
  no. of rejections          266
 stored as    72

 highest radius point found:
  at point   -0.538  -0.097  14.598
  closest atom surface   11.808   O4  174 X    0
  2nd closest surface    11.809   O   174 X    0
  found on step  991
  this is also current point
  no. of rejections          271
 stored as    73

 highest radius point found:
  at point   -0.537  -0.102  14.798
  closest atom surface   11.992   O4  174 X    0
  2nd closest surface    11.992   O   174 X    0
  found on step  989
  this is also current point
  no. of rejections          264
 stored as    74

 highest radius point found:
  at point   -0.562  -0.106  14.998
  closest atom surface   12.175   O   174 X    0
  2nd closest surface    12.176   O4  174 X    0
  found on step  966
  this is also current point
  no. of rejections          252
 stored as    75

 highest radius point found:
  at point   -0.545  -0.110  15.198
  closest atom surface   12.360   O   174 X    0
  2nd closest surface    12.361   O4  174 X    0
  found on step  953
  this is also current point
  no. of rejections          279
 stored as    76

 highest radius point found:
  at point   -0.545  -0.112  15.398
  closest atom surface   12.545   O4  174 X    0
  2nd closest surface    12.545   O9  174 X    0
  found on step  122
 current point:
  at point   -0.542  -0.117  15.398
  closest atom surface   12.544   O9  174 X    0
  2nd closest surface    12.544   O   174 X    0
  found on step  996
  no. of rejections          261
 stored as    77

 highest radius point found:
  at point   -0.560  -0.115  15.598
  closest atom surface   12.729   O4  174 X    0
  2nd closest surface    12.731   O   174 X    0
  found on step  923
  this is also current point
  no. of rejections          264
 stored as    78

 highest radius point found:
  at point   -0.567  -0.119  15.798
  closest atom surface   12.915   O4  174 X    0
  2nd closest surface    12.916   O   174 X    0
  found on step  808
 current point:
  at point   -0.582  -0.120  15.798
  closest atom surface   12.915   O   174 X    0
  2nd closest surface    12.915   O4  174 X    0
  found on step  963
  no. of rejections          250
 stored as    79

 highest radius point found:
  at point   -0.567  -0.119  15.998
  closest atom surface   13.099   O4  174 X    0
  2nd closest surface    13.100   O9  174 X    0
  found on step    1
 current point:
  at point   -0.741  -0.116  15.998
  closest atom surface   13.095   O4  174 X    0
  2nd closest surface    13.095   O   174 X    0
  found on step  965
  no. of rejections          246
 stored as    80

 highest radius point found:
  at point   -0.599  -0.130  16.198
  closest atom surface   13.286   O   174 X    0
  2nd closest surface    13.288   O4  174 X    0
  found on step  282
 current point:
  at point   -0.796  -0.117  16.198
  closest atom surface   13.280   O   174 X    0
  2nd closest surface    13.280   O4  174 X    0
  found on step 1000
  no. of rejections          243
 stored as    81

 highest radius point found:
  at point   -0.588  -0.130  16.398
  closest atom surface   13.473   O4  174 X    0
  2nd closest surface    13.474   O9  174 X    0
  found on step  850
 current point:
  at point   -0.600  -0.130  16.398
  closest atom surface   13.473   O4  174 X    0
  2nd closest surface    13.474   O   174 X    0
  found on step  995
  no. of rejections          268
 stored as    82

 highest radius point found:
  at point   -0.604  -0.139  16.598
  closest atom surface   13.659   O   174 X    0
  2nd closest surface    13.662   O4  174 X    0
  found on step    2
 current point:
  at point   -0.845  -0.123  16.598
  closest atom surface   13.653   O   174 X    0
  2nd closest surface    13.653   O4  174 X    0
  found on step  973
  no. of rejections          256
 stored as    83

 highest radius point found:
  at point   -0.604  -0.139  16.798
  closest atom surface   13.848   O   174 X    0
  2nd closest surface    13.848   O9  174 X    0
  found on step    1
 current point:
  at point   -0.611  -0.138  16.798
  closest atom surface   13.848   O4  174 X    0
  2nd closest surface    13.848   O   174 X    0
  found on step  916
  no. of rejections          246
 stored as    84

 highest radius point found:
  at point   -0.657  -0.140  16.998
  closest atom surface   14.034   O   174 X    0
  2nd closest surface    14.034   O4  174 X    0
  found on step  746
 current point:
  at point   -0.786  -0.135  16.998
  closest atom surface   14.030   O   174 X    0
  2nd closest surface    14.030   O4  174 X    0
  found on step  986
  no. of rejections          243
 stored as    85

 highest radius point found:
  at point   -0.625  -0.146  17.198
  closest atom surface   14.223   O   174 X    0
  2nd closest surface    14.223   O4  174 X    0
  found on step  993
  this is also current point
  no. of rejections          240
 stored as    86

 highest radius point found:
  at point   -0.630  -0.149  17.398
  closest atom surface   14.411   O4  174 X    0
  2nd closest surface    14.411   O   174 X    0
  found on step  948
  this is also current point
  no. of rejections          257
 stored as    87

 highest radius point found:
  at point   -0.635  -0.153  17.598
  closest atom surface   14.599   O9  174 X    0
  2nd closest surface    14.600   O4  174 X    0
  found on step  493
 current point:
  at point   -0.990  -0.135  17.598
  closest atom surface   14.591   O12 174 X    0
  2nd closest surface    14.591   O4  174 X    0
  found on step  975
  no. of rejections          268
 stored as    88

 highest radius point found:
  at point   -0.651  -0.157  17.798
  closest atom surface   14.788   O   174 X    0
  2nd closest surface    14.788   O4  174 X    0
  found on step  255
 current point:
  at point   -0.650  -0.155  17.798
  closest atom surface   14.788   O4  174 X    0
  2nd closest surface    14.789   O   174 X    0
  found on step  944
  no. of rejections          245
 stored as    89

 highest radius point found:
  at point   -0.666  -0.159  17.998
  closest atom surface   14.977   O4  174 X    0
  2nd closest surface    14.977   O   174 X    0
  found on step  360
 current point:
  at point   -0.776  -0.154  17.998
  closest atom surface   14.973   O4  174 X    0
  2nd closest surface    14.974   O   174 X    0
  found on step  999
  no. of rejections          249
 stored as    90

 highest radius point found:
  at point   -0.660  -0.169  18.198
  closest atom surface   15.165   O   174 X    0
  2nd closest surface    15.166   O9  174 X    0
  found on step  719
 current point:
  at point   -0.733  -0.160  18.198
  closest atom surface   15.164   O4  174 X    0
  2nd closest surface    15.164   O   174 X    0
  found on step  998
  no. of rejections          228
 stored as    91

 highest radius point found:
  at point   -0.696  -0.166  18.398
  closest atom surface   15.355   O4  174 X    0
  2nd closest surface    15.355   O   174 X    0
  found on step  877
 current point:
  at point   -0.686  -0.171  18.398
  closest atom surface   15.354   O   174 X    0
  2nd closest surface    15.357   O4  174 X    0
  found on step  991
  no. of rejections          239
 stored as    92

 highest radius point found:
  at point   -0.682  -0.171  18.598
  closest atom surface   15.545   O   174 X    0
  2nd closest surface    15.546   O4  174 X    0
  found on step  109
 current point:
  at point   -0.696  -0.170  18.598
  closest atom surface   15.545   O4  174 X    0
  2nd closest surface    15.545   O   174 X    0
  found on step  913
  no. of rejections          267
 stored as    93

 highest radius point found:
  at point   -0.686  -0.177  18.798
  closest atom surface   15.735   O   174 X    0
  2nd closest surface    15.735   O9  174 X    0
  found on step  997
  this is also current point
  no. of rejections          249
 stored as    94

 highest radius point found:
  at point   -0.701  -0.178  18.998
  closest atom surface   15.925   O   174 X    0
  2nd closest surface    15.925   O4  174 X    0
  found on step  963
  this is also current point
  no. of rejections          239
 stored as    95

 highest radius point found:
  at point   -0.712  -0.180  19.198
  closest atom surface   16.115   O4  174 X    0
  2nd closest surface    16.116   O   174 X    0
  found on step  421
 current point:
  at point   -0.782  -0.178  19.198
  closest atom surface   16.114   O   174 X    0
  2nd closest surface    16.114   O4  174 X    0
  found on step  932
  no. of rejections          241
 stored as    96

 highest radius point found:
  at point   -0.740  -0.188  19.398
  closest atom surface   16.305   O   174 X    0
  2nd closest surface    16.307   O4  174 X    0
  found on step  597
 current point:
  at point   -0.844  -0.179  19.398
  closest atom surface   16.303   O   174 X    0
  2nd closest surface    16.303   O4  174 X    0
  found on step  972
  no. of rejections          244
 stored as    97

 highest radius point found:
  at point   -0.731  -0.188  19.598
  closest atom surface   16.497   O4  174 X    0
  2nd closest surface    16.497   O   174 X    0
  found on step  998
  this is also current point
  no. of rejections          220
 stored as    98

 highest radius point found:
  at point   -0.737  -0.192  19.798
  closest atom surface   16.688   O4  174 X    0
  2nd closest surface    16.688   O   174 X    0
  found on step  918
  this is also current point
  no. of rejections          233
 stored as    99

 highest radius point found:
  at point   -0.785  -0.194  19.998
  closest atom surface   16.878   O   174 X    0
  2nd closest surface    16.878   O4  174 X    0
  found on step  962
  this is also current point
  no. of rejections          220
 stored as   100

 highest radius point found:
  at point   -0.813  -0.197  20.198
  closest atom surface   17.069   O   174 X    0
  2nd closest surface    17.069   O4  174 X    0
  found on step  968
  this is also current point
  no. of rejections          216
 stored as   101

 highest radius point found:
  at point   -0.809  -0.201  20.398
  closest atom surface   17.261   O4  174 X    0
  2nd closest surface    17.261   O   174 X    0
  found on step  998
  this is also current point
  no. of rejections          215
 stored as   102

 highest radius point found:
  at point   -0.763  -0.207  20.598
  closest atom surface   17.454   O   174 X    0
  2nd closest surface    17.454   O4  174 X    0
  found on step  920
  this is also current point
  no. of rejections          226
 stored as   103

 highest radius point found:
  at point   -0.775  -0.211  20.798
  closest atom surface   17.646   O   174 X    0
  2nd closest surface    17.646   O4  174 X    0
  found on step  926
  this is also current point
  no. of rejections          228
 stored as   104

 highest radius point found:
  at point   -0.784  -0.213  20.998
  closest atom surface   17.838   O4  174 X    0
  2nd closest surface    17.838   O   174 X    0
  found on step  935
  this is also current point
  no. of rejections          214
 stored as   105

 highest radius point found:
  at point   -0.784  -0.213  21.198
  closest atom surface   18.029   O4  174 X    0
  2nd closest surface    18.030   O9  174 X    0
  found on step    1
 current point:
  at point   -0.922  -0.212  21.198
  closest atom surface   18.028   O   174 X    0
  2nd closest surface    18.028   O4  174 X    0
  found on step  998
  no. of rejections          228
 stored as   106

 highest radius point found:
  at point   -0.809  -0.221  21.398
  closest atom surface   18.222   O   174 X    0
  2nd closest surface    18.223   O4  174 X    0
  found on step  959
  this is also current point
  no. of rejections          222
 stored as   107

 highest radius point found:
  at point   -0.814  -0.224  21.598
  closest atom surface   18.415   O4  174 X    0
  2nd closest surface    18.415   O   174 X    0
  found on step  927
  this is also current point
  no. of rejections          218
 stored as   108

 highest radius point found:
  at point   -0.819  -0.227  21.798
  closest atom surface   18.608   O4  174 X    0
  2nd closest surface    18.608   O   174 X    0
  found on step   11
 current point:
  at point   -0.856  -0.228  21.798
  closest atom surface   18.607   O   174 X    0
  2nd closest surface    18.608   O4  174 X    0
  found on step  937
  no. of rejections          227
 stored as   109

 highest radius point found:
  at point   -0.827  -0.234  21.998
  closest atom surface   18.800   O   174 X    0
  2nd closest surface    18.801   O4  174 X    0
  found on step  836
 current point:
  at point   -0.894  -0.229  21.998
  closest atom surface   18.800   O4  174 X    0
  2nd closest surface    18.800   O   174 X    0
  found on step  944
  no. of rejections          229
 stored as   110

 highest radius point found:
  at point   -0.831  -0.235  22.198
  closest atom surface   18.994   O4  174 X    0
  2nd closest surface    18.994   O   174 X    0
  found on step  957
  this is also current point
  no. of rejections          208
 stored as   111

 highest radius point found:
  at point   -0.840  -0.240  22.398
  closest atom surface   19.187   O   174 X    0
  2nd closest surface    19.187   O4  174 X    0
  found on step  921
  this is also current point
  no. of rejections          229
 stored as   112

 highest radius point found:
  at point   -0.907  -0.240  22.598
  closest atom surface   19.379   O4  174 X    0
  2nd closest surface    19.379   O   174 X    0
  found on step  862
 current point:
  at point   -0.937  -0.239  22.598
  closest atom surface   19.379   O4  174 X    0
  2nd closest surface    19.379   O   174 X    0
  found on step  943
  no. of rejections          213
 stored as   113

 highest radius point found:
  at point   -0.885  -0.245  22.798
  closest atom surface   19.573   O4  174 X    0
  2nd closest surface    19.573   O   174 X    0
  found on step  873
 current point:
  at point   -0.962  -0.241  22.798
  closest atom surface   19.572   O4  174 X    0
  2nd closest surface    19.572   O   174 X    0
  found on step  999
  no. of rejections          221
 stored as   114

 highest radius point found:
  at point   -0.887  -0.250  22.998
  closest atom surface   19.767   O   174 X    0
  2nd closest surface    19.767   O4  174 X    0
  found on step  983
  this is also current point
  no. of rejections          214
 stored as   115

 highest radius point found:
  at point   -0.875  -0.255  23.198
  closest atom surface   19.960   O   174 X    0
  2nd closest surface    19.961   O4  174 X    0
  found on step  504
 current point:
  at point   -0.950  -0.250  23.198
  closest atom surface   19.959   O4  174 X    0
  2nd closest surface    19.960   O   174 X    0
  found on step  985
  no. of rejections          209
 stored as   116

 highest radius point found:
  at point   -0.891  -0.256  23.398
  closest atom surface   20.154   O4  174 X    0
  2nd closest surface    20.155   O   174 X    0
  found on step  977
  this is also current point
  no. of rejections          225
 stored as   117

 highest radius point found:
  at point   -0.897  -0.261  23.598
  closest atom surface   20.348   O   174 X    0
  2nd closest surface    20.348   O4  174 X    0
  found on step    2
 current point:
  at point   -0.984  -0.258  23.598
  closest atom surface   20.347   O   174 X    0
  2nd closest surface    20.347   O4  174 X    0
  found on step  912
  no. of rejections          216
 stored as   118

 highest radius point found:
  at point   -0.924  -0.263  23.798
  closest atom surface   20.542   O4  174 X    0
  2nd closest surface    20.542   O   174 X    0
  found on step  849
 current point:
  at point   -0.900  -0.268  23.798
  closest atom surface   20.541   O   174 X    0
  2nd closest surface    20.543   O4  174 X    0
  found on step  994
  no. of rejections          228
 stored as   119

 highest radius point found:
  at point   -0.913  -0.268  23.998
  closest atom surface   20.736   O4  174 X    0
  2nd closest surface    20.736   O   174 X    0
  found on step  995
  this is also current point
  no. of rejections          214
 stored as   120

 highest radius point found:
  at point   -0.926  -0.271  24.198
  closest atom surface   20.930   O4  174 X    0
  2nd closest surface    20.930   O   174 X    0
  found on step  934
  this is also current point
  no. of rejections          206
 stored as   121

 highest radius point found:
  at point   -0.919  -0.277  24.398
  closest atom surface   21.125   O   174 X    0
  2nd closest surface    21.125   O9  174 X    0
  found on step  850
 current point:
  at point   -0.927  -0.276  24.398
  closest atom surface   21.125   O   174 X    0
  2nd closest surface    21.125   O4  174 X    0
  found on step  990
  no. of rejections          209
 stored as   122

 highest radius point found:
  at point   -0.953  -0.278  24.598
  closest atom surface   21.319   O   174 X    0
  2nd closest surface    21.319   O4  174 X    0
  found on step  929
  this is also current point
  no. of rejections          231
 stored as   123

 highest radius point found:
  at point   -0.948  -0.283  24.798
  closest atom surface   21.514   O   174 X    0
  2nd closest surface    21.514   O4  174 X    0
  found on step    2
 current point:
  at point   -0.953  -0.282  24.798
  closest atom surface   21.513   O4  174 X    0
  2nd closest surface    21.514   O   174 X    0
  found on step  926
  no. of rejections          208
 stored as   124

 highest radius point found:
  at point   -0.946  -0.284  24.998
  closest atom surface   21.708   O4  174 X    0
  2nd closest surface    21.709   O   174 X    0
  found on step  997
  this is also current point
  no. of rejections          205
 stored as   125

 highest radius point found:
  at point   -0.955  -0.290  25.198
  closest atom surface   21.902   O13 174 X    0
  2nd closest surface    21.903   O4  174 X    0
  found on step  989
  this is also current point
  no. of rejections          206
 stored as   126

 highest radius point found:
  at point   -0.955  -0.290  25.398
  closest atom surface   22.097   O9  174 X    0
  2nd closest surface    22.097   O4  174 X    0
  found on step    1
 current point:
  at point   -0.957  -0.292  25.398
  closest atom surface   22.096   O13 174 X    0
  2nd closest surface    22.097   O9  174 X    0
  found on step  980
  no. of rejections          230
 This is an end! (radius above  22.0 angs)
 highest radius point found:
  at point    0.101   0.071  -0.202
  closest atom surface    3.819   C1  174 X    0
  2nd closest surface     3.821   C14 174 X    0
  found on step  899
  this is also current point
  no. of rejections          426
 stored as    -1

 highest radius point found:
  at point    0.150   0.093  -0.402
  closest atom surface    3.828   C14 174 X    0
  2nd closest surface     3.829   C33 174 X    0
  found on step  569
 current point:
  at point    0.148   0.090  -0.402
  closest atom surface    3.828   C14 174 X    0
  2nd closest surface     3.829   C33 174 X    0
  found on step  964
  no. of rejections          414
 stored as    -2

 highest radius point found:
  at point    0.187   0.166  -0.602
  closest atom surface    3.816   C41 174 X    0
  2nd closest surface     3.816   C14 174 X    0
  found on step  946
  this is also current point
  no. of rejections          407
 stored as    -3

 highest radius point found:
  at point    0.187   0.166  -0.802
  closest atom surface    3.801   C14 174 X    0
  2nd closest surface     3.801   C33 174 X    0
  found on step    1
 current point:
  at point    0.183   0.157  -0.802
  closest atom surface    3.800   C33 174 X    0
  2nd closest surface     3.800   C14 174 X    0
  found on step  966
  no. of rejections          387
 stored as    -4

 highest radius point found:
  at point    0.187   0.166  -1.002
  closest atom surface    3.793   C14 174 X    0
  2nd closest surface     3.793   C33 174 X    0
  found on step    1
 current point:
  at point    0.184   0.161  -1.002
  closest atom surface    3.791   C14 174 X    0
  2nd closest surface     3.793   C33 174 X    0
  found on step  996
  no. of rejections          405
 stored as    -5

 highest radius point found:
  at point    0.189   0.172  -1.202
  closest atom surface    3.792   C14 174 X    0
  2nd closest surface     3.792   C41 174 X    0
  found on step  221
 current point:
  at point    0.173   0.138  -1.202
  closest atom surface    3.787   C14 174 X    0
  2nd closest surface     3.788   C33 174 X    0
  found on step  981
  no. of rejections          400
 stored as    -6

 highest radius point found:
  at point    0.189   0.172  -1.402
  closest atom surface    3.797   C14 174 X    0
  2nd closest surface     3.799   C33 174 X    0
  found on step    1
 current point:
  at point    0.187   0.164  -1.402
  closest atom surface    3.797   C14 174 X    0
  2nd closest surface     3.797   C33 174 X    0
  found on step  958
  no. of rejections          387
 stored as    -7

 highest radius point found:
  at point    0.191   0.171  -1.602
  closest atom surface    3.811   C33 174 X    0
  2nd closest surface     3.812   C14 174 X    0
  found on step  693
 current point:
  at point    0.188   0.170  -1.602
  closest atom surface    3.810   C14 174 X    0
  2nd closest surface     3.812   C33 174 X    0
  found on step 1000
  no. of rejections          406
 stored as    -8

 highest radius point found:
  at point    0.191   0.171  -1.802
  closest atom surface    3.831   C33 174 X    0
  2nd closest surface     3.832   C14 174 X    0
  found on step    1
 current point:
  at point    0.192   0.180  -1.802
  closest atom surface    3.829   C41 174 X    0
  2nd closest surface     3.830   C14 174 X    0
  found on step  944
  no. of rejections          411
 stored as    -9

 highest radius point found:
  at point    0.210   0.172  -2.002
  closest atom surface    3.842   O3  174 X    0
  2nd closest surface     3.843   C33 174 X    0
  found on step  919
  this is also current point
  no. of rejections          400
 stored as   -10

 highest radius point found:
  at point    0.214   0.140  -2.202
  closest atom surface    3.855   C33 174 X    0
  2nd closest surface     3.856   O3  174 X    0
  found on step  998
  this is also current point
  no. of rejections          390
 stored as   -11

 highest radius point found:
  at point    0.271   0.196  -2.402
  closest atom surface    3.880   C41 174 X    0
  2nd closest surface     3.882   C33 174 X    0
  found on step  943
  this is also current point
  no. of rejections          394
 stored as   -12

 highest radius point found:
  at point    0.254   0.134  -2.602
  closest atom surface    3.905   O3  174 X    0
  2nd closest surface     3.906   O7  174 X    0
  found on step  662
 current point:
  at point    0.269   0.162  -2.602
  closest atom surface    3.905   O7  174 X    0
  2nd closest surface     3.905   O3  174 X    0
  found on step  956
  no. of rejections          396
 stored as   -13

 highest radius point found:
  at point    0.215   0.058  -2.802
  closest atom surface    3.924   O3  174 X    0
  2nd closest surface     3.924   O7  174 X    0
  found on step  774
 current point:
  at point    0.220   0.067  -2.802
  closest atom surface    3.924   O7  174 X    0
  2nd closest surface     3.924   O3  174 X    0
  found on step  949
  no. of rejections          370
 stored as   -14

 highest radius point found:
  at point    0.180  -0.012  -3.002
  closest atom surface    3.950   O7  174 X    0
  2nd closest surface     3.951   O3  174 X    0
  found on step  138
 current point:
  at point    0.177  -0.013  -3.002
  closest atom surface    3.949   O3  174 X    0
  2nd closest surface     3.951   O7  174 X    0
  found on step  967
  no. of rejections          420
 stored as   -15

 highest radius point found:
  at point    0.161  -0.051  -3.202
  closest atom surface    3.981   O7  174 X    0
  2nd closest surface     3.985   O3  174 X    0
  found on step  540
 current point:
  at point    0.228   0.084  -3.202
  closest atom surface    3.978   O7  174 X    0
  2nd closest surface     3.978   O3  174 X    0
  found on step  976
  no. of rejections          398
 stored as   -16

 highest radius point found:
  at point    0.161  -0.051  -3.402
  closest atom surface    4.019   O7  174 X    0
  2nd closest surface     4.022   O3  174 X    0
  found on step    1
 current point:
  at point    0.181  -0.008  -3.402
  closest atom surface    4.018   O7  174 X    0
  2nd closest surface     4.019   O3  174 X    0
  found on step  963
  no. of rejections          391
 stored as   -17

 highest radius point found:
  at point    0.161  -0.051  -3.602
  closest atom surface    4.063   O7  174 X    0
  2nd closest surface     4.067   O3  174 X    0
  found on step    1
 current point:
  at point    0.216   0.061  -3.602
  closest atom surface    4.060   O3  174 X    0
  2nd closest surface     4.061   O7  174 X    0
  found on step  996
  no. of rejections          383
 stored as   -18

 highest radius point found:
  at point    0.163  -0.037  -3.802
  closest atom surface    4.113   O3  174 X    0
  2nd closest surface     4.117   O2  174 X    0
  found on step  898
  this is also current point
  no. of rejections          357
 stored as   -19

 highest radius point found:
  at point    0.171  -0.026  -4.002
  closest atom surface    4.171   O3  174 X    0
  2nd closest surface     4.173   O7  174 X    0
  found on step  406
 current point:
  at point    0.185  -0.002  -4.002
  closest atom surface    4.171   O7  174 X    0
  2nd closest surface     4.171   O3  174 X    0
  found on step  995
  no. of rejections          425
 stored as   -20

 highest radius point found:
  at point    0.194   0.017  -4.202
  closest atom surface    4.234   O3  174 X    0
  2nd closest surface     4.234   O7  174 X    0
  found on step  878
 current point:
  at point    0.193   0.015  -4.202
  closest atom surface    4.234   O7  174 X    0
  2nd closest surface     4.234   O3  174 X    0
  found on step  983
  no. of rejections          399
 stored as   -21

 highest radius point found:
  at point    0.182  -0.005  -4.402
  closest atom surface    4.304   O3  174 X    0
  2nd closest surface     4.305   O7  174 X    0
  found on step  707
 current point:
  at point    0.240   0.105  -4.402
  closest atom surface    4.301   O7  174 X    0
  2nd closest surface     4.301   O3  174 X    0
  found on step  953
  no. of rejections          375
 stored as   -22

 highest radius point found:
  at point    0.182  -0.005  -4.602
  closest atom surface    4.380   O3  174 X    0
  2nd closest surface     4.380   O2  174 X    0
  found on step    1
 current point:
  at point    0.202   0.033  -4.602
  closest atom surface    4.378   O3  174 X    0
  2nd closest surface     4.379   O7  174 X    0
  found on step  950
  no. of rejections          374
 stored as   -23

 highest radius point found:
  at point    0.200   0.031  -4.802
  closest atom surface    4.459   O3  174 X    0
  2nd closest surface     4.461   O7  174 X    0
  found on step  786
 current point:
  at point    0.235   0.097  -4.802
  closest atom surface    4.458   O3  174 X    0
  2nd closest surface     4.458   O7  174 X    0
  found on step 1000
  no. of rejections          391
 stored as   -24

 highest radius point found:
  at point    0.196   0.021  -5.002
  closest atom surface    4.546   O3  174 X    0
  2nd closest surface     4.547   O7  174 X    0
  found on step  765
 current point:
  at point    0.227   0.082  -5.002
  closest atom surface    4.545   O7  174 X    0
  2nd closest surface     4.545   O3  174 X    0
  found on step  976
  no. of rejections          390
 stored as   -25

 highest radius point found:
  at point    0.203   0.035  -5.202
  closest atom surface    4.638   O7  174 X    0
  2nd closest surface     4.638   O3  174 X    0
  found on step  729
 current point:
  at point    0.198   0.027  -5.202
  closest atom surface    4.638   O3  174 X    0
  2nd closest surface     4.639   O7  174 X    0
  found on step  907
  no. of rejections          364
 stored as   -26

 highest radius point found:
  at point    0.203   0.035  -5.402
  closest atom surface    4.734   O7  174 X    0
  2nd closest surface     4.735   O3  174 X    0
  found on step    1
 current point:
  at point    0.217   0.061  -5.402
  closest atom surface    4.733   O7  174 X    0
  2nd closest surface     4.734   O3  174 X    0
  found on step  982
  no. of rejections          377
 stored as   -27

 highest radius point found:
  at point    0.229   0.086  -5.602
  closest atom surface    4.835   O7  174 X    0
  2nd closest surface     4.835   O3  174 X    0
  found on step  813
 current point:
  at point    0.240   0.106  -5.602
  closest atom surface    4.834   O3  174 X    0
  2nd closest surface     4.834   O7  174 X    0
  found on step  994
  no. of rejections          355
 stored as   -28

 highest radius point found:
  at point    0.229   0.086  -5.802
  closest atom surface    4.941   O7  174 X    0
  2nd closest surface     4.941   O3  174 X    0
  found on step    1
 current point:
  at point    0.217   0.064  -5.802
  closest atom surface    4.940   O3  174 X    0
  2nd closest surface     4.942   O7  174 X    0
  found on step  968
  no. of rejections          379
 stored as   -29

 highest radius point found:
  at point    0.225   0.078  -6.002
  closest atom surface    5.051   O7  174 X    0
  2nd closest surface     5.051   O3  174 X    0
  found on step  972
  this is also current point
  no. of rejections          356
 stored as   -30

 highest radius point found:
  at point    0.225   0.078  -6.202
  closest atom surface    5.165   O7  174 X    0
  2nd closest surface     5.165   O3  174 X    0
  found on step    1
 current point:
  at point    0.266   0.158  -6.202
  closest atom surface    5.164   O3  174 X    0
  2nd closest surface     5.164   O7  174 X    0
  found on step  999
  no. of rejections          371
 stored as   -31

 highest radius point found:
  at point    0.225   0.078  -6.402
  closest atom surface    5.283   O7  174 X    0
  2nd closest surface     5.284   O3  174 X    0
  found on step    1
 current point:
  at point    0.271   0.168  -6.402
  closest atom surface    5.282   O3  174 X    0
  2nd closest surface     5.282   O7  174 X    0
  found on step  989
  no. of rejections          355
 stored as   -32

 highest radius point found:
  at point    0.258   0.142  -6.602
  closest atom surface    5.404   O3  174 X    0
  2nd closest surface     5.405   O7  174 X    0
  found on step  941
  this is also current point
  no. of rejections          362
 stored as   -33

 highest radius point found:
  at point    0.235   0.098  -6.802
  closest atom surface    5.530   O3  174 X    0
  2nd closest surface     5.531   O7  174 X    0
  found on step  932
  this is also current point
  no. of rejections          352
 stored as   -34

 highest radius point found:
  at point    0.259   0.145  -7.002
  closest atom surface    5.658   O7  174 X    0
  2nd closest surface     5.659   O3  174 X    0
  found on step  966
  this is also current point
  no. of rejections          352
 stored as   -35

 highest radius point found:
  at point    0.244   0.114  -7.202
  closest atom surface    5.791   O7  174 X    0
  2nd closest surface     5.791   O3  174 X    0
  found on step  798
 current point:
  at point    0.271   0.167  -7.202
  closest atom surface    5.790   O3  174 X    0
  2nd closest surface     5.790   O7  174 X    0
  found on step  994
  no. of rejections          366
 stored as   -36

 highest radius point found:
  at point    0.268   0.161  -7.402
  closest atom surface    5.925   O3  174 X    0
  2nd closest surface     5.925   O7  174 X    0
  found on step 1000
  this is also current point
  no. of rejections          372
 stored as   -37

 highest radius point found:
  at point    0.268   0.161  -7.602
  closest atom surface    6.063   O3  174 X    0
  2nd closest surface     6.063   O7  174 X    0
  found on step    1
 current point:
  at point    0.285   0.196  -7.602
  closest atom surface    6.063   O3  174 X    0
  2nd closest surface     6.063   O7  174 X    0
  found on step  952
  no. of rejections          333
 stored as   -38

 highest radius point found:
  at point    0.268   0.161  -7.802
  closest atom surface    6.203   O3  174 X    0
  2nd closest surface     6.203   O7  174 X    0
  found on step    1
 current point:
  at point    0.263   0.156  -7.802
  closest atom surface    6.202   O3  174 X    0
  2nd closest surface     6.205   O7  174 X    0
  found on step  997
  no. of rejections          328
 stored as   -39

 highest radius point found:
  at point    0.268   0.161  -8.002
  closest atom surface    6.346   O3  174 X    0
  2nd closest surface     6.346   O7  174 X    0
  found on step    1
 current point:
  at point    0.269   0.163  -8.002
  closest atom surface    6.346   O3  174 X    0
  2nd closest surface     6.346   O7  174 X    0
  found on step  894
  no. of rejections          364
 stored as   -40

 highest radius point found:
  at point    0.268   0.161  -8.202
  closest atom surface    6.491   O3  174 X    0
  2nd closest surface     6.491   O7  174 X    0
  found on step    1
 current point:
  at point    0.299   0.218  -8.202
  closest atom surface    6.490   O7  174 X    0
  2nd closest surface     6.492   O3  174 X    0
  found on step  912
  no. of rejections          332
 stored as   -41

 highest radius point found:
  at point    0.301   0.226  -8.402
  closest atom surface    6.639   O3  174 X    0
  2nd closest surface     6.639   O7  174 X    0
  found on step  875
  this is also current point
  no. of rejections          344
 stored as   -42

 highest radius point found:
  at point    0.301   0.226  -8.602
  closest atom surface    6.789   O3  174 X    0
  2nd closest surface     6.789   O7  174 X    0
  found on step    1
 current point:
  at point    0.294   0.210  -8.602
  closest atom surface    6.788   O7  174 X    0
  2nd closest surface     6.789   O3  174 X    0
  found on step  893
  no. of rejections          347
 stored as   -43

 highest radius point found:
  at point    0.310   0.242  -8.802
  closest atom surface    6.941   O7  174 X    0
  2nd closest surface     6.941   O3  174 X    0
  found on step  662
 current point:
  at point    0.300   0.226  -8.802
  closest atom surface    6.940   O3  174 X    0
  2nd closest surface     6.941   O7  174 X    0
  found on step  936
  no. of rejections          334
 stored as   -44

 highest radius point found:
  at point    0.310   0.242  -9.002
  closest atom surface    7.094   O7  174 X    0
  2nd closest surface     7.095   O3  174 X    0
  found on step    1
 current point:
  at point    0.306   0.231  -9.002
  closest atom surface    7.093   O7  174 X    0
  2nd closest surface     7.096   O3  174 X    0
  found on step  929
  no. of rejections          325
 stored as   -45

 highest radius point found:
  at point    0.314   0.252  -9.202
  closest atom surface    7.250   O7  174 X    0
  2nd closest surface     7.250   O3  174 X    0
  found on step  982
  this is also current point
  no. of rejections          312
 stored as   -46

 highest radius point found:
  at point    0.314   0.252  -9.402
  closest atom surface    7.407   O7  174 X    0
  2nd closest surface     7.407   O3  174 X    0
  found on step    1
 current point:
  at point    0.314   0.248  -9.402
  closest atom surface    7.406   O7  174 X    0
  2nd closest surface     7.408   O3  174 X    0
  found on step  989
  no. of rejections          330
 stored as   -47

 highest radius point found:
  at point    0.314   0.252  -9.602
  closest atom surface    7.566   O7  174 X    0
  2nd closest surface     7.566   O3  174 X    0
  found on step    1
 current point:
  at point    0.304   0.232  -9.602
  closest atom surface    7.566   O3  174 X    0
  2nd closest surface     7.567   O7  174 X    0
  found on step  990
  no. of rejections          302
 stored as   -48

 highest radius point found:
  at point    0.314   0.252  -9.802
  closest atom surface    7.727   O7  174 X    0
  2nd closest surface     7.727   O3  174 X    0
  found on step    1
 current point:
  at point    0.317   0.255  -9.802
  closest atom surface    7.727   O7  174 X    0
  2nd closest surface     7.727   O3  174 X    0
  found on step  957
  no. of rejections          310
 stored as   -49

 highest radius point found:
  at point    0.338   0.298 -10.002
  closest atom surface    7.889   O3  174 X    0
  2nd closest surface     7.889   O7  174 X    0
  found on step  624
 current point:
  at point    0.337   0.296 -10.002
  closest atom surface    7.889   O3  174 X    0
  2nd closest surface     7.889   O7  174 X    0
  found on step  975
  no. of rejections          296
 stored as   -50

 highest radius point found:
  at point    0.338   0.298 -10.202
  closest atom surface    8.053   O3  174 X    0
  2nd closest surface     8.053   O7  174 X    0
  found on step    1
 current point:
  at point    0.336   0.293 -10.202
  closest atom surface    8.053   O7  174 X    0
  2nd closest surface     8.053   O3  174 X    0
  found on step  974
  no. of rejections          299
 stored as   -51

 highest radius point found:
  at point    0.341   0.304 -10.402
  closest atom surface    8.218   O7  174 X    0
  2nd closest surface     8.218   O3  174 X    0
  found on step  952
  this is also current point
  no. of rejections          297
 stored as   -52

 highest radius point found:
  at point    0.349   0.320 -10.602
  closest atom surface    8.384   O7  174 X    0
  2nd closest surface     8.384   O3  174 X    0
  found on step  874
 current point:
  at point    0.329   0.281 -10.602
  closest atom surface    8.383   O3  174 X    0
  2nd closest surface     8.384   O7  174 X    0
  found on step  907
  no. of rejections          301
 stored as   -53

 highest radius point found:
  at point    0.359   0.338 -10.802
  closest atom surface    8.551   O7  174 X    0
  2nd closest surface     8.552   H34 174 X    0
  found on step  835
 current point:
  at point    0.357   0.334 -10.802
  closest atom surface    8.551   O7  174 X    0
  2nd closest surface     8.552   O3  174 X    0
  found on step  982
  no. of rejections          299
 stored as   -54

 highest radius point found:
  at point    0.359   0.338 -11.002
  closest atom surface    8.720   O7  174 X    0
  2nd closest surface     8.720   O3  174 X    0
  found on step    1
 current point:
  at point    0.355   0.332 -11.002
  closest atom surface    8.720   O3  174 X    0
  2nd closest surface     8.720   O7  174 X    0
  found on step  997
  no. of rejections          296
 stored as   -55

 highest radius point found:
  at point    0.359   0.338 -11.202
  closest atom surface    8.889   O7  174 X    0
  2nd closest surface     8.890   O3  174 X    0
  found on step    1
 current point:
  at point    0.368   0.364 -11.202
  closest atom surface    8.888   O3  174 X    0
  2nd closest surface     8.889   H34 174 X    0
  found on step  893
  no. of rejections          305
 stored as   -56

 highest radius point found:
  at point    0.371   0.363 -11.402
  closest atom surface    9.061   O3  174 X    0
  2nd closest surface     9.061   O7  174 X    0
  found on step  937
  this is also current point
  no. of rejections          293
 stored as   -57

 highest radius point found:
  at point    0.371   0.363 -11.602
  closest atom surface    9.232   O3  174 X    0
  2nd closest surface     9.232   O7  174 X    0
  found on step    1
 current point:
  at point    0.360   0.341 -11.602
  closest atom surface    9.232   O3  174 X    0
  2nd closest surface     9.232   O7  174 X    0
  found on step  978
  no. of rejections          282
 stored as   -58

 highest radius point found:
  at point    0.384   0.386 -11.802
  closest atom surface    9.405   O7  174 X    0
  2nd closest surface     9.405   O3  174 X    0
  found on step  990
  this is also current point
  no. of rejections          311
 stored as   -59

 highest radius point found:
  at point    0.384   0.386 -12.002
  closest atom surface    9.579   O7  174 X    0
  2nd closest surface     9.579   O3  174 X    0
  found on step    1
 current point:
  at point    0.381   0.382 -12.002
  closest atom surface    9.579   O3  174 X    0
  2nd closest surface     9.579   O7  174 X    0
  found on step  904
  no. of rejections          301
 stored as   -60

 highest radius point found:
  at point    0.395   0.407 -12.202
  closest atom surface    9.753   O7  174 X    0
  2nd closest surface     9.754   O3  174 X    0
  found on step  906
  this is also current point
  no. of rejections          283
 stored as   -61

 highest radius point found:
  at point    0.395   0.410 -12.402
  closest atom surface    9.928   O3  174 X    0
  2nd closest surface     9.929   O7  174 X    0
  found on step  819
 current point:
  at point    0.376   0.371 -12.402
  closest atom surface    9.928   O7  174 X    0
  2nd closest surface     9.928   O3  174 X    0
  found on step  913
  no. of rejections          296
 stored as   -62

 highest radius point found:
  at point    0.395   0.410 -12.602
  closest atom surface   10.104   O3  174 X    0
  2nd closest surface    10.105   O7  174 X    0
  found on step  728
 current point:
  at point    0.375   0.370 -12.602
  closest atom surface   10.104   O3  174 X    0
  2nd closest surface    10.104   O7  174 X    0
  found on step  996
  no. of rejections          296
 stored as   -63

 highest radius point found:
  at point    0.395   0.410 -12.802
  closest atom surface   10.281   O3  174 X    0
  2nd closest surface    10.282   O7  174 X    0
  found on step    1
 current point:
  at point    0.382   0.381 -12.802
  closest atom surface   10.280   O7  174 X    0
  2nd closest surface    10.281   O3  174 X    0
  found on step  935
  no. of rejections          272
 stored as   -64

 highest radius point found:
  at point    0.395   0.410 -13.002
  closest atom surface   10.459   O3  174 X    0
  2nd closest surface    10.459   O7  174 X    0
  found on step    1
 current point:
  at point    0.388   0.396 -13.002
  closest atom surface   10.458   O3  174 X    0
  2nd closest surface    10.459   O7  174 X    0
  found on step  920
  no. of rejections          281
 stored as   -65

 highest radius point found:
  at point    0.397   0.414 -13.202
  closest atom surface   10.637   O3  174 X    0
  2nd closest surface    10.637   O7  174 X    0
  found on step  983
  this is also current point
  no. of rejections          295
 stored as   -66

 highest radius point found:
  at point    0.397   0.414 -13.402
  closest atom surface   10.816   O3  174 X    0
  2nd closest surface    10.816   O7  174 X    0
  found on step    1
 current point:
  at point    0.392   0.406 -13.402
  closest atom surface   10.815   O3  174 X    0
  2nd closest surface    10.816   O7  174 X    0
  found on step  985
  no. of rejections          296
 stored as   -67

 highest radius point found:
  at point    0.397   0.414 -13.602
  closest atom surface   10.995   O3  174 X    0
  2nd closest surface    10.995   O7  174 X    0
  found on step    1
 current point:
  at point    0.398   0.416 -13.602
  closest atom surface   10.995   O3  174 X    0
  2nd closest surface    10.995   O10 174 X    0
  found on step  954
  no. of rejections          269
 stored as   -68

 highest radius point found:
  at point    0.397   0.414 -13.802
  closest atom surface   11.174   O2  174 X    0
  2nd closest surface    11.175   O3  174 X    0
  found on step    1
 current point:
  at point    0.403   0.417 -13.802
  closest atom surface   11.173   O10 174 X    0
  2nd closest surface    11.174   O7  174 X    0
  found on step  947
  no. of rejections          290
 stored as   -69

 highest radius point found:
  at point    0.400   0.419 -14.002
  closest atom surface   11.353   O2  174 X    0
  2nd closest surface    11.355   O10 174 X    0
  found on step  993
  this is also current point
  no. of rejections          273
 stored as   -70

 highest radius point found:
  at point    0.407   0.420 -14.202
  closest atom surface   11.534   O10 174 X    0
  2nd closest surface    11.534   O2  174 X    0
  found on step  990
  this is also current point
  no. of rejections          268
 stored as   -71

 highest radius point found:
  at point    0.413   0.422 -14.402
  closest atom surface   11.713   O10 174 X    0
  2nd closest surface    11.715   O7  174 X    0
  found on step  824
 current point:
  at point    0.411   0.412 -14.402
  closest atom surface   11.713   O2  174 X    0
  2nd closest surface    11.713   O7  174 X    0
  found on step  984
  no. of rejections          263
 stored as   -72

 highest radius point found:
  at point    0.415   0.425 -14.602
  closest atom surface   11.895   O10 174 X    0
  2nd closest surface    11.895   O2  174 X    0
  found on step  981
  this is also current point
  no. of rejections          254
 stored as   -73

 highest radius point found:
  at point    0.419   0.425 -14.802
  closest atom surface   12.076   O10 174 X    0
  2nd closest surface    12.077   O2  174 X    0
  found on step  938
  this is also current point
  no. of rejections          273
 stored as   -74

 highest radius point found:
  at point    0.426   0.423 -15.002
  closest atom surface   12.259   O2  174 X    0
  2nd closest surface    12.259   O10 174 X    0
  found on step  925
  this is also current point
  no. of rejections          260
 stored as   -75

 highest radius point found:
  at point    0.430   0.421 -15.202
  closest atom surface   12.440   O2  174 X    0
  2nd closest surface    12.441   O7  174 X    0
  found on step  862
 current point:
  at point    0.431   0.414 -15.202
  closest atom surface   12.439   O7  174 X    0
  2nd closest surface    12.439   O2  174 X    0
  found on step  987
  no. of rejections          288
 stored as   -76

 highest radius point found:
  at point    0.433   0.429 -15.402
  closest atom surface   12.624   O10 174 X    0
  2nd closest surface    12.624   O2  174 X    0
  found on step  811
 current point:
  at point    0.436   0.426 -15.402
  closest atom surface   12.624   O10 174 X    0
  2nd closest surface    12.624   O7  174 X    0
  found on step  989
  no. of rejections          266
 stored as   -77

 highest radius point found:
  at point    0.442   0.426 -15.602
  closest atom surface   12.806   O7  174 X    0
  2nd closest surface    12.807   O10 174 X    0
  found on step  995
  this is also current point
  no. of rejections          245
 stored as   -78

 highest radius point found:
  at point    0.445   0.426 -15.802
  closest atom surface   12.991   O7  174 X    0
  2nd closest surface    12.991   O2  174 X    0
  found on step  827
 current point:
  at point    0.437   0.438 -15.802
  closest atom surface   12.990   O2  174 X    0
  2nd closest surface    12.990   O10 174 X    0
  found on step  949
  no. of rejections          272
 stored as   -79

 highest radius point found:
  at point    0.448   0.431 -16.002
  closest atom surface   13.175   O10 174 X    0
  2nd closest surface    13.176   O2  174 X    0
  found on step  973
  this is also current point
  no. of rejections          237
 stored as   -80

 highest radius point found:
  at point    0.450   0.434 -16.202
  closest atom surface   13.360   O2  174 X    0
  2nd closest surface    13.360   O10 174 X    0
  found on step  993
  this is also current point
  no. of rejections          237
 stored as   -81

 highest radius point found:
  at point    0.458   0.437 -16.402
  closest atom surface   13.544   O10 174 X    0
  2nd closest surface    13.546   O7  174 X    0
  found on step  966
  this is also current point
  no. of rejections          265
 stored as   -82

 highest radius point found:
  at point    0.463   0.432 -16.602
  closest atom surface   13.730   O7  174 X    0
  2nd closest surface    13.730   O2  174 X    0
  found on step  998
  this is also current point
  no. of rejections          253
 stored as   -83

 highest radius point found:
  at point    0.468   0.434 -16.802
  closest atom surface   13.916   O7  174 X    0
  2nd closest surface    13.916   O10 174 X    0
  found on step  961
  this is also current point
  no. of rejections          246
 stored as   -84

 highest radius point found:
  at point    0.471   0.436 -17.002
  closest atom surface   14.102   O10 174 X    0
  2nd closest surface    14.102   O2  174 X    0
  found on step  950
  this is also current point
  no. of rejections          268
 stored as   -85

 highest radius point found:
  at point    0.476   0.438 -17.202
  closest atom surface   14.289   O10 174 X    0
  2nd closest surface    14.289   O2  174 X    0
  found on step  722
 current point:
  at point    0.469   0.446 -17.202
  closest atom surface   14.288   O2  174 X    0
  2nd closest surface    14.288   O10 174 X    0
  found on step  992
  no. of rejections          223
 stored as   -86

 highest radius point found:
  at point    0.480   0.435 -17.402
  closest atom surface   14.475   O2  174 X    0
  2nd closest surface    14.475   O7  174 X    0
  found on step  961
  this is also current point
  no. of rejections          245
 stored as   -87

 highest radius point found:
  at point    0.485   0.440 -17.602
  closest atom surface   14.662   O10 174 X    0
  2nd closest surface    14.663   O2  174 X    0
  found on step  996
  this is also current point
  no. of rejections          242
 stored as   -88

 highest radius point found:
  at point    0.490   0.438 -17.802
  closest atom surface   14.849   O7  174 X    0
  2nd closest surface    14.850   O2  174 X    0
  found on step  995
  this is also current point
  no. of rejections          239
 stored as   -89

 highest radius point found:
  at point    0.493   0.445 -18.002
  closest atom surface   15.037   O10 174 X    0
  2nd closest surface    15.038   O2  174 X    0
  found on step  962
  this is also current point
  no. of rejections          247
 stored as   -90

 highest radius point found:
  at point    0.502   0.443 -18.202
  closest atom surface   15.225   O10 174 X    0
  2nd closest surface    15.225   O7  174 X    0
  found on step  993
  this is also current point
  no. of rejections          239
 stored as   -91

 highest radius point found:
  at point    0.502   0.443 -18.402
  closest atom surface   15.414   O2  174 X    0
  2nd closest surface    15.414   O7  174 X    0
  found on step  809
 current point:
  at point    0.500   0.446 -18.402
  closest atom surface   15.413   O2  174 X    0
  2nd closest surface    15.414   O10 174 X    0
  found on step  964
  no. of rejections          249
 stored as   -92

 highest radius point found:
  at point    0.508   0.447 -18.602
  closest atom surface   15.602   O10 174 X    0
  2nd closest surface    15.603   O2  174 X    0
  found on step  306
 current point:
  at point    0.507   0.435 -18.602
  closest atom surface   15.601   O2  174 X    0
  2nd closest surface    15.601   O7  174 X    0
  found on step  931
  no. of rejections          228
 stored as   -93

 highest radius point found:
  at point    0.510   0.449 -18.802
  closest atom surface   15.791   O2  174 X    0
  2nd closest surface    15.791   O10 174 X    0
  found on step  978
  this is also current point
  no. of rejections          246
 stored as   -94

 highest radius point found:
  at point    0.515   0.449 -19.002
  closest atom surface   15.980   O2  174 X    0
  2nd closest surface    15.980   O10 174 X    0
  found on step  890
 current point:
  at point    0.516   0.444 -19.002
  closest atom surface   15.979   O2  174 X    0
  2nd closest surface    15.980   O7  174 X    0
  found on step  954
  no. of rejections          246
 stored as   -95

 highest radius point found:
  at point    0.523   0.450 -19.202
  closest atom surface   16.169   O10 174 X    0
  2nd closest surface    16.169   O7  174 X    0
  found on step  989
  this is also current point
  no. of rejections          245
 stored as   -96

 highest radius point found:
  at point    0.524   0.452 -19.402
  closest atom surface   16.359   O10 174 X    0
  2nd closest surface    16.359   O2  174 X    0
  found on step  935
  this is also current point
  no. of rejections          239
 stored as   -97

 highest radius point found:
  at point    0.527   0.456 -19.602
  closest atom surface   16.548   O2  174 X    0
  2nd closest surface    16.548   O1  174 X    0
  found on step  216
 current point:
  at point    0.527   0.459 -19.602
  closest atom surface   16.548   O10 174 X    0
  2nd closest surface    16.549   O2  174 X    0
  found on step  971
  no. of rejections          231
 stored as   -98

 highest radius point found:
  at point    0.527   0.462 -19.802
  closest atom surface   16.737   O1  174 X    0
  2nd closest surface    16.737   O2  174 X    0
  found on step  992
  this is also current point
  no. of rejections          267
 stored as   -99

 highest radius point found:
  at point    0.525   0.473 -20.002
  closest atom surface   16.927   O2  174 X    0
  2nd closest surface    16.927   O10 174 X    0
  found on step  857
 current point:
  at point    0.523   0.474 -20.002
  closest atom surface   16.927   O2  174 X    0
  2nd closest surface    16.927   O10 174 X    0
  found on step  896
  no. of rejections          255
 stored as  -100

 highest radius point found:
  at point    0.524   0.478 -20.202
  closest atom surface   17.116   O2  174 X    0
  2nd closest surface    17.118   O1  174 X    0
  found on step  989
  this is also current point
  no. of rejections          240
 stored as  -101

 highest radius point found:
  at point    0.526   0.484 -20.402
  closest atom surface   17.307   O2  174 X    0
  2nd closest surface    17.307   O1  174 X    0
  found on step  800
 current point:
  at point    0.522   0.489 -20.402
  closest atom surface   17.306   O2  174 X    0
  2nd closest surface    17.308   O10 174 X    0
  found on step  973
  no. of rejections          236
 stored as  -102

 highest radius point found:
  at point    0.522   0.501 -20.602
  closest atom surface   17.497   O10 174 X    0
  2nd closest surface    17.497   O2  174 X    0
  found on step  910
  this is also current point
  no. of rejections          217
 stored as  -103

 highest radius point found:
  at point    0.531   0.499 -20.802
  closest atom surface   17.688   O10 174 X    0
  2nd closest surface    17.688   O1  174 X    0
  found on step  988
  this is also current point
  no. of rejections          202
 stored as  -104

 highest radius point found:
  at point    0.532   0.506 -21.002
  closest atom surface   17.878   O10 174 X    0
  2nd closest surface    17.879   O1  174 X    0
  found on step  986
  this is also current point
  no. of rejections          216
 stored as  -105

 highest radius point found:
  at point    0.530   0.514 -21.202
  closest atom surface   18.069   O10 174 X    0
  2nd closest surface    18.070   O1  174 X    0
  found on step  726
 current point:
  at point    0.521   0.525 -21.202
  closest atom surface   18.069   O10 174 X    0
  2nd closest surface    18.069   O2  174 X    0
  found on step  955
  no. of rejections          232
 stored as  -106

 highest radius point found:
  at point    0.528   0.523 -21.402
  closest atom surface   18.260   O10 174 X    0
  2nd closest surface    18.261   O2  174 X    0
  found on step  996
  this is also current point
  no. of rejections          203
 stored as  -107

 highest radius point found:
  at point    0.529   0.528 -21.602
  closest atom surface   18.452   O10 174 X    0
  2nd closest surface    18.452   O2  174 X    0
  found on step  973
  this is also current point
  no. of rejections          217
 stored as  -108

 highest radius point found:
  at point    0.530   0.535 -21.802
  closest atom surface   18.643   O10 174 X    0
  2nd closest surface    18.644   O1  174 X    0
  found on step  731
 current point:
  at point    0.524   0.540 -21.802
  closest atom surface   18.643   O2  174 X    0
  2nd closest surface    18.643   O10 174 X    0
  found on step  931
  no. of rejections          227
 stored as  -109

 highest radius point found:
  at point    0.513   0.564 -22.002
  closest atom surface   18.833   O2  174 X    0
  2nd closest surface    18.834   O10 174 X    0
  found on step  847
 current point:
  at point    0.524   0.555 -22.002
  closest atom surface   18.833   O10 174 X    0
  2nd closest surface    18.835   O2  174 X    0
  found on step  982
  no. of rejections          220
 stored as  -110

 highest radius point found:
  at point    0.512   0.572 -22.202
  closest atom surface   19.025   O2  174 X    0
  2nd closest surface    19.025   O10 174 X    0
  found on step  989
  this is also current point
  no. of rejections          199
 stored as  -111

 highest radius point found:
  at point    0.528   0.554 -22.402
  closest atom surface   19.218   O2  174 X    0
  2nd closest surface    19.218   O1  174 X    0
  found on step  892
  this is also current point
  no. of rejections          223
 stored as  -112

 highest radius point found:
  at point    0.530   0.567 -22.602
  closest atom surface   19.410   O10 174 X    0
  2nd closest surface    19.411   O2  174 X    0
  found on step  987
  this is also current point
  no. of rejections          220
 stored as  -113

 highest radius point found:
  at point    0.530   0.567 -22.802
  closest atom surface   19.602   O1  174 X    0
  2nd closest surface    19.603   O2  174 X    0
  found on step    1
 current point:
  at point    0.523   0.564 -22.802
  closest atom surface   19.600   O2  174 X    0
  2nd closest surface    19.602   O1  174 X    0
  found on step  991
  no. of rejections          225
 stored as  -114

 highest radius point found:
  at point    0.522   0.588 -23.002
  closest atom surface   19.795   O2  174 X    0
  2nd closest surface    19.795   O10 174 X    0
  found on step  671
 current point:
  at point    0.541   0.574 -23.002
  closest atom surface   19.794   O10 174 X    0
  2nd closest surface    19.794   O1  174 X    0
  found on step  979
  no. of rejections          207
 stored as  -115

 highest radius point found:
  at point    0.535   0.587 -23.202
  closest atom surface   19.986   O10 174 X    0
  2nd closest surface    19.989   O1  174 X    0
  found on step  986
  this is also current point
  no. of rejections          223
 stored as  -116

 highest radius point found:
  at point    0.529   0.595 -23.402
  closest atom surface   20.180   O10 174 X    0
  2nd closest surface    20.180   O2  174 X    0
  found on step  983
  this is also current point
  no. of rejections          201
 stored as  -117

 highest radius point found:
  at point    0.529   0.595 -23.602
  closest atom surface   20.372   O2  174 X    0
  2nd closest surface    20.372   O1  174 X    0
  found on step  911
  this is also current point
  no. of rejections          223
 stored as  -118

 highest radius point found:
  at point    0.534   0.604 -23.802
  closest atom surface   20.566   O1  174 X    0
  2nd closest surface    20.566   O10 174 X    0
  found on step  996
  this is also current point
  no. of rejections          196
 stored as  -119

 highest radius point found:
  at point    0.532   0.613 -24.002
  closest atom surface   20.759   O10 174 X    0
  2nd closest surface    20.759   O1  174 X    0
  found on step  998
  this is also current point
  no. of rejections          215
 stored as  -120

 highest radius point found:
  at point    0.534   0.616 -24.202
  closest atom surface   20.951   O1  174 X    0
  2nd closest surface    20.952   O2  174 X    0
  found on step  948
  this is also current point
  no. of rejections          200
 stored as  -121

 highest radius point found:
  at point    0.532   0.627 -24.402
  closest atom surface   21.145   O10 174 X    0
  2nd closest surface    21.146   O2  174 X    0
  found on step  967
  this is also current point
  no. of rejections          217
 stored as  -122

 highest radius point found:
  at point    0.533   0.635 -24.602
  closest atom surface   21.338   O10 174 X    0
  2nd closest surface    21.339   O1  174 X    0
  found on step  982
  this is also current point
  no. of rejections          208
 stored as  -123

 highest radius point found:
  at point    0.530   0.644 -24.802
  closest atom surface   21.532   O10 174 X    0
  2nd closest surface    21.532   O2  174 X    0
  found on step  414
 current point:
  at point    0.532   0.647 -24.802
  closest atom surface   21.531   O10 174 X    0
  2nd closest surface    21.533   O2  174 X    0
  found on step  995
  no. of rejections          202
 stored as  -124

 highest radius point found:
  at point    0.527   0.655 -25.002
  closest atom surface   21.726   O10 174 X    0
  2nd closest surface    21.726   O2  174 X    0
  found on step  870
 current point:
  at point    0.528   0.651 -25.002
  closest atom surface   21.725   O2  174 X    0
  2nd closest surface    21.726   O10 174 X    0
  found on step  969
  no. of rejections          226
 stored as  -125

 highest radius point found:
  at point    0.536   0.654 -25.202
  closest atom surface   21.919   O10 174 X    0
  2nd closest surface    21.919   O1  174 X    0
  found on step  910
  this is also current point
  no. of rejections          207
 stored as  -126

 highest radius point found:
  at point    0.536   0.660 -25.402
  closest atom surface   22.113   O1  174 X    0
  2nd closest surface    22.113   O10 174 X    0
  found on step  787
 current point:
  at point    0.533   0.665 -25.402
  closest atom surface   22.113   O10 174 X    0
  2nd closest surface    22.114   O2  174 X    0
  found on step  996
  no. of rejections          207
 This is an end! (radius above  22.0 angs)
 
 N.b. Graph information routine (HOGRAP) differs 
        markedly from previous versions!
       Information now is written from -ve end
       to +ve in one pass
 
 Explanation of the meaning of each column: 
 First column "cenxyz.cvec" is the coordinate in the
   direction of the channel vector i.e. if the channel
   vector is in z (0 0 1) then it is the z coordinate.
 The second column "radius" is the hole pore radius 
   (as defined in the Biophys J 1993) article).
 The third column "cen_line_D" is the distance 
   measured along the pore centre line - with the 
   first point found set to zero. This was the first
   thing that I used to measure the distance along a pore
   but "cenxyz.cvec" is a much better general measure. 
   However, by comparing changes in this distance to changes in '   "cenxyz.cvec" one can get a measure of how straight a 
   channel is.
 The fourth column "sum{s/(area)}" is useful in conductance
   prediction -
   basically it is the sum of the thickness of each slab
   divided by its area. HOLE uses this measure to estimate
   the macroscopic conductance of a channel.
 If any of this worries you one can see the "raw" results
   of a standard hole run by producing a sphpdb file and 
    directly looking at the results.
 cenxyz.cvec      radius  cen_line_D sum{s/(area point sourc
   -25.20167    21.91928   -25.39754     0.00007   (sampled)
   -25.10167    21.82238   -25.29744     0.00013 (mid-point)
   -25.00167    21.72550   -25.19734     0.00020   (sampled)
   -24.90167    21.62873   -25.09718     0.00027 (mid-point)
   -24.80167    21.53200   -24.99702     0.00034   (sampled)
   -24.70167    21.43523   -24.89689     0.00041 (mid-point)
   -24.60167    21.33849   -24.79677     0.00048   (sampled)
   -24.50167    21.24188   -24.69670     0.00055 (mid-point)
   -24.40167    21.14530   -24.59663     0.00062   (sampled)
   -24.30167    21.04847   -24.49647     0.00069 (mid-point)
   -24.20167    20.95119   -24.39630     0.00076   (sampled)
   -24.10167    20.85518   -24.29628     0.00084 (mid-point)
   -24.00167    20.75898   -24.19626     0.00091   (sampled)
   -23.90167    20.66240   -24.09616     0.00098 (mid-point)
   -23.80167    20.56571   -23.99607     0.00106   (sampled)
   -23.70167    20.46903   -23.89594     0.00114 (mid-point)
   -23.60167    20.37230   -23.79581     0.00121   (sampled)
   -23.50167    20.27638   -23.69580     0.00129 (mid-point)
   -23.40167    20.18001   -23.59580     0.00137   (sampled)
   -23.30167    20.08319   -23.49570     0.00145 (mid-point)
   -23.20167    19.98641   -23.39559     0.00153   (sampled)
   -23.10167    19.89049   -23.29537     0.00161 (mid-point)
   -23.00167    19.79456   -23.19516     0.00169   (sampled)
   -22.90167    19.69853   -23.09453     0.00177 (mid-point)
   -22.80167    19.60208   -22.99390     0.00185   (sampled)
   -22.70167    19.50677   -22.89390     0.00194 (mid-point)
   -22.60167    19.40999   -22.79390     0.00202   (sampled)
   -22.50167    19.31459   -22.69370     0.00211 (mid-point)
   -22.40167    19.21813   -22.59350     0.00219   (sampled)
   -22.30167    19.12165   -22.49281     0.00228 (mid-point)
   -22.20167    19.02521   -22.39211     0.00237   (sampled)
   -22.10167    18.92933   -22.29204     0.00246 (mid-point)
   -22.00167    18.83349   -22.19196     0.00255   (sampled)
   -21.90167    18.73838   -22.09055     0.00264 (mid-point)
   -21.80167    18.64331   -21.98914     0.00273   (sampled)
   -21.70167    18.54760   -21.88908     0.00282 (mid-point)
   -21.60167    18.45194   -21.78903     0.00291   (sampled)
   -21.50167    18.35607   -21.68900     0.00301 (mid-point)
   -21.40167    18.26024   -21.58897     0.00310   (sampled)
   -21.30167    18.16480   -21.48885     0.00320 (mid-point)
   -21.20167    18.06940   -21.38873     0.00330   (sampled)
   -21.10167    17.97381   -21.28865     0.00340 (mid-point)
   -21.00167    17.87827   -21.18856     0.00350   (sampled)
   -20.90167    17.78293   -21.08850     0.00360 (mid-point)
   -20.80167    17.68764   -20.98844     0.00370   (sampled)
   -20.70167    17.59211   -20.88835     0.00380 (mid-point)
   -20.60167    17.49662   -20.78826     0.00391   (sampled)
   -20.50167    17.40213   -20.68786     0.00401 (mid-point)
   -20.40167    17.30687   -20.58747     0.00412   (sampled)
   -20.30167    17.21159   -20.48741     0.00422 (mid-point)
   -20.20167    17.11635   -20.38736     0.00433   (sampled)
   -20.10167    17.02167   -20.28733     0.00444 (mid-point)
   -20.00167    16.92704   -20.18729     0.00455   (sampled)
   -19.90167    16.83223   -20.08715     0.00467 (mid-point)
   -19.80167    16.73739   -19.98701     0.00478   (sampled)
   -19.70167    16.64278   -19.88696     0.00489 (mid-point)
   -19.60167    16.54818   -19.78691     0.00501   (sampled)
   -19.50167    16.45347   -19.68689     0.00513 (mid-point)
   -19.40167    16.35878   -19.58686     0.00525   (sampled)
   -19.30167    16.26376   -19.48686     0.00537 (mid-point)
   -19.20167    16.16880   -19.38685     0.00549   (sampled)
   -19.10167    16.07446   -19.28678     0.00561 (mid-point)
   -19.00167    15.97996   -19.18670     0.00574   (sampled)
   -18.90167    15.88535   -19.08666     0.00586 (mid-point)
   -18.80167    15.79080   -18.98663     0.00599   (sampled)
   -18.70167    15.69656   -18.88662     0.00612 (mid-point)
   -18.60167    15.60203   -18.78661     0.00625   (sampled)
   -18.50167    15.50809   -18.68656     0.00638 (mid-point)
   -18.40167    15.41358   -18.58651     0.00652   (sampled)
   -18.30167    15.31947   -18.48651     0.00665 (mid-point)
   -18.20167    15.22477   -18.38651     0.00679   (sampled)
   -18.10167    15.13087   -18.28640     0.00693 (mid-point)
   -18.00167    15.03705   -18.18629     0.00707   (sampled)
   -17.90167    14.94375   -18.08622     0.00721 (mid-point)
   -17.80167    14.84947   -17.98614     0.00736   (sampled)
   -17.70167    14.75621   -17.88609     0.00750 (mid-point)
   -17.60167    14.66245   -17.78604     0.00765   (sampled)
   -17.50167    14.56874   -17.68598     0.00780 (mid-point)
   -17.40167    14.47492   -17.58592     0.00795   (sampled)
   -17.30167    14.38184   -17.48589     0.00811 (mid-point)
   -17.20167    14.28851   -17.38585     0.00826   (sampled)
   -17.10167    14.19529   -17.28582     0.00842 (mid-point)
   -17.00167    14.10216   -17.18579     0.00858   (sampled)
   -16.90167    14.00908   -17.08577     0.00874 (mid-point)
   -16.80167    13.91594   -16.98575     0.00891   (sampled)
   -16.70167    13.82311   -16.88571     0.00907 (mid-point)
   -16.60167    13.73037   -16.78568     0.00924   (sampled)
   -16.50167    13.63703   -16.68562     0.00941 (mid-point)
   -16.40167    13.54354   -16.58557     0.00959   (sampled)
   -16.30167    13.45155   -16.48548     0.00976 (mid-point)
   -16.20167    13.35966   -16.38540     0.00994   (sampled)
   -16.10167    13.26732   -16.28538     0.01012 (mid-point)
   -16.00167    13.17508   -16.18536     0.01031   (sampled)
   -15.90167    13.08322   -16.08531     0.01049 (mid-point)
   -15.80167    12.99068   -15.98526     0.01068   (sampled)
   -15.70167    12.89845   -15.88526     0.01087 (mid-point)
   -15.60167    12.80632   -15.78525     0.01107   (sampled)
   -15.50167    12.71523   -15.68513     0.01126 (mid-point)
   -15.40167    12.62355   -15.58501     0.01146   (sampled)
   -15.30167    12.53200   -15.48492     0.01167 (mid-point)
   -15.20167    12.44023   -15.38483     0.01187   (sampled)
   -15.10167    12.34940   -15.28481     0.01208 (mid-point)
   -15.00167    12.25869   -15.18479     0.01229   (sampled)
   -14.90167    12.16743   -15.08473     0.01251 (mid-point)
   -14.80167    12.07629   -14.98467     0.01273   (sampled)
   -14.70167    11.98537   -14.88464     0.01295 (mid-point)
   -14.60167    11.89459   -14.78461     0.01317   (sampled)
   -14.50167    11.80394   -14.68459     0.01340 (mid-point)
   -14.40167    11.71341   -14.58458     0.01363   (sampled)
   -14.30167    11.62352   -14.48452     0.01387 (mid-point)
   -14.20167    11.53377   -14.38446     0.01411   (sampled)
   -14.10167    11.44350   -14.28440     0.01435 (mid-point)
   -14.00167    11.35326   -14.18435     0.01460   (sampled)
   -13.90167    11.26363   -14.08431     0.01485 (mid-point)
   -13.80167    11.17414   -13.98427     0.01510   (sampled)
   -13.70167    11.08505   -13.88427     0.01536 (mid-point)
   -13.60167    10.99512   -13.78427     0.01563   (sampled)
   -13.50167    10.90534   -13.68427     0.01589 (mid-point)
   -13.40167    10.81571   -13.58427     0.01617   (sampled)
   -13.30167    10.72624   -13.48427     0.01644 (mid-point)
   -13.20167    10.63694   -13.38427     0.01672   (sampled)
   -13.10167    10.54766   -13.28424     0.01701 (mid-point)
   -13.00167    10.45854   -13.18421     0.01730   (sampled)
   -12.90167    10.36975   -13.08421     0.01760 (mid-point)
   -12.80167    10.28113   -12.98421     0.01790   (sampled)
   -12.70167    10.19269   -12.88421     0.01820 (mid-point)
   -12.60167    10.10443   -12.78421     0.01852   (sampled)
   -12.50167    10.01634   -12.68421     0.01883 (mid-point)
   -12.40167     9.92843   -12.58421     0.01916   (sampled)
   -12.30167     9.84099   -12.48420     0.01948 (mid-point)
   -12.20167     9.75314   -12.38418     0.01982   (sampled)
   -12.10167     9.66579   -12.28349     0.02016 (mid-point)
   -12.00167     9.57867   -12.18280     0.02051   (sampled)
   -11.90167     9.49184   -12.08280     0.02086 (mid-point)
   -11.80167     9.40522   -11.98280     0.02122   (sampled)
   -11.70167     9.31864   -11.88197     0.02159 (mid-point)
   -11.60167     9.23214   -11.78113     0.02196   (sampled)
   -11.50167     9.14622   -11.68113     0.02234 (mid-point)
   -11.40167     9.06055   -11.58113     0.02273   (sampled)
   -11.30167     8.97502   -11.48013     0.02312 (mid-point)
   -11.20167     8.88947   -11.37914     0.02353   (sampled)
   -11.10167     8.80456   -11.27914     0.02394 (mid-point)
   -11.00167     8.71992   -11.17914     0.02436   (sampled)
   -10.90167     8.63556   -11.07914     0.02478 (mid-point)
   -10.80167     8.55148   -10.97914     0.02522   (sampled)
   -10.70167     8.46761   -10.87861     0.02566 (mid-point)
   -10.60167     8.38405   -10.77809     0.02611   (sampled)
   -10.50167     8.30074   -10.67769     0.02658 (mid-point)
   -10.40167     8.21774   -10.57729     0.02705   (sampled)
   -10.30167     8.13516   -10.47724     0.02753 (mid-point)
   -10.20167     8.05287   -10.37719     0.02802   (sampled)
   -10.10167     7.97098   -10.27719     0.02852 (mid-point)
   -10.00167     7.88943   -10.17719     0.02903   (sampled)
    -9.90167     7.80793   -10.07380     0.02955 (mid-point)
    -9.80167     7.72682    -9.97041     0.03009   (sampled)
    -9.70167     7.64636    -9.87041     0.03063 (mid-point)
    -9.60167     7.56627    -9.77041     0.03119   (sampled)
    -9.50167     7.48658    -9.67041     0.03176 (mid-point)
    -9.40167     7.40730    -9.57041     0.03234   (sampled)
    -9.30167     7.32842    -9.47041     0.03293 (mid-point)
    -9.20167     7.24998    -9.37041     0.03353   (sampled)
    -9.10167     7.17191    -9.27027     0.03415 (mid-point)
    -9.00167     7.09429    -9.17013     0.03479   (sampled)
    -8.90167     7.01719    -9.07013     0.03543 (mid-point)
    -8.80167     6.94055    -8.97013     0.03609   (sampled)
    -8.70167     6.86445    -8.86969     0.03677 (mid-point)
    -8.60167     6.78861    -8.76924     0.03746   (sampled)
    -8.50167     6.71346    -8.66924     0.03816 (mid-point)
    -8.40167     6.63885    -8.56924     0.03889   (sampled)
    -8.30167     6.56477    -8.46289     0.03963 (mid-point)
    -8.20167     6.49140    -8.35653     0.04038   (sampled)
    -8.10167     6.41845    -8.25653     0.04115 (mid-point)
    -8.00167     6.34608    -8.15653     0.04194   (sampled)
    -7.90167     6.27432    -8.05653     0.04275 (mid-point)
    -7.80167     6.20317    -7.95653     0.04358   (sampled)
    -7.70167     6.13266    -7.85653     0.04443 (mid-point)
    -7.60167     6.06279    -7.75653     0.04529   (sampled)
    -7.50167     5.99360    -7.65653     0.04618 (mid-point)
    -7.40167     5.92510    -7.55653     0.04708   (sampled)
    -7.30167     5.85748    -7.45305     0.04801 (mid-point)
    -7.20167     5.79061    -7.34956     0.04896   (sampled)
    -7.10167     5.72415    -7.24805     0.04993 (mid-point)
    -7.00167     5.65849    -7.14655     0.05093   (sampled)
    -6.90167     5.59367    -7.04312     0.05194 (mid-point)
    -6.80167     5.52973    -6.93970     0.05299   (sampled)
    -6.70167     5.46648    -6.83663     0.05405 (mid-point)
    -6.60167     5.40416    -6.73357     0.05514   (sampled)
    -6.50167     5.34333    -6.62723     0.05626 (mid-point)
    -6.40167     5.28334    -6.52089     0.05740   (sampled)
    -6.30167     5.22376    -6.42089     0.05856 (mid-point)
    -6.20167     5.16514    -6.32089     0.05976   (sampled)
    -6.10167     5.10748    -6.22089     0.06098 (mid-point)
    -6.00167     5.05082    -6.12089     0.06222   (sampled)
    -5.90167     4.99516    -6.02079     0.06350 (mid-point)
    -5.80167     4.94054    -5.92068     0.06480   (sampled)
    -5.70167     4.88703    -5.82068     0.06614 (mid-point)
    -5.60167     4.83461    -5.72068     0.06750   (sampled)
    -5.50167     4.78391    -5.61672     0.06889 (mid-point)
    -5.40167     4.73449    -5.51276     0.07031   (sampled)
    -5.30167     4.68555    -5.41276     0.07176 (mid-point)
    -5.20167     4.63782    -5.31276     0.07324   (sampled)
    -5.10167     4.59153    -5.21245     0.07475 (mid-point)
    -5.00167     4.54643    -5.11214     0.07629   (sampled)
    -4.90167     4.50188    -5.01200     0.07786 (mid-point)
    -4.80167     4.45864    -4.91186     0.07946   (sampled)
    -4.70167     4.41837    -4.80986     0.08109 (mid-point)
    -4.60167     4.37954    -4.70787     0.08275   (sampled)
    -4.50167     4.34107    -4.60787     0.08444 (mid-point)
    -4.40167     4.30402    -4.50787     0.08616   (sampled)
    -4.30167     4.26809    -4.40708     0.08791 (mid-point)
    -4.20167     4.23367    -4.30629     0.08968   (sampled)
    -4.10167     4.20151    -4.20334     0.09148 (mid-point)
    -4.00167     4.17098    -4.10039     0.09331   (sampled)
    -3.90167     4.14102    -4.00015     0.09517 (mid-point)
    -3.80167     4.11264    -3.89991     0.09705   (sampled)
    -3.70167     4.08884    -3.79969     0.09896 (mid-point)
    -3.60167     4.06304    -3.69947     0.10088   (sampled)
    -3.50167     4.04002    -3.59947     0.10283 (mid-point)
    -3.40167     4.01867    -3.49947     0.10481   (sampled)
    -3.30167     3.99901    -3.39947     0.10680 (mid-point)
    -3.20167     3.98105    -3.29947     0.10880   (sampled)
    -3.10167     3.96458    -3.19719     0.11083 (mid-point)
    -3.00167     3.94994    -3.09491     0.11287   (sampled)
    -2.90167     3.93596    -2.98756     0.11492 (mid-point)
    -2.80167     3.92372    -2.88021     0.11699   (sampled)
    -2.70167     3.91353    -2.77156     0.11907 (mid-point)
    -2.60167     3.90544    -2.66291     0.12116   (sampled)
    -2.50167     3.89302    -2.55773     0.12326 (mid-point)
    -2.40167     3.88015    -2.45256     0.12537   (sampled)
    -2.30167     3.86762    -2.34476     0.12750 (mid-point)
    -2.20167     3.85534    -2.23695     0.12964   (sampled)
    -2.10167     3.84804    -2.13562     0.13179 (mid-point)
    -2.00167     3.84242    -2.03428     0.13395   (sampled)
    -1.90167     3.83564    -1.93381     0.13611 (mid-point)
    -1.80167     3.83053    -1.83335     0.13828   (sampled)
    -1.70167     3.81965    -1.73335     0.14046 (mid-point)
    -1.60167     3.81051    -1.63335     0.14265   (sampled)
    -1.50167     3.80398    -1.53335     0.14485 (mid-point)
    -1.40167     3.79749    -1.43334     0.14706   (sampled)
    -1.30167     3.79366    -1.33334     0.14927 (mid-point)
    -1.20167     3.79159    -1.23334     0.15149   (sampled)
    -1.10167     3.79124    -1.13330     0.15370 (mid-point)
    -1.00167     3.79267    -1.03326     0.15591   (sampled)
    -0.90167     3.79592    -0.93326     0.15812 (mid-point)
    -0.80167     3.80094    -0.83326     0.16033   (sampled)
    -0.70167     3.80772    -0.73326     0.16252 (mid-point)
    -0.60167     3.81586    -0.63326     0.16471   (sampled)
    -0.50167     3.82131    -0.52512     0.16689 (mid-point)
    -0.40167     3.82842    -0.41698     0.16906   (sampled)
    -0.30167     3.82368    -0.31350     0.17124 (mid-point)
    -0.20167     3.81924    -0.21003     0.17342   (sampled)
    -0.10167     3.80584    -0.10501     0.17562 (mid-point)
    -0.00167     3.79436    -0.00000     0.17783   (sampled)
     0.09833     3.78328     0.10487     0.18005 (mid-point)
     0.19833     3.77024     0.20974     0.18229   (sampled)
     0.29833     3.75565     0.31020     0.18455 (mid-point)
     0.39833     3.74284     0.41066     0.18682   (sampled)
     0.49833     3.73050     0.51069     0.18911 (mid-point)
     0.59833     3.71983     0.61073     0.19141   (sampled)
     0.69833     3.71171     0.71078     0.19372 (mid-point)
     0.79833     3.70440     0.81082     0.19604   (sampled)
     0.89833     3.69730     0.91232     0.19837 (mid-point)
     0.99833     3.68886     1.01381     0.20071   (sampled)
     1.09833     3.67470     1.11500     0.20306 (mid-point)
     1.19833     3.66238     1.21619     0.20544   (sampled)
     1.29833     3.65191     1.31670     0.20782 (mid-point)
     1.39833     3.64341     1.41720     0.21022   (sampled)
     1.49833     3.63724     1.51774     0.21263 (mid-point)
     1.59833     3.63309     1.61828     0.21504   (sampled)
     1.69833     3.63079     1.71874     0.21745 (mid-point)
     1.79833     3.63050     1.81920     0.21987   (sampled)
     1.89833     3.63217     1.92333     0.22228 (mid-point)
     1.99833     3.63581     2.02745     0.22469   (sampled)
     2.09833     3.64219     2.12781     0.22709 (mid-point)
     2.19833     3.64942     2.22817     0.22948   (sampled)
     2.29833     3.65798     2.33219     0.23186 (mid-point)
     2.39833     3.66869     2.43620     0.23422   (sampled)
     2.49833     3.67523     2.54950     0.23658 (mid-point)
     2.59833     3.68434     2.66279     0.23892   (sampled)
     2.69833     3.69152     2.76285     0.24126 (mid-point)
     2.79833     3.70082     2.86291     0.24358   (sampled)
     2.89833     3.71290     2.96311     0.24589 (mid-point)
     2.99833     3.72467     3.06331     0.24819   (sampled)
     3.09833     3.73962     3.16342     0.25046 (mid-point)
     3.19833     3.75639     3.26352     0.25272   (sampled)
     3.29833     3.77493     3.36360     0.25495 (mid-point)
     3.39833     3.79340     3.46367     0.25716   (sampled)
     3.49833     3.81803     3.56455     0.25935 (mid-point)
     3.59833     3.84256     3.66543     0.26150   (sampled)
     3.69833     3.86810     3.76663     0.26363 (mid-point)
     3.79833     3.89538     3.86783     0.26573   (sampled)
     3.89833     3.92396     3.97054     0.26780 (mid-point)
     3.99833     3.95428     4.07325     0.26983   (sampled)
     4.09833     3.98841     4.17481     0.27183 (mid-point)
     4.19833     4.02409     4.27638     0.27380   (sampled)
     4.29833     4.06085     4.37653     0.27573 (mid-point)
     4.39833     4.09931     4.47668     0.27762   (sampled)
     4.49833     4.13795     4.57920     0.27948 (mid-point)
     4.59833     4.17833     4.68171     0.28131   (sampled)
     4.69833     4.22192     4.78214     0.28309 (mid-point)
     4.79833     4.26707     4.88256     0.28484   (sampled)
     4.89833     4.31343     4.98274     0.28655 (mid-point)
     4.99833     4.36008     5.08292     0.28822   (sampled)
     5.09833     4.40862     5.18462     0.28986 (mid-point)
     5.19833     4.45796     5.28632     0.29146   (sampled)
     5.29833     4.50939     5.38655     0.29303 (mid-point)
     5.39833     4.56152     5.48678     0.29456   (sampled)
     5.49833     4.61562     5.58730     0.29605 (mid-point)
     5.59833     4.67042     5.68782     0.29751   (sampled)
     5.69833     4.72571     5.78974     0.29894 (mid-point)
     5.79833     4.78227     5.89166     0.30033   (sampled)
     5.89833     4.84006     5.99257     0.30169 (mid-point)
     5.99833     4.89900     6.09349     0.30301   (sampled)
     6.09833     4.96012     6.19423     0.30431 (mid-point)
     6.19833     5.02231     6.29496     0.30557   (sampled)
     6.29833     5.08406     6.39590     0.30680 (mid-point)
     6.39833     5.14684     6.49683     0.30800   (sampled)
     6.49833     5.21147     6.59704     0.30918 (mid-point)
     6.59833     5.27703     6.69725     0.31032   (sampled)
     6.69833     5.34276     6.79787     0.31143 (mid-point)
     6.79833     5.40927     6.89850     0.31252   (sampled)
     6.89833     5.47682     6.99996     0.31358 (mid-point)
     6.99833     5.54518     7.10142     0.31462   (sampled)
     7.09833     5.61472     7.20163     0.31563 (mid-point)
     7.19833     5.68492     7.30184     0.31661   (sampled)
     7.29833     5.75338     7.40189     0.31757 (mid-point)
     7.39833     5.82103     7.50195     0.31851   (sampled)
     7.49833     5.89002     7.60207     0.31943 (mid-point)
     7.59833     5.95970     7.70218     0.32033   (sampled)
     7.69833     6.02997     7.80235     0.32120 (mid-point)
     7.79833     6.10066     7.90251     0.32206   (sampled)
     7.89833     6.17102     8.00296     0.32289 (mid-point)
     7.99833     6.24203     8.10340     0.32371   (sampled)
     8.09833     6.31591     8.20349     0.32451 (mid-point)
     8.19833     6.38808     8.30358     0.32529   (sampled)
     8.29833     6.46246     8.40382     0.32605 (mid-point)
     8.39833     6.53633     8.50407     0.32680   (sampled)
     8.49833     6.61185     8.60410     0.32752 (mid-point)
     8.59833     6.68714     8.70414     0.32824   (sampled)
     8.69833     6.76258     8.80428     0.32893 (mid-point)
     8.79833     6.83853     8.90443     0.32961   (sampled)
     8.89833     6.91628     9.00452     0.33028 (mid-point)
     8.99833     6.99273     9.10460     0.33093   (sampled)
     9.09833     7.07098     9.20482     0.33157 (mid-point)
     9.19833     7.14890     9.30503     0.33219   (sampled)
     9.29833     7.22722     9.40524     0.33280 (mid-point)
     9.39833     7.30598     9.50545     0.33339   (sampled)
     9.49833     7.38635     9.60549     0.33398 (mid-point)
     9.59833     7.46609     9.70554     0.33455   (sampled)
     9.69833     7.54655     9.80570     0.33511 (mid-point)
     9.79833     7.62734     9.90587     0.33565   (sampled)
     9.89833     7.70828    10.00598     0.33619 (mid-point)
     9.99833     7.78958    10.10609     0.33671   (sampled)
    10.09833     7.87095    10.20639     0.33723 (mid-point)
    10.19833     7.95269    10.30669     0.33773   (sampled)
    10.29833     8.03568    10.40671     0.33822 (mid-point)
    10.39833     8.11868    10.50672     0.33871   (sampled)
    10.49833     8.20101    10.60672     0.33918 (mid-point)
    10.59833     8.28237    10.70672     0.33965   (sampled)
    10.69833     8.36790    10.80706     0.34010 (mid-point)
    10.79833     8.45315    10.90740     0.34055   (sampled)
    10.89833     8.53687    11.00784     0.34098 (mid-point)
    10.99833     8.62089    11.10827     0.34141   (sampled)
    11.09833     8.70640    11.20831     0.34183 (mid-point)
    11.19833     8.79192    11.30834     0.34224   (sampled)
    11.29833     8.87664    11.40858     0.34265 (mid-point)
    11.39833     8.96164    11.50883     0.34304   (sampled)
    11.49833     9.04883    11.60883     0.34343 (mid-point)
    11.59833     9.13451    11.70883     0.34381   (sampled)
    11.69833     9.21953    11.81079     0.34419 (mid-point)
    11.79833     9.30483    11.91275     0.34455   (sampled)
    11.89833     9.39357    12.01309     0.34492 (mid-point)
    11.99833     9.48093    12.11343     0.34527   (sampled)
    12.09833     9.56910    12.21343     0.34562 (mid-point)
    12.19833     9.65590    12.31343     0.34596   (sampled)
    12.29833     9.74426    12.41362     0.34629 (mid-point)
    12.39833     9.83231    12.51380     0.34662   (sampled)
    12.49833     9.92014    12.61387     0.34695 (mid-point)
    12.59833    10.00766    12.71395     0.34726   (sampled)
    12.69833    10.09679    12.81415     0.34758 (mid-point)
    12.79833    10.18595    12.91434     0.34788   (sampled)
    12.89833    10.27469    13.01440     0.34818 (mid-point)
    12.99833    10.36348    13.11446     0.34848   (sampled)
    13.09833    10.45307    13.21453     0.34877 (mid-point)
    13.19833    10.54222    13.31460     0.34906   (sampled)
    13.29833    10.62982    13.41460     0.34934 (mid-point)
    13.39833    10.71760    13.51460     0.34962   (sampled)
    13.49833    10.81055    13.61528     0.34989 (mid-point)
    13.59833    10.90052    13.71596     0.35016   (sampled)
    13.69833    10.99081    13.81632     0.35042 (mid-point)
    13.79833    11.08125    13.91669     0.35068   (sampled)
    13.89833    11.17217    14.01673     0.35094 (mid-point)
    13.99833    11.26322    14.11678     0.35119   (sampled)
    14.09833    11.35332    14.21697     0.35143 (mid-point)
    14.19833    11.44357    14.31716     0.35168   (sampled)
    14.29833    11.53455    14.41805     0.35192 (mid-point)
    14.39833    11.62568    14.51894     0.35215   (sampled)
    14.49833    11.71698    14.61908     0.35238 (mid-point)
    14.59833    11.80841    14.71922     0.35261   (sampled)
    14.69833    11.90025    14.81924     0.35284 (mid-point)
    14.79833    11.99220    14.91927     0.35306   (sampled)
    14.89833    12.08348    15.02001     0.35328 (mid-point)
    14.99833    12.17478    15.12075     0.35349   (sampled)
    15.09833    12.26742    15.22113     0.35370 (mid-point)
    15.19833    12.36017    15.32151     0.35391   (sampled)
    15.29833    12.45265    15.42151     0.35412 (mid-point)
    15.39833    12.54462    15.52152     0.35432   (sampled)
    15.49833    12.63700    15.62180     0.35452 (mid-point)
    15.59833    12.72950    15.72208     0.35471   (sampled)
    15.69833    12.82206    15.82216     0.35491 (mid-point)
    15.79833    12.91473    15.92224     0.35510   (sampled)
    15.89833    13.00696    16.02224     0.35529 (mid-point)
    15.99833    13.09930    16.12224     0.35547   (sampled)
    16.09833    13.19349    16.22370     0.35565 (mid-point)
    16.19833    13.28564    16.32516     0.35583   (sampled)
    16.29833    13.37997    16.42533     0.35601 (mid-point)
    16.39833    13.47343    16.52549     0.35619   (sampled)
    16.49833    13.56665    16.62592     0.35636 (mid-point)
    16.59833    13.65903    16.72636     0.35653   (sampled)
    16.69833    13.75339    16.82636     0.35670 (mid-point)
    16.79833    13.84782    16.92636     0.35687   (sampled)
    16.89833    13.94069    17.02984     0.35703 (mid-point)
    16.99833    14.03369    17.13332     0.35719   (sampled)
    17.09833    14.12827    17.23467     0.35735 (mid-point)
    17.19833    14.22293    17.33602     0.35751   (sampled)
    17.29833    14.31707    17.43606     0.35766 (mid-point)
    17.39833    14.41117    17.53611     0.35782   (sampled)
    17.49833    14.50517    17.63616     0.35797 (mid-point)
    17.59833    14.59882    17.73621     0.35812   (sampled)
    17.69833    14.69382    17.83654     0.35826 (mid-point)
    17.79833    14.78794    17.93688     0.35841   (sampled)
    17.89833    14.88242    18.03718     0.35855 (mid-point)
    17.99833    14.97664    18.13749     0.35870   (sampled)
    18.09833    15.07094    18.23766     0.35884 (mid-point)
    18.19833    15.16499    18.33782     0.35897   (sampled)
    18.29833    15.26007    18.43938     0.35911 (mid-point)
    18.39833    15.35491    18.54094     0.35925   (sampled)
    18.49833    15.45022    18.64120     0.35938 (mid-point)
    18.59833    15.54528    18.74146     0.35951   (sampled)
    18.69833    15.64002    18.84152     0.35964 (mid-point)
    18.79833    15.73482    18.94158     0.35977   (sampled)
    18.89833    15.83007    19.04187     0.35990 (mid-point)
    18.99833    15.92537    19.14216     0.36002   (sampled)
    19.09833    16.02034    19.24230     0.36015 (mid-point)
    19.19833    16.11526    19.34243     0.36027   (sampled)
    19.29833    16.21046    19.44350     0.36039 (mid-point)
    19.39833    16.30484    19.54456     0.36051   (sampled)
    19.49833    16.40100    19.64466     0.36063 (mid-point)
    19.59833    16.49687    19.74475     0.36075   (sampled)
    19.69833    16.59243    19.84482     0.36086 (mid-point)
    19.79833    16.68805    19.94488     0.36098   (sampled)
    19.89833    16.78315    20.04779     0.36109 (mid-point)
    19.99833    16.87823    20.15069     0.36120   (sampled)
    20.09833    16.97374    20.25167     0.36131 (mid-point)
    20.19833    17.06931    20.35265     0.36142   (sampled)
    20.29833    17.16526    20.45270     0.36153 (mid-point)
    20.39833    17.26118    20.55275     0.36163   (sampled)
    20.49833    17.35763    20.65534     0.36174 (mid-point)
    20.59833    17.45413    20.75793     0.36184   (sampled)
    20.69833    17.54999    20.85812     0.36195 (mid-point)
    20.79833    17.64589    20.95832     0.36205   (sampled)
    20.89833    17.74192    21.05842     0.36215 (mid-point)
    20.99833    17.83783    21.15853     0.36225   (sampled)
    21.09833    17.93343    21.25853     0.36235 (mid-point)
    21.19833    18.02907    21.35853     0.36245   (sampled)
    21.29833    18.12577    21.45936     0.36255 (mid-point)
    21.39833    18.22249    21.56018     0.36264   (sampled)
    21.49833    18.31874    21.66023     0.36274 (mid-point)
    21.59833    18.41500    21.76027     0.36283   (sampled)
    21.69833    18.51124    21.86033     0.36292 (mid-point)
    21.79833    18.60752    21.96038     0.36301   (sampled)
    21.89833    18.70421    22.06051     0.36311 (mid-point)
    21.99833    18.80031    22.16064     0.36320   (sampled)
    22.09833    18.89714    22.26066     0.36328 (mid-point)
    22.19833    18.99352    22.36068     0.36337   (sampled)
    22.29833    19.09020    22.46080     0.36346 (mid-point)
    22.39833    19.18686    22.56093     0.36355   (sampled)
    22.49833    19.28297    22.66647     0.36363 (mid-point)
    22.59833    19.37910    22.77201     0.36372   (sampled)
    22.69833    19.47605    22.87269     0.36380 (mid-point)
    22.79833    19.57304    22.97338     0.36388   (sampled)
    22.89833    19.66983    23.07341     0.36397 (mid-point)
    22.99833    19.76660    23.17344     0.36405   (sampled)
    23.09833    19.86345    23.27363     0.36413 (mid-point)
    23.19833    19.96033    23.37383     0.36421   (sampled)
    23.29833    20.05740    23.47412     0.36429 (mid-point)
    23.39833    20.15391    23.57442     0.36437   (sampled)
    23.49833    20.25104    23.67449     0.36444 (mid-point)
    23.59833    20.34810    23.77457     0.36452   (sampled)
    23.69833    20.44498    23.87554     0.36460 (mid-point)
    23.79833    20.54184    23.97650     0.36467   (sampled)
    23.89833    20.63896    24.07670     0.36475 (mid-point)
    23.99833    20.73610    24.17689     0.36482   (sampled)
    24.09833    20.83316    24.27711     0.36489 (mid-point)
    24.19833    20.93026    24.37733     0.36497   (sampled)
    24.29833    21.02751    24.47743     0.36504 (mid-point)
    24.39833    21.12462    24.57752     0.36511   (sampled)
    24.49833    21.22175    24.67894     0.36518 (mid-point)
    24.59833    21.31892    24.78037     0.36525   (sampled)
    24.69833    21.41622    24.88043     0.36532 (mid-point)
    24.79833    21.51355    24.98049     0.36539   (sampled)
    24.89833    21.61059    25.08049     0.36546 (mid-point)
    24.99833    21.70758    25.18049     0.36552   (sampled)
    25.09833    21.80521    25.28064     0.36559 (mid-point)
    25.19833    21.90225    25.38079     0.36566   (sampled)

 Minimum radius found:      3.631 angstroms.



 For spherical probe approach, The geometric factor
         F= sum(ds/area) along channel is    0.366 angstroms**-1
 This yields a macroscopic predicted molar conductance of:
   (1/rho)*(100/F)= (270/rho) pS,
   where rho is the conductivity of 1M permeant ion in ohm m.
 N.B. this is a macroscopic conductance - an overestimate 
 Empirically corrected conductances currently only available
 With the CAPSULE option (although its not that stable!)
 For 1M KCl rho= 1/12 (ohm m), So Gmacro= 3300 pS/M.
  (TAG      1   Rmin=     3.63050   Gmacro=  3281.75437 Conn_Gmacro=    -1.00000 ).
 HOLE: normal completion
