 *** Program HOLE ***
 
 If results of this run are reported or published, please
 cite the publication listed below.
 For the HOLE program:
   Smart, O.S., Goodfellow, J.M., Wallace, B.A. (1993). 
   The pore dimensions of gramicidin A. 
   Biophys. J., 65, 2455-2460.
 
 Originally written by Oliver Smart at Birkbeck College from April 1992.
 Copyright 1993-2005 Oliver Smart
 Copyright 2014-2015 SmartSci Limited.
 Copyright 2016 Oliver Smart.
 
 For help on HOLE suite see  http://www.holeprogram.org/
 
 HOLE release 2.2.005 (07 August 2016) 
 
 usage subject to Apache License, Version 2.0 
 see http://www.apache.org/licenses/LICENSE-2.0 

 Control variables read:

! Input file for Oliver Smart's HOLE program
! written by MDAnalysis.analysis.hole2.HoleAnalysis
! for a Universe
! u = mda.Universe(/afs/crc.nd.edu/user/m/mfarshad/Private/ML-new/traj/host-107/
!    /afs/crc.nd.edu/user/m/mfarshad/Private/ML-new/traj/host-107/host_107.trr
!   )
! Frame 83

COORD  /tmp/2550071.1.long/tmpde0tvoov.pdb
RADIUS simple2.rad
SPHPDB hole083.sph
SAMPLE 0.200000
ENDRAD 22.000000
IGNORE SOL WAT TIP HOH K   NA  CL
SHORTO 0
RASEED 31415
CPOINT 50.2473209143 50.9373655558 49.7995099545


 WARNING have not found a CVECT record - will try to guess
 Input pdb filename read as:    '/tmp/2550071.1.long/tmpde0tvoov.pdb'
 Input vdW radius file read as: 'simple2.rad'
 point in channel:   50.247  50.937  49.800
 channel vector:   ************************
 sampling distance between planes:    0.200

 graphics conditions:
 binary plot output file name: NONE
 Dot density:    10
 Draw dots?           T
 Draw close contacts? F
 Draw centre line?    T
 Produce spikes rather than dots? F
 Seed for random number generator:     31415 (0 means value set by program)
 Radius above which a result is regarded as an 'end':  22.000
 Pdb format file for sphere centres: hole083.sph

 Monte Carlo conditions:
  no of steps:  1000
  maximum displacement   0.100 angs
  'kT' initial   0.100 angs
 The spherebox and capsule options are turned off.
 (No molqpt card so will not write qpt file of the molecule)
 IGNORE card read so will ignore residue types: SOL WAT TIP HOH K   NA  CL
 no SHORTO card read so will produce full textual output
 As no PEGRAT card was found will not produce PEG polymer exclusion graph
 (No 2DMAPS card specified so will not produce 2D property maps)
 Have not found a CUT card.  Normal calculation using
   Cutoff lists with a cutsize=       1.000
   (if you wish to turn off option use a CUT -1 card)

 Have read     7 bond radius records and
              16 vdW radius records.
 From file: simple2.rad

 Have read   160 atom records.
 From file: /tmp/2550071.1.long/tmpde0tvoov.pdb
 Will not produce graphical output

 Have opened file for pdb format output of sphere centres:  hole083.sph

  Seed integer used by ran # generator on this run      31415

 
 S/R cguess will try to guess CPOINT and/or CVECT
 
 THESE GUESSES MAY WELL BE WRONG!!!!
 Routine relies on having a reasonably symmetric
 channel oriented along x, y or z vector
 YOU ARE STRONGLY ADVISED TO CHECK THE RESULTS
                       WITH MOLECULAR GRAPHICS
 testing points from cpoint in X, Y then Z direction
   point                   pore radius
direction     1
  45.247  50.937  49.800     5.210
  46.247  50.937  49.800     4.685
  47.247  50.937  49.800     4.299
  48.247  50.937  49.800     4.083
  49.247  50.937  49.800     3.926
  50.247  50.937  49.800     3.891
  51.247  50.937  49.800     4.058
  52.247  50.937  49.800     4.182
  53.247  50.937  49.800     4.443
  54.247  50.937  49.800     4.864
  55.247  50.937  49.800     5.416
 Average pore radius along the line=      4.460
direction     2
  50.247  45.937  49.800     0.137
  50.247  46.937  49.800     1.003
  50.247  47.937  49.800     1.866
  50.247  48.937  49.800     2.647
  50.247  49.937  49.800     3.432
  50.247  50.937  49.800     3.891
  50.247  51.937  49.800     2.929
  50.247  52.937  49.800     1.991
  50.247  53.937  49.800     1.111
  50.247  54.937  49.800     0.403
  50.247  55.937  49.800     0.044
 Average pore radius along the line=      1.769
direction     3
  50.247  50.937  44.800    -0.320
  50.247  50.937  45.800     0.589
  50.247  50.937  46.800     1.549
  50.247  50.937  47.800     2.527
  50.247  50.937  48.800     3.513
  50.247  50.937  49.800     3.891
  50.247  50.937  50.800     3.293
  50.247  50.937  51.800     2.341
  50.247  50.937  52.800     1.417
  50.247  50.937  53.800     0.554
  50.247  50.937  54.800    -0.150
 Average pore radius along the line=      1.746
 Best direction is found to be     1
(1=X,2=Y,3=Z)
 s/r cguess has produced initial values for cpoint &/or cvect:
CPOINT      50.2473     50.9374     49.7995
CVECT        1.0000      0.0000      0.0000
 THESE GUESSES MAY WELL BE WRONG!!!!
 Routine relies on having a reasonably symmetric
 channel oriented along x, y or z vector
 YOU ARE STRONGLY ADVISED TO CHECK THE RESULTS
                       WITH MOLECULAR GRAPHICS
 
 
  Some routines (e.g. conn) need vectors normal to cvect: 
     EAST Zero degrees angle is along vector    0.000   1.000   0.000
     NORTH  90 degrees angle is along vector    0.000   0.000  -1.000
 highest radius point found:
  at point   50.247  50.687  49.653
  closest atom surface    4.100   H32 107 X    1
  2nd closest surface     4.102   C28 107 X    1
  found on step  938
  this is also current point
  no. of rejections          407
 stored as     0

 highest radius point found:
  at point   50.447  50.701  49.609
  closest atom surface    4.097   H32 107 X    1
  2nd closest surface     4.097   C28 107 X    1
  found on step  965
  this is also current point
  no. of rejections          397
 stored as     1

 highest radius point found:
  at point   50.647  50.717  49.564
  closest atom surface    4.100   C28 107 X    1
  2nd closest surface     4.100   H64 107 X    1
  found on step  407
 current point:
  at point   50.647  50.718  49.565
  closest atom surface    4.099   H64 107 X    1
  2nd closest surface     4.102   C28 107 X    1
  found on step  977
  no. of rejections          376
 stored as     2

 highest radius point found:
  at point   50.847  50.730  49.525
  closest atom surface    4.112   C28 107 X    1
  2nd closest surface     4.113   H32 107 X    1
  found on step  949
  this is also current point
  no. of rejections          384
 stored as     3

 highest radius point found:
  at point   51.047  50.747  49.480
  closest atom surface    4.129   H64 107 X    1
  2nd closest surface     4.130   C28 107 X    1
  found on step  980
  this is also current point
  no. of rejections          423
 stored as     4

 highest radius point found:
  at point   51.247  50.793  49.517
  closest atom surface    4.140   H64 107 X    1
  2nd closest surface     4.143   H32 107 X    1
  found on step  976
  this is also current point
  no. of rejections          405
 stored as     5

 highest radius point found:
  at point   51.447  50.820  49.514
  closest atom surface    4.166   C89 107 X    1
  2nd closest surface     4.166   H32 107 X    1
  found on step  930
  this is also current point
  no. of rejections          390
 stored as     6

 highest radius point found:
  at point   51.647  50.851  49.536
  closest atom surface    4.186   H32 107 X    1
  2nd closest surface     4.188   C89 107 X    1
  found on step  894
  this is also current point
  no. of rejections          420
 stored as     7

 highest radius point found:
  at point   51.847  50.886  49.562
  closest atom surface    4.214   C89 107 X    1
  2nd closest surface     4.215   H32 107 X    1
  found on step  913
  this is also current point
  no. of rejections          398
 stored as     8

 highest radius point found:
  at point   52.047  50.917  49.584
  closest atom surface    4.250   C89 107 X    1
  2nd closest surface     4.251   H32 107 X    1
  found on step  974
  this is also current point
  no. of rejections          369
 stored as     9

 highest radius point found:
  at point   52.247  50.949  49.608
  closest atom surface    4.291   C89 107 X    1
  2nd closest surface     4.294   H32 107 X    1
  found on step  958
  this is also current point
  no. of rejections          385
 stored as    10

 highest radius point found:
  at point   52.447  50.978  49.633
  closest atom surface    4.341   H32 107 X    1
  2nd closest surface     4.342   C89 107 X    1
  found on step  979
  this is also current point
  no. of rejections          401
 stored as    11

 highest radius point found:
  at point   52.647  51.007  49.654
  closest atom surface    4.398   H32 107 X    1
  2nd closest surface     4.399   C89 107 X    1
  found on step  975
  this is also current point
  no. of rejections          391
 stored as    12

 highest radius point found:
  at point   52.847  51.036  49.675
  closest atom surface    4.461   C89 107 X    1
  2nd closest surface     4.461   H32 107 X    1
  found on step  975
  this is also current point
  no. of rejections          392
 stored as    13

 highest radius point found:
  at point   53.047  51.069  49.706
  closest atom surface    4.528   C89 107 X    1
  2nd closest surface     4.530   H32 107 X    1
  found on step  422
 current point:
  at point   53.047  51.074  49.714
  closest atom surface    4.527   C89 107 X    1
  2nd closest surface     4.530   H32 107 X    1
  found on step  994
  no. of rejections          384
 stored as    14

 highest radius point found:
  at point   53.247  51.094  49.723
  closest atom surface    4.605   C89 107 X    1
  2nd closest surface     4.605   H32 107 X    1
  found on step  954
  this is also current point
  no. of rejections          389
 stored as    15

 highest radius point found:
  at point   53.447  51.117  49.739
  closest atom surface    4.687   H32 107 X    1
  2nd closest surface     4.687   C89 107 X    1
  found on step  931
  this is also current point
  no. of rejections          363
 stored as    16

 highest radius point found:
  at point   53.647  51.143  49.759
  closest atom surface    4.774   H32 107 X    1
  2nd closest surface     4.774   C89 107 X    1
  found on step  894
  this is also current point
  no. of rejections          384
 stored as    17

 highest radius point found:
  at point   53.847  51.167  49.778
  closest atom surface    4.865   H32 107 X    1
  2nd closest surface     4.867   H9  107 X    1
  found on step  976
  this is also current point
  no. of rejections          400
 stored as    18

 highest radius point found:
  at point   54.047  51.194  49.800
  closest atom surface    4.963   C89 107 X    1
  2nd closest surface     4.964   H32 107 X    1
  found on step  925
  this is also current point
  no. of rejections          370
 stored as    19

 highest radius point found:
  at point   54.247  51.218  49.822
  closest atom surface    5.064   H32 107 X    1
  2nd closest surface     5.067   C89 107 X    1
  found on step  324
 current point:
  at point   54.247  51.225  49.835
  closest atom surface    5.064   H32 107 X    1
  2nd closest surface     5.065   C89 107 X    1
  found on step  962
  no. of rejections          357
 stored as    20

 highest radius point found:
  at point   54.447  51.245  49.844
  closest atom surface    5.172   C89 107 X    1
  2nd closest surface     5.173   H32 107 X    1
  found on step  997
  this is also current point
  no. of rejections          351
 stored as    21

 highest radius point found:
  at point   54.647  51.271  49.874
  closest atom surface    5.283   H32 107 X    1
  2nd closest surface     5.284   C89 107 X    1
  found on step  851
 current point:
  at point   54.647  51.272  49.869
  closest atom surface    5.282   C89 107 X    1
  2nd closest surface     5.285   H32 107 X    1
  found on step  980
  no. of rejections          369
 stored as    22

 highest radius point found:
  at point   54.847  51.286  49.872
  closest atom surface    5.399   H35 107 X    1
  2nd closest surface     5.399   C89 107 X    1
  found on step  944
  this is also current point
  no. of rejections          379
 stored as    23

 highest radius point found:
  at point   55.047  51.315  49.879
  closest atom surface    5.511   H35 107 X    1
  2nd closest surface     5.511   H9  107 X    1
  found on step 1000
  this is also current point
  no. of rejections          383
 stored as    24

 highest radius point found:
  at point   55.247  51.350  49.888
  closest atom surface    5.624   C89 107 X    1
  2nd closest surface     5.625   H51 107 X    1
  found on step  919
  this is also current point
  no. of rejections          364
 stored as    25

 highest radius point found:
  at point   55.447  51.370  49.893
  closest atom surface    5.743   H51 107 X    1
  2nd closest surface     5.744   H35 107 X    1
  found on step  928
  this is also current point
  no. of rejections          370
 stored as    26

 highest radius point found:
  at point   55.647  51.389  49.897
  closest atom surface    5.864   H35 107 X    1
  2nd closest surface     5.864   H9  107 X    1
  found on step  570
 current point:
  at point   55.647  51.396  49.893
  closest atom surface    5.862   H9  107 X    1
  2nd closest surface     5.866   H51 107 X    1
  found on step  893
  no. of rejections          388
 stored as    27

 highest radius point found:
  at point   55.847  51.420  49.903
  closest atom surface    5.987   H51 107 X    1
  2nd closest surface     5.990   H9  107 X    1
  found on step  963
  this is also current point
  no. of rejections          358
 stored as    28

 highest radius point found:
  at point   56.047  51.436  49.908
  closest atom surface    6.118   H51 107 X    1
  2nd closest surface     6.118   H9  107 X    1
  found on step  994
  this is also current point
  no. of rejections          364
 stored as    29

 highest radius point found:
  at point   56.247  51.460  49.910
  closest atom surface    6.248   H9  107 X    1
  2nd closest surface     6.251   H51 107 X    1
  found on step  344
 current point:
  at point   56.247  51.469  49.912
  closest atom surface    6.247   H51 107 X    1
  2nd closest surface     6.249   H9  107 X    1
  found on step  964
  no. of rejections          385
 stored as    30

 highest radius point found:
  at point   56.447  51.476  49.918
  closest atom surface    6.383   H35 107 X    1
  2nd closest surface     6.384   H9  107 X    1
  found on step    4
 current point:
  at point   56.447  51.478  49.915
  closest atom surface    6.382   H9  107 X    1
  2nd closest surface     6.385   H35 107 X    1
  found on step  968
  no. of rejections          335
 stored as    31

 highest radius point found:
  at point   56.647  51.503  49.922
  closest atom surface    6.522   H9  107 X    1
  2nd closest surface     6.522   H51 107 X    1
  found on step  948
  this is also current point
  no. of rejections          346
 stored as    32

 highest radius point found:
  at point   56.847  51.508  49.921
  closest atom surface    6.657   H50 107 X    1
  2nd closest surface     6.658   H9  107 X    1
  found on step  990
  this is also current point
  no. of rejections          331
 stored as    33

 highest radius point found:
  at point   57.047  51.509  49.919
  closest atom surface    6.795   H35 107 X    1
  2nd closest surface     6.795   H9  107 X    1
  found on step  876
  this is also current point
  no. of rejections          334
 stored as    34

 highest radius point found:
  at point   57.247  51.509  49.919
  closest atom surface    6.933   H35 107 X    1
  2nd closest surface     6.935   H50 107 X    1
  found on step    1
 current point:
  at point   57.247  51.521  49.912
  closest atom surface    6.932   H50 107 X    1
  2nd closest surface     6.932   H9  107 X    1
  found on step  962
  no. of rejections          327
 stored as    35

 highest radius point found:
  at point   57.447  51.510  49.912
  closest atom surface    7.076   H9  107 X    1
  2nd closest surface     7.078   H35 107 X    1
  found on step  978
  this is also current point
  no. of rejections          368
 stored as    36

 highest radius point found:
  at point   57.647  51.516  49.911
  closest atom surface    7.222   H9  107 X    1
  2nd closest surface     7.223   H50 107 X    1
  found on step  568
 current point:
  at point   57.647  51.517  49.915
  closest atom surface    7.221   H50 107 X    1
  2nd closest surface     7.222   H35 107 X    1
  found on step  988
  no. of rejections          337
 stored as    37

 highest radius point found:
  at point   57.847  51.517  49.909
  closest atom surface    7.370   H9  107 X    1
  2nd closest surface     7.371   H35 107 X    1
  found on step  942
  this is also current point
  no. of rejections          339
 stored as    38

 highest radius point found:
  at point   58.047  51.520  49.907
  closest atom surface    7.520   H9  107 X    1
  2nd closest surface     7.520   H50 107 X    1
  found on step  863
 current point:
  at point   58.047  51.520  49.906
  closest atom surface    7.520   H9  107 X    1
  2nd closest surface     7.520   H35 107 X    1
  found on step  941
  no. of rejections          332
 stored as    39

 highest radius point found:
  at point   58.247  51.522  49.904
  closest atom surface    7.671   H9  107 X    1
  2nd closest surface     7.672   H35 107 X    1
  found on step  962
  this is also current point
  no. of rejections          314
 stored as    40

 highest radius point found:
  at point   58.447  51.523  49.903
  closest atom surface    7.824   H35 107 X    1
  2nd closest surface     7.825   H50 107 X    1
  found on step  640
 current point:
  at point   58.447  51.522  49.903
  closest atom surface    7.823   H35 107 X    1
  2nd closest surface     7.825   H9  107 X    1
  found on step  932
  no. of rejections          307
 stored as    41

 highest radius point found:
  at point   58.647  51.526  49.901
  closest atom surface    7.979   H50 107 X    1
  2nd closest surface     7.979   H35 107 X    1
  found on step    2
 current point:
  at point   58.647  51.527  49.897
  closest atom surface    7.979   H9  107 X    1
  2nd closest surface     7.981   H50 107 X    1
  found on step  978
  no. of rejections          343
 stored as    42

 highest radius point found:
  at point   58.847  51.527  49.895
  closest atom surface    8.136   H9  107 X    1
  2nd closest surface     8.138   H35 107 X    1
  found on step  575
 current point:
  at point   58.847  51.519  49.893
  closest atom surface    8.135   H35 107 X    1
  2nd closest surface     8.135   H9  107 X    1
  found on step  952
  no. of rejections          321
 stored as    43

 highest radius point found:
  at point   59.047  51.534  49.893
  closest atom surface    8.295   H50 107 X    1
  2nd closest surface     8.295   H9  107 X    1
  found on step  973
  this is also current point
  no. of rejections          346
 stored as    44

 highest radius point found:
  at point   59.247  51.519  49.888
  closest atom surface    8.453   H35 107 X    1
  2nd closest surface     8.453   C82 107 X    1
  found on step  971
  this is also current point
  no. of rejections          321
 stored as    45

 highest radius point found:
  at point   59.447  51.504  49.876
  closest atom surface    8.610   H9  107 X    1
  2nd closest surface     8.611   C82 107 X    1
  found on step  939
  this is also current point
  no. of rejections          339
 stored as    46

 highest radius point found:
  at point   59.647  51.489  49.871
  closest atom surface    8.769   H35 107 X    1
  2nd closest surface     8.770   C82 107 X    1
  found on step  930
  this is also current point
  no. of rejections          313
 stored as    47

 highest radius point found:
  at point   59.847  51.471  49.858
  closest atom surface    8.930   H9  107 X    1
  2nd closest surface     8.931   H35 107 X    1
  found on step  808
 current point:
  at point   59.847  51.478  49.863
  closest atom surface    8.929   C82 107 X    1
  2nd closest surface     8.931   H35 107 X    1
  found on step 1000
  no. of rejections          303
 stored as    48

 highest radius point found:
  at point   60.047  51.456  49.850
  closest atom surface    9.093   H35 107 X    1
  2nd closest surface     9.093   H9  107 X    1
  found on step  887
  this is also current point
  no. of rejections          317
 stored as    49

 highest radius point found:
  at point   60.247  51.442  49.840
  closest atom surface    9.256   H9  107 X    1
  2nd closest surface     9.257   H35 107 X    1
  found on step  996
  this is also current point
  no. of rejections          275
 stored as    50

 highest radius point found:
  at point   60.447  51.428  49.835
  closest atom surface    9.421   H35 107 X    1
  2nd closest surface     9.422   C82 107 X    1
  found on step  945
  this is also current point
  no. of rejections          294
 stored as    51

 highest radius point found:
  at point   60.647  51.414  49.823
  closest atom surface    9.588   H9  107 X    1
  2nd closest surface     9.588   C82 107 X    1
  found on step  973
  this is also current point
  no. of rejections          307
 stored as    52

 highest radius point found:
  at point   60.847  51.400  49.809
  closest atom surface    9.753   H9  107 X    1
  2nd closest surface     9.754   C82 107 X    1
  found on step  889
 current point:
  at point   60.847  51.383  49.809
  closest atom surface    9.753   H35 107 X    1
  2nd closest surface     9.753   H9  107 X    1
  found on step  919
  no. of rejections          294
 stored as    53

 highest radius point found:
  at point   61.047  51.378  49.803
  closest atom surface    9.923   H9  107 X    1
  2nd closest surface     9.923   H35 107 X    1
  found on step  758
 current point:
  at point   61.047  51.382  49.809
  closest atom surface    9.922   H35 107 X    1
  2nd closest surface     9.923   C82 107 X    1
  found on step  941
  no. of rejections          316
 stored as    54

 highest radius point found:
  at point   61.247  51.363  49.794
  closest atom surface   10.092   H9  107 X    1
  2nd closest surface    10.093   H35 107 X    1
  found on step  831
 current point:
  at point   61.247  51.360  49.793
  closest atom surface   10.092   H9  107 X    1
  2nd closest surface    10.092   H35 107 X    1
  found on step  997
  no. of rejections          269
 stored as    55

 highest radius point found:
  at point   61.447  51.351  49.786
  closest atom surface   10.263   C82 107 X    1
  2nd closest surface    10.264   H9  107 X    1
  found on step  950
  this is also current point
  no. of rejections          304
 stored as    56

 highest radius point found:
  at point   61.647  51.338  49.775
  closest atom surface   10.433   C82 107 X    1
  2nd closest surface    10.434   H9  107 X    1
  found on step  877
  this is also current point
  no. of rejections          313
 stored as    57

 highest radius point found:
  at point   61.847  51.316  49.766
  closest atom surface   10.607   H9  107 X    1
  2nd closest surface    10.607   H35 107 X    1
  found on step  939
  this is also current point
  no. of rejections          302
 stored as    58

 highest radius point found:
  at point   62.047  51.298  49.759
  closest atom surface   10.778   H7  107 X    1
  2nd closest surface    10.779   H35 107 X    1
  found on step  976
  this is also current point
  no. of rejections          295
 stored as    59

 highest radius point found:
  at point   62.247  51.282  49.761
  closest atom surface   10.948   H7  107 X    1
  2nd closest surface    10.949   H35 107 X    1
  found on step  947
  this is also current point
  no. of rejections          311
 stored as    60

 highest radius point found:
  at point   62.447  51.279  49.771
  closest atom surface   11.121   H35 107 X    1
  2nd closest surface    11.121   H7  107 X    1
  found on step  771
 current point:
  at point   62.447  51.283  49.777
  closest atom surface   11.119   C82 107 X    1
  2nd closest surface    11.120   H35 107 X    1
  found on step  961
  no. of rejections          285
 stored as    61

 highest radius point found:
  at point   62.647  51.268  49.778
  closest atom surface   11.293   H35 107 X    1
  2nd closest surface    11.294   C82 107 X    1
  found on step  948
  this is also current point
  no. of rejections          309
 stored as    62

 highest radius point found:
  at point   62.847  51.256  49.782
  closest atom surface   11.466   H35 107 X    1
  2nd closest surface    11.467   C82 107 X    1
  found on step  952
  this is also current point
  no. of rejections          286
 stored as    63

 highest radius point found:
  at point   63.047  51.238  49.781
  closest atom surface   11.639   H7  107 X    1
  2nd closest surface    11.640   H35 107 X    1
  found on step  939
  this is also current point
  no. of rejections          280
 stored as    64

 highest radius point found:
  at point   63.247  51.231  49.788
  closest atom surface   11.815   H35 107 X    1
  2nd closest surface    11.815   H7  107 X    1
  found on step  936
  this is also current point
  no. of rejections          267
 stored as    65

 highest radius point found:
  at point   63.447  51.219  49.794
  closest atom surface   11.990   H35 107 X    1
  2nd closest surface    11.991   H7  107 X    1
  found on step  987
  this is also current point
  no. of rejections          230
 stored as    66

 highest radius point found:
  at point   63.647  51.209  49.801
  closest atom surface   12.166   H35 107 X    1
  2nd closest surface    12.166   C82 107 X    1
  found on step  501
 current point:
  at point   63.647  51.180  49.780
  closest atom surface   12.163   H7  107 X    1
  2nd closest surface    12.165   H35 107 X    1
  found on step  970
  no. of rejections          259
 stored as    67

 highest radius point found:
  at point   63.847  51.189  49.797
  closest atom surface   12.342   H7  107 X    1
  2nd closest surface    12.343   H35 107 X    1
  found on step 1000
  this is also current point
  no. of rejections          282
 stored as    68

 highest radius point found:
  at point   64.047  51.181  49.801
  closest atom surface   12.519   H7  107 X    1
  2nd closest surface    12.521   H35 107 X    1
  found on step  939
  this is also current point
  no. of rejections          261
 stored as    69

 highest radius point found:
  at point   64.247  51.168  49.806
  closest atom surface   12.698   H7  107 X    1
  2nd closest surface    12.699   H35 107 X    1
  found on step  926
  this is also current point
  no. of rejections          282
 stored as    70

 highest radius point found:
  at point   64.447  51.156  49.815
  closest atom surface   12.876   H35 107 X    1
  2nd closest surface    12.878   H7  107 X    1
  found on step  839
 current point:
  at point   64.447  51.146  49.813
  closest atom surface   12.874   H35 107 X    1
  2nd closest surface    12.879   H7  107 X    1
  found on step  995
  no. of rejections          271
 stored as    71

 highest radius point found:
  at point   64.647  51.149  49.820
  closest atom surface   13.056   H35 107 X    1
  2nd closest surface    13.056   C82 107 X    1
  found on step  918
  this is also current point
  no. of rejections          263
 stored as    72

 highest radius point found:
  at point   64.847  51.117  49.813
  closest atom surface   13.234   H35 107 X    1
  2nd closest surface    13.236   H7  107 X    1
  found on step   11
 current point:
  at point   64.847  51.105  49.806
  closest atom surface   13.234   H35 107 X    1
  2nd closest surface    13.234   H7  107 X    1
  found on step  932
  no. of rejections          266
 stored as    73

 highest radius point found:
  at point   65.047  51.123  49.826
  closest atom surface   13.417   C82 107 X    1
  2nd closest surface    13.417   H7  107 X    1
  found on step  960
  this is also current point
  no. of rejections          287
 stored as    74

 highest radius point found:
  at point   65.247  51.109  49.828
  closest atom surface   13.597   H7  107 X    1
  2nd closest surface    13.598   H35 107 X    1
  found on step  235
 current point:
  at point   65.247  51.109  49.832
  closest atom surface   13.597   H35 107 X    1
  2nd closest surface    13.598   C82 107 X    1
  found on step  965
  no. of rejections          277
 stored as    75

 highest radius point found:
  at point   65.447  51.098  49.833
  closest atom surface   13.779   H7  107 X    1
  2nd closest surface    13.779   C82 107 X    1
  found on step  856
 current point:
  at point   65.447  51.081  49.823
  closest atom surface   13.777   H7  107 X    1
  2nd closest surface    13.778   H35 107 X    1
  found on step  968
  no. of rejections          268
 stored as    76

 highest radius point found:
  at point   65.647  51.078  49.834
  closest atom surface   13.960   H35 107 X    1
  2nd closest surface    13.960   H7  107 X    1
  found on step  471
 current point:
  at point   65.647  51.078  49.834
  closest atom surface   13.960   H35 107 X    1
  2nd closest surface    13.960   H7  107 X    1
  found on step  955
  no. of rejections          267
 stored as    77

 highest radius point found:
  at point   65.847  51.068  49.839
  closest atom surface   14.143   H7  107 X    1
  2nd closest surface    14.143   H35 107 X    1
  found on step  979
  this is also current point
  no. of rejections          257
 stored as    78

 highest radius point found:
  at point   66.047  51.057  49.844
  closest atom surface   14.325   H7  107 X    1
  2nd closest surface    14.326   H35 107 X    1
  found on step  993
  this is also current point
  no. of rejections          280
 stored as    79

 highest radius point found:
  at point   66.247  51.047  49.849
  closest atom surface   14.509   H7  107 X    1
  2nd closest surface    14.509   C82 107 X    1
  found on step  962
  this is also current point
  no. of rejections          251
 stored as    80

 highest radius point found:
  at point   66.447  51.035  49.853
  closest atom surface   14.692   C44 107 X    1
  2nd closest surface    14.692   C82 107 X    1
  found on step  587
 current point:
  at point   66.447  51.008  49.828
  closest atom surface   14.687   H7  107 X    1
  2nd closest surface    14.687   C44 107 X    1
  found on step  901
  no. of rejections          252
 stored as    81

 highest radius point found:
  at point   66.647  51.025  49.853
  closest atom surface   14.875   C44 107 X    1
  2nd closest surface    14.875   H7  107 X    1
  found on step  871
 current point:
  at point   66.647  51.022  49.852
  closest atom surface   14.874   C44 107 X    1
  2nd closest surface    14.875   H7  107 X    1
  found on step  963
  no. of rejections          251
 stored as    82

 highest radius point found:
  at point   66.847  51.016  49.855
  closest atom surface   15.058   C44 107 X    1
  2nd closest surface    15.058   H7  107 X    1
  found on step  911
  this is also current point
  no. of rejections          258
 stored as    83

 highest radius point found:
  at point   67.047  51.006  49.857
  closest atom surface   15.241   C44 107 X    1
  2nd closest surface    15.241   H7  107 X    1
  found on step  988
  this is also current point
  no. of rejections          250
 stored as    84

 highest radius point found:
  at point   67.247  50.999  49.865
  closest atom surface   15.424   C82 107 X    1
  2nd closest surface    15.424   C44 107 X    1
  found on step  946
  this is also current point
  no. of rejections          258
 stored as    85

 highest radius point found:
  at point   67.447  50.989  49.860
  closest atom surface   15.609   C44 107 X    1
  2nd closest surface    15.609   C82 107 X    1
  found on step  960
  this is also current point
  no. of rejections          262
 stored as    86

 highest radius point found:
  at point   67.647  50.980  49.859
  closest atom surface   15.793   H7  107 X    1
  2nd closest surface    15.793   C82 107 X    1
  found on step  971
  this is also current point
  no. of rejections          255
 stored as    87

 highest radius point found:
  at point   67.847  50.970  49.867
  closest atom surface   15.977   C44 107 X    1
  2nd closest surface    15.978   C82 107 X    1
  found on step  938
  this is also current point
  no. of rejections          250
 stored as    88

 highest radius point found:
  at point   68.047  50.962  49.868
  closest atom surface   16.163   C82 107 X    1
  2nd closest surface    16.163   C44 107 X    1
  found on step  985
  this is also current point
  no. of rejections          241
 stored as    89

 highest radius point found:
  at point   68.247  50.948  49.863
  closest atom surface   16.348   C44 107 X    1
  2nd closest surface    16.349   H7  107 X    1
  found on step  967
  this is also current point
  no. of rejections          240
 stored as    90

 highest radius point found:
  at point   68.447  50.943  49.867
  closest atom surface   16.534   C82 107 X    1
  2nd closest surface    16.535   C44 107 X    1
  found on step  852
 current point:
  at point   68.447  50.935  49.861
  closest atom surface   16.533   C44 107 X    1
  2nd closest surface    16.534   H7  107 X    1
  found on step  995
  no. of rejections          262
 stored as    91

 highest radius point found:
  at point   68.647  50.934  49.868
  closest atom surface   16.720   C82 107 X    1
  2nd closest surface    16.721   C44 107 X    1
  found on step  865
 current point:
  at point   68.647  50.934  49.871
  closest atom surface   16.720   C82 107 X    1
  2nd closest surface    16.720   C44 107 X    1
  found on step  999
  no. of rejections          242
 stored as    92

 highest radius point found:
  at point   68.847  50.922  49.867
  closest atom surface   16.907   C44 107 X    1
  2nd closest surface    16.907   H7  107 X    1
  found on step  921
  this is also current point
  no. of rejections          273
 stored as    93

 highest radius point found:
  at point   69.047  50.915  49.874
  closest atom surface   17.093   C82 107 X    1
  2nd closest surface    17.093   C44 107 X    1
  found on step  964
  this is also current point
  no. of rejections          238
 stored as    94

 highest radius point found:
  at point   69.247  50.906  49.874
  closest atom surface   17.280   C82 107 X    1
  2nd closest surface    17.280   C44 107 X    1
  found on step  974
  this is also current point
  no. of rejections          242
 stored as    95

 highest radius point found:
  at point   69.447  50.897  49.871
  closest atom surface   17.467   C82 107 X    1
  2nd closest surface    17.468   H7  107 X    1
  found on step  852
 current point:
  at point   69.447  50.897  49.871
  closest atom surface   17.467   C82 107 X    1
  2nd closest surface    17.468   H7  107 X    1
  found on step  920
  no. of rejections          252
 stored as    96

 highest radius point found:
  at point   69.647  50.884  49.869
  closest atom surface   17.655   H7  107 X    1
  2nd closest surface    17.655   C44 107 X    1
  found on step  618
 current point:
  at point   69.647  50.888  49.879
  closest atom surface   17.654   C82 107 X    1
  2nd closest surface    17.655   C44 107 X    1
  found on step  924
  no. of rejections          249
 stored as    97

 highest radius point found:
  at point   69.847  50.878  49.872
  closest atom surface   17.842   C82 107 X    1
  2nd closest surface    17.843   H7  107 X    1
  found on step  925
  this is also current point
  no. of rejections          251
 stored as    98

 highest radius point found:
  at point   70.047  50.868  49.873
  closest atom surface   18.031   C82 107 X    1
  2nd closest surface    18.031   H7  107 X    1
  found on step  890
  this is also current point
  no. of rejections          242
 stored as    99

 highest radius point found:
  at point   70.247  50.859  49.879
  closest atom surface   18.218   C82 107 X    1
  2nd closest surface    18.219   C44 107 X    1
  found on step  844
 current point:
  at point   70.247  50.860  49.879
  closest atom surface   18.218   C82 107 X    1
  2nd closest surface    18.219   C44 107 X    1
  found on step  979
  no. of rejections          227
 stored as   100

 highest radius point found:
  at point   70.447  50.844  49.871
  closest atom surface   18.407   H7  107 X    1
  2nd closest surface    18.407   C44 107 X    1
  found on step  996
  this is also current point
  no. of rejections          253
 stored as   101

 highest radius point found:
  at point   70.647  50.839  49.883
  closest atom surface   18.595   C44 107 X    1
  2nd closest surface    18.596   C82 107 X    1
  found on step  995
  this is also current point
  no. of rejections          225
 stored as   102

 highest radius point found:
  at point   70.847  50.830  49.876
  closest atom surface   18.785   H7  107 X    1
  2nd closest surface    18.785   C82 107 X    1
  found on step  968
  this is also current point
  no. of rejections          235
 stored as   103

 highest radius point found:
  at point   71.047  50.819  49.877
  closest atom surface   18.974   C44 107 X    1
  2nd closest surface    18.974   H7  107 X    1
  found on step  900
  this is also current point
  no. of rejections          257
 stored as   104

 highest radius point found:
  at point   71.247  50.811  49.888
  closest atom surface   19.162   C44 107 X    1
  2nd closest surface    19.163   C82 107 X    1
  found on step  957
  this is also current point
  no. of rejections          246
 stored as   105

 highest radius point found:
  at point   71.447  50.802  49.889
  closest atom surface   19.352   C44 107 X    1
  2nd closest surface    19.353   C82 107 X    1
  found on step  775
 current point:
  at point   71.447  50.801  49.889
  closest atom surface   19.351   C44 107 X    1
  2nd closest surface    19.353   C82 107 X    1
  found on step  998
  no. of rejections          235
 stored as   106

 highest radius point found:
  at point   71.647  50.795  49.879
  closest atom surface   19.542   C82 107 X    1
  2nd closest surface    19.542   H7  107 X    1
  found on step 1000
  this is also current point
  no. of rejections          212
 stored as   107

 highest radius point found:
  at point   71.847  50.782  49.883
  closest atom surface   19.732   C44 107 X    1
  2nd closest surface    19.733   C82 107 X    1
  found on step  935
  this is also current point
  no. of rejections          217
 stored as   108

 highest radius point found:
  at point   72.047  50.767  49.875
  closest atom surface   19.922   H7  107 X    1
  2nd closest surface    19.922   C44 107 X    1
  found on step  958
  this is also current point
  no. of rejections          243
 stored as   109

 highest radius point found:
  at point   72.247  50.765  49.881
  closest atom surface   20.113   C82 107 X    1
  2nd closest surface    20.113   H7  107 X    1
  found on step  890
 current point:
  at point   72.247  50.765  49.882
  closest atom surface   20.113   C82 107 X    1
  2nd closest surface    20.113   H7  107 X    1
  found on step  901
  no. of rejections          245
 stored as   110

 highest radius point found:
  at point   72.447  50.755  49.885
  closest atom surface   20.303   C82 107 X    1
  2nd closest surface    20.303   C44 107 X    1
  found on step  984
  this is also current point
  no. of rejections          209
 stored as   111

 highest radius point found:
  at point   72.647  50.738  49.877
  closest atom surface   20.493   H7  107 X    1
  2nd closest surface    20.493   C44 107 X    1
  found on step  914
  this is also current point
  no. of rejections          238
 stored as   112

 highest radius point found:
  at point   72.847  50.730  49.885
  closest atom surface   20.683   C44 107 X    1
  2nd closest surface    20.686   H7  107 X    1
  found on step    4
 current point:
  at point   72.847  50.611  49.781
  closest atom surface   20.669   C44 107 X    1
  2nd closest surface    20.671   H7  107 X    1
  found on step  994
  no. of rejections          149
 stored as   113

 highest radius point found:
  at point   73.047  50.727  49.884
  closest atom surface   20.875   H7  107 X    1
  2nd closest surface    20.876   C82 107 X    1
  found on step  950
  this is also current point
  no. of rejections          229
 stored as   114

 highest radius point found:
  at point   73.247  50.711  49.881
  closest atom surface   21.066   C44 107 X    1
  2nd closest surface    21.067   H7  107 X    1
  found on step  998
  this is also current point
  no. of rejections          211
 stored as   115

 highest radius point found:
  at point   73.447  50.709  49.883
  closest atom surface   21.257   H7  107 X    1
  2nd closest surface    21.258   C82 107 X    1
  found on step  826
 current point:
  at point   73.447  50.712  49.900
  closest atom surface   21.256   C82 107 X    1
  2nd closest surface    21.257   C44 107 X    1
  found on step  976
  no. of rejections          233
 stored as   116

 highest radius point found:
  at point   73.647  50.698  49.886
  closest atom surface   21.449   C44 107 X    1
  2nd closest surface    21.450   C82 107 X    1
  found on step  910
  this is also current point
  no. of rejections          228
 stored as   117

 highest radius point found:
  at point   73.847  50.690  49.891
  closest atom surface   21.641   C82 107 X    1
  2nd closest surface    21.641   C44 107 X    1
  found on step  676
 current point:
  at point   73.847  50.691  49.889
  closest atom surface   21.640   C82 107 X    1
  2nd closest surface    21.641   C44 107 X    1
  found on step  949
  no. of rejections          239
 stored as   118

 highest radius point found:
  at point   74.047  50.679  49.887
  closest atom surface   21.833   C44 107 X    1
  2nd closest surface    21.833   H7  107 X    1
  found on step  874
 current point:
  at point   74.047  50.682  49.886
  closest atom surface   21.832   C82 107 X    1
  2nd closest surface    21.832   H7  107 X    1
  found on step  997
  no. of rejections          222
 stored as   119

 highest radius point found:
  at point   74.247  50.669  49.886
  closest atom surface   22.024   C44 107 X    1
  2nd closest surface    22.024   H7  107 X    1
  found on step  927
  this is also current point
  no. of rejections          229
 This is an end! (radius above  22.0 angs)
 highest radius point found:
  at point   50.047  50.675  49.696
  closest atom surface    4.115   H64 107 X    1
  2nd closest surface     4.115   H32 107 X    1
  found on step  989
  this is also current point
  no. of rejections          420
 stored as    -1

 highest radius point found:
  at point   49.847  50.662  49.740
  closest atom surface    4.135   C28 107 X    1
  2nd closest surface     4.135   H64 107 X    1
  found on step  957
  this is also current point
  no. of rejections          428
 stored as    -2

 highest radius point found:
  at point   49.647  50.651  49.787
  closest atom surface    4.164   H64 107 X    1
  2nd closest surface     4.165   H32 107 X    1
  found on step  972
  this is also current point
  no. of rejections          392
 stored as    -3

 highest radius point found:
  at point   49.447  50.654  49.776
  closest atom surface    4.167   C28 107 X    1
  2nd closest surface     4.170   H46 107 X    1
  found on step  984
  this is also current point
  no. of rejections          379
 stored as    -4

 highest radius point found:
  at point   49.247  50.669  49.750
  closest atom surface    4.172   H46 107 X    1
  2nd closest surface     4.173   C28 107 X    1
  found on step  993
  this is also current point
  no. of rejections          406
 stored as    -5

 highest radius point found:
  at point   49.047  50.688  49.718
  closest atom surface    4.179   H64 107 X    1
  2nd closest surface     4.179   H20 107 X    1
  found on step  982
  this is also current point
  no. of rejections          403
 stored as    -6

 highest radius point found:
  at point   48.847  50.710  49.705
  closest atom surface    4.191   H46 107 X    1
  2nd closest surface     4.192   H20 107 X    1
  found on step  834
 current point:
  at point   48.847  50.712  49.704
  closest atom surface    4.191   H64 107 X    1
  2nd closest surface     4.191   H46 107 X    1
  found on step  995
  no. of rejections          417
 stored as    -7

 highest radius point found:
  at point   48.647  50.736  49.685
  closest atom surface    4.208   H46 107 X    1
  2nd closest surface     4.208   H64 107 X    1
  found on step  953
  this is also current point
  no. of rejections          369
 stored as    -8

 highest radius point found:
  at point   48.447  50.758  49.667
  closest atom surface    4.232   H20 107 X    1
  2nd closest surface     4.233   H46 107 X    1
  found on step  510
 current point:
  at point   48.447  50.762  49.661
  closest atom surface    4.231   H20 107 X    1
  2nd closest surface     4.231   H64 107 X    1
  found on step  953
  no. of rejections          408
 stored as    -9

 highest radius point found:
  at point   48.247  50.786  49.645
  closest atom surface    4.265   H20 107 X    1
  2nd closest surface     4.266   H64 107 X    1
  found on step  974
  this is also current point
  no. of rejections          403
 stored as   -10

 highest radius point found:
  at point   48.047  50.805  49.630
  closest atom surface    4.304   H20 107 X    1
  2nd closest surface     4.304   H46 107 X    1
  found on step  966
  this is also current point
  no. of rejections          382
 stored as   -11

 highest radius point found:
  at point   47.847  50.837  49.607
  closest atom surface    4.353   H64 107 X    1
  2nd closest surface     4.353   H46 107 X    1
  found on step  873
 current point:
  at point   47.847  50.836  49.608
  closest atom surface    4.352   H46 107 X    1
  2nd closest surface     4.354   H64 107 X    1
  found on step  923
  no. of rejections          389
 stored as   -12

 highest radius point found:
  at point   47.647  50.863  49.588
  closest atom surface    4.407   H46 107 X    1
  2nd closest surface     4.407   H64 107 X    1
  found on step  892
  this is also current point
  no. of rejections          402
 stored as   -13

 highest radius point found:
  at point   47.447  50.888  49.566
  closest atom surface    4.468   H64 107 X    1
  2nd closest surface     4.469   H20 107 X    1
  found on step  702
 current point:
  at point   47.447  50.888  49.565
  closest atom surface    4.468   H64 107 X    1
  2nd closest surface     4.468   H20 107 X    1
  found on step  992
  no. of rejections          364
 stored as   -14

 highest radius point found:
  at point   47.247  50.910  49.549
  closest atom surface    4.537   H20 107 X    1
  2nd closest surface     4.538   H46 107 X    1
  found on step  810
 current point:
  at point   47.247  50.912  49.547
  closest atom surface    4.537   H20 107 X    1
  2nd closest surface     4.537   H64 107 X    1
  found on step  923
  no. of rejections          389
 stored as   -15

 highest radius point found:
  at point   47.047  50.932  49.532
  closest atom surface    4.611   H20 107 X    1
  2nd closest surface     4.611   H46 107 X    1
  found on step  821
 current point:
  at point   47.047  50.939  49.529
  closest atom surface    4.611   H64 107 X    1
  2nd closest surface     4.612   H46 107 X    1
  found on step  996
  no. of rejections          396
 stored as   -16

 highest radius point found:
  at point   46.847  50.963  49.510
  closest atom surface    4.693   H64 107 X    1
  2nd closest surface     4.693   H46 107 X    1
  found on step  598
 current point:
  at point   46.847  50.965  49.504
  closest atom surface    4.691   H64 107 X    1
  2nd closest surface     4.692   H20 107 X    1
  found on step  966
  no. of rejections          374
 stored as   -17

 highest radius point found:
  at point   46.647  50.989  49.486
  closest atom surface    4.778   H64 107 X    1
  2nd closest surface     4.780   H20 107 X    1
  found on step  874
 current point:
  at point   46.647  50.988  49.493
  closest atom surface    4.778   H46 107 X    1
  2nd closest surface     4.781   H64 107 X    1
  found on step  972
  no. of rejections          382
 stored as   -18

 highest radius point found:
  at point   46.447  51.012  49.471
  closest atom surface    4.873   H46 107 X    1
  2nd closest surface     4.873   H20 107 X    1
  found on step  949
  this is also current point
  no. of rejections          370
 stored as   -19

 highest radius point found:
  at point   46.247  51.032  49.455
  closest atom surface    4.969   H46 107 X    1
  2nd closest surface     4.970   H20 107 X    1
  found on step  875
  this is also current point
  no. of rejections          357
 stored as   -20

 highest radius point found:
  at point   46.047  51.058  49.435
  closest atom surface    5.073   H46 107 X    1
  2nd closest surface     5.073   H20 107 X    1
  found on step  499
 current point:
  at point   46.047  51.064  49.423
  closest atom surface    5.071   H20 107 X    1
  2nd closest surface     5.073   H64 107 X    1
  found on step  960
  no. of rejections          361
 stored as   -21

 highest radius point found:
  at point   45.847  51.088  49.411
  closest atom surface    5.182   H20 107 X    1
  2nd closest surface     5.183   H64 107 X    1
  found on step  931
  this is also current point
  no. of rejections          366
 stored as   -22

 highest radius point found:
  at point   45.647  51.109  49.394
  closest atom surface    5.294   H20 107 X    1
  2nd closest surface     5.295   H46 107 X    1
  found on step  975
  this is also current point
  no. of rejections          335
 stored as   -23

 highest radius point found:
  at point   45.447  51.139  49.370
  closest atom surface    5.412   H64 107 X    1
  2nd closest surface     5.412   H20 107 X    1
  found on step  866
  this is also current point
  no. of rejections          375
 stored as   -24

 highest radius point found:
  at point   45.247  51.166  49.354
  closest atom surface    5.533   H64 107 X    1
  2nd closest surface     5.534   H46 107 X    1
  found on step  993
  this is also current point
  no. of rejections          366
 stored as   -25

 highest radius point found:
  at point   45.047  51.182  49.339
  closest atom surface    5.657   C89 107 X    1
  2nd closest surface     5.657   H46 107 X    1
  found on step  960
  this is also current point
  no. of rejections          361
 stored as   -26

 highest radius point found:
  at point   44.847  51.195  49.325
  closest atom surface    5.782   H20 107 X    1
  2nd closest surface     5.783   H46 107 X    1
  found on step  988
  this is also current point
  no. of rejections          379
 stored as   -27

 highest radius point found:
  at point   44.647  51.209  49.313
  closest atom surface    5.911   H46 107 X    1
  2nd closest surface     5.912   H20 107 X    1
  found on step  999
  this is also current point
  no. of rejections          359
 stored as   -28

 highest radius point found:
  at point   44.447  51.227  49.299
  closest atom surface    6.042   C89 107 X    1
  2nd closest surface     6.044   H46 107 X    1
  found on step  993
  this is also current point
  no. of rejections          346
 stored as   -29

 highest radius point found:
  at point   44.247  51.236  49.285
  closest atom surface    6.179   H20 107 X    1
  2nd closest surface     6.180   C89 107 X    1
  found on step  268
 current point:
  at point   44.247  51.239  49.280
  closest atom surface    6.177   C89 107 X    1
  2nd closest surface     6.179   H20 107 X    1
  found on step  974
  no. of rejections          341
 stored as   -30

 highest radius point found:
  at point   44.047  51.251  49.273
  closest atom surface    6.318   C89 107 X    1
  2nd closest surface     6.318   H46 107 X    1
  found on step  861
 current point:
  at point   44.047  51.249  49.273
  closest atom surface    6.317   H20 107 X    1
  2nd closest surface     6.319   C89 107 X    1
  found on step  952
  no. of rejections          380
 stored as   -31

 highest radius point found:
  at point   43.847  51.263  49.260
  closest atom surface    6.459   C89 107 X    1
  2nd closest surface     6.459   H20 107 X    1
  found on step  998
  this is also current point
  no. of rejections          362
 stored as   -32

 highest radius point found:
  at point   43.647  51.270  49.252
  closest atom surface    6.601   H46 107 X    1
  2nd closest surface     6.602   H20 107 X    1
  found on step  882
  this is also current point
  no. of rejections          325
 stored as   -33

 highest radius point found:
  at point   43.447  51.289  49.235
  closest atom surface    6.748   C89 107 X    1
  2nd closest surface     6.749   H20 107 X    1
  found on step  997
  this is also current point
  no. of rejections          341
 stored as   -34

 highest radius point found:
  at point   43.247  51.299  49.225
  closest atom surface    6.897   H46 107 X    1
  2nd closest surface     6.898   C89 107 X    1
  found on step  983
  this is also current point
  no. of rejections          329
 stored as   -35

 highest radius point found:
  at point   43.047  51.308  49.213
  closest atom surface    7.047   H20 107 X    1
  2nd closest surface     7.048   H46 107 X    1
  found on step  955
  this is also current point
  no. of rejections          342
 stored as   -36

 highest radius point found:
  at point   42.847  51.330  49.200
  closest atom surface    7.197   C89 107 X    1
  2nd closest surface     7.198   H22 107 X    1
  found on step  412
 current point:
  at point   42.847  51.324  49.204
  closest atom surface    7.195   H22 107 X    1
  2nd closest surface     7.198   H46 107 X    1
  found on step  996
  no. of rejections          349
 stored as   -37

 highest radius point found:
  at point   42.647  51.342  49.203
  closest atom surface    7.344   H58 107 X    1
  2nd closest surface     7.346   H46 107 X    1
  found on step  977
  this is also current point
  no. of rejections          335
 stored as   -38

 highest radius point found:
  at point   42.447  51.342  49.203
  closest atom surface    7.486   H22 107 X    1
  2nd closest surface     7.486   H58 107 X    1
  found on step    1
 current point:
  at point   42.447  51.347  49.181
  closest atom surface    7.485   H22 107 X    1
  2nd closest surface     7.486   H58 107 X    1
  found on step  864
  no. of rejections          341
 stored as   -39

 highest radius point found:
  at point   42.247  51.341  49.215
  closest atom surface    7.630   H22 107 X    1
  2nd closest surface     7.631   H58 107 X    1
  found on step  853
 current point:
  at point   42.247  51.345  49.202
  closest atom surface    7.629   H58 107 X    1
  2nd closest surface     7.630   H22 107 X    1
  found on step  954
  no. of rejections          360
 stored as   -40

 highest radius point found:
  at point   42.047  51.343  49.215
  closest atom surface    7.776   H22 107 X    1
  2nd closest surface     7.776   H58 107 X    1
  found on step   82
 current point:
  at point   42.047  51.358  49.148
  closest atom surface    7.773   H22 107 X    1
  2nd closest surface     7.774   H58 107 X    1
  found on step  970
  no. of rejections          324
 stored as   -41

 highest radius point found:
  at point   41.847  51.336  49.252
  closest atom surface    7.925   H22 107 X    1
  2nd closest surface     7.926   H58 107 X    1
  found on step  809
 current point:
  at point   41.847  51.337  49.256
  closest atom surface    7.925   H58 107 X    1
  2nd closest surface     7.925   H46 107 X    1
  found on step  969
  no. of rejections          344
 stored as   -42

 highest radius point found:
  at point   41.647  51.336  49.266
  closest atom surface    8.076   H58 107 X    1
  2nd closest surface     8.077   H22 107 X    1
  found on step  984
  this is also current point
  no. of rejections          315
 stored as   -43

 highest radius point found:
  at point   41.447  51.336  49.268
  closest atom surface    8.228   H22 107 X    1
  2nd closest surface     8.228   H58 107 X    1
  found on step  978
  this is also current point
  no. of rejections          328
 stored as   -44

 highest radius point found:
  at point   41.247  51.338  49.273
  closest atom surface    8.382   H58 107 X    1
  2nd closest surface     8.383   H22 107 X    1
  found on step  476
 current point:
  at point   41.247  51.343  49.246
  closest atom surface    8.381   H58 107 X    1
  2nd closest surface     8.381   H22 107 X    1
  found on step  925
  no. of rejections          356
 stored as   -45

 highest radius point found:
  at point   41.047  51.338  49.273
  closest atom surface    8.537   H22 107 X    1
  2nd closest surface     8.538   H58 107 X    1
  found on step    1
 current point:
  at point   41.047  51.366  49.153
  closest atom surface    8.532   H22 107 X    1
  2nd closest surface     8.533   H58 107 X    1
  found on step  944
  no. of rejections          312
 stored as   -46

 highest radius point found:
  at point   40.847  51.340  49.272
  closest atom surface    8.694   H22 107 X    1
  2nd closest surface     8.695   H58 107 X    1
  found on step  985
  this is also current point
  no. of rejections          320
 stored as   -47

 highest radius point found:
  at point   40.647  51.340  49.272
  closest atom surface    8.852   H22 107 X    1
  2nd closest surface     8.854   H58 107 X    1
  found on step    1
 current point:
  at point   40.647  51.351  49.244
  closest atom surface    8.850   H58 107 X    1
  2nd closest surface     8.853   H22 107 X    1
  found on step  977
  no. of rejections          327
 stored as   -48

 highest radius point found:
  at point   40.447  51.351  49.244
  closest atom surface    9.011   H58 107 X    1
  2nd closest surface     9.012   H22 107 X    1
  found on step  880
 current point:
  at point   40.447  51.346  49.255
  closest atom surface    9.011   H22 107 X    1
  2nd closest surface     9.013   H58 107 X    1
  found on step  995
  no. of rejections          321
 stored as   -49

 highest radius point found:
  at point   40.247  51.347  49.271
  closest atom surface    9.174   H58 107 X    1
  2nd closest surface     9.175   H22 107 X    1
  found on step  497
 current point:
  at point   40.247  51.364  49.178
  closest atom surface    9.169   H22 107 X    1
  2nd closest surface     9.172   H58 107 X    1
  found on step  986
  no. of rejections          320
 stored as   -50

 highest radius point found:
  at point   40.047  51.347  49.271
  closest atom surface    9.336   H22 107 X    1
  2nd closest surface     9.337   H58 107 X    1
  found on step    1
 current point:
  at point   40.047  51.360  49.208
  closest atom surface    9.334   H22 107 X    1
  2nd closest surface     9.335   H58 107 X    1
  found on step  985
  no. of rejections          314
 stored as   -51

 highest radius point found:
  at point   39.847  51.354  49.248
  closest atom surface    9.500   H22 107 X    1
  2nd closest surface     9.500   H58 107 X    1
  found on step  924
  this is also current point
  no. of rejections          303
 stored as   -52

 highest radius point found:
  at point   39.647  51.357  49.243
  closest atom surface    9.665   H22 107 X    1
  2nd closest surface     9.665   H58 107 X    1
  found on step  999
  this is also current point
  no. of rejections          303
 stored as   -53

 highest radius point found:
  at point   39.447  51.357  49.250
  closest atom surface    9.832   H22 107 X    1
  2nd closest surface     9.832   H58 107 X    1
  found on step  950
  this is also current point
  no. of rejections          322
 stored as   -54

 highest radius point found:
  at point   39.247  51.357  49.250
  closest atom surface    9.998   H22 107 X    1
  2nd closest surface    10.001   H58 107 X    1
  found on step    1
 current point:
  at point   39.247  51.373  49.201
  closest atom surface    9.996   H58 107 X    1
  2nd closest surface     9.999   H22 107 X    1
  found on step  971
  no. of rejections          307
 stored as   -55

 highest radius point found:
  at point   39.047  51.360  49.264
  closest atom surface   10.167   H58 107 X    1
  2nd closest surface    10.170   H22 107 X    1
  found on step    2
 current point:
  at point   39.047  51.368  49.220
  closest atom surface   10.167   H58 107 X    1
  2nd closest surface    10.167   H22 107 X    1
  found on step  909
  no. of rejections          301
 stored as   -56

 highest radius point found:
  at point   38.847  51.359  49.265
  closest atom surface   10.338   C64 107 X    1
  2nd closest surface    10.338   H58 107 X    1
  found on step  817
 current point:
  at point   38.847  51.360  49.260
  closest atom surface   10.338   H58 107 X    1
  2nd closest surface    10.338   H22 107 X    1
  found on step  971
  no. of rejections          290
 stored as   -57

 highest radius point found:
  at point   38.647  51.364  49.249
  closest atom surface   10.508   H22 107 X    1
  2nd closest surface    10.509   H58 107 X    1
  found on step  758
 current point:
  at point   38.647  51.365  49.266
  closest atom surface   10.507   H58 107 X    1
  2nd closest surface    10.507   C64 107 X    1
  found on step  956
  no. of rejections          278
 stored as   -58

 highest radius point found:
  at point   38.447  51.369  49.237
  closest atom surface   10.679   H58 107 X    1
  2nd closest surface    10.680   H22 107 X    1
  found on step  973
  this is also current point
  no. of rejections          288
 stored as   -59

 highest radius point found:
  at point   38.247  51.369  49.237
  closest atom surface   10.851   H22 107 X    1
  2nd closest surface    10.852   H58 107 X    1
  found on step    1
 current point:
  at point   38.247  51.397  49.125
  closest atom surface   10.848   H58 107 X    1
  2nd closest surface    10.849   H22 107 X    1
  found on step  922
  no. of rejections          305
 stored as   -60

 highest radius point found:
  at point   38.047  51.369  49.252
  closest atom surface   11.026   H58 107 X    1
  2nd closest surface    11.026   H22 107 X    1
  found on step  992
  this is also current point
  no. of rejections          292
 stored as   -61

 highest radius point found:
  at point   37.847  51.371  49.250
  closest atom surface   11.200   H58 107 X    1
  2nd closest surface    11.200   H22 107 X    1
  found on step  996
  this is also current point
  no. of rejections          267
 stored as   -62

 highest radius point found:
  at point   37.647  51.371  49.250
  closest atom surface   11.374   H22 107 X    1
  2nd closest surface    11.375   H58 107 X    1
  found on step    1
 current point:
  at point   37.647  51.379  49.220
  closest atom surface   11.374   H58 107 X    1
  2nd closest surface    11.374   H22 107 X    1
  found on step  945
  no. of rejections          302
 stored as   -63

 highest radius point found:
  at point   37.447  51.376  49.243
  closest atom surface   11.550   H58 107 X    1
  2nd closest surface    11.551   H22 107 X    1
  found on step  957
  this is also current point
  no. of rejections          295
 stored as   -64

 highest radius point found:
  at point   37.247  51.377  49.243
  closest atom surface   11.727   H22 107 X    1
  2nd closest surface    11.727   H58 107 X    1
  found on step  945
  this is also current point
  no. of rejections          273
 stored as   -65

 highest radius point found:
  at point   37.047  51.377  49.243
  closest atom surface   11.903   H22 107 X    1
  2nd closest surface    11.904   C64 107 X    1
  found on step    1
 current point:
  at point   37.047  51.381  49.240
  closest atom surface   11.903   H58 107 X    1
  2nd closest surface    11.904   H22 107 X    1
  found on step  920
  no. of rejections          285
 stored as   -66

 highest radius point found:
  at point   36.847  51.379  49.243
  closest atom surface   12.081   H22 107 X    1
  2nd closest surface    12.081   C64 107 X    1
  found on step  910
  this is also current point
  no. of rejections          275
 stored as   -67

 highest radius point found:
  at point   36.647  51.384  49.239
  closest atom surface   12.259   C64 107 X    1
  2nd closest surface    12.259   H58 107 X    1
  found on step  827
 current point:
  at point   36.647  51.387  49.225
  closest atom surface   12.259   H58 107 X    1
  2nd closest surface    12.259   H22 107 X    1
  found on step  994
  no. of rejections          282
 stored as   -68

 highest radius point found:
  at point   36.447  51.386  49.233
  closest atom surface   12.438   H22 107 X    1
  2nd closest surface    12.439   H58 107 X    1
  found on step  986
  this is also current point
  no. of rejections          274
 stored as   -69

 highest radius point found:
  at point   36.247  51.389  49.225
  closest atom surface   12.618   H22 107 X    1
  2nd closest surface    12.618   H58 107 X    1
  found on step  486
 current point:
  at point   36.247  51.392  49.213
  closest atom surface   12.617   H22 107 X    1
  2nd closest surface    12.618   H58 107 X    1
  found on step  931
  no. of rejections          268
 stored as   -70

 highest radius point found:
  at point   36.047  51.396  49.206
  closest atom surface   12.797   H58 107 X    1
  2nd closest surface    12.798   H22 107 X    1
  found on step  956
  this is also current point
  no. of rejections          261
 stored as   -71

 highest radius point found:
  at point   35.847  51.393  49.223
  closest atom surface   12.978   H22 107 X    1
  2nd closest surface    12.979   H58 107 X    1
  found on step  575
 current point:
  at point   35.847  51.397  49.205
  closest atom surface   12.978   H22 107 X    1
  2nd closest surface    12.978   H58 107 X    1
  found on step  979
  no. of rejections          274
 stored as   -72

 highest radius point found:
  at point   35.647  51.394  49.225
  closest atom surface   13.159   C64 107 X    1
  2nd closest surface    13.160   H22 107 X    1
  found on step  876
  this is also current point
  no. of rejections          286
 stored as   -73

 highest radius point found:
  at point   35.447  51.402  49.195
  closest atom surface   13.340   C8  107 X    1
  2nd closest surface    13.340   H22 107 X    1
  found on step  881
 current point:
  at point   35.447  51.400  49.198
  closest atom surface   13.340   H22 107 X    1
  2nd closest surface    13.342   H58 107 X    1
  found on step  973
  no. of rejections          268
 stored as   -74

 highest radius point found:
  at point   35.247  51.402  49.210
  closest atom surface   13.523   H58 107 X    1
  2nd closest surface    13.524   H22 107 X    1
  found on step  977
  this is also current point
  no. of rejections          287
 stored as   -75

 highest radius point found:
  at point   35.047  51.399  49.218
  closest atom surface   13.704   C64 107 X    1
  2nd closest surface    13.705   H22 107 X    1
  found on step  293
 current point:
  at point   35.047  51.400  49.210
  closest atom surface   13.704   C8  107 X    1
  2nd closest surface    13.705   H22 107 X    1
  found on step  976
  no. of rejections          286
 stored as   -76

 highest radius point found:
  at point   34.847  51.396  49.216
  closest atom surface   13.886   H22 107 X    1
  2nd closest surface    13.887   C8  107 X    1
  found on step  852
 current point:
  at point   34.847  51.397  49.216
  closest atom surface   13.886   C8  107 X    1
  2nd closest surface    13.887   H22 107 X    1
  found on step  962
  no. of rejections          282
 stored as   -77

 highest radius point found:
  at point   34.647  51.389  49.218
  closest atom surface   14.067   H22 107 X    1
  2nd closest surface    14.068   C64 107 X    1
  found on step  934
  this is also current point
  no. of rejections          273
 stored as   -78

 highest radius point found:
  at point   34.447  51.387  49.222
  closest atom surface   14.249   C64 107 X    1
  2nd closest surface    14.250   H22 107 X    1
  found on step  932
  this is also current point
  no. of rejections          270
 stored as   -79

 highest radius point found:
  at point   34.247  51.383  49.222
  closest atom surface   14.432   C8  107 X    1
  2nd closest surface    14.432   H22 107 X    1
  found on step  998
  this is also current point
  no. of rejections          264
 stored as   -80

 highest radius point found:
  at point   34.047  51.377  49.225
  closest atom surface   14.614   H22 107 X    1
  2nd closest surface    14.615   C64 107 X    1
  found on step  955
  this is also current point
  no. of rejections          260
 stored as   -81

 highest radius point found:
  at point   33.847  51.377  49.228
  closest atom surface   14.797   C64 107 X    1
  2nd closest surface    14.798   C8  107 X    1
  found on step  887
  this is also current point
  no. of rejections          250
 stored as   -82

 highest radius point found:
  at point   33.647  51.371  49.229
  closest atom surface   14.981   C64 107 X    1
  2nd closest surface    14.981   C8  107 X    1
  found on step  962
  this is also current point
  no. of rejections          263
 stored as   -83

 highest radius point found:
  at point   33.447  51.366  49.229
  closest atom surface   15.165   C8  107 X    1
  2nd closest surface    15.166   H22 107 X    1
  found on step  366
 current point:
  at point   33.447  51.373  49.231
  closest atom surface   15.164   C8  107 X    1
  2nd closest surface    15.165   C64 107 X    1
  found on step  989
  no. of rejections          250
 stored as   -84

 highest radius point found:
  at point   33.247  51.360  49.232
  closest atom surface   15.349   H22 107 X    1
  2nd closest surface    15.349   C8  107 X    1
  found on step  886
  this is also current point
  no. of rejections          268
 stored as   -85

 highest radius point found:
  at point   33.047  51.356  49.236
  closest atom surface   15.534   C64 107 X    1
  2nd closest surface    15.535   C8  107 X    1
  found on step    2
 current point:
  at point   33.047  51.366  49.238
  closest atom surface   15.533   C64 107 X    1
  2nd closest surface    15.534   C8  107 X    1
  found on step  928
  no. of rejections          253
 stored as   -86

 highest radius point found:
  at point   32.847  51.356  49.238
  closest atom surface   15.718   C64 107 X    1
  2nd closest surface    15.719   C8  107 X    1
  found on step  965
  this is also current point
  no. of rejections          232
 stored as   -87

 highest radius point found:
  at point   32.647  51.356  49.238
  closest atom surface   15.903   C8  107 X    1
  2nd closest surface    15.904   C64 107 X    1
  found on step    1
 current point:
  at point   32.647  51.337  49.232
  closest atom surface   15.901   H22 107 X    1
  2nd closest surface    15.903   C8  107 X    1
  found on step  960
  no. of rejections          215
 stored as   -88

 highest radius point found:
  at point   32.447  51.343  49.242
  closest atom surface   16.089   C64 107 X    1
  2nd closest surface    16.090   C8  107 X    1
  found on step  842
 current point:
  at point   32.447  51.351  49.243
  closest atom surface   16.089   C64 107 X    1
  2nd closest surface    16.089   C8  107 X    1
  found on step  992
  no. of rejections          263
 stored as   -89

 highest radius point found:
  at point   32.247  51.339  49.244
  closest atom surface   16.275   C64 107 X    1
  2nd closest surface    16.276   C8  107 X    1
  found on step  912
  this is also current point
  no. of rejections          253
 stored as   -90

 highest radius point found:
  at point   32.047  51.328  49.243
  closest atom surface   16.461   H22 107 X    1
  2nd closest surface    16.462   C8  107 X    1
  found on step  992
  this is also current point
  no. of rejections          239
 stored as   -91

 highest radius point found:
  at point   31.847  51.324  49.246
  closest atom surface   16.648   H22 107 X    1
  2nd closest surface    16.648   C64 107 X    1
  found on step  990
  this is also current point
  no. of rejections          261
 stored as   -92

 highest radius point found:
  at point   31.647  51.320  49.248
  closest atom surface   16.835   C8  107 X    1
  2nd closest surface    16.835   H22 107 X    1
  found on step  996
  this is also current point
  no. of rejections          252
 stored as   -93

 highest radius point found:
  at point   31.447  51.325  49.252
  closest atom surface   17.021   C64 107 X    1
  2nd closest surface    17.021   C8  107 X    1
  found on step  923
  this is also current point
  no. of rejections          250
 stored as   -94

 highest radius point found:
  at point   31.247  51.313  49.253
  closest atom surface   17.209   C64 107 X    1
  2nd closest surface    17.210   C8  107 X    1
  found on step  959
  this is also current point
  no. of rejections          254
 stored as   -95

 highest radius point found:
  at point   31.047  51.308  49.254
  closest atom surface   17.397   C8  107 X    1
  2nd closest surface    17.397   C64 107 X    1
  found on step  987
  this is also current point
  no. of rejections          247
 stored as   -96

 highest radius point found:
  at point   30.847  51.313  49.258
  closest atom surface   17.584   C64 107 X    1
  2nd closest surface    17.584   C8  107 X    1
  found on step  934
  this is also current point
  no. of rejections          248
 stored as   -97

 highest radius point found:
  at point   30.647  51.295  49.258
  closest atom surface   17.773   C64 107 X    1
  2nd closest surface    17.773   C8  107 X    1
  found on step  958
  this is also current point
  no. of rejections          256
 stored as   -98

 highest radius point found:
  at point   30.447  51.292  49.260
  closest atom surface   17.961   C8  107 X    1
  2nd closest surface    17.961   C64 107 X    1
  found on step  945
  this is also current point
  no. of rejections          224
 stored as   -99

 highest radius point found:
  at point   30.247  51.292  49.262
  closest atom surface   18.149   C8  107 X    1
  2nd closest surface    18.149   C64 107 X    1
  found on step  951
  this is also current point
  no. of rejections          230
 stored as  -100

 highest radius point found:
  at point   30.047  51.283  49.265
  closest atom surface   18.338   C64 107 X    1
  2nd closest surface    18.339   C8  107 X    1
  found on step  939
  this is also current point
  no. of rejections          250
 stored as  -101

 highest radius point found:
  at point   29.847  51.273  49.265
  closest atom surface   18.528   H22 107 X    1
  2nd closest surface    18.528   C64 107 X    1
  found on step  950
  this is also current point
  no. of rejections          246
 stored as  -102

 highest radius point found:
  at point   29.647  51.271  49.267
  closest atom surface   18.717   C8  107 X    1
  2nd closest surface    18.717   C64 107 X    1
  found on step  987
  this is also current point
  no. of rejections          248
 stored as  -103

 highest radius point found:
  at point   29.447  51.276  49.272
  closest atom surface   18.905   C64 107 X    1
  2nd closest surface    18.905   C8  107 X    1
  found on step  958
  this is also current point
  no. of rejections          239
 stored as  -104

 highest radius point found:
  at point   29.247  51.256  49.271
  closest atom surface   19.096   H22 107 X    1
  2nd closest surface    19.096   C64 107 X    1
  found on step  937
  this is also current point
  no. of rejections          240
 stored as  -105

 highest radius point found:
  at point   29.047  51.258  49.273
  closest atom surface   19.285   C8  107 X    1
  2nd closest surface    19.285   C64 107 X    1
  found on step  930
  this is also current point
  no. of rejections          226
 stored as  -106

 highest radius point found:
  at point   28.847  51.258  49.273
  closest atom surface   19.474   C8  107 X    1
  2nd closest surface    19.476   C64 107 X    1
  found on step    1
 current point:
  at point   28.847  51.273  49.278
  closest atom surface   19.473   C8  107 X    1
  2nd closest surface    19.474   C64 107 X    1
  found on step  978
  no. of rejections          201
 stored as  -107

 highest radius point found:
  at point   28.647  51.243  49.276
  closest atom surface   19.666   C8  107 X    1
  2nd closest surface    19.666   C64 107 X    1
  found on step  966
  this is also current point
  no. of rejections          230
 stored as  -108

 highest radius point found:
  at point   28.447  51.235  49.276
  closest atom surface   19.856   C8  107 X    1
  2nd closest surface    19.856   H22 107 X    1
  found on step  990
  this is also current point
  no. of rejections          242
 stored as  -109

 highest radius point found:
  at point   28.247  51.228  49.277
  closest atom surface   20.046   H22 107 X    1
  2nd closest surface    20.046   C8  107 X    1
  found on step  931
  this is also current point
  no. of rejections          237
 stored as  -110

 highest radius point found:
  at point   28.047  51.221  49.285
  closest atom surface   20.236   C64 107 X    1
  2nd closest surface    20.237   H22 107 X    1
  found on step  944
  this is also current point
  no. of rejections          229
 stored as  -111

 highest radius point found:
  at point   27.847  51.217  49.283
  closest atom surface   20.428   H22 107 X    1
  2nd closest surface    20.428   C8  107 X    1
  found on step  807
 current point:
  at point   27.847  51.220  49.285
  closest atom surface   20.428   C64 107 X    1
  2nd closest surface    20.429   C8  107 X    1
  found on step  994
  no. of rejections          243
 stored as  -112

 highest radius point found:
  at point   27.647  51.204  49.295
  closest atom surface   20.617   C64 107 X    1
  2nd closest surface    20.618   H22 107 X    1
  found on step  984
  this is also current point
  no. of rejections          221
 stored as  -113

 highest radius point found:
  at point   27.447  51.182  49.302
  closest atom surface   20.805   H22 107 X    1
  2nd closest surface    20.805   C5  107 X    1
  found on step  961
  this is also current point
  no. of rejections          234
 stored as  -114

 highest radius point found:
  at point   27.247  51.164  49.321
  closest atom surface   20.994   C64 107 X    1
  2nd closest surface    20.994   C5  107 X    1
  found on step  941
  this is also current point
  no. of rejections          238
 stored as  -115

 highest radius point found:
  at point   27.047  51.140  49.331
  closest atom surface   21.182   H22 107 X    1
  2nd closest surface    21.183   C5  107 X    1
  found on step  983
  this is also current point
  no. of rejections          245
 stored as  -116

 highest radius point found:
  at point   26.847  51.121  49.349
  closest atom surface   21.371   C64 107 X    1
  2nd closest surface    21.372   H22 107 X    1
  found on step 1000
  this is also current point
  no. of rejections          211
 stored as  -117

 highest radius point found:
  at point   26.647  51.101  49.359
  closest atom surface   21.561   H22 107 X    1
  2nd closest surface    21.561   C5  107 X    1
  found on step  742
 current point:
  at point   26.647  51.099  49.362
  closest atom surface   21.561   H22 107 X    1
  2nd closest surface    21.561   C64 107 X    1
  found on step  991
  no. of rejections          240
 stored as  -118

 highest radius point found:
  at point   26.447  51.081  49.374
  closest atom surface   21.751   C64 107 X    1
  2nd closest surface    21.751   H22 107 X    1
  found on step  839
 current point:
  at point   26.447  51.084  49.377
  closest atom surface   21.750   C64 107 X    1
  2nd closest surface    21.750   C5  107 X    1
  found on step  949
  no. of rejections          225
 stored as  -119

 highest radius point found:
  at point   26.247  51.061  49.384
  closest atom surface   21.939   C5  107 X    1
  2nd closest surface    21.940   H22 107 X    1
  found on step  975
  this is also current point
  no. of rejections          211
 stored as  -120

 highest radius point found:
  at point   26.047  51.040  49.400
  closest atom surface   22.130   C5  107 X    1
  2nd closest surface    22.130   H22 107 X    1
  found on step  951
  this is also current point
  no. of rejections          248
 This is an end! (radius above  22.0 angs)
 
 N.b. Graph information routine (HOGRAP) differs 
        markedly from previous versions!
       Information now is written from -ve end
       to +ve in one pass
 
 Explanation of the meaning of each column: 
 First column "cenxyz.cvec" is the coordinate in the
   direction of the channel vector i.e. if the channel
   vector is in z (0 0 1) then it is the z coordinate.
 The second column "radius" is the hole pore radius 
   (as defined in the Biophys J 1993) article).
 The third column "cen_line_D" is the distance 
   measured along the pore centre line - with the 
   first point found set to zero. This was the first
   thing that I used to measure the distance along a pore
   but "cenxyz.cvec" is a much better general measure. 
   However, by comparing changes in this distance to changes in '   "cenxyz.cvec" one can get a measure of how straight a 
   channel is.
 The fourth column "sum{s/(area)}" is useful in conductance
   prediction -
   basically it is the sum of the thickness of each slab
   divided by its area. HOLE uses this measure to estimate
   the macroscopic conductance of a channel.
 If any of this worries you one can see the "raw" results
   of a standard hole run by producing a sphpdb file and 
    directly looking at the results.
 cenxyz.cvec      radius  cen_line_D sum{s/(area point sourc
    26.24732    21.93945   -24.11707     0.00007   (sampled)
    26.34732    21.84506   -24.01643     0.00013 (mid-point)
    26.44732    21.75052   -23.91580     0.00020   (sampled)
    26.54732    21.65586   -23.81502     0.00027 (mid-point)
    26.64732    21.56107   -23.71425     0.00034   (sampled)
    26.74732    21.46647   -23.61363     0.00041 (mid-point)
    26.84732    21.37147   -23.51301     0.00048   (sampled)
    26.94732    21.27711   -23.41216     0.00055 (mid-point)
    27.04732    21.18231   -23.31130     0.00062   (sampled)
    27.14732    21.08839   -23.21051     0.00069 (mid-point)
    27.24732    20.99389   -23.10971     0.00076   (sampled)
    27.34732    20.89965   -23.00884     0.00083 (mid-point)
    27.44732    20.80502   -22.90797     0.00091   (sampled)
    27.54732    20.71127   -22.80732     0.00098 (mid-point)
    27.64732    20.61677   -22.70666     0.00106   (sampled)
    27.74732    20.52260   -22.60625     0.00113 (mid-point)
    27.84732    20.42782   -22.50583     0.00121   (sampled)
    27.94732    20.33234   -22.40580     0.00128 (mid-point)
    28.04732    20.23643   -22.30577     0.00136   (sampled)
    28.14732    20.14146   -22.20563     0.00144 (mid-point)
    28.24732    20.04605   -22.10549     0.00152   (sampled)
    28.34732    19.95093   -22.00544     0.00160 (mid-point)
    28.44732    19.85577   -21.90539     0.00168   (sampled)
    28.54732    19.76064   -21.80529     0.00176 (mid-point)
    28.64732    19.66555   -21.70519     0.00184   (sampled)
    28.74732    19.56971   -21.60492     0.00193 (mid-point)
    28.84732    19.47391   -21.50466     0.00201   (sampled)
    28.94732    19.37953   -21.40466     0.00210 (mid-point)
    29.04732    19.28520   -21.30466     0.00218   (sampled)
    29.14732    19.19043   -21.20465     0.00227 (mid-point)
    29.24732    19.09568   -21.10464     0.00236   (sampled)
    29.34732    19.00032   -21.00415     0.00244 (mid-point)
    29.44732    18.90498   -20.90367     0.00253   (sampled)
    29.54732    18.81080   -20.80361     0.00262 (mid-point)
    29.64732    18.71654   -20.70356     0.00271   (sampled)
    29.74732    18.62214   -20.60356     0.00281 (mid-point)
    29.84732    18.52753   -20.50355     0.00290   (sampled)
    29.94732    18.43285   -20.40342     0.00299 (mid-point)
    30.04732    18.33805   -20.30329     0.00309   (sampled)
    30.14732    18.24369   -20.20319     0.00318 (mid-point)
    30.24732    18.14925   -20.10308     0.00328   (sampled)
    30.34732    18.05516   -20.00307     0.00338 (mid-point)
    30.44732    17.96114   -19.90306     0.00348   (sampled)
    30.54732    17.86707   -19.80304     0.00357 (mid-point)
    30.64732    17.77299   -19.70302     0.00368   (sampled)
    30.74732    17.67840   -19.60261     0.00378 (mid-point)
    30.84732    17.58386   -19.50221     0.00388   (sampled)
    30.94732    17.49030   -19.40214     0.00398 (mid-point)
    31.04732    17.39680   -19.30208     0.00409   (sampled)
    31.14732    17.30300   -19.20204     0.00420 (mid-point)
    31.24732    17.20895   -19.10200     0.00430   (sampled)
    31.34732    17.11515   -19.00182     0.00441 (mid-point)
    31.44732    17.02142   -18.90164     0.00452   (sampled)
    31.54732    16.92827   -18.80159     0.00463 (mid-point)
    31.64732    16.83514   -18.70154     0.00475   (sampled)
    31.74732    16.74167   -18.60152     0.00486 (mid-point)
    31.84732    16.64814   -18.50150     0.00497   (sampled)
    31.94732    16.55462   -18.40146     0.00509 (mid-point)
    32.04732    16.46117   -18.30143     0.00521   (sampled)
    32.14732    16.36875   -18.20128     0.00533 (mid-point)
    32.24732    16.27506   -18.10114     0.00545   (sampled)
    32.34732    16.18209   -18.00111     0.00557 (mid-point)
    32.44732    16.08919   -17.90107     0.00569   (sampled)
    32.54732    15.99627   -17.80084     0.00582 (mid-point)
    32.64732    15.90256   -17.70062     0.00594   (sampled)
    32.74732    15.81061   -17.60062     0.00607 (mid-point)
    32.84732    15.71823   -17.50062     0.00620   (sampled)
    32.94732    15.62589   -17.40061     0.00633 (mid-point)
    33.04732    15.53362   -17.30060     0.00646   (sampled)
    33.14732    15.44161   -17.20056     0.00659 (mid-point)
    33.24732    15.34945   -17.10053     0.00673   (sampled)
    33.34732    15.25697   -17.00047     0.00687 (mid-point)
    33.44732    15.16457   -16.90041     0.00700   (sampled)
    33.54732    15.07286   -16.80037     0.00714 (mid-point)
    33.64732    14.98122   -16.70032     0.00729   (sampled)
    33.74732    14.88921   -16.60029     0.00743 (mid-point)
    33.84732    14.79730   -16.50026     0.00757   (sampled)
    33.94732    14.70598   -16.40025     0.00772 (mid-point)
    34.04732    14.61414   -16.30024     0.00787   (sampled)
    34.14732    14.52307   -16.20017     0.00802 (mid-point)
    34.24732    14.43211   -16.10011     0.00817   (sampled)
    34.34732    14.34073   -16.00009     0.00833 (mid-point)
    34.44732    14.24935   -15.90008     0.00849   (sampled)
    34.54732    14.15824   -15.80005     0.00864 (mid-point)
    34.64732    14.06691   -15.70003     0.00881   (sampled)
    34.74732    13.97660   -15.59997     0.00897 (mid-point)
    34.84732    13.88642   -15.49990     0.00913   (sampled)
    34.94732    13.79551   -15.39989     0.00930 (mid-point)
    35.04732    13.70442   -15.29987     0.00947   (sampled)
    35.14732    13.61437   -15.19979     0.00964 (mid-point)
    35.24732    13.52293   -15.09970     0.00982   (sampled)
    35.34732    13.43189   -14.99944     0.00999 (mid-point)
    35.44732    13.34027   -14.89918     0.01017   (sampled)
    35.54732    13.24986   -14.79799     0.01035 (mid-point)
    35.64732    13.15906   -14.69680     0.01054   (sampled)
    35.74732    13.06882   -14.59679     0.01072 (mid-point)
    35.84732    12.97819   -14.49678     0.01091   (sampled)
    35.94732    12.88780   -14.39641     0.01110 (mid-point)
    36.04732    12.79723   -14.29603     0.01130   (sampled)
    36.14732    12.70748   -14.19553     0.01149 (mid-point)
    36.24732    12.61756   -14.09503     0.01169   (sampled)
    36.34732    12.52784   -13.99493     0.01190 (mid-point)
    36.44732    12.43827   -13.89483     0.01210   (sampled)
    36.54732    12.34895   -13.79477     0.01231 (mid-point)
    36.64732    12.25929   -13.69471     0.01252   (sampled)
    36.74732    12.17002   -13.59466     0.01274 (mid-point)
    36.84732    12.08052   -13.49462     0.01296   (sampled)
    36.94732    11.99164   -13.39462     0.01318 (mid-point)
    37.04732    11.90293   -13.29461     0.01340   (sampled)
    37.14732    11.81468   -13.19461     0.01363 (mid-point)
    37.24732    11.72660   -13.09461     0.01386   (sampled)
    37.34732    11.63816   -12.99461     0.01410 (mid-point)
    37.44732    11.54989   -12.89461     0.01434   (sampled)
    37.54732    11.46224   -12.79451     0.01458 (mid-point)
    37.64732    11.37416   -12.69440     0.01482   (sampled)
    37.74732    11.28699   -12.59440     0.01507 (mid-point)
    37.84732    11.19971   -12.49440     0.01533   (sampled)
    37.94732    11.11264   -12.39439     0.01559 (mid-point)
    38.04732    11.02578   -12.29438     0.01585   (sampled)
    38.14732    10.93851   -12.19411     0.01611 (mid-point)
    38.24732    10.85142   -12.09384     0.01638   (sampled)
    38.34732    10.76548   -11.99384     0.01666 (mid-point)
    38.44732    10.67921   -11.89384     0.01694   (sampled)
    38.54732    10.59378   -11.79363     0.01722 (mid-point)
    38.64732    10.50802   -11.69342     0.01751   (sampled)
    38.74732    10.42305   -11.59306     0.01780 (mid-point)
    38.84732    10.33802   -11.49270     0.01810   (sampled)
    38.94732    10.25272   -11.39269     0.01840 (mid-point)
    39.04732    10.16736   -11.29269     0.01871   (sampled)
    39.14732    10.08381   -11.19243     0.01902 (mid-point)
    39.24732     9.99830   -11.09217     0.01934   (sampled)
    39.34732     9.91481   -10.99217     0.01967 (mid-point)
    39.44732     9.83160   -10.89217     0.02000   (sampled)
    39.54732     9.74815   -10.79211     0.02033 (mid-point)
    39.64732     9.66499   -10.69205     0.02067   (sampled)
    39.74732     9.58234   -10.59201     0.02102 (mid-point)
    39.84732     9.50000   -10.49197     0.02137   (sampled)
    39.94732     9.41807   -10.39120     0.02173 (mid-point)
    40.04732     9.33648   -10.29043     0.02209   (sampled)
    40.14732     9.25540   -10.19043     0.02247 (mid-point)
    40.24732     9.17372   -10.09043     0.02284   (sampled)
    40.34732     9.09225    -9.98950     0.02323 (mid-point)
    40.44732     9.01113    -9.88857     0.02362   (sampled)
    40.54732     8.93161    -9.78750     0.02402 (mid-point)
    40.64732     8.85152    -9.68643     0.02443   (sampled)
    40.74732     8.77256    -9.58643     0.02484 (mid-point)
    40.84732     8.69399    -9.48643     0.02526   (sampled)
    40.94732     8.61525    -9.38642     0.02569 (mid-point)
    41.04732     8.53690    -9.28641     0.02613   (sampled)
    41.14732     8.45954    -9.18641     0.02657 (mid-point)
    41.24732     8.38161    -9.08641     0.02703   (sampled)
    41.34732     8.30479    -8.98637     0.02749 (mid-point)
    41.44732     8.22813    -8.88633     0.02796   (sampled)
    41.54732     8.15186    -8.78633     0.02844 (mid-point)
    41.64732     8.07576    -8.68632     0.02892   (sampled)
    41.74732     8.00081    -8.58607     0.02942 (mid-point)
    41.84732     7.92528    -8.48582     0.02993   (sampled)
    41.94732     7.85036    -8.38410     0.03044 (mid-point)
    42.04732     7.77597    -8.28239     0.03097   (sampled)
    42.14732     7.70270    -8.18238     0.03151 (mid-point)
    42.24732     7.62997    -8.08238     0.03205   (sampled)
    42.34732     7.55766    -7.98220     0.03261 (mid-point)
    42.44732     7.48592    -7.88201     0.03318   (sampled)
    42.54732     7.41492    -7.78201     0.03376 (mid-point)
    42.64732     7.34397    -7.68201     0.03435   (sampled)
    42.74732     7.27180    -7.58179     0.03495 (mid-point)
    42.84732     7.19696    -7.48157     0.03557   (sampled)
    42.94732     7.12328    -7.38077     0.03619 (mid-point)
    43.04732     7.04712    -7.27997     0.03683   (sampled)
    43.14732     6.97195    -7.17969     0.03749 (mid-point)
    43.24732     6.89667    -7.07942     0.03816   (sampled)
    43.34732     6.82269    -6.97915     0.03884 (mid-point)
    43.44732     6.74821    -6.87889     0.03954   (sampled)
    43.54732     6.67492    -6.77806     0.04025 (mid-point)
    43.64732     6.60062    -6.67724     0.04099   (sampled)
    43.74732     6.52997    -6.57712     0.04173 (mid-point)
    43.84732     6.45883    -6.47700     0.04250   (sampled)
    43.94732     6.38787    -6.37659     0.04328 (mid-point)
    44.04732     6.31754    -6.27618     0.04407   (sampled)
    44.14732     6.24844    -6.17573     0.04489 (mid-point)
    44.24732     6.17901    -6.07528     0.04572   (sampled)
    44.34732     6.11081    -5.97493     0.04657 (mid-point)
    44.44732     6.04208    -5.87458     0.04745   (sampled)
    44.54732     5.97707    -5.77394     0.04834 (mid-point)
    44.64732     5.91130    -5.67330     0.04925   (sampled)
    44.74732     5.84683    -5.57287     0.05018 (mid-point)
    44.84732     5.78240    -5.47244     0.05113   (sampled)
    44.94732     5.71973    -5.37201     0.05210 (mid-point)
    45.04732     5.65688    -5.27158     0.05310   (sampled)
    45.14732     5.59527    -5.17096     0.05412 (mid-point)
    45.24732     5.53271    -5.07034     0.05516   (sampled)
    45.34732     5.47177    -4.96912     0.05622 (mid-point)
    45.44732     5.41184    -4.86791     0.05731   (sampled)
    45.54732     5.35226    -4.76603     0.05842 (mid-point)
    45.64732     5.29355    -4.66416     0.05955   (sampled)
    45.74732     5.23724    -4.56326     0.06071 (mid-point)
    45.84732     5.18206    -4.46237     0.06190   (sampled)
    45.94732     5.12696    -4.36056     0.06311 (mid-point)
    46.04732     5.07298    -4.25875     0.06435   (sampled)
    46.14732     5.02051    -4.15743     0.06561 (mid-point)
    46.24732     4.96930    -4.05611     0.06690   (sampled)
    46.34732     4.92055    -3.95528     0.06821 (mid-point)
    46.44732     4.87312    -3.85445     0.06955   (sampled)
    46.54732     4.82545    -3.75352     0.07092 (mid-point)
    46.64732     4.77845    -3.65259     0.07231   (sampled)
    46.74732     4.73501    -3.55105     0.07373 (mid-point)
    46.84732     4.69305    -3.44951     0.07518   (sampled)
    46.94732     4.65167    -3.34775     0.07665 (mid-point)
    47.04732     4.61099    -3.24599     0.07815   (sampled)
    47.14732     4.57321    -3.14498     0.07967 (mid-point)
    47.24732     4.53701    -3.04397     0.08122   (sampled)
    47.34732     4.50221    -2.94302     0.08279 (mid-point)
    47.44732     4.46820    -2.84208     0.08438   (sampled)
    47.54732     4.43688    -2.74065     0.08600 (mid-point)
    47.64732     4.40691    -2.63922     0.08764   (sampled)
    47.74732     4.37925    -2.53795     0.08930 (mid-point)
    47.84732     4.35334    -2.43667     0.09098   (sampled)
    47.94732     4.32783    -2.33480     0.09268 (mid-point)
    48.04732     4.30410    -2.23293     0.09439   (sampled)
    48.14732     4.28370    -2.13219     0.09613 (mid-point)
    48.24732     4.26514    -2.03145     0.09788   (sampled)
    48.34732     4.24776    -1.92985     0.09964 (mid-point)
    48.44732     4.23228    -1.82824     0.10142   (sampled)
    48.54732     4.21934    -1.72726     0.10321 (mid-point)
    48.64732     4.20807    -1.62627     0.10500   (sampled)
    48.74732     4.19841    -1.52491     0.10681 (mid-point)
    48.84732     4.19072    -1.42355     0.10862   (sampled)
    48.94732     4.18442    -1.32277     0.11044 (mid-point)
    49.04732     4.17863    -1.22199     0.11226   (sampled)
    49.14732     4.17546    -1.12024     0.11409 (mid-point)
    49.24732     4.17248    -1.01849     0.11592   (sampled)
    49.34732     4.16943    -0.91738     0.11775 (mid-point)
    49.44732     4.16731    -0.81627     0.11958   (sampled)
    49.54732     4.16537    -0.71608     0.12142 (mid-point)
    49.64732     4.16367    -0.61590     0.12325   (sampled)
    49.74732     4.14843    -0.51290     0.12510 (mid-point)
    49.84732     4.13480    -0.40990     0.12696   (sampled)
    49.94732     4.12397    -0.30738     0.12884 (mid-point)
    50.04732     4.11476    -0.20487     0.13072   (sampled)
    50.14732     4.10655    -0.10244     0.13260 (mid-point)
    50.24732     4.10004     0.00000     0.13450   (sampled)
    50.34732     4.09734     0.10270     0.13639 (mid-point)
    50.44732     4.09670     0.20541     0.13829   (sampled)
    50.54732     4.09772     0.30821     0.14018 (mid-point)
    50.64732     4.09995     0.41101     0.14208   (sampled)
    50.74732     4.10521     0.51314     0.14397 (mid-point)
    50.84732     4.11221     0.61527     0.14585   (sampled)
    50.94732     4.11995     0.71804     0.14772 (mid-point)
    51.04732     4.12929     0.82082     0.14959   (sampled)
    51.14732     4.13339     0.92501     0.15145 (mid-point)
    51.24732     4.13961     1.02920     0.15331   (sampled)
    51.34732     4.15330     1.13013     0.15516 (mid-point)
    51.44732     4.16605     1.23106     0.15699   (sampled)
    51.54732     4.17531     1.33288     0.15882 (mid-point)
    51.64732     4.18629     1.43469     0.16063   (sampled)
    51.74732     4.19960     1.53699     0.16244 (mid-point)
    51.84732     4.21445     1.63928     0.16423   (sampled)
    51.94732     4.23131     1.74107     0.16601 (mid-point)
    52.04732     4.24982     1.84286     0.16777   (sampled)
    52.14732     4.26975     1.94490     0.16952 (mid-point)
    52.24732     4.29132     2.04695     0.17125   (sampled)
    52.34732     4.31603     2.14871     0.17295 (mid-point)
    52.44732     4.34116     2.25047     0.17464   (sampled)
    52.54732     4.36849     2.35204     0.17631 (mid-point)
    52.64732     4.39759     2.45361     0.17796   (sampled)
    52.74732     4.42854     2.55522     0.17958 (mid-point)
    52.84732     4.46109     2.65684     0.18118   (sampled)
    52.94732     4.49404     2.75941     0.18276 (mid-point)
    53.04732     4.52846     2.86198     0.18431   (sampled)
    53.14732     4.56596     2.96308     0.18583 (mid-point)
    53.24732     4.60484     3.06418     0.18734   (sampled)
    53.34732     4.64526     3.16519     0.18881 (mid-point)
    53.44732     4.68665     3.26621     0.19026   (sampled)
    53.54732     4.72954     3.36750     0.19168 (mid-point)
    53.64732     4.77389     3.46879     0.19308   (sampled)
    53.74732     4.81889     3.56995     0.19445 (mid-point)
    53.84732     4.86529     3.67110     0.19580   (sampled)
    53.94732     4.91413     3.77265     0.19711 (mid-point)
    54.04732     4.96292     3.87419     0.19841   (sampled)
    54.14732     5.01374     3.97549     0.19967 (mid-point)
    54.24732     5.06447     4.07679     0.20091   (sampled)
    54.34732     5.11813     4.17829     0.20213 (mid-point)
    54.44732     5.17204     4.27979     0.20332   (sampled)
    54.54732     5.22717     4.38174     0.20448 (mid-point)
    54.64732     5.28254     4.48369     0.20562   (sampled)
    54.74732     5.34118     4.58399     0.20674 (mid-point)
    54.84732     5.39903     4.68429     0.20783   (sampled)
    54.94732     5.45428     4.78538     0.20890 (mid-point)
    55.04732     5.51064     4.88646     0.20995   (sampled)
    55.14732     5.56701     4.98806     0.21098 (mid-point)
    55.24732     5.62367     5.08965     0.21198   (sampled)
    55.34732     5.68312     5.19018     0.21297 (mid-point)
    55.44732     5.74266     5.29071     0.21393   (sampled)
    55.54732     5.80358     5.39116     0.21488 (mid-point)
    55.64732     5.86404     5.49162     0.21581   (sampled)
    55.74732     5.92585     5.59287     0.21671 (mid-point)
    55.84732     5.98694     5.69413     0.21760   (sampled)
    55.94732     6.05191     5.79448     0.21847 (mid-point)
    56.04732     6.11769     5.89482     0.21932   (sampled)
    56.14732     6.18248     5.99555     0.22015 (mid-point)
    56.24732     6.24775     6.09627     0.22097   (sampled)
    56.34732     6.31558     6.19665     0.22177 (mid-point)
    56.44732     6.38257     6.29703     0.22255   (sampled)
    56.54732     6.45250     6.39798     0.22331 (mid-point)
    56.64732     6.52166     6.49893     0.22406   (sampled)
    56.74732     6.58924     6.59896     0.22479 (mid-point)
    56.84732     6.65732     6.69899     0.22551   (sampled)
    56.94732     6.72598     6.79900     0.22621 (mid-point)
    57.04732     6.79504     6.89900     0.22690   (sampled)
    57.14732     6.86361     6.99900     0.22758 (mid-point)
    57.24732     6.93284     7.09900     0.22824   (sampled)
    57.34732     7.00489     7.19907     0.22889 (mid-point)
    57.44732     7.07647     7.29914     0.22953   (sampled)
    57.54732     7.14917     7.39918     0.23015 (mid-point)
    57.64732     7.22245     7.49923     0.23076   (sampled)
    57.74732     7.29601     7.59924     0.23136 (mid-point)
    57.84732     7.37012     7.69924     0.23194   (sampled)
    57.94732     7.44472     7.79926     0.23252 (mid-point)
    58.04732     7.51985     7.89927     0.23308   (sampled)
    58.14732     7.59515     7.99929     0.23363 (mid-point)
    58.24732     7.67095     8.09930     0.23417   (sampled)
    58.34732     7.74753     8.19931     0.23470 (mid-point)
    58.44732     7.82380     8.29931     0.23522   (sampled)
    58.54732     7.90141     8.39933     0.23573 (mid-point)
    58.64732     7.97943     8.49935     0.23623   (sampled)
    58.74732     8.05834     8.59939     0.23672 (mid-point)
    58.84732     8.13620     8.69944     0.23720   (sampled)
    58.94732     8.21554     8.79950     0.23768 (mid-point)
    59.04732     8.29456     8.89957     0.23814   (sampled)
    59.14732     8.37420     8.99989     0.23859 (mid-point)
    59.24732     8.45260     9.10021     0.23904   (sampled)
    59.34732     8.53134     9.20067     0.23948 (mid-point)
    59.44732     8.60958     9.30114     0.23990   (sampled)
    59.54732     8.69020     9.40145     0.24033 (mid-point)
    59.64732     8.76904     9.50176     0.24074   (sampled)
    59.74732     8.84959     9.60238     0.24115 (mid-point)
    59.84732     8.93023     9.70301     0.24155   (sampled)
    59.94732     9.01133     9.80338     0.24194 (mid-point)
    60.04732     9.09277     9.90375     0.24232   (sampled)
    60.14732     9.17432    10.00412     0.24270 (mid-point)
    60.24732     9.25620    10.10449     0.24307   (sampled)
    60.34732     9.33879    10.20476     0.24344 (mid-point)
    60.44732     9.42095    10.30502     0.24380   (sampled)
    60.54732     9.50468    10.40546     0.24415 (mid-point)
    60.64732     9.58773    10.50590     0.24449   (sampled)
    60.74732     9.67020    10.60636     0.24484 (mid-point)
    60.84732     9.75299    10.70683     0.24517   (sampled)
    60.94732     9.83780    10.80747     0.24550 (mid-point)
    61.04732     9.92287    10.90811     0.24582   (sampled)
    61.14732    10.00750    11.00849     0.24614 (mid-point)
    61.24732    10.09238    11.10887     0.24645   (sampled)
    61.34732    10.17792    11.20913     0.24676 (mid-point)
    61.44732    10.26332    11.30939     0.24706   (sampled)
    61.54732    10.34822    11.40976     0.24736 (mid-point)
    61.64732    10.43336    11.51013     0.24765   (sampled)
    61.74732    10.52063    11.61079     0.24794 (mid-point)
    61.84732    10.60717    11.71144     0.24822   (sampled)
    61.94732    10.69318    11.81195     0.24850 (mid-point)
    62.04732    10.77824    11.91245     0.24877   (sampled)
    62.14732    10.86304    12.01276     0.24904 (mid-point)
    62.24732    10.94807    12.11307     0.24931   (sampled)
    62.34732    11.03448    12.21322     0.24957 (mid-point)
    62.44732    11.12097    12.31337     0.24983   (sampled)
    62.54732    11.20684    12.41356     0.25008 (mid-point)
    62.64732    11.29293    12.51374     0.25033   (sampled)
    62.74732    11.37943    12.61393     0.25058 (mid-point)
    62.84732    11.46614    12.71413     0.25082   (sampled)
    62.94732    11.55291    12.81455     0.25106 (mid-point)
    63.04732    11.63949    12.91497     0.25129   (sampled)
    63.14732    11.72708    13.01510     0.25152 (mid-point)
    63.24732    11.81479    13.11523     0.25175   (sampled)
    63.34732    11.90208    13.21546     0.25198 (mid-point)
    63.44732    11.98955    13.31569     0.25220   (sampled)
    63.54732    12.07744    13.41587     0.25242 (mid-point)
    63.64732    12.16550    13.51604     0.25263   (sampled)
    63.74732    12.25402    13.61658     0.25284 (mid-point)
    63.84732    12.34223    13.71711     0.25305   (sampled)
    63.94732    12.43063    13.81722     0.25326 (mid-point)
    64.04732    12.51920    13.91733     0.25346   (sampled)
    64.14732    12.60841    14.01756     0.25366 (mid-point)
    64.24732    12.69777    14.11780     0.25386   (sampled)
    64.34732    12.78728    14.21807     0.25405 (mid-point)
    64.44732    12.87604    14.31834     0.25425   (sampled)
    64.54732    12.96600    14.41844     0.25444 (mid-point)
    64.64732    13.05610    14.51854     0.25462   (sampled)
    64.74732    13.14520    14.61987     0.25481 (mid-point)
    64.84732    13.23446    14.72120     0.25499   (sampled)
    64.94732    13.32557    14.82146     0.25517 (mid-point)
    65.04732    13.41656    14.92172     0.25534   (sampled)
    65.14732    13.50668    15.02197     0.25552 (mid-point)
    65.24732    13.59689    15.12223     0.25569   (sampled)
    65.34732    13.68774    15.22243     0.25586 (mid-point)
    65.44732    13.77870    15.32263     0.25603   (sampled)
    65.54732    13.86949    15.42311     0.25619 (mid-point)
    65.64732    13.96016    15.52359     0.25636   (sampled)
    65.74732    14.05143    15.62374     0.25652 (mid-point)
    65.84732    14.14267    15.72389     0.25668   (sampled)
    65.94732    14.23399    15.82406     0.25683 (mid-point)
    66.04732    14.32542    15.92423     0.25699   (sampled)
    66.14732    14.41700    16.02439     0.25714 (mid-point)
    66.24732    14.50868    16.12455     0.25729   (sampled)
    66.34732    14.60057    16.22477     0.25744 (mid-point)
    66.44732    14.69189    16.32498     0.25759   (sampled)
    66.54732    14.78315    16.42510     0.25774 (mid-point)
    66.64732    14.87452    16.52522     0.25788   (sampled)
    66.74732    14.96598    16.62533     0.25802 (mid-point)
    66.84732    15.05754    16.72543     0.25816   (sampled)
    66.94732    15.14900    16.82556     0.25830 (mid-point)
    67.04732    15.24055    16.92569     0.25844   (sampled)
    67.14732    15.33221    17.02583     0.25857 (mid-point)
    67.24732    15.42389    17.12597     0.25871   (sampled)
    67.34732    15.51632    17.22615     0.25884 (mid-point)
    67.44732    15.60879    17.32632     0.25897   (sampled)
    67.54732    15.70087    17.42643     0.25910 (mid-point)
    67.64732    15.79277    17.52654     0.25923   (sampled)
    67.74732    15.88536    17.62673     0.25935 (mid-point)
    67.84732    15.97728    17.72692     0.25948   (sampled)
    67.94732    16.06995    17.82701     0.25960 (mid-point)
    68.04732    16.16269    17.92710     0.25972   (sampled)
    68.14732    16.25522    18.02736     0.25984 (mid-point)
    68.24732    16.34784    18.12761     0.25996   (sampled)
    68.34732    16.44115    18.22765     0.26008 (mid-point)
    68.44732    16.53406    18.32770     0.26020   (sampled)
    68.54732    16.62704    18.42781     0.26031 (mid-point)
    68.64732    16.72010    18.52792     0.26043   (sampled)
    68.74732    16.81352    18.62809     0.26054 (mid-point)
    68.84732    16.90658    18.72826     0.26065   (sampled)
    68.94732    16.99980    18.82838     0.26076 (mid-point)
    69.04732    17.09292    18.92849     0.26087   (sampled)
    69.14732    17.18644    19.02861     0.26098 (mid-point)
    69.24732    17.28003    19.12873     0.26108   (sampled)
    69.34732    17.37354    19.22883     0.26119 (mid-point)
    69.44732    17.46712    19.32893     0.26129   (sampled)
    69.54732    17.56116    19.42916     0.26140 (mid-point)
    69.64732    17.65460    19.52938     0.26150   (sampled)
    69.74732    17.74865    19.62944     0.26160 (mid-point)
    69.84732    17.84247    19.72950     0.26170   (sampled)
    69.94732    17.93658    19.82963     0.26180 (mid-point)
    70.04732    18.03076    19.92976     0.26190   (sampled)
    70.14732    18.12453    20.02989     0.26199 (mid-point)
    70.24732    18.21837    20.13002     0.26209   (sampled)
    70.34732    18.31274    20.23041     0.26218 (mid-point)
    70.44732    18.40672    20.33079     0.26228   (sampled)
    70.54732    18.50086    20.43102     0.26237 (mid-point)
    70.64732    18.59495    20.53125     0.26246   (sampled)
    70.74732    18.69003    20.63140     0.26255 (mid-point)
    70.84732    18.78485    20.73155     0.26264   (sampled)
    70.94732    18.87948    20.83169     0.26273 (mid-point)
    71.04732    18.97387    20.93184     0.26282   (sampled)
    71.14732    19.06789    21.03209     0.26291 (mid-point)
    71.24732    19.16197    21.13233     0.26300   (sampled)
    71.34732    19.25677    21.23243     0.26308 (mid-point)
    71.44732    19.35162    21.33253     0.26317   (sampled)
    71.54732    19.44710    21.43270     0.26325 (mid-point)
    71.64732    19.54166    21.53288     0.26334   (sampled)
    71.74732    19.63716    21.63311     0.26342 (mid-point)
    71.84732    19.73199    21.73335     0.26350   (sampled)
    71.94732    19.82688    21.83372     0.26358 (mid-point)
    72.04732    19.92160    21.93410     0.26366   (sampled)
    72.14732    20.01716    22.03416     0.26374 (mid-point)
    72.24732    20.11274    22.13422     0.26382   (sampled)
    72.34732    20.20788    22.23435     0.26390 (mid-point)
    72.44732    20.30307    22.33447     0.26397   (sampled)
    72.54732    20.39806    22.43491     0.26405 (mid-point)
    72.64732    20.49304    22.53535     0.26413   (sampled)
    72.74732    20.58811    22.63552     0.26420 (mid-point)
    72.84732    20.68321    22.73569     0.26428   (sampled)
    72.94732    20.77949    22.83571     0.26435 (mid-point)
    73.04732    20.87547    22.93572     0.26442   (sampled)
    73.14732    20.97077    23.03605     0.26449 (mid-point)
    73.24732    21.06578    23.13638     0.26457   (sampled)
    73.34732    21.16191    23.23639     0.26464 (mid-point)
    73.44732    21.25734    23.33640     0.26471   (sampled)
    73.54732    21.35350    23.43659     0.26478 (mid-point)
    73.64732    21.44923    23.53677     0.26485   (sampled)
    73.74732    21.54490    23.63688     0.26492 (mid-point)
    73.84732    21.64056    23.73699     0.26498   (sampled)
    73.94732    21.73657    23.83716     0.26505 (mid-point)
    74.04732    21.83256    23.93733     0.26512   (sampled)

 Minimum radius found:      4.097 angstroms.



 For spherical probe approach, The geometric factor
         F= sum(ds/area) along channel is    0.265 angstroms**-1
 This yields a macroscopic predicted molar conductance of:
   (1/rho)*(100/F)= (380/rho) pS,
   where rho is the conductivity of 1M permeant ion in ohm m.
 N.B. this is a macroscopic conductance - an overestimate 
 Empirically corrected conductances currently only available
 With the CAPSULE option (although its not that stable!)
 For 1M KCl rho= 1/12 (ohm m), So Gmacro= 4500 pS/M.
  (TAG      1   Rmin=     4.09670   Gmacro=  4526.28945 Conn_Gmacro=    -1.00000 ).
 HOLE: normal completion
