 *** Program HOLE ***
 
 If results of this run are reported or published, please
 cite the publication listed below.
 For the HOLE program:
   Smart, O.S., Goodfellow, J.M., Wallace, B.A. (1993). 
   The pore dimensions of gramicidin A. 
   Biophys. J., 65, 2455-2460.
 
 Originally written by Oliver Smart at Birkbeck College from April 1992.
 Copyright 1993-2005 Oliver Smart
 Copyright 2014-2015 SmartSci Limited.
 Copyright 2016 Oliver Smart.
 
 For help on HOLE suite see  http://www.holeprogram.org/
 
 HOLE release 2.2.005 (07 August 2016) 
 
 usage subject to Apache License, Version 2.0 
 see http://www.apache.org/licenses/LICENSE-2.0 

 Control variables read:

! Input file for Oliver Smart's HOLE program
! written by MDAnalysis.analysis.hole2.HoleAnalysis
! for a Universe
! u = mda.Universe(host_154.mol2
!    host_154.mol2
!   )
! Frame 0

COORD  /tmp/tmpy6in6dmu.pdb
RADIUS simple2.rad
SPHPDB hole000.sph
SAMPLE 0.200000
ENDRAD 22.000000
IGNORE SOL WAT TIP HOH K   NA  CL
SHORTO 0
RASEED 31415
CPOINT -0.8462618980 -0.1382262080 0.0119523875


 WARNING have not found a CVECT record - will try to guess
 Input pdb filename read as:    '/tmp/tmpy6in6dmu.pdb'
 Input vdW radius file read as: 'simple2.rad'
 point in channel:   -0.846  -0.138   0.012
 channel vector:   ************************
 sampling distance between planes:    0.200

 graphics conditions:
 binary plot output file name: NONE
 Dot density:    10
 Draw dots?           T
 Draw close contacts? F
 Draw centre line?    T
 Produce spikes rather than dots? F
 Seed for random number generator:     31415 (0 means value set by program)
 Radius above which a result is regarded as an 'end':  22.000
 Pdb format file for sphere centres: hole000.sph

 Monte Carlo conditions:
  no of steps:  1000
  maximum displacement   0.100 angs
  'kT' initial   0.100 angs
 The spherebox and capsule options are turned off.
 (No molqpt card so will not write qpt file of the molecule)
 IGNORE card read so will ignore residue types: SOL WAT TIP HOH K   NA  CL
 no SHORTO card read so will produce full textual output
 As no PEGRAT card was found will not produce PEG polymer exclusion graph
 (No 2DMAPS card specified so will not produce 2D property maps)
 Have not found a CUT card.  Normal calculation using
   Cutoff lists with a cutsize=       1.000
   (if you wish to turn off option use a CUT -1 card)

 Have read     7 bond radius records and
              16 vdW radius records.
 From file: simple2.rad

 Have read    84 atom records.
 From file: /tmp/tmpy6in6dmu.pdb
 Will not produce graphical output

 Have opened file for pdb format output of sphere centres:  hole000.sph

  Seed integer used by ran # generator on this run      31415

 
 S/R cguess will try to guess CPOINT and/or CVECT
 
 THESE GUESSES MAY WELL BE WRONG!!!!
 Routine relies on having a reasonably symmetric
 channel oriented along x, y or z vector
 YOU ARE STRONGLY ADVISED TO CHECK THE RESULTS
                       WITH MOLECULAR GRAPHICS
 testing points from cpoint in X, Y then Z direction
   point                   pore radius
direction     1
  -5.846  -0.138   0.012    -0.160
  -4.846  -0.138   0.012     0.805
  -3.846  -0.138   0.012     1.663
  -2.846  -0.138   0.012     2.063
  -1.846  -0.138   0.012     2.673
  -0.846  -0.138   0.012     3.019
   0.154  -0.138   0.012     2.940
   1.154  -0.138   0.012     1.942
   2.154  -0.138   0.012     0.944
   3.154  -0.138   0.012    -0.050
   4.154  -0.138   0.012    -1.030
 Average pore radius along the line=      1.346
direction     2
  -0.846  -5.138   0.012    -1.276
  -0.846  -4.138   0.012    -0.363
  -0.846  -3.138   0.012     0.531
  -0.846  -2.138   0.012     1.417
  -0.846  -1.138   0.012     2.269
  -0.846  -0.138   0.012     3.019
  -0.846   0.862   0.012     2.146
  -0.846   1.862   0.012     1.375
  -0.846   2.862   0.012     0.693
  -0.846   3.862   0.012    -0.245
  -0.846   4.862   0.012    -1.021
 Average pore radius along the line=      0.777
direction     3
  -0.846  -0.138  -4.988     4.420
  -0.846  -0.138  -3.988     4.109
  -0.846  -0.138  -2.988     3.928
  -0.846  -0.138  -1.988     3.487
  -0.846  -0.138  -0.988     3.214
  -0.846  -0.138   0.012     3.019
  -0.846  -0.138   1.012     2.986
  -0.846  -0.138   2.012     3.198
  -0.846  -0.138   3.012     3.622
  -0.846  -0.138   4.012     4.004
  -0.846  -0.138   5.012     4.294
 Average pore radius along the line=      3.662
 Best direction is found to be     3
(1=X,2=Y,3=Z)
 s/r cguess has produced initial values for cpoint &/or cvect:
CPOINT      -0.8463     -0.1382      0.0120
CVECT        0.0000      0.0000      1.0000
 THESE GUESSES MAY WELL BE WRONG!!!!
 Routine relies on having a reasonably symmetric
 channel oriented along x, y or z vector
 YOU ARE STRONGLY ADVISED TO CHECK THE RESULTS
                       WITH MOLECULAR GRAPHICS
 
 
  Some routines (e.g. conn) need vectors normal to cvect: 
     EAST Zero degrees angle is along vector    1.000   0.000   0.000
     NORTH  90 degrees angle is along vector    0.000  -1.000   0.000
 highest radius point found:
  at point   -0.258  -0.219   0.012
  closest atom surface    3.356   C3  154 X    0
  2nd closest surface     3.357   H10 154 X    0
  found on step  209
 current point:
  at point   -0.258  -0.220   0.012
  closest atom surface    3.356   C3  154 X    0
  2nd closest surface     3.358   H10 154 X    0
  found on step  986
  no. of rejections          446
 stored as     0

 highest radius point found:
  at point   -0.249  -0.242   0.212
  closest atom surface    3.352   C3  154 X    0
  2nd closest surface     3.356   O4  154 X    0
  found on step  951
  this is also current point
  no. of rejections          393
 stored as     1

 highest radius point found:
  at point   -0.236  -0.246   0.412
  closest atom surface    3.351   C20 154 X    0
  2nd closest surface     3.352   H10 154 X    0
  found on step  908
  this is also current point
  no. of rejections          418
 stored as     2

 highest radius point found:
  at point   -0.232  -0.248   0.612
  closest atom surface    3.348   C20 154 X    0
  2nd closest surface     3.349   C26 154 X    0
  found on step  937
  this is also current point
  no. of rejections          399
 stored as     3

 highest radius point found:
  at point   -0.232  -0.248   0.812
  closest atom surface    3.352   C26 154 X    0
  2nd closest surface     3.352   C20 154 X    0
  found on step    1
 current point:
  at point   -0.233  -0.248   0.812
  closest atom surface    3.351   C20 154 X    0
  2nd closest surface     3.351   H10 154 X    0
  found on step  978
  no. of rejections          407
 stored as     4

 highest radius point found:
  at point   -0.240  -0.249   1.012
  closest atom surface    3.359   C20 154 X    0
  2nd closest surface     3.360   S3  154 X    0
  found on step  990
  this is also current point
  no. of rejections          406
 stored as     5

 highest radius point found:
  at point   -0.263  -0.250   1.212
  closest atom surface    3.368   S3  154 X    0
  2nd closest surface     3.370   C20 154 X    0
  found on step  971
  this is also current point
  no. of rejections          401
 stored as     6

 highest radius point found:
  at point   -0.293  -0.248   1.412
  closest atom surface    3.386   H10 154 X    0
  2nd closest surface     3.389   S3  154 X    0
  found on step  617
 current point:
  at point   -0.283  -0.256   1.412
  closest atom surface    3.384   S3  154 X    0
  2nd closest surface     3.384   C20 154 X    0
  found on step  958
  no. of rejections          398
 stored as     7

 highest radius point found:
  at point   -0.315  -0.252   1.612
  closest atom surface    3.412   C20 154 X    0
  2nd closest surface     3.413   S3  154 X    0
  found on step  979
  this is also current point
  no. of rejections          399
 stored as     8

 highest radius point found:
  at point   -0.344  -0.245   1.812
  closest atom surface    3.443   H24 154 X    0
  2nd closest surface     3.444   S3  154 X    0
  found on step  988
  this is also current point
  no. of rejections          408
 stored as     9

 highest radius point found:
  at point   -0.369  -0.228   2.012
  closest atom surface    3.475   S3  154 X    0
  2nd closest surface     3.477   H24 154 X    0
  found on step  951
  this is also current point
  no. of rejections          371
 stored as    10

 highest radius point found:
  at point   -0.397  -0.211   2.212
  closest atom surface    3.516   H10 154 X    0
  2nd closest surface     3.516   S3  154 X    0
  found on step  922
  this is also current point
  no. of rejections          411
 stored as    11

 highest radius point found:
  at point   -0.427  -0.197   2.412
  closest atom surface    3.564   H10 154 X    0
  2nd closest surface     3.565   H24 154 X    0
  found on step  958
  this is also current point
  no. of rejections          402
 stored as    12

 highest radius point found:
  at point   -0.454  -0.183   2.612
  closest atom surface    3.620   H24 154 X    0
  2nd closest surface     3.621   S3  154 X    0
  found on step  975
  this is also current point
  no. of rejections          424
 stored as    13

 highest radius point found:
  at point   -0.484  -0.167   2.812
  closest atom surface    3.685   S3  154 X    0
  2nd closest surface     3.685   H24 154 X    0
  found on step  873
  this is also current point
  no. of rejections          400
 stored as    14

 highest radius point found:
  at point   -0.517  -0.152   3.012
  closest atom surface    3.756   H24 154 X    0
  2nd closest surface     3.757   H10 154 X    0
  found on step  920
  this is also current point
  no. of rejections          370
 stored as    15

 highest radius point found:
  at point   -0.594  -0.148   3.212
  closest atom surface    3.815   H37 154 X    0
  2nd closest surface     3.816   H24 154 X    0
  found on step  634
 current point:
  at point   -0.601  -0.144   3.212
  closest atom surface    3.814   H37 154 X    0
  2nd closest surface     3.818   H24 154 X    0
  found on step  987
  no. of rejections          362
 stored as    16

 highest radius point found:
  at point   -0.713  -0.148   3.412
  closest atom surface    3.874   H37 154 X    0
  2nd closest surface     3.874   H24 154 X    0
  found on step  935
  this is also current point
  no. of rejections          388
 stored as    17

 highest radius point found:
  at point   -0.869  -0.135   3.612
  closest atom surface    3.946   H10 154 X    0
  2nd closest surface     3.947   H37 154 X    0
  found on step  940
  this is also current point
  no. of rejections          366
 stored as    18

 highest radius point found:
  at point   -1.005  -0.129   3.812
  closest atom surface    4.023   H10 154 X    0
  2nd closest surface     4.029   H24 154 X    0
  found on step  489
 current point:
  at point   -0.493  -0.293   3.812
  closest atom surface    3.972   H37 154 X    0
  2nd closest surface     3.972   H24 154 X    0
  found on step  878
  no. of rejections          382
 stored as    19

 highest radius point found:
  at point   -1.127  -0.127   4.012
  closest atom surface    4.117   H10 154 X    0
  2nd closest surface     4.118   H37 154 X    0
  found on step  993
  this is also current point
  no. of rejections          380
 stored as    20

 highest radius point found:
  at point   -1.258  -0.125   4.212
  closest atom surface    4.216   H24 154 X    0
  2nd closest surface     4.218   H10 154 X    0
  found on step  978
  this is also current point
  no. of rejections          367
 stored as    21

 highest radius point found:
  at point   -1.383  -0.120   4.412
  closest atom surface    4.326   H24 154 X    0
  2nd closest surface     4.327   H37 154 X    0
  found on step  706
 current point:
  at point   -1.394  -0.120   4.412
  closest atom surface    4.325   H24 154 X    0
  2nd closest surface     4.325   H10 154 X    0
  found on step  890
  no. of rejections          346
 stored as    22

 highest radius point found:
  at point   -1.417  -0.147   4.612
  closest atom surface    4.418   C18 154 X    0
  2nd closest surface     4.419   H24 154 X    0
  found on step  963
  this is also current point
  no. of rejections          342
 stored as    23

 highest radius point found:
  at point   -1.435  -0.175   4.812
  closest atom surface    4.515   H37 154 X    0
  2nd closest surface     4.517   C18 154 X    0
  found on step  832
 current point:
  at point   -1.462  -0.156   4.812
  closest atom surface    4.512   C18 154 X    0
  2nd closest surface     4.512   H37 154 X    0
  found on step  996
  no. of rejections          355
 stored as    24

 highest radius point found:
  at point   -1.459  -0.204   5.012
  closest atom surface    4.616   C18 154 X    0
  2nd closest surface     4.618   H37 154 X    0
  found on step  309
 current point:
  at point   -1.471  -0.196   5.012
  closest atom surface    4.614   C18 154 X    0
  2nd closest surface     4.617   H37 154 X    0
  found on step  971
  no. of rejections          359
 stored as    25

 highest radius point found:
  at point   -1.475  -0.236   5.212
  closest atom surface    4.723   C18 154 X    0
  2nd closest surface     4.725   H37 154 X    0
  found on step  996
  this is also current point
  no. of rejections          356
 stored as    26

 highest radius point found:
  at point   -1.483  -0.272   5.412
  closest atom surface    4.836   C18 154 X    0
  2nd closest surface     4.837   H37 154 X    0
  found on step  920
  this is also current point
  no. of rejections          361
 stored as    27

 highest radius point found:
  at point   -1.496  -0.307   5.612
  closest atom surface    4.952   C18 154 X    0
  2nd closest surface     4.954   H24 154 X    0
  found on step  969
  this is also current point
  no. of rejections          349
 stored as    28

 highest radius point found:
  at point   -1.505  -0.341   5.812
  closest atom surface    5.074   H37 154 X    0
  2nd closest surface     5.074   H24 154 X    0
  found on step  935
  this is also current point
  no. of rejections          349
 stored as    29

 highest radius point found:
  at point   -1.518  -0.374   6.012
  closest atom surface    5.198   C18 154 X    0
  2nd closest surface     5.199   H37 154 X    0
  found on step  843
 current point:
  at point   -1.522  -0.372   6.012
  closest atom surface    5.198   C18 154 X    0
  2nd closest surface     5.199   H37 154 X    0
  found on step  959
  no. of rejections          340
 stored as    30

 highest radius point found:
  at point   -1.528  -0.408   6.212
  closest atom surface    5.327   H37 154 X    0
  2nd closest surface     5.328   C18 154 X    0
  found on step  970
  this is also current point
  no. of rejections          323
 stored as    31

 highest radius point found:
  at point   -1.537  -0.442   6.412
  closest atom surface    5.460   H37 154 X    0
  2nd closest surface     5.460   H24 154 X    0
  found on step  824
 current point:
  at point   -1.548  -0.434   6.412
  closest atom surface    5.459   H37 154 X    0
  2nd closest surface     5.459   C18 154 X    0
  found on step  993
  no. of rejections          345
 stored as    32

 highest radius point found:
  at point   -1.552  -0.472   6.612
  closest atom surface    5.595   C18 154 X    0
  2nd closest surface     5.595   H37 154 X    0
  found on step  899
  this is also current point
  no. of rejections          323
 stored as    33

 highest radius point found:
  at point   -1.555  -0.511   6.812
  closest atom surface    5.735   C18 154 X    0
  2nd closest surface     5.735   H37 154 X    0
  found on step  992
  this is also current point
  no. of rejections          337
 stored as    34

 highest radius point found:
  at point   -1.563  -0.546   7.012
  closest atom surface    5.877   C18 154 X    0
  2nd closest surface     5.878   H37 154 X    0
  found on step  922
  this is also current point
  no. of rejections          318
 stored as    35

 highest radius point found:
  at point   -1.574  -0.577   7.212
  closest atom surface    6.022   C18 154 X    0
  2nd closest surface     6.022   H37 154 X    0
  found on step  942
  this is also current point
  no. of rejections          310
 stored as    36

 highest radius point found:
  at point   -1.574  -0.617   7.412
  closest atom surface    6.170   H24 154 X    0
  2nd closest surface     6.170   H37 154 X    0
  found on step  839
 current point:
  at point   -1.577  -0.615   7.412
  closest atom surface    6.170   H37 154 X    0
  2nd closest surface     6.170   C18 154 X    0
  found on step  970
  no. of rejections          318
 stored as    37

 highest radius point found:
  at point   -1.581  -0.652   7.612
  closest atom surface    6.320   C18 154 X    0
  2nd closest surface     6.321   H24 154 X    0
  found on step  972
  this is also current point
  no. of rejections          331
 stored as    38

 highest radius point found:
  at point   -1.599  -0.679   7.812
  closest atom surface    6.471   C18 154 X    0
  2nd closest surface     6.473   H37 154 X    0
  found on step  915
  this is also current point
  no. of rejections          304
 stored as    39

 highest radius point found:
  at point   -1.591  -0.724   8.012
  closest atom surface    6.628   H33 154 X    0
  2nd closest surface     6.628   C18 154 X    0
  found on step  897
  this is also current point
  no. of rejections          342
 stored as    40

 highest radius point found:
  at point   -1.628  -0.736   8.212
  closest atom surface    6.778   H33 154 X    0
  2nd closest surface     6.779   H21 154 X    0
  found on step  985
  this is also current point
  no. of rejections          311
 stored as    41

 highest radius point found:
  at point   -1.661  -0.735   8.412
  closest atom surface    6.928   H21 154 X    0
  2nd closest surface     6.929   H37 154 X    0
  found on step  954
  this is also current point
  no. of rejections          344
 stored as    42

 highest radius point found:
  at point   -1.685  -0.743   8.612
  closest atom surface    7.080   H21 154 X    0
  2nd closest surface     7.080   H37 154 X    0
  found on step  979
  this is also current point
  no. of rejections          296
 stored as    43

 highest radius point found:
  at point   -1.710  -0.751   8.812
  closest atom surface    7.233   H37 154 X    0
  2nd closest surface     7.234   H33 154 X    0
  found on step  981
  this is also current point
  no. of rejections          332
 stored as    44

 highest radius point found:
  at point   -1.737  -0.757   9.012
  closest atom surface    7.389   H37 154 X    0
  2nd closest surface     7.389   H33 154 X    0
  found on step  703
 current point:
  at point   -1.740  -0.759   9.012
  closest atom surface    7.388   H21 154 X    0
  2nd closest surface     7.391   H33 154 X    0
  found on step  960
  no. of rejections          326
 stored as    45

 highest radius point found:
  at point   -1.774  -0.756   9.212
  closest atom surface    7.545   H37 154 X    0
  2nd closest surface     7.546   H21 154 X    0
  found on step  972
  this is also current point
  no. of rejections          301
 stored as    46

 highest radius point found:
  at point   -1.800  -0.764   9.412
  closest atom surface    7.705   H37 154 X    0
  2nd closest surface     7.705   H21 154 X    0
  found on step  650
 current point:
  at point   -1.806  -0.760   9.412
  closest atom surface    7.704   H21 154 X    0
  2nd closest surface     7.705   H37 154 X    0
  found on step  914
  no. of rejections          299
 stored as    47

 highest radius point found:
  at point   -1.820  -0.777   9.612
  closest atom surface    7.867   H21 154 X    0
  2nd closest surface     7.867   H37 154 X    0
  found on step  904
  this is also current point
  no. of rejections          306
 stored as    48

 highest radius point found:
  at point   -1.856  -0.775   9.812
  closest atom surface    8.028   H37 154 X    0
  2nd closest surface     8.029   H21 154 X    0
  found on step  977
  this is also current point
  no. of rejections          328
 stored as    49

 highest radius point found:
  at point   -1.881  -0.784  10.012
  closest atom surface    8.193   H37 154 X    0
  2nd closest surface     8.193   H21 154 X    0
  found on step  750
 current point:
  at point   -1.881  -0.783  10.012
  closest atom surface    8.193   H37 154 X    0
  2nd closest surface     8.193   H21 154 X    0
  found on step  990
  no. of rejections          313
 stored as    50

 highest radius point found:
  at point   -1.896  -0.796  10.212
  closest atom surface    8.357   H19 154 X    0
  2nd closest surface     8.357   H33 154 X    0
  found on step  940
  this is also current point
  no. of rejections          294
 stored as    51

 highest radius point found:
  at point   -1.917  -0.794  10.412
  closest atom surface    8.518   H19 154 X    0
  2nd closest surface     8.518   H37 154 X    0
  found on step  912
  this is also current point
  no. of rejections          313
 stored as    52

 highest radius point found:
  at point   -1.930  -0.799  10.612
  closest atom surface    8.681   H37 154 X    0
  2nd closest surface     8.682   C25 154 X    0
  found on step  958
  this is also current point
  no. of rejections          295
 stored as    53

 highest radius point found:
  at point   -1.948  -0.801  10.812
  closest atom surface    8.846   H37 154 X    0
  2nd closest surface     8.847   C25 154 X    0
  found on step  749
 current point:
  at point   -1.951  -0.799  10.812
  closest atom surface    8.846   H37 154 X    0
  2nd closest surface     8.847   H19 154 X    0
  found on step  941
  no. of rejections          290
 stored as    54

 highest radius point found:
  at point   -1.967  -0.806  11.012
  closest atom surface    9.013   C25 154 X    0
  2nd closest surface     9.013   H19 154 X    0
  found on step  853
 current point:
  at point   -1.969  -0.819  11.012
  closest atom surface    9.010   C25 154 X    0
  2nd closest surface     9.010   H19 154 X    0
  found on step  928
  no. of rejections          302
 stored as    55

 highest radius point found:
  at point   -1.985  -0.812  11.212
  closest atom surface    9.179   C25 154 X    0
  2nd closest surface     9.179   H19 154 X    0
  found on step  299
 current point:
  at point   -1.992  -0.798  11.212
  closest atom surface    9.178   H37 154 X    0
  2nd closest surface     9.178   H19 154 X    0
  found on step  949
  no. of rejections          290
 stored as    56

 highest radius point found:
  at point   -2.006  -0.813  11.412
  closest atom surface    9.347   H19 154 X    0
  2nd closest surface     9.349   C25 154 X    0
  found on step 1000
  this is also current point
  no. of rejections          290
 stored as    57

 highest radius point found:
  at point   -2.017  -0.813  11.612
  closest atom surface    9.516   C25 154 X    0
  2nd closest surface     9.517   H37 154 X    0
  found on step  923
  this is also current point
  no. of rejections          292
 stored as    58

 highest radius point found:
  at point   -2.041  -0.812  11.812
  closest atom surface    9.688   H37 154 X    0
  2nd closest surface     9.688   H19 154 X    0
  found on step  976
  this is also current point
  no. of rejections          293
 stored as    59

 highest radius point found:
  at point   -2.060  -0.815  12.012
  closest atom surface    9.859   H19 154 X    0
  2nd closest surface     9.861   H37 154 X    0
  found on step  982
  this is also current point
  no. of rejections          287
 stored as    60

 highest radius point found:
  at point   -2.075  -0.817  12.212
  closest atom surface   10.032   H37 154 X    0
  2nd closest surface    10.033   C25 154 X    0
  found on step  858
 current point:
  at point   -2.081  -0.810  12.212
  closest atom surface   10.031   H37 154 X    0
  2nd closest surface    10.031   H19 154 X    0
  found on step  920
  no. of rejections          298
 stored as    61

 highest radius point found:
  at point   -2.096  -0.817  12.412
  closest atom surface   10.205   H19 154 X    0
  2nd closest surface    10.206   H37 154 X    0
  found on step  968
  this is also current point
  no. of rejections          285
 stored as    62

 highest radius point found:
  at point   -2.117  -0.817  12.612
  closest atom surface   10.379   H19 154 X    0
  2nd closest surface    10.380   H37 154 X    0
  found on step  980
  this is also current point
  no. of rejections          288
 stored as    63

 highest radius point found:
  at point   -2.131  -0.827  12.812
  closest atom surface   10.555   C25 154 X    0
  2nd closest surface    10.555   H19 154 X    0
  found on step  992
  this is also current point
  no. of rejections          300
 stored as    64

 highest radius point found:
  at point   -2.146  -0.822  13.012
  closest atom surface   10.730   H37 154 X    0
  2nd closest surface    10.731   C25 154 X    0
  found on step  989
  this is also current point
  no. of rejections          278
 stored as    65

 highest radius point found:
  at point   -2.167  -0.826  13.212
  closest atom surface   10.908   C25 154 X    0
  2nd closest surface    10.908   H37 154 X    0
  found on step  996
  this is also current point
  no. of rejections          276
 stored as    66

 highest radius point found:
  at point   -2.186  -0.829  13.412
  closest atom surface   11.085   C25 154 X    0
  2nd closest surface    11.086   H19 154 X    0
  found on step  823
 current point:
  at point   -2.189  -0.820  13.412
  closest atom surface   11.083   C30 154 X    0
  2nd closest surface    11.084   H37 154 X    0
  found on step 1000
  no. of rejections          271
 stored as    67

 highest radius point found:
  at point   -2.210  -0.831  13.612
  closest atom surface   11.262   H19 154 X    0
  2nd closest surface    11.262   C30 154 X    0
  found on step  956
  this is also current point
  no. of rejections          281
 stored as    68

 highest radius point found:
  at point   -2.229  -0.839  13.812
  closest atom surface   11.440   C30 154 X    0
  2nd closest surface    11.440   H19 154 X    0
  found on step  993
  this is also current point
  no. of rejections          255
 stored as    69

 highest radius point found:
  at point   -2.245  -0.853  14.012
  closest atom surface   11.618   C25 154 X    0
  2nd closest surface    11.619   C30 154 X    0
  found on step  931
  this is also current point
  no. of rejections          304
 stored as    70

 highest radius point found:
  at point   -2.269  -0.860  14.212
  closest atom surface   11.798   H19 154 X    0
  2nd closest surface    11.799   C30 154 X    0
  found on step   14
 current point:
  at point   -2.272  -0.862  14.212
  closest atom surface   11.796   H19 154 X    0
  2nd closest surface    11.801   C25 154 X    0
  found on step  989
  no. of rejections          253
 stored as    71

 highest radius point found:
  at point   -2.288  -0.866  14.412
  closest atom surface   11.978   C30 154 X    0
  2nd closest surface    11.978   H19 154 X    0
  found on step  928
  this is also current point
  no. of rejections          263
 stored as    72

 highest radius point found:
  at point   -2.309  -0.852  14.612
  closest atom surface   12.149   C30 154 X    0
  2nd closest surface    12.160   H19 154 X    0
  found on step   64
 current point:
  at point   -3.546   0.691  14.612
  closest atom surface   12.034   C30 154 X    0
  2nd closest surface    12.034   H19 154 X    0
  found on step  956
  no. of rejections          248
 stored as    73

 highest radius point found:
  at point   -2.328  -0.889  14.812
  closest atom surface   12.338   C25 154 X    0
  2nd closest surface    12.339   H19 154 X    0
  found on step  930
  this is also current point
  no. of rejections          262
 stored as    74

 highest radius point found:
  at point   -2.345  -0.892  15.012
  closest atom surface   12.520   C25 154 X    0
  2nd closest surface    12.520   C30 154 X    0
  found on step  671
 current point:
  at point   -2.347  -0.889  15.012
  closest atom surface   12.520   C30 154 X    0
  2nd closest surface    12.521   H19 154 X    0
  found on step  898
  no. of rejections          258
 stored as    75

 highest radius point found:
  at point   -2.368  -0.907  15.212
  closest atom surface   12.701   C25 154 X    0
  2nd closest surface    12.703   H19 154 X    0
  found on step  699
 current point:
  at point   -2.370  -0.912  15.212
  closest atom surface   12.701   H19 154 X    0
  2nd closest surface    12.702   C25 154 X    0
  found on step  994
  no. of rejections          245
 stored as    76

 highest radius point found:
  at point   -2.368  -0.907  15.412
  closest atom surface   12.877   C25 154 X    0
  2nd closest surface    12.879   C30 154 X    0
  found on step    1
 current point:
  at point   -2.722  -2.489  15.412
  closest atom surface   12.752   C25 154 X    0
  2nd closest surface    12.753   H19 154 X    0
  found on step  979
  no. of rejections          252
 stored as    77

 highest radius point found:
  at point   -2.436  -1.013  15.612
  closest atom surface   13.054   H19 154 X    0
  2nd closest surface    13.058   C25 154 X    0
  found on step    6
 current point:
  at point   -2.824  -2.866  15.612
  closest atom surface   12.935   H19 154 X    0
  2nd closest surface    12.935   C25 154 X    0
  found on step  921
  no. of rejections          233
 stored as    78

 highest radius point found:
  at point   -2.427  -0.927  15.812
  closest atom surface   13.251   C25 154 X    0
  2nd closest surface    13.252   C30 154 X    0
  found on step  999
  this is also current point
  no. of rejections          225
 stored as    79

 highest radius point found:
  at point   -2.452  -0.937  16.012
  closest atom surface   13.435   H19 154 X    0
  2nd closest surface    13.436   C25 154 X    0
  found on step  848
 current point:
  at point   -2.454  -0.931  16.012
  closest atom surface   13.435   H19 154 X    0
  2nd closest surface    13.437   C30 154 X    0
  found on step  991
  no. of rejections          240
 stored as    80

 highest radius point found:
  at point   -2.473  -0.938  16.212
  closest atom surface   13.620   H19 154 X    0
  2nd closest surface    13.620   C30 154 X    0
  found on step  960
  this is also current point
  no. of rejections          239
 stored as    81

 highest radius point found:
  at point   -2.493  -0.952  16.412
  closest atom surface   13.805   H19 154 X    0
  2nd closest surface    13.806   C25 154 X    0
  found on step  945
  this is also current point
  no. of rejections          231
 stored as    82

 highest radius point found:
  at point   -2.515  -0.955  16.612
  closest atom surface   13.990   H19 154 X    0
  2nd closest surface    13.991   C30 154 X    0
  found on step  988
  this is also current point
  no. of rejections          243
 stored as    83

 highest radius point found:
  at point   -2.533  -0.967  16.812
  closest atom surface   14.176   C25 154 X    0
  2nd closest surface    14.176   H19 154 X    0
  found on step  921
  this is also current point
  no. of rejections          248
 stored as    84

 highest radius point found:
  at point   -2.553  -0.974  17.012
  closest atom surface   14.362   C25 154 X    0
  2nd closest surface    14.362   C30 154 X    0
  found on step  977
  this is also current point
  no. of rejections          252
 stored as    85

 highest radius point found:
  at point   -2.576  -0.982  17.212
  closest atom surface   14.548   H19 154 X    0
  2nd closest surface    14.549   C30 154 X    0
  found on step  965
  this is also current point
  no. of rejections          238
 stored as    86

 highest radius point found:
  at point   -2.597  -0.985  17.412
  closest atom surface   14.735   C30 154 X    0
  2nd closest surface    14.735   H19 154 X    0
  found on step  901
  this is also current point
  no. of rejections          236
 stored as    87

 highest radius point found:
  at point   -2.616  -0.997  17.612
  closest atom surface   14.923   C30 154 X    0
  2nd closest surface    14.923   H19 154 X    0
  found on step  926
  this is also current point
  no. of rejections          246
 stored as    88

 highest radius point found:
  at point   -2.635  -1.001  17.812
  closest atom surface   15.108   C30 154 X    0
  2nd closest surface    15.111   C25 154 X    0
  found on step    5
 current point:
  at point   -2.921  -2.320  17.812
  closest atom surface   15.015   H19 154 X    0
  2nd closest surface    15.018   C25 154 X    0
  found on step  976
  no. of rejections          223
 stored as    89

 highest radius point found:
  at point   -2.663  -1.009  18.012
  closest atom surface   15.297   H19 154 X    0
  2nd closest surface    15.298   C30 154 X    0
  found on step  946
  this is also current point
  no. of rejections          219
 stored as    90

 highest radius point found:
  at point   -2.684  -1.018  18.212
  closest atom surface   15.485   H19 154 X    0
  2nd closest surface    15.486   C30 154 X    0
  found on step  987
  this is also current point
  no. of rejections          239
 stored as    91

 highest radius point found:
  at point   -2.735  -0.998  18.412
  closest atom surface   15.668   H19 154 X    0
  2nd closest surface    15.673   C30 154 X    0
  found on step    5
 current point:
  at point   -4.092   0.718  18.412
  closest atom surface   15.596   H19 154 X    0
  2nd closest surface    15.598   C30 154 X    0
  found on step 1000
  no. of rejections          220
 stored as    92

 highest radius point found:
  at point   -2.717  -1.039  18.612
  closest atom surface   15.862   C25 154 X    0
  2nd closest surface    15.862   C30 154 X    0
  found on step  862
 current point:
  at point   -2.723  -1.052  18.612
  closest atom surface   15.862   H19 154 X    0
  2nd closest surface    15.862   C25 154 X    0
  found on step  941
  no. of rejections          244
 stored as    93

 highest radius point found:
  at point   -2.740  -1.047  18.812
  closest atom surface   16.052   C30 154 X    0
  2nd closest surface    16.052   C25 154 X    0
  found on step  922
  this is also current point
  no. of rejections          241
 stored as    94

 highest radius point found:
  at point   -2.764  -1.059  19.012
  closest atom surface   16.241   H19 154 X    0
  2nd closest surface    16.241   C25 154 X    0
  found on step  889
  this is also current point
  no. of rejections          232
 stored as    95

 highest radius point found:
  at point   -2.784  -1.063  19.212
  closest atom surface   16.431   H19 154 X    0
  2nd closest surface    16.431   C30 154 X    0
  found on step  577
 current point:
  at point   -2.786  -1.061  19.212
  closest atom surface   16.431   H19 154 X    0
  2nd closest surface    16.431   C30 154 X    0
  found on step 1000
  no. of rejections          239
 stored as    96

 highest radius point found:
  at point   -2.805  -1.075  19.412
  closest atom surface   16.620   C25 154 X    0
  2nd closest surface    16.620   H19 154 X    0
  found on step  888
  this is also current point
  no. of rejections          265
 stored as    97

 highest radius point found:
  at point   -2.827  -1.080  19.612
  closest atom surface   16.810   H19 154 X    0
  2nd closest surface    16.811   C30 154 X    0
  found on step  923
  this is also current point
  no. of rejections          224
 stored as    98

 highest radius point found:
  at point   -2.847  -1.090  19.812
  closest atom surface   17.001   H19 154 X    0
  2nd closest surface    17.001   C25 154 X    0
  found on step  972
  this is also current point
  no. of rejections          209
 stored as    99

 highest radius point found:
  at point   -2.868  -1.101  20.012
  closest atom surface   17.191   C25 154 X    0
  2nd closest surface    17.191   H19 154 X    0
  found on step  959
  this is also current point
  no. of rejections          230
 stored as   100

 highest radius point found:
  at point   -2.891  -1.114  20.212
  closest atom surface   17.381   H19 154 X    0
  2nd closest surface    17.381   C25 154 X    0
  found on step 1000
  this is also current point
  no. of rejections          199
 stored as   101

 highest radius point found:
  at point   -2.913  -1.116  20.412
  closest atom surface   17.572   H19 154 X    0
  2nd closest surface    17.574   C25 154 X    0
  found on step  970
  this is also current point
  no. of rejections          224
 stored as   102

 highest radius point found:
  at point   -2.934  -1.124  20.612
  closest atom surface   17.764   H19 154 X    0
  2nd closest surface    17.765   C25 154 X    0
  found on step  975
  this is also current point
  no. of rejections          217
 stored as   103

 highest radius point found:
  at point   -2.952  -1.134  20.812
  closest atom surface   17.955   C25 154 X    0
  2nd closest surface    17.955   H19 154 X    0
  found on step  911
  this is also current point
  no. of rejections          214
 stored as   104

 highest radius point found:
  at point   -2.976  -1.147  21.012
  closest atom surface   18.146   H19 154 X    0
  2nd closest surface    18.146   C25 154 X    0
  found on step  584
 current point:
  at point   -2.979  -1.134  21.012
  closest atom surface   18.146   H19 154 X    0
  2nd closest surface    18.148   C30 154 X    0
  found on step  981
  no. of rejections          227
 stored as   105

 highest radius point found:
  at point   -2.994  -1.145  21.212
  closest atom surface   18.338   C30 154 X    0
  2nd closest surface    18.339   C25 154 X    0
  found on step  908
  this is also current point
  no. of rejections          228
 stored as   106

 highest radius point found:
  at point   -3.029  -1.134  21.412
  closest atom surface   18.528   C30 154 X    0
  2nd closest surface    18.529   H19 154 X    0
  found on step   23
 current point:
  at point   -4.569   0.804  21.412
  closest atom surface   18.482   H18 154 X    0
  2nd closest surface    18.484   C30 154 X    0
  found on step  993
  no. of rejections          200
 stored as   107

 highest radius point found:
  at point   -3.040  -1.160  21.612
  closest atom surface   18.722   H19 154 X    0
  2nd closest surface    18.723   C30 154 X    0
  found on step  920
  this is also current point
  no. of rejections          226
 stored as   108

 highest radius point found:
  at point   -3.066  -1.166  21.812
  closest atom surface   18.914   H19 154 X    0
  2nd closest surface    18.916   C30 154 X    0
  found on step  779
 current point:
  at point   -3.064  -1.190  21.812
  closest atom surface   18.913   H19 154 X    0
  2nd closest surface    18.914   C25 154 X    0
  found on step  955
  no. of rejections          239
 stored as   109

 highest radius point found:
  at point   -3.081  -1.183  22.012
  closest atom surface   19.107   H19 154 X    0
  2nd closest surface    19.107   C25 154 X    0
  found on step  917
  this is also current point
  no. of rejections          216
 stored as   110

 highest radius point found:
  at point   -3.113  -1.170  22.212
  closest atom surface   19.298   C30 154 X    0
  2nd closest surface    19.299   H19 154 X    0
  found on step   50
 current point:
  at point   -3.409  -2.619  22.212
  closest atom surface   19.242   H19 154 X    0
  2nd closest surface    19.242   C25 154 X    0
  found on step  993
  no. of rejections          190
 stored as   111

 highest radius point found:
  at point   -3.829  -4.351  22.412
  closest atom surface   19.503   H19 154 X    0
  2nd closest surface    19.512   C25 154 X    0
  found on step  998
  this is also current point
  no. of rejections          192
 stored as   112

 highest radius point found:
  at point   -4.602  -7.710  22.612
  closest atom surface   20.141   H21 154 X    0
  2nd closest surface    20.253   C25 154 X    0
  found on step 1000
  this is also current point
  no. of rejections          121
 stored as   113

 highest radius point found:
  at point   -5.566 -14.499  22.812
  closest atom surface   22.419   H22 154 X    0
  2nd closest surface    22.508   C20 154 X    0
  found on step  999
  this is also current point
  no. of rejections          153
 This is an end! (radius above  22.0 angs)
 highest radius point found:
  at point   -0.266  -0.204  -0.188
  closest atom surface    3.366   C3  154 X    0
  2nd closest surface     3.367   O4  154 X    0
  found on step  168
 current point:
  at point   -0.272  -0.198  -0.188
  closest atom surface    3.366   H10 154 X    0
  2nd closest surface     3.369   O4  154 X    0
  found on step  978
  no. of rejections          417
 stored as    -1

 highest radius point found:
  at point   -0.280  -0.176  -0.388
  closest atom surface    3.386   H10 154 X    0
  2nd closest surface     3.387   C4  154 X    0
  found on step  896
  this is also current point
  no. of rejections          405
 stored as    -2

 highest radius point found:
  at point   -0.325  -0.154  -0.588
  closest atom surface    3.397   H10 154 X    0
  2nd closest surface     3.398   C5  154 X    0
  found on step  617
 current point:
  at point   -0.319  -0.161  -0.588
  closest atom surface    3.396   O4  154 X    0
  2nd closest surface     3.399   C5  154 X    0
  found on step  888
  no. of rejections          390
 stored as    -3

 highest radius point found:
  at point   -0.365  -0.137  -0.788
  closest atom surface    3.414   O4  154 X    0
  2nd closest surface     3.415   C5  154 X    0
  found on step  818
 current point:
  at point   -0.339  -0.156  -0.788
  closest atom surface    3.411   C5  154 X    0
  2nd closest surface     3.412   O4  154 X    0
  found on step  958
  no. of rejections          396
 stored as    -4

 highest radius point found:
  at point   -0.409  -0.116  -0.988
  closest atom surface    3.439   C5  154 X    0
  2nd closest surface     3.440   O4  154 X    0
  found on step  907
  this is also current point
  no. of rejections          383
 stored as    -5

 highest radius point found:
  at point   -0.471  -0.082  -1.188
  closest atom surface    3.475   C5  154 X    0
  2nd closest surface     3.476   O4  154 X    0
  found on step  713
 current point:
  at point   -0.446  -0.101  -1.188
  closest atom surface    3.472   C5  154 X    0
  2nd closest surface     3.472   O4  154 X    0
  found on step  956
  no. of rejections          375
 stored as    -6

 highest radius point found:
  at point   -0.513  -0.063  -1.388
  closest atom surface    3.516   C5  154 X    0
  2nd closest surface     3.517   O4  154 X    0
  found on step  769
 current point:
  at point   -0.511  -0.066  -1.388
  closest atom surface    3.515   O4  154 X    0
  2nd closest surface     3.516   C5  154 X    0
  found on step  994
  no. of rejections          397
 stored as    -7

 highest radius point found:
  at point   -0.563  -0.039  -1.588
  closest atom surface    3.566   C5  154 X    0
  2nd closest surface     3.566   O4  154 X    0
  found on step  964
  this is also current point
  no. of rejections          389
 stored as    -8

 highest radius point found:
  at point   -0.609  -0.020  -1.788
  closest atom surface    3.621   O4  154 X    0
  2nd closest surface     3.623   C10 154 X    0
  found on step  994
  this is also current point
  no. of rejections          420
 stored as    -9

 highest radius point found:
  at point   -0.636  -0.010  -1.988
  closest atom surface    3.682   C5  154 X    0
  2nd closest surface     3.683   O1  154 X    0
  found on step  358
 current point:
  at point   -0.634  -0.014  -1.988
  closest atom surface    3.681   O4  154 X    0
  2nd closest surface     3.683   C5  154 X    0
  found on step  891
  no. of rejections          410
 stored as   -10

 highest radius point found:
  at point   -0.649  -0.019  -2.188
  closest atom surface    3.740   S1  154 X    0
  2nd closest surface     3.741   O1  154 X    0
  found on step  942
  this is also current point
  no. of rejections          425
 stored as   -11

 highest radius point found:
  at point   -0.673  -0.036  -2.388
  closest atom surface    3.800   O4  154 X    0
  2nd closest surface     3.802   S1  154 X    0
  found on step  941
  this is also current point
  no. of rejections          377
 stored as   -12

 highest radius point found:
  at point   -0.688  -0.065  -2.588
  closest atom surface    3.856   O4  154 X    0
  2nd closest surface     3.857   H3  154 X    0
  found on step   25
 current point:
  at point   -0.709  -0.055  -2.588
  closest atom surface    3.855   O4  154 X    0
  2nd closest surface     3.856   H3  154 X    0
  found on step  895
  no. of rejections          395
 stored as   -13

 highest radius point found:
  at point   -0.637  -0.150  -2.788
  closest atom surface    3.904   O4  154 X    0
  2nd closest surface     3.908   H3  154 X    0
  found on step  813
 current point:
  at point   -0.672  -0.131  -2.788
  closest atom surface    3.904   H3  154 X    0
  2nd closest surface     3.904   O4  154 X    0
  found on step  879
  no. of rejections          396
 stored as   -14

 highest radius point found:
  at point   -0.647  -0.202  -2.988
  closest atom surface    3.959   O4  154 X    0
  2nd closest surface     3.962   H3  154 X    0
  found on step  770
 current point:
  at point   -0.699  -0.176  -2.988
  closest atom surface    3.958   O4  154 X    0
  2nd closest surface     3.958   H3  154 X    0
  found on step  988
  no. of rejections          377
 stored as   -15

 highest radius point found:
  at point   -0.657  -0.254  -3.188
  closest atom surface    4.022   O4  154 X    0
  2nd closest surface     4.023   S   154 X    0
  found on step  977
  this is also current point
  no. of rejections          381
 stored as   -16

 highest radius point found:
  at point   -0.808  -0.237  -3.388
  closest atom surface    4.083   H3  154 X    0
  2nd closest surface     4.086   O4  154 X    0
  found on step  707
 current point:
  at point   -1.000  -0.146  -3.388
  closest atom surface    4.083   H3  154 X    0
  2nd closest surface     4.083   O4  154 X    0
  found on step  994
  no. of rejections          359
 stored as   -17

 highest radius point found:
  at point   -0.725  -0.334  -3.588
  closest atom surface    4.164   O4  154 X    0
  2nd closest surface     4.165   H3  154 X    0
  found on step  145
 current point:
  at point   -0.986  -0.209  -3.588
  closest atom surface    4.158   O4  154 X    0
  2nd closest surface     4.158   H3  154 X    0
  found on step  971
  no. of rejections          370
 stored as   -18

 highest radius point found:
  at point   -0.784  -0.363  -3.788
  closest atom surface    4.244   O4  154 X    0
  2nd closest surface     4.245   H3  154 X    0
  found on step  588
 current point:
  at point   -1.112  -0.205  -3.788
  closest atom surface    4.242   O4  154 X    0
  2nd closest surface     4.242   H3  154 X    0
  found on step  960
  no. of rejections          385
 stored as   -19

 highest radius point found:
  at point   -1.180  -0.225  -3.988
  closest atom surface    4.329   H3  154 X    0
  2nd closest surface     4.333   O4  154 X    0
  found on step  445
 current point:
  at point   -1.019  -0.304  -3.988
  closest atom surface    4.328   H3  154 X    0
  2nd closest surface     4.328   O4  154 X    0
  found on step  951
  no. of rejections          351
 stored as   -20

 highest radius point found:
  at point   -1.277  -0.235  -4.188
  closest atom surface    4.428   H3  154 X    0
  2nd closest surface     4.429   O4  154 X    0
  found on step  314
 current point:
  at point   -1.241  -0.253  -4.188
  closest atom surface    4.427   O4  154 X    0
  2nd closest surface     4.428   H3  154 X    0
  found on step  940
  no. of rejections          391
 stored as   -21

 highest radius point found:
  at point   -1.349  -0.257  -4.388
  closest atom surface    4.530   O1  154 X    0
  2nd closest surface     4.531   O4  154 X    0
  found on step  454
 current point:
  at point   -1.111  -0.371  -4.388
  closest atom surface    4.522   O4  154 X    0
  2nd closest surface     4.523   H3  154 X    0
  found on step  999
  no. of rejections          355
 stored as   -22

 highest radius point found:
  at point   -1.394  -0.288  -4.588
  closest atom surface    4.638   O4  154 X    0
  2nd closest surface     4.638   H3  154 X    0
  found on step  969
  this is also current point
  no. of rejections          359
 stored as   -23

 highest radius point found:
  at point   -1.476  -0.302  -4.788
  closest atom surface    4.753   O4  154 X    0
  2nd closest surface     4.753   H3  154 X    0
  found on step  355
 current point:
  at point   -1.478  -0.297  -4.788
  closest atom surface    4.750   H3  154 X    0
  2nd closest surface     4.751   O1  154 X    0
  found on step  979
  no. of rejections          347
 stored as   -24

 highest radius point found:
  at point   -1.536  -0.328  -4.988
  closest atom surface    4.870   O4  154 X    0
  2nd closest surface     4.873   H3  154 X    0
  found on step  221
 current point:
  at point   -1.542  -0.326  -4.988
  closest atom surface    4.870   O4  154 X    0
  2nd closest surface     4.874   H3  154 X    0
  found on step  883
  no. of rejections          367
 stored as   -25

 highest radius point found:
  at point   -1.599  -0.349  -5.188
  closest atom surface    4.994   O4  154 X    0
  2nd closest surface     4.995   H3  154 X    0
  found on step  999
  this is also current point
  no. of rejections          338
 stored as   -26

 highest radius point found:
  at point   -1.659  -0.372  -5.388
  closest atom surface    5.121   H3  154 X    0
  2nd closest surface     5.122   O4  154 X    0
  found on step  946
  this is also current point
  no. of rejections          354
 stored as   -27

 highest radius point found:
  at point   -1.650  -0.431  -5.588
  closest atom surface    5.247   O4  154 X    0
  2nd closest surface     5.247   C27 154 X    0
  found on step  780
 current point:
  at point   -1.635  -0.437  -5.588
  closest atom surface    5.246   O4  154 X    0
  2nd closest surface     5.246   H3  154 X    0
  found on step  958
  no. of rejections          353
 stored as   -28

 highest radius point found:
  at point   -1.635  -0.489  -5.788
  closest atom surface    5.376   H3  154 X    0
  2nd closest surface     5.376   O4  154 X    0
  found on step  899
  this is also current point
  no. of rejections          365
 stored as   -29

 highest radius point found:
  at point   -1.622  -0.547  -5.988
  closest atom surface    5.508   C27 154 X    0
  2nd closest surface     5.509   H3  154 X    0
  found on step  993
  this is also current point
  no. of rejections          362
 stored as   -30

 highest radius point found:
  at point   -1.646  -0.556  -6.188
  closest atom surface    5.623   C   154 X    0
  2nd closest surface     5.624   C27 154 X    0
  found on step  962
  this is also current point
  no. of rejections          366
 stored as   -31

 highest radius point found:
  at point   -1.675  -0.558  -6.388
  closest atom surface    5.740   C   154 X    0
  2nd closest surface     5.740   C27 154 X    0
  found on step  920
  this is also current point
  no. of rejections          371
 stored as   -32

 highest radius point found:
  at point   -1.703  -0.559  -6.588
  closest atom surface    5.861   C   154 X    0
  2nd closest surface     5.861   H3  154 X    0
  found on step  409
 current point:
  at point   -1.705  -0.554  -6.588
  closest atom surface    5.858   H3  154 X    0
  2nd closest surface     5.861   C27 154 X    0
  found on step  961
  no. of rejections          381
 stored as   -33

 highest radius point found:
  at point   -1.733  -0.558  -6.788
  closest atom surface    5.984   H3  154 X    0
  2nd closest surface     5.984   C27 154 X    0
  found on step  531
 current point:
  at point   -1.733  -0.563  -6.788
  closest atom surface    5.984   C27 154 X    0
  2nd closest surface     5.985   C   154 X    0
  found on step  881
  no. of rejections          354
 stored as   -34

 highest radius point found:
  at point   -1.760  -0.561  -6.988
  closest atom surface    6.112   C   154 X    0
  2nd closest surface     6.112   H3  154 X    0
  found on step  998
  this is also current point
  no. of rejections          363
 stored as   -35

 highest radius point found:
  at point   -1.790  -0.565  -7.188
  closest atom surface    6.241   C   154 X    0
  2nd closest surface     6.241   C27 154 X    0
  found on step  841
 current point:
  at point   -1.790  -0.566  -7.188
  closest atom surface    6.241   C   154 X    0
  2nd closest surface     6.241   C27 154 X    0
  found on step  903
  no. of rejections          363
 stored as   -36

 highest radius point found:
  at point   -1.818  -0.562  -7.388
  closest atom surface    6.375   C27 154 X    0
  2nd closest surface     6.377   C   154 X    0
  found on step 1000
  this is also current point
  no. of rejections          353
 stored as   -37

 highest radius point found:
  at point   -1.845  -0.563  -7.588
  closest atom surface    6.511   C   154 X    0
  2nd closest surface     6.512   C27 154 X    0
  found on step  966
  this is also current point
  no. of rejections          325
 stored as   -38

 highest radius point found:
  at point   -1.875  -0.565  -7.788
  closest atom surface    6.650   C27 154 X    0
  2nd closest surface     6.650   C   154 X    0
  found on step  378
 current point:
  at point   -1.880  -0.557  -7.788
  closest atom surface    6.648   C27 154 X    0
  2nd closest surface     6.651   H3  154 X    0
  found on step  965
  no. of rejections          339
 stored as   -39

 highest radius point found:
  at point   -1.902  -0.563  -7.988
  closest atom surface    6.792   C   154 X    0
  2nd closest surface     6.792   C27 154 X    0
  found on step  640
 current point:
  at point   -1.904  -0.567  -7.988
  closest atom surface    6.790   C27 154 X    0
  2nd closest surface     6.791   C   154 X    0
  found on step  985
  no. of rejections          334
 stored as   -40

 highest radius point found:
  at point   -1.930  -0.561  -8.188
  closest atom surface    6.936   C   154 X    0
  2nd closest surface     6.936   C27 154 X    0
  found on step  993
  this is also current point
  no. of rejections          335
 stored as   -41

 highest radius point found:
  at point   -1.957  -0.558  -8.388
  closest atom surface    7.082   H3  154 X    0
  2nd closest surface     7.082   C   154 X    0
  found on step  882
 current point:
  at point   -1.957  -0.558  -8.388
  closest atom surface    7.082   H3  154 X    0
  2nd closest surface     7.082   C   154 X    0
  found on step  884
  no. of rejections          357
 stored as   -42

 highest radius point found:
  at point   -1.986  -0.556  -8.588
  closest atom surface    7.230   H3  154 X    0
  2nd closest surface     7.231   C   154 X    0
  found on step  965
  this is also current point
  no. of rejections          324
 stored as   -43

 highest radius point found:
  at point   -2.016  -0.551  -8.788
  closest atom surface    7.380   H3  154 X    0
  2nd closest surface     7.381   C27 154 X    0
  found on step  796
 current point:
  at point   -2.021  -0.547  -8.788
  closest atom surface    7.379   C27 154 X    0
  2nd closest surface     7.379   H3  154 X    0
  found on step  959
  no. of rejections          329
 stored as   -44

 highest radius point found:
  at point   -2.039  -0.553  -8.988
  closest atom surface    7.532   C   154 X    0
  2nd closest surface     7.533   H3  154 X    0
  found on step  957
  this is also current point
  no. of rejections          319
 stored as   -45

 highest radius point found:
  at point   -2.070  -0.549  -9.188
  closest atom surface    7.687   H3  154 X    0
  2nd closest surface     7.688   C27 154 X    0
  found on step  999
  this is also current point
  no. of rejections          334
 stored as   -46

 highest radius point found:
  at point   -2.105  -0.538  -9.388
  closest atom surface    7.841   H3  154 X    0
  2nd closest surface     7.842   C27 154 X    0
  found on step  999
  this is also current point
  no. of rejections          293
 stored as   -47

 highest radius point found:
  at point   -2.129  -0.546  -9.588
  closest atom surface    8.001   C27 154 X    0
  2nd closest surface     8.003   H3  154 X    0
  found on step  966
  this is also current point
  no. of rejections          313
 stored as   -48

 highest radius point found:
  at point   -2.154  -0.543  -9.788
  closest atom surface    8.162   C27 154 X    0
  2nd closest surface     8.162   H3  154 X    0
  found on step  620
 current point:
  at point   -2.154  -0.545  -9.788
  closest atom surface    8.161   C27 154 X    0
  2nd closest surface     8.162   C   154 X    0
  found on step  973
  no. of rejections          325
 stored as   -49

 highest radius point found:
  at point   -2.194  -0.526  -9.988
  closest atom surface    8.318   C27 154 X    0
  2nd closest surface     8.319   H3  154 X    0
  found on step  953
  this is also current point
  no. of rejections          308
 stored as   -50

 highest radius point found:
  at point   -2.213  -0.566 -10.188
  closest atom surface    8.478   C   154 X    0
  2nd closest surface     8.480   C27 154 X    0
  found on step  261
 current point:
  at point   -2.279  -0.812 -10.188
  closest atom surface    8.426   C27 154 X    0
  2nd closest surface     8.433   C   154 X    0
  found on step  992
  no. of rejections          283
 stored as   -51

 highest radius point found:
  at point   -2.238  -0.539 -10.388
  closest atom surface    8.648   C27 154 X    0
  2nd closest surface     8.649   C   154 X    0
  found on step  894
  this is also current point
  no. of rejections          283
 stored as   -52

 highest radius point found:
  at point   -2.259  -0.531 -10.588
  closest atom surface    8.812   C   154 X    0
  2nd closest surface     8.812   H3  154 X    0
  found on step  959
  this is also current point
  no. of rejections          289
 stored as   -53

 highest radius point found:
  at point   -2.293  -0.532 -10.788
  closest atom surface    8.980   C27 154 X    0
  2nd closest surface     8.980   C   154 X    0
  found on step  979
  this is also current point
  no. of rejections          281
 stored as   -54

 highest radius point found:
  at point   -2.318  -0.525 -10.988
  closest atom surface    9.148   C   154 X    0
  2nd closest surface     9.148   H3  154 X    0
  found on step  883
 current point:
  at point   -2.320  -0.529 -10.988
  closest atom surface    9.148   C27 154 X    0
  2nd closest surface     9.148   C   154 X    0
  found on step  896
  no. of rejections          296
 stored as   -55

 highest radius point found:
  at point   -2.347  -0.521 -11.188
  closest atom surface    9.317   C27 154 X    0
  2nd closest surface     9.318   H3  154 X    0
  found on step  869
 current point:
  at point   -2.347  -0.525 -11.188
  closest atom surface    9.316   C   154 X    0
  2nd closest surface     9.317   C27 154 X    0
  found on step  981
  no. of rejections          302
 stored as   -56

 highest radius point found:
  at point   -2.376  -0.527 -11.388
  closest atom surface    9.486   C   154 X    0
  2nd closest surface     9.486   C27 154 X    0
  found on step  939
  this is also current point
  no. of rejections          277
 stored as   -57

 highest radius point found:
  at point   -2.403  -0.514 -11.588
  closest atom surface    9.658   C27 154 X    0
  2nd closest surface     9.659   H3  154 X    0
  found on step   20
 current point:
  at point   -2.402  -0.520 -11.588
  closest atom surface    9.657   C   154 X    0
  2nd closest surface     9.658   C27 154 X    0
  found on step  952
  no. of rejections          279
 stored as   -58

 highest radius point found:
  at point   -2.431  -0.509 -11.788
  closest atom surface    9.830   C27 154 X    0
  2nd closest surface     9.831   H3  154 X    0
  found on step  909
  this is also current point
  no. of rejections          283
 stored as   -59

 highest radius point found:
  at point   -2.458  -0.511 -11.988
  closest atom surface   10.002   C27 154 X    0
  2nd closest surface    10.003   C   154 X    0
  found on step  976
  this is also current point
  no. of rejections          281
 stored as   -60

 highest radius point found:
  at point   -2.482  -0.502 -12.188
  closest atom surface   10.176   C   154 X    0
  2nd closest surface    10.177   H3  154 X    0
  found on step  977
  this is also current point
  no. of rejections          261
 stored as   -61

 highest radius point found:
  at point   -2.513  -0.497 -12.388
  closest atom surface   10.351   C27 154 X    0
  2nd closest surface    10.353   H3  154 X    0
  found on step  974
  this is also current point
  no. of rejections          288
 stored as   -62

 highest radius point found:
  at point   -2.539  -0.490 -12.588
  closest atom surface   10.527   H3  154 X    0
  2nd closest surface    10.528   C27 154 X    0
  found on step  981
  this is also current point
  no. of rejections          280
 stored as   -63

 highest radius point found:
  at point   -2.567  -0.488 -12.788
  closest atom surface   10.704   C27 154 X    0
  2nd closest surface    10.704   H3  154 X    0
  found on step  938
  this is also current point
  no. of rejections          265
 stored as   -64

 highest radius point found:
  at point   -2.601  -0.475 -12.988
  closest atom surface   10.880   C27 154 X    0
  2nd closest surface    10.880   H3  154 X    0
  found on step   21
 current point:
  at point   -2.596  -0.494 -12.988
  closest atom surface   10.880   C27 154 X    0
  2nd closest surface    10.880   C   154 X    0
  found on step  982
  no. of rejections          271
 stored as   -65

 highest radius point found:
  at point   -2.623  -0.480 -13.188
  closest atom surface   11.059   C27 154 X    0
  2nd closest surface    11.060   H3  154 X    0
  found on step  926
  this is also current point
  no. of rejections          283
 stored as   -66

 highest radius point found:
  at point   -2.650  -0.474 -13.388
  closest atom surface   11.237   C27 154 X    0
  2nd closest surface    11.238   H3  154 X    0
  found on step  764
 current point:
  at point   -2.644  -0.478 -13.388
  closest atom surface   11.235   C   154 X    0
  2nd closest surface    11.238   H3  154 X    0
  found on step  991
  no. of rejections          272
 stored as   -67

 highest radius point found:
  at point   -2.677  -0.468 -13.588
  closest atom surface   11.417   C27 154 X    0
  2nd closest surface    11.417   H3  154 X    0
  found on step  930
  this is also current point
  no. of rejections          256
 stored as   -68

 highest radius point found:
  at point   -2.704  -0.465 -13.788
  closest atom surface   11.597   C27 154 X    0
  2nd closest surface    11.598   H3  154 X    0
  found on step  128
 current point:
  at point   -2.706  -0.462 -13.788
  closest atom surface   11.597   C27 154 X    0
  2nd closest surface    11.597   H3  154 X    0
  found on step  924
  no. of rejections          294
 stored as   -69

 highest radius point found:
  at point   -2.746  -0.438 -13.988
  closest atom surface   11.775   C27 154 X    0
  2nd closest surface    11.775   H3  154 X    0
  found on step  171
 current point:
  at point   -3.021  -1.838 -13.988
  closest atom surface   11.609   H35 154 X    0
  2nd closest surface    11.613   C   154 X    0
  found on step  994
  no. of rejections          254
 stored as   -70

 highest radius point found:
  at point   -2.752  -0.454 -14.188
  closest atom surface   11.957   C   154 X    0
  2nd closest surface    11.957   H3  154 X    0
  found on step  632
 current point:
  at point   -2.765  -0.473 -14.188
  closest atom surface   11.955   C27 154 X    0
  2nd closest surface    11.957   C28 154 X    0
  found on step  979
  no. of rejections          267
 stored as   -71

 highest radius point found:
  at point   -2.785  -0.457 -14.388
  closest atom surface   12.139   C28 154 X    0
  2nd closest surface    12.140   C   154 X    0
  found on step  977
  this is also current point
  no. of rejections          248
 stored as   -72

 highest radius point found:
  at point   -2.812  -0.452 -14.588
  closest atom surface   12.320   C28 154 X    0
  2nd closest surface    12.320   C7  154 X    0
  found on step  969
  this is also current point
  no. of rejections          262
 stored as   -73

 highest radius point found:
  at point   -2.838  -0.455 -14.788
  closest atom surface   12.501   C28 154 X    0
  2nd closest surface    12.502   C   154 X    0
  found on step  921
  this is also current point
  no. of rejections          267
 stored as   -74

 highest radius point found:
  at point   -2.863  -0.459 -14.988
  closest atom surface   12.682   C   154 X    0
  2nd closest surface    12.683   C28 154 X    0
  found on step  955
  this is also current point
  no. of rejections          274
 stored as   -75

 highest radius point found:
  at point   -2.890  -0.461 -15.188
  closest atom surface   12.865   C   154 X    0
  2nd closest surface    12.865   C28 154 X    0
  found on step  916
  this is also current point
  no. of rejections          247
 stored as   -76

 highest radius point found:
  at point   -2.916  -0.458 -15.388
  closest atom surface   13.048   C   154 X    0
  2nd closest surface    13.048   C7  154 X    0
  found on step  982
  this is also current point
  no. of rejections          253
 stored as   -77

 highest radius point found:
  at point   -2.943  -0.461 -15.588
  closest atom surface   13.231   C   154 X    0
  2nd closest surface    13.231   C28 154 X    0
  found on step  968
  this is also current point
  no. of rejections          253
 stored as   -78

 highest radius point found:
  at point   -2.970  -0.463 -15.788
  closest atom surface   13.414   C   154 X    0
  2nd closest surface    13.415   C28 154 X    0
  found on step  883
 current point:
  at point   -2.971  -0.465 -15.788
  closest atom surface   13.414   C   154 X    0
  2nd closest surface    13.414   C28 154 X    0
  found on step  929
  no. of rejections          276
 stored as   -79

 highest radius point found:
  at point   -3.001  -0.475 -15.988
  closest atom surface   13.597   C   154 X    0
  2nd closest surface    13.598   C28 154 X    0
  found on step  986
  this is also current point
  no. of rejections          264
 stored as   -80

 highest radius point found:
  at point   -3.027  -0.457 -16.188
  closest atom surface   13.782   C28 154 X    0
  2nd closest surface    13.783   C7  154 X    0
  found on step  965
  this is also current point
  no. of rejections          239
 stored as   -81

 highest radius point found:
  at point   -3.054  -0.464 -16.388
  closest atom surface   13.967   C28 154 X    0
  2nd closest surface    13.970   C   154 X    0
  found on step    9
 current point:
  at point   -3.056  -0.475 -16.388
  closest atom surface   13.967   C28 154 X    0
  2nd closest surface    13.968   C   154 X    0
  found on step  981
  no. of rejections          224
 stored as   -82

 highest radius point found:
  at point   -3.077  -0.463 -16.588
  closest atom surface   14.153   C28 154 X    0
  2nd closest surface    14.154   C7  154 X    0
  found on step  967
  this is also current point
  no. of rejections          243
 stored as   -83

 highest radius point found:
  at point   -3.105  -0.467 -16.788
  closest atom surface   14.339   C28 154 X    0
  2nd closest surface    14.340   C   154 X    0
  found on step  927
  this is also current point
  no. of rejections          256
 stored as   -84

 highest radius point found:
  at point   -3.138  -0.491 -16.988
  closest atom surface   14.523   C28 154 X    0
  2nd closest surface    14.523   C   154 X    0
  found on step  994
  this is also current point
  no. of rejections          235
 stored as   -85

 highest radius point found:
  at point   -3.152  -0.467 -17.188
  closest atom surface   14.710   C   154 X    0
  2nd closest surface    14.711   C7  154 X    0
  found on step  951
  this is also current point
  no. of rejections          257
 stored as   -86

 highest radius point found:
  at point   -3.180  -0.477 -17.388
  closest atom surface   14.896   C   154 X    0
  2nd closest surface    14.896   H36 154 X    0
  found on step  985
  this is also current point
  no. of rejections          260
 stored as   -87

 highest radius point found:
  at point   -3.207  -0.477 -17.588
  closest atom surface   15.081   H36 154 X    0
  2nd closest surface    15.083   C   154 X    0
  found on step  410
 current point:
  at point   -3.208  -0.490 -17.588
  closest atom surface   15.081   C   154 X    0
  2nd closest surface    15.081   H36 154 X    0
  found on step  940
  no. of rejections          253
 stored as   -88

 highest radius point found:
  at point   -3.223  -0.469 -17.788
  closest atom surface   15.268   C   154 X    0
  2nd closest surface    15.268   H36 154 X    0
  found on step  984
  this is also current point
  no. of rejections          238
 stored as   -89

 highest radius point found:
  at point   -3.248  -0.463 -17.988
  closest atom surface   15.454   H36 154 X    0
  2nd closest surface    15.455   C7  154 X    0
  found on step  975
  this is also current point
  no. of rejections          225
 stored as   -90

 highest radius point found:
  at point   -3.270  -0.470 -18.188
  closest atom surface   15.642   H36 154 X    0
  2nd closest surface    15.642   C   154 X    0
  found on step   16
 current point:
  at point   -3.275  -0.485 -18.188
  closest atom surface   15.641   C   154 X    0
  2nd closest surface    15.641   H36 154 X    0
  found on step 1000
  no. of rejections          272
 stored as   -91

 highest radius point found:
  at point   -3.293  -0.468 -18.388
  closest atom surface   15.829   H36 154 X    0
  2nd closest surface    15.829   C   154 X    0
  found on step  975
  this is also current point
  no. of rejections          247
 stored as   -92

 highest radius point found:
  at point   -3.315  -0.469 -18.588
  closest atom surface   16.016   C   154 X    0
  2nd closest surface    16.017   H36 154 X    0
  found on step  825
 current point:
  at point   -3.317  -0.465 -18.588
  closest atom surface   16.016   H36 154 X    0
  2nd closest surface    16.016   C7  154 X    0
  found on step  964
  no. of rejections          232
 stored as   -93

 highest radius point found:
  at point   -3.343  -0.475 -18.788
  closest atom surface   16.204   H36 154 X    0
  2nd closest surface    16.205   C   154 X    0
  found on step  991
  this is also current point
  no. of rejections          246
 stored as   -94

 highest radius point found:
  at point   -3.363  -0.470 -18.988
  closest atom surface   16.392   H36 154 X    0
  2nd closest surface    16.393   C   154 X    0
  found on step  983
  this is also current point
  no. of rejections          245
 stored as   -95

 highest radius point found:
  at point   -3.397  -0.467 -19.188
  closest atom surface   16.578   H36 154 X    0
  2nd closest surface    16.584   C7  154 X    0
  found on step  578
 current point:
  at point   -3.513  -0.813 -19.188
  closest atom surface   16.565   C   154 X    0
  2nd closest surface    16.565   H36 154 X    0
  found on step  973
  no. of rejections          192
 stored as   -96

 highest radius point found:
  at point   -3.412  -0.468 -19.388
  closest atom surface   16.769   H36 154 X    0
  2nd closest surface    16.771   C7  154 X    0
  found on step  933
  this is also current point
  no. of rejections          239
 stored as   -97

 highest radius point found:
  at point   -3.433  -0.473 -19.588
  closest atom surface   16.958   H36 154 X    0
  2nd closest surface    16.958   C   154 X    0
  found on step  951
  this is also current point
  no. of rejections          249
 stored as   -98

 highest radius point found:
  at point   -3.480  -0.525 -19.788
  closest atom surface   17.144   H36 154 X    0
  2nd closest surface    17.147   C   154 X    0
  found on step    5
 current point:
  at point   -5.221   3.000 -19.788
  closest atom surface   17.052   C13 154 X    0
  2nd closest surface    17.054   C7  154 X    0
  found on step  986
  no. of rejections          208
 stored as   -99

 highest radius point found:
  at point   -3.480  -0.525 -19.988
  closest atom surface   17.327   C   154 X    0
  2nd closest surface    17.339   H36 154 X    0
  found on step    1
 current point:
  at point   -3.628  -0.873 -19.988
  closest atom surface   17.321   H36 154 X    0
  2nd closest surface    17.321   C   154 X    0
  found on step  989
  no. of rejections          200
 stored as  -100

 highest radius point found:
  at point   -3.513  -0.464 -20.188
  closest atom surface   17.524   H36 154 X    0
  2nd closest surface    17.529   C7  154 X    0
  found on step  160
 current point:
  at point   -3.608  -0.756 -20.188
  closest atom surface   17.515   H36 154 X    0
  2nd closest surface    17.515   C   154 X    0
  found on step  991
  no. of rejections          237
 stored as  -101

 highest radius point found:
  at point   -3.525  -0.472 -20.388
  closest atom surface   17.717   H36 154 X    0
  2nd closest surface    17.717   C   154 X    0
  found on step  901
  this is also current point
  no. of rejections          245
 stored as  -102

 highest radius point found:
  at point   -3.549  -0.468 -20.588
  closest atom surface   17.907   H36 154 X    0
  2nd closest surface    17.907   C7  154 X    0
  found on step  988
  this is also current point
  no. of rejections          213
 stored as  -103

 highest radius point found:
  at point   -3.575  -0.479 -20.788
  closest atom surface   18.097   H36 154 X    0
  2nd closest surface    18.097   C   154 X    0
  found on step  978
  this is also current point
  no. of rejections          257
 stored as  -104

 highest radius point found:
  at point   -3.601  -0.487 -20.988
  closest atom surface   18.287   H36 154 X    0
  2nd closest surface    18.288   C   154 X    0
  found on step  977
  this is also current point
  no. of rejections          217
 stored as  -105

 highest radius point found:
  at point   -3.623  -0.486 -21.188
  closest atom surface   18.478   H36 154 X    0
  2nd closest surface    18.478   C   154 X    0
  found on step  903
  this is also current point
  no. of rejections          221
 stored as  -106

 highest radius point found:
  at point   -3.662  -0.519 -21.388
  closest atom surface   18.668   H36 154 X    0
  2nd closest surface    18.669   C   154 X    0
  found on step   22
 current point:
  at point   -3.753  -0.260 -21.388
  closest atom surface   18.643   H36 154 X    0
  2nd closest surface    18.646   C7  154 X    0
  found on step  988
  no. of rejections          198
 stored as  -107

 highest radius point found:
  at point   -3.675  -0.484 -21.588
  closest atom surface   18.860   H36 154 X    0
  2nd closest surface    18.863   C   154 X    0
  found on step 1000
  this is also current point
  no. of rejections          220
 stored as  -108

 highest radius point found:
  at point   -3.691  -0.469 -21.788
  closest atom surface   19.052   H36 154 X    0
  2nd closest surface    19.053   C7  154 X    0
  found on step  985
  this is also current point
  no. of rejections          247
 stored as  -109

 highest radius point found:
  at point   -3.721  -0.495 -21.988
  closest atom surface   19.243   H36 154 X    0
  2nd closest surface    19.244   C   154 X    0
  found on step  708
 current point:
  at point   -3.933  -1.065 -21.988
  closest atom surface   19.229   H36 154 X    0
  2nd closest surface    19.229   C   154 X    0
  found on step  946
  no. of rejections          227
 stored as  -110

 highest radius point found:
  at point   -3.745  -0.482 -22.188
  closest atom surface   19.435   H36 154 X    0
  2nd closest surface    19.438   C   154 X    0
  found on step    8
 current point:
  at point   -3.933  -1.005 -22.188
  closest atom surface   19.421   C   154 X    0
  2nd closest surface    19.422   H36 154 X    0
  found on step  935
  no. of rejections          214
 stored as  -111

 highest radius point found:
  at point   -3.786  -0.527 -22.388
  closest atom surface   19.625   H36 154 X    0
  2nd closest surface    19.629   C   154 X    0
  found on step  998
  this is also current point
  no. of rejections          214
 stored as  -112

 highest radius point found:
  at point   -3.837  -0.600 -22.588
  closest atom surface   19.814   H36 154 X    0
  2nd closest surface    19.818   C   154 X    0
  found on step  133
 current point:
  at point   -4.036  -1.154 -22.588
  closest atom surface   19.805   C   154 X    0
  2nd closest surface    19.805   H36 154 X    0
  found on step  977
  no. of rejections          191
 stored as  -113

 highest radius point found:
  at point   -3.834  -0.529 -22.788
  closest atom surface   20.009   H36 154 X    0
  2nd closest surface    20.014   C   154 X    0
  found on step    5
 current point:
  at point   -3.876  -0.634 -22.788
  closest atom surface   20.005   H36 154 X    0
  2nd closest surface    20.011   C   154 X    0
  found on step  999
  no. of rejections          245
 stored as  -114

 highest radius point found:
  at point   -3.836  -0.477 -22.988
  closest atom surface   20.204   H36 154 X    0
  2nd closest surface    20.207   C   154 X    0
  found on step  652
 current point:
  at point   -4.074  -1.129 -22.988
  closest atom surface   20.191   H36 154 X    0
  2nd closest surface    20.191   C   154 X    0
  found on step  913
  no. of rejections          229
 stored as  -115

 highest radius point found:
  at point   -3.858  -0.477 -23.188
  closest atom surface   20.397   H36 154 X    0
  2nd closest surface    20.399   C   154 X    0
  found on step  111
 current point:
  at point   -4.124  -1.202 -23.188
  closest atom surface   20.384   C   154 X    0
  2nd closest surface    20.384   H36 154 X    0
  found on step  903
  no. of rejections          208
 stored as  -116

 highest radius point found:
  at point   -3.892  -0.496 -23.388
  closest atom surface   20.589   H36 154 X    0
  2nd closest surface    20.593   C   154 X    0
  found on step  243
 current point:
  at point   -4.155  -1.220 -23.388
  closest atom surface   20.577   H36 154 X    0
  2nd closest surface    20.578   C   154 X    0
  found on step  971
  no. of rejections          207
 stored as  -117

 highest radius point found:
  at point   -3.900  -0.475 -23.588
  closest atom surface   20.784   C7  154 X    0
  2nd closest surface    20.784   C   154 X    0
  found on step  943
  this is also current point
  no. of rejections          220
 stored as  -118

 highest radius point found:
  at point   -3.929  -0.489 -23.788
  closest atom surface   20.977   H36 154 X    0
  2nd closest surface    20.977   C   154 X    0
  found on step  964
  this is also current point
  no. of rejections          220
 stored as  -119

 highest radius point found:
  at point   -3.952  -0.468 -23.988
  closest atom surface   21.169   H36 154 X    0
  2nd closest surface    21.170   C7  154 X    0
  found on step  873
 current point:
  at point   -3.958  -0.493 -23.988
  closest atom surface   21.169   H36 154 X    0
  2nd closest surface    21.171   C   154 X    0
  found on step  976
  no. of rejections          221
 stored as  -120

 highest radius point found:
  at point   -3.980  -0.501 -24.188
  closest atom surface   21.363   H36 154 X    0
  2nd closest surface    21.363   C   154 X    0
  found on step   15
 current point:
  at point   -4.290  -1.331 -24.188
  closest atom surface   21.352   C   154 X    0
  2nd closest surface    21.353   H36 154 X    0
  found on step 1000
  no. of rejections          199
 stored as  -121

 highest radius point found:
  at point   -3.995  -0.479 -24.388
  closest atom surface   21.557   C   154 X    0
  2nd closest surface    21.557   H36 154 X    0
  found on step  982
  this is also current point
  no. of rejections          199
 stored as  -122

 highest radius point found:
  at point   -4.041  -0.525 -24.588
  closest atom surface   21.749   H36 154 X    0
  2nd closest surface    21.751   C   154 X    0
  found on step  203
 current point:
  at point   -4.241  -1.072 -24.588
  closest atom surface   21.740   H36 154 X    0
  2nd closest surface    21.740   C   154 X    0
  found on step  915
  no. of rejections          178
 stored as  -123

 highest radius point found:
  at point   -4.073  -0.560 -24.788
  closest atom surface   21.942   H36 154 X    0
  2nd closest surface    21.942   C   154 X    0
  found on step   47
 current point:
  at point   -4.366  -1.345 -24.788
  closest atom surface   21.935   C   154 X    0
  2nd closest surface    21.935   H36 154 X    0
  found on step  955
  no. of rejections          175
 stored as  -124

 highest radius point found:
  at point   -4.075  -0.486 -24.988
  closest atom surface   22.138   H36 154 X    0
  2nd closest surface    22.141   C   154 X    0
  found on step    8
 current point:
  at point   -4.085  -0.481 -24.988
  closest atom surface   22.136   H36 154 X    0
  2nd closest surface    22.145   C   154 X    0
  found on step  992
  no. of rejections          178
 This is an end! (radius above  22.0 angs)
 
 N.b. Graph information routine (HOGRAP) differs 
        markedly from previous versions!
       Information now is written from -ve end
       to +ve in one pass
 
 Explanation of the meaning of each column: 
 First column "cenxyz.cvec" is the coordinate in the
   direction of the channel vector i.e. if the channel
   vector is in z (0 0 1) then it is the z coordinate.
 The second column "radius" is the hole pore radius 
   (as defined in the Biophys J 1993) article).
 The third column "cen_line_D" is the distance 
   measured along the pore centre line - with the 
   first point found set to zero. This was the first
   thing that I used to measure the distance along a pore
   but "cenxyz.cvec" is a much better general measure. 
   However, by comparing changes in this distance to changes in '   "cenxyz.cvec" one can get a measure of how straight a 
   channel is.
 The fourth column "sum{s/(area)}" is useful in conductance
   prediction -
   basically it is the sum of the thickness of each slab
   divided by its area. HOLE uses this measure to estimate
   the macroscopic conductance of a channel.
 If any of this worries you one can see the "raw" results
   of a standard hole run by producing a sphpdb file and 
    directly looking at the results.
 cenxyz.cvec      radius  cen_line_D sum{s/(area point sourc
   -24.78805    21.94224   -25.64619     0.00007   (sampled)
   -24.68805    21.84540   -25.54342     0.00013 (mid-point)
   -24.58805    21.74861   -25.44065     0.00020   (sampled)
   -24.48805    21.65292   -25.33540     0.00027 (mid-point)
   -24.38805    21.55702   -25.23014     0.00034   (sampled)
   -24.28805    21.45996   -25.12926     0.00041 (mid-point)
   -24.18805    21.36287   -25.02838     0.00048   (sampled)
   -24.08805    21.26606   -24.92604     0.00055 (mid-point)
   -23.98805    21.16930   -24.82370     0.00062   (sampled)
   -23.88805    21.07289   -24.72248     0.00069 (mid-point)
   -23.78805    20.97653   -24.62125     0.00076   (sampled)
   -23.68805    20.88021   -24.51996     0.00083 (mid-point)
   -23.58805    20.78377   -24.41867     0.00091   (sampled)
   -23.48805    20.68633   -24.31805     0.00098 (mid-point)
   -23.38805    20.58874   -24.21743     0.00106   (sampled)
   -23.28805    20.49300   -24.11551     0.00113 (mid-point)
   -23.18805    20.39732   -24.01358     0.00121   (sampled)
   -23.08805    20.30081   -23.91299     0.00129 (mid-point)
   -22.98805    20.20435   -23.81239     0.00136   (sampled)
   -22.88805    20.10681   -23.70908     0.00144 (mid-point)
   -22.78805    20.00933   -23.60577     0.00152   (sampled)
   -22.68805    19.91186   -23.49959     0.00160 (mid-point)
   -22.58805    19.81447   -23.39340     0.00168   (sampled)
   -22.48805    19.71962   -23.28378     0.00177 (mid-point)
   -22.38805    19.62492   -23.17415     0.00185   (sampled)
   -22.28805    19.52982   -23.06962     0.00193 (mid-point)
   -22.18805    19.43481   -22.96509     0.00202   (sampled)
   -22.08805    19.33905   -22.86418     0.00210 (mid-point)
   -21.98805    19.24334   -22.76328     0.00219   (sampled)
   -21.88805    19.14779   -22.66131     0.00227 (mid-point)
   -21.78805    19.05231   -22.55934     0.00236   (sampled)
   -21.68805    18.95603   -22.45877     0.00245 (mid-point)
   -21.58805    18.85980   -22.35819     0.00254   (sampled)
   -21.48805    18.76364   -22.25644     0.00263 (mid-point)
   -21.38805    18.66753   -22.15469     0.00272   (sampled)
   -21.28805    18.57293   -22.05153     0.00281 (mid-point)
   -21.18805    18.47842   -21.94837     0.00291   (sampled)
   -21.08805    18.38291   -21.84773     0.00300 (mid-point)
   -20.98805    18.28744   -21.74709     0.00310   (sampled)
   -20.88805    18.19222   -21.64620     0.00319 (mid-point)
   -20.78805    18.09706   -21.54531     0.00329   (sampled)
   -20.68805    18.00192   -21.44430     0.00339 (mid-point)
   -20.58805    17.90685   -21.34329     0.00349   (sampled)
   -20.48805    17.81183   -21.24257     0.00359 (mid-point)
   -20.38805    17.71687   -21.14184     0.00369   (sampled)
   -20.28805    17.62049   -21.04158     0.00379 (mid-point)
   -20.18805    17.52415   -20.94132     0.00390   (sampled)
   -20.08805    17.43010   -20.83538     0.00400 (mid-point)
   -19.98805    17.32736   -20.72944     0.00411   (sampled)
   -19.88805    17.23698   -20.62944     0.00421 (mid-point)
   -19.78805    17.14394   -20.52944     0.00432   (sampled)
   -19.68805    17.05108   -20.42351     0.00443 (mid-point)
   -19.58805    16.95836   -20.31758     0.00454   (sampled)
   -19.48805    16.86343   -20.21703     0.00465 (mid-point)
   -19.38805    16.76856   -20.11647     0.00477   (sampled)
   -19.28805    16.67324   -20.01617     0.00488 (mid-point)
   -19.18805    16.57798   -19.91587     0.00500   (sampled)
   -19.08805    16.48510   -19.81440     0.00511 (mid-point)
   -18.98805    16.39231   -19.71293     0.00523   (sampled)
   -18.88805    16.29790   -19.61241     0.00535 (mid-point)
   -18.78805    16.20356   -19.51188     0.00547   (sampled)
   -18.68805    16.11003   -19.41091     0.00560 (mid-point)
   -18.58805    16.01638   -19.30994     0.00572   (sampled)
   -18.48805    15.92271   -19.20931     0.00585 (mid-point)
   -18.38805    15.82891   -19.10867     0.00597   (sampled)
   -18.28805    15.73524   -19.00802     0.00610 (mid-point)
   -18.18805    15.64165   -18.90738     0.00623   (sampled)
   -18.08805    15.54785   -18.80673     0.00636 (mid-point)
   -17.98805    15.45413   -18.70609     0.00650   (sampled)
   -17.88805    15.36117   -18.60526     0.00663 (mid-point)
   -17.78805    15.26828   -18.50444     0.00677   (sampled)
   -17.68805    15.17441   -18.40401     0.00691 (mid-point)
   -17.58805    15.08060   -18.30359     0.00705   (sampled)
   -17.48805    14.98811   -18.20270     0.00719 (mid-point)
   -17.38805    14.89571   -18.10182     0.00733   (sampled)
   -17.28805    14.80286   -18.00070     0.00748 (mid-point)
   -17.18805    14.71011   -17.89959     0.00762   (sampled)
   -17.08805    14.61675   -17.79865     0.00777 (mid-point)
   -16.98805    14.52331   -17.69770     0.00792   (sampled)
   -16.88805    14.43101   -17.59558     0.00808 (mid-point)
   -16.78805    14.33883   -17.49346     0.00823   (sampled)
   -16.68805    14.24606   -17.39248     0.00839 (mid-point)
   -16.58805    14.15339   -17.29150     0.00855   (sampled)
   -16.48805    14.06023   -17.19083     0.00871 (mid-point)
   -16.38805    13.96715   -17.09015     0.00887   (sampled)
   -16.28805    13.87468   -16.98916     0.00904 (mid-point)
   -16.18805    13.78230   -16.88817     0.00920   (sampled)
   -16.08805    13.68987   -16.78694     0.00937 (mid-point)
   -15.98805    13.59748   -16.68571     0.00955   (sampled)
   -15.88805    13.50572   -16.58430     0.00972 (mid-point)
   -15.78805    13.41407   -16.48288     0.00990   (sampled)
   -15.68805    13.32236   -16.38200     0.01008 (mid-point)
   -15.58805    13.23076   -16.28113     0.01026   (sampled)
   -15.48805    13.13921   -16.18018     0.01044 (mid-point)
   -15.38805    13.04779   -16.07923     0.01063   (sampled)
   -15.28805    12.95609   -15.97840     0.01082 (mid-point)
   -15.18805    12.86450   -15.87757     0.01101   (sampled)
   -15.08805    12.77343   -15.77664     0.01121 (mid-point)
   -14.98805    12.68250   -15.67571     0.01141   (sampled)
   -14.88805    12.59212   -15.57490     0.01161 (mid-point)
   -14.78805    12.50114   -15.47409     0.01181   (sampled)
   -14.68805    12.41046   -15.37323     0.01202 (mid-point)
   -14.58805    12.31992   -15.27236     0.01223   (sampled)
   -14.48805    12.22961   -15.17144     0.01244 (mid-point)
   -14.38805    12.13945   -15.07053     0.01265   (sampled)
   -14.28805    12.04846   -14.96917     0.01287 (mid-point)
   -14.18805    11.95725   -14.86780     0.01310   (sampled)
   -14.08805    11.86606   -14.76744     0.01332 (mid-point)
   -13.98805    11.77482   -14.66708     0.01355   (sampled)
   -13.88805    11.68577   -14.56396     0.01379 (mid-point)
   -13.78805    11.59692   -14.46084     0.01402   (sampled)
   -13.68805    11.50681   -14.35997     0.01426 (mid-point)
   -13.58805    11.41685   -14.25910     0.01451   (sampled)
   -13.48805    11.32709   -14.15810     0.01475 (mid-point)
   -13.38805    11.23750   -14.05709     0.01501   (sampled)
   -13.28805    11.14799   -13.95614     0.01526 (mid-point)
   -13.18805    11.05865   -13.85519     0.01552   (sampled)
   -13.08805    10.96908   -13.75457     0.01579 (mid-point)
   -12.98805    10.87967   -13.65395     0.01606   (sampled)
   -12.88805    10.79167   -13.55235     0.01633 (mid-point)
   -12.78805    10.70387   -13.45074     0.01661   (sampled)
   -12.68805    10.61551   -13.34977     0.01689 (mid-point)
   -12.58805    10.52679   -13.24880     0.01718   (sampled)
   -12.48805    10.43951   -13.14791     0.01747 (mid-point)
   -12.38805    10.35137   -13.04701     0.01777   (sampled)
   -12.28805    10.26459   -12.94576     0.01807 (mid-point)
   -12.18805    10.17647   -12.84450     0.01838   (sampled)
   -12.08805    10.08948   -12.74367     0.01869 (mid-point)
   -11.98805    10.00247   -12.64283     0.01901   (sampled)
   -11.88805     9.91606   -12.54192     0.01933 (mid-point)
   -11.78805     9.82989   -12.44101     0.01966   (sampled)
   -11.68805     9.74364   -12.34005     0.02000 (mid-point)
   -11.58805     9.65764   -12.23908     0.02034   (sampled)
   -11.48805     9.57147   -12.13795     0.02068 (mid-point)
   -11.38805     9.48552   -12.03682     0.02104   (sampled)
   -11.28805     9.40127   -11.93572     0.02140 (mid-point)
   -11.18805     9.31727   -11.83461     0.02176   (sampled)
   -11.08805     9.23268   -11.73353     0.02214 (mid-point)
   -10.98805     9.14785   -11.63244     0.02252   (sampled)
   -10.88805     9.06402   -11.53161     0.02291 (mid-point)
   -10.78805     8.97997   -11.43077     0.02330   (sampled)
   -10.68805     8.89593   -11.32933     0.02370 (mid-point)
   -10.58805     8.81166   -11.22788     0.02411   (sampled)
   -10.48805     8.73001   -11.12727     0.02453 (mid-point)
   -10.38805     8.64782   -11.02666     0.02496   (sampled)
   -10.28805     8.56318   -10.92500     0.02539 (mid-point)
   -10.18805     8.47796   -10.82335     0.02583   (sampled)
   -10.08805     8.39917   -10.72094     0.02628 (mid-point)
    -9.98805     8.31844   -10.61854     0.02674   (sampled)
    -9.88805     8.23979   -10.51617     0.02721 (mid-point)
    -9.78805     8.16157   -10.41381     0.02769   (sampled)
    -9.68805     8.08085   -10.31305     0.02818 (mid-point)
    -9.58805     8.00051   -10.21230     0.02868   (sampled)
    -9.48805     7.92099   -10.11151     0.02918 (mid-point)
    -9.38805     7.84112   -10.01072     0.02970   (sampled)
    -9.28805     7.76390    -9.90907     0.03023 (mid-point)
    -9.18805     7.68717    -9.80742     0.03077   (sampled)
    -9.08805     7.60968    -9.70618     0.03132 (mid-point)
    -8.98805     7.53231    -9.60495     0.03188   (sampled)
    -8.88805     7.45601    -9.50428     0.03245 (mid-point)
    -8.78805     7.37983    -9.40361     0.03304   (sampled)
    -8.68805     7.30463    -9.30242     0.03363 (mid-point)
    -8.58805     7.22998    -9.20124     0.03424   (sampled)
    -8.48805     7.15552    -9.10019     0.03486 (mid-point)
    -8.38805     7.08163    -8.99915     0.03550   (sampled)
    -8.28805     7.00849    -8.89825     0.03615 (mid-point)
    -8.18805     6.93565    -8.79736     0.03681   (sampled)
    -8.08805     6.86346    -8.69640     0.03748 (mid-point)
    -7.98805     6.79184    -8.59545     0.03817   (sampled)
    -7.88805     6.72062    -8.49448     0.03888 (mid-point)
    -7.78805     6.65000    -8.39351     0.03960   (sampled)
    -7.68805     6.58025    -8.29241     0.04033 (mid-point)
    -7.58805     6.51114    -8.19132     0.04108   (sampled)
    -7.48805     6.44330    -8.09044     0.04185 (mid-point)
    -7.38805     6.37501    -7.98957     0.04263   (sampled)
    -7.28805     6.30790    -7.88852     0.04343 (mid-point)
    -7.18805     6.24142    -7.78747     0.04425   (sampled)
    -7.08805     6.17631    -7.68636     0.04508 (mid-point)
    -6.98805     6.11195    -7.58525     0.04594   (sampled)
    -6.88805     6.04783    -7.48433     0.04681 (mid-point)
    -6.78805     5.98425    -7.38341     0.04770   (sampled)
    -6.68805     5.92217    -7.28226     0.04860 (mid-point)
    -6.58805     5.86054    -7.18111     0.04953   (sampled)
    -6.48805     5.80004    -7.08013     0.05048 (mid-point)
    -6.38805     5.74040    -6.97915     0.05144   (sampled)
    -6.28805     5.68145    -6.87810     0.05243 (mid-point)
    -6.18805     5.62339    -6.77705     0.05344   (sampled)
    -6.08805     5.56541    -6.67626     0.05446 (mid-point)
    -5.98805     5.50795    -6.57546     0.05551   (sampled)
    -5.88805     5.44167    -6.47110     0.05659 (mid-point)
    -5.78805     5.37583    -6.36675     0.05769   (sampled)
    -5.68805     5.31098    -6.26232     0.05882 (mid-point)
    -5.58805     5.24667    -6.15789     0.05997   (sampled)
    -5.48805     5.18402    -6.05362     0.06116 (mid-point)
    -5.38805     5.12149    -5.94935     0.06237   (sampled)
    -5.28805     5.05769    -5.84442     0.06362 (mid-point)
    -5.18805     4.99421    -5.73950     0.06489   (sampled)
    -5.08805     4.93170    -5.63408     0.06620 (mid-point)
    -4.98805     4.87029    -5.52866     0.06754   (sampled)
    -4.88805     4.81102    -5.42348     0.06892 (mid-point)
    -4.78805     4.75292    -5.31830     0.07033   (sampled)
    -4.68805     4.69499    -5.20998     0.07177 (mid-point)
    -4.58805     4.63840    -5.10165     0.07325   (sampled)
    -4.48805     4.58384    -4.99799     0.07477 (mid-point)
    -4.38805     4.52986    -4.89432     0.07632   (sampled)
    -4.28805     4.47916    -4.78742     0.07790 (mid-point)
    -4.18805     4.42840    -4.68052     0.07953   (sampled)
    -4.08805     4.37784    -4.56923     0.08119 (mid-point)
    -3.98805     4.32913    -4.45794     0.08289   (sampled)
    -3.88805     4.28236    -4.22600     0.08462 (mid-point)
    -3.78805     4.24378    -3.99405     0.08639   (sampled)
    -3.68805     4.20321    -3.88882     0.08819 (mid-point)
    -3.58805     4.16426    -3.78360     0.09003   (sampled)
    -3.48805     4.12285    -3.66488     0.09190 (mid-point)
    -3.38805     4.08340    -3.54616     0.09381   (sampled)
    -3.28805     4.05183    -3.42067     0.09575 (mid-point)
    -3.18805     4.02151    -3.29518     0.09772   (sampled)
    -3.08805     3.98961    -3.19170     0.09971 (mid-point)
    -2.98805     3.95943    -3.08822     0.10175   (sampled)
    -2.88805     3.93088    -2.98478     0.10381 (mid-point)
    -2.78805     3.90410    -2.88135     0.10589   (sampled)
    -2.68805     3.87902    -2.76984     0.10801 (mid-point)
    -2.58805     3.85608    -2.65833     0.11015   (sampled)
    -2.48805     3.82711    -2.55694     0.11232 (mid-point)
    -2.38805     3.79986    -2.45555     0.11453   (sampled)
    -2.28805     3.77018    -2.35455     0.11677 (mid-point)
    -2.18805     3.74046    -2.25355     0.11904   (sampled)
    -2.08805     3.71085    -2.15323     0.12135 (mid-point)
    -1.98805     3.68206    -2.05290     0.12370   (sampled)
    -1.88805     3.65103    -1.95186     0.12609 (mid-point)
    -1.78805     3.62078    -1.85083     0.12852   (sampled)
    -1.68805     3.59244    -1.74781     0.13098 (mid-point)
    -1.58805     3.56587    -1.64480     0.13349   (sampled)
    -1.48805     3.53993    -1.54106     0.13603 (mid-point)
    -1.38805     3.51587    -1.43732     0.13860   (sampled)
    -1.28805     3.49473    -1.33475     0.14121 (mid-point)
    -1.18805     3.47547    -1.23218     0.14384   (sampled)
    -1.08805     3.45633    -1.12601     0.14651 (mid-point)
    -0.98805     3.43924    -1.01984     0.14920   (sampled)
    -0.88805     3.42622    -0.91697     0.15191 (mid-point)
    -0.78805     3.41443    -0.81410     0.15464   (sampled)
    -0.68805     3.40549    -0.71173     0.15739 (mid-point)
    -0.58805     3.39704    -0.60936     0.16014   (sampled)
    -0.48805     3.39045    -0.50621     0.16291 (mid-point)
    -0.38805     3.38627    -0.40307     0.16569   (sampled)
    -0.28805     3.37632    -0.30187     0.16848 (mid-point)
    -0.18805     3.36562    -0.20068     0.17129   (sampled)
    -0.08805     3.35991    -0.10034     0.17411 (mid-point)
     0.01195     3.35614     0.00000     0.17694   (sampled)
     0.11195     3.35327     0.10079     0.17977 (mid-point)
     0.21195     3.35236     0.20158     0.18260   (sampled)
     0.31195     3.35132     0.30181     0.18543 (mid-point)
     0.41195     3.35141     0.40203     0.18827   (sampled)
     0.51195     3.34868     0.50206     0.19111 (mid-point)
     0.61195     3.34788     0.60208     0.19395   (sampled)
     0.71195     3.34888     0.70208     0.19679 (mid-point)
     0.81195     3.35168     0.80208     0.19962   (sampled)
     0.91195     3.35443     0.90218     0.20245 (mid-point)
     1.01195     3.35899     1.00227     0.20527   (sampled)
     1.11195     3.36311     1.10294     0.20808 (mid-point)
     1.21195     3.36826     1.20360     0.21089   (sampled)
     1.31195     3.37751     1.30474     0.21368 (mid-point)
     1.41195     3.38564     1.40589     0.21646   (sampled)
     1.51195     3.39943     1.50651     0.21921 (mid-point)
     1.61195     3.41198     1.60713     0.22195   (sampled)
     1.71195     3.42754     1.70823     0.22465 (mid-point)
     1.81195     3.44349     1.80932     0.22734   (sampled)
     1.91195     3.45852     1.91041     0.23000 (mid-point)
     2.01195     3.47470     2.01151     0.23264   (sampled)
     2.11195     3.49452     2.11290     0.23524 (mid-point)
     2.21195     3.51575     2.21429     0.23782   (sampled)
     2.31195     3.53882     2.31563     0.24036 (mid-point)
     2.41195     3.56402     2.41698     0.24287   (sampled)
     2.51195     3.59159     2.51810     0.24533 (mid-point)
     2.61195     3.62036     2.61921     0.24776   (sampled)
     2.71195     3.65184     2.72067     0.25015 (mid-point)
     2.81195     3.68503     2.82214     0.25249   (sampled)
     2.91195     3.71983     2.92379     0.25479 (mid-point)
     3.01195     3.75628     3.02544     0.25705   (sampled)
     3.11195     3.78519     3.13263     0.25927 (mid-point)
     3.21195     3.81502     3.23982     0.26146   (sampled)
     3.31195     3.84299     3.35604     0.26361 (mid-point)
     3.41195     3.87357     3.47226     0.26573   (sampled)
     3.51195     3.90875     3.59919     0.26782 (mid-point)
     3.61195     3.94620     3.72613     0.26986   (sampled)
     3.71195     3.98335     3.84725     0.27187 (mid-point)
     3.81195     4.02314     3.96836     0.27384   (sampled)
     3.91195     4.06908     4.08545     0.27576 (mid-point)
     4.01195     4.11729     4.20253     0.27764   (sampled)
     4.11195     4.16625     4.32200     0.27947 (mid-point)
     4.21195     4.21635     4.44147     0.28126   (sampled)
     4.31195     4.26995     4.55951     0.28301 (mid-point)
     4.41195     4.32563     4.67756     0.28471   (sampled)
     4.51195     4.37157     4.77991     0.28637 (mid-point)
     4.61195     4.41831     4.88227     0.28800   (sampled)
     4.71195     4.46692     4.98362     0.28960 (mid-point)
     4.81195     4.51495     5.08498     0.29116   (sampled)
     4.91195     4.56572     5.18674     0.29269 (mid-point)
     5.01195     4.61596     5.28849     0.29418   (sampled)
     5.11195     4.66882     5.39009     0.29564 (mid-point)
     5.21195     4.72283     5.49169     0.29707   (sampled)
     5.31195     4.77879     5.59343     0.29846 (mid-point)
     5.41195     4.83583     5.69516     0.29982   (sampled)
     5.51195     4.89329     5.79684     0.30115 (mid-point)
     5.61195     4.95178     5.89852     0.30245   (sampled)
     5.71195     5.01263     6.00003     0.30372 (mid-point)
     5.81195     5.07375     6.10154     0.30495   (sampled)
     5.91195     5.13595     6.20311     0.30616 (mid-point)
     6.01195     5.19848     6.30469     0.30734   (sampled)
     6.11195     5.26278     6.40622     0.30849 (mid-point)
     6.21195     5.32737     6.50776     0.30961   (sampled)
     6.31195     5.39329     6.60936     0.31070 (mid-point)
     6.41195     5.46013     6.71097     0.31177   (sampled)
     6.51195     5.52733     6.81237     0.31281 (mid-point)
     6.61195     5.59515     6.91377     0.31383   (sampled)
     6.71195     5.66474     7.01559     0.31482 (mid-point)
     6.81195     5.73506     7.11740     0.31579   (sampled)
     6.91195     5.80577     7.21901     0.31673 (mid-point)
     7.01195     5.87717     7.32063     0.31766   (sampled)
     7.11195     5.94911     7.42199     0.31855 (mid-point)
     7.21195     6.02171     7.52334     0.31943   (sampled)
     7.31195     6.09568     7.62535     0.32029 (mid-point)
     7.41195     6.17009     7.72737     0.32113   (sampled)
     7.51195     6.24508     7.82895     0.32194 (mid-point)
     7.61195     6.32044     7.93053     0.32274   (sampled)
     7.71195     6.39539     8.03183     0.32352 (mid-point)
     7.81195     6.47089     8.13314     0.32428   (sampled)
     7.91195     6.54919     8.23566     0.32502 (mid-point)
     8.01195     6.62774     8.33819     0.32574   (sampled)
     8.11195     6.70281     8.44002     0.32645 (mid-point)
     8.21195     6.77849     8.54186     0.32714   (sampled)
     8.31195     6.85337     8.64319     0.32782 (mid-point)
     8.41195     6.92826     8.74452     0.32849   (sampled)
     8.51195     7.00390     8.84535     0.32913 (mid-point)
     8.61195     7.08010     8.94618     0.32977   (sampled)
     8.71195     7.15660     9.04700     0.33039 (mid-point)
     8.81195     7.23331     9.14782     0.33100   (sampled)
     8.91195     7.31093     9.24880     0.33159 (mid-point)
     9.01195     7.38904     9.34978     0.33218   (sampled)
     9.11195     7.46689     9.45144     0.33275 (mid-point)
     9.21195     7.54524     9.55311     0.33331   (sampled)
     9.31195     7.62495     9.65404     0.33386 (mid-point)
     9.41195     7.70510     9.75497     0.33439   (sampled)
     9.51195     7.78572     9.85570     0.33492 (mid-point)
     9.61195     7.86672     9.95643     0.33543   (sampled)
     9.71195     7.94750    10.05800     0.33594 (mid-point)
     9.81195     8.02800    10.15956     0.33643   (sampled)
     9.91195     8.11022    10.26043     0.33691 (mid-point)
    10.01195     8.19281    10.36131     0.33739   (sampled)
    10.11195     8.27519    10.46181     0.33785 (mid-point)
    10.21195     8.35685    10.56231     0.33831   (sampled)
    10.31195     8.43718    10.66285     0.33875 (mid-point)
    10.41195     8.51789    10.76339     0.33919   (sampled)
    10.51195     8.59948    10.86363     0.33962 (mid-point)
    10.61195     8.68134    10.96388     0.34005   (sampled)
    10.71195     8.76329    11.06430     0.34046 (mid-point)
    10.81195     8.84559    11.16471     0.34087   (sampled)
    10.91195     8.92942    11.26519     0.34127 (mid-point)
    11.01195     9.01265    11.36566     0.34166   (sampled)
    11.11195     9.09576    11.46614     0.34204 (mid-point)
    11.21195     9.17916    11.56662     0.34242   (sampled)
    11.31195     9.26289    11.66714     0.34279 (mid-point)
    11.41195     9.34679    11.76765     0.34316   (sampled)
    11.51195     9.43235    11.86781     0.34351 (mid-point)
    11.61195     9.51587    11.96797     0.34387   (sampled)
    11.71195     9.60259    12.06867     0.34421 (mid-point)
    11.81195     9.68804    12.16936     0.34455   (sampled)
    11.91195     9.77346    12.26982     0.34488 (mid-point)
    12.01195     9.85913    12.37029     0.34521   (sampled)
    12.11195     9.94588    12.47059     0.34553 (mid-point)
    12.21195    10.03248    12.57089     0.34585   (sampled)
    12.31195    10.11901    12.67143     0.34616 (mid-point)
    12.41195    10.20548    12.77198     0.34647   (sampled)
    12.51195    10.29211    12.87253     0.34677 (mid-point)
    12.61195    10.37898    12.97308     0.34706   (sampled)
    12.71195    10.46692    13.07344     0.34735 (mid-point)
    12.81195    10.55482    13.17381     0.34764   (sampled)
    12.91195    10.64293    13.27414     0.34792 (mid-point)
    13.01195    10.72978    13.37447     0.34820   (sampled)
    13.11195    10.81904    13.47501     0.34847 (mid-point)
    13.21195    10.90802    13.57556     0.34873   (sampled)
    13.31195    10.99657    13.67601     0.34900 (mid-point)
    13.41195    11.08530    13.77647     0.34926   (sampled)
    13.51195    11.17389    13.87719     0.34951 (mid-point)
    13.61195    11.26209    13.97792     0.34976   (sampled)
    13.71195    11.35094    14.07848     0.35001 (mid-point)
    13.81195    11.43992    14.17905     0.35025   (sampled)
    13.91195    11.52961    14.27959     0.35049 (mid-point)
    14.01195    11.61816    14.38012     0.35073   (sampled)
    14.11195    11.70861    14.48088     0.35096 (mid-point)
    14.21195    11.79771    14.58164     0.35119   (sampled)
    14.31195    11.88773    14.68216     0.35141 (mid-point)
    14.41195    11.97785    14.78268     0.35164   (sampled)
    14.51195    12.06341    14.88351     0.35186 (mid-point)
    14.61195    12.14918    14.98433     0.35207   (sampled)
    14.71195    12.24546    15.08651     0.35228 (mid-point)
    14.81195    12.33847    15.18869     0.35249   (sampled)
    14.91195    12.42918    15.28907     0.35270 (mid-point)
    15.01195    12.52001    15.38946     0.35290   (sampled)
    15.11195    12.61065    15.49040     0.35310 (mid-point)
    15.21195    12.70143    15.59134     0.35330   (sampled)
    15.31195    12.78932    15.69134     0.35349 (mid-point)
    15.41195    12.87738    15.79134     0.35369   (sampled)
    15.51195    12.96774    15.90934     0.35387 (mid-point)
    15.61195    13.05362    16.02733     0.35406   (sampled)
    15.71195    13.15318    16.13624     0.35425 (mid-point)
    15.81195    13.25062    16.24514     0.35443   (sampled)
    15.91195    13.34331    16.34608     0.35461 (mid-point)
    16.01195    13.43527    16.44702     0.35478   (sampled)
    16.11195    13.52763    16.54757     0.35496 (mid-point)
    16.21195    13.62010    16.64813     0.35513   (sampled)
    16.31195    13.71239    16.74886     0.35530 (mid-point)
    16.41195    13.80480    16.84959     0.35546   (sampled)
    16.51195    13.89744    16.95018     0.35563 (mid-point)
    16.61195    13.99018    17.05078     0.35579   (sampled)
    16.71195    14.08315    17.15139     0.35595 (mid-point)
    16.81195    14.17620    17.25200     0.35611   (sampled)
    16.91195    14.26919    17.35255     0.35627 (mid-point)
    17.01195    14.36227    17.45309     0.35642   (sampled)
    17.11195    14.45551    17.55382     0.35657 (mid-point)
    17.21195    14.54849    17.65456     0.35672   (sampled)
    17.31195    14.64194    17.75513     0.35687 (mid-point)
    17.41195    14.73465    17.85570     0.35702   (sampled)
    17.51195    14.82856    17.95632     0.35716 (mid-point)
    17.61195    14.92256    18.05694     0.35731   (sampled)
    17.71195    15.01533    18.15743     0.35745 (mid-point)
    17.81195    15.10820    18.25792     0.35759   (sampled)
    17.91195    15.20294    18.35897     0.35772 (mid-point)
    18.01195    15.29702    18.46002     0.35786   (sampled)
    18.11195    15.39101    18.56066     0.35799 (mid-point)
    18.21195    15.48509    18.66130     0.35813   (sampled)
    18.31195    15.57651    18.76496     0.35826 (mid-point)
    18.41195    15.66808    18.86861     0.35839   (sampled)
    18.51195    15.76601    18.97102     0.35852 (mid-point)
    18.61195    15.86207    19.07343     0.35864   (sampled)
    18.71195    15.95683    19.17414     0.35877 (mid-point)
    18.81195    16.05161    19.27486     0.35889   (sampled)
    18.91195    16.14649    19.37580     0.35901 (mid-point)
    19.01195    16.24079    19.47675     0.35913   (sampled)
    19.11195    16.33574    19.57727     0.35925 (mid-point)
    19.21195    16.43074    19.67780     0.35937   (sampled)
    19.31195    16.52557    19.77851     0.35949 (mid-point)
    19.41195    16.62014    19.87922     0.35960   (sampled)
    19.51195    16.71534    19.97989     0.35972 (mid-point)
    19.61195    16.81029    20.08056     0.35983   (sampled)
    19.71195    16.90549    20.18116     0.35994 (mid-point)
    19.81195    17.00075    20.28176     0.36005   (sampled)
    19.91195    17.09588    20.38247     0.36016 (mid-point)
    20.01195    17.19098    20.48319     0.36027   (sampled)
    20.11195    17.28611    20.58405     0.36037 (mid-point)
    20.21195    17.38122    20.68491     0.36048   (sampled)
    20.31195    17.47674    20.78551     0.36058 (mid-point)
    20.41195    17.57232    20.88611     0.36069   (sampled)
    20.51195    17.66791    20.98673     0.36079 (mid-point)
    20.61195    17.76356    21.08734     0.36089   (sampled)
    20.71195    17.85950    21.18787     0.36099 (mid-point)
    20.81195    17.95459    21.28839     0.36109   (sampled)
    20.91195    18.05045    21.38935     0.36119 (mid-point)
    21.01195    18.14620    21.49031     0.36128   (sampled)
    21.11195    18.24254    21.59074     0.36138 (mid-point)
    21.21195    18.33847    21.69118     0.36147   (sampled)
    21.31195    18.43318    21.79287     0.36157 (mid-point)
    21.41195    18.52797    21.89457     0.36166   (sampled)
    21.51195    18.62545    21.99561     0.36175 (mid-point)
    21.61195    18.72243    22.09664     0.36184   (sampled)
    21.71195    18.81821    22.19751     0.36193 (mid-point)
    21.81195    18.91404    22.29837     0.36202   (sampled)
    21.91195    19.01062    22.39901     0.36211 (mid-point)
    22.01195    19.10725    22.49965     0.36220   (sampled)
    22.11195    19.20302    22.60116     0.36228 (mid-point)
    22.21195    19.29819    22.70266     0.36237   (sampled)
    22.31195    19.33585    24.33584     0.36245 (mid-point)
    22.41195    19.50329    25.96902     0.36254   (sampled)
    22.51195    19.79115    27.69563     0.36262 (mid-point)
    22.61195    20.14075    29.42225     0.36270   (sampled)

 Minimum radius found:      3.348 angstroms.



 For spherical probe approach, The geometric factor
         F= sum(ds/area) along channel is    0.363 angstroms**-1
 This yields a macroscopic predicted molar conductance of:
   (1/rho)*(100/F)= (280/rho) pS,
   where rho is the conductivity of 1M permeant ion in ohm m.
 N.B. this is a macroscopic conductance - an overestimate 
 Empirically corrected conductances currently only available
 With the CAPSULE option (although its not that stable!)
 For 1M KCl rho= 1/12 (ohm m), So Gmacro= 3300 pS/M.
  (TAG      1   Rmin=     3.34788   Gmacro=  3308.54931 Conn_Gmacro=    -1.00000 ).
 HOLE: normal completion
