 *** Program HOLE ***
 
 If results of this run are reported or published, please
 cite the publication listed below.
 For the HOLE program:
   Smart, O.S., Goodfellow, J.M., Wallace, B.A. (1993). 
   The pore dimensions of gramicidin A. 
   Biophys. J., 65, 2455-2460.
 
 Originally written by Oliver Smart at Birkbeck College from April 1992.
 Copyright 1993-2005 Oliver Smart
 Copyright 2014-2015 SmartSci Limited.
 Copyright 2016 Oliver Smart.
 
 For help on HOLE suite see  http://www.holeprogram.org/
 
 HOLE release 2.2.005 (07 August 2016) 
 
 usage subject to Apache License, Version 2.0 
 see http://www.apache.org/licenses/LICENSE-2.0 

 Control variables read:

! Input file for Oliver Smart's HOLE program
! written by MDAnalysis.analysis.hole2.HoleAnalysis
! for a Universe
! u = mda.Universe(host_95.mol2
!    host_95.mol2
!   )
! Frame 0

COORD  /tmp/tmpxs72ro38.pdb
RADIUS simple2.rad
SPHPDB hole000.sph
SAMPLE 0.200000
ENDRAD 22.000000
IGNORE SOL WAT TIP HOH K   NA  CL
SHORTO 0
RASEED 31415
CPOINT -0.0002307677 -0.0001153859 -0.0257500007


 WARNING have not found a CVECT record - will try to guess
 Input pdb filename read as:    '/tmp/tmpxs72ro38.pdb'
 Input vdW radius file read as: 'simple2.rad'
 point in channel:   -0.000  -0.000  -0.026
 channel vector:   ************************
 sampling distance between planes:    0.200

 graphics conditions:
 binary plot output file name: NONE
 Dot density:    10
 Draw dots?           T
 Draw close contacts? F
 Draw centre line?    T
 Produce spikes rather than dots? F
 Seed for random number generator:     31415 (0 means value set by program)
 Radius above which a result is regarded as an 'end':  22.000
 Pdb format file for sphere centres: hole000.sph

 Monte Carlo conditions:
  no of steps:  1000
  maximum displacement   0.100 angs
  'kT' initial   0.100 angs
 The spherebox and capsule options are turned off.
 (No molqpt card so will not write qpt file of the molecule)
 IGNORE card read so will ignore residue types: SOL WAT TIP HOH K   NA  CL
 no SHORTO card read so will produce full textual output
 As no PEGRAT card was found will not produce PEG polymer exclusion graph
 (No 2DMAPS card specified so will not produce 2D property maps)
 Have not found a CUT card.  Normal calculation using
   Cutoff lists with a cutsize=       1.000
   (if you wish to turn off option use a CUT -1 card)

 Have read     7 bond radius records and
              16 vdW radius records.
 From file: simple2.rad

 Have read    52 atom records.
 From file: /tmp/tmpxs72ro38.pdb
 Will not produce graphical output
 Warning have tried to open file: 'hole000.sph' as NEW but
         this file already exists - old version kept as 'hole000.sph.old'

 Have opened file for pdb format output of sphere centres:  hole000.sph

  Seed integer used by ran # generator on this run      31415

 
 S/R cguess will try to guess CPOINT and/or CVECT
 
 THESE GUESSES MAY WELL BE WRONG!!!!
 Routine relies on having a reasonably symmetric
 channel oriented along x, y or z vector
 YOU ARE STRONGLY ADVISED TO CHECK THE RESULTS
                       WITH MOLECULAR GRAPHICS
 testing points from cpoint in X, Y then Z direction
   point                   pore radius
direction     1
  -5.000  -0.000  -0.026    -0.624
  -4.000  -0.000  -0.026    -1.220
  -3.000  -0.000  -0.026    -1.264
  -2.000  -0.000  -0.026    -0.269
  -1.000  -0.000  -0.026     0.558
  -0.000  -0.000  -0.026     1.104
   1.000  -0.000  -0.026     0.558
   2.000  -0.000  -0.026    -0.270
   3.000  -0.000  -0.026    -1.266
   4.000  -0.000  -0.026    -1.223
   5.000  -0.000  -0.026    -0.593
 Average pore radius along the line=     -0.410
direction     2
  -0.000  -5.000  -0.026    -0.199
  -0.000  -4.000  -0.026    -1.012
  -0.000  -3.000  -0.026    -1.025
  -0.000  -2.000  -0.026    -0.220
  -0.000  -1.000  -0.026     0.580
  -0.000  -0.000  -0.026     1.104
  -0.000   1.000  -0.026     0.576
  -0.000   2.000  -0.026    -0.221
  -0.000   3.000  -0.026    -1.026
  -0.000   4.000  -0.026    -1.011
  -0.000   5.000  -0.026    -0.198
 Average pore radius along the line=     -0.241
direction     3
  -0.000  -0.000  -5.026     3.590
  -0.000  -0.000  -4.026     2.794
  -0.000  -0.000  -3.026     2.119
  -0.000  -0.000  -2.026     1.654
  -0.000  -0.000  -1.026     1.388
  -0.000  -0.000  -0.026     1.104
  -0.000  -0.000   0.974     1.251
  -0.000  -0.000   1.974     1.764
  -0.000  -0.000   2.974     2.391
  -0.000  -0.000   3.974     3.127
  -0.000  -0.000   4.974     3.944
 Average pore radius along the line=      2.284
 Best direction is found to be     3
(1=X,2=Y,3=Z)
 s/r cguess has produced initial values for cpoint &/or cvect:
CPOINT      -0.0002     -0.0001     -0.0258
CVECT        0.0000      0.0000      1.0000
 THESE GUESSES MAY WELL BE WRONG!!!!
 Routine relies on having a reasonably symmetric
 channel oriented along x, y or z vector
 YOU ARE STRONGLY ADVISED TO CHECK THE RESULTS
                       WITH MOLECULAR GRAPHICS
 
 
  Some routines (e.g. conn) need vectors normal to cvect: 
     EAST Zero degrees angle is along vector    1.000   0.000   0.000
     NORTH  90 degrees angle is along vector    0.000  -1.000   0.000
 highest radius point found:
  at point   -0.054   0.053  -0.026
  closest atom surface    1.104   H18 95  X    0
  2nd closest surface     1.105   H   95  X    0
  found on step  575
 current point:
  at point   -0.040   0.040  -0.026
  closest atom surface    1.104   H   95  X    0
  2nd closest surface     1.105   H11 95  X    0
  found on step  907
  no. of rejections          417
 stored as     0

 highest radius point found:
  at point    0.036  -0.035   0.174
  closest atom surface    1.099   H   95  X    0
  2nd closest surface     1.099   H11 95  X    0
  found on step  949
  this is also current point
  no. of rejections          363
 stored as     1

 highest radius point found:
  at point    0.030  -0.026   0.374
  closest atom surface    1.112   H   95  X    0
  2nd closest surface     1.112   H11 95  X    0
  found on step 1000
  this is also current point
  no. of rejections          403
 stored as     2

 highest radius point found:
  at point    0.036  -0.029   0.574
  closest atom surface    1.144   H11 95  X    0
  2nd closest surface     1.144   H   95  X    0
  found on step  597
 current point:
  at point   -0.026   0.034   0.574
  closest atom surface    1.144   H   95  X    0
  2nd closest surface     1.144   H18 95  X    0
  found on step  951
  no. of rejections          400
 stored as     3

 highest radius point found:
  at point    0.020  -0.010   0.774
  closest atom surface    1.194   H   95  X    0
  2nd closest surface     1.194   H11 95  X    0
  found on step  826
 current point:
  at point   -0.017   0.030   0.774
  closest atom surface    1.192   H18 95  X    0
  2nd closest surface     1.193   H11 95  X    0
  found on step  967
  no. of rejections          411
 stored as     4

 highest radius point found:
  at point    0.026  -0.013   0.974
  closest atom surface    1.260   H11 95  X    0
  2nd closest surface     1.260   H   95  X    0
  found on step  973
  this is also current point
  no. of rejections          402
 stored as     5

 highest radius point found:
  at point    0.027  -0.011   1.174
  closest atom surface    1.342   H11 95  X    0
  2nd closest surface     1.343   H   95  X    0
  found on step  961
  this is also current point
  no. of rejections          379
 stored as     6

 highest radius point found:
  at point    0.013   0.006   1.374
  closest atom surface    1.438   H11 95  X    0
  2nd closest surface     1.438   H   95  X    0
  found on step  973
  this is also current point
  no. of rejections          396
 stored as     7

 highest radius point found:
  at point    0.020   0.002   1.574
  closest atom surface    1.545   H11 95  X    0
  2nd closest surface     1.545   H18 95  X    0
  found on step  976
  this is also current point
  no. of rejections          385
 stored as     8

 highest radius point found:
  at point    0.026   0.000   1.774
  closest atom surface    1.659   H7  95  X    0
  2nd closest surface     1.659   H18 95  X    0
  found on step  950
  this is also current point
  no. of rejections          365
 stored as     9

 highest radius point found:
  at point    0.026  -0.003   1.974
  closest atom surface    1.780   H18 95  X    0
  2nd closest surface     1.781   H7  95  X    0
  found on step  974
  this is also current point
  no. of rejections          360
 stored as    10

 highest radius point found:
  at point    0.026  -0.007   2.174
  closest atom surface    1.903   N   95  X    0
  2nd closest surface     1.903   N3  95  X    0
  found on step  581
 current point:
  at point    0.035  -0.013   2.174
  closest atom surface    1.903   H7  95  X    0
  2nd closest surface     1.903   N3  95  X    0
  found on step  918
  no. of rejections          370
 stored as    11

 highest radius point found:
  at point    0.007   0.010   2.374
  closest atom surface    2.018   N   95  X    0
  2nd closest surface     2.018   N3  95  X    0
  found on step  905
  this is also current point
  no. of rejections          362
 stored as    12

 highest radius point found:
  at point    0.041  -0.016   2.574
  closest atom surface    2.140   N3  95  X    0
  2nd closest surface     2.141   N   95  X    0
  found on step  638
 current point:
  at point    0.052  -0.025   2.574
  closest atom surface    2.140   N3  95  X    0
  2nd closest surface     2.141   N   95  X    0
  found on step  994
  no. of rejections          350
 stored as    13

 highest radius point found:
  at point    0.049  -0.021   2.774
  closest atom surface    2.268   N3  95  X    0
  2nd closest surface     2.269   N   95  X    0
  found on step  981
  this is also current point
  no. of rejections          362
 stored as    14

 highest radius point found:
  at point    0.060  -0.030   2.974
  closest atom surface    2.403   N   95  X    0
  2nd closest surface     2.403   N3  95  X    0
  found on step  986
  this is also current point
  no. of rejections          336
 stored as    15

 highest radius point found:
  at point    0.054  -0.024   3.174
  closest atom surface    2.542   N3  95  X    0
  2nd closest surface     2.542   N   95  X    0
  found on step  985
  this is also current point
  no. of rejections          349
 stored as    16

 highest radius point found:
  at point    0.064  -0.031   3.374
  closest atom surface    2.685   N3  95  X    0
  2nd closest surface     2.685   N   95  X    0
  found on step  982
  this is also current point
  no. of rejections          350
 stored as    17

 highest radius point found:
  at point    0.059  -0.026   3.574
  closest atom surface    2.833   N   95  X    0
  2nd closest surface     2.834   N3  95  X    0
  found on step  661
 current point:
  at point    0.008   0.017   3.574
  closest atom surface    2.833   N   95  X    0
  2nd closest surface     2.833   N3  95  X    0
  found on step  918
  no. of rejections          358
 stored as    18

 highest radius point found:
  at point    0.059  -0.023   3.774
  closest atom surface    2.985   N3  95  X    0
  2nd closest surface     2.985   N   95  X    0
  found on step   54
 current point:
  at point    0.054  -0.021   3.774
  closest atom surface    2.984   N   95  X    0
  2nd closest surface     2.985   N3  95  X    0
  found on step  972
  no. of rejections          352
 stored as    19

 highest radius point found:
  at point    0.055  -0.019   3.974
  closest atom surface    3.140   N   95  X    0
  2nd closest surface     3.140   N3  95  X    0
  found on step  948
  this is also current point
  no. of rejections          294
 stored as    20

 highest radius point found:
  at point    0.051  -0.014   4.174
  closest atom surface    3.298   N3  95  X    0
  2nd closest surface     3.299   N   95  X    0
  found on step  828
 current point:
  at point    0.044  -0.008   4.174
  closest atom surface    3.298   N3  95  X    0
  2nd closest surface     3.299   N   95  X    0
  found on step  938
  no. of rejections          315
 stored as    21

 highest radius point found:
  at point    0.062  -0.022   4.374
  closest atom surface    3.459   N3  95  X    0
  2nd closest surface     3.460   N   95  X    0
  found on step   84
 current point:
  at point    0.013   0.019   4.374
  closest atom surface    3.459   N3  95  X    0
  2nd closest surface     3.459   N   95  X    0
  found on step  925
  no. of rejections          288
 stored as    22

 highest radius point found:
  at point    0.045  -0.007   4.574
  closest atom surface    3.623   N3  95  X    0
  2nd closest surface     3.623   N   95  X    0
  found on step  991
  this is also current point
  no. of rejections          300
 stored as    23

 highest radius point found:
  at point    0.061  -0.020   4.774
  closest atom surface    3.789   N   95  X    0
  2nd closest surface     3.790   N3  95  X    0
  found on step  973
  this is also current point
  no. of rejections          300
 stored as    24

 highest radius point found:
  at point    0.072  -0.027   4.974
  closest atom surface    3.958   N   95  X    0
  2nd closest surface     3.958   N3  95  X    0
  found on step   68
 current point:
  at point    0.074  -0.029   4.974
  closest atom surface    3.957   N1  95  X    0
  2nd closest surface     3.958   N   95  X    0
  found on step  967
  no. of rejections          282
 stored as    25

 highest radius point found:
  at point    0.074  -0.028   5.174
  closest atom surface    4.128   N   95  X    0
  2nd closest surface     4.128   N1  95  X    0
  found on step  997
  this is also current point
  no. of rejections          281
 stored as    26

 highest radius point found:
  at point    0.066  -0.018   5.374
  closest atom surface    4.300   N3  95  X    0
  2nd closest surface     4.301   N   95  X    0
  found on step  746
 current point:
  at point    0.014   0.025   5.374
  closest atom surface    4.300   N3  95  X    0
  2nd closest surface     4.300   N4  95  X    0
  found on step  994
  no. of rejections          306
 stored as    27

 highest radius point found:
  at point    0.066  -0.018   5.574
  closest atom surface    4.474   N   95  X    0
  2nd closest surface     4.475   N3  95  X    0
  found on step    1
 current point:
  at point    0.055  -0.009   5.574
  closest atom surface    4.474   N   95  X    0
  2nd closest surface     4.474   N3  95  X    0
  found on step  995
  no. of rejections          274
 stored as    28

 highest radius point found:
  at point    0.072  -0.022   5.774
  closest atom surface    4.650   N   95  X    0
  2nd closest surface     4.650   N3  95  X    0
  found on step  944
  this is also current point
  no. of rejections          295
 stored as    29

 highest radius point found:
  at point    0.045   0.002   5.974
  closest atom surface    4.826   N3  95  X    0
  2nd closest surface     4.826   N   95  X    0
  found on step  766
 current point:
  at point    0.058  -0.008   5.974
  closest atom surface    4.826   N3  95  X    0
  2nd closest surface     4.827   N   95  X    0
  found on step  955
  no. of rejections          296
 stored as    30

 highest radius point found:
  at point    0.039   0.008   6.174
  closest atom surface    5.004   N3  95  X    0
  2nd closest surface     5.004   N   95  X    0
  found on step  930
  this is also current point
  no. of rejections          270
 stored as    31

 highest radius point found:
  at point    0.072  -0.018   6.374
  closest atom surface    5.184   N3  95  X    0
  2nd closest surface     5.184   N   95  X    0
  found on step  955
  this is also current point
  no. of rejections          247
 stored as    32

 highest radius point found:
  at point    0.081  -0.024   6.574
  closest atom surface    5.364   N3  95  X    0
  2nd closest surface     5.364   N   95  X    0
  found on step  884
  this is also current point
  no. of rejections          255
 stored as    33

 highest radius point found:
  at point    0.081  -0.024   6.774
  closest atom surface    5.545   N   95  X    0
  2nd closest surface     5.546   N1  95  X    0
  found on step    1
 current point:
  at point    0.074  -0.016   6.774
  closest atom surface    5.545   N3  95  X    0
  2nd closest surface     5.546   N   95  X    0
  found on step  909
  no. of rejections          265
 stored as    34

 highest radius point found:
  at point    0.080  -0.020   6.974
  closest atom surface    5.728   N3  95  X    0
  2nd closest surface     5.728   N   95  X    0
  found on step  901
  this is also current point
  no. of rejections          283
 stored as    35

 highest radius point found:
  at point    0.080  -0.020   7.174
  closest atom surface    5.911   N   95  X    0
  2nd closest surface     5.911   N3  95  X    0
  found on step    1
 current point:
  at point    0.070  -0.010   7.174
  closest atom surface    5.911   N3  95  X    0
  2nd closest surface     5.912   N   95  X    0
  found on step  946
  no. of rejections          263
 stored as    36

 highest radius point found:
  at point    0.072  -0.010   7.374
  closest atom surface    6.095   N3  95  X    0
  2nd closest surface     6.096   N   95  X    0
  found on step  888
 current point:
  at point    0.087  -0.022   7.374
  closest atom surface    6.095   N3  95  X    0
  2nd closest surface     6.095   N1  95  X    0
  found on step  981
  no. of rejections          241
 stored as    37

 highest radius point found:
  at point    0.072  -0.010   7.574
  closest atom surface    6.280   N3  95  X    0
  2nd closest surface     6.280   N   95  X    0
  found on step    1
 current point:
  at point    0.065  -0.006   7.574
  closest atom surface    6.280   N   95  X    0
  2nd closest surface     6.280   N3  95  X    0
  found on step  993
  no. of rejections          206
 stored as    38

 highest radius point found:
  at point    0.077  -0.013   7.774
  closest atom surface    6.465   N3  95  X    0
  2nd closest surface     6.466   N   95  X    0
  found on step  884
 current point:
  at point    0.054   0.008   7.774
  closest atom surface    6.465   N3  95  X    0
  2nd closest surface     6.466   N   95  X    0
  found on step  920
  no. of rejections          249
 stored as    39

 highest radius point found:
  at point    0.088  -0.022   7.974
  closest atom surface    6.651   N1  95  X    0
  2nd closest surface     6.652   N   95  X    0
  found on step  810
 current point:
  at point    0.088  -0.023   7.974
  closest atom surface    6.651   N1  95  X    0
  2nd closest surface     6.651   N   95  X    0
  found on step  989
  no. of rejections          231
 stored as    40

 highest radius point found:
  at point    0.076  -0.009   8.174
  closest atom surface    6.838   N3  95  X    0
  2nd closest surface     6.839   N   95  X    0
  found on step  993
  this is also current point
  no. of rejections          231
 stored as    41

 highest radius point found:
  at point    0.076  -0.009   8.374
  closest atom surface    7.026   N   95  X    0
  2nd closest surface     7.026   N3  95  X    0
  found on step    1
 current point:
  at point    0.090  -0.019   8.374
  closest atom surface    7.026   N3  95  X    0
  2nd closest surface     7.026   N1  95  X    0
  found on step  898
  no. of rejections          257
 stored as    42

 highest radius point found:
  at point    0.067   0.001   8.574
  closest atom surface    7.214   N3  95  X    0
  2nd closest surface     7.214   N   95  X    0
  found on step  977
  this is also current point
  no. of rejections          264
 stored as    43

 highest radius point found:
  at point    0.056   0.011   8.774
  closest atom surface    7.402   N3  95  X    0
  2nd closest surface     7.402   N   95  X    0
  found on step  976
  this is also current point
  no. of rejections          245
 stored as    44

 highest radius point found:
  at point    0.074  -0.003   8.974
  closest atom surface    7.591   N   95  X    0
  2nd closest surface     7.591   N3  95  X    0
  found on step  443
 current point:
  at point    0.086  -0.012   8.974
  closest atom surface    7.591   N3  95  X    0
  2nd closest surface     7.592   N   95  X    0
  found on step  931
  no. of rejections          243
 stored as    45

 highest radius point found:
  at point    0.079  -0.006   9.174
  closest atom surface    7.780   N   95  X    0
  2nd closest surface     7.781   N3  95  X    0
  found on step  573
 current point:
  at point    0.063   0.007   9.174
  closest atom surface    7.780   N   95  X    0
  2nd closest surface     7.780   N3  95  X    0
  found on step  996
  no. of rejections          245
 stored as    46

 highest radius point found:
  at point    0.079  -0.006   9.374
  closest atom surface    7.970   N   95  X    0
  2nd closest surface     7.971   N3  95  X    0
  found on step    1
 current point:
  at point    0.108  -0.017   9.374
  closest atom surface    7.968   N3  95  X    0
  2nd closest surface     7.968   N1  95  X    0
  found on step  916
  no. of rejections          221
 stored as    47

 highest radius point found:
  at point    0.094  -0.016   9.574
  closest atom surface    8.161   N   95  X    0
  2nd closest surface     8.161   N3  95  X    0
  found on step  939
  this is also current point
  no. of rejections          235
 stored as    48

 highest radius point found:
  at point    0.094  -0.016   9.774
  closest atom surface    8.351   N   95  X    0
  2nd closest surface     8.352   N3  95  X    0
  found on step    1
 current point:
  at point    0.067   0.007   9.774
  closest atom surface    8.351   N   95  X    0
  2nd closest surface     8.351   N3  95  X    0
  found on step  920
  no. of rejections          226
 stored as    49

 highest radius point found:
  at point    0.093  -0.013   9.974
  closest atom surface    8.542   N   95  X    0
  2nd closest surface     8.542   N3  95  X    0
  found on step  931
  this is also current point
  no. of rejections          237
 stored as    50

 highest radius point found:
  at point    0.069   0.007  10.174
  closest atom surface    8.733   N   95  X    0
  2nd closest surface     8.733   H1  95  X    0
  found on step  923
  this is also current point
  no. of rejections          209
 stored as    51

 highest radius point found:
  at point    0.073   0.019  10.374
  closest atom surface    8.922   H1  95  X    0
  2nd closest surface     8.922   N3  95  X    0
  found on step  841
 current point:
  at point    0.068   0.021  10.374
  closest atom surface    8.921   N4  95  X    0
  2nd closest surface     8.922   H1  95  X    0
  found on step  989
  no. of rejections          231
 stored as    52

 highest radius point found:
  at point    0.077   0.020  10.574
  closest atom surface    9.107   H1  95  X    0
  2nd closest surface     9.107   H12 95  X    0
  found on step  978
  this is also current point
  no. of rejections          217
 stored as    53

 highest radius point found:
  at point    0.188  -0.005  10.774
  closest atom surface    9.293   H1  95  X    0
  2nd closest surface     9.293   N3  95  X    0
  found on step  946
  this is also current point
  no. of rejections          217
 stored as    54

 highest radius point found:
  at point    0.233  -0.015  10.974
  closest atom surface    9.479   H1  95  X    0
  2nd closest surface     9.480   N1  95  X    0
  found on step  937
  this is also current point
  no. of rejections          238
 stored as    55

 highest radius point found:
  at point    0.233  -0.015  11.174
  closest atom surface    9.665   H1  95  X    0
  2nd closest surface     9.666   H12 95  X    0
  found on step    1
 current point:
  at point    0.050   0.028  11.174
  closest atom surface    9.663   H1  95  X    0
  2nd closest surface     9.663   H12 95  X    0
  found on step  979
  no. of rejections          232
 stored as    56

 highest radius point found:
  at point    0.266  -0.023  11.374
  closest atom surface    9.852   H1  95  X    0
  2nd closest surface     9.853   H12 95  X    0
  found on step  829
 current point:
  at point    0.187  -0.003  11.374
  closest atom surface    9.851   H1  95  X    0
  2nd closest surface     9.851   H12 95  X    0
  found on step  924
  no. of rejections          242
 stored as    57

 highest radius point found:
  at point    0.317  -0.032  11.574
  closest atom surface   10.041   H1  95  X    0
  2nd closest surface    10.041   H12 95  X    0
  found on step  975
  this is also current point
  no. of rejections          205
 stored as    58

 highest radius point found:
  at point    0.360  -0.043  11.774
  closest atom surface   10.229   H1  95  X    0
  2nd closest surface    10.230   N1  95  X    0
  found on step    5
 current point:
  at point   -0.041   0.051  11.774
  closest atom surface   10.225   H12 95  X    0
  2nd closest surface    10.225   H1  95  X    0
  found on step  925
  no. of rejections          241
 stored as    59

 highest radius point found:
  at point    0.388  -0.048  11.974
  closest atom surface   10.418   H1  95  X    0
  2nd closest surface    10.419   H12 95  X    0
  found on step  944
  this is also current point
  no. of rejections          227
 stored as    60

 highest radius point found:
  at point    0.422  -0.055  12.174
  closest atom surface   10.608   H1  95  X    0
  2nd closest surface    10.608   H12 95  X    0
  found on step  977
  this is also current point
  no. of rejections          225
 stored as    61

 highest radius point found:
  at point    0.462  -0.063  12.374
  closest atom surface   10.797   N1  95  X    0
  2nd closest surface    10.798   H12 95  X    0
  found on step  495
 current point:
  at point    0.425  -0.055  12.374
  closest atom surface   10.797   H12 95  X    0
  2nd closest surface    10.797   H1  95  X    0
  found on step  992
  no. of rejections          214
 stored as    62

 highest radius point found:
  at point    0.462  -0.063  12.574
  closest atom surface   10.987   H12 95  X    0
  2nd closest surface    10.987   H1  95  X    0
  found on step    1
 current point:
  at point    0.537  -0.059  12.574
  closest atom surface   10.983   H12 95  X    0
  2nd closest surface    10.984   N1  95  X    0
  found on step 1000
  no. of rejections          196
 stored as    63

 highest radius point found:
  at point    0.528  -0.077  12.774
  closest atom surface   11.177   N1  95  X    0
  2nd closest surface    11.179   H12 95  X    0
  found on step  414
 current point:
  at point   -0.259   0.104  12.774
  closest atom surface   11.171   H1  95  X    0
  2nd closest surface    11.171   H12 95  X    0
  found on step  916
  no. of rejections          223
 stored as    64

 highest radius point found:
  at point    0.528  -0.077  12.974
  closest atom surface   11.368   H12 95  X    0
  2nd closest surface    11.369   H1  95  X    0
  found on step    1
 current point:
  at point   -0.257   0.105  12.974
  closest atom surface   11.361   H1  95  X    0
  2nd closest surface    11.361   H12 95  X    0
  found on step  956
  no. of rejections          213
 stored as    65

 highest radius point found:
  at point    0.568  -0.087  13.174
  closest atom surface   11.560   H1  95  X    0
  2nd closest surface    11.561   H12 95  X    0
  found on step  985
  this is also current point
  no. of rejections          200
 stored as    66

 highest radius point found:
  at point    0.596  -0.092  13.374
  closest atom surface   11.752   H12 95  X    0
  2nd closest surface    11.752   H1  95  X    0
  found on step  961
  this is also current point
  no. of rejections          223
 stored as    67

 highest radius point found:
  at point    0.596  -0.092  13.574
  closest atom surface   11.942   H1  95  X    0
  2nd closest surface    11.942   H12 95  X    0
  found on step    1
 current point:
  at point   -0.357   0.134  13.574
  closest atom surface   11.933   H12 95  X    0
  2nd closest surface    11.936   H1  95  X    0
  found on step  969
  no. of rejections          216
 stored as    68

 highest radius point found:
  at point    0.682  -0.111  13.774
  closest atom surface   12.135   N1  95  X    0
  2nd closest surface    12.137   H1  95  X    0
  found on step   22
 current point:
  at point   -0.232   0.105  13.774
  closest atom surface   12.121   H12 95  X    0
  2nd closest surface    12.123   H1  95  X    0
  found on step  996
  no. of rejections          234
 stored as    69

 highest radius point found:
  at point    0.682  -0.111  13.974
  closest atom surface   12.328   H1  95  X    0
  2nd closest surface    12.328   H12 95  X    0
  found on step    1
 current point:
  at point    0.735  -0.105  13.974
  closest atom surface   12.326   H12 95  X    0
  2nd closest surface    12.327   N1  95  X    0
  found on step  997
  no. of rejections          213
 stored as    70

 highest radius point found:
  at point    0.736  -0.126  14.174
  closest atom surface   12.521   N1  95  X    0
  2nd closest surface    12.521   H1  95  X    0
  found on step    3
 current point:
  at point    0.765  -0.114  14.174
  closest atom surface   12.520   H12 95  X    0
  2nd closest surface    12.520   N1  95  X    0
  found on step  993
  no. of rejections          231
 stored as    71

 highest radius point found:
  at point    0.742  -0.124  14.374
  closest atom surface   12.714   H1  95  X    0
  2nd closest surface    12.714   H12 95  X    0
  found on step    2
 current point:
  at point    0.249  -0.008  14.374
  closest atom surface   12.696   H1  95  X    0
  2nd closest surface    12.696   H12 95  X    0
  found on step  989
  no. of rejections          213
 stored as    72

 highest radius point found:
  at point    0.788  -0.136  14.574
  closest atom surface   12.907   H1  95  X    0
  2nd closest surface    12.908   N1  95  X    0
  found on step   64
 current point:
  at point   -0.507   0.167  14.574
  closest atom surface   12.895   N4  95  X    0
  2nd closest surface    12.897   H1  95  X    0
  found on step  961
  no. of rejections          211
 stored as    73

 highest radius point found:
  at point    0.788  -0.136  14.774
  closest atom surface   13.099   H1  95  X    0
  2nd closest surface    13.101   H12 95  X    0
  found on step    1
 current point:
  at point   -0.519   0.171  14.774
  closest atom surface   13.089   H12 95  X    0
  2nd closest surface    13.089   H16 95  X    0
  found on step 1000
  no. of rejections          221
 stored as    74

 highest radius point found:
  at point    0.851  -0.147  14.974
  closest atom surface   13.296   H1  95  X    0
  2nd closest surface    13.296   N1  95  X    0
  found on step  994
  this is also current point
  no. of rejections          204
 stored as    75

 highest radius point found:
  at point    0.878  -0.152  15.174
  closest atom surface   13.490   H1  95  X    0
  2nd closest surface    13.490   H12 95  X    0
  found on step  927
  this is also current point
  no. of rejections          205
 stored as    76

 highest radius point found:
  at point    0.916  -0.159  15.374
  closest atom surface   13.684   N1  95  X    0
  2nd closest surface    13.684   H12 95  X    0
  found on step  987
  this is also current point
  no. of rejections          223
 stored as    77

 highest radius point found:
  at point    0.948  -0.165  15.574
  closest atom surface   13.878   N1  95  X    0
  2nd closest surface    13.879   H12 95  X    0
  found on step  647
 current point:
  at point    0.921  -0.161  15.574
  closest atom surface   13.877   H1  95  X    0
  2nd closest surface    13.878   H12 95  X    0
  found on step  927
  no. of rejections          216
 stored as    78

 highest radius point found:
  at point    0.970  -0.174  15.774
  closest atom surface   14.073   H1  95  X    0
  2nd closest surface    14.073   N1  95  X    0
  found on step  986
  this is also current point
  no. of rejections          183
 stored as    79

 highest radius point found:
  at point    1.012  -0.174  15.974
  closest atom surface   14.267   H5  95  X    0
  2nd closest surface    14.267   H12 95  X    0
  found on step  988
  this is also current point
  no. of rejections          210
 stored as    80

 highest radius point found:
  at point    1.012  -0.174  16.174
  closest atom surface   14.461   H12 95  X    0
  2nd closest surface    14.461   H5  95  X    0
  found on step    1
 current point:
  at point    1.861  -0.031  16.174
  closest atom surface   14.455   N1  95  X    0
  2nd closest surface    14.455   H12 95  X    0
  found on step  957
  no. of rejections          181
 stored as    81

 highest radius point found:
  at point    1.135  -0.176  16.374
  closest atom surface   14.655   H5  95  X    0
  2nd closest surface    14.656   H12 95  X    0
  found on step  570
 current point:
  at point    1.050  -0.176  16.374
  closest atom surface   14.655   H5  95  X    0
  2nd closest surface    14.655   H12 95  X    0
  found on step  974
  no. of rejections          211
 stored as    82

 highest radius point found:
  at point    1.172  -0.175  16.574
  closest atom surface   14.850   H5  95  X    0
  2nd closest surface    14.850   H12 95  X    0
  found on step  999
  this is also current point
  no. of rejections          189
 stored as    83

 highest radius point found:
  at point    1.273  -0.174  16.774
  closest atom surface   15.046   H12 95  X    0
  2nd closest surface    15.046   H5  95  X    0
  found on step  995
  this is also current point
  no. of rejections          210
 stored as    84

 highest radius point found:
  at point    1.343  -0.175  16.974
  closest atom surface   15.241   N1  95  X    0
  2nd closest surface    15.241   H5  95  X    0
  found on step  971
  this is also current point
  no. of rejections          204
 stored as    85

 highest radius point found:
  at point    1.401  -0.171  17.174
  closest atom surface   15.436   H12 95  X    0
  2nd closest surface    15.437   N1  95  X    0
  found on step  704
 current point:
  at point    1.075  -0.182  17.174
  closest atom surface   15.432   H12 95  X    0
  2nd closest surface    15.432   H5  95  X    0
  found on step  958
  no. of rejections          228
 stored as    86

 highest radius point found:
  at point    1.470  -0.173  17.374
  closest atom surface   15.633   H12 95  X    0
  2nd closest surface    15.633   N1  95  X    0
  found on step  551
 current point:
  at point    1.482  -0.171  17.374
  closest atom surface   15.633   N1  95  X    0
  2nd closest surface    15.633   H12 95  X    0
  found on step  992
  no. of rejections          205
 stored as    87

 highest radius point found:
  at point    1.544  -0.166  17.574
  closest atom surface   15.828   H12 95  X    0
  2nd closest surface    15.830   N1  95  X    0
  found on step   59
 current point:
  at point    0.436  -0.042  17.574
  closest atom surface   15.793   H12 95  X    0
  2nd closest surface    15.793   H1  95  X    0
  found on step  906
  no. of rejections          214
 stored as    88

 highest radius point found:
  at point    2.020  -0.094  17.774
  closest atom surface   16.031   N1  95  X    0
  2nd closest surface    16.031   H12 95  X    0
  found on step  709
 current point:
  at point    1.855  -0.124  17.774
  closest atom surface   16.028   H12 95  X    0
  2nd closest surface    16.028   N1  95  X    0
  found on step  988
  no. of rejections          181
 stored as    89

 highest radius point found:
  at point    2.062  -0.097  17.974
  closest atom surface   16.229   N1  95  X    0
  2nd closest surface    16.229   H12 95  X    0
  found on step   74
 current point:
  at point    1.497  -0.184  17.974
  closest atom surface   16.217   H5  95  X    0
  2nd closest surface    16.220   H12 95  X    0
  found on step  995
  no. of rejections          200
 stored as    90

 highest radius point found:
  at point    2.109  -0.101  18.174
  closest atom surface   16.427   N1  95  X    0
  2nd closest surface    16.427   N2  95  X    0
  found on step  852
 current point:
  at point    2.099  -0.100  18.174
  closest atom surface   16.427   H12 95  X    0
  2nd closest surface    16.427   N1  95  X    0
  found on step  933
  no. of rejections          183
 stored as    91

 highest radius point found:
  at point    2.133  -0.109  18.374
  closest atom surface   16.625   N1  95  X    0
  2nd closest surface    16.625   N2  95  X    0
  found on step    3
 current point:
  at point    2.137  -0.109  18.374
  closest atom surface   16.625   N1  95  X    0
  2nd closest surface    16.625   N2  95  X    0
  found on step  988
  no. of rejections          148
 stored as    92

 highest radius point found:
  at point    2.155  -0.117  18.574
  closest atom surface   16.822   N1  95  X    0
  2nd closest surface    16.823   N2  95  X    0
  found on step  992
  this is also current point
  no. of rejections          143
 stored as    93

 highest radius point found:
  at point    2.186  -0.124  18.774
  closest atom surface   17.020   N1  95  X    0
  2nd closest surface    17.020   N2  95  X    0
  found on step  975
  this is also current point
  no. of rejections          138
 stored as    94

 highest radius point found:
  at point    2.220  -0.129  18.974
  closest atom surface   17.218   N2  95  X    0
  2nd closest surface    17.219   N1  95  X    0
  found on step  966
  this is also current point
  no. of rejections          149
 stored as    95

 highest radius point found:
  at point    2.221  -0.135  19.174
  closest atom surface   17.416   H12 95  X    0
  2nd closest surface    17.417   N1  95  X    0
  found on step  969
  this is also current point
  no. of rejections          175
 stored as    96

 highest radius point found:
  at point    2.248  -0.142  19.374
  closest atom surface   17.615   H12 95  X    0
  2nd closest surface    17.615   N1  95  X    0
  found on step  552
 current point:
  at point    2.253  -0.142  19.374
  closest atom surface   17.615   N2  95  X    0
  2nd closest surface    17.615   N1  95  X    0
  found on step  955
  no. of rejections          158
 stored as    97

 highest radius point found:
  at point    2.274  -0.151  19.574
  closest atom surface   17.813   N1  95  X    0
  2nd closest surface    17.813   N2  95  X    0
  found on step 1000
  this is also current point
  no. of rejections          197
 stored as    98

 highest radius point found:
  at point    2.294  -0.157  19.774
  closest atom surface   18.011   N1  95  X    0
  2nd closest surface    18.011   H12 95  X    0
  found on step  979
  this is also current point
  no. of rejections          153
 stored as    99

 highest radius point found:
  at point    2.327  -0.167  19.974
  closest atom surface   18.209   N1  95  X    0
  2nd closest surface    18.209   N2  95  X    0
  found on step  978
  this is also current point
  no. of rejections          178
 stored as   100

 highest radius point found:
  at point    2.349  -0.171  20.174
  closest atom surface   18.408   N2  95  X    0
  2nd closest surface    18.408   N1  95  X    0
  found on step  985
  this is also current point
  no. of rejections          139
 stored as   101

 highest radius point found:
  at point    2.366  -0.176  20.374
  closest atom surface   18.606   H12 95  X    0
  2nd closest surface    18.606   N1  95  X    0
  found on step    2
 current point:
  at point    2.381  -0.169  20.374
  closest atom surface   18.606   N2  95  X    0
  2nd closest surface    18.606   H12 95  X    0
  found on step  932
  no. of rejections          172
 stored as   102

 highest radius point found:
  at point    2.411  -0.186  20.574
  closest atom surface   18.804   N2  95  X    0
  2nd closest surface    18.805   H5  95  X    0
  found on step  469
 current point:
  at point    2.297  -0.188  20.574
  closest atom surface   18.797   H5  95  X    0
  2nd closest surface    18.799   H12 95  X    0
  found on step  988
  no. of rejections          179
 stored as   103

 highest radius point found:
  at point    2.433  -0.183  20.774
  closest atom surface   19.003   N2  95  X    0
  2nd closest surface    19.003   H5  95  X    0
  found on step  936
  this is also current point
  no. of rejections          162
 stored as   104

 highest radius point found:
  at point    6.798  -0.557  20.974
  closest atom surface   19.247   C6  95  X    0
  2nd closest surface    19.247   C7  95  X    0
  found on step 1000
  this is also current point
  no. of rejections           92
 stored as   105

 highest radius point found:
  at point   12.645   0.295  21.174
  closest atom surface   20.380   C7  95  X    0
  2nd closest surface    20.572   C8  95  X    0
  found on step  999
  this is also current point
  no. of rejections          100
 stored as   106

 highest radius point found:
  at point   20.033   0.762  21.374
  closest atom surface   23.697   C7  95  X    0
  2nd closest surface    24.032   H9  95  X    0
  found on step 1000
  this is also current point
  no. of rejections          167
 This is an end! (radius above  22.0 angs)
 highest radius point found:
  at point    0.042  -0.047  -0.226
  closest atom surface    1.129   H   95  X    0
  2nd closest surface     1.129   H11 95  X    0
  found on step  877
 current point:
  at point    0.034  -0.038  -0.226
  closest atom surface    1.129   H11 95  X    0
  2nd closest surface     1.129   H   95  X    0
  found on step  940
  no. of rejections          399
 stored as    -1

 highest radius point found:
  at point    0.036  -0.044  -0.426
  closest atom surface    1.171   H   95  X    0
  2nd closest surface     1.172   H11 95  X    0
  found on step  935
  this is also current point
  no. of rejections          383
 stored as    -2

 highest radius point found:
  at point   -0.074   0.067  -0.626
  closest atom surface    1.233   H11 95  X    0
  2nd closest surface     1.233   H   95  X    0
  found on step  833
 current point:
  at point   -0.045   0.036  -0.626
  closest atom surface    1.232   H   95  X    0
  2nd closest surface     1.232   H11 95  X    0
  found on step  950
  no. of rejections          379
 stored as    -3

 highest radius point found:
  at point    0.052  -0.065  -0.826
  closest atom surface    1.308   H11 95  X    0
  2nd closest surface     1.308   H   95  X    0
  found on step  982
  this is also current point
  no. of rejections          389
 stored as    -4

 highest radius point found:
  at point   -0.089   0.076  -1.026
  closest atom surface    1.399   H11 95  X    0
  2nd closest surface     1.400   H   95  X    0
  found on step  984
  this is also current point
  no. of rejections          356
 stored as    -5

 highest radius point found:
  at point   -0.027   0.010  -1.226
  closest atom surface    1.499   H   95  X    0
  2nd closest surface     1.500   H11 95  X    0
  found on step   83
 current point:
  at point   -0.018   0.001  -1.226
  closest atom surface    1.499   H11 95  X    0
  2nd closest surface     1.500   H   95  X    0
  found on step  932
  no. of rejections          375
 stored as    -6

 highest radius point found:
  at point   -0.132  -0.003  -1.426
  closest atom surface    1.532   H15 95  X    0
  2nd closest surface     1.534   H4  95  X    0
  found on step   58
 current point:
  at point   -0.030  -0.002  -1.426
  closest atom surface    1.531   H4  95  X    0
  2nd closest surface     1.531   H15 95  X    0
  found on step  956
  no. of rejections          359
 stored as    -7

 highest radius point found:
  at point   -0.342  -0.006  -1.626
  closest atom surface    1.576   H   95  X    0
  2nd closest surface     1.577   H15 95  X    0
  found on step 1000
  this is also current point
  no. of rejections          360
 stored as    -8

 highest radius point found:
  at point   -0.456  -0.010  -1.826
  closest atom surface    1.636   H4  95  X    0
  2nd closest surface     1.638   H15 95  X    0
  found on step  940
  this is also current point
  no. of rejections          364
 stored as    -9

 highest radius point found:
  at point   -0.573  -0.013  -2.026
  closest atom surface    1.712   H4  95  X    0
  2nd closest surface     1.713   N   95  X    0
  found on step  728
 current point:
  at point   -0.593  -0.006  -2.026
  closest atom surface    1.710   N   95  X    0
  2nd closest surface     1.713   H15 95  X    0
  found on step  975
  no. of rejections          415
 stored as   -10

 highest radius point found:
  at point   -0.675  -0.013  -2.226
  closest atom surface    1.804   H15 95  X    0
  2nd closest surface     1.805   H4  95  X    0
  found on step  942
  this is also current point
  no. of rejections          376
 stored as   -11

 highest radius point found:
  at point    0.737   0.011  -2.426
  closest atom surface    1.903   N3  95  X    0
  2nd closest surface     1.904   H4  95  X    0
  found on step  875
 current point:
  at point    0.738   0.009  -2.426
  closest atom surface    1.903   H4  95  X    0
  2nd closest surface     1.904   N3  95  X    0
  found on step  957
  no. of rejections          386
 stored as   -12

 highest radius point found:
  at point    0.822   0.015  -2.626
  closest atom surface    2.017   N3  95  X    0
  2nd closest surface     2.018   H15 95  X    0
  found on step  957
  this is also current point
  no. of rejections          361
 stored as   -13

 highest radius point found:
  at point    0.869   0.016  -2.826
  closest atom surface    2.131   H15 95  X    0
  2nd closest surface     2.132   N2  95  X    0
  found on step  952
  this is also current point
  no. of rejections          361
 stored as   -14

 highest radius point found:
  at point    0.913   0.013  -3.026
  closest atom surface    2.250   H4  95  X    0
  2nd closest surface     2.254   N2  95  X    0
  found on step  766
 current point:
  at point    0.920   0.021  -3.026
  closest atom surface    2.250   N2  95  X    0
  2nd closest surface     2.252   H15 95  X    0
  found on step  966
  no. of rejections          369
 stored as   -15

 highest radius point found:
  at point    0.954   0.017  -3.226
  closest atom surface    2.381   H4  95  X    0
  2nd closest surface     2.382   H15 95  X    0
  found on step  709
 current point:
  at point    0.961   0.023  -3.226
  closest atom surface    2.379   H15 95  X    0
  2nd closest surface     2.380   N2  95  X    0
  found on step  999
  no. of rejections          362
 stored as   -16

 highest radius point found:
  at point    1.001   0.018  -3.426
  closest atom surface    2.517   N2  95  X    0
  2nd closest surface     2.519   H15 95  X    0
  found on step  966
  this is also current point
  no. of rejections          320
 stored as   -17

 highest radius point found:
  at point    1.040   0.018  -3.626
  closest atom surface    2.660   H4  95  X    0
  2nd closest surface     2.660   N2  95  X    0
  found on step  854
 current point:
  at point    1.037   0.019  -3.626
  closest atom surface    2.659   H4  95  X    0
  2nd closest surface     2.660   H15 95  X    0
  found on step  953
  no. of rejections          338
 stored as   -18

 highest radius point found:
  at point    1.074   0.021  -3.826
  closest atom surface    2.806   H15 95  X    0
  2nd closest surface     2.807   H4  95  X    0
  found on step  960
  this is also current point
  no. of rejections          327
 stored as   -19

 highest radius point found:
  at point    1.116   0.022  -4.026
  closest atom surface    2.959   H15 95  X    0
  2nd closest surface     2.960   N2  95  X    0
  found on step  595
 current point:
  at point    1.115   0.020  -4.026
  closest atom surface    2.958   H4  95  X    0
  2nd closest surface     2.960   H15 95  X    0
  found on step  958
  no. of rejections          336
 stored as   -20

 highest radius point found:
  at point    1.151   0.021  -4.226
  closest atom surface    3.114   H4  95  X    0
  2nd closest surface     3.115   H15 95  X    0
  found on step  690
 current point:
  at point    1.162   0.035  -4.226
  closest atom surface    3.110   H15 95  X    0
  2nd closest surface     3.112   N2  95  X    0
  found on step  997
  no. of rejections          331
 stored as   -21

 highest radius point found:
  at point    1.186   0.022  -4.426
  closest atom surface    3.274   H4  95  X    0
  2nd closest surface     3.274   H15 95  X    0
  found on step  816
 current point:
  at point    1.188   0.024  -4.426
  closest atom surface    3.274   H15 95  X    0
  2nd closest surface     3.276   H4  95  X    0
  found on step  957
  no. of rejections          274
 stored as   -22

 highest radius point found:
  at point    1.227   0.024  -4.626
  closest atom surface    3.438   N2  95  X    0
  2nd closest surface     3.439   H15 95  X    0
  found on step  999
  this is also current point
  no. of rejections          279
 stored as   -23

 highest radius point found:
  at point    1.264   0.021  -4.826
  closest atom surface    3.604   H4  95  X    0
  2nd closest surface     3.604   N2  95  X    0
  found on step  936
  this is also current point
  no. of rejections          328
 stored as   -24

 highest radius point found:
  at point    1.284   0.029  -5.026
  closest atom surface    3.769   H15 95  X    0
  2nd closest surface     3.773   H4  95  X    0
  found on step 1000
  this is also current point
  no. of rejections          300
 stored as   -25

 highest radius point found:
  at point    1.333   0.025  -5.226
  closest atom surface    3.944   N2  95  X    0
  2nd closest surface     3.946   H4  95  X    0
  found on step  997
  this is also current point
  no. of rejections          250
 stored as   -26

 highest radius point found:
  at point    1.365   0.024  -5.426
  closest atom surface    4.118   H4  95  X    0
  2nd closest surface     4.118   N2  95  X    0
  found on step  952
  this is also current point
  no. of rejections          270
 stored as   -27

 highest radius point found:
  at point    1.399   0.027  -5.626
  closest atom surface    4.294   N2  95  X    0
  2nd closest surface     4.295   H4  95  X    0
  found on step  981
  this is also current point
  no. of rejections          265
 stored as   -28

 highest radius point found:
  at point    1.434   0.025  -5.826
  closest atom surface    4.470   N2  95  X    0
  2nd closest surface     4.471   H4  95  X    0
  found on step  945
  this is also current point
  no. of rejections          270
 stored as   -29

 highest radius point found:
  at point    1.458   0.030  -6.026
  closest atom surface    4.649   H15 95  X    0
  2nd closest surface     4.650   H4  95  X    0
  found on step  155
 current point:
  at point    1.464   0.025  -6.026
  closest atom surface    4.649   H4  95  X    0
  2nd closest surface     4.650   N2  95  X    0
  found on step  950
  no. of rejections          239
 stored as   -30

 highest radius point found:
  at point    1.499   0.033  -6.226
  closest atom surface    4.830   N2  95  X    0
  2nd closest surface     4.831   H15 95  X    0
  found on step  958
  this is also current point
  no. of rejections          200
 stored as   -31

 highest radius point found:
  at point    1.530   0.034  -6.426
  closest atom surface    5.012   N2  95  X    0
  2nd closest surface     5.012   H15 95  X    0
  found on step  966
  this is also current point
  no. of rejections          256
 stored as   -32

 highest radius point found:
  at point    1.562   0.030  -6.626
  closest atom surface    5.194   N2  95  X    0
  2nd closest surface     5.196   H4  95  X    0
  found on step  983
  this is also current point
  no. of rejections          247
 stored as   -33

 highest radius point found:
  at point    1.591   0.031  -6.826
  closest atom surface    5.379   N2  95  X    0
  2nd closest surface     5.380   H4  95  X    0
  found on step  914
  this is also current point
  no. of rejections          274
 stored as   -34

 highest radius point found:
  at point    1.625   0.025  -7.026
  closest atom surface    5.563   H4  95  X    0
  2nd closest surface     5.563   N2  95  X    0
  found on step  878
 current point:
  at point    1.630   0.026  -7.026
  closest atom surface    5.562   N2  95  X    0
  2nd closest surface     5.564   C12 95  X    0
  found on step  969
  no. of rejections          267
 stored as   -35

 highest radius point found:
  at point    1.668   0.021  -7.226
  closest atom surface    5.747   N2  95  X    0
  2nd closest surface     5.747   C12 95  X    0
  found on step  992
  this is also current point
  no. of rejections          292
 stored as   -36

 highest radius point found:
  at point    1.709   0.021  -7.426
  closest atom surface    5.929   C2  95  X    0
  2nd closest surface     5.929   C12 95  X    0
  found on step   17
 current point:
  at point    1.723   0.028  -7.426
  closest atom surface    5.928   N2  95  X    0
  2nd closest surface     5.929   C12 95  X    0
  found on step  972
  no. of rejections          245
 stored as   -37

 highest radius point found:
  at point    1.756   0.021  -7.626
  closest atom surface    6.113   C2  95  X    0
  2nd closest surface     6.113   C12 95  X    0
  found on step  374
 current point:
  at point    1.773   0.012  -7.626
  closest atom surface    6.112   N2  95  X    0
  2nd closest surface     6.112   C2  95  X    0
  found on step  970
  no. of rejections          168
 stored as   -38

 highest radius point found:
  at point    1.809   0.022  -7.826
  closest atom surface    6.299   C2  95  X    0
  2nd closest surface     6.299   C12 95  X    0
  found on step  978
  this is also current point
  no. of rejections          246
 stored as   -39

 highest radius point found:
  at point    1.861   0.027  -8.026
  closest atom surface    6.485   C12 95  X    0
  2nd closest surface     6.485   N2  95  X    0
  found on step  981
  this is also current point
  no. of rejections          237
 stored as   -40

 highest radius point found:
  at point    1.905   0.024  -8.226
  closest atom surface    6.673   N2  95  X    0
  2nd closest surface     6.673   C12 95  X    0
  found on step  905
  this is also current point
  no. of rejections          263
 stored as   -41

 highest radius point found:
  at point    1.961   0.030  -8.426
  closest atom surface    6.860   N2  95  X    0
  2nd closest surface     6.860   C12 95  X    0
  found on step  985
  this is also current point
  no. of rejections          211
 stored as   -42

 highest radius point found:
  at point    2.001   0.023  -8.626
  closest atom surface    7.049   C2  95  X    0
  2nd closest surface     7.050   N2  95  X    0
  found on step  946
  this is also current point
  no. of rejections          219
 stored as   -43

 highest radius point found:
  at point    2.052   0.022  -8.826
  closest atom surface    7.239   C2  95  X    0
  2nd closest surface     7.239   N2  95  X    0
  found on step  958
  this is also current point
  no. of rejections          266
 stored as   -44

 highest radius point found:
  at point    2.099   0.027  -9.026
  closest atom surface    7.429   N2  95  X    0
  2nd closest surface     7.430   C12 95  X    0
  found on step  981
  this is also current point
  no. of rejections          229
 stored as   -45

 highest radius point found:
  at point    2.145   0.026  -9.226
  closest atom surface    7.620   N2  95  X    0
  2nd closest surface     7.620   C2  95  X    0
  found on step  969
  this is also current point
  no. of rejections          224
 stored as   -46

 highest radius point found:
  at point    2.194   0.030  -9.426
  closest atom surface    7.811   C12 95  X    0
  2nd closest surface     7.811   N2  95  X    0
  found on step  931
  this is also current point
  no. of rejections          215
 stored as   -47

 highest radius point found:
  at point    2.250   0.038  -9.626
  closest atom surface    8.002   N2  95  X    0
  2nd closest surface     8.002   C12 95  X    0
  found on step  947
  this is also current point
  no. of rejections          225
 stored as   -48

 highest radius point found:
  at point    2.293   0.023  -9.826
  closest atom surface    8.196   N2  95  X    0
  2nd closest surface     8.196   C2  95  X    0
  found on step  982
  this is also current point
  no. of rejections          121
 stored as   -49

 highest radius point found:
  at point    2.336   0.031 -10.026
  closest atom surface    8.389   C12 95  X    0
  2nd closest surface     8.389   N2  95  X    0
  found on step  557
 current point:
  at point    2.340   0.032 -10.026
  closest atom surface    8.389   N2  95  X    0
  2nd closest surface     8.390   C12 95  X    0
  found on step  979
  no. of rejections          209
 stored as   -50

 highest radius point found:
  at point    2.389   0.028 -10.226
  closest atom surface    8.582   N2  95  X    0
  2nd closest surface     8.584   C2  95  X    0
  found on step  888
 current point:
  at point    2.392   0.022 -10.226
  closest atom surface    8.582   N2  95  X    0
  2nd closest surface     8.582   C2  95  X    0
  found on step  988
  no. of rejections          226
 stored as   -51

 highest radius point found:
  at point    2.433   0.032 -10.426
  closest atom surface    8.777   N2  95  X    0
  2nd closest surface     8.777   C12 95  X    0
  found on step  961
  this is also current point
  no. of rejections          205
 stored as   -52

 highest radius point found:
  at point    2.493   0.043 -10.626
  closest atom surface    8.970   N2  95  X    0
  2nd closest surface     8.970   C5  95  X    0
  found on step  941
  this is also current point
  no. of rejections          177
 stored as   -53

 highest radius point found:
  at point    2.513   0.033 -10.826
  closest atom surface    9.163   C12 95  X    0
  2nd closest surface     9.163   C5  95  X    0
  found on step  943
  this is also current point
  no. of rejections          238
 stored as   -54

 highest radius point found:
  at point    2.553   0.037 -11.026
  closest atom surface    9.354   C5  95  X    0
  2nd closest surface     9.355   C12 95  X    0
  found on step  947
  this is also current point
  no. of rejections          217
 stored as   -55

 highest radius point found:
  at point    2.579   0.031 -11.226
  closest atom surface    9.547   C2  95  X    0
  2nd closest surface     9.547   C5  95  X    0
  found on step  948
  this is also current point
  no. of rejections          168
 stored as   -56

 highest radius point found:
  at point    2.631   0.050 -11.426
  closest atom surface    9.739   C5  95  X    0
  2nd closest surface     9.739   C12 95  X    0
  found on step  997
  this is also current point
  no. of rejections          234
 stored as   -57

 highest radius point found:
  at point    2.657   0.043 -11.626
  closest atom surface    9.932   C5  95  X    0
  2nd closest surface     9.932   C12 95  X    0
  found on step  982
  this is also current point
  no. of rejections          175
 stored as   -58

 highest radius point found:
  at point    2.731   0.077 -11.826
  closest atom surface   10.124   C5  95  X    0
  2nd closest surface    10.126   C12 95  X    0
  found on step  982
  this is also current point
  no. of rejections          166
 stored as   -59

 highest radius point found:
  at point    2.738   0.055 -12.026
  closest atom surface   10.319   C5  95  X    0
  2nd closest surface    10.320   C12 95  X    0
  found on step  993
  this is also current point
  no. of rejections          174
 stored as   -60

 highest radius point found:
  at point    2.759   0.046 -12.226
  closest atom surface   10.513   C5  95  X    0
  2nd closest surface    10.513   C12 95  X    0
  found on step  976
  this is also current point
  no. of rejections          223
 stored as   -61

 highest radius point found:
  at point    2.802   0.046 -12.426
  closest atom surface   10.707   C5  95  X    0
  2nd closest surface    10.710   C12 95  X    0
  found on step    2
 current point:
  at point    3.905   0.125 -12.426
  closest atom surface   10.644   C9  95  X    0
  2nd closest surface    10.645   C5  95  X    0
  found on step  972
  no. of rejections          114
 stored as   -62

 highest radius point found:
  at point    2.819   0.041 -12.626
  closest atom surface   10.902   C12 95  X    0
  2nd closest surface    10.902   C5  95  X    0
  found on step  999
  this is also current point
  no. of rejections          196
 stored as   -63

 highest radius point found:
  at point    2.863   0.050 -12.826
  closest atom surface   11.097   C5  95  X    0
  2nd closest surface    11.097   C12 95  X    0
  found on step  959
  this is also current point
  no. of rejections          183
 stored as   -64

 highest radius point found:
  at point    2.895   0.050 -13.026
  closest atom surface   11.292   C12 95  X    0
  2nd closest surface    11.292   C5  95  X    0
  found on step  983
  this is also current point
  no. of rejections          158
 stored as   -65

 highest radius point found:
  at point    2.953   0.072 -13.226
  closest atom surface   11.487   C5  95  X    0
  2nd closest surface    11.487   C12 95  X    0
  found on step  811
 current point:
  at point    2.950   0.067 -13.226
  closest atom surface   11.487   C5  95  X    0
  2nd closest surface    11.488   C12 95  X    0
  found on step  980
  no. of rejections          215
 stored as   -66

 highest radius point found:
  at point    2.947   0.037 -13.426
  closest atom surface   11.683   C12 95  X    0
  2nd closest surface    11.683   C2  95  X    0
  found on step  941
  this is also current point
  no. of rejections          216
 stored as   -67

 highest radius point found:
  at point    3.061   0.110 -13.626
  closest atom surface   11.878   C5  95  X    0
  2nd closest surface    11.879   C12 95  X    0
  found on step  563
 current point:
  at point    3.263   0.124 -13.626
  closest atom surface   11.865   C9  95  X    0
  2nd closest surface    11.865   C5  95  X    0
  found on step  992
  no. of rejections          139
 stored as   -68

 highest radius point found:
  at point    3.085   0.102 -13.826
  closest atom surface   12.074   C5  95  X    0
  2nd closest surface    12.074   C12 95  X    0
  found on step  997
  this is also current point
  no. of rejections          175
 stored as   -69

 highest radius point found:
  at point    3.137   0.120 -14.026
  closest atom surface   12.271   C5  95  X    0
  2nd closest surface    12.271   C12 95  X    0
  found on step  992
  this is also current point
  no. of rejections          173
 stored as   -70

 highest radius point found:
  at point    3.161   0.111 -14.226
  closest atom surface   12.467   C5  95  X    0
  2nd closest surface    12.467   C12 95  X    0
  found on step  977
  this is also current point
  no. of rejections          139
 stored as   -71

 highest radius point found:
  at point    3.195   0.113 -14.426
  closest atom surface   12.664   C12 95  X    0
  2nd closest surface    12.664   C5  95  X    0
  found on step  993
  this is also current point
  no. of rejections          223
 stored as   -72

 highest radius point found:
  at point    3.246   0.129 -14.626
  closest atom surface   12.861   C9  95  X    0
  2nd closest surface    12.861   C5  95  X    0
  found on step  989
  this is also current point
  no. of rejections          191
 stored as   -73

 highest radius point found:
  at point    3.279   0.128 -14.826
  closest atom surface   13.058   C5  95  X    0
  2nd closest surface    13.058   C12 95  X    0
  found on step  998
  this is also current point
  no. of rejections          136
 stored as   -74

 highest radius point found:
  at point    3.305   0.123 -15.026
  closest atom surface   13.255   C12 95  X    0
  2nd closest surface    13.255   C5  95  X    0
  found on step  960
  this is also current point
  no. of rejections          204
 stored as   -75

 highest radius point found:
  at point    3.335   0.117 -15.226
  closest atom surface   13.452   C5  95  X    0
  2nd closest surface    13.453   C12 95  X    0
  found on step  974
  this is also current point
  no. of rejections          163
 stored as   -76

 highest radius point found:
  at point    3.389   0.138 -15.426
  closest atom surface   13.650   C9  95  X    0
  2nd closest surface    13.650   C5  95  X    0
  found on step  994
  this is also current point
  no. of rejections          176
 stored as   -77

 highest radius point found:
  at point    3.434   0.145 -15.626
  closest atom surface   13.847   C9  95  X    0
  2nd closest surface    13.847   C5  95  X    0
  found on step  992
  this is also current point
  no. of rejections          164
 stored as   -78

 highest radius point found:
  at point    3.463   0.143 -15.826
  closest atom surface   14.045   C9  95  X    0
  2nd closest surface    14.045   C5  95  X    0
  found on step  719
 current point:
  at point    3.457   0.143 -15.826
  closest atom surface   14.045   C12 95  X    0
  2nd closest surface    14.045   C9  95  X    0
  found on step  976
  no. of rejections          162
 stored as   -79

 highest radius point found:
  at point    3.490   0.140 -16.026
  closest atom surface   14.243   C5  95  X    0
  2nd closest surface    14.243   C12 95  X    0
  found on step  946
  this is also current point
  no. of rejections          162
 stored as   -80

 highest radius point found:
  at point    3.528   0.143 -16.226
  closest atom surface   14.441   C5  95  X    0
  2nd closest surface    14.441   C9  95  X    0
  found on step  999
  this is also current point
  no. of rejections          177
 stored as   -81

 highest radius point found:
  at point    3.581   0.145 -16.426
  closest atom surface   14.638   C5  95  X    0
  2nd closest surface    14.639   C9  95  X    0
  found on step   14
 current point:
  at point    3.727   0.141 -16.426
  closest atom surface   14.634   C5  95  X    0
  2nd closest surface    14.635   C9  95  X    0
  found on step  999
  no. of rejections          132
 stored as   -82

 highest radius point found:
  at point    3.603   0.153 -16.626
  closest atom surface   14.837   C9  95  X    0
  2nd closest surface    14.837   C5  95  X    0
  found on step  977
  this is also current point
  no. of rejections          163
 stored as   -83

 highest radius point found:
  at point    3.638   0.155 -16.826
  closest atom surface   15.036   C9  95  X    0
  2nd closest surface    15.036   C5  95  X    0
  found on step  962
  this is also current point
  no. of rejections          150
 stored as   -84

 highest radius point found:
  at point    3.676   0.159 -17.026
  closest atom surface   15.234   C9  95  X    0
  2nd closest surface    15.234   C5  95  X    0
  found on step  180
 current point:
  at point    3.686   0.155 -17.026
  closest atom surface   15.234   C5  95  X    0
  2nd closest surface    15.234   C9  95  X    0
  found on step  983
  no. of rejections          131
 stored as   -85

 highest radius point found:
  at point    3.705   0.157 -17.226
  closest atom surface   15.433   C12 95  X    0
  2nd closest surface    15.433   C5  95  X    0
  found on step  998
  this is also current point
  no. of rejections          175
 stored as   -86

 highest radius point found:
  at point    3.746   0.161 -17.426
  closest atom surface   15.631   C9  95  X    0
  2nd closest surface    15.632   C5  95  X    0
  found on step  997
  this is also current point
  no. of rejections          155
 stored as   -87

 highest radius point found:
  at point    3.777   0.160 -17.626
  closest atom surface   15.830   C5  95  X    0
  2nd closest surface    15.831   C9  95  X    0
  found on step  543
 current point:
  at point    3.779   0.160 -17.626
  closest atom surface   15.830   C5  95  X    0
  2nd closest surface    15.830   C9  95  X    0
  found on step  993
  no. of rejections          132
 stored as   -88

 highest radius point found:
  at point    3.813   0.163 -17.826
  closest atom surface   16.029   C5  95  X    0
  2nd closest surface    16.029   C9  95  X    0
  found on step  992
  this is also current point
  no. of rejections          184
 stored as   -89

 highest radius point found:
  at point    3.857   0.178 -18.026
  closest atom surface   16.225   C6  95  X    0
  2nd closest surface    16.225   C7  95  X    0
  found on step   56
 current point:
  at point    3.794   0.103 -18.026
  closest atom surface   16.225   C5  95  X    0
  2nd closest surface    16.226   C6  95  X    0
  found on step  992
  no. of rejections          153
 stored as   -90

 highest radius point found:
  at point    3.792   0.085 -18.226
  closest atom surface   16.423   C5  95  X    0
  2nd closest surface    16.423   C6  95  X    0
  found on step  954
  this is also current point
  no. of rejections          176
 stored as   -91

 highest radius point found:
  at point    3.863   0.143 -18.426
  closest atom surface   16.619   C6  95  X    0
  2nd closest surface    16.620   C12 95  X    0
  found on step  990
  this is also current point
  no. of rejections          109
 stored as   -92

 highest radius point found:
  at point    3.808   0.047 -18.626
  closest atom surface   16.817   C6  95  X    0
  2nd closest surface    16.817   C2  95  X    0
  found on step  966
  this is also current point
  no. of rejections          156
 stored as   -93

 highest radius point found:
  at point    3.837   0.059 -18.826
  closest atom surface   17.013   C6  95  X    0
  2nd closest surface    17.014   C12 95  X    0
  found on step  963
  this is also current point
  no. of rejections          175
 stored as   -94

 highest radius point found:
  at point    3.851   0.053 -19.026
  closest atom surface   17.210   C12 95  X    0
  2nd closest surface    17.211   C6  95  X    0
  found on step  921
  this is also current point
  no. of rejections          209
 stored as   -95

 highest radius point found:
  at point    3.911   0.093 -19.226
  closest atom surface   17.407   C6  95  X    0
  2nd closest surface    17.408   C12 95  X    0
  found on step  707
 current point:
  at point    3.953   0.160 -19.226
  closest atom surface   17.404   C7  95  X    0
  2nd closest surface    17.405   C12 95  X    0
  found on step  981
  no. of rejections          164
 stored as   -96

 highest radius point found:
  at point    3.934   0.099 -19.426
  closest atom surface   17.604   C6  95  X    0
  2nd closest surface    17.604   C12 95  X    0
  found on step  926
  this is also current point
  no. of rejections          199
 stored as   -97

 highest radius point found:
  at point    3.922   0.056 -19.626
  closest atom surface   17.801   C6  95  X    0
  2nd closest surface    17.802   C12 95  X    0
  found on step  933
  this is also current point
  no. of rejections          180
 stored as   -98

 highest radius point found:
  at point    3.962   0.079 -19.826
  closest atom surface   17.999   C6  95  X    0
  2nd closest surface    17.999   C7  95  X    0
  found on step   84
 current point:
  at point    3.969   0.084 -19.826
  closest atom surface   17.998   C7  95  X    0
  2nd closest surface    17.998   C6  95  X    0
  found on step  995
  no. of rejections          205
 stored as   -99

 highest radius point found:
  at point    3.971   0.060 -20.026
  closest atom surface   18.196   C6  95  X    0
  2nd closest surface    18.196   C7  95  X    0
  found on step  988
  this is also current point
  no. of rejections          191
 stored as  -100

 highest radius point found:
  at point    3.984   0.053 -20.226
  closest atom surface   18.393   C6  95  X    0
  2nd closest surface    18.393   C12 95  X    0
  found on step  989
  this is also current point
  no. of rejections          185
 stored as  -101

 highest radius point found:
  at point    4.005   0.048 -20.426
  closest atom surface   18.590   C7  95  X    0
  2nd closest surface    18.590   C2  95  X    0
  found on step  683
 current point:
  at point    4.010   0.065 -20.426
  closest atom surface   18.590   C12 95  X    0
  2nd closest surface    18.590   C7  95  X    0
  found on step  993
  no. of rejections          158
 stored as  -102

 highest radius point found:
  at point    7.899  -2.457 -20.626
  closest atom surface   18.876   C6  95  X    0
  2nd closest surface    18.892   C7  95  X    0
  found on step  999
  this is also current point
  no. of rejections           71
 stored as  -103

 highest radius point found:
  at point   11.909  -4.299 -20.826
  closest atom surface   20.075   C7  95  X    0
  2nd closest surface    20.085   C6  95  X    0
  found on step 1000
  this is also current point
  no. of rejections          124
 stored as  -104

 highest radius point found:
  at point   16.571  -9.783 -21.026
  closest atom surface   23.357   C6  95  X    0
  2nd closest surface    23.484   C7  95  X    0
  found on step 1000
  this is also current point
  no. of rejections          176
 This is an end! (radius above  22.0 angs)
 
 N.b. Graph information routine (HOGRAP) differs 
        markedly from previous versions!
       Information now is written from -ve end
       to +ve in one pass
 
 Explanation of the meaning of each column: 
 First column "cenxyz.cvec" is the coordinate in the
   direction of the channel vector i.e. if the channel
   vector is in z (0 0 1) then it is the z coordinate.
 The second column "radius" is the hole pore radius 
   (as defined in the Biophys J 1993) article).
 The third column "cen_line_D" is the distance 
   measured along the pore centre line - with the 
   first point found set to zero. This was the first
   thing that I used to measure the distance along a pore
   but "cenxyz.cvec" is a much better general measure. 
   However, by comparing changes in this distance to changes in '   "cenxyz.cvec" one can get a measure of how straight a 
   channel is.
 The fourth column "sum{s/(area)}" is useful in conductance
   prediction -
   basically it is the sum of the thickness of each slab
   divided by its area. HOLE uses this measure to estimate
   the macroscopic conductance of a channel.
 If any of this worries you one can see the "raw" results
   of a standard hole run by producing a sphpdb file and 
    directly looking at the results.
 cenxyz.cvec      radius  cen_line_D sum{s/(area point sourc
   -20.82575    20.07546   -31.63963     0.00008   (sampled)
   -20.72575    19.37438   -29.43111     0.00016 (mid-point)
   -20.62575    18.87630   -27.22259     0.00025   (sampled)
   -20.52575    18.60309   -24.90534     0.00035 (mid-point)
   -20.42575    18.59025   -22.58808     0.00044   (sampled)
   -20.32575    18.49197   -22.48751     0.00053 (mid-point)
   -20.22575    18.39337   -22.38694     0.00062   (sampled)
   -20.12575    18.29456   -22.28666     0.00072 (mid-point)
   -20.02575    18.19576   -22.18638     0.00082   (sampled)
   -19.92575    18.09715   -22.08584     0.00091 (mid-point)
   -19.82575    17.99856   -21.98531     0.00101   (sampled)
   -19.72575    17.89999   -21.88267     0.00111 (mid-point)
   -19.62575    17.80147   -21.78002     0.00121   (sampled)
   -19.52575    17.70279   -21.67761     0.00131 (mid-point)
   -19.42575    17.60415   -21.57521     0.00142   (sampled)
   -19.32575    17.50548   -21.47450     0.00152 (mid-point)
   -19.22575    17.40683   -21.37378     0.00162   (sampled)
   -19.12575    17.30866   -21.26750     0.00173 (mid-point)
   -19.02575    17.21035   -21.16121     0.00184   (sampled)
   -18.92575    17.11200   -21.06091     0.00195 (mid-point)
   -18.82575    17.01344   -20.96061     0.00206   (sampled)
   -18.72575    16.91502   -20.85938     0.00217 (mid-point)
   -18.62575    16.81663   -20.75816     0.00228   (sampled)
   -18.52575    16.71784   -20.64397     0.00239 (mid-point)
   -18.42575    16.61924   -20.52978     0.00251   (sampled)
   -18.32575    16.52114   -20.41982     0.00263 (mid-point)
   -18.22575    16.42317   -20.30987     0.00274   (sampled)
   -18.12575    16.32399   -20.19486     0.00286 (mid-point)
   -18.02575    16.22498   -20.07985     0.00298   (sampled)
   -17.92575    16.12719   -19.97716     0.00311 (mid-point)
   -17.82575    16.02918   -19.87447     0.00323   (sampled)
   -17.72575    15.92970   -19.77284     0.00336 (mid-point)
   -17.62575    15.83023   -19.67122     0.00348   (sampled)
   -17.52575    15.73087   -19.57005     0.00361 (mid-point)
   -17.42575    15.63144   -19.46889     0.00374   (sampled)
   -17.32575    15.53216   -19.36681     0.00387 (mid-point)
   -17.22575    15.43275   -19.26473     0.00401   (sampled)
   -17.12575    15.33341   -19.16369     0.00414 (mid-point)
   -17.02575    15.23392   -19.06265     0.00428   (sampled)
   -16.92575    15.13476   -18.96077     0.00442 (mid-point)
   -16.82575    15.03564   -18.85888     0.00456   (sampled)
   -16.72575    14.93640   -18.75740     0.00470 (mid-point)
   -16.62575    14.83720   -18.65591     0.00485   (sampled)
   -16.52575    14.73785   -18.55522     0.00499 (mid-point)
   -16.42575    14.63826   -18.45454     0.00514   (sampled)
   -16.32575    14.53948   -18.35112     0.00529 (mid-point)
   -16.22575    14.44075   -18.24770     0.00545   (sampled)
   -16.12575    14.34173   -18.14586     0.00560 (mid-point)
   -16.02575    14.24274   -18.04401     0.00576   (sampled)
   -15.92575    14.14382   -17.94313     0.00592 (mid-point)
   -15.82575    14.04482   -17.84224     0.00608   (sampled)
   -15.72575    13.94568   -17.74116     0.00624 (mid-point)
   -15.62575    13.84656   -17.64007     0.00641   (sampled)
   -15.52575    13.74806   -17.53755     0.00658 (mid-point)
   -15.42575    13.64961   -17.43503     0.00675   (sampled)
   -15.32575    13.55056   -17.33091     0.00692 (mid-point)
   -15.22575    13.45155   -17.22680     0.00710   (sampled)
   -15.12575    13.35309   -17.12558     0.00727 (mid-point)
   -15.02575    13.25458   -17.02436     0.00746   (sampled)
   -14.92575    13.15610   -16.92349     0.00764 (mid-point)
   -14.82575    13.05755   -16.82262     0.00783   (sampled)
   -14.72575    12.95911   -16.72132     0.00802 (mid-point)
   -14.62575    12.86070   -16.62002     0.00821   (sampled)
   -14.52575    12.76216   -16.51654     0.00840 (mid-point)
   -14.42575    12.66367   -16.41306     0.00860   (sampled)
   -14.32575    12.56529   -16.31157     0.00880 (mid-point)
   -14.22575    12.46696   -16.21009     0.00901   (sampled)
   -14.12575    12.36877   -16.10930     0.00922 (mid-point)
   -14.02575    12.27062   -16.00851     0.00943   (sampled)
   -13.92575    12.17242   -15.90475     0.00964 (mid-point)
   -13.82575    12.07431   -15.80099     0.00986   (sampled)
   -13.72575    11.97624   -15.70020     0.01008 (mid-point)
   -13.62575    11.87821   -15.59941     0.01031   (sampled)
   -13.52575    11.78035   -15.47875     0.01054 (mid-point)
   -13.42575    11.68277   -15.35808     0.01077   (sampled)
   -13.32575    11.58487   -15.25653     0.01101 (mid-point)
   -13.22575    11.48694   -15.15498     0.01125   (sampled)
   -13.12575    11.38939   -15.05027     0.01150 (mid-point)
   -13.02575    11.29194   -14.94555     0.01174   (sampled)
   -12.92575    11.19434   -14.84429     0.01200 (mid-point)
   -12.82575    11.09679   -14.74303     0.01226   (sampled)
   -12.72575    10.99953   -14.64051     0.01252 (mid-point)
   -12.62575    10.90218   -14.53800     0.01279   (sampled)
   -12.52575    10.80443   -14.43763     0.01306 (mid-point)
   -12.42575    10.70655   -14.33725     0.01334   (sampled)
   -12.32575    10.60991   -14.23493     0.01362 (mid-point)
   -12.22575    10.51336   -14.13262     0.01391   (sampled)
   -12.12575    10.41607   -14.03196     0.01420 (mid-point)
   -12.02575    10.31884   -13.93131     0.01450   (sampled)
   -11.92575    10.22144   -13.83068     0.01481 (mid-point)
   -11.82575    10.12410   -13.73004     0.01512   (sampled)
   -11.72575    10.02810   -13.62206     0.01543 (mid-point)
   -11.62575     9.93230   -13.51408     0.01576   (sampled)
   -11.52575     9.83560   -13.41319     0.01609 (mid-point)
   -11.42575     9.73896   -13.31230     0.01642   (sampled)
   -11.32575     9.64281   -13.20860     0.01676 (mid-point)
   -11.22575     9.54679   -13.10491     0.01711   (sampled)
   -11.12575     9.45044   -13.00399     0.01747 (mid-point)
   -11.02575     9.35416   -12.90306     0.01783   (sampled)
   -10.92575     9.25837   -12.80109     0.01820 (mid-point)
   -10.82575     9.16257   -12.69912     0.01858   (sampled)
   -10.72575     9.06639   -12.59850     0.01897 (mid-point)
   -10.62575     8.97011   -12.49788     0.01937   (sampled)
   -10.52575     8.87335   -12.39333     0.01977 (mid-point)
   -10.42575     8.77674   -12.28877     0.02018   (sampled)
   -10.32575     8.67948   -12.18632     0.02061 (mid-point)
   -10.22575     8.58232   -12.08388     0.02104   (sampled)
   -10.12575     8.48571   -11.98048     0.02148 (mid-point)
   -10.02575     8.38889   -11.87709     0.02193   (sampled)
    -9.92575     8.29235   -11.77471     0.02240 (mid-point)
    -9.82575     8.19558   -11.67234     0.02287   (sampled)
    -9.72575     8.09892   -11.56977     0.02335 (mid-point)
    -9.62575     8.00238   -11.46720     0.02385   (sampled)
    -9.52575     7.90675   -11.36331     0.02436 (mid-point)
    -9.42575     7.81118   -11.25942     0.02488   (sampled)
    -9.32575     7.71561   -11.15640     0.02542 (mid-point)
    -9.22575     7.62006   -11.05337     0.02597   (sampled)
    -9.12575     7.52441   -10.95078     0.02653 (mid-point)
    -9.02575     7.42891   -10.84819     0.02710   (sampled)
    -8.92575     7.33364   -10.74545     0.02770 (mid-point)
    -8.82575     7.23854   -10.64272     0.02830   (sampled)
    -8.72575     7.14377   -10.53954     0.02893 (mid-point)
    -8.62575     7.04920   -10.43636     0.02957   (sampled)
    -8.52575     6.95444   -10.33423     0.03023 (mid-point)
    -8.42575     6.85954   -10.23210     0.03090   (sampled)
    -8.32575     6.76607   -10.12833     0.03160 (mid-point)
    -8.22575     6.67284   -10.02457     0.03231   (sampled)
    -8.12575     6.57885    -9.92212     0.03305 (mid-point)
    -8.02575     6.48505    -9.81967     0.03380   (sampled)
    -7.92575     6.39201    -9.71628     0.03458 (mid-point)
    -7.82575     6.29917    -9.61290     0.03539   (sampled)
    -7.72575     6.20571    -9.50947     0.03621 (mid-point)
    -7.62575     6.11251    -9.40604     0.03706   (sampled)
    -7.52575     6.02040    -9.30331     0.03794 (mid-point)
    -7.42575     5.92855    -9.20059     0.03885   (sampled)
    -7.32575     5.83755    -9.09849     0.03978 (mid-point)
    -7.22575     5.74660    -8.99640     0.04075   (sampled)
    -7.12575     5.65479    -8.89417     0.04174 (mid-point)
    -7.02575     5.56313    -8.79194     0.04277   (sampled)
    -6.92575     5.47109    -8.69038     0.04383 (mid-point)
    -6.82575     5.37916    -8.58882     0.04493   (sampled)
    -6.72575     5.28667    -8.48778     0.04607 (mid-point)
    -6.62575     5.19442    -8.38674     0.04725   (sampled)
    -6.52575     5.10286    -8.28545     0.04848 (mid-point)
    -6.42575     5.01158    -8.18415     0.04974   (sampled)
    -6.32575     4.92042    -8.08296     0.05106 (mid-point)
    -6.22575     4.82954    -7.98177     0.05242   (sampled)
    -6.12575     4.73986    -7.87975     0.05384 (mid-point)
    -6.02575     4.64921    -7.77773     0.05531   (sampled)
    -5.92575     4.56048    -7.67696     0.05684 (mid-point)
    -5.82575     4.47017    -7.57618     0.05843   (sampled)
    -5.72575     4.38169    -7.47465     0.06009 (mid-point)
    -5.62575     4.29362    -7.37312     0.06182   (sampled)
    -5.52575     4.20571    -7.27170     0.06362 (mid-point)
    -5.42575     4.11791    -7.17029     0.06550   (sampled)
    -5.32575     4.03094    -7.06902     0.06746 (mid-point)
    -5.22575     3.94410    -6.96774     0.06950   (sampled)
    -5.12575     3.85742    -6.86470     0.07164 (mid-point)
    -5.02575     3.76874    -6.76166     0.07388   (sampled)
    -4.92575     3.68762    -6.66110     0.07622 (mid-point)
    -4.82575     3.60406    -6.56053     0.07867   (sampled)
    -4.72575     3.52094    -6.45886     0.08124 (mid-point)
    -4.62575     3.43842    -6.35720     0.08393   (sampled)
    -4.52575     3.35608    -6.25514     0.08676 (mid-point)
    -4.42575     3.27432    -6.15309     0.08973   (sampled)
    -4.32575     3.19392    -6.05155     0.09285 (mid-point)
    -4.22575     3.11446    -5.95000     0.09613   (sampled)
    -4.12575     3.03645    -5.84850     0.09958 (mid-point)
    -4.02575     2.95872    -5.74700     0.10322   (sampled)
    -3.92575     2.88179    -5.64482     0.10705 (mid-point)
    -3.82575     2.80604    -5.54263     0.11109   (sampled)
    -3.72575     2.73250    -5.44117     0.11536 (mid-point)
    -3.62575     2.65958    -5.33972     0.11986   (sampled)
    -3.52575     2.58793    -5.23780     0.12461 (mid-point)
    -3.42575     2.51728    -5.13589     0.12963   (sampled)
    -3.32575     2.44937    -5.03315     0.13494 (mid-point)
    -3.22575     2.38137    -4.93041     0.14055   (sampled)
    -3.12575     2.31494    -4.82832     0.14649 (mid-point)
    -3.02575     2.25037    -4.72622     0.15278   (sampled)
    -2.92575     2.19019    -4.62387     0.15941 (mid-point)
    -2.82575     2.13148    -4.52152     0.16642   (sampled)
    -2.72575     2.07364    -4.41880     0.17382 (mid-point)
    -2.62575     2.01711    -4.31608     0.18165   (sampled)
    -2.52575     1.95909    -4.20729     0.18994 (mid-point)
    -2.42575     1.90339    -4.09850     0.19872   (sampled)
    -2.32575     1.76441    -3.38568     0.20895 (mid-point)
    -2.22575     1.80419    -2.67286     0.21873   (sampled)
    -2.12575     1.75654    -2.56065     0.22904 (mid-point)
    -2.02575     1.71236    -2.44844     0.23990   (sampled)
    -1.92575     1.67189    -2.33271     0.25129 (mid-point)
    -1.82575     1.63589    -2.21698     0.26318   (sampled)
    -1.72575     1.60493    -2.10187     0.27554 (mid-point)
    -1.62575     1.57611    -1.98675     0.28835   (sampled)
    -1.52575     1.55074    -1.84146     0.30159 (mid-point)
    -1.42575     1.53247    -1.69616     0.31514   (sampled)
    -1.32575     1.51773    -1.58324     0.32896 (mid-point)
    -1.22575     1.49933    -1.47032     0.34312   (sampled)
    -1.12575     1.44750    -1.36060     0.35832 (mid-point)
    -1.02575     1.39903    -1.25087     0.37458   (sampled)
    -0.92575     1.34977    -1.10974     0.39205 (mid-point)
    -0.82575     1.30810    -0.96861     0.41065   (sampled)
    -0.72575     1.26660    -0.83304     0.43049 (mid-point)
    -0.62575     1.23257    -0.69747     0.45145   (sampled)
    -0.52575     1.19888    -0.57030     0.47359 (mid-point)
    -0.42575     1.17149    -0.44314     0.49679   (sampled)
    -0.32575     1.14811    -0.34310     0.52093 (mid-point)
    -0.22575     1.12917    -0.24305     0.54590   (sampled)
    -0.12575     1.11343    -0.12153     0.57157 (mid-point)
    -0.02575     1.10437    -0.00000     0.59767   (sampled)
     0.07425     1.09826     0.11827     0.62406 (mid-point)
     0.17425     1.09859     0.23654     0.65044   (sampled)
     0.27425     1.10287     0.33669     0.67661 (mid-point)
     0.37425     1.11189     0.43684     0.70235   (sampled)
     0.47425     1.12582     0.53690     0.72747 (mid-point)
     0.57425     1.14429     0.63695     0.75178   (sampled)
     0.67425     1.16681     0.73772     0.77516 (mid-point)
     0.77425     1.19368     0.83850     0.79750   (sampled)
     0.87425     1.22509     0.93856     0.81871 (mid-point)
     0.97425     1.26042     1.03861     0.83874   (sampled)
     1.07425     1.29935     1.13862     0.85760 (mid-point)
     1.17425     1.34191     1.23862     0.87527   (sampled)
     1.27425     1.38811     1.33922     0.89179 (mid-point)
     1.37425     1.43759     1.43982     0.90719   (sampled)
     1.47425     1.48980     1.53989     0.92154 (mid-point)
     1.57425     1.54487     1.63996     0.93487   (sampled)
     1.67425     1.60071     1.74002     0.94730 (mid-point)
     1.77425     1.65897     1.84007     0.95886   (sampled)
     1.87425     1.71848     1.94009     0.96964 (mid-point)
     1.97425     1.78014     2.04011     0.97969   (sampled)
     2.07425     1.84407     2.14012     0.98905 (mid-point)
     2.17425     1.90312     2.24014     0.99783   (sampled)
     2.27425     1.95969     2.34094     1.00612 (mid-point)
     2.37425     2.01810     2.44175     1.01394   (sampled)
     2.47425     2.07841     2.54409     1.02131 (mid-point)
     2.57425     2.14025     2.64643     1.02826   (sampled)
     2.67425     2.20362     2.74654     1.03481 (mid-point)
     2.77425     2.26847     2.84665     1.04100   (sampled)
     2.87425     2.33497     2.94690     1.04683 (mid-point)
     2.97425     2.40262     3.04715     1.05235   (sampled)
     3.07425     2.47152     3.14724     1.05756 (mid-point)
     3.17425     2.54154     3.24733     1.06249   (sampled)
     3.27425     2.61291     3.34750     1.06715 (mid-point)
     3.37425     2.68540     3.44767     1.07156   (sampled)
     3.47425     2.75866     3.54773     1.07575 (mid-point)
     3.57425     2.83288     3.64778     1.07971   (sampled)
     3.67425     2.90846     3.74779     1.08348 (mid-point)
     3.77425     2.98486     3.84780     1.08705   (sampled)
     3.87425     3.06203     3.94785     1.09044 (mid-point)
     3.97425     3.14003     4.04789     1.09367   (sampled)
     4.07425     3.21863     4.14795     1.09674 (mid-point)
     4.17425     3.29800     4.24800     1.09967   (sampled)
     4.27425     3.37835     4.34826     1.10246 (mid-point)
     4.37425     3.45940     4.44852     1.10512   (sampled)
     4.47425     3.54101     4.54914     1.10766 (mid-point)
     4.57425     3.62328     4.64977     1.11008   (sampled)
     4.67425     3.70605     4.75026     1.11240 (mid-point)
     4.77425     3.78939     4.85076     1.11462   (sampled)
     4.87425     3.87346     4.95098     1.11674 (mid-point)
     4.97425     3.95806     5.05121     1.11877   (sampled)
     5.07425     4.04286     5.15122     1.12072 (mid-point)
     5.17425     4.12813     5.25122     1.12259   (sampled)
     5.27425     4.21428     5.35142     1.12438 (mid-point)
     5.37425     4.30031     5.45162     1.12610   (sampled)
     5.47425     4.38727     5.55162     1.12775 (mid-point)
     5.57425     4.47419     5.65162     1.12934   (sampled)
     5.67425     4.56179     5.75169     1.13087 (mid-point)
     5.77425     4.64976     5.85176     1.13235   (sampled)
     5.87425     4.73785     5.95345     1.13376 (mid-point)
     5.97425     4.82630     6.05513     1.13513   (sampled)
     6.07425     4.91517     6.15521     1.13645 (mid-point)
     6.17425     5.00435     6.25528     1.13772   (sampled)
     6.27425     5.09386     6.35744     1.13895 (mid-point)
     6.37425     5.18372     6.45960     1.14013   (sampled)
     6.47425     5.27390     6.55974     1.14127 (mid-point)
     6.57425     5.36435     6.65988     1.14238   (sampled)
     6.67425     5.45475     6.75988     1.14345 (mid-point)
     6.77425     5.54536     6.85988     1.14449   (sampled)
     6.87425     5.63670     6.95990     1.14549 (mid-point)
     6.97425     5.72785     7.05992     1.14646   (sampled)
     7.07425     5.81955     7.15992     1.14740 (mid-point)
     7.17425     5.91108     7.25992     1.14831   (sampled)
     7.27425     6.00303     7.36011     1.14919 (mid-point)
     7.37425     6.09481     7.46031     1.15005   (sampled)
     7.47425     6.18731     7.56031     1.15088 (mid-point)
     7.57425     6.27999     7.66031     1.15169   (sampled)
     7.67425     6.37266     7.76034     1.15247 (mid-point)
     7.77425     6.46550     7.86037     1.15323   (sampled)
     7.87425     6.55854     7.96063     1.15397 (mid-point)
     7.97425     6.65148     8.06089     1.15469   (sampled)
     8.07425     6.74509     8.16127     1.15539 (mid-point)
     8.17425     6.83831     8.26165     1.15607   (sampled)
     8.27425     6.93210     8.36165     1.15673 (mid-point)
     8.37425     7.02575     8.46165     1.15738   (sampled)
     8.47425     7.11968     8.56189     1.15801 (mid-point)
     8.57425     7.21372     8.66212     1.15862   (sampled)
     8.67425     7.30784     8.76239     1.15922 (mid-point)
     8.77425     7.40210     8.86267     1.15980   (sampled)
     8.87425     7.49647     8.96331     1.16036 (mid-point)
     8.97425     7.59097     9.06396     1.16092   (sampled)
     9.07425     7.68567     9.16401     1.16145 (mid-point)
     9.17425     7.78049     9.26406     1.16198   (sampled)
     9.27425     7.87518     9.36406     1.16249 (mid-point)
     9.37425     7.96997     9.46406     1.16299   (sampled)
     9.47425     8.06527     9.56444     1.16348 (mid-point)
     9.57425     8.16067     9.66482     1.16396   (sampled)
     9.67425     8.25576     9.76482     1.16443 (mid-point)
     9.77425     8.35094     9.86482     1.16488   (sampled)
     9.87425     8.44646     9.96482     1.16533 (mid-point)
     9.97425     8.54206    10.06483     1.16577   (sampled)
    10.07425     8.63745    10.16608     1.16619 (mid-point)
    10.17425     8.73294    10.26732     1.16661   (sampled)
    10.27425     8.82754    10.36751     1.16702 (mid-point)
    10.37425     8.92188    10.46771     1.16742   (sampled)
    10.47425     9.01425    10.56773     1.16781 (mid-point)
    10.57425     9.10676    10.66775     1.16820   (sampled)
    10.67425     9.19966    10.78285     1.16857 (mid-point)
    10.77425     9.29301    10.89794     1.16894   (sampled)
    10.87425     9.38613    11.00051     1.16930 (mid-point)
    10.97425     9.47942    11.10308     1.16966   (sampled)
    11.07425     9.57227    11.20308     1.17000 (mid-point)
    11.17425     9.66525    11.30308     1.17034   (sampled)
    11.27425     9.75870    11.40454     1.17068 (mid-point)
    11.37425     9.85230    11.50600     1.17101   (sampled)
    11.47425     9.94664    11.60931     1.17133 (mid-point)
    11.57425    10.04114    11.71263     1.17164   (sampled)
    11.67425    10.13514    11.81502     1.17195 (mid-point)
    11.77425    10.22929    11.91741     1.17226   (sampled)
    11.87425    10.32377    12.01843     1.17256 (mid-point)
    11.97425    10.41836    12.11946     1.17285   (sampled)
    12.07425    10.51310    12.22097     1.17314 (mid-point)
    12.17425    10.60795    12.32248     1.17342   (sampled)
    12.27425    10.70238    12.42455     1.17370 (mid-point)
    12.37425    10.79664    12.52663     1.17397   (sampled)
    12.47425    10.89237    12.62663     1.17424 (mid-point)
    12.57425    10.98697    12.72663     1.17450   (sampled)
    12.67425    11.08271    12.83202     1.17476 (mid-point)
    12.77425    11.17700    12.93741     1.17502   (sampled)
    12.87425    11.27345    13.03741     1.17527 (mid-point)
    12.97425    11.36838    13.13741     1.17551   (sampled)
    13.07425    11.46426    13.23953     1.17576 (mid-point)
    13.17425    11.55990    13.34166     1.17599   (sampled)
    13.27425    11.65578    13.44266     1.17623 (mid-point)
    13.37425    11.75167    13.54366     1.17646   (sampled)
    13.47425    11.84684    13.64366     1.17669 (mid-point)
    13.57425    11.94203    13.74366     1.17691   (sampled)
    13.67425    12.03948    13.85301     1.17713 (mid-point)
    13.77425    12.13488    13.96237     1.17734   (sampled)
    13.87425    12.23249    14.06237     1.17756 (mid-point)
    13.97425    12.32792    14.16237     1.17777   (sampled)
    14.07425    12.42446    14.26625     1.17797 (mid-point)
    14.17425    12.52057    14.37013     1.17818   (sampled)
    14.27425    12.61735    14.47018     1.17838 (mid-point)
    14.37425    12.71366    14.57023     1.17857   (sampled)
    14.47425    12.81040    14.67296     1.17877 (mid-point)
    14.57425    12.90724    14.77568     1.17896   (sampled)
    14.67425    13.00307    14.87568     1.17915 (mid-point)
    14.77425    13.09896    14.97568     1.17933   (sampled)
    14.87425    13.19729    15.08063     1.17951 (mid-point)
    14.97425    13.29572    15.18557     1.17969   (sampled)
    15.07425    13.39269    15.28656     1.17987 (mid-point)
    15.17425    13.48971    15.38755     1.18005   (sampled)
    15.27425    13.58701    15.48937     1.18022 (mid-point)
    15.37425    13.68390    15.59118     1.18039   (sampled)
    15.47425    13.78106    15.69254     1.18056 (mid-point)
    15.57425    13.87827    15.79390     1.18072   (sampled)
    15.67425    13.97566    15.89460     1.18089 (mid-point)
    15.77425    14.07279    15.99531     1.18105   (sampled)
    15.87425    14.17027    16.09744     1.18120 (mid-point)
    15.97425    14.26722    16.19958     1.18136   (sampled)
    16.07425    14.36405    16.29958     1.18152 (mid-point)
    16.17425    14.46069    16.39958     1.18167   (sampled)
    16.27425    14.55804    16.51715     1.18182 (mid-point)
    16.37425    14.65511    16.63473     1.18197   (sampled)
    16.47425    14.75250    16.73642     1.18211 (mid-point)
    16.57425    14.84995    16.83811     1.18226   (sampled)
    16.67425    14.94772    16.95005     1.18240 (mid-point)
    16.77425    15.04566    17.06199     1.18254   (sampled)
    16.87425    15.14323    17.16789     1.18268 (mid-point)
    16.97425    15.24081    17.27378     1.18282   (sampled)
    17.07425    15.33887    17.37794     1.18295 (mid-point)
    17.17425    15.43625    17.48210     1.18308   (sampled)
    17.27425    15.53458    17.58785     1.18322 (mid-point)
    17.37425    15.63300    17.69360     1.18335   (sampled)
    17.47425    15.73063    17.80042     1.18347 (mid-point)
    17.57425    15.82837    17.90724     1.18360   (sampled)
    17.67425    15.92809    18.16775     1.18373 (mid-point)
    17.77425    16.03074    18.42826     1.18385   (sampled)
    17.87425    16.12978    18.53045     1.18397 (mid-point)
    17.97425    16.22886    18.63263     1.18409   (sampled)
    18.07425    16.32789    18.73540     1.18421 (mid-point)
    18.17425    16.42696    18.83816     1.18433   (sampled)
    18.27425    16.52579    18.93896     1.18445 (mid-point)
    18.37425    16.62464    19.03976     1.18456   (sampled)
    18.47425    16.72344    19.14044     1.18468 (mid-point)
    18.57425    16.82227    19.24112     1.18479   (sampled)
    18.67425    16.92125    19.34241     1.18490 (mid-point)
    18.77425    17.02025    19.44369     1.18501   (sampled)
    18.87425    17.11893    19.54509     1.18512 (mid-point)
    18.97425    17.21761    19.64649     1.18523   (sampled)
    19.07425    17.31738    19.74654     1.18533 (mid-point)
    19.17425    17.41638    19.84660     1.18544   (sampled)
    19.27425    17.51554    19.94760     1.18554 (mid-point)
    19.37425    17.61472    20.04861     1.18564   (sampled)
    19.47425    17.71376    20.14949     1.18575 (mid-point)
    19.57425    17.81280    20.25036     1.18585   (sampled)
    19.67425    17.91195    20.35094     1.18595 (mid-point)
    19.77425    18.01111    20.45151     1.18604   (sampled)
    19.87425    18.11015    20.55300     1.18614 (mid-point)
    19.97425    18.20922    20.65449     1.18624   (sampled)
    20.07425    18.30854    20.75511     1.18633 (mid-point)
    20.17425    18.40777    20.85574     1.18643   (sampled)
    20.27425    18.50716    20.95614     1.18652 (mid-point)
    20.37425    18.60619    21.05655     1.18661   (sampled)
    20.47425    18.70526    21.15913     1.18670 (mid-point)
    20.57425    18.80399    21.26171     1.18679   (sampled)
    20.67425    18.90327    21.36231     1.18688 (mid-point)
    20.77425    19.00257    21.46292     1.18697   (sampled)
    20.87425    19.03922    23.65593     1.18706 (mid-point)
    20.97425    19.24701    25.84893     1.18714   (sampled)
    21.07425    19.61853    28.80506     1.18722 (mid-point)
    21.17425    20.38000    31.76119     1.18730   (sampled)

 Minimum radius found:      1.098 angstroms.



 For spherical probe approach, The geometric factor
         F= sum(ds/area) along channel is    1.187 angstroms**-1
 This yields a macroscopic predicted molar conductance of:
   (1/rho)*(100/F)= (84/rho) pS,
   where rho is the conductivity of 1M permeant ion in ohm m.
 N.B. this is a macroscopic conductance - an overestimate 
 Empirically corrected conductances currently only available
 With the CAPSULE option (although its not that stable!)
 For 1M KCl rho= 1/12 (ohm m), So Gmacro= 1000 pS/M.
  (TAG      1   Rmin=     1.09826   Gmacro=  1010.69521 Conn_Gmacro=    -1.00000 ).
 HOLE: normal completion
