 *** Program HOLE ***
 
 If results of this run are reported or published, please
 cite the publication listed below.
 For the HOLE program:
   Smart, O.S., Goodfellow, J.M., Wallace, B.A. (1993). 
   The pore dimensions of gramicidin A. 
   Biophys. J., 65, 2455-2460.
 
 Originally written by Oliver Smart at Birkbeck College from April 1992.
 Copyright 1993-2005 Oliver Smart
 Copyright 2014-2015 SmartSci Limited.
 Copyright 2016 Oliver Smart.
 
 For help on HOLE suite see  http://www.holeprogram.org/
 
 HOLE release 2.2.005 (07 August 2016) 
 
 usage subject to Apache License, Version 2.0 
 see http://www.apache.org/licenses/LICENSE-2.0 

 Control variables read:

! Input file for Oliver Smart's HOLE program
! written by MDAnalysis.analysis.hole2.HoleAnalysis
! for a Universe
! u = mda.Universe(host_asb23.mol2
!    host_asb23.mol2
!   )
! Frame 0

COORD  /tmp/tmpk4qbjyxi.pdb
RADIUS simple2.rad
SPHPDB hole000.sph
SAMPLE 0.200000
ENDRAD 22.000000
IGNORE SOL WAT TIP HOH K   NA  CL
SHORTO 0
RASEED 31415
CPOINT 0.0396491102 -0.0026929669 0.0143157903


 WARNING have not found a CVECT record - will try to guess
 Input pdb filename read as:    '/tmp/tmpk4qbjyxi.pdb'
 Input vdW radius file read as: 'simple2.rad'
 point in channel:    0.040  -0.003   0.014
 channel vector:   ************************
 sampling distance between planes:    0.200

 graphics conditions:
 binary plot output file name: NONE
 Dot density:    10
 Draw dots?           T
 Draw close contacts? F
 Draw centre line?    T
 Produce spikes rather than dots? F
 Seed for random number generator:     31415 (0 means value set by program)
 Radius above which a result is regarded as an 'end':  22.000
 Pdb format file for sphere centres: hole000.sph

 Monte Carlo conditions:
  no of steps:  1000
  maximum displacement   0.100 angs
  'kT' initial   0.100 angs
 The spherebox and capsule options are turned off.
 (No molqpt card so will not write qpt file of the molecule)
 IGNORE card read so will ignore residue types: SOL WAT TIP HOH K   NA  CL
 no SHORTO card read so will produce full textual output
 As no PEGRAT card was found will not produce PEG polymer exclusion graph
 (No 2DMAPS card specified so will not produce 2D property maps)
 Have not found a CUT card.  Normal calculation using
   Cutoff lists with a cutsize=       1.000
   (if you wish to turn off option use a CUT -1 card)

 Have read     7 bond radius records and
              16 vdW radius records.
 From file: simple2.rad

 Have read   114 atom records.
 From file: /tmp/tmpk4qbjyxi.pdb
 Will not produce graphical output

 Have opened file for pdb format output of sphere centres:  hole000.sph

  Seed integer used by ran # generator on this run      31415

 
 S/R cguess will try to guess CPOINT and/or CVECT
 
 THESE GUESSES MAY WELL BE WRONG!!!!
 Routine relies on having a reasonably symmetric
 channel oriented along x, y or z vector
 YOU ARE STRONGLY ADVISED TO CHECK THE RESULTS
                       WITH MOLECULAR GRAPHICS
 testing points from cpoint in X, Y then Z direction
   point                   pore radius
direction     1
  -4.960  -0.003   0.014    -1.104
  -3.960  -0.003   0.014    -0.739
  -2.960  -0.003   0.014    -0.249
  -1.960  -0.003   0.014     0.577
  -0.960  -0.003   0.014     0.730
   0.040  -0.003   0.014     0.684
   1.040  -0.003   0.014     0.747
   2.040  -0.003   0.014     0.450
   3.040  -0.003   0.014    -0.368
   4.040  -0.003   0.014    -0.834
   5.040  -0.003   0.014    -1.113
 Average pore radius along the line=     -0.111
direction     2
   0.040  -5.003   0.014    -1.325
   0.040  -4.003   0.014    -1.147
   0.040  -3.003   0.014    -1.021
   0.040  -2.003   0.014    -1.044
   0.040  -1.003   0.014    -0.234
   0.040  -0.003   0.014     0.684
   0.040   0.997   0.014    -0.276
   0.040   1.997   0.014    -1.118
   0.040   2.997   0.014    -1.079
   0.040   3.997   0.014    -1.252
   0.040   4.997   0.014    -1.179
 Average pore radius along the line=     -0.817
direction     3
   0.040  -0.003  -4.986     3.164
   0.040  -0.003  -3.986     2.374
   0.040  -0.003  -2.986     1.719
   0.040  -0.003  -1.986     1.088
   0.040  -0.003  -0.986     0.704
   0.040  -0.003   0.014     0.684
   0.040  -0.003   1.014     1.033
   0.040  -0.003   2.014     1.503
   0.040  -0.003   3.014     2.191
   0.040  -0.003   4.014     3.012
   0.040  -0.003   5.014     3.900
 Average pore radius along the line=      1.943
 Best direction is found to be     3
(1=X,2=Y,3=Z)
 s/r cguess has produced initial values for cpoint &/or cvect:
CPOINT       0.0396     -0.0027      0.0143
CVECT        0.0000      0.0000      1.0000
 THESE GUESSES MAY WELL BE WRONG!!!!
 Routine relies on having a reasonably symmetric
 channel oriented along x, y or z vector
 YOU ARE STRONGLY ADVISED TO CHECK THE RESULTS
                       WITH MOLECULAR GRAPHICS
 
 
  Some routines (e.g. conn) need vectors normal to cvect: 
     EAST Zero degrees angle is along vector    1.000   0.000   0.000
     NORTH  90 degrees angle is along vector    0.000  -1.000   0.000
 highest radius point found:
  at point    1.346  -0.228   0.014
  closest atom surface    1.049   C32 ASB X    0
  2nd closest surface     1.051   C17 ASB X    0
  found on step  533
 current point:
  at point    1.348  -0.233   0.014
  closest atom surface    1.049   C17 ASB X    0
  2nd closest surface     1.050   C43 ASB X    0
  found on step  992
  no. of rejections          433
 stored as     0

 highest radius point found:
  at point    1.368  -0.233   0.214
  closest atom surface    1.098   C32 ASB X    0
  2nd closest surface     1.099   C17 ASB X    0
  found on step  999
  this is also current point
  no. of rejections          375
 stored as     1

 highest radius point found:
  at point    1.394  -0.233   0.414
  closest atom surface    1.158   C32 ASB X    0
  2nd closest surface     1.158   C43 ASB X    0
  found on step  342
 current point:
  at point    1.396  -0.239   0.414
  closest atom surface    1.155   C43 ASB X    0
  2nd closest surface     1.162   C17 ASB X    0
  found on step  888
  no. of rejections          391
 stored as     2

 highest radius point found:
  at point    1.420  -0.229   0.614
  closest atom surface    1.225   H23 ASB X    0
  2nd closest surface     1.226   C32 ASB X    0
  found on step  964
  this is also current point
  no. of rejections          379
 stored as     3

 highest radius point found:
  at point    1.454  -0.222   0.814
  closest atom surface    1.303   C43 ASB X    0
  2nd closest surface     1.304   C32 ASB X    0
  found on step  849
 current point:
  at point    1.454  -0.222   0.814
  closest atom surface    1.303   C43 ASB X    0
  2nd closest surface     1.305   C32 ASB X    0
  found on step  935
  no. of rejections          401
 stored as     4

 highest radius point found:
  at point    1.482  -0.219   1.014
  closest atom surface    1.393   C43 ASB X    0
  2nd closest surface     1.395   H23 ASB X    0
  found on step  813
 current point:
  at point    1.478  -0.215   1.014
  closest atom surface    1.391   C32 ASB X    0
  2nd closest surface     1.396   H23 ASB X    0
  found on step  944
  no. of rejections          382
 stored as     5

 highest radius point found:
  at point    1.502  -0.217   1.214
  closest atom surface    1.493   H23 ASB X    0
  2nd closest surface     1.495   C32 ASB X    0
  found on step  996
  this is also current point
  no. of rejections          377
 stored as     6

 highest radius point found:
  at point    1.531  -0.215   1.414
  closest atom surface    1.605   C32 ASB X    0
  2nd closest surface     1.607   H23 ASB X    0
  found on step  816
 current point:
  at point    1.528  -0.215   1.414
  closest atom surface    1.605   C32 ASB X    0
  2nd closest surface     1.605   H23 ASB X    0
  found on step  948
  no. of rejections          363
 stored as     7

 highest radius point found:
  at point    1.555  -0.217   1.614
  closest atom surface    1.726   C32 ASB X    0
  2nd closest surface     1.726   H23 ASB X    0
  found on step  958
  this is also current point
  no. of rejections          355
 stored as     8

 highest radius point found:
  at point    1.578  -0.220   1.814
  closest atom surface    1.853   H23 ASB X    0
  2nd closest surface     1.853   C43 ASB X    0
  found on step  993
  this is also current point
  no. of rejections          356
 stored as     9

 highest radius point found:
  at point    1.605  -0.235   2.014
  closest atom surface    1.983   H23 ASB X    0
  2nd closest surface     1.983   C43 ASB X    0
  found on step  986
  this is also current point
  no. of rejections          347
 stored as    10

 highest radius point found:
  at point    1.639  -0.258   2.214
  closest atom surface    2.114   C43 ASB X    0
  2nd closest surface     2.117   H23 ASB X    0
  found on step  985
  this is also current point
  no. of rejections          327
 stored as    11

 highest radius point found:
  at point    1.666  -0.281   2.414
  closest atom surface    2.255   C43 ASB X    0
  2nd closest surface     2.256   H23 ASB X    0
  found on step  872
 current point:
  at point    1.666  -0.282   2.414
  closest atom surface    2.255   H23 ASB X    0
  2nd closest surface     2.256   C43 ASB X    0
  found on step  983
  no. of rejections          333
 stored as    12

 highest radius point found:
  at point    1.696  -0.305   2.614
  closest atom surface    2.400   C43 ASB X    0
  2nd closest surface     2.402   H23 ASB X    0
  found on step  686
 current point:
  at point    1.696  -0.309   2.614
  closest atom surface    2.400   H23 ASB X    0
  2nd closest surface     2.400   C43 ASB X    0
  found on step  938
  no. of rejections          308
 stored as    13

 highest radius point found:
  at point    1.724  -0.334   2.814
  closest atom surface    2.550   C43 ASB X    0
  2nd closest surface     2.551   H23 ASB X    0
  found on step  932
  this is also current point
  no. of rejections          320
 stored as    14

 highest radius point found:
  at point    1.748  -0.354   3.014
  closest atom surface    2.707   C43 ASB X    0
  2nd closest surface     2.708   H23 ASB X    0
  found on step  977
  this is also current point
  no. of rejections          308
 stored as    15

 highest radius point found:
  at point    1.768  -0.376   3.214
  closest atom surface    2.867   H39 ASB X    0
  2nd closest surface     2.867   H23 ASB X    0
  found on step  815
 current point:
  at point    1.773  -0.377   3.214
  closest atom surface    2.866   C43 ASB X    0
  2nd closest surface     2.868   H23 ASB X    0
  found on step  980
  no. of rejections          317
 stored as    16

 highest radius point found:
  at point    1.796  -0.402   3.414
  closest atom surface    3.030   C43 ASB X    0
  2nd closest surface     3.030   H23 ASB X    0
  found on step  949
  this is also current point
  no. of rejections          313
 stored as    17

 highest radius point found:
  at point    1.793  -0.421   3.614
  closest atom surface    3.186   C21 ASB X    0
  2nd closest surface     3.187   H39 ASB X    0
  found on step  991
  this is also current point
  no. of rejections          342
 stored as    18

 highest radius point found:
  at point    1.746  -0.455   3.814
  closest atom surface    3.336   C21 ASB X    0
  2nd closest surface     3.336   H23 ASB X    0
  found on step  962
  this is also current point
  no. of rejections          309
 stored as    19

 highest radius point found:
  at point    1.712  -0.472   4.014
  closest atom surface    3.483   C17 ASB X    0
  2nd closest surface     3.485   C21 ASB X    0
  found on step  912
  this is also current point
  no. of rejections          333
 stored as    20

 highest radius point found:
  at point    1.668  -0.476   4.214
  closest atom surface    3.633   C17 ASB X    0
  2nd closest surface     3.634   H39 ASB X    0
  found on step  937
  this is also current point
  no. of rejections          312
 stored as    21

 highest radius point found:
  at point    1.631  -0.486   4.414
  closest atom surface    3.786   C23 ASB X    0
  2nd closest surface     3.786   C17 ASB X    0
  found on step  959
  this is also current point
  no. of rejections          326
 stored as    22

 highest radius point found:
  at point    1.587  -0.494   4.614
  closest atom surface    3.942   C17 ASB X    0
  2nd closest surface     3.943   H39 ASB X    0
  found on step  335
 current point:
  at point    1.585  -0.492   4.614
  closest atom surface    3.941   H39 ASB X    0
  2nd closest surface     3.942   C17 ASB X    0
  found on step  915
  no. of rejections          304
 stored as    23

 highest radius point found:
  at point    1.547  -0.503   4.814
  closest atom surface    4.100   C23 ASB X    0
  2nd closest surface     4.101   C17 ASB X    0
  found on step  862
 current point:
  at point    1.544  -0.503   4.814
  closest atom surface    4.100   C17 ASB X    0
  2nd closest surface     4.102   H39 ASB X    0
  found on step  917
  no. of rejections          315
 stored as    24

 highest radius point found:
  at point    1.504  -0.508   5.014
  closest atom surface    4.262   C23 ASB X    0
  2nd closest surface     4.263   C17 ASB X    0
  found on step  784
 current point:
  at point    1.501  -0.507   5.014
  closest atom surface    4.262   C17 ASB X    0
  2nd closest surface     4.262   H39 ASB X    0
  found on step  988
  no. of rejections          296
 stored as    25

 highest radius point found:
  at point    1.461  -0.519   5.214
  closest atom surface    4.426   C17 ASB X    0
  2nd closest surface     4.426   C23 ASB X    0
  found on step  715
 current point:
  at point    1.453  -0.513   5.214
  closest atom surface    4.425   H39 ASB X    0
  2nd closest surface     4.425   C17 ASB X    0
  found on step  940
  no. of rejections          296
 stored as    26

 highest radius point found:
  at point    1.413  -0.521   5.414
  closest atom surface    4.592   C17 ASB X    0
  2nd closest surface     4.593   H39 ASB X    0
  found on step  751
 current point:
  at point    1.413  -0.518   5.414
  closest atom surface    4.592   H39 ASB X    0
  2nd closest surface     4.593   C17 ASB X    0
  found on step  912
  no. of rejections          275
 stored as    27

 highest radius point found:
  at point    1.375  -0.528   5.614
  closest atom surface    4.762   C17 ASB X    0
  2nd closest surface     4.763   C23 ASB X    0
  found on step  987
  this is also current point
  no. of rejections          270
 stored as    28

 highest radius point found:
  at point    1.328  -0.530   5.814
  closest atom surface    4.932   H39 ASB X    0
  2nd closest surface     4.933   C17 ASB X    0
  found on step  938
  this is also current point
  no. of rejections          295
 stored as    29

 highest radius point found:
  at point    1.286  -0.537   6.014
  closest atom surface    5.105   C17 ASB X    0
  2nd closest surface     5.106   H39 ASB X    0
  found on step  837
 current point:
  at point    1.290  -0.542   6.014
  closest atom surface    5.105   C17 ASB X    0
  2nd closest surface     5.106   C23 ASB X    0
  found on step  884
  no. of rejections          273
 stored as    30

 highest radius point found:
  at point    1.243  -0.541   6.214
  closest atom surface    5.280   C17 ASB X    0
  2nd closest surface     5.281   H39 ASB X    0
  found on step  988
  this is also current point
  no. of rejections          272
 stored as    31

 highest radius point found:
  at point    1.199  -0.544   6.414
  closest atom surface    5.456   C17 ASB X    0
  2nd closest surface     5.456   H39 ASB X    0
  found on step  987
  this is also current point
  no. of rejections          227
 stored as    32

 highest radius point found:
  at point    1.157  -0.549   6.614
  closest atom surface    5.634   C17 ASB X    0
  2nd closest surface     5.635   H39 ASB X    0
  found on step  952
  this is also current point
  no. of rejections          277
 stored as    33

 highest radius point found:
  at point    1.103  -0.603   6.814
  closest atom surface    5.798   C17 ASB X    0
  2nd closest surface     5.821   C23 ASB X    0
  found on step    6
 current point:
  at point   -0.807  -0.258   6.814
  closest atom surface    5.749   C17 ASB X    0
  2nd closest surface     5.749   H39 ASB X    0
  found on step  950
  no. of rejections          264
 stored as    34

 highest radius point found:
  at point    1.067  -0.554   7.014
  closest atom surface    5.993   H39 ASB X    0
  2nd closest surface     5.993   C17 ASB X    0
  found on step  879
 current point:
  at point    1.069  -0.561   7.014
  closest atom surface    5.992   C17 ASB X    0
  2nd closest surface     5.996   H39 ASB X    0
  found on step  998
  no. of rejections          270
 stored as    35

 highest radius point found:
  at point    1.031  -0.559   7.214
  closest atom surface    6.176   C17 ASB X    0
  2nd closest surface     6.176   C23 ASB X    0
  found on step  987
  this is also current point
  no. of rejections          250
 stored as    36

 highest radius point found:
  at point    0.989  -0.562   7.414
  closest atom surface    6.358   C23 ASB X    0
  2nd closest surface     6.359   C17 ASB X    0
  found on step  925
  this is also current point
  no. of rejections          218
 stored as    37

 highest radius point found:
  at point    0.927  -0.563   7.614
  closest atom surface    6.540   C17 ASB X    0
  2nd closest surface     6.541   H39 ASB X    0
  found on step  876
 current point:
  at point    0.928  -0.565   7.614
  closest atom surface    6.540   C17 ASB X    0
  2nd closest surface     6.541   C24 ASB X    0
  found on step  940
  no. of rejections          275
 stored as    38

 highest radius point found:
  at point    0.867  -0.538   7.814
  closest atom surface    6.715   H39 ASB X    0
  2nd closest surface     6.722   C24 ASB X    0
  found on step   13
 current point:
  at point   -0.262  -0.395   7.814
  closest atom surface    6.667   C17 ASB X    0
  2nd closest surface     6.668   H39 ASB X    0
  found on step  946
  no. of rejections          219
 stored as    39

 highest radius point found:
  at point    0.791  -0.562   8.014
  closest atom surface    6.905   C17 ASB X    0
  2nd closest surface     6.907   H39 ASB X    0
  found on step  850
 current point:
  at point    0.781  -0.558   8.014
  closest atom surface    6.905   H39 ASB X    0
  2nd closest surface     6.905   C17 ASB X    0
  found on step  956
  no. of rejections          242
 stored as    40

 highest radius point found:
  at point    0.734  -0.577   8.214
  closest atom surface    7.088   C17 ASB X    0
  2nd closest surface     7.089   C24 ASB X    0
  found on step  757
 current point:
  at point    0.701  -0.562   8.214
  closest atom surface    7.087   C17 ASB X    0
  2nd closest surface     7.090   H39 ASB X    0
  found on step  980
  no. of rejections          204
 stored as    41

 highest radius point found:
  at point    0.655  -0.556   8.414
  closest atom surface    7.276   H39 ASB X    0
  2nd closest surface     7.276   C17 ASB X    0
  found on step   36
 current point:
  at point    0.656  -0.560   8.414
  closest atom surface    7.276   C17 ASB X    0
  2nd closest surface     7.277   H39 ASB X    0
  found on step  984
  no. of rejections          241
 stored as    42

 highest radius point found:
  at point    0.592  -0.559   8.614
  closest atom surface    7.463   C17 ASB X    0
  2nd closest surface     7.465   H39 ASB X    0
  found on step   24
 current point:
  at point    0.579  -0.931   8.614
  closest atom surface    7.392   C17 ASB X    0
  2nd closest surface     7.465   C24 ASB X    0
  found on step 1000
  no. of rejections          184
 stored as    43

 highest radius point found:
  at point    0.534  -0.555   8.814
  closest atom surface    7.652   H39 ASB X    0
  2nd closest surface     7.652   C17 ASB X    0
  found on step  988
  this is also current point
  no. of rejections          226
 stored as    44

 highest radius point found:
  at point    0.444  -0.549   9.014
  closest atom surface    7.840   H39 ASB X    0
  2nd closest surface     7.840   C17 ASB X    0
  found on step  731
 current point:
  at point    0.449  -0.554   9.014
  closest atom surface    7.839   C17 ASB X    0
  2nd closest surface     7.841   H39 ASB X    0
  found on step  999
  no. of rejections          229
 stored as    45

 highest radius point found:
  at point    0.404  -0.552   9.214
  closest atom surface    8.031   C17 ASB X    0
  2nd closest surface     8.032   H39 ASB X    0
  found on step  979
  this is also current point
  no. of rejections          239
 stored as    46

 highest radius point found:
  at point    0.328  -0.548   9.414
  closest atom surface    8.222   C17 ASB X    0
  2nd closest surface     8.222   H39 ASB X    0
  found on step  985
  this is also current point
  no. of rejections          237
 stored as    47

 highest radius point found:
  at point    0.258  -0.544   9.614
  closest atom surface    8.413   H39 ASB X    0
  2nd closest surface     8.413   C17 ASB X    0
  found on step  996
  this is also current point
  no. of rejections          210
 stored as    48

 highest radius point found:
  at point    0.216  -0.579   9.814
  closest atom surface    8.599   C   ASB X    0
  2nd closest surface     8.600   C24 ASB X    0
  found on step  997
  this is also current point
  no. of rejections          225
 stored as    49

 highest radius point found:
  at point    0.166  -0.687  10.014
  closest atom surface    8.773   C   ASB X    0
  2nd closest surface     8.775   C17 ASB X    0
  found on step  985
  this is also current point
  no. of rejections          254
 stored as    50

 highest radius point found:
  at point    0.112  -0.803  10.214
  closest atom surface    8.950   C17 ASB X    0
  2nd closest surface     8.950   C   ASB X    0
  found on step  981
  this is also current point
  no. of rejections          253
 stored as    51

 highest radius point found:
  at point    0.079  -0.900  10.414
  closest atom surface    9.131   C24 ASB X    0
  2nd closest surface     9.132   C17 ASB X    0
  found on step  945
  this is also current point
  no. of rejections          231
 stored as    52

 highest radius point found:
  at point    0.013  -1.022  10.614
  closest atom surface    9.310   C17 ASB X    0
  2nd closest surface     9.311   C   ASB X    0
  found on step  990
  this is also current point
  no. of rejections          267
 stored as    53

 highest radius point found:
  at point   -0.014  -1.119  10.814
  closest atom surface    9.495   C17 ASB X    0
  2nd closest surface     9.495   C24 ASB X    0
  found on step  958
  this is also current point
  no. of rejections          191
 stored as    54

 highest radius point found:
  at point   -0.069  -1.226  11.014
  closest atom surface    9.679   C17 ASB X    0
  2nd closest surface     9.680   C   ASB X    0
  found on step  980
  this is also current point
  no. of rejections          216
 stored as    55

 highest radius point found:
  at point   -0.375  -1.568  11.214
  closest atom surface    9.841   C17 ASB X    0
  2nd closest surface     9.863   C   ASB X    0
  found on step 1000
  this is also current point
  no. of rejections          186
 stored as    56

 highest radius point found:
  at point   -0.161  -1.445  11.414
  closest atom surface   10.054   C17 ASB X    0
  2nd closest surface    10.057   C   ASB X    0
  found on step 1000
  this is also current point
  no. of rejections          197
 stored as    57

 highest radius point found:
  at point   -0.200  -1.552  11.614
  closest atom surface   10.243   C17 ASB X    0
  2nd closest surface    10.246   C24 ASB X    0
  found on step  992
  this is also current point
  no. of rejections          240
 stored as    58

 highest radius point found:
  at point   -0.244  -1.647  11.814
  closest atom surface   10.435   C17 ASB X    0
  2nd closest surface    10.435   C24 ASB X    0
  found on step  988
  this is also current point
  no. of rejections          244
 stored as    59

 highest radius point found:
  at point   -0.291  -1.752  12.014
  closest atom surface   10.626   C16 ASB X    0
  2nd closest surface    10.627   C   ASB X    0
  found on step  894
  this is also current point
  no. of rejections          220
 stored as    60

 highest radius point found:
  at point   -0.322  -1.828  12.214
  closest atom surface   10.809   C16 ASB X    0
  2nd closest surface    10.811   C24 ASB X    0
  found on step  936
  this is also current point
  no. of rejections          200
 stored as    61

 highest radius point found:
  at point   -0.362  -1.905  12.414
  closest atom surface   10.993   C16 ASB X    0
  2nd closest surface    10.993   H1  ASB X    0
  found on step  939
  this is also current point
  no. of rejections          226
 stored as    62

 highest radius point found:
  at point   -0.394  -1.985  12.614
  closest atom surface   11.177   H1  ASB X    0
  2nd closest surface    11.177   C16 ASB X    0
  found on step  878
  this is also current point
  no. of rejections          228
 stored as    63

 highest radius point found:
  at point   -0.411  -2.059  12.814
  closest atom surface   11.363   C16 ASB X    0
  2nd closest surface    11.364   C24 ASB X    0
  found on step  983
  this is also current point
  no. of rejections          184
 stored as    64

 highest radius point found:
  at point   -0.440  -2.140  13.014
  closest atom surface   11.550   C16 ASB X    0
  2nd closest surface    11.550   C24 ASB X    0
  found on step  942
  this is also current point
  no. of rejections          180
 stored as    65

 highest radius point found:
  at point   -0.487  -2.230  13.214
  closest atom surface   11.736   C16 ASB X    0
  2nd closest surface    11.739   H1  ASB X    0
  found on step  976
  this is also current point
  no. of rejections          180
 stored as    66

 highest radius point found:
  at point   -0.499  -2.301  13.414
  closest atom surface   11.925   C16 ASB X    0
  2nd closest surface    11.925   C24 ASB X    0
  found on step  995
  this is also current point
  no. of rejections          192
 stored as    67

 highest radius point found:
  at point   -0.532  -2.382  13.614
  closest atom surface   12.114   C16 ASB X    0
  2nd closest surface    12.117   C24 ASB X    0
  found on step  987
  this is also current point
  no. of rejections          154
 stored as    68

 highest radius point found:
  at point   -0.562  -2.449  13.814
  closest atom surface   12.305   H1  ASB X    0
  2nd closest surface    12.305   C24 ASB X    0
  found on step  967
  this is also current point
  no. of rejections          183
 stored as    69

 highest radius point found:
  at point   -0.603  -2.539  14.014
  closest atom surface   12.495   C16 ASB X    0
  2nd closest surface    12.496   H1  ASB X    0
  found on step  986
  this is also current point
  no. of rejections          218
 stored as    70

 highest radius point found:
  at point   -0.621  -2.612  14.214
  closest atom surface   12.687   C16 ASB X    0
  2nd closest surface    12.687   C24 ASB X    0
  found on step  986
  this is also current point
  no. of rejections          217
 stored as    71

 highest radius point found:
  at point   -0.653  -2.689  14.414
  closest atom surface   12.879   C16 ASB X    0
  2nd closest surface    12.880   H1  ASB X    0
  found on step  959
  this is also current point
  no. of rejections          175
 stored as    72

 highest radius point found:
  at point   -0.688  -2.775  14.614
  closest atom surface   13.071   C16 ASB X    0
  2nd closest surface    13.075   H1  ASB X    0
  found on step  976
  this is also current point
  no. of rejections          220
 stored as    73

 highest radius point found:
  at point   -0.718  -2.852  14.814
  closest atom surface   13.265   C16 ASB X    0
  2nd closest surface    13.268   H1  ASB X    0
  found on step  821
 current point:
  at point   -0.726  -2.851  14.814
  closest atom surface   13.265   H1  ASB X    0
  2nd closest surface    13.265   C16 ASB X    0
  found on step  965
  no. of rejections          220
 stored as    74

 highest radius point found:
  at point   -0.744  -2.924  15.014
  closest atom surface   13.460   C16 ASB X    0
  2nd closest surface    13.461   H1  ASB X    0
  found on step  972
  this is also current point
  no. of rejections          211
 stored as    75

 highest radius point found:
  at point   -0.778  -2.997  15.214
  closest atom surface   13.652   H1  ASB X    0
  2nd closest surface    13.652   C9  ASB X    0
  found on step  951
  this is also current point
  no. of rejections          149
 stored as    76

 highest radius point found:
  at point   -0.800  -3.065  15.414
  closest atom surface   13.843   C9  ASB X    0
  2nd closest surface    13.846   H1  ASB X    0
  found on step  393
 current point:
  at point   -0.799  -3.068  15.414
  closest atom surface   13.842   C9  ASB X    0
  2nd closest surface    13.847   C24 ASB X    0
  found on step  996
  no. of rejections          239
 stored as    77

 highest radius point found:
  at point   -0.819  -3.115  15.614
  closest atom surface   14.033   C10 ASB X    0
  2nd closest surface    14.033   C24 ASB X    0
  found on step  969
  this is also current point
  no. of rejections          212
 stored as    78

 highest radius point found:
  at point   -0.842  -3.162  15.814
  closest atom surface   14.220   C10 ASB X    0
  2nd closest surface    14.220   H1  ASB X    0
  found on step  994
  this is also current point
  no. of rejections          195
 stored as    79

 highest radius point found:
  at point   -0.857  -3.207  16.014
  closest atom surface   14.407   C10 ASB X    0
  2nd closest surface    14.407   C24 ASB X    0
  found on step  973
  this is also current point
  no. of rejections          235
 stored as    80

 highest radius point found:
  at point   -0.877  -3.253  16.214
  closest atom surface   14.595   H1  ASB X    0
  2nd closest surface    14.595   C24 ASB X    0
  found on step  940
  this is also current point
  no. of rejections          209
 stored as    81

 highest radius point found:
  at point   -0.877  -3.253  16.414
  closest atom surface   14.768   C24 ASB X    0
  2nd closest surface    14.770   H1  ASB X    0
  found on step    1
 current point:
  at point   -1.112  -3.486  16.414
  closest atom surface   14.742   C10 ASB X    0
  2nd closest surface    14.757   C3  ASB X    0
  found on step  993
  no. of rejections          158
 stored as    82

 highest radius point found:
  at point   -0.909  -3.355  16.614
  closest atom surface   14.970   C24 ASB X    0
  2nd closest surface    14.971   C10 ASB X    0
  found on step  953
  this is also current point
  no. of rejections          216
 stored as    83

 highest radius point found:
  at point   -0.923  -3.417  16.814
  closest atom surface   15.159   C10 ASB X    0
  2nd closest surface    15.159   C24 ASB X    0
  found on step  980
  this is also current point
  no. of rejections          216
 stored as    84

 highest radius point found:
  at point   -0.936  -3.476  17.014
  closest atom surface   15.347   C10 ASB X    0
  2nd closest surface    15.347   C24 ASB X    0
  found on step  935
  this is also current point
  no. of rejections          172
 stored as    85

 highest radius point found:
  at point   -0.954  -3.526  17.214
  closest atom surface   15.535   C3  ASB X    0
  2nd closest surface    15.536   C10 ASB X    0
  found on step  982
  this is also current point
  no. of rejections          186
 stored as    86

 highest radius point found:
  at point   -0.964  -3.593  17.414
  closest atom surface   15.725   C10 ASB X    0
  2nd closest surface    15.726   C24 ASB X    0
  found on step  387
 current point:
  at point   -0.970  -3.593  17.414
  closest atom surface   15.724   C10 ASB X    0
  2nd closest surface    15.725   C3  ASB X    0
  found on step  997
  no. of rejections          214
 stored as    87

 highest radius point found:
  at point   -0.979  -3.644  17.614
  closest atom surface   15.915   C3  ASB X    0
  2nd closest surface    15.915   C24 ASB X    0
  found on step  946
  this is also current point
  no. of rejections          241
 stored as    88

 highest radius point found:
  at point   -0.991  -3.702  17.814
  closest atom surface   16.104   C24 ASB X    0
  2nd closest surface    16.105   C3  ASB X    0
  found on step  985
  this is also current point
  no. of rejections          175
 stored as    89

 highest radius point found:
  at point   -1.006  -3.764  18.014
  closest atom surface   16.295   C10 ASB X    0
  2nd closest surface    16.296   C3  ASB X    0
  found on step  937
  this is also current point
  no. of rejections          175
 stored as    90

 highest radius point found:
  at point   -1.015  -3.827  18.214
  closest atom surface   16.486   C10 ASB X    0
  2nd closest surface    16.486   C24 ASB X    0
  found on step  995
  this is also current point
  no. of rejections          207
 stored as    91

 highest radius point found:
  at point   -1.029  -3.882  18.414
  closest atom surface   16.677   C10 ASB X    0
  2nd closest surface    16.677   C24 ASB X    0
  found on step  638
 current point:
  at point   -1.032  -3.882  18.414
  closest atom surface   16.677   C10 ASB X    0
  2nd closest surface    16.679   C24 ASB X    0
  found on step  915
  no. of rejections          235
 stored as    92

 highest radius point found:
  at point   -1.045  -3.938  18.614
  closest atom surface   16.869   C10 ASB X    0
  2nd closest surface    16.870   C24 ASB X    0
  found on step  971
  this is also current point
  no. of rejections          211
 stored as    93

 highest radius point found:
  at point   -1.056  -3.999  18.814
  closest atom surface   17.061   C10 ASB X    0
  2nd closest surface    17.061   C24 ASB X    0
  found on step  992
  this is also current point
  no. of rejections          248
 stored as    94

 highest radius point found:
  at point   -1.070  -4.054  19.014
  closest atom surface   17.253   C24 ASB X    0
  2nd closest surface    17.253   C10 ASB X    0
  found on step  996
  this is also current point
  no. of rejections          212
 stored as    95

 highest radius point found:
  at point   -1.084  -4.118  19.214
  closest atom surface   17.446   C10 ASB X    0
  2nd closest surface    17.447   C24 ASB X    0
  found on step  941
  this is also current point
  no. of rejections          216
 stored as    96

 highest radius point found:
  at point   -1.099  -4.170  19.414
  closest atom surface   17.639   C3  ASB X    0
  2nd closest surface    17.639   C10 ASB X    0
  found on step   26
 current point:
  at point   -1.100  -4.171  19.414
  closest atom surface   17.639   C3  ASB X    0
  2nd closest surface    17.639   C10 ASB X    0
  found on step  892
  no. of rejections          257
 stored as    97

 highest radius point found:
  at point   -1.111  -4.221  19.614
  closest atom surface   17.830   C12 ASB X    0
  2nd closest surface    17.831   C3  ASB X    0
  found on step  963
  this is also current point
  no. of rejections          242
 stored as    98

 highest radius point found:
  at point   -1.117  -4.260  19.814
  closest atom surface   18.018   C12 ASB X    0
  2nd closest surface    18.019   C24 ASB X    0
  found on step  926
  this is also current point
  no. of rejections          226
 stored as    99

 highest radius point found:
  at point   -1.127  -4.295  20.014
  closest atom surface   18.208   C12 ASB X    0
  2nd closest surface    18.208   C24 ASB X    0
  found on step  971
  this is also current point
  no. of rejections          219
 stored as   100

 highest radius point found:
  at point   -1.140  -4.331  20.214
  closest atom surface   18.397   C12 ASB X    0
  2nd closest surface    18.398   C3  ASB X    0
  found on step  966
  this is also current point
  no. of rejections          210
 stored as   101

 highest radius point found:
  at point   -1.149  -4.367  20.414
  closest atom surface   18.587   C12 ASB X    0
  2nd closest surface    18.587   C3  ASB X    0
  found on step  922
  this is also current point
  no. of rejections          244
 stored as   102

 highest radius point found:
  at point   -1.163  -4.424  20.614
  closest atom surface   18.774   C12 ASB X    0
  2nd closest surface    18.781   C3  ASB X    0
  found on step   33
 current point:
  at point   -1.941  -4.923  20.614
  closest atom surface   18.706   C12 ASB X    0
  2nd closest surface    18.708   C3  ASB X    0
  found on step  997
  no. of rejections          206
 stored as   103

 highest radius point found:
  at point   -1.172  -4.440  20.814
  closest atom surface   18.966   C3  ASB X    0
  2nd closest surface    18.968   C12 ASB X    0
  found on step  996
  this is also current point
  no. of rejections          212
 stored as   104

 highest radius point found:
  at point   -1.175  -4.485  21.014
  closest atom surface   19.157   C12 ASB X    0
  2nd closest surface    19.158   C24 ASB X    0
  found on step  984
  this is also current point
  no. of rejections          215
 stored as   105

 highest radius point found:
  at point   -1.191  -4.516  21.214
  closest atom surface   19.348   C3  ASB X    0
  2nd closest surface    19.348   C12 ASB X    0
  found on step  997
  this is also current point
  no. of rejections          225
 stored as   106

 highest radius point found:
  at point   -1.198  -4.553  21.414
  closest atom surface   19.540   C12 ASB X    0
  2nd closest surface    19.540   C3  ASB X    0
  found on step  957
  this is also current point
  no. of rejections          236
 stored as   107

 highest radius point found:
  at point   -1.207  -4.591  21.614
  closest atom surface   19.730   C12 ASB X    0
  2nd closest surface    19.731   C24 ASB X    0
  found on step  981
  this is also current point
  no. of rejections          229
 stored as   108

 highest radius point found:
  at point   -1.218  -4.627  21.814
  closest atom surface   19.922   C12 ASB X    0
  2nd closest surface    19.922   C3  ASB X    0
  found on step  996
  this is also current point
  no. of rejections          159
 stored as   109

 highest radius point found:
  at point   -1.233  -4.668  22.014
  closest atom surface   20.113   C12 ASB X    0
  2nd closest surface    20.113   C3  ASB X    0
  found on step  848
 current point:
  at point   -1.234  -4.668  22.014
  closest atom surface   20.113   C3  ASB X    0
  2nd closest surface    20.113   C12 ASB X    0
  found on step  987
  no. of rejections          200
 stored as   110

 highest radius point found:
  at point   -1.242  -4.704  22.214
  closest atom surface   20.305   C12 ASB X    0
  2nd closest surface    20.305   C3  ASB X    0
  found on step  932
  this is also current point
  no. of rejections          203
 stored as   111

 highest radius point found:
  at point   -5.252  -8.379  22.414
  closest atom surface   20.588   C11 ASB X    0
  2nd closest surface    20.624   C12 ASB X    0
  found on step 1000
  this is also current point
  no. of rejections          107
 stored as   112

 highest radius point found:
  at point   -8.079 -11.418  22.614
  closest atom surface   21.634   C11 ASB X    0
  2nd closest surface    21.726   H17 ASB X    0
  found on step 1000
  this is also current point
  no. of rejections          113
 stored as   113

 highest radius point found:
  at point  -15.498 -16.493  22.814
  closest atom surface   25.733   C11 ASB X    0
  2nd closest surface    25.939   H14 ASB X    0
  found on step  999
  this is also current point
  no. of rejections          161
 This is an end! (radius above  22.0 angs)
 highest radius point found:
  at point    1.327  -0.225  -0.186
  closest atom surface    1.016   C43 ASB X    0
  2nd closest surface     1.016   C32 ASB X    0
  found on step  649
 current point:
  at point    1.328  -0.227  -0.186
  closest atom surface    1.014   C43 ASB X    0
  2nd closest surface     1.016   C17 ASB X    0
  found on step  903
  no. of rejections          380
 stored as    -1

 highest radius point found:
  at point    1.307  -0.218  -0.386
  closest atom surface    0.993   C32 ASB X    0
  2nd closest surface     0.993   C43 ASB X    0
  found on step  937
  this is also current point
  no. of rejections          408
 stored as    -2

 highest radius point found:
  at point    1.283  -0.216  -0.586
  closest atom surface    0.987   C32 ASB X    0
  2nd closest surface     0.988   C43 ASB X    0
  found on step  973
  this is also current point
  no. of rejections          409
 stored as    -3

 highest radius point found:
  at point    1.266  -0.216  -0.786
  closest atom surface    0.991   C43 ASB X    0
  2nd closest surface     0.997   C17 ASB X    0
  found on step  980
  this is also current point
  no. of rejections          419
 stored as    -4

 highest radius point found:
  at point    1.239  -0.209  -0.986
  closest atom surface    1.016   C32 ASB X    0
  2nd closest surface     1.017   C43 ASB X    0
  found on step  510
 current point:
  at point    1.235  -0.207  -0.986
  closest atom surface    1.012   C32 ASB X    0
  2nd closest surface     1.017   C17 ASB X    0
  found on step  910
  no. of rejections          403
 stored as    -5

 highest radius point found:
  at point    1.217  -0.208  -1.186
  closest atom surface    1.051   C17 ASB X    0
  2nd closest surface     1.053   C43 ASB X    0
  found on step  788
 current point:
  at point    1.217  -0.204  -1.186
  closest atom surface    1.050   C32 ASB X    0
  2nd closest surface     1.053   C43 ASB X    0
  found on step  983
  no. of rejections          405
 stored as    -6

 highest radius point found:
  at point    1.196  -0.204  -1.386
  closest atom surface    1.100   C17 ASB X    0
  2nd closest surface     1.101   C43 ASB X    0
  found on step  933
  this is also current point
  no. of rejections          362
 stored as    -7

 highest radius point found:
  at point    1.151  -0.196  -1.586
  closest atom surface    1.152   C17 ASB X    0
  2nd closest surface     1.153   H55 ASB X    0
  found on step  495
 current point:
  at point    1.152  -0.194  -1.586
  closest atom surface    1.152   H55 ASB X    0
  2nd closest surface     1.152   C32 ASB X    0
  found on step  956
  no. of rejections          386
 stored as    -8

 highest radius point found:
  at point    1.096  -0.186  -1.786
  closest atom surface    1.214   C17 ASB X    0
  2nd closest surface     1.214   C32 ASB X    0
  found on step  609
 current point:
  at point    1.096  -0.187  -1.786
  closest atom surface    1.213   C17 ASB X    0
  2nd closest surface     1.215   C32 ASB X    0
  found on step  943
  no. of rejections          404
 stored as    -9

 highest radius point found:
  at point    1.047  -0.176  -1.986
  closest atom surface    1.288   C32 ASB X    0
  2nd closest surface     1.289   H55 ASB X    0
  found on step  911
  this is also current point
  no. of rejections          375
 stored as   -10

 highest radius point found:
  at point    0.997  -0.171  -2.186
  closest atom surface    1.375   C17 ASB X    0
  2nd closest surface     1.378   C32 ASB X    0
  found on step  979
  this is also current point
  no. of rejections          394
 stored as   -11

 highest radius point found:
  at point    0.955  -0.161  -2.386
  closest atom surface    1.475   H55 ASB X    0
  2nd closest surface     1.476   C32 ASB X    0
  found on step  991
  this is also current point
  no. of rejections          362
 stored as   -12

 highest radius point found:
  at point    0.913  -0.156  -2.586
  closest atom surface    1.584   H55 ASB X    0
  2nd closest surface     1.585   C17 ASB X    0
  found on step  965
  this is also current point
  no. of rejections          387
 stored as   -13

 highest radius point found:
  at point    0.868  -0.147  -2.786
  closest atom surface    1.702   C32 ASB X    0
  2nd closest surface     1.702   C17 ASB X    0
  found on step  953
  this is also current point
  no. of rejections          359
 stored as   -14

 highest radius point found:
  at point    0.837  -0.140  -2.986
  closest atom surface    1.828   H55 ASB X    0
  2nd closest surface     1.828   C32 ASB X    0
  found on step  524
 current point:
  at point    0.837  -0.142  -2.986
  closest atom surface    1.828   H55 ASB X    0
  2nd closest surface     1.829   C32 ASB X    0
  found on step  995
  no. of rejections          338
 stored as   -15

 highest radius point found:
  at point    0.805  -0.125  -3.186
  closest atom surface    1.956   C32 ASB X    0
  2nd closest surface     1.958   H55 ASB X    0
  found on step  926
  this is also current point
  no. of rejections          363
 stored as   -16

 highest radius point found:
  at point    0.789  -0.104  -3.386
  closest atom surface    2.084   H55 ASB X    0
  2nd closest surface     2.085   H21 ASB X    0
  found on step  986
  this is also current point
  no. of rejections          361
 stored as   -17

 highest radius point found:
  at point   -0.746   0.168  -3.586
  closest atom surface    2.210   H54 ASB X    0
  2nd closest surface     2.211   H21 ASB X    0
  found on step  825
 current point:
  at point   -0.739   0.169  -3.586
  closest atom surface    2.209   C32 ASB X    0
  2nd closest surface     2.211   H21 ASB X    0
  found on step  956
  no. of rejections          344
 stored as   -18

 highest radius point found:
  at point   -0.725   0.186  -3.786
  closest atom surface    2.352   H54 ASB X    0
  2nd closest surface     2.353   C32 ASB X    0
  found on step  972
  this is also current point
  no. of rejections          326
 stored as   -19

 highest radius point found:
  at point    0.731  -0.034  -3.986
  closest atom surface    2.508   H21 ASB X    0
  2nd closest surface     2.510   C32 ASB X    0
  found on step  950
  this is also current point
  no. of rejections          346
 stored as   -20

 highest radius point found:
  at point    0.698  -0.009  -4.186
  closest atom surface    2.658   H21 ASB X    0
  2nd closest surface     2.658   C32 ASB X    0
  found on step   72
 current point:
  at point    0.701  -0.011  -4.186
  closest atom surface    2.657   H21 ASB X    0
  2nd closest surface     2.659   C32 ASB X    0
  found on step  896
  no. of rejections          349
 stored as   -21

 highest radius point found:
  at point    0.702   0.007  -4.386
  closest atom surface    2.817   H21 ASB X    0
  2nd closest surface     2.818   C32 ASB X    0
  found on step  902
  this is also current point
  no. of rejections          312
 stored as   -22

 highest radius point found:
  at point    0.692   0.028  -4.586
  closest atom surface    2.975   H55 ASB X    0
  2nd closest surface     2.977   C32 ASB X    0
  found on step  800
 current point:
  at point    0.675   0.029  -4.586
  closest atom surface    2.975   C32 ASB X    0
  2nd closest surface     2.976   H21 ASB X    0
  found on step  934
  no. of rejections          280
 stored as   -23

 highest radius point found:
  at point    0.656   0.047  -4.786
  closest atom surface    3.138   H21 ASB X    0
  2nd closest surface     3.138   C32 ASB X    0
  found on step  522
 current point:
  at point   -0.118   0.181  -4.786
  closest atom surface    3.092   H21 ASB X    0
  2nd closest surface     3.092   C32 ASB X    0
  found on step  987
  no. of rejections          291
 stored as   -24

 highest radius point found:
  at point    0.655   0.062  -4.986
  closest atom surface    3.306   H21 ASB X    0
  2nd closest surface     3.307   C32 ASB X    0
  found on step  977
  this is also current point
  no. of rejections          297
 stored as   -25

 highest radius point found:
  at point    0.644   0.081  -5.186
  closest atom surface    3.475   C32 ASB X    0
  2nd closest surface     3.475   H55 ASB X    0
  found on step  979
  this is also current point
  no. of rejections          303
 stored as   -26

 highest radius point found:
  at point    0.631   0.096  -5.386
  closest atom surface    3.646   H55 ASB X    0
  2nd closest surface     3.646   H21 ASB X    0
  found on step  539
 current point:
  at point    0.588   0.106  -5.386
  closest atom surface    3.641   C32 ASB X    0
  2nd closest surface     3.642   H21 ASB X    0
  found on step  966
  no. of rejections          248
 stored as   -27

 highest radius point found:
  at point    0.618   0.121  -5.586
  closest atom surface    3.817   C32 ASB X    0
  2nd closest surface     3.819   H55 ASB X    0
  found on step  294
 current point:
  at point   -0.523   0.299  -5.586
  closest atom surface    3.813   C32 ASB X    0
  2nd closest surface     3.813   H21 ASB X    0
  found on step  902
  no. of rejections          295
 stored as   -28

 highest radius point found:
  at point    0.599   0.129  -5.786
  closest atom surface    3.995   H21 ASB X    0
  2nd closest surface     3.995   C32 ASB X    0
  found on step  972
  this is also current point
  no. of rejections          269
 stored as   -29

 highest radius point found:
  at point   -0.499   0.324  -5.986
  closest atom surface    4.166   C32 ASB X    0
  2nd closest surface     4.169   H21 ASB X    0
  found on step  972
  this is also current point
  no. of rejections          254
 stored as   -30

 highest radius point found:
  at point   -0.486   0.332  -6.186
  closest atom surface    4.346   H54 ASB X    0
  2nd closest surface     4.346   H21 ASB X    0
  found on step  999
  this is also current point
  no. of rejections          254
 stored as   -31

 highest radius point found:
  at point   -0.462   0.342  -6.386
  closest atom surface    4.526   H21 ASB X    0
  2nd closest surface     4.527   C32 ASB X    0
  found on step  970
  this is also current point
  no. of rejections          265
 stored as   -32

 highest radius point found:
  at point   -0.450   0.355  -6.586
  closest atom surface    4.708   C32 ASB X    0
  2nd closest surface     4.708   H54 ASB X    0
  found on step  983
  this is also current point
  no. of rejections          242
 stored as   -33

 highest radius point found:
  at point    0.538   0.207  -6.786
  closest atom surface    4.894   H55 ASB X    0
  2nd closest surface     4.895   C32 ASB X    0
  found on step  833
 current point:
  at point    0.519   0.207  -6.786
  closest atom surface    4.893   H21 ASB X    0
  2nd closest surface     4.895   C32 ASB X    0
  found on step  973
  no. of rejections          259
 stored as   -34

 highest radius point found:
  at point    0.517   0.220  -6.986
  closest atom surface    5.078   H21 ASB X    0
  2nd closest surface     5.079   C32 ASB X    0
  found on step  964
  this is also current point
  no. of rejections          265
 stored as   -35

 highest radius point found:
  at point    0.517   0.220  -7.186
  closest atom surface    5.259   H55 ASB X    0
  2nd closest surface     5.259   H21 ASB X    0
  found on step    1
 current point:
  at point   -0.236   0.357  -7.186
  closest atom surface    5.251   H21 ASB X    0
  2nd closest surface     5.252   C32 ASB X    0
  found on step  997
  no. of rejections          252
 stored as   -36

 highest radius point found:
  at point    0.494   0.251  -7.386
  closest atom surface    5.449   C32 ASB X    0
  2nd closest surface     5.450   H21 ASB X    0
  found on step  992
  this is also current point
  no. of rejections          274
 stored as   -37

 highest radius point found:
  at point    0.494   0.251  -7.586
  closest atom surface    5.630   H55 ASB X    0
  2nd closest surface     5.633   H21 ASB X    0
  found on step    1
 current point:
  at point   -0.258   0.384  -7.586
  closest atom surface    5.627   C32 ASB X    0
  2nd closest surface     5.627   H21 ASB X    0
  found on step  995
  no. of rejections          259
 stored as   -38

 highest radius point found:
  at point    0.458   0.282  -7.786
  closest atom surface    5.821   C32 ASB X    0
  2nd closest surface     5.824   H21 ASB X    0
  found on step   76
 current point:
  at point   -0.227   0.390  -7.786
  closest atom surface    5.814   H21 ASB X    0
  2nd closest surface     5.815   C32 ASB X    0
  found on step  999
  no. of rejections          224
 stored as   -39

 highest radius point found:
  at point    0.452   0.290  -7.986
  closest atom surface    6.010   H21 ASB X    0
  2nd closest surface     6.011   C32 ASB X    0
  found on step  739
 current point:
  at point    0.426   0.296  -7.986
  closest atom surface    6.009   C32 ASB X    0
  2nd closest surface     6.009   H21 ASB X    0
  found on step  992
  no. of rejections          243
 stored as   -40

 highest radius point found:
  at point    0.445   0.304  -8.186
  closest atom surface    6.199   C32 ASB X    0
  2nd closest surface     6.199   H55 ASB X    0
  found on step  895
  this is also current point
  no. of rejections          240
 stored as   -41

 highest radius point found:
  at point    0.435   0.320  -8.386
  closest atom surface    6.388   C32 ASB X    0
  2nd closest surface     6.388   H55 ASB X    0
  found on step  626
 current point:
  at point   -0.038   0.396  -8.386
  closest atom surface    6.379   C32 ASB X    0
  2nd closest surface     6.379   H21 ASB X    0
  found on step  980
  no. of rejections          249
 stored as   -42

 highest radius point found:
  at point    0.416   0.331  -8.586
  closest atom surface    6.578   C32 ASB X    0
  2nd closest surface     6.578   H21 ASB X    0
  found on step  533
 current point:
  at point    0.402   0.334  -8.586
  closest atom surface    6.577   C32 ASB X    0
  2nd closest surface     6.578   H21 ASB X    0
  found on step  993
  no. of rejections          217
 stored as   -43

 highest radius point found:
  at point    0.405   0.342  -8.786
  closest atom surface    6.768   H21 ASB X    0
  2nd closest surface     6.769   C32 ASB X    0
  found on step  970
  this is also current point
  no. of rejections          217
 stored as   -44

 highest radius point found:
  at point    0.395   0.356  -8.986
  closest atom surface    6.959   H21 ASB X    0
  2nd closest surface     6.959   H55 ASB X    0
  found on step  989
  this is also current point
  no. of rejections          257
 stored as   -45

 highest radius point found:
  at point    0.357   0.375  -9.186
  closest atom surface    7.150   C32 ASB X    0
  2nd closest surface     7.150   H21 ASB X    0
  found on step  749
 current point:
  at point    0.242   0.396  -9.186
  closest atom surface    7.146   C32 ASB X    0
  2nd closest surface     7.147   H21 ASB X    0
  found on step  985
  no. of rejections          239
 stored as   -46

 highest radius point found:
  at point    0.346   0.387  -9.386
  closest atom surface    7.341   C32 ASB X    0
  2nd closest surface     7.341   H21 ASB X    0
  found on step  928
  this is also current point
  no. of rejections          245
 stored as   -47

 highest radius point found:
  at point    0.359   0.396  -9.586
  closest atom surface    7.534   C32 ASB X    0
  2nd closest surface     7.534   H55 ASB X    0
  found on step  791
 current point:
  at point    0.360   0.395  -9.586
  closest atom surface    7.534   H55 ASB X    0
  2nd closest surface     7.534   H21 ASB X    0
  found on step  993
  no. of rejections          253
 stored as   -48

 highest radius point found:
  at point    0.334   0.410  -9.786
  closest atom surface    7.726   H21 ASB X    0
  2nd closest surface     7.727   C32 ASB X    0
  found on step  779
 current point:
  at point    0.326   0.412  -9.786
  closest atom surface    7.726   C32 ASB X    0
  2nd closest surface     7.726   H21 ASB X    0
  found on step  938
  no. of rejections          268
 stored as   -49

 highest radius point found:
  at point    0.349   0.427  -9.986
  closest atom surface    7.916   H55 ASB X    0
  2nd closest surface     7.916   H53 ASB X    0
  found on step  957
  this is also current point
  no. of rejections          214
 stored as   -50

 highest radius point found:
  at point    0.350   0.384 -10.186
  closest atom surface    8.100   H55 ASB X    0
  2nd closest surface     8.101   H21 ASB X    0
  found on step  833
 current point:
  at point    0.349   0.387 -10.186
  closest atom surface    8.100   H53 ASB X    0
  2nd closest surface     8.100   H55 ASB X    0
  found on step  993
  no. of rejections          249
 stored as   -51

 highest radius point found:
  at point    0.364   0.372 -10.386
  closest atom surface    8.283   H55 ASB X    0
  2nd closest surface     8.284   H53 ASB X    0
  found on step  986
  this is also current point
  no. of rejections          155
 stored as   -52

 highest radius point found:
  at point    0.386   0.373 -10.586
  closest atom surface    8.466   H55 ASB X    0
  2nd closest surface     8.467   H53 ASB X    0
  found on step  145
 current point:
  at point    0.552   0.732 -10.586
  closest atom surface    8.451   H55 ASB X    0
  2nd closest surface     8.452   C32 ASB X    0
  found on step  988
  no. of rejections          232
 stored as   -53

 highest radius point found:
  at point    0.372   0.309 -10.786
  closest atom surface    8.653   H53 ASB X    0
  2nd closest surface     8.655   H55 ASB X    0
  found on step  983
  this is also current point
  no. of rejections          224
 stored as   -54

 highest radius point found:
  at point    0.399   0.272 -10.986
  closest atom surface    8.835   H55 ASB X    0
  2nd closest surface     8.841   H21 ASB X    0
  found on step    7
 current point:
  at point    0.619   0.799 -10.986
  closest atom surface    8.821   H55 ASB X    0
  2nd closest surface     8.821   H53 ASB X    0
  found on step  957
  no. of rejections          250
 stored as   -55

 highest radius point found:
  at point    0.388   0.252 -11.186
  closest atom surface    9.027   H53 ASB X    0
  2nd closest surface     9.027   H55 ASB X    0
  found on step  950
  this is also current point
  no. of rejections          240
 stored as   -56

 highest radius point found:
  at point    0.400   0.222 -11.386
  closest atom surface    9.213   H55 ASB X    0
  2nd closest surface     9.214   H21 ASB X    0
  found on step  996
  this is also current point
  no. of rejections          241
 stored as   -57

 highest radius point found:
  at point    0.426   0.229 -11.586
  closest atom surface    9.398   H55 ASB X    0
  2nd closest surface     9.403   H53 ASB X    0
  found on step   78
 current point:
  at point    0.552   0.524 -11.586
  closest atom surface    9.385   H53 ASB X    0
  2nd closest surface     9.385   H55 ASB X    0
  found on step  972
  no. of rejections          246
 stored as   -58

 highest radius point found:
  at point    0.414   0.175 -11.786
  closest atom surface    9.590   H55 ASB X    0
  2nd closest surface     9.591   H53 ASB X    0
  found on step  629
 current point:
  at point    0.411   0.165 -11.786
  closest atom surface    9.590   H21 ASB X    0
  2nd closest surface     9.591   H55 ASB X    0
  found on step  908
  no. of rejections          238
 stored as   -59

 highest radius point found:
  at point    0.419   0.146 -11.986
  closest atom surface    9.779   H53 ASB X    0
  2nd closest surface     9.780   H55 ASB X    0
  found on step  875
 current point:
  at point    0.421   0.150 -11.986
  closest atom surface    9.779   H53 ASB X    0
  2nd closest surface     9.779   H55 ASB X    0
  found on step  921
  no. of rejections          206
 stored as   -60

 highest radius point found:
  at point    0.428   0.118 -12.186
  closest atom surface    9.969   H55 ASB X    0
  2nd closest surface     9.969   H53 ASB X    0
  found on step  982
  this is also current point
  no. of rejections          249
 stored as   -61

 highest radius point found:
  at point    0.452   0.135 -12.386
  closest atom surface   10.154   H26 ASB X    0
  2nd closest surface    10.155   H53 ASB X    0
  found on step  969
  this is also current point
  no. of rejections          242
 stored as   -62

 highest radius point found:
  at point    0.489   0.180 -12.586
  closest atom surface   10.339   H53 ASB X    0
  2nd closest surface    10.340   H26 ASB X    0
  found on step  617
 current point:
  at point    0.745   0.722 -12.586
  closest atom surface   10.322   H55 ASB X    0
  2nd closest surface    10.322   H53 ASB X    0
  found on step  993
  no. of rejections          237
 stored as   -63

 highest radius point found:
  at point    0.541   0.236 -12.786
  closest atom surface   10.526   H26 ASB X    0
  2nd closest surface    10.526   H53 ASB X    0
  found on step  871
 current point:
  at point    0.537   0.231 -12.786
  closest atom surface   10.526   H26 ASB X    0
  2nd closest surface    10.526   H53 ASB X    0
  found on step  968
  no. of rejections          226
 stored as   -64

 highest radius point found:
  at point    0.593   0.304 -12.986
  closest atom surface   10.712   H55 ASB X    0
  2nd closest surface    10.712   H53 ASB X    0
  found on step  347
 current point:
  at point    0.593   0.304 -12.986
  closest atom surface   10.712   H53 ASB X    0
  2nd closest surface    10.712   H55 ASB X    0
  found on step  966
  no. of rejections          236
 stored as   -65

 highest radius point found:
  at point    0.624   0.325 -13.186
  closest atom surface   10.899   H26 ASB X    0
  2nd closest surface    10.901   H55 ASB X    0
  found on step  994
  this is also current point
  no. of rejections          231
 stored as   -66

 highest radius point found:
  at point    0.669   0.383 -13.386
  closest atom surface   11.089   H53 ASB X    0
  2nd closest surface    11.089   H55 ASB X    0
  found on step  963
  this is also current point
  no. of rejections          235
 stored as   -67

 highest radius point found:
  at point    0.707   0.423 -13.586
  closest atom surface   11.278   H26 ASB X    0
  2nd closest surface    11.278   H53 ASB X    0
  found on step  852
 current point:
  at point    0.725   0.460 -13.586
  closest atom surface   11.277   H55 ASB X    0
  2nd closest surface    11.277   H53 ASB X    0
  found on step  951
  no. of rejections          245
 stored as   -68

 highest radius point found:
  at point    0.753   0.478 -13.786
  closest atom surface   11.468   H53 ASB X    0
  2nd closest surface    11.468   H55 ASB X    0
  found on step  898
  this is also current point
  no. of rejections          259
 stored as   -69

 highest radius point found:
  at point    0.792   0.522 -13.986
  closest atom surface   11.658   H53 ASB X    0
  2nd closest surface    11.658   H37 ASB X    0
  found on step  972
  this is also current point
  no. of rejections          242
 stored as   -70

 highest radius point found:
  at point    0.799   0.526 -14.186
  closest atom surface   11.845   H53 ASB X    0
  2nd closest surface    11.845   H37 ASB X    0
  found on step  988
  this is also current point
  no. of rejections          210
 stored as   -71

 highest radius point found:
  at point    0.806   0.538 -14.386
  closest atom surface   12.030   H53 ASB X    0
  2nd closest surface    12.032   H37 ASB X    0
  found on step  955
  this is also current point
  no. of rejections          228
 stored as   -72

 highest radius point found:
  at point    0.810   0.531 -14.586
  closest atom surface   12.218   H53 ASB X    0
  2nd closest surface    12.221   H26 ASB X    0
  found on step  996
  this is also current point
  no. of rejections          227
 stored as   -73

 highest radius point found:
  at point    0.812   0.523 -14.786
  closest atom surface   12.407   H53 ASB X    0
  2nd closest surface    12.407   H26 ASB X    0
  found on step    2
 current point:
  at point   -0.075  -0.600 -14.786
  closest atom surface   12.383   H53 ASB X    0
  2nd closest surface    12.383   H26 ASB X    0
  found on step  939
  no. of rejections          217
 stored as   -74

 highest radius point found:
  at point    0.812   0.523 -14.986
  closest atom surface   12.593   H53 ASB X    0
  2nd closest surface    12.596   H26 ASB X    0
  found on step    1
 current point:
  at point   -0.116  -0.659 -14.986
  closest atom surface   12.574   H26 ASB X    0
  2nd closest surface    12.574   H53 ASB X    0
  found on step  992
  no. of rejections          201
 stored as   -75

 highest radius point found:
  at point    0.840   0.547 -15.186
  closest atom surface   12.785   H53 ASB X    0
  2nd closest surface    12.785   H26 ASB X    0
  found on step  953
  this is also current point
  no. of rejections          229
 stored as   -76

 highest radius point found:
  at point    0.840   0.547 -15.386
  closest atom surface   12.972   H53 ASB X    0
  2nd closest surface    12.975   H26 ASB X    0
  found on step    1
 current point:
  at point   -0.206  -0.781 -15.386
  closest atom surface   12.957   H53 ASB X    0
  2nd closest surface    12.958   H26 ASB X    0
  found on step  987
  no. of rejections          221
 stored as   -77

 highest radius point found:
  at point    0.857   0.558 -15.586
  closest atom surface   13.163   H53 ASB X    0
  2nd closest surface    13.163   H37 ASB X    0
  found on step  933
  this is also current point
  no. of rejections          221
 stored as   -78

 highest radius point found:
  at point    0.866   0.565 -15.786
  closest atom surface   13.353   H37 ASB X    0
  2nd closest surface    13.353   H53 ASB X    0
  found on step  980
  this is also current point
  no. of rejections          222
 stored as   -79

 highest radius point found:
  at point    0.879   0.565 -15.986
  closest atom surface   13.542   H26 ASB X    0
  2nd closest surface    13.542   H37 ASB X    0
  found on step    2
 current point:
  at point    0.859   0.548 -15.986
  closest atom surface   13.542   H26 ASB X    0
  2nd closest surface    13.542   H53 ASB X    0
  found on step  992
  no. of rejections          230
 stored as   -80

 highest radius point found:
  at point    0.873   0.561 -16.186
  closest atom surface   13.732   H53 ASB X    0
  2nd closest surface    13.732   H26 ASB X    0
  found on step  982
  this is also current point
  no. of rejections          230
 stored as   -81

 highest radius point found:
  at point    0.888   0.574 -16.386
  closest atom surface   13.923   H53 ASB X    0
  2nd closest surface    13.924   H26 ASB X    0
  found on step  971
  this is also current point
  no. of rejections          233
 stored as   -82

 highest radius point found:
  at point    0.888   0.574 -16.586
  closest atom surface   14.112   H53 ASB X    0
  2nd closest surface    14.115   H26 ASB X    0
  found on step    1
 current point:
  at point    0.890   0.592 -16.586
  closest atom surface   14.111   H53 ASB X    0
  2nd closest surface    14.115   H37 ASB X    0
  found on step  996
  no. of rejections          191
 stored as   -83

 highest radius point found:
  at point    0.906   0.584 -16.786
  closest atom surface   14.305   H26 ASB X    0
  2nd closest surface    14.305   H37 ASB X    0
  found on step  975
  this is also current point
  no. of rejections          215
 stored as   -84

 highest radius point found:
  at point    0.913   0.590 -16.986
  closest atom surface   14.496   H53 ASB X    0
  2nd closest surface    14.497   H37 ASB X    0
  found on step  985
  this is also current point
  no. of rejections          228
 stored as   -85

 highest radius point found:
  at point    0.919   0.589 -17.186
  closest atom surface   14.688   H26 ASB X    0
  2nd closest surface    14.688   H53 ASB X    0
  found on step  877
 current point:
  at point    0.903   0.570 -17.186
  closest atom surface   14.686   H53 ASB X    0
  2nd closest surface    14.686   H26 ASB X    0
  found on step  981
  no. of rejections          207
 stored as   -86

 highest radius point found:
  at point    0.930   0.599 -17.386
  closest atom surface   14.880   H53 ASB X    0
  2nd closest surface    14.880   H37 ASB X    0
  found on step  984
  this is also current point
  no. of rejections          227
 stored as   -87

 highest radius point found:
  at point    0.938   0.605 -17.586
  closest atom surface   15.071   H53 ASB X    0
  2nd closest surface    15.071   H37 ASB X    0
  found on step  934
  this is also current point
  no. of rejections          210
 stored as   -88

 highest radius point found:
  at point    0.938   0.605 -17.786
  closest atom surface   15.262   H53 ASB X    0
  2nd closest surface    15.264   H26 ASB X    0
  found on step    1
 current point:
  at point    0.963   0.609 -17.786
  closest atom surface   15.260   H37 ASB X    0
  2nd closest surface    15.261   H26 ASB X    0
  found on step  985
  no. of rejections          165
 stored as   -89

 highest radius point found:
  at point    0.933   0.585 -17.986
  closest atom surface   15.453   H53 ASB X    0
  2nd closest surface    15.454   H26 ASB X    0
  found on step    7
 current point:
  at point    0.944   0.577 -17.986
  closest atom surface   15.450   H26 ASB X    0
  2nd closest surface    15.457   H53 ASB X    0
  found on step  999
  no. of rejections          226
 stored as   -90

 highest radius point found:
  at point    0.957   0.612 -18.186
  closest atom surface   15.647   H53 ASB X    0
  2nd closest surface    15.648   H26 ASB X    0
  found on step  300
 current point:
  at point    0.594   0.146 -18.186
  closest atom surface   15.619   H26 ASB X    0
  2nd closest surface    15.620   H53 ASB X    0
  found on step  979
  no. of rejections          204
 stored as   -91

 highest radius point found:
  at point    0.973   0.616 -18.386
  closest atom surface   15.839   H26 ASB X    0
  2nd closest surface    15.841   H37 ASB X    0
  found on step  990
  this is also current point
  no. of rejections          198
 stored as   -92

 highest radius point found:
  at point    0.976   0.622 -18.586
  closest atom surface   16.033   H53 ASB X    0
  2nd closest surface    16.033   H26 ASB X    0
  found on step  910
  this is also current point
  no. of rejections          212
 stored as   -93

 highest radius point found:
  at point   -0.749  -1.576 -18.786
  closest atom surface   16.270   H26 ASB X    0
  2nd closest surface    16.272   H53 ASB X    0
  found on step  990
  this is also current point
  no. of rejections          191
 stored as   -94

 highest radius point found:
  at point   -0.795  -1.647 -18.986
  closest atom surface   16.464   H10 ASB X    0
  2nd closest surface    16.469   H26 ASB X    0
  found on step  172
 current point:
  at point   -0.818  -1.939 -18.986
  closest atom surface   16.454   H10 ASB X    0
  2nd closest surface    16.456   H26 ASB X    0
  found on step  999
  no. of rejections          217
 stored as   -95

 highest radius point found:
  at point   -0.781  -1.629 -19.186
  closest atom surface   16.660   H26 ASB X    0
  2nd closest surface    16.662   H10 ASB X    0
  found on step 1000
  this is also current point
  no. of rejections          217
 stored as   -96

 highest radius point found:
  at point   -0.789  -1.634 -19.386
  closest atom surface   16.854   H53 ASB X    0
  2nd closest surface    16.854   H26 ASB X    0
  found on step  783
 current point:
  at point   -0.838  -2.145 -19.386
  closest atom surface   16.838   H26 ASB X    0
  2nd closest surface    16.840   H10 ASB X    0
  found on step  999
  no. of rejections          234
 stored as   -97

 highest radius point found:
  at point   -0.794  -1.657 -19.586
  closest atom surface   17.047   H26 ASB X    0
  2nd closest surface    17.049   H10 ASB X    0
  found on step  770
 current point:
  at point   -0.861  -2.296 -19.586
  closest atom surface   17.031   H26 ASB X    0
  2nd closest surface    17.032   H10 ASB X    0
  found on step  925
  no. of rejections          213
 stored as   -98

 highest radius point found:
  at point   -0.804  -1.675 -19.786
  closest atom surface   17.242   H10 ASB X    0
  2nd closest surface    17.242   H26 ASB X    0
  found on step  991
  this is also current point
  no. of rejections          199
 stored as   -99

 highest radius point found:
  at point   -0.805  -1.675 -19.986
  closest atom surface   17.436   H26 ASB X    0
  2nd closest surface    17.437   H53 ASB X    0
  found on step  940
  this is also current point
  no. of rejections          202
 stored as  -100

 highest radius point found:
  at point   -0.805  -1.675 -20.186
  closest atom surface   17.629   H53 ASB X    0
  2nd closest surface    17.630   H26 ASB X    0
  found on step    1
 current point:
  at point   -0.942  -2.948 -20.186
  closest atom surface   17.621   H10 ASB X    0
  2nd closest surface    17.623   H26 ASB X    0
  found on step 1000
  no. of rejections          193
 stored as  -101

 highest radius point found:
  at point   -0.814  -1.723 -20.386
  closest atom surface   17.823   H26 ASB X    0
  2nd closest surface    17.825   H10 ASB X    0
  found on step  396
 current point:
  at point   -0.940  -2.927 -20.386
  closest atom surface   17.816   H26 ASB X    0
  2nd closest surface    17.817   H10 ASB X    0
  found on step  983
  no. of rejections          196
 stored as  -102

 highest radius point found:
  at point   -0.814  -1.723 -20.586
  closest atom surface   18.017   H26 ASB X    0
  2nd closest surface    18.021   H10 ASB X    0
  found on step    1
 current point:
  at point   -0.686  -1.551 -20.586
  closest atom surface   17.999   H26 ASB X    0
  2nd closest surface    18.002   H53 ASB X    0
  found on step  997
  no. of rejections          192
 stored as  -103

 highest radius point found:
  at point   -0.833  -1.770 -20.786
  closest atom surface   18.212   H10 ASB X    0
  2nd closest surface    18.212   H26 ASB X    0
  found on step  790
 current point:
  at point   -0.874  -2.185 -20.786
  closest atom surface   18.202   H26 ASB X    0
  2nd closest surface    18.202   H10 ASB X    0
  found on step  982
  no. of rejections          192
 stored as  -104

 highest radius point found:
  at point   -0.977  -3.196 -20.986
  closest atom surface   18.410   H26 ASB X    0
  2nd closest surface    18.411   H10 ASB X    0
  found on step  342
 current point:
  at point   -0.903  -2.434 -20.986
  closest atom surface   18.396   H26 ASB X    0
  2nd closest surface    18.396   H10 ASB X    0
  found on step  954
  no. of rejections          219
 stored as  -105

 highest radius point found:
  at point   -1.631  -8.927 -21.186
  closest atom surface   19.553   H15 ASB X    0
  2nd closest surface    19.577   C10 ASB X    0
  found on step 1000
  this is also current point
  no. of rejections          164
 stored as  -106

 highest radius point found:
  at point    0.099 -12.687 -21.386
  closest atom surface   20.186   H15 ASB X    0
  2nd closest surface    20.274   H18 ASB X    0
  found on step 1000
  this is also current point
  no. of rejections           98
 stored as  -107

 highest radius point found:
  at point    1.460 -16.984 -21.586
  closest atom surface   21.721   H15 ASB X    0
  2nd closest surface    21.852   H18 ASB X    0
  found on step  999
  this is also current point
  no. of rejections          141
 stored as  -108

 highest radius point found:
  at point    5.099 -24.876 -21.786
  closest atom surface   26.424   H15 ASB X    0
  2nd closest surface    26.483   H18 ASB X    0
  found on step  996
  this is also current point
  no. of rejections          180
 This is an end! (radius above  22.0 angs)
 
 N.b. Graph information routine (HOGRAP) differs 
        markedly from previous versions!
       Information now is written from -ve end
       to +ve in one pass
 
 Explanation of the meaning of each column: 
 First column "cenxyz.cvec" is the coordinate in the
   direction of the channel vector i.e. if the channel
   vector is in z (0 0 1) then it is the z coordinate.
 The second column "radius" is the hole pore radius 
   (as defined in the Biophys J 1993) article).
 The third column "cen_line_D" is the distance 
   measured along the pore centre line - with the 
   first point found set to zero. This was the first
   thing that I used to measure the distance along a pore
   but "cenxyz.cvec" is a much better general measure. 
   However, by comparing changes in this distance to changes in '   "cenxyz.cvec" one can get a measure of how straight a 
   channel is.
 The fourth column "sum{s/(area)}" is useful in conductance
   prediction -
   basically it is the sum of the thickness of each slab
   divided by its area. HOLE uses this measure to estimate
   the macroscopic conductance of a channel.
 If any of this worries you one can see the "raw" results
   of a standard hole run by producing a sphpdb file and 
    directly looking at the results.
 cenxyz.cvec      radius  cen_line_D sum{s/(area point sourc
   -21.58568    21.72053   -43.96108     0.00007   (sampled)
   -21.48568    20.85076   -41.70536     0.00014 (mid-point)
   -21.38568    20.18645   -39.44963     0.00022   (sampled)
   -21.28568    19.76886   -37.37787     0.00030 (mid-point)
   -21.18568    19.55261   -35.30611     0.00038   (sampled)
   -21.08568    18.82390   -32.42007     0.00047 (mid-point)
   -20.98568    18.40961   -29.53403     0.00057   (sampled)
   -20.88568    18.29768   -28.81034     0.00066 (mid-point)
   -20.78568    18.21234   -28.08664     0.00076   (sampled)
   -20.68568    18.11453   -27.98359     0.00086 (mid-point)
   -20.58568    18.01673   -27.88054     0.00095   (sampled)
   -20.48568    17.91971   -27.78054     0.00105 (mid-point)
   -20.38568    17.82273   -27.68054     0.00115   (sampled)
   -20.28568    17.72622   -27.57758     0.00125 (mid-point)
   -20.18568    17.62868   -27.47462     0.00136   (sampled)
   -20.08568    17.53266   -27.37462     0.00146 (mid-point)
   -19.98568    17.43605   -27.27462     0.00156   (sampled)
   -19.88568    17.33908   -27.17462     0.00167 (mid-point)
   -19.78568    17.24182   -27.07462     0.00178   (sampled)
   -19.68568    17.14478   -26.97408     0.00189 (mid-point)
   -19.58568    17.04745   -26.87354     0.00200   (sampled)
   -19.48568    16.95093   -26.77286     0.00211 (mid-point)
   -19.38568    16.85408   -26.67217     0.00222   (sampled)
   -19.28568    16.75705   -26.57205     0.00233 (mid-point)
   -19.18568    16.65967   -26.47193     0.00245   (sampled)
   -19.08568    16.56318   -26.37127     0.00256 (mid-point)
   -18.98568    16.46396   -26.27060     0.00268   (sampled)
   -18.88568    16.36913   -26.16210     0.00280 (mid-point)
   -18.78568    16.26960   -26.05360     0.00292   (sampled)
   -18.68568    16.09460   -24.65268     0.00304 (mid-point)
   -18.58568    16.03310   -23.25176     0.00317   (sampled)
   -18.48568    15.93637   -23.15169     0.00329 (mid-point)
   -18.38568    15.83937   -23.05163     0.00342   (sampled)
   -18.28568    15.74370   -22.95131     0.00355 (mid-point)
   -18.18568    15.64728   -22.85098     0.00368   (sampled)
   -18.08568    15.55024   -22.74935     0.00381 (mid-point)
   -17.98568    15.45326   -22.64772     0.00394   (sampled)
   -17.88568    15.35741   -22.54720     0.00408 (mid-point)
   -17.78568    15.26162   -22.44668     0.00421   (sampled)
   -17.68568    15.16638   -22.34668     0.00435 (mid-point)
   -17.58568    15.07120   -22.24668     0.00449   (sampled)
   -17.48568    14.97536   -22.14655     0.00463 (mid-point)
   -17.38568    14.87956   -22.04643     0.00478   (sampled)
   -17.28568    14.78361   -21.94617     0.00492 (mid-point)
   -17.18568    14.68751   -21.84592     0.00507   (sampled)
   -17.08568    14.59207   -21.74587     0.00522 (mid-point)
   -16.98568    14.49632   -21.64582     0.00537   (sampled)
   -16.88568    14.40096   -21.54571     0.00552 (mid-point)
   -16.78568    14.30516   -21.44560     0.00568   (sampled)
   -16.68568    14.20899   -21.34504     0.00584 (mid-point)
   -16.58568    14.11236   -21.24449     0.00600   (sampled)
   -16.48568    14.01783   -21.14449     0.00616 (mid-point)
   -16.38568    13.92337   -21.04449     0.00632   (sampled)
   -16.28568    13.82785   -20.94403     0.00649 (mid-point)
   -16.18568    13.73240   -20.84356     0.00666   (sampled)
   -16.08568    13.63704   -20.74350     0.00683 (mid-point)
   -15.98568    13.54166   -20.64344     0.00700   (sampled)
   -15.88568    13.44716   -20.54321     0.00718 (mid-point)
   -15.78568    13.35271   -20.44298     0.00736   (sampled)
   -15.68568    13.25803   -20.34283     0.00754 (mid-point)
   -15.58568    13.16332   -20.24268     0.00772   (sampled)
   -15.48568    13.06774   -20.14217     0.00791 (mid-point)
   -15.38568    12.97224   -20.04165     0.00810   (sampled)
   -15.28568    12.87858   -19.94165     0.00829 (mid-point)
   -15.18568    12.78502   -19.84165     0.00849   (sampled)
   -15.08568    12.68900   -19.73992     0.00868 (mid-point)
   -14.98568    12.59307   -19.63819     0.00888   (sampled)
   -14.88568    12.49975   -19.53819     0.00909 (mid-point)
   -14.78568    12.40652   -19.43819     0.00929   (sampled)
   -14.68568    12.31246   -19.33810     0.00950 (mid-point)
   -14.58568    12.21848   -19.23800     0.00972   (sampled)
   -14.48568    12.12434   -19.13793     0.00993 (mid-point)
   -14.38568    12.03029   -19.03785     0.01015   (sampled)
   -14.28568    11.93744   -18.93760     0.01038 (mid-point)
   -14.18568    11.84470   -18.83734     0.01060   (sampled)
   -14.08568    11.75121   -18.73726     0.01083 (mid-point)
   -13.98568    11.65782   -18.63717     0.01107   (sampled)
   -13.88568    11.56272   -18.53287     0.01131 (mid-point)
   -13.78568    11.46777   -18.42858     0.01155   (sampled)
   -13.68568    11.37291   -18.32241     0.01180 (mid-point)
   -13.58568    11.27773   -18.21624     0.01205   (sampled)
   -13.48568    11.18355   -18.11248     0.01230 (mid-point)
   -13.38568    11.08902   -18.00871     0.01256   (sampled)
   -13.28568    10.99436   -17.90223     0.01282 (mid-point)
   -13.18568    10.89917   -17.79575     0.01309   (sampled)
   -13.08568    10.80648   -17.69400     0.01336 (mid-point)
   -12.98568    10.71229   -17.59225     0.01364   (sampled)
   -12.88568    10.61917   -17.48353     0.01392 (mid-point)
   -12.78568    10.52617   -17.37481     0.01421   (sampled)
   -12.68568    10.43235   -17.26767     0.01450 (mid-point)
   -12.58568    10.33871   -17.16054     0.01480   (sampled)
   -12.48568    10.24660   -17.05648     0.01510 (mid-point)
   -12.38568    10.15445   -16.95243     0.01541   (sampled)
   -12.28568    10.06187   -16.85130     0.01573 (mid-point)
   -12.18568     9.96901   -16.75016     0.01605   (sampled)
   -12.08568     9.87429   -16.64913     0.01637 (mid-point)
   -11.98568     9.77949   -16.54810     0.01671   (sampled)
   -11.88568     9.68503   -16.44703     0.01705 (mid-point)
   -11.78568     9.59036   -16.34597     0.01739   (sampled)
   -11.68568     9.49420   -16.24214     0.01774 (mid-point)
   -11.58568     9.39819   -16.13831     0.01810   (sampled)
   -11.48568     9.30569   -16.03739     0.01847 (mid-point)
   -11.38568     9.21336   -15.93647     0.01885   (sampled)
   -11.28568     9.12033   -15.83512     0.01923 (mid-point)
   -11.18568     9.02691   -15.73376     0.01962   (sampled)
   -11.08568     8.93096   -15.63313     0.02002 (mid-point)
   -10.98568     8.83454   -15.53250     0.02043   (sampled)
   -10.88568     8.74450   -15.42990     0.02084 (mid-point)
   -10.78568     8.65333   -15.32730     0.02127   (sampled)
   -10.68568     8.56001   -15.22202     0.02170 (mid-point)
   -10.58568     8.46555   -15.11674     0.02215   (sampled)
   -10.48568     8.37402   -15.01617     0.02260 (mid-point)
   -10.38568     8.28268   -14.91560     0.02307   (sampled)
   -10.28568     8.19103   -14.81513     0.02354 (mid-point)
   -10.18568     8.09956   -14.71467     0.02403   (sampled)
   -10.08568     8.00747   -14.61238     0.02452 (mid-point)
    -9.98568     7.91559   -14.51009     0.02503   (sampled)
    -9.88568     7.82239   -14.40944     0.02555 (mid-point)
    -9.78568     7.72628   -14.30879     0.02608   (sampled)
    -9.68568     7.63040   -14.20778     0.02663 (mid-point)
    -9.58568     7.53429   -14.10677     0.02719   (sampled)
    -9.48568     7.43782   -14.00643     0.02777 (mid-point)
    -9.38568     7.34142   -13.90608     0.02836   (sampled)
    -9.28568     7.24545   -13.80573     0.02896 (mid-point)
    -9.18568     7.14958   -13.70538     0.02959   (sampled)
    -9.08568     7.05445   -13.60312     0.03023 (mid-point)
    -8.98568     6.95923   -13.50086     0.03088   (sampled)
    -8.88568     6.86353   -13.40049     0.03156 (mid-point)
    -8.78568     6.76795   -13.30012     0.03225   (sampled)
    -8.68568     6.67308   -13.19984     0.03297 (mid-point)
    -8.58568     6.57808   -13.09955     0.03370   (sampled)
    -8.48568     6.48289   -12.99895     0.03446 (mid-point)
    -8.38568     6.38782   -12.89835     0.03524   (sampled)
    -8.28568     6.29347   -12.79790     0.03604 (mid-point)
    -8.18568     6.19927   -12.69744     0.03687   (sampled)
    -8.08568     6.10481   -12.59713     0.03773 (mid-point)
    -7.98568     6.01011   -12.49681     0.03861   (sampled)
    -7.88568     5.91592   -12.39669     0.03952 (mid-point)
    -7.78568     5.82112   -12.29657     0.04046   (sampled)
    -7.68568     5.72800   -12.19375     0.04143 (mid-point)
    -7.58568     5.62975   -12.09094     0.04243   (sampled)
    -7.48568     5.53975   -11.99094     0.04347 (mid-point)
    -7.38568     5.44866   -11.89094     0.04454   (sampled)
    -7.28568     5.35428   -11.78916     0.04565 (mid-point)
    -7.18568     5.25870   -11.68739     0.04680   (sampled)
    -7.08568     5.16843   -11.58739     0.04799 (mid-point)
    -6.98568     5.07812   -11.48739     0.04923   (sampled)
    -6.88568     4.98688   -11.38662     0.05051 (mid-point)
    -6.78568     4.89393   -11.28585     0.05184   (sampled)
    -6.68568     4.78128   -10.77646     0.05323 (mid-point)
    -6.58568     4.70780   -10.26706     0.05467   (sampled)
    -6.48568     4.61705   -10.16666     0.05616 (mid-point)
    -6.38568     4.52630   -10.06626     0.05771   (sampled)
    -6.28568     4.43596    -9.96543     0.05933 (mid-point)
    -6.18568     4.34587    -9.86459     0.06102   (sampled)
    -6.08568     4.25658    -9.76430     0.06277 (mid-point)
    -5.98568     4.16640    -9.66400     0.06461   (sampled)
    -5.88568     4.05074    -9.09731     0.06655 (mid-point)
    -5.78568     3.99485    -8.53062     0.06854   (sampled)
    -5.68568     3.90612    -8.43007     0.07063 (mid-point)
    -5.58568     3.81719    -8.32951     0.07281   (sampled)
    -5.48568     3.73202    -8.22852     0.07510 (mid-point)
    -5.38568     3.64570    -8.12753     0.07749   (sampled)
    -5.28568     3.56027    -8.02705     0.08000 (mid-point)
    -5.18568     3.47515    -7.92657     0.08264   (sampled)
    -5.08568     3.39044    -7.82599     0.08541 (mid-point)
    -4.98568     3.30559    -7.72542     0.08832   (sampled)
    -4.88568     3.22125    -7.62513     0.09139 (mid-point)
    -4.78568     3.13763    -7.52484     0.09462   (sampled)
    -4.68568     3.05707    -7.42285     0.09803 (mid-point)
    -4.58568     2.97524    -7.32085     0.10162   (sampled)
    -4.48568     2.89641    -7.22014     0.10542 (mid-point)
    -4.38568     2.81692    -7.11943     0.10943   (sampled)
    -4.28568     2.73675    -7.01910     0.11368 (mid-point)
    -4.18568     2.65759    -6.91877     0.11819   (sampled)
    -4.08568     2.58216    -6.81673     0.12296 (mid-point)
    -3.98568     2.50809    -6.71469     0.12802   (sampled)
    -3.88568     2.35074    -5.97200     0.13378 (mid-point)
    -3.78568     2.35164    -5.22931     0.13954   (sampled)
    -3.68568     2.28026    -5.12833     0.14566 (mid-point)
    -3.58568     2.21047    -5.02736     0.15217   (sampled)
    -3.48568     2.04889    -4.24127     0.15976 (mid-point)
    -3.38568     2.08425    -3.45518     0.16708   (sampled)
    -3.28568     2.02028    -3.35433     0.17488 (mid-point)
    -3.18568     1.95561    -3.25348     0.18320   (sampled)
    -3.08568     1.89095    -3.15194     0.19211 (mid-point)
    -2.98568     1.82774    -3.05040     0.20164   (sampled)
    -2.88568     1.76403    -2.94909     0.21186 (mid-point)
    -2.78568     1.70185    -2.84779     0.22285   (sampled)
    -2.68568     1.64244    -2.74522     0.23465 (mid-point)
    -2.58568     1.58433    -2.64266     0.24734   (sampled)
    -2.48568     1.52841    -2.54044     0.26096 (mid-point)
    -2.38568     1.47545    -2.43823     0.27558   (sampled)
    -2.28568     1.42488    -2.33594     0.29126 (mid-point)
    -2.18568     1.37530    -2.23364     0.30809   (sampled)
    -2.08568     1.33170    -2.13056     0.32604 (mid-point)
    -1.98568     1.28820    -2.02748     0.34522   (sampled)
    -1.88568     1.24970    -1.92438     0.36560 (mid-point)
    -1.78568     1.21394    -1.82127     0.38720   (sampled)
    -1.68568     1.18139    -1.71749     0.41001 (mid-point)
    -1.58568     1.15207    -1.61370     0.43399   (sampled)
    -1.48568     1.12429    -1.51104     0.45917 (mid-point)
    -1.38568     1.09983    -1.40838     0.48549   (sampled)
    -1.28568     1.07393    -1.30782     0.51309 (mid-point)
    -1.18568     1.05129    -1.20725     0.54189   (sampled)
    -1.08568     1.03295    -1.10666     0.57172 (mid-point)
    -0.98568     1.01573    -1.00606     0.60257   (sampled)
    -0.88568     1.00241    -0.90514     0.63425 (mid-point)
    -0.78568     0.99096    -0.80422     0.66667   (sampled)
    -0.68568     0.98771    -0.70384     0.69929 (mid-point)
    -0.58568     0.98700    -0.60345     0.73197   (sampled)
    -0.48568     0.98798    -0.50274     0.76458 (mid-point)
    -0.38568     0.99254    -0.40203     0.79689   (sampled)
    -0.28568     1.00242    -0.30150     0.82857 (mid-point)
    -0.18568     1.01580    -0.20096     0.85942   (sampled)
    -0.08568     1.03084    -0.10048     0.88937 (mid-point)
     0.01432     1.04927     0.00000     0.91828   (sampled)
     0.11432     1.07217     0.10063     0.94597 (mid-point)
     0.21432     1.09833     0.20125     0.97236   (sampled)
     0.31432     1.12637     0.30212     0.99745 (mid-point)
     0.41432     1.15754     0.40298     1.02121   (sampled)
     0.51432     1.19005     0.50385     1.04368 (mid-point)
     0.61432     1.22491     0.60471     1.06490   (sampled)
     0.71432     1.26317     0.70615     1.08485 (mid-point)
     0.81432     1.30315     0.80758     1.10359   (sampled)
     0.91432     1.34668     0.90863     1.12114 (mid-point)
     1.01432     1.39278     1.00967     1.13755   (sampled)
     1.11432     1.44225     1.11016     1.15285 (mid-point)
     1.21432     1.49299     1.21065     1.16713   (sampled)
     1.31432     1.54846     1.31168     1.18041 (mid-point)
     1.41432     1.60516     1.41270     1.19276   (sampled)
     1.51432     1.66451     1.51345     1.20425 (mid-point)
     1.61432     1.72570     1.61420     1.21494   (sampled)
     1.71432     1.78832     1.71489     1.22489 (mid-point)
     1.81432     1.85296     1.81557     1.23416   (sampled)
     1.91432     1.91672     1.91674     1.24283 (mid-point)
     2.01432     1.98255     2.01792     1.25093   (sampled)
     2.11432     2.04782     2.12002     1.25852 (mid-point)
     2.21432     2.11411     2.22213     1.26564   (sampled)
     2.31432     2.18407     2.32368     1.27231 (mid-point)
     2.41432     2.25535     2.42523     1.27857   (sampled)
     2.51432     2.32714     2.52699     1.28445 (mid-point)
     2.61432     2.40016     2.62874     1.28997   (sampled)
     2.71432     2.47462     2.73078     1.29517 (mid-point)
     2.81432     2.55018     2.83283     1.30007   (sampled)
     2.91432     2.62793     2.93406     1.30467 (mid-point)
     3.01432     2.70661     3.03528     1.30902   (sampled)
     3.11432     2.78665     3.13638     1.31312 (mid-point)
     3.21432     2.86650     3.23747     1.31699   (sampled)
     3.31432     2.94808     3.33926     1.32066 (mid-point)
     3.41432     3.02963     3.44104     1.32412   (sampled)
     3.51432     3.10901     3.54152     1.32742 (mid-point)
     3.61432     3.18584     3.64200     1.33055   (sampled)
     3.71432     3.26025     3.74606     1.33355 (mid-point)
     3.81432     3.33567     3.85013     1.33641   (sampled)
     3.91432     3.40996     3.95194     1.33915 (mid-point)
     4.01432     3.48313     4.05375     1.34177   (sampled)
     4.11432     3.55764     4.15608     1.34428 (mid-point)
     4.21432     3.63305     4.25842     1.34670   (sampled)
     4.31432     3.70937     4.36029     1.34901 (mid-point)
     4.41432     3.78602     4.46217     1.35123   (sampled)
     4.51432     3.86369     4.56461     1.35336 (mid-point)
     4.61432     3.94167     4.66706     1.35541   (sampled)
     4.71432     4.02094     4.76911     1.35738 (mid-point)
     4.81432     4.09985     4.87116     1.35927   (sampled)
     4.91432     4.18058     4.97345     1.36109 (mid-point)
     5.01432     4.26195     5.07574     1.36285   (sampled)
     5.11432     4.34383     5.17819     1.36453 (mid-point)
     5.21432     4.42552     5.28065     1.36616   (sampled)
     5.31432     4.50842     5.38351     1.36772 (mid-point)
     5.41432     4.59190     5.48637     1.36923   (sampled)
     5.51432     4.67649     5.58826     1.37069 (mid-point)
     5.61432     4.76158     5.69015     1.37209   (sampled)
     5.71432     4.84687     5.79283     1.37345 (mid-point)
     5.81432     4.93224     5.89550     1.37476   (sampled)
     5.91432     5.01856     5.99777     1.37602 (mid-point)
     6.01432     5.10493     6.10004     1.37724   (sampled)
     6.11432     5.19218     6.20233     1.37842 (mid-point)
     6.21432     5.27983     6.30461     1.37957   (sampled)
     6.31432     5.36784     6.40702     1.38067 (mid-point)
     6.41432     5.45622     6.50943     1.38174   (sampled)
     6.51432     5.54496     6.61163     1.38277 (mid-point)
     6.61432     5.63404     6.71383     1.38378   (sampled)
     6.71432     5.71589     6.82094     1.38475 (mid-point)
     6.81432     5.79837     6.92805     1.38570   (sampled)
     6.91432     5.89577     7.03250     1.38661 (mid-point)
     7.01432     5.99326     7.13695     1.38750   (sampled)
     7.11432     6.08455     7.23860     1.38836 (mid-point)
     7.21432     6.17601     7.34025     1.38919   (sampled)
     7.31432     6.26691     7.44247     1.39001 (mid-point)
     7.41432     6.35808     7.54468     1.39079   (sampled)
     7.51432     6.44930     7.64936     1.39156 (mid-point)
     7.61432     6.53999     7.75403     1.39230   (sampled)
     7.71432     6.62789     7.85922     1.39303 (mid-point)
     7.81432     6.71530     7.96441     1.39373   (sampled)
     7.91432     6.81076     8.07208     1.39442 (mid-point)
     8.01432     6.90514     8.17974     1.39509   (sampled)
     8.11432     6.99637     8.28392     1.39574 (mid-point)
     8.21432     7.08787     8.38811     1.39637   (sampled)
     8.31432     7.18185     8.49625     1.39699 (mid-point)
     8.41432     7.27613     8.60439     1.39759   (sampled)
     8.51432     7.36942     8.70911     1.39817 (mid-point)
     8.61432     7.46294     8.81382     1.39875   (sampled)
     8.71432     7.55747     8.91808     1.39930 (mid-point)
     8.81432     7.65218     9.02234     1.39985   (sampled)
     8.91432     7.74573     9.13188     1.40038 (mid-point)
     9.01432     7.83965     9.24143     1.40090   (sampled)
     9.11432     7.93539     9.34349     1.40140 (mid-point)
     9.21432     8.03101     9.44555     1.40189   (sampled)
     9.31432     8.12617     9.55249     1.40238 (mid-point)
     9.41432     8.22156     9.65942     1.40285   (sampled)
     9.51432     8.31710     9.76548     1.40331 (mid-point)
     9.61432     8.41282     9.87154     1.40376   (sampled)
     9.71432     8.50656     9.97520     1.40420 (mid-point)
     9.81432     8.59923    10.07886     1.40463   (sampled)
     9.91432     8.68590    10.19521     1.40505 (mid-point)
    10.01432     8.77314    10.31156     1.40546   (sampled)
    10.11432     8.86148    10.43018     1.40587 (mid-point)
    10.21432     8.95027    10.54880     1.40627   (sampled)
    10.31432     9.04076    10.66116     1.40666 (mid-point)
    10.41432     9.13105    10.77352     1.40704   (sampled)
    10.51432     9.22051    10.89528     1.40741 (mid-point)
    10.61432     9.30997    11.01704     1.40778   (sampled)
    10.71432     9.40232    11.12903     1.40814 (mid-point)
    10.81432     9.49503    11.24103     1.40849   (sampled)
    10.91432     9.58703    11.35779     1.40884 (mid-point)
    11.01432     9.67949    11.47456     1.40918   (sampled)
    11.11432     9.75799    11.72488     1.40951 (mid-point)
    11.21432     9.84132    11.97519     1.40984   (sampled)
    11.31432     9.94686    12.13421     1.41016 (mid-point)
    11.41432    10.05358    12.29323     1.41048   (sampled)
    11.51432    10.14827    12.40825     1.41079 (mid-point)
    11.61432    10.24332    12.52327     1.41109   (sampled)
    11.71432    10.33907    12.63622     1.41139 (mid-point)
    11.81432    10.43512    12.74917     1.41168   (sampled)
    11.91432    10.53113    12.86461     1.41197 (mid-point)
    12.01432    10.62589    12.98005     1.41225   (sampled)
    12.11432    10.71729    13.08805     1.41253 (mid-point)
    12.21432    10.80896    13.19606     1.41280   (sampled)
    12.31432    10.90064    13.30512     1.41307 (mid-point)
    12.41432    10.99260    13.41419     1.41333   (sampled)
    12.51432    11.08470    13.52301     1.41359 (mid-point)
    12.61432    11.17703    13.63182     1.41384   (sampled)
    12.71432    11.27017    13.73891     1.41409 (mid-point)
    12.81432    11.36349    13.84599     1.41434   (sampled)
    12.91432    11.45652    13.95474     1.41458 (mid-point)
    13.01432    11.54978    14.06350     1.41482   (sampled)
    13.11432    11.64257    14.17557     1.41506 (mid-point)
    13.21432    11.73564    14.28764     1.41529   (sampled)
    13.31432    11.83030    14.39395     1.41552 (mid-point)
    13.41432    11.92512    14.50026     1.41574   (sampled)
    13.51432    12.01943    14.60952     1.41596 (mid-point)
    13.61432    12.11395    14.71878     1.41618   (sampled)
    13.71432    12.20950    14.82525     1.41639 (mid-point)
    13.81432    12.30470    14.93172     1.41660   (sampled)
    13.91432    12.39986    15.04329     1.41681 (mid-point)
    14.01432    12.49475    15.15486     1.41701   (sampled)
    14.11432    12.59071    15.26165     1.41721 (mid-point)
    14.21432    12.68681    15.36844     1.41741   (sampled)
    14.31432    12.78287    15.47685     1.41760 (mid-point)
    14.41432    12.87910    15.58526     1.41780   (sampled)
    14.51432    12.97513    15.69548     1.41799 (mid-point)
    14.61432    13.07136    15.80570     1.41817   (sampled)
    14.71432    13.16814    15.91381     1.41836 (mid-point)
    14.81432    13.26507    16.02193     1.41854   (sampled)
    14.91432    13.36227    16.12911     1.41871 (mid-point)
    15.01432    13.45961    16.23630     1.41889   (sampled)
    15.11432    13.55637    16.34399     1.41906 (mid-point)
    15.21432    13.65207    16.45167     1.41923   (sampled)
    15.31432    13.74730    16.55789     1.41940 (mid-point)
    15.41432    13.84264    16.66411     1.41957   (sampled)
    15.51432    13.93906    16.76758     1.41973 (mid-point)
    15.61432    14.03296    16.87104     1.41989   (sampled)
    15.71432    14.12617    16.97443     1.42005 (mid-point)
    15.81432    14.21951    17.07781     1.42021   (sampled)
    15.91432    14.31341    17.18061     1.42037 (mid-point)
    16.01432    14.40742    17.28342     1.42052   (sampled)
    16.11432    14.50125    17.38653     1.42067 (mid-point)
    16.21432    14.59515    17.48963     1.42082   (sampled)
    16.31432    14.68158    17.58963     1.42097 (mid-point)
    16.41432    14.76808    17.68963     1.42111   (sampled)
    16.51432    14.86907    17.80296     1.42126 (mid-point)
    16.61432    14.97022    17.91629     1.42140   (sampled)
    16.71432    15.06436    18.02119     1.42154 (mid-point)
    16.81432    15.15861    18.12609     1.42168   (sampled)
    16.91432    15.25261    18.23062     1.42182 (mid-point)
    17.01432    15.34673    18.33515     1.42195   (sampled)
    17.11432    15.44150    18.43859     1.42208 (mid-point)
    17.21432    15.53496    18.54203     1.42222   (sampled)
    17.31432    15.63045    18.64754     1.42235 (mid-point)
    17.41432    15.72465    18.75304     1.42248   (sampled)
    17.51432    15.81980    18.85660     1.42260 (mid-point)
    17.61432    15.91482    18.96015     1.42273   (sampled)
    17.71432    16.00967    19.06440     1.42285 (mid-point)
    17.81432    16.10444    19.16864     1.42298   (sampled)
    17.91432    16.20013    19.27367     1.42310 (mid-point)
    18.01432    16.29512    19.37869     1.42322   (sampled)
    18.11432    16.39033    19.48365     1.42333 (mid-point)
    18.21432    16.48565    19.58860     1.42345   (sampled)
    18.31432    16.58142    19.69250     1.42357 (mid-point)
    18.41432    16.67728    19.79640     1.42368   (sampled)
    18.51432    16.77309    19.90061     1.42380 (mid-point)
    18.61432    16.86899    20.00482     1.42391   (sampled)
    18.71432    16.96488    20.10945     1.42402 (mid-point)
    18.81432    17.06086    20.21409     1.42413   (sampled)
    18.91432    17.15704    20.31809     1.42424 (mid-point)
    19.01432    17.25327    20.42209     1.42434   (sampled)
    19.11432    17.34949    20.52724     1.42445 (mid-point)
    19.21432    17.44562    20.63239     1.42455   (sampled)
    19.31432    17.54233    20.73600     1.42466 (mid-point)
    19.41432    17.63896    20.83961     1.42476   (sampled)
    19.51432    17.73473    20.94298     1.42486 (mid-point)
    19.61432    17.82984    21.04636     1.42496   (sampled)
    19.71432    17.92403    21.14829     1.42506 (mid-point)
    19.81432    18.01829    21.25022     1.42516   (sampled)
    19.91432    18.11300    21.35189     1.42525 (mid-point)
    20.01432    18.20778    21.45356     1.42535   (sampled)
    20.11432    18.30255    21.55535     1.42544 (mid-point)
    20.21432    18.39738    21.65714     1.42554   (sampled)
    20.31432    18.49234    21.75881     1.42563 (mid-point)
    20.41432    18.58736    21.86047     1.42572   (sampled)
    20.51432    18.68050    21.96469     1.42582 (mid-point)
    20.61432    18.77375    22.06892     1.42591   (sampled)
    20.71432    18.87065    22.16936     1.42600 (mid-point)
    20.81432    18.96641    22.26980     1.42608   (sampled)
    20.91432    19.06216    22.37222     1.42617 (mid-point)
    21.01432    19.15681    22.47464     1.42626   (sampled)
    21.11432    19.25260    22.57620     1.42634 (mid-point)
    21.21432    19.34816    22.67775     1.42643   (sampled)
    21.31432    19.44387    22.77944     1.42651 (mid-point)
    21.41432    19.53951    22.88113     1.42660   (sampled)
    21.51432    19.63492    22.98311     1.42668 (mid-point)
    21.61432    19.73039    23.08509     1.42676   (sampled)
    21.71432    19.82619    23.18678     1.42684 (mid-point)
    21.81432    19.92203    23.28848     1.42692   (sampled)
    21.91432    20.01756    23.39078     1.42700 (mid-point)
    22.01432    20.11316    23.49308     1.42708   (sampled)
    22.11432    20.20906    23.59487     1.42716 (mid-point)
    22.21432    20.30502    23.69667     1.42724   (sampled)
    22.31432    20.29842    26.41804     1.42731 (mid-point)
    22.41432    20.58795    29.13941     1.42739   (sampled)
    22.51432    21.02300    31.21692     1.42746 (mid-point)
    22.61432    21.63444    33.29444     1.42753   (sampled)

 Minimum radius found:      0.987 angstroms.



 For spherical probe approach, The geometric factor
         F= sum(ds/area) along channel is    1.428 angstroms**-1
 This yields a macroscopic predicted molar conductance of:
   (1/rho)*(100/F)= (70/rho) pS,
   where rho is the conductivity of 1M permeant ion in ohm m.
 N.B. this is a macroscopic conductance - an overestimate 
 Empirically corrected conductances currently only available
 With the CAPSULE option (although its not that stable!)
 For 1M KCl rho= 1/12 (ohm m), So Gmacro= 840 pS/M.
  (TAG      1   Rmin=     0.98700   Gmacro=   840.61429 Conn_Gmacro=    -1.00000 ).
 HOLE: normal completion
