 *** Program HOLE ***
 
 If results of this run are reported or published, please
 cite the publication listed below.
 For the HOLE program:
   Smart, O.S., Goodfellow, J.M., Wallace, B.A. (1993). 
   The pore dimensions of gramicidin A. 
   Biophys. J., 65, 2455-2460.
 
 Originally written by Oliver Smart at Birkbeck College from April 1992.
 Copyright 1993-2005 Oliver Smart
 Copyright 2014-2015 SmartSci Limited.
 Copyright 2016 Oliver Smart.
 
 For help on HOLE suite see  http://www.holeprogram.org/
 
 HOLE release 2.2.005 (07 August 2016) 
 
 usage subject to Apache License, Version 2.0 
 see http://www.apache.org/licenses/LICENSE-2.0 

 Control variables read:

! Input file for Oliver Smart's HOLE program
! written by MDAnalysis.analysis.hole2.HoleAnalysis
! for a Universe
! u = mda.Universe(host_3Anthracene+dithiol+1DM.mol2
!    host_3Anthracene+dithiol+1DM.mol2
!   )
! Frame 0

COORD  /tmp/tmpyp4m40f_.pdb
RADIUS simple2.rad
SPHPDB hole000.sph
SAMPLE 0.200000
ENDRAD 22.000000
IGNORE SOL WAT TIP HOH K   NA  CL
SHORTO 0
RASEED 31415
CPOINT -0.1185290188 -0.0230193618 -0.0664580629


 WARNING have not found a CVECT record - will try to guess
 Input pdb filename read as:    '/tmp/tmpyp4m40f_.pdb'
 Input vdW radius file read as: 'simple2.rad'
 point in channel:   -0.119  -0.023  -0.066
 channel vector:   ************************
 sampling distance between planes:    0.200

 graphics conditions:
 binary plot output file name: NONE
 Dot density:    10
 Draw dots?           T
 Draw close contacts? F
 Draw centre line?    T
 Produce spikes rather than dots? F
 Seed for random number generator:     31415 (0 means value set by program)
 Radius above which a result is regarded as an 'end':  22.000
 Pdb format file for sphere centres: hole000.sph

 Monte Carlo conditions:
  no of steps:  1000
  maximum displacement   0.100 angs
  'kT' initial   0.100 angs
 The spherebox and capsule options are turned off.
 (No molqpt card so will not write qpt file of the molecule)
 IGNORE card read so will ignore residue types: SOL WAT TIP HOH K   NA  CL
 no SHORTO card read so will produce full textual output
 As no PEGRAT card was found will not produce PEG polymer exclusion graph
 (No 2DMAPS card specified so will not produce 2D property maps)
 Have not found a CUT card.  Normal calculation using
   Cutoff lists with a cutsize=       1.000
   (if you wish to turn off option use a CUT -1 card)

 Have read     7 bond radius records and
              16 vdW radius records.
 From file: simple2.rad

 Have read   155 atom records.
 From file: /tmp/tmpyp4m40f_.pdb
 Will not produce graphical output
 Warning have tried to open file: 'hole000.sph' as NEW but
         this file already exists - old version kept as 'hole000.sph.old'

 Have opened file for pdb format output of sphere centres:  hole000.sph

  Seed integer used by ran # generator on this run      31415

 
 S/R cguess will try to guess CPOINT and/or CVECT
 
 THESE GUESSES MAY WELL BE WRONG!!!!
 Routine relies on having a reasonably symmetric
 channel oriented along x, y or z vector
 YOU ARE STRONGLY ADVISED TO CHECK THE RESULTS
                       WITH MOLECULAR GRAPHICS
 testing points from cpoint in X, Y then Z direction
   point                   pore radius
direction     1
  -5.119  -0.023  -0.066     0.084
  -4.119  -0.023  -0.066     1.008
  -3.119  -0.023  -0.066     1.954
  -2.119  -0.023  -0.066     2.927
  -1.119  -0.023  -0.066     3.911
  -0.119  -0.023  -0.066     4.900
   0.881  -0.023  -0.066     4.726
   1.881  -0.023  -0.066     4.098
   2.881  -0.023  -0.066     3.541
   3.881  -0.023  -0.066     2.895
   4.881  -0.023  -0.066     2.121
 Average pore radius along the line=      2.924
direction     2
  -0.119  -5.023  -0.066     1.326
  -0.119  -4.023  -0.066     1.849
  -0.119  -3.023  -0.066     2.558
  -0.119  -2.023  -0.066     3.382
  -0.119  -1.023  -0.066     4.267
  -0.119  -0.023  -0.066     4.900
  -0.119   0.977  -0.066     4.391
  -0.119   1.977  -0.066     3.411
  -0.119   2.977  -0.066     2.444
  -0.119   3.977  -0.066     1.501
  -0.119   4.977  -0.066     0.629
 Average pore radius along the line=      2.787
direction     3
  -0.119  -0.023  -5.066     6.089
  -0.119  -0.023  -4.066     5.665
  -0.119  -0.023  -3.066     5.371
  -0.119  -0.023  -2.066     5.074
  -0.119  -0.023  -1.066     4.904
  -0.119  -0.023  -0.066     4.900
  -0.119  -0.023   0.934     4.798
  -0.119  -0.023   1.934     4.793
  -0.119  -0.023   2.934     4.937
  -0.119  -0.023   3.934     5.221
  -0.119  -0.023   4.934     5.629
 Average pore radius along the line=      5.216
 Best direction is found to be     3
(1=X,2=Y,3=Z)
 s/r cguess has produced initial values for cpoint &/or cvect:
CPOINT      -0.1185     -0.0230     -0.0665
CVECT        0.0000      0.0000      1.0000
 THESE GUESSES MAY WELL BE WRONG!!!!
 Routine relies on having a reasonably symmetric
 channel oriented along x, y or z vector
 YOU ARE STRONGLY ADVISED TO CHECK THE RESULTS
                       WITH MOLECULAR GRAPHICS
 
 
  Some routines (e.g. conn) need vectors normal to cvect: 
     EAST Zero degrees angle is along vector    1.000   0.000   0.000
     NORTH  90 degrees angle is along vector    0.000  -1.000   0.000
 highest radius point found:
  at point    0.154   0.072  -0.066
  closest atom surface    5.181   H5  URE X    0
  2nd closest surface     5.182   H37 URE X    0
  found on step  961
  this is also current point
  no. of rejections          408
 stored as     0

 highest radius point found:
  at point    0.174   0.063   0.134
  closest atom surface    5.203   C2  URE X    0
  2nd closest surface     5.203   H37 URE X    0
  found on step  971
  this is also current point
  no. of rejections          381
 stored as     1

 highest radius point found:
  at point    0.225   0.046   0.334
  closest atom surface    5.213   H21 URE X    0
  2nd closest surface     5.214   H37 URE X    0
  found on step  971
  this is also current point
  no. of rejections          409
 stored as     2

 highest radius point found:
  at point    0.271   0.035   0.534
  closest atom surface    5.230   H37 URE X    0
  2nd closest surface     5.231   C2  URE X    0
  found on step  805
 current point:
  at point    0.270   0.036   0.534
  closest atom surface    5.230   H37 URE X    0
  2nd closest surface     5.231   C2  URE X    0
  found on step  987
  no. of rejections          401
 stored as     3

 highest radius point found:
  at point    0.318   0.023   0.734
  closest atom surface    5.253   C2  URE X    0
  2nd closest surface     5.254   H37 URE X    0
  found on step  966
  this is also current point
  no. of rejections          405
 stored as     4

 highest radius point found:
  at point    0.369   0.006   0.934
  closest atom surface    5.284   H37 URE X    0
  2nd closest surface     5.285   C2  URE X    0
  found on step  992
  this is also current point
  no. of rejections          401
 stored as     5

 highest radius point found:
  at point    0.420  -0.008   1.134
  closest atom surface    5.320   H37 URE X    0
  2nd closest surface     5.321   H21 URE X    0
  found on step  992
  this is also current point
  no. of rejections          388
 stored as     6

 highest radius point found:
  at point    0.446   0.028   1.334
  closest atom surface    5.345   C2  URE X    0
  2nd closest surface     5.345   H37 URE X    0
  found on step  983
  this is also current point
  no. of rejections          417
 stored as     7

 highest radius point found:
  at point    0.468   0.038   1.534
  closest atom surface    5.365   H22 URE X    0
  2nd closest surface     5.367   C2  URE X    0
  found on step  899
  this is also current point
  no. of rejections          397
 stored as     8

 highest radius point found:
  at point    0.485   0.055   1.734
  closest atom surface    5.389   H22 URE X    0
  2nd closest surface     5.389   C2  URE X    0
  found on step  938
  this is also current point
  no. of rejections          419
 stored as     9

 highest radius point found:
  at point    0.503   0.067   1.934
  closest atom surface    5.416   H22 URE X    0
  2nd closest surface     5.418   C2  URE X    0
  found on step  993
  this is also current point
  no. of rejections          389
 stored as    10

 highest radius point found:
  at point    0.519   0.078   2.134
  closest atom surface    5.450   H22 URE X    0
  2nd closest surface     5.451   C2  URE X    0
  found on step  306
 current point:
  at point    0.518   0.080   2.134
  closest atom surface    5.450   C2  URE X    0
  2nd closest surface     5.452   H22 URE X    0
  found on step  983
  no. of rejections          383
 stored as    11

 highest radius point found:
  at point    0.535   0.083   2.334
  closest atom surface    5.487   H22 URE X    0
  2nd closest surface     5.488   C2  URE X    0
  found on step  952
  this is also current point
  no. of rejections          391
 stored as    12

 highest radius point found:
  at point    0.553   0.102   2.534
  closest atom surface    5.534   C2  URE X    0
  2nd closest surface     5.535   H22 URE X    0
  found on step  905
  this is also current point
  no. of rejections          380
 stored as    13

 highest radius point found:
  at point    0.574   0.115   2.734
  closest atom surface    5.585   H22 URE X    0
  2nd closest surface     5.586   S3  URE X    0
  found on step  960
  this is also current point
  no. of rejections          405
 stored as    14

 highest radius point found:
  at point    0.585   0.132   2.934
  closest atom surface    5.636   C2  URE X    0
  2nd closest surface     5.640   S3  URE X    0
  found on step  830
 current point:
  at point    0.585   0.103   2.934
  closest atom surface    5.634   C2  URE X    0
  2nd closest surface     5.634   H22 URE X    0
  found on step  935
  no. of rejections          395
 stored as    15

 highest radius point found:
  at point    0.611   0.136   3.134
  closest atom surface    5.702   H22 URE X    0
  2nd closest surface     5.702   S3  URE X    0
  found on step  146
 current point:
  at point    0.609   0.131   3.134
  closest atom surface    5.700   C2  URE X    0
  2nd closest surface     5.701   H22 URE X    0
  found on step  907
  no. of rejections          386
 stored as    16

 highest radius point found:
  at point    0.628   0.143   3.334
  closest atom surface    5.767   H22 URE X    0
  2nd closest surface     5.767   C2  URE X    0
  found on step  933
  this is also current point
  no. of rejections          406
 stored as    17

 highest radius point found:
  at point    0.647   0.154   3.534
  closest atom surface    5.838   C2  URE X    0
  2nd closest surface     5.839   H22 URE X    0
  found on step  952
  this is also current point
  no. of rejections          400
 stored as    18

 highest radius point found:
  at point    0.667   0.164   3.734
  closest atom surface    5.913   S3  URE X    0
  2nd closest surface     5.914   C2  URE X    0
  found on step  938
  this is also current point
  no. of rejections          378
 stored as    19

 highest radius point found:
  at point    0.686   0.171   3.934
  closest atom surface    5.993   C2  URE X    0
  2nd closest surface     5.993   S3  URE X    0
  found on step  581
 current point:
  at point    0.685   0.167   3.934
  closest atom surface    5.992   C2  URE X    0
  2nd closest surface     5.993   H22 URE X    0
  found on step  913
  no. of rejections          388
 stored as    20

 highest radius point found:
  at point    0.708   0.173   4.134
  closest atom surface    6.074   H22 URE X    0
  2nd closest surface     6.079   C2  URE X    0
  found on step  449
 current point:
  at point    0.702   0.189   4.134
  closest atom surface    6.072   S3  URE X    0
  2nd closest surface     6.074   C2  URE X    0
  found on step  961
  no. of rejections          392
 stored as    21

 highest radius point found:
  at point    0.726   0.186   4.334
  closest atom surface    6.166   S3  URE X    0
  2nd closest surface     6.166   C2  URE X    0
  found on step  987
  this is also current point
  no. of rejections          373
 stored as    22

 highest radius point found:
  at point    0.748   0.192   4.534
  closest atom surface    6.258   H22 URE X    0
  2nd closest surface     6.259   S3  URE X    0
  found on step  987
  this is also current point
  no. of rejections          374
 stored as    23

 highest radius point found:
  at point    0.763   0.203   4.734
  closest atom surface    6.353   C2  URE X    0
  2nd closest surface     6.354   S3  URE X    0
  found on step  976
  this is also current point
  no. of rejections          371
 stored as    24

 highest radius point found:
  at point    0.788   0.201   4.934
  closest atom surface    6.455   H22 URE X    0
  2nd closest surface     6.457   C2  URE X    0
  found on step  977
  this is also current point
  no. of rejections          360
 stored as    25

 highest radius point found:
  at point    0.807   0.207   5.134
  closest atom surface    6.560   H22 URE X    0
  2nd closest surface     6.560   C2  URE X    0
  found on step  987
  this is also current point
  no. of rejections          350
 stored as    26

 highest radius point found:
  at point    0.828   0.215   5.334
  closest atom surface    6.668   C2  URE X    0
  2nd closest surface     6.669   S3  URE X    0
  found on step  844
 current point:
  at point    0.826   0.214   5.334
  closest atom surface    6.667   C2  URE X    0
  2nd closest surface     6.669   H22 URE X    0
  found on step  995
  no. of rejections          373
 stored as    27

 highest radius point found:
  at point    0.849   0.220   5.534
  closest atom surface    6.780   C2  URE X    0
  2nd closest surface     6.780   H22 URE X    0
  found on step  818
 current point:
  at point    0.843   0.229   5.534
  closest atom surface    6.776   C2  URE X    0
  2nd closest surface     6.776   S3  URE X    0
  found on step  998
  no. of rejections          381
 stored as    28

 highest radius point found:
  at point    0.871   0.227   5.734
  closest atom surface    6.893   S3  URE X    0
  2nd closest surface     6.895   H22 URE X    0
  found on step  990
  this is also current point
  no. of rejections          370
 stored as    29

 highest radius point found:
  at point    0.891   0.226   5.934
  closest atom surface    7.011   H22 URE X    0
  2nd closest surface     7.012   C2  URE X    0
  found on step  943
  this is also current point
  no. of rejections          344
 stored as    30

 highest radius point found:
  at point    0.915   0.234   6.134
  closest atom surface    7.133   H22 URE X    0
  2nd closest surface     7.133   S3  URE X    0
  found on step  791
 current point:
  at point    0.912   0.230   6.134
  closest atom surface    7.133   H22 URE X    0
  2nd closest surface     7.133   C2  URE X    0
  found on step  990
  no. of rejections          359
 stored as    31

 highest radius point found:
  at point    0.935   0.235   6.334
  closest atom surface    7.256   H22 URE X    0
  2nd closest surface     7.258   C2  URE X    0
  found on step  414
 current point:
  at point    0.942   0.238   6.334
  closest atom surface    7.253   H22 URE X    0
  2nd closest surface     7.254   S3  URE X    0
  found on step  931
  no. of rejections          362
 stored as    32

 highest radius point found:
  at point    0.956   0.243   6.534
  closest atom surface    7.383   S3  URE X    0
  2nd closest surface     7.385   H22 URE X    0
  found on step  905
  this is also current point
  no. of rejections          359
 stored as    33

 highest radius point found:
  at point    0.975   0.234   6.734
  closest atom surface    7.511   H22 URE X    0
  2nd closest surface     7.511   C2  URE X    0
  found on step  934
  this is also current point
  no. of rejections          345
 stored as    34

 highest radius point found:
  at point    0.988   0.214   6.934
  closest atom surface    7.634   O12 URE X    0
  2nd closest surface     7.634   C2  URE X    0
  found on step  912
  this is also current point
  no. of rejections          346
 stored as    35

 highest radius point found:
  at point    1.003   0.184   7.134
  closest atom surface    7.760   O12 URE X    0
  2nd closest surface     7.760   C2  URE X    0
  found on step  967
  this is also current point
  no. of rejections          338
 stored as    36

 highest radius point found:
  at point    1.019   0.148   7.334
  closest atom surface    7.886   H22 URE X    0
  2nd closest surface     7.890   C2  URE X    0
  found on step  873
 current point:
  at point    1.023   0.155   7.334
  closest atom surface    7.886   O12 URE X    0
  2nd closest surface     7.887   H22 URE X    0
  found on step  930
  no. of rejections          350
 stored as    37

 highest radius point found:
  at point    1.032   0.122   7.534
  closest atom surface    8.019   H22 URE X    0
  2nd closest surface     8.020   C2  URE X    0
  found on step  982
  this is also current point
  no. of rejections          336
 stored as    38

 highest radius point found:
  at point    1.048   0.099   7.734
  closest atom surface    8.153   O12 URE X    0
  2nd closest surface     8.154   H22 URE X    0
  found on step  876
 current point:
  at point    1.043   0.087   7.734
  closest atom surface    8.150   C2  URE X    0
  2nd closest surface     8.152   H22 URE X    0
  found on step  948
  no. of rejections          342
 stored as    39

 highest radius point found:
  at point    1.065   0.063   7.934
  closest atom surface    8.284   C   URE X    0
  2nd closest surface     8.285   H22 URE X    0
  found on step  995
  this is also current point
  no. of rejections          365
 stored as    40

 highest radius point found:
  at point    1.099   0.016   8.134
  closest atom surface    8.395   C38 URE X    0
  2nd closest surface     8.397   C   URE X    0
  found on step  756
 current point:
  at point    1.098   0.043   8.134
  closest atom surface    8.395   C38 URE X    0
  2nd closest surface     8.398   C   URE X    0
  found on step  982
  no. of rejections          342
 stored as    41

 highest radius point found:
  at point    1.096   0.079   8.334
  closest atom surface    8.487   C   URE X    0
  2nd closest surface     8.489   C38 URE X    0
  found on step  405
 current point:
  at point    1.108  -0.084   8.334
  closest atom surface    8.487   C38 URE X    0
  2nd closest surface     8.487   C   URE X    0
  found on step  953
  no. of rejections          352
 stored as    42

 highest radius point found:
  at point    1.090   0.236   8.534
  closest atom surface    8.584   C38 URE X    0
  2nd closest surface     8.586   C   URE X    0
  found on step  730
 current point:
  at point    1.095   0.142   8.534
  closest atom surface    8.582   C   URE X    0
  2nd closest surface     8.584   C38 URE X    0
  found on step  980
  no. of rejections          345
 stored as    43

 highest radius point found:
  at point    1.084   0.353   8.734
  closest atom surface    8.683   O12 URE X    0
  2nd closest surface     8.686   C38 URE X    0
  found on step  220
 current point:
  at point    1.119  -0.175   8.734
  closest atom surface    8.679   C   URE X    0
  2nd closest surface     8.679   C38 URE X    0
  found on step  974
  no. of rejections          384
 stored as    44

 highest radius point found:
  at point    1.083   0.422   8.934
  closest atom surface    8.788   C38 URE X    0
  2nd closest surface     8.789   C   URE X    0
  found on step   31
 current point:
  at point    1.146  -0.501   8.934
  closest atom surface    8.786   C38 URE X    0
  2nd closest surface     8.788   C24 URE X    0
  found on step  999
  no. of rejections          352
 stored as    45

 highest radius point found:
  at point    1.079   0.511   9.134
  closest atom surface    8.895   C   URE X    0
  2nd closest surface     8.896   C38 URE X    0
  found on step  532
 current point:
  at point    1.083   0.465   9.134
  closest atom surface    8.892   C38 URE X    0
  2nd closest surface     8.894   C   URE X    0
  found on step  987
  no. of rejections          358
 stored as    46

 highest radius point found:
  at point    1.076   0.614   9.334
  closest atom surface    9.006   O12 URE X    0
  2nd closest surface     9.006   C38 URE X    0
  found on step  963
  this is also current point
  no. of rejections          336
 stored as    47

 highest radius point found:
  at point    1.068   0.709   9.534
  closest atom surface    9.117   C   URE X    0
  2nd closest surface     9.120   O12 URE X    0
  found on step  637
 current point:
  at point    1.136  -0.251   9.534
  closest atom surface    9.096   C   URE X    0
  2nd closest surface     9.096   C38 URE X    0
  found on step  864
  no. of rejections          345
 stored as    48

 highest radius point found:
  at point    1.069   0.790   9.734
  closest atom surface    9.237   C38 URE X    0
  2nd closest surface     9.237   C   URE X    0
  found on step  586
 current point:
  at point    1.070   0.786   9.734
  closest atom surface    9.236   C38 URE X    0
  2nd closest surface     9.237   C   URE X    0
  found on step  986
  no. of rejections          336
 stored as    49

 highest radius point found:
  at point    1.065   0.856   9.934
  closest atom surface    9.353   C   URE X    0
  2nd closest surface     9.356   C38 URE X    0
  found on step    5
 current point:
  at point    1.157  -0.483   9.934
  closest atom surface    9.326   C   URE X    0
  2nd closest surface     9.327   C38 URE X    0
  found on step  901
  no. of rejections          368
 stored as    50

 highest radius point found:
  at point    1.068   0.856  10.134
  closest atom surface    9.468   C   URE X    0
  2nd closest surface     9.472   C38 URE X    0
  found on step  510
 current point:
  at point    1.085   0.641  10.134
  closest atom surface    9.455   C38 URE X    0
  2nd closest surface     9.455   C   URE X    0
  found on step  947
  no. of rejections          360
 stored as    51

 highest radius point found:
  at point    1.049   1.088  10.334
  closest atom surface    9.600   C37 URE X    0
  2nd closest surface     9.600   O12 URE X    0
  found on step  961
  this is also current point
  no. of rejections          370
 stored as    52

 highest radius point found:
  at point    1.039   1.189  10.534
  closest atom surface    9.725   C37 URE X    0
  2nd closest surface     9.726   C   URE X    0
  found on step  986
  this is also current point
  no. of rejections          326
 stored as    53

 highest radius point found:
  at point    1.024   1.309  10.734
  closest atom surface    9.854   C   URE X    0
  2nd closest surface     9.855   C37 URE X    0
  found on step  991
  this is also current point
  no. of rejections          339
 stored as    54

 highest radius point found:
  at point    1.012   1.425  10.934
  closest atom surface    9.986   C   URE X    0
  2nd closest surface     9.986   O12 URE X    0
  found on step  991
  this is also current point
  no. of rejections          356
 stored as    55

 highest radius point found:
  at point    1.005   1.516  11.134
  closest atom surface   10.119   C37 URE X    0
  2nd closest surface    10.121   C   URE X    0
  found on step  775
 current point:
  at point    0.979   1.587  11.134
  closest atom surface   10.114   C   URE X    0
  2nd closest surface    10.116   O12 URE X    0
  found on step  971
  no. of rejections          323
 stored as    56

 highest radius point found:
  at point    0.993   1.619  11.334
  closest atom surface   10.256   C   URE X    0
  2nd closest surface    10.257   C37 URE X    0
  found on step  976
  this is also current point
  no. of rejections          349
 stored as    57

 highest radius point found:
  at point    1.000   1.672  11.534
  closest atom surface   10.384   C37 URE X    0
  2nd closest surface    10.399   C   URE X    0
  found on step  326
 current point:
  at point    1.186  -0.563  11.534
  closest atom surface   10.314   C38 URE X    0
  2nd closest surface    10.316   C   URE X    0
  found on step  887
  no. of rejections          364
 stored as    58

 highest radius point found:
  at point    0.983   1.755  11.734
  closest atom surface   10.531   C37 URE X    0
  2nd closest surface    10.531   C   URE X    0
  found on step  816
 current point:
  at point    0.987   1.724  11.734
  closest atom surface   10.528   C   URE X    0
  2nd closest surface    10.529   C37 URE X    0
  found on step  898
  no. of rejections          336
 stored as    59

 highest radius point found:
  at point    0.985   1.778  11.934
  closest atom surface   10.667   C37 URE X    0
  2nd closest surface    10.668   C   URE X    0
  found on step  981
  this is also current point
  no. of rejections          345
 stored as    60

 highest radius point found:
  at point    0.977   1.846  12.134
  closest atom surface   10.806   O10 URE X    0
  2nd closest surface    10.809   C   URE X    0
  found on step  386
 current point:
  at point    0.983   1.810  12.134
  closest atom surface   10.806   C37 URE X    0
  2nd closest surface    10.806   C   URE X    0
  found on step  904
  no. of rejections          333
 stored as    61

 highest radius point found:
  at point    0.977   1.880  12.334
  closest atom surface   10.950   C   URE X    0
  2nd closest surface    10.951   C37 URE X    0
  found on step  999
  this is also current point
  no. of rejections          355
 stored as    62

 highest radius point found:
  at point    0.978   1.907  12.534
  closest atom surface   11.092   C37 URE X    0
  2nd closest surface    11.092   C   URE X    0
  found on step  669
 current point:
  at point    0.997   1.774  12.534
  closest atom surface   11.079   C37 URE X    0
  2nd closest surface    11.080   C   URE X    0
  found on step  999
  no. of rejections          360
 stored as    63

 highest radius point found:
  at point    0.981   1.921  12.734
  closest atom surface   11.233   C37 URE X    0
  2nd closest surface    11.234   C   URE X    0
  found on step  823
 current point:
  at point    0.981   1.907  12.734
  closest atom surface   11.232   C   URE X    0
  2nd closest surface    11.233   C37 URE X    0
  found on step  907
  no. of rejections          353
 stored as    64

 highest radius point found:
  at point    0.982   1.938  12.934
  closest atom surface   11.377   C37 URE X    0
  2nd closest surface    11.378   C58 URE X    0
  found on step  981
  this is also current point
  no. of rejections          335
 stored as    65

 highest radius point found:
  at point    0.985   1.942  13.134
  closest atom surface   11.521   C   URE X    0
  2nd closest surface    11.522   C37 URE X    0
  found on step  991
  this is also current point
  no. of rejections          319
 stored as    66

 highest radius point found:
  at point    0.984   1.963  13.334
  closest atom surface   11.667   C   URE X    0
  2nd closest surface    11.668   C58 URE X    0
  found on step  963
  this is also current point
  no. of rejections          328
 stored as    67

 highest radius point found:
  at point    0.992   1.951  13.534
  closest atom surface   11.813   C   URE X    0
  2nd closest surface    11.814   C37 URE X    0
  found on step  976
  this is also current point
  no. of rejections          345
 stored as    68

 highest radius point found:
  at point    0.993   1.979  13.734
  closest atom surface   11.964   C37 URE X    0
  2nd closest surface    11.965   C   URE X    0
  found on step  458
 current point:
  at point    0.996   1.961  13.734
  closest atom surface   11.963   C   URE X    0
  2nd closest surface    11.963   C37 URE X    0
  found on step  946
  no. of rejections          330
 stored as    69

 highest radius point found:
  at point    0.994   1.994  13.934
  closest atom surface   12.114   C   URE X    0
  2nd closest surface    12.116   C37 URE X    0
  found on step  995
  this is also current point
  no. of rejections          332
 stored as    70

 highest radius point found:
  at point    0.998   2.006  14.134
  closest atom surface   12.266   C37 URE X    0
  2nd closest surface    12.267   C   URE X    0
  found on step  986
  this is also current point
  no. of rejections          304
 stored as    71

 highest radius point found:
  at point    1.000   2.021  14.334
  closest atom surface   12.419   C   URE X    0
  2nd closest surface    12.419   C37 URE X    0
  found on step  969
  this is also current point
  no. of rejections          346
 stored as    72

 highest radius point found:
  at point    1.007   2.010  14.534
  closest atom surface   12.570   C37 URE X    0
  2nd closest surface    12.572   C   URE X    0
  found on step  538
 current point:
  at point    1.007   1.990  14.534
  closest atom surface   12.568   C   URE X    0
  2nd closest surface    12.570   C37 URE X    0
  found on step  997
  no. of rejections          306
 stored as    73

 highest radius point found:
  at point    1.004   2.048  14.734
  closest atom surface   12.728   C   URE X    0
  2nd closest surface    12.728   C37 URE X    0
  found on step  109
 current point:
  at point    1.005   2.045  14.734
  closest atom surface   12.728   C37 URE X    0
  2nd closest surface    12.728   C   URE X    0
  found on step  989
  no. of rejections          312
 stored as    74

 highest radius point found:
  at point    1.010   2.049  14.934
  closest atom surface   12.883   C37 URE X    0
  2nd closest surface    12.884   C   URE X    0
  found on step  957
  this is also current point
  no. of rejections          289
 stored as    75

 highest radius point found:
  at point    1.012   2.067  15.134
  closest atom surface   13.040   C37 URE X    0
  2nd closest surface    13.042   C   URE X    0
  found on step  759
 current point:
  at point    1.010   2.052  15.134
  closest atom surface   13.038   C   URE X    0
  2nd closest surface    13.041   C37 URE X    0
  found on step  999
  no. of rejections          306
 stored as    76

 highest radius point found:
  at point    1.010   2.091  15.334
  closest atom surface   13.196   C58 URE X    0
  2nd closest surface    13.200   C   URE X    0
  found on step  675
 current point:
  at point    1.030   2.016  15.334
  closest atom surface   13.188   C37 URE X    0
  2nd closest surface    13.198   C   URE X    0
  found on step  988
  no. of rejections          320
 stored as    77

 highest radius point found:
  at point    1.015   2.081  15.534
  closest atom surface   13.356   C   URE X    0
  2nd closest surface    13.358   C37 URE X    0
  found on step  984
  this is also current point
  no. of rejections          318
 stored as    78

 highest radius point found:
  at point    1.016   2.103  15.734
  closest atom surface   13.517   C   URE X    0
  2nd closest surface    13.520   C37 URE X    0
  found on step  333
 current point:
  at point    1.040   1.950  15.734
  closest atom surface   13.504   C37 URE X    0
  2nd closest surface    13.505   C   URE X    0
  found on step  995
  no. of rejections          309
 stored as    79

 highest radius point found:
  at point    1.022   2.111  15.934
  closest atom surface   13.679   C37 URE X    0
  2nd closest surface    13.679   C   URE X    0
  found on step  974
  this is also current point
  no. of rejections          266
 stored as    80

 highest radius point found:
  at point    1.022   2.111  16.134
  closest atom surface   13.837   C   URE X    0
  2nd closest surface    13.842   C37 URE X    0
  found on step    1
 current point:
  at point    1.190   0.332  16.134
  closest atom surface   13.722   C38 URE X    0
  2nd closest surface    13.722   C   URE X    0
  found on step  893
  no. of rejections          315
 stored as    81

 highest radius point found:
  at point    1.022   2.111  16.334
  closest atom surface   13.997   C   URE X    0
  2nd closest surface    14.006   C37 URE X    0
  found on step    1
 current point:
  at point    1.074   1.829  16.334
  closest atom surface   13.976   C37 URE X    0
  2nd closest surface    13.980   C   URE X    0
  found on step  983
  no. of rejections          313
 stored as    82

 highest radius point found:
  at point    1.033   2.138  16.534
  closest atom surface   14.165   C37 URE X    0
  2nd closest surface    14.168   C   URE X    0
  found on step  660
 current point:
  at point    1.033   2.113  16.534
  closest atom surface   14.164   C   URE X    0
  2nd closest surface    14.164   C37 URE X    0
  found on step  995
  no. of rejections          274
 stored as    83

 highest radius point found:
  at point    1.028   2.154  16.734
  closest atom surface   14.329   C   URE X    0
  2nd closest surface    14.334   C37 URE X    0
  found on step  108
 current point:
  at point    1.089   1.748  16.734
  closest atom surface   14.298   C   URE X    0
  2nd closest surface    14.299   C37 URE X    0
  found on step  994
  no. of rejections          308
 stored as    84

 highest radius point found:
  at point    1.034   2.179  16.934
  closest atom surface   14.497   C37 URE X    0
  2nd closest surface    14.499   C   URE X    0
  found on step  939
  this is also current point
  no. of rejections          297
 stored as    85

 highest radius point found:
  at point    1.037   2.185  17.134
  closest atom surface   14.663   C37 URE X    0
  2nd closest surface    14.664   C   URE X    0
  found on step  918
  this is also current point
  no. of rejections          283
 stored as    86

 highest radius point found:
  at point    1.039   2.195  17.334
  closest atom surface   14.830   C   URE X    0
  2nd closest surface    14.830   C37 URE X    0
  found on step    7
 current point:
  at point    1.045   2.157  17.334
  closest atom surface   14.826   C37 URE X    0
  2nd closest surface    14.827   C   URE X    0
  found on step  971
  no. of rejections          308
 stored as    87

 highest radius point found:
  at point    1.039   2.213  17.534
  closest atom surface   14.997   C   URE X    0
  2nd closest surface    14.999   C37 URE X    0
  found on step  963
  this is also current point
  no. of rejections          304
 stored as    88

 highest radius point found:
  at point    1.044   2.227  17.734
  closest atom surface   15.166   C37 URE X    0
  2nd closest surface    15.167   C   URE X    0
  found on step  908
  this is also current point
  no. of rejections          283
 stored as    89

 highest radius point found:
  at point    1.047   2.234  17.934
  closest atom surface   15.334   C37 URE X    0
  2nd closest surface    15.335   C   URE X    0
  found on step  988
  this is also current point
  no. of rejections          264
 stored as    90

 highest radius point found:
  at point    1.048   2.258  18.134
  closest atom surface   15.505   C37 URE X    0
  2nd closest surface    15.505   C58 URE X    0
  found on step  945
  this is also current point
  no. of rejections          310
 stored as    91

 highest radius point found:
  at point    1.052   2.272  18.334
  closest atom surface   15.675   C37 URE X    0
  2nd closest surface    15.675   C58 URE X    0
  found on step  965
  this is also current point
  no. of rejections          280
 stored as    92

 highest radius point found:
  at point    1.051   2.281  18.534
  closest atom surface   15.846   C   URE X    0
  2nd closest surface    15.846   C58 URE X    0
  found on step  306
 current point:
  at point    1.060   2.239  18.534
  closest atom surface   15.842   C37 URE X    0
  2nd closest surface    15.844   C   URE X    0
  found on step  970
  no. of rejections          305
 stored as    93

 highest radius point found:
  at point    1.058   2.298  18.734
  closest atom surface   16.017   C37 URE X    0
  2nd closest surface    16.018   C58 URE X    0
  found on step   22
 current point:
  at point    1.139   1.563  18.734
  closest atom surface   15.955   C   URE X    0
  2nd closest surface    15.960   C38 URE X    0
  found on step  990
  no. of rejections          298
 stored as    94

 highest radius point found:
  at point    1.058   2.298  18.934
  closest atom surface   16.189   C   URE X    0
  2nd closest surface    16.190   C37 URE X    0
  found on step    1
 current point:
  at point    1.055   2.302  18.934
  closest atom surface   16.189   C   URE X    0
  2nd closest surface    16.191   C58 URE X    0
  found on step  998
  no. of rejections          286
 stored as    95

 highest radius point found:
  at point    1.060   2.313  19.134
  closest atom surface   16.362   C   URE X    0
  2nd closest surface    16.363   C37 URE X    0
  found on step  158
 current point:
  at point    1.059   2.316  19.134
  closest atom surface   16.362   C   URE X    0
  2nd closest surface    16.363   C58 URE X    0
  found on step  941
  no. of rejections          298
 stored as    96

 highest radius point found:
  at point    1.066   2.324  19.334
  closest atom surface   16.535   C37 URE X    0
  2nd closest surface    16.537   C   URE X    0
  found on step  513
 current point:
  at point    1.064   2.310  19.334
  closest atom surface   16.534   C   URE X    0
  2nd closest surface    16.535   C37 URE X    0
  found on step  956
  no. of rejections          292
 stored as    97

 highest radius point found:
  at point    1.066   2.324  19.534
  closest atom surface   16.707   C   URE X    0
  2nd closest surface    16.709   C37 URE X    0
  found on step    1
 current point:
  at point    1.087   2.198  19.534
  closest atom surface   16.697   C37 URE X    0
  2nd closest surface    16.698   C   URE X    0
  found on step  998
  no. of rejections          291
 stored as    98

 highest radius point found:
  at point    1.068   2.348  19.734
  closest atom surface   16.883   C   URE X    0
  2nd closest surface    16.884   C37 URE X    0
  found on step  665
 current point:
  at point    1.072   2.363  19.734
  closest atom surface   16.882   C37 URE X    0
  2nd closest surface    16.883   C58 URE X    0
  found on step  955
  no. of rejections          297
 stored as    99

 highest radius point found:
  at point    1.070   2.368  19.934
  closest atom surface   17.059   C58 URE X    0
  2nd closest surface    17.059   C   URE X    0
  found on step  963
  this is also current point
  no. of rejections          273
 stored as   100

 highest radius point found:
  at point    1.074   2.384  20.134
  closest atom surface   17.233   C58 URE X    0
  2nd closest surface    17.234   C37 URE X    0
  found on step  913
  this is also current point
  no. of rejections          291
 stored as   101

 highest radius point found:
  at point    1.075   2.390  20.334
  closest atom surface   17.410   C   URE X    0
  2nd closest surface    17.410   C37 URE X    0
  found on step  987
  this is also current point
  no. of rejections          279
 stored as   102

 highest radius point found:
  at point    1.078   2.399  20.534
  closest atom surface   17.586   C   URE X    0
  2nd closest surface    17.587   C37 URE X    0
  found on step  997
  this is also current point
  no. of rejections          279
 stored as   103

 highest radius point found:
  at point    1.083   2.398  20.734
  closest atom surface   17.762   C   URE X    0
  2nd closest surface    17.762   C37 URE X    0
  found on step  882
  this is also current point
  no. of rejections          293
 stored as   104

 highest radius point found:
  at point    1.083   2.408  20.934
  closest atom surface   17.938   C   URE X    0
  2nd closest surface    17.940   C37 URE X    0
  found on step  984
  this is also current point
  no. of rejections          279
 stored as   105

 highest radius point found:
  at point    1.086   2.428  21.134
  closest atom surface   18.117   C   URE X    0
  2nd closest surface    18.118   C37 URE X    0
  found on step  846
 current point:
  at point    1.088   2.434  21.134
  closest atom surface   18.117   C37 URE X    0
  2nd closest surface    18.119   C   URE X    0
  found on step  988
  no. of rejections          264
 stored as   106

 highest radius point found:
  at point    1.089   2.451  21.334
  closest atom surface   18.296   C37 URE X    0
  2nd closest surface    18.297   C   URE X    0
  found on step  930
  this is also current point
  no. of rejections          272
 stored as   107

 highest radius point found:
  at point    1.092   2.461  21.534
  closest atom surface   18.474   C37 URE X    0
  2nd closest surface    18.475   C   URE X    0
  found on step    4
 current point:
  at point    1.087   2.434  21.534
  closest atom surface   18.469   C   URE X    0
  2nd closest surface    18.476   C37 URE X    0
  found on step  987
  no. of rejections          279
 stored as   108

 highest radius point found:
  at point    1.093   2.478  21.734
  closest atom surface   18.654   C37 URE X    0
  2nd closest surface    18.654   C58 URE X    0
  found on step  952
  this is also current point
  no. of rejections          290
 stored as   109

 highest radius point found:
  at point    1.099   2.492  21.934
  closest atom surface   18.832   C37 URE X    0
  2nd closest surface    18.834   C58 URE X    0
  found on step  992
  this is also current point
  no. of rejections          267
 stored as   110

 highest radius point found:
  at point    1.098   2.497  22.134
  closest atom surface   19.012   C   URE X    0
  2nd closest surface    19.013   C37 URE X    0
  found on step   22
 current point:
  at point    1.201   1.377  22.134
  closest atom surface   18.918   C   URE X    0
  2nd closest surface    18.921   C38 URE X    0
  found on step  987
  no. of rejections          271
 stored as   111

 highest radius point found:
  at point    1.102   2.519  22.334
  closest atom surface   19.192   C58 URE X    0
  2nd closest surface    19.192   C37 URE X    0
  found on step  870
 current point:
  at point    1.103   2.516  22.334
  closest atom surface   19.192   C37 URE X    0
  2nd closest surface    19.193   C58 URE X    0
  found on step  929
  no. of rejections          271
 stored as   112

 highest radius point found:
  at point    1.105   2.512  22.534
  closest atom surface   19.372   C   URE X    0
  2nd closest surface    19.372   C37 URE X    0
  found on step  973
  this is also current point
  no. of rejections          242
 stored as   113

 highest radius point found:
  at point    1.103   2.536  22.734
  closest atom surface   19.553   C   URE X    0
  2nd closest surface    19.555   C58 URE X    0
  found on step  955
  this is also current point
  no. of rejections          259
 stored as   114

 highest radius point found:
  at point    1.109   2.540  22.934
  closest atom surface   19.734   C   URE X    0
  2nd closest surface    19.735   C37 URE X    0
  found on step  988
  this is also current point
  no. of rejections          271
 stored as   115

 highest radius point found:
  at point    1.112   2.567  23.134
  closest atom surface   19.916   C37 URE X    0
  2nd closest surface    19.917   C58 URE X    0
  found on step  738
 current point:
  at point    1.112   2.563  23.134
  closest atom surface   19.916   C37 URE X    0
  2nd closest surface    19.918   C58 URE X    0
  found on step  933
  no. of rejections          274
 stored as   116

 highest radius point found:
  at point    1.112   2.574  23.334
  closest atom surface   20.098   C   URE X    0
  2nd closest surface    20.099   C37 URE X    0
  found on step  998
  this is also current point
  no. of rejections          291
 stored as   117

 highest radius point found:
  at point    1.112   2.574  23.534
  closest atom surface   20.277   C   URE X    0
  2nd closest surface    20.282   C37 URE X    0
  found on step    1
 current point:
  at point    1.210   1.419  23.534
  closest atom surface   20.179   C   URE X    0
  2nd closest surface    20.188   C38 URE X    0
  found on step  991
  no. of rejections          273
 stored as   118

 highest radius point found:
  at point    1.118   2.604  23.734
  closest atom surface   20.462   C58 URE X    0
  2nd closest surface    20.463   C37 URE X    0
  found on step  940
  this is also current point
  no. of rejections          257
 stored as   119

 highest radius point found:
  at point    1.123   2.613  23.934
  closest atom surface   20.645   C37 URE X    0
  2nd closest surface    20.647   C58 URE X    0
  found on step  987
  this is also current point
  no. of rejections          262
 stored as   120

 highest radius point found:
  at point    1.124   2.622  24.134
  closest atom surface   20.829   C37 URE X    0
  2nd closest surface    20.829   C   URE X    0
  found on step  898
  this is also current point
  no. of rejections          257
 stored as   121

 highest radius point found:
  at point    1.126   2.634  24.334
  closest atom surface   21.012   C37 URE X    0
  2nd closest surface    21.012   C   URE X    0
  found on step  934
  this is also current point
  no. of rejections          268
 stored as   122

 highest radius point found:
  at point    1.135   2.657  24.534
  closest atom surface   21.193   C37 URE X    0
  2nd closest surface    21.196   C58 URE X    0
  found on step  551
 current point:
  at point    1.253   2.929  24.534
  closest atom surface   21.158   C37 URE X    0
  2nd closest surface    21.158   C58 URE X    0
  found on step  969
  no. of rejections          237
 stored as   123

 highest radius point found:
  at point    1.131   2.663  24.734
  closest atom surface   21.380   C58 URE X    0
  2nd closest surface    21.380   C37 URE X    0
  found on step  914
  this is also current point
  no. of rejections          249
 stored as   124

 highest radius point found:
  at point    1.132   2.671  24.934
  closest atom surface   21.563   C   URE X    0
  2nd closest surface    21.564   C37 URE X    0
  found on step  956
  this is also current point
  no. of rejections          255
 stored as   125

 highest radius point found:
  at point    1.135   2.687  25.134
  closest atom surface   21.748   C58 URE X    0
  2nd closest surface    21.748   C   URE X    0
  found on step  804
 current point:
  at point    1.141   2.660  25.134
  closest atom surface   21.746   C37 URE X    0
  2nd closest surface    21.747   C   URE X    0
  found on step  985
  no. of rejections          288
 stored as   126

 highest radius point found:
  at point    1.140   2.688  25.334
  closest atom surface   21.932   C37 URE X    0
  2nd closest surface    21.932   C   URE X    0
  found on step  908
  this is also current point
  no. of rejections          251
 stored as   127

 highest radius point found:
  at point    1.144   2.719  25.534
  closest atom surface   22.117   C58 URE X    0
  2nd closest surface    22.117   C37 URE X    0
  found on step  736
 current point:
  at point    1.142   2.694  25.534
  closest atom surface   22.116   C   URE X    0
  2nd closest surface    22.117   C37 URE X    0
  found on step  912
  no. of rejections          264
 This is an end! (radius above  22.0 angs)
 highest radius point found:
  at point    0.149   0.065  -0.266
  closest atom surface    5.163   H21 URE X    0
  2nd closest surface     5.163   H5  URE X    0
  found on step  933
  this is also current point
  no. of rejections          407
 stored as    -1

 highest radius point found:
  at point    0.143   0.068  -0.466
  closest atom surface    5.151   H21 URE X    0
  2nd closest surface     5.151   H5  URE X    0
  found on step  886
  this is also current point
  no. of rejections          404
 stored as    -2

 highest radius point found:
  at point    0.135   0.073  -0.666
  closest atom surface    5.143   H37 URE X    0
  2nd closest surface     5.144   H5  URE X    0
  found on step  962
  this is also current point
  no. of rejections          378
 stored as    -3

 highest radius point found:
  at point    0.125   0.074  -0.866
  closest atom surface    5.143   H5  URE X    0
  2nd closest surface     5.144   H37 URE X    0
  found on step  899
  this is also current point
  no. of rejections          398
 stored as    -4

 highest radius point found:
  at point    0.118   0.076  -1.066
  closest atom surface    5.149   H5  URE X    0
  2nd closest surface     5.151   H37 URE X    0
  found on step  752
 current point:
  at point    0.118   0.080  -1.066
  closest atom surface    5.148   H37 URE X    0
  2nd closest surface     5.149   H5  URE X    0
  found on step  925
  no. of rejections          418
 stored as    -5

 highest radius point found:
  at point    0.111   0.082  -1.266
  closest atom surface    5.161   H37 URE X    0
  2nd closest surface     5.163   H5  URE X    0
  found on step  884
 current point:
  at point    0.110   0.073  -1.266
  closest atom surface    5.160   H21 URE X    0
  2nd closest surface     5.161   H5  URE X    0
  found on step  956
  no. of rejections          396
 stored as    -6

 highest radius point found:
  at point    0.104   0.077  -1.466
  closest atom surface    5.181   H21 URE X    0
  2nd closest surface     5.182   H5  URE X    0
  found on step  741
 current point:
  at point    0.101   0.082  -1.466
  closest atom surface    5.180   H5  URE X    0
  2nd closest surface     5.182   H37 URE X    0
  found on step  962
  no. of rejections          444
 stored as    -7

 highest radius point found:
  at point    0.096   0.081  -1.666
  closest atom surface    5.208   H5  URE X    0
  2nd closest surface     5.209   H21 URE X    0
  found on step  963
  this is also current point
  no. of rejections          399
 stored as    -8

 highest radius point found:
  at point    0.088   0.080  -1.866
  closest atom surface    5.238   H21 URE X    0
  2nd closest surface     5.240   H5  URE X    0
  found on step  573
 current point:
  at point    0.088   0.094  -1.866
  closest atom surface    5.234   H37 URE X    0
  2nd closest surface     5.240   H5  URE X    0
  found on step  963
  no. of rejections          385
 stored as    -9

 highest radius point found:
  at point    0.081   0.086  -2.066
  closest atom surface    5.278   H5  URE X    0
  2nd closest surface     5.278   H37 URE X    0
  found on step  386
 current point:
  at point    0.079   0.082  -2.066
  closest atom surface    5.276   H21 URE X    0
  2nd closest surface     5.276   H5  URE X    0
  found on step  967
  no. of rejections          399
 stored as   -10

 highest radius point found:
  at point    0.074   0.092  -2.266
  closest atom surface    5.320   H37 URE X    0
  2nd closest surface     5.323   H5  URE X    0
  found on step  774
 current point:
  at point    0.070   0.084  -2.266
  closest atom surface    5.319   H5  URE X    0
  2nd closest surface     5.322   H21 URE X    0
  found on step  990
  no. of rejections          383
 stored as   -11

 highest radius point found:
  at point    0.065   0.086  -2.466
  closest atom surface    5.371   H21 URE X    0
  2nd closest surface     5.372   H5  URE X    0
  found on step  955
  this is also current point
  no. of rejections          399
 stored as   -12

 highest radius point found:
  at point    0.058   0.091  -2.666
  closest atom surface    5.428   C43 URE X    0
  2nd closest surface     5.429   H37 URE X    0
  found on step  389
 current point:
  at point    0.056   0.096  -2.666
  closest atom surface    5.427   C43 URE X    0
  2nd closest surface     5.428   H5  URE X    0
  found on step  950
  no. of rejections          436
 stored as   -13

 highest radius point found:
  at point    0.064   0.082  -2.866
  closest atom surface    5.475   H52 URE X    0
  2nd closest surface     5.476   C43 URE X    0
  found on step  954
  this is also current point
  no. of rejections          387
 stored as   -14

 highest radius point found:
  at point    0.074   0.075  -3.066
  closest atom surface    5.526   C43 URE X    0
  2nd closest surface     5.527   H52 URE X    0
  found on step  994
  this is also current point
  no. of rejections          404
 stored as   -15

 highest radius point found:
  at point    0.085   0.060  -3.266
  closest atom surface    5.584   C43 URE X    0
  2nd closest surface     5.585   H21 URE X    0
  found on step  974
  this is also current point
  no. of rejections          385
 stored as   -16

 highest radius point found:
  at point    0.091   0.055  -3.466
  closest atom surface    5.645   C43 URE X    0
  2nd closest surface     5.645   H52 URE X    0
  found on step  737
 current point:
  at point    0.092   0.054  -3.466
  closest atom surface    5.645   C43 URE X    0
  2nd closest surface     5.647   H52 URE X    0
  found on step  982
  no. of rejections          378
 stored as   -17

 highest radius point found:
  at point    0.099   0.046  -3.666
  closest atom surface    5.711   C43 URE X    0
  2nd closest surface     5.712   C23 URE X    0
  found on step  972
  this is also current point
  no. of rejections          405
 stored as   -18

 highest radius point found:
  at point    0.103   0.045  -3.866
  closest atom surface    5.779   H52 URE X    0
  2nd closest surface     5.780   C43 URE X    0
  found on step  919
  this is also current point
  no. of rejections          398
 stored as   -19

 highest radius point found:
  at point    0.111   0.044  -4.066
  closest atom surface    5.850   C43 URE X    0
  2nd closest surface     5.852   C23 URE X    0
  found on step  990
  this is also current point
  no. of rejections          402
 stored as   -20

 highest radius point found:
  at point    0.111   0.044  -4.266
  closest atom surface    5.928   H52 URE X    0
  2nd closest surface     5.930   C43 URE X    0
  found on step    1
 current point:
  at point    0.116   0.042  -4.266
  closest atom surface    5.928   C43 URE X    0
  2nd closest surface     5.929   C23 URE X    0
  found on step  974
  no. of rejections          358
 stored as   -21

 highest radius point found:
  at point    0.116   0.040  -4.466
  closest atom surface    6.010   H52 URE X    0
  2nd closest surface     6.011   C23 URE X    0
  found on step  940
  this is also current point
  no. of rejections          395
 stored as   -22

 highest radius point found:
  at point    0.121   0.041  -4.666
  closest atom surface    6.097   H52 URE X    0
  2nd closest surface     6.097   C43 URE X    0
  found on step  894
  this is also current point
  no. of rejections          398
 stored as   -23

 highest radius point found:
  at point    0.126   0.039  -4.866
  closest atom surface    6.187   C23 URE X    0
  2nd closest surface     6.187   C43 URE X    0
  found on step  991
  this is also current point
  no. of rejections          374
 stored as   -24

 highest radius point found:
  at point    0.128   0.038  -5.066
  closest atom surface    6.282   C43 URE X    0
  2nd closest surface     6.283   C23 URE X    0
  found on step  571
 current point:
  at point    0.127   0.040  -5.066
  closest atom surface    6.281   C43 URE X    0
  2nd closest surface     6.282   H52 URE X    0
  found on step  939
  no. of rejections          376
 stored as   -25

 highest radius point found:
  at point    0.130   0.039  -5.266
  closest atom surface    6.380   C43 URE X    0
  2nd closest surface     6.381   H52 URE X    0
  found on step  979
  this is also current point
  no. of rejections          367
 stored as   -26

 highest radius point found:
  at point    0.134   0.039  -5.466
  closest atom surface    6.481   C43 URE X    0
  2nd closest surface     6.484   H52 URE X    0
  found on step  935
  this is also current point
  no. of rejections          360
 stored as   -27

 highest radius point found:
  at point    0.164   0.031  -5.666
  closest atom surface    6.575   C43 URE X    0
  2nd closest surface     6.576   C23 URE X    0
  found on step  381
 current point:
  at point    0.146   0.022  -5.666
  closest atom surface    6.575   C51 URE X    0
  2nd closest surface     6.575   C23 URE X    0
  found on step  997
  no. of rejections          393
 stored as   -28

 highest radius point found:
  at point    0.220   0.019  -5.866
  closest atom surface    6.660   C43 URE X    0
  2nd closest surface     6.660   C51 URE X    0
  found on step  936
  this is also current point
  no. of rejections          368
 stored as   -29

 highest radius point found:
  at point    0.266  -0.001  -6.066
  closest atom surface    6.747   C51 URE X    0
  2nd closest surface     6.747   C23 URE X    0
  found on step  891
  this is also current point
  no. of rejections          388
 stored as   -30

 highest radius point found:
  at point    0.333  -0.009  -6.266
  closest atom surface    6.840   C23 URE X    0
  2nd closest surface     6.840   C51 URE X    0
  found on step  993
  this is also current point
  no. of rejections          336
 stored as   -31

 highest radius point found:
  at point    0.395  -0.019  -6.466
  closest atom surface    6.937   C51 URE X    0
  2nd closest surface     6.937   C23 URE X    0
  found on step  915
  this is also current point
  no. of rejections          371
 stored as   -32

 highest radius point found:
  at point    0.457  -0.031  -6.666
  closest atom surface    7.036   C23 URE X    0
  2nd closest surface     7.036   C43 URE X    0
  found on step  134
 current point:
  at point    0.451  -0.031  -6.666
  closest atom surface    7.035   C51 URE X    0
  2nd closest surface     7.038   C23 URE X    0
  found on step  972
  no. of rejections          326
 stored as   -33

 highest radius point found:
  at point    0.467  -0.070  -6.866
  closest atom surface    7.132   C23 URE X    0
  2nd closest surface     7.133   C31 URE X    0
  found on step  248
 current point:
  at point   -0.031  -0.337  -6.866
  closest atom surface    7.081   C23 URE X    0
  2nd closest surface     7.082   C51 URE X    0
  found on step  998
  no. of rejections          378
 stored as   -34

 highest radius point found:
  at point    0.441  -0.124  -7.066
  closest atom surface    7.229   C51 URE X    0
  2nd closest surface     7.231   C23 URE X    0
  found on step  984
  this is also current point
  no. of rejections          362
 stored as   -35

 highest radius point found:
  at point    0.413  -0.185  -7.266
  closest atom surface    7.328   C23 URE X    0
  2nd closest surface     7.329   C51 URE X    0
  found on step  996
  this is also current point
  no. of rejections          343
 stored as   -36

 highest radius point found:
  at point    0.397  -0.237  -7.466
  closest atom surface    7.433   C51 URE X    0
  2nd closest surface     7.433   C23 URE X    0
  found on step  957
  this is also current point
  no. of rejections          382
 stored as   -37

 highest radius point found:
  at point    0.387  -0.286  -7.666
  closest atom surface    7.541   C51 URE X    0
  2nd closest surface     7.541   C23 URE X    0
  found on step  997
  this is also current point
  no. of rejections          356
 stored as   -38

 highest radius point found:
  at point    0.373  -0.337  -7.866
  closest atom surface    7.652   C51 URE X    0
  2nd closest surface     7.652   C31 URE X    0
  found on step  931
  this is also current point
  no. of rejections          353
 stored as   -39

 highest radius point found:
  at point    0.351  -0.393  -8.066
  closest atom surface    7.765   C51 URE X    0
  2nd closest surface     7.766   C23 URE X    0
  found on step  997
  this is also current point
  no. of rejections          362
 stored as   -40

 highest radius point found:
  at point    0.334  -0.446  -8.266
  closest atom surface    7.882   C51 URE X    0
  2nd closest surface     7.883   C23 URE X    0
  found on step  917
  this is also current point
  no. of rejections          390
 stored as   -41

 highest radius point found:
  at point    0.337  -0.462  -8.466
  closest atom surface    7.980   C31 URE X    0
  2nd closest surface     7.981   C11 URE X    0
  found on step  473
 current point:
  at point    0.340  -0.468  -8.466
  closest atom surface    7.977   C11 URE X    0
  2nd closest surface     7.978   C31 URE X    0
  found on step  924
  no. of rejections          391
 stored as   -42

 highest radius point found:
  at point    0.338  -0.458  -8.666
  closest atom surface    8.075   C51 URE X    0
  2nd closest surface     8.076   C31 URE X    0
  found on step  968
  this is also current point
  no. of rejections          368
 stored as   -43

 highest radius point found:
  at point    0.345  -0.459  -8.866
  closest atom surface    8.171   C31 URE X    0
  2nd closest surface     8.172   C11 URE X    0
  found on step  854
 current point:
  at point    0.346  -0.459  -8.866
  closest atom surface    8.171   C31 URE X    0
  2nd closest surface     8.173   C11 URE X    0
  found on step  970
  no. of rejections          384
 stored as   -44

 highest radius point found:
  at point    0.349  -0.458  -9.066
  closest atom surface    8.271   C11 URE X    0
  2nd closest surface     8.273   C31 URE X    0
  found on step  651
 current point:
  at point    0.342  -0.458  -9.066
  closest atom surface    8.270   C11 URE X    0
  2nd closest surface     8.270   C51 URE X    0
  found on step  951
  no. of rejections          383
 stored as   -45

 highest radius point found:
  at point    0.355  -0.457  -9.266
  closest atom surface    8.375   C31 URE X    0
  2nd closest surface     8.375   C11 URE X    0
  found on step  950
  this is also current point
  no. of rejections          379
 stored as   -46

 highest radius point found:
  at point    0.355  -0.457  -9.466
  closest atom surface    8.478   C11 URE X    0
  2nd closest surface     8.481   C51 URE X    0
  found on step    1
 current point:
  at point    0.353  -0.454  -9.466
  closest atom surface    8.478   C51 URE X    0
  2nd closest surface     8.480   C11 URE X    0
  found on step  996
  no. of rejections          358
 stored as   -47

 highest radius point found:
  at point    0.364  -0.452  -9.666
  closest atom surface    8.589   C51 URE X    0
  2nd closest surface     8.589   C31 URE X    0
  found on step  922
  this is also current point
  no. of rejections          367
 stored as   -48

 highest radius point found:
  at point    0.371  -0.455  -9.866
  closest atom surface    8.699   C11 URE X    0
  2nd closest surface     8.700   C31 URE X    0
  found on step  980
  this is also current point
  no. of rejections          369
 stored as   -49

 highest radius point found:
  at point    0.372  -0.451 -10.066
  closest atom surface    8.814   C51 URE X    0
  2nd closest surface     8.814   C11 URE X    0
  found on step  887
  this is also current point
  no. of rejections          356
 stored as   -50

 highest radius point found:
  at point    0.377  -0.449 -10.266
  closest atom surface    8.929   C51 URE X    0
  2nd closest surface     8.931   C11 URE X    0
  found on step  951
  this is also current point
  no. of rejections          368
 stored as   -51

 highest radius point found:
  at point    0.386  -0.448 -10.466
  closest atom surface    9.047   C31 URE X    0
  2nd closest surface     9.050   C11 URE X    0
  found on step  912
  this is also current point
  no. of rejections          371
 stored as   -52

 highest radius point found:
  at point    0.386  -0.448 -10.666
  closest atom surface    9.169   C11 URE X    0
  2nd closest surface     9.170   C51 URE X    0
  found on step  988
  this is also current point
  no. of rejections          363
 stored as   -53

 highest radius point found:
  at point    0.395  -0.445 -10.866
  closest atom surface    9.293   C31 URE X    0
  2nd closest surface     9.293   C51 URE X    0
  found on step  830
 current point:
  at point    0.398  -0.440 -10.866
  closest atom surface    9.290   C31 URE X    0
  2nd closest surface     9.291   C51 URE X    0
  found on step  900
  no. of rejections          358
 stored as   -54

 highest radius point found:
  at point    0.399  -0.443 -11.066
  closest atom surface    9.418   C51 URE X    0
  2nd closest surface     9.419   C31 URE X    0
  found on step  796
 current point:
  at point    0.400  -0.442 -11.066
  closest atom surface    9.418   C51 URE X    0
  2nd closest surface     9.419   C31 URE X    0
  found on step  987
  no. of rejections          342
 stored as   -55

 highest radius point found:
  at point    0.405  -0.443 -11.266
  closest atom surface    9.546   C31 URE X    0
  2nd closest surface     9.547   C51 URE X    0
  found on step  634
 current point:
  at point    0.398  -0.445 -11.266
  closest atom surface    9.544   C11 URE X    0
  2nd closest surface     9.545   C51 URE X    0
  found on step  918
  no. of rejections          365
 stored as   -56

 highest radius point found:
  at point    0.409  -0.442 -11.466
  closest atom surface    9.676   C51 URE X    0
  2nd closest surface     9.676   C31 URE X    0
  found on step  965
  this is also current point
  no. of rejections          353
 stored as   -57

 highest radius point found:
  at point    0.414  -0.441 -11.666
  closest atom surface    9.808   C51 URE X    0
  2nd closest surface     9.808   C31 URE X    0
  found on step  910
  this is also current point
  no. of rejections          360
 stored as   -58

 highest radius point found:
  at point    0.421  -0.441 -11.866
  closest atom surface    9.941   C11 URE X    0
  2nd closest surface     9.941   C31 URE X    0
  found on step  989
  this is also current point
  no. of rejections          310
 stored as   -59

 highest radius point found:
  at point    0.424  -0.439 -12.066
  closest atom surface   10.077   C51 URE X    0
  2nd closest surface    10.077   C11 URE X    0
  found on step  631
 current point:
  at point    0.421  -0.439 -12.066
  closest atom surface   10.076   C51 URE X    0
  2nd closest surface    10.076   C11 URE X    0
  found on step  994
  no. of rejections          341
 stored as   -60

 highest radius point found:
  at point    0.432  -0.439 -12.266
  closest atom surface   10.213   C31 URE X    0
  2nd closest surface    10.214   C11 URE X    0
  found on step  920
  this is also current point
  no. of rejections          334
 stored as   -61

 highest radius point found:
  at point    0.435  -0.436 -12.466
  closest atom surface   10.353   C31 URE X    0
  2nd closest surface    10.353   C51 URE X    0
  found on step  972
  this is also current point
  no. of rejections          335
 stored as   -62

 highest radius point found:
  at point    0.440  -0.437 -12.666
  closest atom surface   10.493   C11 URE X    0
  2nd closest surface    10.494   C31 URE X    0
  found on step  869
 current point:
  at point    0.439  -0.437 -12.666
  closest atom surface   10.493   C11 URE X    0
  2nd closest surface    10.494   C31 URE X    0
  found on step  991
  no. of rejections          348
 stored as   -63

 highest radius point found:
  at point    0.442  -0.434 -12.866
  closest atom surface   10.635   C11 URE X    0
  2nd closest surface    10.636   C51 URE X    0
  found on step  845
 current point:
  at point    0.444  -0.432 -12.866
  closest atom surface   10.635   C51 URE X    0
  2nd closest surface    10.637   C31 URE X    0
  found on step  995
  no. of rejections          359
 stored as   -64

 highest radius point found:
  at point    0.454  -0.438 -13.066
  closest atom surface   10.778   C11 URE X    0
  2nd closest surface    10.778   C31 URE X    0
  found on step  716
 current point:
  at point    0.445  -0.435 -13.066
  closest atom surface   10.778   C11 URE X    0
  2nd closest surface    10.780   C51 URE X    0
  found on step  934
  no. of rejections          352
 stored as   -65

 highest radius point found:
  at point    0.455  -0.431 -13.266
  closest atom surface   10.926   C31 URE X    0
  2nd closest surface    10.926   C51 URE X    0
  found on step  817
 current point:
  at point    0.453  -0.432 -13.266
  closest atom surface   10.925   C11 URE X    0
  2nd closest surface    10.925   C51 URE X    0
  found on step  985
  no. of rejections          317
 stored as   -66

 highest radius point found:
  at point    0.460  -0.429 -13.466
  closest atom surface   11.072   C31 URE X    0
  2nd closest surface    11.072   C51 URE X    0
  found on step  446
 current point:
  at point    0.464  -0.431 -13.466
  closest atom surface   11.070   C31 URE X    0
  2nd closest surface    11.073   C11 URE X    0
  found on step  884
  no. of rejections          354
 stored as   -67

 highest radius point found:
  at point    0.461  -0.429 -13.666
  closest atom surface   11.220   C11 URE X    0
  2nd closest surface    11.220   C51 URE X    0
  found on step  946
  this is also current point
  no. of rejections          335
 stored as   -68

 highest radius point found:
  at point    0.467  -0.429 -13.866
  closest atom surface   11.369   C11 URE X    0
  2nd closest surface    11.370   C51 URE X    0
  found on step  846
 current point:
  at point    0.471  -0.432 -13.866
  closest atom surface   11.368   C11 URE X    0
  2nd closest surface    11.370   C31 URE X    0
  found on step  979
  no. of rejections          340
 stored as   -69

 highest radius point found:
  at point    0.476  -0.427 -14.066
  closest atom surface   11.521   C31 URE X    0
  2nd closest surface    11.521   C11 URE X    0
  found on step 1000
  this is also current point
  no. of rejections          329
 stored as   -70

 highest radius point found:
  at point    0.483  -0.428 -14.266
  closest atom surface   11.672   C31 URE X    0
  2nd closest surface    11.673   C11 URE X    0
  found on step  256
 current point:
  at point    0.481  -0.421 -14.266
  closest atom surface   11.672   C51 URE X    0
  2nd closest surface    11.672   C31 URE X    0
  found on step  977
  no. of rejections          350
 stored as   -71

 highest radius point found:
  at point    0.485  -0.426 -14.466
  closest atom surface   11.826   C11 URE X    0
  2nd closest surface    11.827   C31 URE X    0
  found on step  700
 current point:
  at point    0.483  -0.427 -14.466
  closest atom surface   11.825   C11 URE X    0
  2nd closest surface    11.828   C51 URE X    0
  found on step  974
  no. of rejections          318
 stored as   -72

 highest radius point found:
  at point    0.488  -0.423 -14.666
  closest atom surface   11.981   C11 URE X    0
  2nd closest surface    11.981   C51 URE X    0
  found on step  797
 current point:
  at point    0.490  -0.425 -14.666
  closest atom surface   11.980   C11 URE X    0
  2nd closest surface    11.982   C31 URE X    0
  found on step  979
  no. of rejections          334
 stored as   -73

 highest radius point found:
  at point    0.494  -0.424 -14.866
  closest atom surface   12.136   C11 URE X    0
  2nd closest surface    12.138   C31 URE X    0
  found on step  721
 current point:
  at point    0.496  -0.417 -14.866
  closest atom surface   12.135   C51 URE X    0
  2nd closest surface    12.136   C31 URE X    0
  found on step  983
  no. of rejections          320
 stored as   -74

 highest radius point found:
  at point    0.501  -0.421 -15.066
  closest atom surface   12.294   C31 URE X    0
  2nd closest surface    12.294   C11 URE X    0
  found on step  953
  this is also current point
  no. of rejections          323
 stored as   -75

 highest radius point found:
  at point    0.502  -0.419 -15.266
  closest atom surface   12.451   C51 URE X    0
  2nd closest surface    12.452   C11 URE X    0
  found on step  928
  this is also current point
  no. of rejections          324
 stored as   -76

 highest radius point found:
  at point    0.507  -0.418 -15.466
  closest atom surface   12.610   C11 URE X    0
  2nd closest surface    12.611   C51 URE X    0
  found on step  974
  this is also current point
  no. of rejections          294
 stored as   -77

 highest radius point found:
  at point    0.516  -0.415 -15.666
  closest atom surface   12.771   C31 URE X    0
  2nd closest surface    12.771   C51 URE X    0
  found on step  851
 current point:
  at point    0.504  -0.417 -15.666
  closest atom surface   12.768   C51 URE X    0
  2nd closest surface    12.769   C11 URE X    0
  found on step  982
  no. of rejections          329
 stored as   -78

 highest radius point found:
  at point    0.516  -0.415 -15.866
  closest atom surface   12.931   C51 URE X    0
  2nd closest surface    12.932   C11 URE X    0
  found on step    1
 current point:
  at point    0.517  -0.414 -15.866
  closest atom surface   12.930   C51 URE X    0
  2nd closest surface    12.933   C11 URE X    0
  found on step  865
  no. of rejections          299
 stored as   -79

 highest radius point found:
  at point    0.519  -0.415 -16.066
  closest atom surface   13.093   C11 URE X    0
  2nd closest surface    13.093   C51 URE X    0
  found on step  974
  this is also current point
  no. of rejections          304
 stored as   -80

 highest radius point found:
  at point    0.533  -0.414 -16.266
  closest atom surface   13.256   C31 URE X    0
  2nd closest surface    13.257   C11 URE X    0
  found on step  863
 current point:
  at point    0.526  -0.415 -16.266
  closest atom surface   13.255   C11 URE X    0
  2nd closest surface    13.257   C51 URE X    0
  found on step  984
  no. of rejections          331
 stored as   -81

 highest radius point found:
  at point    0.537  -0.412 -16.466
  closest atom surface   13.420   C31 URE X    0
  2nd closest surface    13.421   C11 URE X    0
  found on step  659
 current point:
  at point    0.533  -0.408 -16.466
  closest atom surface   13.418   C51 URE X    0
  2nd closest surface    13.422   C31 URE X    0
  found on step  994
  no. of rejections          292
 stored as   -82

 highest radius point found:
  at point    0.540  -0.411 -16.666
  closest atom surface   13.585   C51 URE X    0
  2nd closest surface    13.586   C11 URE X    0
  found on step  962
  this is also current point
  no. of rejections          290
 stored as   -83

 highest radius point found:
  at point    0.544  -0.410 -16.866
  closest atom surface   13.751   C11 URE X    0
  2nd closest surface    13.751   C51 URE X    0
  found on step  998
  this is also current point
  no. of rejections          327
 stored as   -84

 highest radius point found:
  at point    0.551  -0.410 -17.066
  closest atom surface   13.916   C11 URE X    0
  2nd closest surface    13.917   C31 URE X    0
  found on step  984
  this is also current point
  no. of rejections          285
 stored as   -85

 highest radius point found:
  at point    0.559  -0.405 -17.266
  closest atom surface   14.082   C31 URE X    0
  2nd closest surface    14.085   C51 URE X    0
  found on step  916
  this is also current point
  no. of rejections          281
 stored as   -86

 highest radius point found:
  at point    0.559  -0.405 -17.466
  closest atom surface   14.251   C51 URE X    0
  2nd closest surface    14.252   C11 URE X    0
  found on step    1
 current point:
  at point    0.567  -0.414 -17.466
  closest atom surface   14.249   C11 URE X    0
  2nd closest surface    14.250   C31 URE X    0
  found on step  981
  no. of rejections          311
 stored as   -87

 highest radius point found:
  at point    0.567  -0.403 -17.666
  closest atom surface   14.420   C31 URE X    0
  2nd closest surface    14.420   C51 URE X    0
  found on step  801
 current point:
  at point    0.565  -0.403 -17.666
  closest atom surface   14.420   C51 URE X    0
  2nd closest surface    14.420   C31 URE X    0
  found on step  977
  no. of rejections          309
 stored as   -88

 highest radius point found:
  at point    0.570  -0.402 -17.866
  closest atom surface   14.589   C51 URE X    0
  2nd closest surface    14.590   C11 URE X    0
  found on step  998
  this is also current point
  no. of rejections          302
 stored as   -89

 highest radius point found:
  at point    0.575  -0.402 -18.066
  closest atom surface   14.760   C51 URE X    0
  2nd closest surface    14.760   C31 URE X    0
  found on step  960
  this is also current point
  no. of rejections          320
 stored as   -90

 highest radius point found:
  at point    0.580  -0.402 -18.266
  closest atom surface   14.930   C11 URE X    0
  2nd closest surface    14.930   C31 URE X    0
  found on step  991
  this is also current point
  no. of rejections          301
 stored as   -91

 highest radius point found:
  at point    0.587  -0.401 -18.466
  closest atom surface   15.101   H44 URE X    0
  2nd closest surface    15.101   C31 URE X    0
  found on step  962
  this is also current point
  no. of rejections          279
 stored as   -92

 highest radius point found:
  at point    0.597  -0.405 -18.666
  closest atom surface   15.271   C11 URE X    0
  2nd closest surface    15.271   C31 URE X    0
  found on step  946
  this is also current point
  no. of rejections          305
 stored as   -93

 highest radius point found:
  at point    0.604  -0.405 -18.866
  closest atom surface   15.442   C31 URE X    0
  2nd closest surface    15.443   C11 URE X    0
  found on step  944
  this is also current point
  no. of rejections          292
 stored as   -94

 highest radius point found:
  at point    0.612  -0.409 -19.066
  closest atom surface   15.615   C11 URE X    0
  2nd closest surface    15.615   C31 URE X    0
  found on step  915
  this is also current point
  no. of rejections          290
 stored as   -95

 highest radius point found:
  at point    0.614  -0.410 -19.266
  closest atom surface   15.787   C11 URE X    0
  2nd closest surface    15.787   H44 URE X    0
  found on step  783
 current point:
  at point    0.612  -0.408 -19.266
  closest atom surface   15.786   H44 URE X    0
  2nd closest surface    15.787   C11 URE X    0
  found on step  980
  no. of rejections          305
 stored as   -96

 highest radius point found:
  at point    0.618  -0.412 -19.466
  closest atom surface   15.959   C11 URE X    0
  2nd closest surface    15.960   H44 URE X    0
  found on step  974
  this is also current point
  no. of rejections          291
 stored as   -97

 highest radius point found:
  at point    0.622  -0.413 -19.666
  closest atom surface   16.132   H44 URE X    0
  2nd closest surface    16.133   H28 URE X    0
  found on step  647
 current point:
  at point    0.617  -0.414 -19.666
  closest atom surface   16.131   H44 URE X    0
  2nd closest surface    16.131   C11 URE X    0
  found on step  937
  no. of rejections          290
 stored as   -98

 highest radius point found:
  at point    0.626  -0.415 -19.866
  closest atom surface   16.306   H44 URE X    0
  2nd closest surface    16.306   H28 URE X    0
  found on step  874
 current point:
  at point    0.627  -0.412 -19.866
  closest atom surface   16.305   H44 URE X    0
  2nd closest surface    16.305   H28 URE X    0
  found on step  948
  no. of rejections          311
 stored as   -99

 highest radius point found:
  at point    0.631  -0.419 -20.066
  closest atom surface   16.480   H28 URE X    0
  2nd closest surface    16.480   C11 URE X    0
  found on step  961
  this is also current point
  no. of rejections          294
 stored as  -100

 highest radius point found:
  at point    0.631  -0.419 -20.266
  closest atom surface   16.654   H44 URE X    0
  2nd closest surface    16.655   C11 URE X    0
  found on step    1
 current point:
  at point    0.644  -0.426 -20.266
  closest atom surface   16.651   H28 URE X    0
  2nd closest surface    16.654   C11 URE X    0
  found on step  976
  no. of rejections          293
 stored as  -101

 highest radius point found:
  at point    0.635  -0.421 -20.466
  closest atom surface   16.829   H44 URE X    0
  2nd closest surface    16.830   C11 URE X    0
  found on step  924
  this is also current point
  no. of rejections          281
 stored as  -102

 highest radius point found:
  at point    0.637  -0.424 -20.666
  closest atom surface   17.005   H44 URE X    0
  2nd closest surface    17.005   C11 URE X    0
  found on step  985
  this is also current point
  no. of rejections          296
 stored as  -103

 highest radius point found:
  at point    0.646  -0.425 -20.866
  closest atom surface   17.181   H28 URE X    0
  2nd closest surface    17.181   H44 URE X    0
  found on step  585
 current point:
  at point    0.646  -0.421 -20.866
  closest atom surface   17.180   H44 URE X    0
  2nd closest surface    17.180   H28 URE X    0
  found on step  968
  no. of rejections          285
 stored as  -104

 highest radius point found:
  at point    0.649  -0.432 -21.066
  closest atom surface   17.357   C11 URE X    0
  2nd closest surface    17.358   H28 URE X    0
  found on step  982
  this is also current point
  no. of rejections          260
 stored as  -105

 highest radius point found:
  at point    0.649  -0.432 -21.266
  closest atom surface   17.534   C11 URE X    0
  2nd closest surface    17.535   H44 URE X    0
  found on step    1
 current point:
  at point    0.647  -0.431 -21.266
  closest atom surface   17.534   C11 URE X    0
  2nd closest surface    17.534   H44 URE X    0
  found on step  979
  no. of rejections          283
 stored as  -106

 highest radius point found:
  at point    0.657  -0.431 -21.466
  closest atom surface   17.712   H28 URE X    0
  2nd closest surface    17.713   H44 URE X    0
  found on step  968
  this is also current point
  no. of rejections          276
 stored as  -107

 highest radius point found:
  at point    0.660  -0.433 -21.666
  closest atom surface   17.890   H44 URE X    0
  2nd closest surface    17.891   H28 URE X    0
  found on step  968
  this is also current point
  no. of rejections          251
 stored as  -108

 highest radius point found:
  at point    0.658  -0.439 -21.866
  closest atom surface   18.067   C11 URE X    0
  2nd closest surface    18.069   H44 URE X    0
  found on step  973
  this is also current point
  no. of rejections          266
 stored as  -109

 highest radius point found:
  at point    0.664  -0.439 -22.066
  closest atom surface   18.247   C11 URE X    0
  2nd closest surface    18.247   H44 URE X    0
  found on step  979
  this is also current point
  no. of rejections          265
 stored as  -110

 highest radius point found:
  at point    0.673  -0.436 -22.266
  closest atom surface   18.426   H28 URE X    0
  2nd closest surface    18.427   H44 URE X    0
  found on step 1000
  this is also current point
  no. of rejections          269
 stored as  -111

 highest radius point found:
  at point    0.674  -0.440 -22.466
  closest atom surface   18.606   H44 URE X    0
  2nd closest surface    18.607   H28 URE X    0
  found on step  993
  this is also current point
  no. of rejections          269
 stored as  -112

 highest radius point found:
  at point    0.674  -0.444 -22.666
  closest atom surface   18.786   C11 URE X    0
  2nd closest surface    18.786   H44 URE X    0
  found on step  879
  this is also current point
  no. of rejections          270
 stored as  -113

 highest radius point found:
  at point    0.683  -0.446 -22.866
  closest atom surface   18.967   C11 URE X    0
  2nd closest surface    18.967   H28 URE X    0
  found on step  989
  this is also current point
  no. of rejections          252
 stored as  -114

 highest radius point found:
  at point    0.689  -0.449 -23.066
  closest atom surface   19.147   H28 URE X    0
  2nd closest surface    19.148   C11 URE X    0
  found on step   13
 current point:
  at point    0.687  -0.443 -23.066
  closest atom surface   19.147   H44 URE X    0
  2nd closest surface    19.147   H28 URE X    0
  found on step  975
  no. of rejections          261
 stored as  -115

 highest radius point found:
  at point    0.689  -0.449 -23.266
  closest atom surface   19.329   H44 URE X    0
  2nd closest surface    19.329   C11 URE X    0
  found on step    1
 current point:
  at point    0.684  -0.449 -23.266
  closest atom surface   19.328   H44 URE X    0
  2nd closest surface    19.328   C11 URE X    0
  found on step  922
  no. of rejections          244
 stored as  -116

 highest radius point found:
  at point    0.695  -0.451 -23.466
  closest atom surface   19.510   H28 URE X    0
  2nd closest surface    19.511   C11 URE X    0
  found on step  826
 current point:
  at point    0.696  -0.449 -23.466
  closest atom surface   19.510   H28 URE X    0
  2nd closest surface    19.511   H44 URE X    0
  found on step  985
  no. of rejections          264
 stored as  -117

 highest radius point found:
  at point    0.698  -0.452 -23.666
  closest atom surface   19.692   C11 URE X    0
  2nd closest surface    19.692   H44 URE X    0
  found on step  976
  this is also current point
  no. of rejections          284
 stored as  -118

 highest radius point found:
  at point    0.696  -0.454 -23.866
  closest atom surface   19.873   H44 URE X    0
  2nd closest surface    19.874   C11 URE X    0
  found on step  973
  this is also current point
  no. of rejections          251
 stored as  -119

 highest radius point found:
  at point    0.707  -0.453 -24.066
  closest atom surface   20.056   H28 URE X    0
  2nd closest surface    20.057   H44 URE X    0
  found on step  996
  this is also current point
  no. of rejections          241
 stored as  -120

 highest radius point found:
  at point    0.706  -0.458 -24.266
  closest atom surface   20.239   H44 URE X    0
  2nd closest surface    20.239   C11 URE X    0
  found on step  974
  this is also current point
  no. of rejections          264
 stored as  -121

 highest radius point found:
  at point    0.712  -0.460 -24.466
  closest atom surface   20.422   C11 URE X    0
  2nd closest surface    20.423   H44 URE X    0
  found on step  966
  this is also current point
  no. of rejections          265
 stored as  -122

 highest radius point found:
  at point    0.718  -0.462 -24.666
  closest atom surface   20.606   C11 URE X    0
  2nd closest surface    20.606   H28 URE X    0
  found on step  955
  this is also current point
  no. of rejections          266
 stored as  -123

 highest radius point found:
  at point    0.720  -0.464 -24.866
  closest atom surface   20.789   C11 URE X    0
  2nd closest surface    20.790   H44 URE X    0
  found on step  886
  this is also current point
  no. of rejections          272
 stored as  -124

 highest radius point found:
  at point    0.726  -0.462 -25.066
  closest atom surface   20.973   H44 URE X    0
  2nd closest surface    20.973   H28 URE X    0
  found on step  981
  this is also current point
  no. of rejections          278
 stored as  -125

 highest radius point found:
  at point    0.724  -0.467 -25.266
  closest atom surface   21.157   C11 URE X    0
  2nd closest surface    21.157   H44 URE X    0
  found on step  852
 current point:
  at point    0.722  -0.467 -25.266
  closest atom surface   21.156   C11 URE X    0
  2nd closest surface    21.157   H44 URE X    0
  found on step  981
  no. of rejections          248
 stored as  -126

 highest radius point found:
  at point    0.731  -0.467 -25.466
  closest atom surface   21.342   H44 URE X    0
  2nd closest surface    21.342   C11 URE X    0
  found on step  881
 current point:
  at point    0.735  -0.459 -25.466
  closest atom surface   21.341   H44 URE X    0
  2nd closest surface    21.341   H28 URE X    0
  found on step  990
  no. of rejections          276
 stored as  -127

 highest radius point found:
  at point    0.738  -0.467 -25.666
  closest atom surface   21.526   H28 URE X    0
  2nd closest surface    21.527   H44 URE X    0
  found on step  939
  this is also current point
  no. of rejections          264
 stored as  -128

 highest radius point found:
  at point    0.741  -0.471 -25.866
  closest atom surface   21.712   C11 URE X    0
  2nd closest surface    21.712   H28 URE X    0
  found on step  928
  this is also current point
  no. of rejections          265
 stored as  -129

 highest radius point found:
  at point    0.747  -0.475 -26.066
  closest atom surface   21.896   C11 URE X    0
  2nd closest surface    21.897   H28 URE X    0
  found on step  926
  this is also current point
  no. of rejections          241
 stored as  -130

 highest radius point found:
  at point    0.748  -0.473 -26.266
  closest atom surface   22.083   C11 URE X    0
  2nd closest surface    22.083   H44 URE X    0
  found on step  947
  this is also current point
  no. of rejections          254
 This is an end! (radius above  22.0 angs)
 
 N.b. Graph information routine (HOGRAP) differs 
        markedly from previous versions!
       Information now is written from -ve end
       to +ve in one pass
 
 Explanation of the meaning of each column: 
 First column "cenxyz.cvec" is the coordinate in the
   direction of the channel vector i.e. if the channel
   vector is in z (0 0 1) then it is the z coordinate.
 The second column "radius" is the hole pore radius 
   (as defined in the Biophys J 1993) article).
 The third column "cen_line_D" is the distance 
   measured along the pore centre line - with the 
   first point found set to zero. This was the first
   thing that I used to measure the distance along a pore
   but "cenxyz.cvec" is a much better general measure. 
   However, by comparing changes in this distance to changes in '   "cenxyz.cvec" one can get a measure of how straight a 
   channel is.
 The fourth column "sum{s/(area)}" is useful in conductance
   prediction -
   basically it is the sum of the thickness of each slab
   divided by its area. HOLE uses this measure to estimate
   the macroscopic conductance of a channel.
 If any of this worries you one can see the "raw" results
   of a standard hole run by producing a sphpdb file and 
    directly looking at the results.
 cenxyz.cvec      radius  cen_line_D sum{s/(area point sourc
   -26.06646    21.89635   -26.12185     0.00007   (sampled)
   -25.96646    21.80409   -26.02179     0.00013 (mid-point)
   -25.86646    21.71189   -25.92172     0.00020   (sampled)
   -25.76646    21.61914   -25.82170     0.00027 (mid-point)
   -25.66646    21.52640   -25.72167     0.00034   (sampled)
   -25.56646    21.43444   -25.62161     0.00041 (mid-point)
   -25.46646    21.34189   -25.52155     0.00048   (sampled)
   -25.36646    21.24937   -25.42148     0.00055 (mid-point)
   -25.26646    21.15658   -25.32141     0.00062   (sampled)
   -25.16646    21.06503   -25.22137     0.00069 (mid-point)
   -25.06646    20.97305   -25.12133     0.00076   (sampled)
   -24.96646    20.88142   -25.02129     0.00084 (mid-point)
   -24.86646    20.78895   -24.92124     0.00091   (sampled)
   -24.76646    20.69731   -24.82123     0.00098 (mid-point)
   -24.66646    20.60574   -24.72122     0.00106   (sampled)
   -24.56646    20.51394   -24.62118     0.00113 (mid-point)
   -24.46646    20.42221   -24.52113     0.00121   (sampled)
   -24.36646    20.33058   -24.42108     0.00129 (mid-point)
   -24.26646    20.23890   -24.32102     0.00137   (sampled)
   -24.16646    20.14768   -24.22100     0.00144 (mid-point)
   -24.06646    20.05619   -24.12098     0.00152   (sampled)
   -23.96646    19.96469   -24.02082     0.00160 (mid-point)
   -23.86646    19.87292   -23.92067     0.00168   (sampled)
   -23.76646    19.78254   -23.82066     0.00176 (mid-point)
   -23.66646    19.69225   -23.72066     0.00185   (sampled)
   -23.56646    19.60132   -23.62065     0.00193 (mid-point)
   -23.46646    19.51023   -23.52063     0.00201   (sampled)
   -23.36646    19.41974   -23.42059     0.00210 (mid-point)
   -23.26646    19.32876   -23.32054     0.00218   (sampled)
   -23.16646    19.23817   -23.22054     0.00227 (mid-point)
   -23.06646    19.14698   -23.12054     0.00236   (sampled)
   -22.96646    19.05701   -23.02048     0.00244 (mid-point)
   -22.86646    18.96704   -22.92043     0.00253   (sampled)
   -22.76646    18.87635   -22.82032     0.00262 (mid-point)
   -22.66646    18.78575   -22.72022     0.00271   (sampled)
   -22.56646    18.69585   -22.62020     0.00280 (mid-point)
   -22.46646    18.60593   -22.52018     0.00289   (sampled)
   -22.36646    18.51618   -22.42016     0.00299 (mid-point)
   -22.26646    18.42590   -22.32014     0.00308   (sampled)
   -22.16646    18.33690   -22.22001     0.00318 (mid-point)
   -22.06646    18.24690   -22.11988     0.00327   (sampled)
   -21.96646    18.15692   -22.01983     0.00337 (mid-point)
   -21.86646    18.06703   -21.91979     0.00347   (sampled)
   -21.76646    17.97908   -21.81974     0.00356 (mid-point)
   -21.66646    17.89032   -21.71969     0.00366   (sampled)
   -21.56646    17.80146   -21.61968     0.00376 (mid-point)
   -21.46646    17.71235   -21.51967     0.00386   (sampled)
   -21.36646    17.62364   -21.41960     0.00397 (mid-point)
   -21.26646    17.53416   -21.31953     0.00407   (sampled)
   -21.16646    17.44544   -21.21953     0.00418 (mid-point)
   -21.06646    17.35684   -21.11953     0.00428   (sampled)
   -20.96646    17.26949   -21.01945     0.00439 (mid-point)
   -20.86646    17.18095   -20.91938     0.00450   (sampled)
   -20.76646    17.09289   -20.81928     0.00460 (mid-point)
   -20.66646    17.00451   -20.71919     0.00471   (sampled)
   -20.56646    16.91659   -20.61917     0.00483 (mid-point)
   -20.46646    16.82881   -20.51915     0.00494   (sampled)
   -20.36646    16.74120   -20.41913     0.00505 (mid-point)
   -20.26646    16.65373   -20.31911     0.00517   (sampled)
   -20.16646    16.56723   -20.21911     0.00528 (mid-point)
   -20.06646    16.47963   -20.11911     0.00540   (sampled)
   -19.96646    16.39287   -20.01904     0.00552 (mid-point)
   -19.86646    16.30570   -19.91898     0.00564   (sampled)
   -19.76646    16.21889   -19.81896     0.00576 (mid-point)
   -19.66646    16.13221   -19.71894     0.00588   (sampled)
   -19.56646    16.04590   -19.61891     0.00601 (mid-point)
   -19.46646    15.95903   -19.51889     0.00613   (sampled)
   -19.36646    15.87284   -19.41887     0.00626 (mid-point)
   -19.26646    15.78681   -19.31884     0.00638   (sampled)
   -19.16646    15.70059   -19.21883     0.00651 (mid-point)
   -19.06646    15.61451   -19.11882     0.00664   (sampled)
   -18.96646    15.52856   -19.01874     0.00678 (mid-point)
   -18.86646    15.44249   -18.91865     0.00691   (sampled)
   -18.76646    15.35667   -18.81858     0.00704 (mid-point)
   -18.66646    15.27100   -18.71851     0.00718   (sampled)
   -18.56646    15.18582   -18.61838     0.00732 (mid-point)
   -18.46646    15.10074   -18.51824     0.00746   (sampled)
   -18.36646    15.01539   -18.41819     0.00760 (mid-point)
   -18.26646    14.92992   -18.31813     0.00774   (sampled)
   -18.16646    14.84473   -18.21810     0.00789 (mid-point)
   -18.06646    14.75952   -18.11807     0.00803   (sampled)
   -17.96646    14.67416   -18.01803     0.00818 (mid-point)
   -17.86646    14.58896   -17.91798     0.00833   (sampled)
   -17.76646    14.50449   -17.81797     0.00848 (mid-point)
   -17.66646    14.41980   -17.71796     0.00863   (sampled)
   -17.56646    14.33562   -17.61789     0.00879 (mid-point)
   -17.46646    14.25123   -17.51782     0.00895   (sampled)
   -17.36646    14.16722   -17.41782     0.00910 (mid-point)
   -17.26646    14.08206   -17.31782     0.00927   (sampled)
   -17.16646    13.99950   -17.21769     0.00943 (mid-point)
   -17.06646    13.91640   -17.11757     0.00959   (sampled)
   -16.96646    13.83339   -17.01752     0.00976 (mid-point)
   -16.86646    13.75059   -16.91746     0.00993   (sampled)
   -16.76646    13.66800   -16.81744     0.01010 (mid-point)
   -16.66646    13.58537   -16.71741     0.01027   (sampled)
   -16.56646    13.50290   -16.61740     0.01044 (mid-point)
   -16.46646    13.42021   -16.51738     0.01062   (sampled)
   -16.36646    13.33801   -16.41735     0.01080 (mid-point)
   -16.26646    13.25603   -16.31733     0.01098   (sampled)
   -16.16646    13.17486   -16.21711     0.01116 (mid-point)
   -16.06646    13.09278   -16.11689     0.01135   (sampled)
   -15.96646    13.01162   -16.01688     0.01154 (mid-point)
   -15.86646    12.93069   -15.91686     0.01173   (sampled)
   -15.76646    12.85062   -15.81686     0.01192 (mid-point)
   -15.66646    12.77073   -15.71686     0.01212   (sampled)
   -15.56646    12.69053   -15.61674     0.01231 (mid-point)
   -15.46646    12.61045   -15.51662     0.01251   (sampled)
   -15.36646    12.53080   -15.41659     0.01272 (mid-point)
   -15.26646    12.45133   -15.31656     0.01292   (sampled)
   -15.16646    12.37271   -15.21655     0.01313 (mid-point)
   -15.06646    12.29391   -15.11655     0.01334   (sampled)
   -14.96646    12.21504   -15.01648     0.01355 (mid-point)
   -14.86646    12.13619   -14.91642     0.01377   (sampled)
   -14.76646    12.05849   -14.81638     0.01399 (mid-point)
   -14.66646    11.98107   -14.71633     0.01421   (sampled)
   -14.56646    11.90327   -14.61631     0.01444 (mid-point)
   -14.46646    11.82575   -14.51628     0.01466   (sampled)
   -14.36646    11.74911   -14.41627     0.01489 (mid-point)
   -14.26646    11.67194   -14.31627     0.01513   (sampled)
   -14.16646    11.59620   -14.21620     0.01536 (mid-point)
   -14.06646    11.52077   -14.11614     0.01560   (sampled)
   -13.96646    11.44500   -14.01603     0.01585 (mid-point)
   -13.86646    11.36917   -13.91593     0.01609   (sampled)
   -13.76646    11.29427   -13.81589     0.01634 (mid-point)
   -13.66646    11.21972   -13.71585     0.01660   (sampled)
   -13.56646    11.14581   -13.61585     0.01685 (mid-point)
   -13.46646    11.07216   -13.51585     0.01711   (sampled)
   -13.36646    10.99866   -13.41581     0.01737 (mid-point)
   -13.26646    10.92553   -13.31577     0.01764   (sampled)
   -13.16646    10.85161   -13.21571     0.01791 (mid-point)
   -13.06646    10.77802   -13.11566     0.01819   (sampled)
   -12.96646    10.70654   -13.01546     0.01846 (mid-point)
   -12.86646    10.63546   -12.91527     0.01874   (sampled)
   -12.76646    10.56417   -12.81526     0.01903 (mid-point)
   -12.66646    10.49329   -12.71525     0.01932   (sampled)
   -12.56646    10.42330   -12.61521     0.01961 (mid-point)
   -12.46646    10.35309   -12.51518     0.01991   (sampled)
   -12.36646    10.28287   -12.41515     0.02021 (mid-point)
   -12.26646    10.21308   -12.31512     0.02052   (sampled)
   -12.16646    10.14507   -12.21504     0.02082 (mid-point)
   -12.06646    10.07705   -12.11496     0.02114   (sampled)
   -11.96646    10.00889   -12.01494     0.02146 (mid-point)
   -11.86646     9.94108   -11.91492     0.02178   (sampled)
   -11.76646     9.87439   -11.81487     0.02210 (mid-point)
   -11.66646     9.80787   -11.71482     0.02244   (sampled)
   -11.56646     9.74184   -11.61478     0.02277 (mid-point)
   -11.46646     9.67630   -11.51475     0.02311   (sampled)
   -11.36646     9.61086   -11.41473     0.02346 (mid-point)
   -11.26646     9.54575   -11.31471     0.02380   (sampled)
   -11.16646     9.48205   -11.21466     0.02416 (mid-point)
   -11.06646     9.41830   -11.11461     0.02452   (sampled)
   -10.96646     9.35545   -11.01459     0.02488 (mid-point)
   -10.86646     9.29269   -10.91457     0.02525   (sampled)
   -10.76646     9.23115   -10.81446     0.02562 (mid-point)
   -10.66646     9.16895   -10.71435     0.02600   (sampled)
   -10.56646     9.10914   -10.61435     0.02639 (mid-point)
   -10.46646     9.04744   -10.51435     0.02677   (sampled)
   -10.36646     8.98935   -10.41424     0.02717 (mid-point)
   -10.26646     8.92936   -10.31414     0.02757   (sampled)
   -10.16646     8.87113   -10.21409     0.02797 (mid-point)
   -10.06646     8.81351   -10.11404     0.02838   (sampled)
    -9.96646     8.75593   -10.01403     0.02880 (mid-point)
    -9.86646     8.69897    -9.91401     0.02922   (sampled)
    -9.76646     8.64406    -9.81394     0.02964 (mid-point)
    -9.66646     8.58896    -9.71388     0.03007   (sampled)
    -9.56646     8.53400    -9.61375     0.03051 (mid-point)
    -9.46646     8.47829    -9.51362     0.03095   (sampled)
    -9.36646     8.42629    -9.41362     0.03140 (mid-point)
    -9.26646     8.37452    -9.31362     0.03186   (sampled)
    -9.16646     8.32286    -9.21357     0.03232 (mid-point)
    -9.06646     8.27144    -9.11352     0.03278   (sampled)
    -8.96646     8.22156    -9.01350     0.03325 (mid-point)
    -8.86646     8.17140    -8.91349     0.03373   (sampled)
    -8.76646     8.12339    -8.81342     0.03421 (mid-point)
    -8.66646     8.07481    -8.71335     0.03470   (sampled)
    -8.56646     8.02759    -8.61333     0.03519 (mid-point)
    -8.46646     7.97980    -8.51331     0.03569   (sampled)
    -8.36646     7.93183    -8.41298     0.03620 (mid-point)
    -8.26646     7.88247    -8.31265     0.03671   (sampled)
    -8.16646     7.82355    -8.20875     0.03723 (mid-point)
    -8.06646     7.76539    -8.10485     0.03776   (sampled)
    -7.96646     7.70820    -8.00053     0.03830 (mid-point)
    -7.86646     7.65182    -7.89620     0.03884   (sampled)
    -7.76646     7.59598    -7.79270     0.03939 (mid-point)
    -7.66646     7.54095    -7.68920     0.03995   (sampled)
    -7.56646     7.48640    -7.58614     0.04052 (mid-point)
    -7.46646     7.43268    -7.48308     0.04109   (sampled)
    -7.36646     7.38023    -7.37942     0.04168 (mid-point)
    -7.26646     7.32845    -7.27576     0.04227   (sampled)
    -7.16646     7.27840    -7.17029     0.04287 (mid-point)
    -7.06646     7.22879    -7.06482     0.04348   (sampled)
    -6.96646     7.18106    -6.96049     0.04410 (mid-point)
    -6.86646     7.13241    -6.85617     0.04472   (sampled)
    -6.76646     7.08363    -6.75420     0.04536 (mid-point)
    -6.66646     7.03576    -6.65222     0.04600   (sampled)
    -6.56646     6.98583    -6.54722     0.04665 (mid-point)
    -6.46646     6.93683    -6.44222     0.04732   (sampled)
    -6.36646     6.88794    -6.33742     0.04799 (mid-point)
    -6.26646     6.84001    -6.23262     0.04867   (sampled)
    -6.16646     6.79303    -6.12710     0.04936 (mid-point)
    -6.06646     6.74677    -6.02157     0.05006   (sampled)
    -5.96646     6.70296    -5.91856     0.05076 (mid-point)
    -5.86646     6.66001    -5.81556     0.05148   (sampled)
    -5.76646     6.61683    -5.71155     0.05221 (mid-point)
    -5.66646     6.57471    -5.60754     0.05295   (sampled)
    -5.56646     6.52753    -5.50629     0.05369 (mid-point)
    -5.46646     6.48130    -5.40504     0.05445   (sampled)
    -5.36646     6.43028    -5.30502     0.05522 (mid-point)
    -5.26646     6.38015    -5.20501     0.05600   (sampled)
    -5.16646     6.33084    -5.10500     0.05680 (mid-point)
    -5.06646     6.28246    -5.00499     0.05760   (sampled)
    -4.96646     6.23438    -4.90499     0.05842 (mid-point)
    -4.86646     6.18719    -4.80498     0.05925   (sampled)
    -4.76646     6.14193    -4.70494     0.06010 (mid-point)
    -4.66646     6.09732    -4.60490     0.06095   (sampled)
    -4.56646     6.05330    -4.50487     0.06182 (mid-point)
    -4.46646     6.01042    -4.40484     0.06270   (sampled)
    -4.36646     5.96857    -4.30481     0.06360 (mid-point)
    -4.26646     5.92792    -4.20477     0.06450   (sampled)
    -4.16646     5.88953    -4.10477     0.06542 (mid-point)
    -4.06646     5.85036    -4.00477     0.06635   (sampled)
    -3.96646     5.81462    -3.90468     0.06729 (mid-point)
    -3.86646     5.77896    -3.80458     0.06825   (sampled)
    -3.76646     5.74503    -3.70456     0.06921 (mid-point)
    -3.66646     5.71126    -3.60454     0.07019   (sampled)
    -3.56646     5.67770    -3.50437     0.07117 (mid-point)
    -3.46646     5.64533    -3.40419     0.07217   (sampled)
    -3.36646     5.61428    -3.30411     0.07318 (mid-point)
    -3.26646     5.58444    -3.20403     0.07420   (sampled)
    -3.16646     5.55462    -3.10363     0.07523 (mid-point)
    -3.06646     5.52603    -3.00322     0.07628   (sampled)
    -2.96646     5.50033    -2.90304     0.07733 (mid-point)
    -2.86646     5.47540    -2.80285     0.07839   (sampled)
    -2.76646     5.45181    -2.70270     0.07946 (mid-point)
    -2.66646     5.42850    -2.60255     0.08054   (sampled)
    -2.56646     5.39954    -2.50246     0.08163 (mid-point)
    -2.46646     5.37079    -2.40238     0.08274   (sampled)
    -2.36646     5.34684    -2.30223     0.08385 (mid-point)
    -2.26646     5.31994    -2.20209     0.08497   (sampled)
    -2.16646     5.29839    -2.10199     0.08611 (mid-point)
    -2.06646     5.27811    -2.00188     0.08725   (sampled)
    -1.96646     5.25805    -1.90176     0.08840 (mid-point)
    -1.86646     5.23797    -1.80164     0.08956   (sampled)
    -1.76646     5.22255    -1.70157     0.09073 (mid-point)
    -1.66646     5.20765    -1.60150     0.09190   (sampled)
    -1.56646     5.19411    -1.50140     0.09308 (mid-point)
    -1.46646     5.18110    -1.40130     0.09427   (sampled)
    -1.36646     5.17149    -1.30121     0.09546 (mid-point)
    -1.26646     5.16077    -1.20113     0.09665   (sampled)
    -1.16646     5.15504    -1.10101     0.09785 (mid-point)
    -1.06646     5.14901    -1.00088     0.09905   (sampled)
    -0.96646     5.14497    -0.90081     0.10026 (mid-point)
    -0.86646     5.14256    -0.80074     0.10146   (sampled)
    -0.76646     5.14266    -0.70063     0.10266 (mid-point)
    -0.66646     5.14311    -0.60052     0.10387   (sampled)
    -0.56646     5.14629    -0.50042     0.10507 (mid-point)
    -0.46646     5.15054    -0.40032     0.10627   (sampled)
    -0.36646     5.15581    -0.30025     0.10747 (mid-point)
    -0.26646     5.16269    -0.20018     0.10866   (sampled)
    -0.16646     5.17130    -0.10009     0.10985 (mid-point)
    -0.06646     5.18121    -0.00000     0.11104   (sampled)
     0.03354     5.19151     0.10058     0.11222 (mid-point)
     0.13354     5.20279     0.20116     0.11339   (sampled)
     0.23354     5.20758     0.30464     0.11457 (mid-point)
     0.33354     5.21348     0.40811     0.11574   (sampled)
     0.43354     5.22132     0.51087     0.11690 (mid-point)
     0.53354     5.23039     0.61362     0.11807   (sampled)
     0.63354     5.24140     0.71655     0.11923 (mid-point)
     0.73354     5.25322     0.81949     0.12038   (sampled)
     0.83354     5.26832     0.92303     0.12153 (mid-point)
     0.93354     5.28429     1.02657     0.12267   (sampled)
     1.03354     5.30126     1.12997     0.12380 (mid-point)
     1.13354     5.31988     1.23337     0.12492   (sampled)
     1.23354     5.33184     1.33593     0.12604 (mid-point)
     1.33354     5.34525     1.43849     0.12716   (sampled)
     1.43354     5.35521     1.53919     0.12827 (mid-point)
     1.53354     5.36481     1.63989     0.12937   (sampled)
     1.63354     5.37614     1.74060     0.13048 (mid-point)
     1.73354     5.38903     1.84131     0.13157   (sampled)
     1.83354     5.40173     1.94187     0.13266 (mid-point)
     1.93354     5.41598     2.04243     0.13375   (sampled)
     2.03354     5.43222     2.14292     0.13483 (mid-point)
     2.13354     5.44998     2.24340     0.13590   (sampled)
     2.23354     5.46758     2.34376     0.13696 (mid-point)
     2.33354     5.48667     2.44411     0.13802   (sampled)
     2.43354     5.51031     2.54498     0.13907 (mid-point)
     2.53354     5.53407     2.64584     0.14011   (sampled)
     2.63354     5.55953     2.74661     0.14114 (mid-point)
     2.73354     5.58509     2.84739     0.14216   (sampled)
     2.83354     5.61104     2.94787     0.14317 (mid-point)
     2.93354     5.63606     3.04834     0.14417   (sampled)
     3.03354     5.66891     3.14917     0.14516 (mid-point)
     3.13354     5.70166     3.25001     0.14614   (sampled)
     3.23354     5.73362     3.35045     0.14711 (mid-point)
     3.33354     5.76692     3.45089     0.14807   (sampled)
     3.43354     5.80180     3.55148     0.14901 (mid-point)
     3.53354     5.83767     3.65208     0.14995   (sampled)
     3.63354     5.87505     3.75270     0.15087 (mid-point)
     3.73354     5.91267     3.85332     0.15178   (sampled)
     3.83354     5.95250     3.95383     0.15268 (mid-point)
     3.93354     5.99285     4.05434     0.15356   (sampled)
     4.03354     6.03358     4.15495     0.15444 (mid-point)
     4.13354     6.07412     4.25556     0.15530   (sampled)
     4.23354     6.12010     4.35616     0.15615 (mid-point)
     4.33354     6.16584     4.45676     0.15699   (sampled)
     4.43354     6.21183     4.55740     0.15781 (mid-point)
     4.53354     6.25793     4.65804     0.15863   (sampled)
     4.63354     6.30591     4.75850     0.15943 (mid-point)
     4.73354     6.35340     4.85896     0.16021   (sampled)
     4.83354     6.40462     4.95969     0.16099 (mid-point)
     4.93354     6.45459     5.06042     0.16175   (sampled)
     5.03354     6.50661     5.16095     0.16251 (mid-point)
     5.13354     6.55961     5.26148     0.16325   (sampled)
     5.23354     6.61391     5.36208     0.16397 (mid-point)
     5.33354     6.66827     5.46268     0.16469   (sampled)
     5.43354     6.72367     5.56326     0.16539 (mid-point)
     5.53354     6.77988     5.66385     0.16609   (sampled)
     5.63354     6.83636     5.76454     0.16677 (mid-point)
     5.73354     6.89288     5.86524     0.16744   (sampled)
     5.83354     6.95286     5.96574     0.16810 (mid-point)
     5.93354     7.01120     6.06625     0.16874   (sampled)
     6.03354     7.07153     6.16701     0.16938 (mid-point)
     6.13354     7.13266     6.26777     0.17001   (sampled)
     6.23354     7.19383     6.36830     0.17062 (mid-point)
     6.33354     7.25578     6.46882     0.17122   (sampled)
     6.43354     7.31989     6.56946     0.17182 (mid-point)
     6.53354     7.38269     6.67010     0.17240   (sampled)
     6.63354     7.44737     6.77062     0.17298 (mid-point)
     6.73354     7.51075     6.87113     0.17354   (sampled)
     6.83354     7.57197     6.97185     0.17410 (mid-point)
     6.93354     7.63373     7.07256     0.17464   (sampled)
     7.03354     7.69658     7.17399     0.17518 (mid-point)
     7.13354     7.76010     7.27541     0.17571   (sampled)
     7.23354     7.82349     7.37731     0.17623 (mid-point)
     7.33354     7.88608     7.47920     0.17674   (sampled)
     7.43354     7.95218     7.58026     0.17724 (mid-point)
     7.53354     8.01892     7.68133     0.17774   (sampled)
     7.63354     8.08604     7.78231     0.17823 (mid-point)
     7.73354     8.15253     7.88329     0.17870   (sampled)
     7.83354     8.21930     7.98528     0.17918 (mid-point)
     7.93354     8.28423     8.08726     0.17964   (sampled)
     8.03354     8.34038     8.19132     0.18010 (mid-point)
     8.13354     8.39549     8.29537     0.18055   (sampled)
     8.23354     8.44157     8.40017     0.18100 (mid-point)
     8.33354     8.48745     8.50496     0.18144   (sampled)
     8.43354     8.53571     8.63225     0.18187 (mid-point)
     8.53354     8.58426     8.75954     0.18231   (sampled)
     8.63354     8.63450     8.87532     0.18273 (mid-point)
     8.73354     8.68309     8.99110     0.18316   (sampled)
     8.83354     8.73640     9.09685     0.18357 (mid-point)
     8.93354     8.78784     9.20261     0.18398   (sampled)
     9.03354     8.84153     9.31225     0.18439 (mid-point)
     9.13354     8.89493     9.42190     0.18479   (sampled)
     9.23354     8.95050     9.53437     0.18519 (mid-point)
     9.33354     9.00572     9.64684     0.18558   (sampled)
     9.43354     9.06187     9.75750     0.18597 (mid-point)
     9.53354     9.11723     9.86816     0.18635   (sampled)
     9.63354     9.17668     9.97601     0.18673 (mid-point)
     9.73354     9.23662    10.08386     0.18711   (sampled)
     9.83354     9.29451    10.18923     0.18747 (mid-point)
     9.93354     9.35287    10.29460     0.18784   (sampled)
    10.03354     9.41011    10.39461     0.18820 (mid-point)
    10.13354     9.46794    10.49462     0.18855   (sampled)
    10.23354     9.53382    10.64829     0.18890 (mid-point)
    10.33354     9.59997    10.80196     0.18925   (sampled)
    10.43354     9.66229    10.91416     0.18959 (mid-point)
    10.53354     9.72537    11.02636     0.18993   (sampled)
    10.63354     9.78969    11.14298     0.19026 (mid-point)
    10.73354     9.85413    11.25960     0.19059   (sampled)
    10.83354     9.91983    11.37539     0.19091 (mid-point)
    10.93354     9.98630    11.49119     0.19123   (sampled)
    11.03354    10.05274    11.60109     0.19154 (mid-point)
    11.13354    10.11896    11.71100     0.19185   (sampled)
    11.23354    10.18762    11.82380     0.19216 (mid-point)
    11.33354    10.25628    11.93660     0.19246   (sampled)
    11.43354    10.32043    12.04007     0.19276 (mid-point)
    11.53354    10.38447    12.14354     0.19306   (sampled)
    11.63354    10.45748    12.25218     0.19335 (mid-point)
    11.73354    10.53100    12.36083     0.19364   (sampled)
    11.83354    10.59861    12.46150     0.19392 (mid-point)
    11.93354    10.66665    12.56217     0.19420   (sampled)
    12.03354    10.73820    12.66777     0.19447 (mid-point)
    12.13354    10.80638    12.77337     0.19475   (sampled)
    12.23354    10.87879    12.87478     0.19502 (mid-point)
    12.33354    10.94980    12.97618     0.19528   (sampled)
    12.43354    11.02075    13.07710     0.19554 (mid-point)
    12.53354    11.09169    13.17802     0.19580   (sampled)
    12.63354    11.16233    13.27827     0.19606 (mid-point)
    12.73354    11.23336    13.37853     0.19631   (sampled)
    12.83354    11.30523    13.47892     0.19656 (mid-point)
    12.93354    11.37746    13.57932     0.19681   (sampled)
    13.03354    11.44931    13.67934     0.19705 (mid-point)
    13.13354    11.52096    13.77936     0.19729   (sampled)
    13.23354    11.59377    13.87991     0.19752 (mid-point)
    13.33354    11.66694    13.98045     0.19776   (sampled)
    13.43354    11.74000    14.08072     0.19799 (mid-point)
    13.53354    11.81341    14.18098     0.19822   (sampled)
    13.63354    11.88882    14.28202     0.19844 (mid-point)
    13.73354    11.96440    14.38306     0.19866   (sampled)
    13.83354    12.03908    14.48333     0.19888 (mid-point)
    13.93354    12.11393    14.58360     0.19910   (sampled)
    14.03354    12.19008    14.68380     0.19932 (mid-point)
    14.13354    12.26611    14.78400     0.19953   (sampled)
    14.23354    12.34261    14.88428     0.19974 (mid-point)
    14.33354    12.41906    14.98456     0.19994   (sampled)
    14.43354    12.49458    15.08477     0.20015 (mid-point)
    14.53354    12.57006    15.18499     0.20035   (sampled)
    14.63354    12.64910    15.28679     0.20055 (mid-point)
    14.73354    12.72816    15.38859     0.20074   (sampled)
    14.83354    12.80548    15.48862     0.20094 (mid-point)
    14.93354    12.88281    15.58865     0.20113   (sampled)
    15.03354    12.96125    15.68907     0.20132 (mid-point)
    15.13354    13.03995    15.78948     0.20151   (sampled)
    15.23354    13.12028    15.89021     0.20169 (mid-point)
    15.33354    13.19639    15.99093     0.20187   (sampled)
    15.43354    13.27763    16.09108     0.20205 (mid-point)
    15.53354    13.35600    16.19124     0.20223   (sampled)
    15.63354    13.43634    16.29184     0.20241 (mid-point)
    15.73354    13.51692    16.39245     0.20258   (sampled)
    15.83354    13.59787    16.49256     0.20276 (mid-point)
    15.93354    13.67869    16.59268     0.20293   (sampled)
    16.03354    13.75808    16.69268     0.20309 (mid-point)
    16.13354    13.83735    16.79268     0.20326   (sampled)
    16.23354    13.91686    16.89268     0.20342 (mid-point)
    16.33354    13.99660    16.99268     0.20359   (sampled)
    16.43354    14.08207    17.09372     0.20375 (mid-point)
    16.53354    14.16506    17.19476     0.20391   (sampled)
    16.63354    14.24810    17.29513     0.20406 (mid-point)
    16.73354    14.32871    17.39550     0.20422   (sampled)
    16.83354    14.41354    17.49631     0.20437 (mid-point)
    16.93354    14.49695    17.59713     0.20452   (sampled)
    17.03354    14.57980    17.69718     0.20467 (mid-point)
    17.13354    14.66283    17.79723     0.20482   (sampled)
    17.23354    14.74638    17.89736     0.20497 (mid-point)
    17.33354    14.82960    17.99749     0.20511   (sampled)
    17.43354    14.91328    18.09791     0.20525 (mid-point)
    17.53354    14.99714    18.19833     0.20540   (sampled)
    17.63354    15.08178    18.29858     0.20554 (mid-point)
    17.73354    15.16618    18.39883     0.20567   (sampled)
    17.83354    15.25020    18.49891     0.20581 (mid-point)
    17.93354    15.33440    18.59900     0.20595   (sampled)
    18.03354    15.41971    18.69975     0.20608 (mid-point)
    18.13354    15.50519    18.80051     0.20621   (sampled)
    18.23354    15.58983    18.90078     0.20634 (mid-point)
    18.33354    15.67463    19.00105     0.20647   (sampled)
    18.43354    15.76072    19.10115     0.20660 (mid-point)
    18.53354    15.84579    19.20125     0.20673   (sampled)
    18.63354    15.93195    19.30167     0.20685 (mid-point)
    18.73354    16.01662    19.40209     0.20698   (sampled)
    18.83354    16.10312    19.50209     0.20710 (mid-point)
    18.93354    16.18950    19.60209     0.20722   (sampled)
    19.03354    16.27576    19.70237     0.20734 (mid-point)
    19.13354    16.36217    19.80266     0.20746   (sampled)
    19.23354    16.44874    19.90286     0.20758 (mid-point)
    19.33354    16.53465    20.00305     0.20769   (sampled)
    19.43354    16.62198    20.10305     0.20781 (mid-point)
    19.53354    16.70745    20.20305     0.20792   (sampled)
    19.63354    16.79538    20.30379     0.20804 (mid-point)
    19.73354    16.88344    20.40452     0.20815   (sampled)
    19.83354    16.97130    20.50501     0.20826 (mid-point)
    19.93354    17.05892    20.60550     0.20837   (sampled)
    20.03354    17.14608    20.70586     0.20848 (mid-point)
    20.13354    17.23336    20.80622     0.20858   (sampled)
    20.23354    17.32217    20.90626     0.20869 (mid-point)
    20.33354    17.41029    21.00630     0.20880   (sampled)
    20.43354    17.49823    21.10642     0.20890 (mid-point)
    20.53354    17.58628    21.20654     0.20900   (sampled)
    20.63354    17.67400    21.30657     0.20910 (mid-point)
    20.73354    17.76185    21.40661     0.20920   (sampled)
    20.83354    17.84990    21.50675     0.20930 (mid-point)
    20.93354    17.93806    21.60689     0.20940   (sampled)
    21.03354    18.02753    21.70740     0.20950 (mid-point)
    21.13354    18.11710    21.80791     0.20960   (sampled)
    21.23354    18.20686    21.90854     0.20969 (mid-point)
    21.33354    18.29611    22.00917     0.20979   (sampled)
    21.43354    18.38524    22.10931     0.20988 (mid-point)
    21.53354    18.47447    22.20945     0.20998   (sampled)
    21.63354    18.56413    22.30981     0.21007 (mid-point)
    21.73354    18.65390    22.41018     0.21016   (sampled)
    21.83354    18.74292    22.51046     0.21025 (mid-point)
    21.93354    18.83204    22.61075     0.21034   (sampled)
    22.03354    18.92241    22.71078     0.21043 (mid-point)
    22.13354    19.01231    22.81081     0.21052   (sampled)
    22.23354    19.10262    22.91144     0.21061 (mid-point)
    22.33354    19.19228    23.01208     0.21069   (sampled)
    22.43354    19.28238    23.11214     0.21078 (mid-point)
    22.53354    19.37227    23.21220     0.21086   (sampled)
    22.63354    19.46253    23.31287     0.21095 (mid-point)
    22.73354    19.55288    23.41354     0.21103   (sampled)
    22.83354    19.64358    23.51361     0.21111 (mid-point)
    22.93354    19.73436    23.61367     0.21119   (sampled)
    23.03354    19.82538    23.71460     0.21127 (mid-point)
    23.13354    19.91624    23.81553     0.21136   (sampled)
    23.23354    20.00755    23.91559     0.21143 (mid-point)
    23.33354    20.09821    24.01564     0.21151   (sampled)
    23.43354    20.18781    24.11564     0.21159 (mid-point)
    23.53354    20.27749    24.21564     0.21167   (sampled)
    23.63354    20.37067    24.31682     0.21175 (mid-point)
    23.73354    20.46230    24.41800     0.21182   (sampled)
    23.83354    20.55420    24.51812     0.21190 (mid-point)
    23.93354    20.64511    24.61825     0.21197   (sampled)
    24.03354    20.73687    24.71835     0.21205 (mid-point)
    24.13354    20.82871    24.81846     0.21212   (sampled)
    24.23354    20.92040    24.91865     0.21219 (mid-point)
    24.33354    21.01216    25.01885     0.21226   (sampled)
    24.43354    21.10277    25.11964     0.21234 (mid-point)
    24.53354    21.19346    25.22043     0.21241   (sampled)
    24.63354    21.28653    25.32049     0.21248 (mid-point)
    24.73354    21.37963    25.42055     0.21255   (sampled)
    24.83354    21.47188    25.52062     0.21262 (mid-point)
    24.93354    21.56333    25.62070     0.21268   (sampled)
    25.03354    21.65585    25.72103     0.21275 (mid-point)
    25.13354    21.74807    25.82136     0.21282   (sampled)
    25.23354    21.84033    25.92138     0.21289 (mid-point)
    25.33354    21.93228    26.02141     0.21295   (sampled)

 Minimum radius found:      5.143 angstroms.



 For spherical probe approach, The geometric factor
         F= sum(ds/area) along channel is    0.213 angstroms**-1
 This yields a macroscopic predicted molar conductance of:
   (1/rho)*(100/F)= (470/rho) pS,
   where rho is the conductivity of 1M permeant ion in ohm m.
 N.B. this is a macroscopic conductance - an overestimate 
 Empirically corrected conductances currently only available
 With the CAPSULE option (although its not that stable!)
 For 1M KCl rho= 1/12 (ohm m), So Gmacro= 5600 pS/M.
  (TAG      1   Rmin=     5.14256   Gmacro=  5635.07877 Conn_Gmacro=    -1.00000 ).
 HOLE: normal completion
