 *** Program HOLE ***
 
 If results of this run are reported or published, please
 cite the publication listed below.
 For the HOLE program:
   Smart, O.S., Goodfellow, J.M., Wallace, B.A. (1993). 
   The pore dimensions of gramicidin A. 
   Biophys. J., 65, 2455-2460.
 
 Originally written by Oliver Smart at Birkbeck College from April 1992.
 Copyright 1993-2005 Oliver Smart
 Copyright 2014-2015 SmartSci Limited.
 Copyright 2016 Oliver Smart.
 
 For help on HOLE suite see  http://www.holeprogram.org/
 
 HOLE release 2.2.005 (07 August 2016) 
 
 usage subject to Apache License, Version 2.0 
 see http://www.apache.org/licenses/LICENSE-2.0 

 Control variables read:

! Input file for Oliver Smart's HOLE program
! written by MDAnalysis.analysis.hole2.HoleAnalysis
! for a Universe
! u = mda.Universe(/afs/crc.nd.edu/user/m/mfarshad/Private/ML-new/traj/host-47/h
!    /afs/crc.nd.edu/user/m/mfarshad/Private/ML-new/traj/host-47/host_47.trr
!   )
! Frame 2

COORD  /tmp/2550192.1.long/tmp_vlj6_r1.pdb
RADIUS simple2.rad
SPHPDB hole002.sph
SAMPLE 0.200000
ENDRAD 22.000000
IGNORE SOL WAT TIP HOH K   NA  CL
SHORTO 0
RASEED 31415
CPOINT 39.7778763175 39.2924731175 39.5133301814


 WARNING have not found a CVECT record - will try to guess
 Input pdb filename read as:    '/tmp/2550192.1.long/tmp_vlj6_r1.pdb'
 Input vdW radius file read as: 'simple2.rad'
 point in channel:   39.778  39.292  39.513
 channel vector:   ************************
 sampling distance between planes:    0.200

 graphics conditions:
 binary plot output file name: NONE
 Dot density:    10
 Draw dots?           T
 Draw close contacts? F
 Draw centre line?    T
 Produce spikes rather than dots? F
 Seed for random number generator:     31415 (0 means value set by program)
 Radius above which a result is regarded as an 'end':  22.000
 Pdb format file for sphere centres: hole002.sph

 Monte Carlo conditions:
  no of steps:  1000
  maximum displacement   0.100 angs
  'kT' initial   0.100 angs
 The spherebox and capsule options are turned off.
 (No molqpt card so will not write qpt file of the molecule)
 IGNORE card read so will ignore residue types: SOL WAT TIP HOH K   NA  CL
 no SHORTO card read so will produce full textual output
 As no PEGRAT card was found will not produce PEG polymer exclusion graph
 (No 2DMAPS card specified so will not produce 2D property maps)
 Have not found a CUT card.  Normal calculation using
   Cutoff lists with a cutsize=       1.000
   (if you wish to turn off option use a CUT -1 card)

 Have read     7 bond radius records and
              16 vdW radius records.
 From file: simple2.rad

 Have read    96 atom records.
 From file: /tmp/2550192.1.long/tmp_vlj6_r1.pdb
 Will not produce graphical output

 Have opened file for pdb format output of sphere centres:  hole002.sph

  Seed integer used by ran # generator on this run      31415

 
 S/R cguess will try to guess CPOINT and/or CVECT
 
 THESE GUESSES MAY WELL BE WRONG!!!!
 Routine relies on having a reasonably symmetric
 channel oriented along x, y or z vector
 YOU ARE STRONGLY ADVISED TO CHECK THE RESULTS
                       WITH MOLECULAR GRAPHICS
 testing points from cpoint in X, Y then Z direction
   point                   pore radius
direction     1
  34.778  39.292  39.513    -0.284
  35.778  39.292  39.513     0.557
  36.778  39.292  39.513     1.175
  37.778  39.292  39.513     1.511
  38.778  39.292  39.513     2.079
  39.778  39.292  39.513     2.322
  40.778  39.292  39.513     1.783
  41.778  39.292  39.513     1.319
  42.778  39.292  39.513     0.865
  43.778  39.292  39.513     0.238
  44.778  39.292  39.513    -0.460
 Average pore radius along the line=      1.010
direction     2
  39.778  34.292  39.513     3.283
  39.778  35.292  39.513     2.697
  39.778  36.292  39.513     2.273
  39.778  37.292  39.513     2.065
  39.778  38.292  39.513     2.107
  39.778  39.292  39.513     2.322
  39.778  40.292  39.513     2.204
  39.778  41.292  39.513     2.329
  39.778  42.292  39.513     2.677
  39.778  43.292  39.513     3.202
  39.778  44.292  39.513     3.855
 Average pore radius along the line=      2.637
direction     3
  39.778  39.292  34.513    -0.283
  39.778  39.292  35.513    -0.990
  39.778  39.292  36.513    -0.441
  39.778  39.292  37.513     0.437
  39.778  39.292  38.513     1.387
  39.778  39.292  39.513     2.322
  39.778  39.292  40.513     1.549
  39.778  39.292  41.513     0.630
  39.778  39.292  42.513    -0.191
  39.778  39.292  43.513    -0.885
  39.778  39.292  44.513    -1.028
 Average pore radius along the line=      0.228
 Best direction is found to be     2
(1=X,2=Y,3=Z)
 s/r cguess has produced initial values for cpoint &/or cvect:
CPOINT      39.7779     39.2925     39.5133
CVECT        0.0000      1.0000      0.0000
 THESE GUESSES MAY WELL BE WRONG!!!!
 Routine relies on having a reasonably symmetric
 channel oriented along x, y or z vector
 YOU ARE STRONGLY ADVISED TO CHECK THE RESULTS
                       WITH MOLECULAR GRAPHICS
 
 
  Some routines (e.g. conn) need vectors normal to cvect: 
     EAST Zero degrees angle is along vector    1.000   0.000   0.000
     NORTH  90 degrees angle is along vector    0.000   0.000   1.000
 highest radius point found:
  at point   39.662  39.292  39.543
  closest atom surface    2.406   C11 47  X    1
  2nd closest surface     2.407   C30 47  X    1
  found on step  834
 current point:
  at point   39.661  39.292  39.542
  closest atom surface    2.406   C11 47  X    1
  2nd closest surface     2.407   C30 47  X    1
  found on step  873
  no. of rejections          400
 stored as     0

 highest radius point found:
  at point   39.499  39.492  39.531
  closest atom surface    2.444   C10 47  X    1
  2nd closest surface     2.444   C30 47  X    1
  found on step  412
 current point:
  at point   39.473  39.492  39.523
  closest atom surface    2.443   C30 47  X    1
  2nd closest surface     2.444   C10 47  X    1
  found on step  957
  no. of rejections          378
 stored as     1

 highest radius point found:
  at point   39.384  39.692  39.514
  closest atom surface    2.445   C10 47  X    1
  2nd closest surface     2.446   C32 47  X    1
  found on step  993
  this is also current point
  no. of rejections          432
 stored as     2

 highest radius point found:
  at point   39.389  39.892  39.516
  closest atom surface    2.436   C32 47  X    1
  2nd closest surface     2.436   C10 47  X    1
  found on step  607
 current point:
  at point   39.426  39.892  39.528
  closest atom surface    2.435   C10 47  X    1
  2nd closest surface     2.435   C32 47  X    1
  found on step  954
  no. of rejections          399
 stored as     3

 highest radius point found:
  at point   39.389  40.092  39.516
  closest atom surface    2.433   C33 47  X    1
  2nd closest surface     2.435   C10 47  X    1
  found on step    1
 current point:
  at point   39.853  40.092  39.759
  closest atom surface    2.373   C32 47  X    1
  2nd closest surface     2.375   C9  47  X    1
  found on step  994
  no. of rejections          391
 stored as     4

 highest radius point found:
  at point   39.372  40.292  39.505
  closest atom surface    2.436   C33 47  X    1
  2nd closest surface     2.436   C9  47  X    1
  found on step  867
 current point:
  at point   39.390  40.292  39.518
  closest atom surface    2.435   C9  47  X    1
  2nd closest surface     2.436   C33 47  X    1
  found on step  938
  no. of rejections          382
 stored as     5

 highest radius point found:
  at point   39.343  40.492  39.488
  closest atom surface    2.446   C33 47  X    1
  2nd closest surface     2.446   C9  47  X    1
  found on step  149
 current point:
  at point   39.413  40.492  39.542
  closest atom surface    2.445   C33 47  X    1
  2nd closest surface     2.445   C9  47  X    1
  found on step  975
  no. of rejections          375
 stored as     6

 highest radius point found:
  at point   39.328  40.692  39.482
  closest atom surface    2.465   C9  47  X    1
  2nd closest surface     2.465   C33 47  X    1
  found on step  938
  this is also current point
  no. of rejections          397
 stored as     7

 highest radius point found:
  at point   39.342  40.892  39.497
  closest atom surface    2.492   C9  47  X    1
  2nd closest surface     2.493   C33 47  X    1
  found on step  938
  this is also current point
  no. of rejections          375
 stored as     8

 highest radius point found:
  at point   38.084  41.092  38.808
  closest atom surface    2.586   S3  47  X    1
  2nd closest surface     2.587   C10 47  X    1
  found on step  575
 current point:
  at point   38.094  41.092  38.815
  closest atom surface    2.585   C10 47  X    1
  2nd closest surface     2.586   C33 47  X    1
  found on step  944
  no. of rejections          373
 stored as     9

 highest radius point found:
  at point   38.118  41.292  38.824
  closest atom surface    2.632   C10 47  X    1
  2nd closest surface     2.633   C33 47  X    1
  found on step  953
  this is also current point
  no. of rejections          393
 stored as    10

 highest radius point found:
  at point   38.163  41.492  38.846
  closest atom surface    2.683   H27 47  X    1
  2nd closest surface     2.683   C10 47  X    1
  found on step  866
 current point:
  at point   38.161  41.492  38.843
  closest atom surface    2.682   C10 47  X    1
  2nd closest surface     2.683   H27 47  X    1
  found on step  939
  no. of rejections          375
 stored as    11

 highest radius point found:
  at point   38.214  41.692  38.870
  closest atom surface    2.741   C10 47  X    1
  2nd closest surface     2.743   C33 47  X    1
  found on step  997
  this is also current point
  no. of rejections          379
 stored as    12

 highest radius point found:
  at point   38.250  41.892  38.887
  closest atom surface    2.811   C10 47  X    1
  2nd closest surface     2.812   C33 47  X    1
  found on step  978
  this is also current point
  no. of rejections          372
 stored as    13

 highest radius point found:
  at point   38.296  42.092  38.907
  closest atom surface    2.886   C10 47  X    1
  2nd closest surface     2.889   C33 47  X    1
  found on step  273
 current point:
  at point   39.052  42.092  39.311
  closest atom surface    2.856   C33 47  X    1
  2nd closest surface     2.858   C10 47  X    1
  found on step  951
  no. of rejections          363
 stored as    14

 highest radius point found:
  at point   38.321  42.292  38.917
  closest atom surface    2.971   C10 47  X    1
  2nd closest surface     2.973   H27 47  X    1
  found on step   23
 current point:
  at point   38.335  42.292  38.924
  closest atom surface    2.969   C10 47  X    1
  2nd closest surface     2.975   C33 47  X    1
  found on step 1000
  no. of rejections          354
 stored as    15

 highest radius point found:
  at point   38.382  42.492  38.949
  closest atom surface    3.062   C10 47  X    1
  2nd closest surface     3.063   C33 47  X    1
  found on step  356
 current point:
  at point   38.489  42.492  39.006
  closest atom surface    3.051   C10 47  X    1
  2nd closest surface     3.051   C33 47  X    1
  found on step  988
  no. of rejections          360
 stored as    16

 highest radius point found:
  at point   38.386  42.692  38.947
  closest atom surface    3.162   H27 47  X    1
  2nd closest surface     3.162   C10 47  X    1
  found on step  977
  this is also current point
  no. of rejections          377
 stored as    17

 highest radius point found:
  at point   38.646  42.892  39.084
  closest atom surface    3.252   C33 47  X    1
  2nd closest surface     3.252   C10 47  X    1
  found on step  682
 current point:
  at point   38.905  42.892  39.221
  closest atom surface    3.249   C33 47  X    1
  2nd closest surface     3.249   C10 47  X    1
  found on step  943
  no. of rejections          346
 stored as    18

 highest radius point found:
  at point   38.450  43.092  38.979
  closest atom surface    3.379   C33 47  X    1
  2nd closest surface     3.380   H27 47  X    1
  found on step  821
 current point:
  at point   38.465  43.092  38.986
  closest atom surface    3.378   C33 47  X    1
  2nd closest surface     3.378   C10 47  X    1
  found on step  959
  no. of rejections          364
 stored as    19

 highest radius point found:
  at point   38.482  43.292  38.994
  closest atom surface    3.494   C33 47  X    1
  2nd closest surface     3.497   C10 47  X    1
  found on step  997
  this is also current point
  no. of rejections          340
 stored as    20

 highest radius point found:
  at point   38.544  43.492  39.019
  closest atom surface    3.612   C10 47  X    1
  2nd closest surface     3.617   C33 47  X    1
  found on step   86
 current point:
  at point   39.523  43.492  39.703
  closest atom surface    3.562   C9  47  X    1
  2nd closest surface     3.562   C33 47  X    1
  found on step  926
  no. of rejections          340
 stored as    21

 highest radius point found:
  at point   38.520  43.692  39.005
  closest atom surface    3.743   C10 47  X    1
  2nd closest surface     3.745   H27 47  X    1
  found on step  994
  this is also current point
  no. of rejections          342
 stored as    22

 highest radius point found:
  at point   38.555  43.892  39.022
  closest atom surface    3.874   C10 47  X    1
  2nd closest surface     3.875   C33 47  X    1
  found on step  424
 current point:
  at point   38.541  43.892  39.013
  closest atom surface    3.874   C10 47  X    1
  2nd closest surface     3.875   H27 47  X    1
  found on step  968
  no. of rejections          335
 stored as    23

 highest radius point found:
  at point   38.572  44.092  39.029
  closest atom surface    4.009   C33 47  X    1
  2nd closest surface     4.010   C10 47  X    1
  found on step  866
 current point:
  at point   38.580  44.092  39.033
  closest atom surface    4.009   C10 47  X    1
  2nd closest surface     4.009   C33 47  X    1
  found on step  960
  no. of rejections          360
 stored as    24

 highest radius point found:
  at point   38.694  44.292  39.090
  closest atom surface    4.143   C10 47  X    1
  2nd closest surface     4.144   C9  47  X    1
  found on step  877
 current point:
  at point   38.696  44.292  39.090
  closest atom surface    4.142   C10 47  X    1
  2nd closest surface     4.143   C9  47  X    1
  found on step 1000
  no. of rejections          335
 stored as    25

 highest radius point found:
  at point   38.817  44.492  39.188
  closest atom surface    4.262   C9  47  X    1
  2nd closest surface     4.264   C33 47  X    1
  found on step  934
  this is also current point
  no. of rejections          350
 stored as    26

 highest radius point found:
  at point   38.935  44.692  39.291
  closest atom surface    4.387   C33 47  X    1
  2nd closest surface     4.391   O10 47  X    1
  found on step   14
 current point:
  at point   39.800  44.692  39.901
  closest atom surface    4.362   C9  47  X    1
  2nd closest surface     4.362   C32 47  X    1
  found on step  959
  no. of rejections          337
 stored as    27

 highest radius point found:
  at point   39.045  44.892  39.365
  closest atom surface    4.521   C9  47  X    1
  2nd closest surface     4.526   O10 47  X    1
  found on step   94
 current point:
  at point   39.622  44.892  39.819
  closest atom surface    4.518   C33 47  X    1
  2nd closest surface     4.519   C32 47  X    1
  found on step  978
  no. of rejections          342
 stored as    28

 highest radius point found:
  at point   39.613  45.092  39.814
  closest atom surface    4.668   C33 47  X    1
  2nd closest surface     4.669   C9  47  X    1
  found on step  675
 current point:
  at point   39.607  45.092  39.809
  closest atom surface    4.668   C33 47  X    1
  2nd closest surface     4.669   C9  47  X    1
  found on step  904
  no. of rejections          333
 stored as    29

 highest radius point found:
  at point   39.643  45.292  39.843
  closest atom surface    4.822   C33 47  X    1
  2nd closest surface     4.822   C32 47  X    1
  found on step  957
  this is also current point
  no. of rejections          317
 stored as    30

 highest radius point found:
  at point   39.656  45.492  39.856
  closest atom surface    4.977   C32 47  X    1
  2nd closest surface     4.978   C9  47  X    1
  found on step  964
  this is also current point
  no. of rejections          323
 stored as    31

 highest radius point found:
  at point   39.660  45.692  39.865
  closest atom surface    5.134   C9  47  X    1
  2nd closest surface     5.135   C33 47  X    1
  found on step  969
  this is also current point
  no. of rejections          320
 stored as    32

 highest radius point found:
  at point   39.689  45.892  39.889
  closest atom surface    5.293   C32 47  X    1
  2nd closest surface     5.294   C9  47  X    1
  found on step  609
 current point:
  at point   39.702  45.892  39.895
  closest atom surface    5.293   C32 47  X    1
  2nd closest surface     5.293   C9  47  X    1
  found on step  993
  no. of rejections          306
 stored as    33

 highest radius point found:
  at point   39.763  46.092  39.934
  closest atom surface    5.452   C9  47  X    1
  2nd closest surface     5.452   C32 47  X    1
  found on step  990
  this is also current point
  no. of rejections          299
 stored as    34

 highest radius point found:
  at point   39.826  46.292  39.974
  closest atom surface    5.614   C9  47  X    1
  2nd closest surface     5.614   O10 47  X    1
  found on step  698
 current point:
  at point   39.830  46.292  39.978
  closest atom surface    5.614   C32 47  X    1
  2nd closest surface     5.615   C9  47  X    1
  found on step  991
  no. of rejections          308
 stored as    35

 highest radius point found:
  at point   39.934  46.492  40.039
  closest atom surface    5.778   C32 47  X    1
  2nd closest surface     5.779   C9  47  X    1
  found on step  886
  this is also current point
  no. of rejections          340
 stored as    36

 highest radius point found:
  at point   40.000  46.692  40.061
  closest atom surface    5.935   C9  47  X    1
  2nd closest surface     5.937   H32 47  X    1
  found on step  925
  this is also current point
  no. of rejections          328
 stored as    37

 highest radius point found:
  at point   40.066  46.892  40.080
  closest atom surface    6.094   C9  47  X    1
  2nd closest surface     6.094   H32 47  X    1
  found on step  946
  this is also current point
  no. of rejections          350
 stored as    38

 highest radius point found:
  at point   40.136  47.092  40.101
  closest atom surface    6.253   H32 47  X    1
  2nd closest surface     6.255   O10 47  X    1
  found on step  953
  this is also current point
  no. of rejections          297
 stored as    39

 highest radius point found:
  at point   40.207  47.292  40.123
  closest atom surface    6.415   H32 47  X    1
  2nd closest surface     6.417   H10 47  X    1
  found on step  998
  this is also current point
  no. of rejections          327
 stored as    40

 highest radius point found:
  at point   40.269  47.492  40.152
  closest atom surface    6.576   O10 47  X    1
  2nd closest surface     6.576   H32 47  X    1
  found on step  988
  this is also current point
  no. of rejections          295
 stored as    41

 highest radius point found:
  at point   40.392  47.692  40.191
  closest atom surface    6.729   H10 47  X    1
  2nd closest surface     6.732   H32 47  X    1
  found on step   16
 current point:
  at point   41.302  47.692  40.394
  closest atom surface    6.663   H32 47  X    1
  2nd closest surface     6.663   H10 47  X    1
  found on step  929
  no. of rejections          276
 stored as    42

 highest radius point found:
  at point   40.403  47.892  40.214
  closest atom surface    6.903   H10 47  X    1
  2nd closest surface     6.904   H32 47  X    1
  found on step  956
  this is also current point
  no. of rejections          322
 stored as    43

 highest radius point found:
  at point   40.472  48.092  40.245
  closest atom surface    7.070   H10 47  X    1
  2nd closest surface     7.071   H32 47  X    1
  found on step  189
 current point:
  at point   41.419  48.092  40.454
  closest atom surface    7.015   H32 47  X    1
  2nd closest surface     7.016   H10 47  X    1
  found on step  988
  no. of rejections          297
 stored as    44

 highest radius point found:
  at point   40.537  48.292  40.277
  closest atom surface    7.240   H10 47  X    1
  2nd closest surface     7.240   H32 47  X    1
  found on step  972
  this is also current point
  no. of rejections          279
 stored as    45

 highest radius point found:
  at point   40.608  48.492  40.310
  closest atom surface    7.410   H32 47  X    1
  2nd closest surface     7.411   H10 47  X    1
  found on step  977
  this is also current point
  no. of rejections          278
 stored as    46

 highest radius point found:
  at point   40.694  48.692  40.344
  closest atom surface    7.581   H10 47  X    1
  2nd closest surface     7.583   H32 47  X    1
  found on step  449
 current point:
  at point   41.392  48.692  40.498
  closest atom surface    7.553   H10 47  X    1
  2nd closest surface     7.554   H32 47  X    1
  found on step  891
  no. of rejections          299
 stored as    47

 highest radius point found:
  at point   40.739  48.892  40.373
  closest atom surface    7.758   H32 47  X    1
  2nd closest surface     7.759   H10 47  X    1
  found on step  966
  this is also current point
  no. of rejections          277
 stored as    48

 highest radius point found:
  at point   40.898  49.092  40.423
  closest atom surface    7.929   H10 47  X    1
  2nd closest surface     7.930   H32 47  X    1
  found on step    8
 current point:
  at point   41.089  49.092  40.468
  closest atom surface    7.921   H32 47  X    1
  2nd closest surface     7.922   H10 47  X    1
  found on step  987
  no. of rejections          263
 stored as    49

 highest radius point found:
  at point   40.881  49.292  40.434
  closest atom surface    8.111   H10 47  X    1
  2nd closest surface     8.114   H32 47  X    1
  found on step  830
 current point:
  at point   40.904  49.292  40.445
  closest atom surface    8.111   H32 47  X    1
  2nd closest surface     8.113   H10 47  X    1
  found on step  924
  no. of rejections          283
 stored as    50

 highest radius point found:
  at point   40.949  49.492  40.466
  closest atom surface    8.291   H10 47  X    1
  2nd closest surface     8.294   H32 47  X    1
  found on step  993
  this is also current point
  no. of rejections          291
 stored as    51

 highest radius point found:
  at point   41.020  49.692  40.504
  closest atom surface    8.473   H32 47  X    1
  2nd closest surface     8.474   H10 47  X    1
  found on step  983
  this is also current point
  no. of rejections          245
 stored as    52

 highest radius point found:
  at point   41.085  49.892  40.535
  closest atom surface    8.655   H32 47  X    1
  2nd closest surface     8.657   H10 47  X    1
  found on step   84
 current point:
  at point   41.305  49.892  40.581
  closest atom surface    8.652   H10 47  X    1
  2nd closest surface     8.652   H32 47  X    1
  found on step  938
  no. of rejections          259
 stored as    53

 highest radius point found:
  at point   41.177  50.092  40.570
  closest atom surface    8.839   H10 47  X    1
  2nd closest surface     8.839   H32 47  X    1
  found on step  983
  this is also current point
  no. of rejections          265
 stored as    54

 highest radius point found:
  at point   41.237  50.292  40.600
  closest atom surface    9.024   H32 47  X    1
  2nd closest surface     9.024   H10 47  X    1
  found on step  968
  this is also current point
  no. of rejections          267
 stored as    55

 highest radius point found:
  at point   41.356  50.492  40.643
  closest atom surface    9.210   H32 47  X    1
  2nd closest surface     9.210   H10 47  X    1
  found on step  956
  this is also current point
  no. of rejections          246
 stored as    56

 highest radius point found:
  at point   41.352  50.692  40.658
  closest atom surface    9.396   O5  47  X    1
  2nd closest surface     9.397   H10 47  X    1
  found on step  941
  this is also current point
  no. of rejections          252
 stored as    57

 highest radius point found:
  at point   41.412  50.892  40.716
  closest atom surface    9.578   O5  47  X    1
  2nd closest surface     9.578   H32 47  X    1
  found on step  653
 current point:
  at point   41.421  50.892  40.727
  closest atom surface    9.576   H32 47  X    1
  2nd closest surface     9.579   O5  47  X    1
  found on step  971
  no. of rejections          232
 stored as    58

 highest radius point found:
  at point   41.467  51.092  40.783
  closest atom surface    9.757   O10 47  X    1
  2nd closest surface     9.757   H32 47  X    1
  found on step    2
 current point:
  at point   41.934  51.092  41.055
  closest atom surface    9.735   H32 47  X    1
  2nd closest surface     9.735   O5  47  X    1
  found on step  991
  no. of rejections          202
 stored as    59

 highest radius point found:
  at point   41.529  51.292  40.824
  closest atom surface    9.942   O10 47  X    1
  2nd closest surface     9.943   O5  47  X    1
  found on step  997
  this is also current point
  no. of rejections          274
 stored as    60

 highest radius point found:
  at point   41.590  51.492  40.885
  closest atom surface   10.127   O10 47  X    1
  2nd closest surface    10.128   H32 47  X    1
  found on step    6
 current point:
  at point   41.933  51.492  41.093
  closest atom surface   10.113   O5  47  X    1
  2nd closest surface    10.114   H32 47  X    1
  found on step  928
  no. of rejections          241
 stored as    61

 highest radius point found:
  at point   41.652  51.692  40.939
  closest atom surface   10.313   O10 47  X    1
  2nd closest surface    10.314   O5  47  X    1
  found on step  974
  this is also current point
  no. of rejections          253
 stored as    62

 highest radius point found:
  at point   41.802  51.892  41.062
  closest atom surface   10.496   H32 47  X    1
  2nd closest surface    10.500   O5  47  X    1
  found on step   63
 current point:
  at point   41.931  51.892  41.133
  closest atom surface   10.493   H32 47  X    1
  2nd closest surface    10.494   O5  47  X    1
  found on step  985
  no. of rejections          203
 stored as    63

 highest radius point found:
  at point   41.779  52.092  41.056
  closest atom surface   10.688   O5  47  X    1
  2nd closest surface    10.689   H32 47  X    1
  found on step  127
 current point:
  at point   41.914  52.092  41.141
  closest atom surface   10.685   H32 47  X    1
  2nd closest surface    10.685   O5  47  X    1
  found on step  895
  no. of rejections          223
 stored as    64

 highest radius point found:
  at point   41.847  52.292  41.121
  closest atom surface   10.877   H32 47  X    1
  2nd closest surface    10.878   O5  47  X    1
  found on step  632
 current point:
  at point   41.848  52.292  41.123
  closest atom surface   10.877   H32 47  X    1
  2nd closest surface    10.878   O5  47  X    1
  found on step  956
  no. of rejections          255
 stored as    65

 highest radius point found:
  at point   41.904  52.492  41.175
  closest atom surface   11.067   O5  47  X    1
  2nd closest surface    11.067   H32 47  X    1
  found on step  959
  this is also current point
  no. of rejections          207
 stored as    66

 highest radius point found:
  at point   41.957  52.692  41.226
  closest atom surface   11.255   S1  47  X    1
  2nd closest surface    11.257   O10 47  X    1
  found on step  960
  this is also current point
  no. of rejections          271
 stored as    67

 highest radius point found:
  at point   41.986  52.892  41.212
  closest atom surface   11.428   O10 47  X    1
  2nd closest surface    11.428   S1  47  X    1
  found on step  825
 current point:
  at point   41.987  52.892  41.215
  closest atom surface   11.428   S1  47  X    1
  2nd closest surface    11.429   O10 47  X    1
  found on step  985
  no. of rejections          251
 stored as    68

 highest radius point found:
  at point   42.018  53.092  41.203
  closest atom surface   11.601   S1  47  X    1
  2nd closest surface    11.603   O10 47  X    1
  found on step  405
 current point:
  at point   42.015  53.092  41.222
  closest atom surface   11.600   O10 47  X    1
  2nd closest surface    11.600   S1  47  X    1
  found on step  982
  no. of rejections          295
 stored as    69

 highest radius point found:
  at point   42.049  53.292  41.164
  closest atom surface   11.777   O10 47  X    1
  2nd closest surface    11.778   S1  47  X    1
  found on step    2
 current point:
  at point   42.046  53.292  41.199
  closest atom surface   11.775   O10 47  X    1
  2nd closest surface    11.775   S1  47  X    1
  found on step  936
  no. of rejections          280
 stored as    70

 highest radius point found:
  at point   42.080  53.492  41.141
  closest atom surface   11.953   O10 47  X    1
  2nd closest surface    11.953   S1  47  X    1
  found on step  930
  this is also current point
  no. of rejections          284
 stored as    71

 highest radius point found:
  at point   42.112  53.692  41.095
  closest atom surface   12.123   O5  47  X    1
  2nd closest surface    12.130   O10 47  X    1
  found on step   99
 current point:
  at point   42.038  53.692  41.976
  closest atom surface   12.091   S1  47  X    1
  2nd closest surface    12.092   O10 47  X    1
  found on step  972
  no. of rejections          287
 stored as    72

 highest radius point found:
  at point   42.141  53.892  41.104
  closest atom surface   12.306   O10 47  X    1
  2nd closest surface    12.306   S1  47  X    1
  found on step  963
  this is also current point
  no. of rejections          274
 stored as    73

 highest radius point found:
  at point   42.170  54.092  41.084
  closest atom surface   12.482   O10 47  X    1
  2nd closest surface    12.484   S1  47  X    1
  found on step  929
  this is also current point
  no. of rejections          274
 stored as    74

 highest radius point found:
  at point   42.208  54.292  41.051
  closest atom surface   12.661   O5  47  X    1
  2nd closest surface    12.662   S1  47  X    1
  found on step  946
  this is also current point
  no. of rejections          272
 stored as    75

 highest radius point found:
  at point   42.236  54.492  41.037
  closest atom surface   12.841   S1  47  X    1
  2nd closest surface    12.842   O10 47  X    1
  found on step  991
  this is also current point
  no. of rejections          272
 stored as    76

 highest radius point found:
  at point   42.264  54.692  41.022
  closest atom surface   13.020   O10 47  X    1
  2nd closest surface    13.021   S1  47  X    1
  found on step  679
 current point:
  at point   42.269  54.692  41.012
  closest atom surface   13.020   S1  47  X    1
  2nd closest surface    13.021   O5  47  X    1
  found on step  979
  no. of rejections          252
 stored as    77

 highest radius point found:
  at point   42.296  54.892  40.993
  closest atom surface   13.201   O10 47  X    1
  2nd closest surface    13.202   S1  47  X    1
  found on step  707
 current point:
  at point   42.304  54.892  40.988
  closest atom surface   13.199   S1  47  X    1
  2nd closest surface    13.199   O5  47  X    1
  found on step  982
  no. of rejections          261
 stored as    78

 highest radius point found:
  at point   42.333  55.092  40.967
  closest atom surface   13.381   O5  47  X    1
  2nd closest surface    13.381   S1  47  X    1
  found on step  836
 current point:
  at point   42.325  55.092  40.993
  closest atom surface   13.380   O10 47  X    1
  2nd closest surface    13.381   S1  47  X    1
  found on step  974
  no. of rejections          237
 stored as    79

 highest radius point found:
  at point   42.348  55.292  40.951
  closest atom surface   13.558   O10 47  X    1
  2nd closest surface    13.566   O5  47  X    1
  found on step    9
 current point:
  at point   42.255  55.292  42.126
  closest atom surface   13.514   O10 47  X    1
  2nd closest surface    13.514   S1  47  X    1
  found on step  961
  no. of rejections          266
 stored as    80

 highest radius point found:
  at point   42.388  55.492  40.941
  closest atom surface   13.745   O10 47  X    1
  2nd closest surface    13.745   S1  47  X    1
  found on step  993
  this is also current point
  no. of rejections          251
 stored as    81

 highest radius point found:
  at point   42.420  55.692  40.906
  closest atom surface   13.928   S1  47  X    1
  2nd closest surface    13.928   O5  47  X    1
  found on step  932
  this is also current point
  no. of rejections          266
 stored as    82

 highest radius point found:
  at point   42.450  55.892  40.885
  closest atom surface   14.111   O10 47  X    1
  2nd closest surface    14.111   S1  47  X    1
  found on step  966
  this is also current point
  no. of rejections          237
 stored as    83

 highest radius point found:
  at point   42.478  56.092  40.926
  closest atom surface   14.289   S1  47  X    1
  2nd closest surface    14.291   O10 47  X    1
  found on step  223
 current point:
  at point   42.407  56.092  41.732
  closest atom surface   14.246   S1  47  X    1
  2nd closest surface    14.246   O10 47  X    1
  found on step  925
  no. of rejections          254
 stored as    84

 highest radius point found:
  at point   42.510  56.292  40.852
  closest atom surface   14.477   O10 47  X    1
  2nd closest surface    14.478   S1  47  X    1
  found on step  874
 current point:
  at point   42.522  56.292  40.841
  closest atom surface   14.476   S1  47  X    1
  2nd closest surface    14.477   O5  47  X    1
  found on step  979
  no. of rejections          239
 stored as    85

 highest radius point found:
  at point   42.543  56.492  40.825
  closest atom surface   14.662   S1  47  X    1
  2nd closest surface    14.663   O10 47  X    1
  found on step  916
  this is also current point
  no. of rejections          265
 stored as    86

 highest radius point found:
  at point   42.572  56.692  40.792
  closest atom surface   14.847   O5  47  X    1
  2nd closest surface    14.848   O10 47  X    1
  found on step  974
  this is also current point
  no. of rejections          236
 stored as    87

 highest radius point found:
  at point   42.604  56.892  40.790
  closest atom surface   15.032   S1  47  X    1
  2nd closest surface    15.032   O10 47  X    1
  found on step  995
  this is also current point
  no. of rejections          254
 stored as    88

 highest radius point found:
  at point   42.617  57.092  40.728
  closest atom surface   15.211   O10 47  X    1
  2nd closest surface    15.215   O5  47  X    1
  found on step   24
 current point:
  at point   42.403  57.092  40.005
  closest atom surface   15.105   O5  47  X    1
  2nd closest surface    15.142   O10 47  X    1
  found on step  998
  no. of rejections          183
 stored as    89

 highest radius point found:
  at point   42.667  57.292  40.735
  closest atom surface   15.405   S1  47  X    1
  2nd closest surface    15.405   O5  47  X    1
  found on step  954
  this is also current point
  no. of rejections          207
 stored as    90

 highest radius point found:
  at point   42.696  57.492  40.713
  closest atom surface   15.592   O10 47  X    1
  2nd closest surface    15.592   S1  47  X    1
  found on step  938
  this is also current point
  no. of rejections          230
 stored as    91

 highest radius point found:
  at point   42.727  57.692  40.694
  closest atom surface   15.778   S1  47  X    1
  2nd closest surface    15.778   O10 47  X    1
  found on step  962
  this is also current point
  no. of rejections          225
 stored as    92

 highest radius point found:
  at point   42.757  57.892  40.670
  closest atom surface   15.965   O10 47  X    1
  2nd closest surface    15.966   S1  47  X    1
  found on step  845
 current point:
  at point   42.757  57.892  40.682
  closest atom surface   15.965   S1  47  X    1
  2nd closest surface    15.965   O10 47  X    1
  found on step  951
  no. of rejections          246
 stored as    93

 highest radius point found:
  at point   42.793  58.092  40.645
  closest atom surface   16.152   O5  47  X    1
  2nd closest surface    16.153   S1  47  X    1
  found on step  950
  this is also current point
  no. of rejections          239
 stored as    94

 highest radius point found:
  at point   42.819  58.292  40.625
  closest atom surface   16.341   O10 47  X    1
  2nd closest surface    16.341   O5  47  X    1
  found on step  980
  this is also current point
  no. of rejections          247
 stored as    95

 highest radius point found:
  at point   42.851  58.492  40.609
  closest atom surface   16.529   S1  47  X    1
  2nd closest surface    16.530   O10 47  X    1
  found on step  978
  this is also current point
  no. of rejections          263
 stored as    96

 highest radius point found:
  at point   42.879  58.692  40.575
  closest atom surface   16.717   O5  47  X    1
  2nd closest surface    16.718   O10 47  X    1
  found on step  994
  this is also current point
  no. of rejections          219
 stored as    97

 highest radius point found:
  at point   42.913  58.892  40.559
  closest atom surface   16.907   O5  47  X    1
  2nd closest surface    16.907   S1  47  X    1
  found on step  986
  this is also current point
  no. of rejections          235
 stored as    98

 highest radius point found:
  at point   42.941  59.092  40.546
  closest atom surface   17.096   O10 47  X    1
  2nd closest surface    17.096   S1  47  X    1
  found on step  890
  this is also current point
  no. of rejections          225
 stored as    99

 highest radius point found:
  at point   42.975  59.292  40.520
  closest atom surface   17.285   S1  47  X    1
  2nd closest surface    17.286   O5  47  X    1
  found on step  926
  this is also current point
  no. of rejections          240
 stored as   100

 highest radius point found:
  at point   43.006  59.492  40.504
  closest atom surface   17.474   S1  47  X    1
  2nd closest surface    17.477   O5  47  X    1
  found on step  787
 current point:
  at point   43.001  59.492  40.525
  closest atom surface   17.473   S1  47  X    1
  2nd closest surface    17.473   O10 47  X    1
  found on step  972
  no. of rejections          224
 stored as   101

 highest radius point found:
  at point   43.033  59.692  40.585
  closest atom surface   17.654   S1  47  X    1
  2nd closest surface    17.660   O10 47  X    1
  found on step    6
 current point:
  at point   43.019  59.692  40.813
  closest atom surface   17.635   S1  47  X    1
  2nd closest surface    17.645   O10 47  X    1
  found on step  992
  no. of rejections          234
 stored as   102

 highest radius point found:
  at point   43.068  59.892  40.452
  closest atom surface   17.855   S1  47  X    1
  2nd closest surface    17.856   O5  47  X    1
  found on step  989
  this is also current point
  no. of rejections          188
 stored as   103

 highest radius point found:
  at point   43.100  60.092  40.432
  closest atom surface   18.045   S1  47  X    1
  2nd closest surface    18.047   O5  47  X    1
  found on step  990
  this is also current point
  no. of rejections          215
 stored as   104

 highest radius point found:
  at point   43.123  60.292  40.405
  closest atom surface   18.236   O10 47  X    1
  2nd closest surface    18.237   O5  47  X    1
  found on step  636
 current point:
  at point   43.127  60.292  40.419
  closest atom surface   18.236   S1  47  X    1
  2nd closest surface    18.237   O10 47  X    1
  found on step  938
  no. of rejections          232
 stored as   105

 highest radius point found:
  at point   43.139  60.492  40.406
  closest atom surface   18.419   O10 47  X    1
  2nd closest surface    18.430   S1  47  X    1
  found on step    3
 current point:
  at point   42.990  60.492  42.292
  closest atom surface   18.342   O10 47  X    1
  2nd closest surface    18.342   S1  47  X    1
  found on step  927
  no. of rejections          211
 stored as   106

 highest radius point found:
  at point   43.187  60.692  40.368
  closest atom surface   18.620   S1  47  X    1
  2nd closest surface    18.620   O10 47  X    1
  found on step  974
  this is also current point
  no. of rejections          224
 stored as   107

 highest radius point found:
  at point   43.216  60.892  40.336
  closest atom surface   18.811   O5  47  X    1
  2nd closest surface    18.811   O10 47  X    1
  found on step  987
  this is also current point
  no. of rejections          188
 stored as   108

 highest radius point found:
  at point   43.249  61.092  40.327
  closest atom surface   19.002   S1  47  X    1
  2nd closest surface    19.003   O10 47  X    1
  found on step  961
  this is also current point
  no. of rejections          195
 stored as   109

 highest radius point found:
  at point   43.279  61.292  40.279
  closest atom surface   19.192   O5  47  X    1
  2nd closest surface    19.197   O10 47  X    1
  found on step   36
 current point:
  at point   43.277  61.292  40.382
  closest atom surface   19.187   S1  47  X    1
  2nd closest surface    19.190   O10 47  X    1
  found on step  999
  no. of rejections          208
 stored as   110

 highest radius point found:
  at point   43.310  61.492  40.278
  closest atom surface   19.387   S1  47  X    1
  2nd closest surface    19.388   O10 47  X    1
  found on step  974
  this is also current point
  no. of rejections          203
 stored as   111

 highest radius point found:
  at point   43.341  61.692  40.259
  closest atom surface   19.579   S1  47  X    1
  2nd closest surface    19.580   O10 47  X    1
  found on step  407
 current point:
  at point   43.345  61.692  40.254
  closest atom surface   19.579   S1  47  X    1
  2nd closest surface    19.579   O5  47  X    1
  found on step  996
  no. of rejections          220
 stored as   112

 highest radius point found:
  at point   43.364  61.892  40.246
  closest atom surface   19.769   O10 47  X    1
  2nd closest surface    19.772   S1  47  X    1
  found on step 1000
  this is also current point
  no. of rejections          191
 stored as   113

 highest radius point found:
  at point   43.399  62.092  40.213
  closest atom surface   19.964   O10 47  X    1
  2nd closest surface    19.966   S1  47  X    1
  found on step  998
  this is also current point
  no. of rejections          195
 stored as   114

 highest radius point found:
  at point   43.432  62.292  40.191
  closest atom surface   20.158   S1  47  X    1
  2nd closest surface    20.159   O5  47  X    1
  found on step  990
  this is also current point
  no. of rejections          205
 stored as   115

 highest radius point found:
  at point   43.463  62.492  40.171
  closest atom surface   20.351   S1  47  X    1
  2nd closest surface    20.352   O10 47  X    1
  found on step  900
  this is also current point
  no. of rejections          182
 stored as   116

 highest radius point found:
  at point   43.497  62.692  40.147
  closest atom surface   20.544   S1  47  X    1
  2nd closest surface    20.545   O5  47  X    1
  found on step  652
 current point:
  at point   43.496  62.692  40.150
  closest atom surface   20.544   S1  47  X    1
  2nd closest surface    20.546   O5  47  X    1
  found on step  964
  no. of rejections          231
 stored as   117

 highest radius point found:
  at point   43.524  62.892  40.125
  closest atom surface   20.738   S1  47  X    1
  2nd closest surface    20.739   O10 47  X    1
  found on step  962
  this is also current point
  no. of rejections          193
 stored as   118

 highest radius point found:
  at point   43.569  63.092  40.094
  closest atom surface   20.931   O5  47  X    1
  2nd closest surface    20.931   S1  47  X    1
  found on step   17
 current point:
  at point   46.921  63.092  38.473
  closest atom surface   20.875   O5  47  X    1
  2nd closest surface    20.885   S1  47  X    1
  found on step  995
  no. of rejections          139
 stored as   119

 highest radius point found:
  at point   43.587  63.292  40.082
  closest atom surface   21.126   S1  47  X    1
  2nd closest surface    21.126   O5  47  X    1
  found on step  962
  this is also current point
  no. of rejections          184
 stored as   120

 highest radius point found:
  at point   43.614  63.492  40.055
  closest atom surface   21.320   O5  47  X    1
  2nd closest surface    21.320   O10 47  X    1
  found on step  954
  this is also current point
  no. of rejections          219
 stored as   121

 highest radius point found:
  at point   43.646  63.692  40.035
  closest atom surface   21.515   O10 47  X    1
  2nd closest surface    21.515   O5  47  X    1
  found on step  999
  this is also current point
  no. of rejections          214
 stored as   122

 highest radius point found:
  at point   43.680  63.892  40.015
  closest atom surface   21.709   S1  47  X    1
  2nd closest surface    21.709   O5  47  X    1
  found on step  970
  this is also current point
  no. of rejections          202
 stored as   123

 highest radius point found:
  at point   43.720  64.092  39.984
  closest atom surface   21.902   O5  47  X    1
  2nd closest surface    21.903   S1  47  X    1
  found on step  221
 current point:
  at point   46.334  64.092  38.764
  closest atom surface   21.833   S1  47  X    1
  2nd closest surface    21.836   O5  47  X    1
  found on step  993
  no. of rejections          169
 stored as   124

 highest radius point found:
  at point   43.738  64.292  39.970
  closest atom surface   22.098   S1  47  X    1
  2nd closest surface    22.098   O5  47  X    1
  found on step  964
  this is also current point
  no. of rejections          184
 This is an end! (radius above  22.0 angs)
 highest radius point found:
  at point   40.000  39.092  39.655
  closest atom surface    2.373   C12 47  X    1
  2nd closest surface     2.375   C30 47  X    1
  found on step   32
 current point:
  at point   39.948  39.092  39.634
  closest atom surface    2.370   C12 47  X    1
  2nd closest surface     2.370   C30 47  X    1
  found on step  997
  no. of rejections          369
 stored as    -1

 highest radius point found:
  at point   40.083  38.892  39.699
  closest atom surface    2.312   C13 47  X    1
  2nd closest surface     2.312   C30 47  X    1
  found on step  995
  this is also current point
  no. of rejections          394
 stored as    -2

 highest radius point found:
  at point   40.549  38.692  39.988
  closest atom surface    2.270   C13 47  X    1
  2nd closest surface     2.271   C30 47  X    1
  found on step  622
 current point:
  at point   40.550  38.692  39.987
  closest atom surface    2.269   C13 47  X    1
  2nd closest surface     2.273   C30 47  X    1
  found on step  989
  no. of rejections          369
 stored as    -3

 highest radius point found:
  at point   40.694  38.492  40.074
  closest atom surface    2.248   C30 47  X    1
  2nd closest surface     2.248   C13 47  X    1
  found on step   73
 current point:
  at point   40.695  38.492  40.075
  closest atom surface    2.247   C35 47  X    1
  2nd closest surface     2.248   C30 47  X    1
  found on step  982
  no. of rejections          375
 stored as    -4

 highest radius point found:
  at point   40.774  38.292  40.117
  closest atom surface    2.229   C13 47  X    1
  2nd closest surface     2.229   C30 47  X    1
  found on step  932
  this is also current point
  no. of rejections          397
 stored as    -5

 highest radius point found:
  at point   40.867  38.092  40.165
  closest atom surface    2.221   C13 47  X    1
  2nd closest surface     2.225   C34 47  X    1
  found on step  457
 current point:
  at point   41.218  38.092  40.267
  closest atom surface    2.197   C13 47  X    1
  2nd closest surface     2.198   C35 47  X    1
  found on step  959
  no. of rejections          362
 stored as    -6

 highest radius point found:
  at point   40.959  37.892  40.215
  closest atom surface    2.227   C34 47  X    1
  2nd closest surface     2.228   C13 47  X    1
  found on step  623
 current point:
  at point   41.142  37.892  40.266
  closest atom surface    2.214   C13 47  X    1
  2nd closest surface     2.216   C34 47  X    1
  found on step  976
  no. of rejections          386
 stored as    -7

 highest radius point found:
  at point   41.021  37.692  40.253
  closest atom surface    2.246   C13 47  X    1
  2nd closest surface     2.247   C30 47  X    1
  found on step  933
  this is also current point
  no. of rejections          405
 stored as    -8

 highest radius point found:
  at point   41.909  37.492  40.528
  closest atom surface    2.320   C13 47  X    1
  2nd closest surface     2.320   N1  47  X    1
  found on step  982
  this is also current point
  no. of rejections          387
 stored as    -9

 highest radius point found:
  at point   41.946  37.292  40.561
  closest atom surface    2.370   C34 47  X    1
  2nd closest surface     2.371   C13 47  X    1
  found on step  992
  this is also current point
  no. of rejections          383
 stored as   -10

 highest radius point found:
  at point   42.011  37.092  40.570
  closest atom surface    2.405   C39 47  X    1
  2nd closest surface     2.405   C13 47  X    1
  found on step  983
  this is also current point
  no. of rejections          401
 stored as   -11

 highest radius point found:
  at point   42.100  36.892  40.592
  closest atom surface    2.436   C39 47  X    1
  2nd closest surface     2.440   N1  47  X    1
  found on step  577
 current point:
  at point   41.340  36.892  40.425
  closest atom surface    2.426   C13 47  X    1
  2nd closest surface     2.428   C39 47  X    1
  found on step  962
  no. of rejections          386
 stored as   -12

 highest radius point found:
  at point   42.139  36.692  40.580
  closest atom surface    2.493   H9  47  X    1
  2nd closest surface     2.494   C39 47  X    1
  found on step  376
 current point:
  at point   41.346  36.692  40.419
  closest atom surface    2.469   C39 47  X    1
  2nd closest surface     2.470   C13 47  X    1
  found on step  974
  no. of rejections          408
 stored as   -13

 highest radius point found:
  at point   42.139  36.492  40.580
  closest atom surface    2.537   C39 47  X    1
  2nd closest surface     2.554   C38 47  X    1
  found on step    1
 current point:
  at point   41.334  36.492  40.408
  closest atom surface    2.521   C39 47  X    1
  2nd closest surface     2.522   C13 47  X    1
  found on step  902
  no. of rejections          395
 stored as   -14

 highest radius point found:
  at point   42.159  36.292  40.568
  closest atom surface    2.606   C39 47  X    1
  2nd closest surface     2.611   C13 47  X    1
  found on step  831
 current point:
  at point   42.147  36.292  40.564
  closest atom surface    2.606   C39 47  X    1
  2nd closest surface     2.608   C13 47  X    1
  found on step  952
  no. of rejections          362
 stored as   -15

 highest radius point found:
  at point   42.173  36.092  40.559
  closest atom surface    2.677   C13 47  X    1
  2nd closest surface     2.677   C38 47  X    1
  found on step  961
  this is also current point
  no. of rejections          388
 stored as   -16

 highest radius point found:
  at point   42.156  35.892  40.548
  closest atom surface    2.750   C39 47  X    1
  2nd closest surface     2.751   C13 47  X    1
  found on step  996
  this is also current point
  no. of rejections          396
 stored as   -17

 highest radius point found:
  at point   42.157  35.692  40.537
  closest atom surface    2.831   C13 47  X    1
  2nd closest surface     2.833   C38 47  X    1
  found on step  577
 current point:
  at point   42.146  35.692  40.538
  closest atom surface    2.831   C39 47  X    1
  2nd closest surface     2.832   C13 47  X    1
  found on step  905
  no. of rejections          371
 stored as   -18

 highest radius point found:
  at point   42.136  35.492  40.526
  closest atom surface    2.920   C13 47  X    1
  2nd closest surface     2.921   C39 47  X    1
  found on step  763
 current point:
  at point   42.232  35.492  40.530
  closest atom surface    2.918   C13 47  X    1
  2nd closest surface     2.919   C38 47  X    1
  found on step  987
  no. of rejections          386
 stored as   -19

 highest radius point found:
  at point   42.155  35.292  40.518
  closest atom surface    3.014   C38 47  X    1
  2nd closest surface     3.015   C13 47  X    1
  found on step  674
 current point:
  at point   42.221  35.292  40.519
  closest atom surface    3.013   C13 47  X    1
  2nd closest surface     3.014   C38 47  X    1
  found on step  929
  no. of rejections          379
 stored as   -20

 highest radius point found:
  at point   42.115  35.092  40.505
  closest atom surface    3.116   C13 47  X    1
  2nd closest surface     3.117   C39 47  X    1
  found on step  661
 current point:
  at point   42.231  35.092  40.511
  closest atom surface    3.114   C38 47  X    1
  2nd closest surface     3.115   C13 47  X    1
  found on step  987
  no. of rejections          375
 stored as   -21

 highest radius point found:
  at point   42.100  34.892  40.494
  closest atom surface    3.223   C39 47  X    1
  2nd closest surface     3.223   C13 47  X    1
  found on step  826
 current point:
  at point   42.162  34.892  40.497
  closest atom surface    3.222   C38 47  X    1
  2nd closest surface     3.222   C13 47  X    1
  found on step  956
  no. of rejections          378
 stored as   -22

 highest radius point found:
  at point   42.429  34.692  40.496
  closest atom surface    3.335   C13 47  X    1
  2nd closest surface     3.336   H9  47  X    1
  found on step  756
 current point:
  at point   42.381  34.692  40.494
  closest atom surface    3.334   C13 47  X    1
  2nd closest surface     3.335   C38 47  X    1
  found on step  929
  no. of rejections          371
 stored as   -23

 highest radius point found:
  at point   42.100  34.492  40.474
  closest atom surface    3.454   C13 47  X    1
  2nd closest surface     3.454   C38 47  X    1
  found on step  440
 current point:
  at point   41.299  34.492  40.315
  closest atom surface    3.443   C39 47  X    1
  2nd closest surface     3.444   C13 47  X    1
  found on step  959
  no. of rejections          352
 stored as   -24

 highest radius point found:
  at point   42.070  34.292  40.462
  closest atom surface    3.576   C39 47  X    1
  2nd closest surface     3.577   C13 47  X    1
  found on step    4
 current point:
  at point   42.116  34.292  40.464
  closest atom surface    3.576   C13 47  X    1
  2nd closest surface     3.576   C38 47  X    1
  found on step  953
  no. of rejections          349
 stored as   -25

 highest radius point found:
  at point   42.564  34.092  40.468
  closest atom surface    3.706   C13 47  X    1
  2nd closest surface     3.709   H9  47  X    1
  found on step  633
 current point:
  at point   42.399  34.092  40.464
  closest atom surface    3.701   C38 47  X    1
  2nd closest surface     3.702   C13 47  X    1
  found on step  927
  no. of rejections          341
 stored as   -26

 highest radius point found:
  at point   42.052  33.892  40.441
  closest atom surface    3.836   C13 47  X    1
  2nd closest surface     3.836   C39 47  X    1
  found on step  640
 current point:
  at point   41.888  33.892  40.408
  closest atom surface    3.825   C39 47  X    1
  2nd closest surface     3.826   C13 47  X    1
  found on step  985
  no. of rejections          333
 stored as   -27

 highest radius point found:
  at point   42.653  33.692  40.451
  closest atom surface    3.978   C13 47  X    1
  2nd closest surface     3.980   C38 47  X    1
  found on step  165
 current point:
  at point   42.050  33.692  40.433
  closest atom surface    3.970   C38 47  X    1
  2nd closest surface     3.972   C39 47  X    1
  found on step  963
  no. of rejections          344
 stored as   -28

 highest radius point found:
  at point   42.746  33.492  40.454
  closest atom surface    4.117   C38 47  X    1
  2nd closest surface     4.118   H13 47  X    1
  found on step  306
 current point:
  at point   42.259  33.492  40.428
  closest atom surface    4.105   C38 47  X    1
  2nd closest surface     4.105   C13 47  X    1
  found on step  913
  no. of rejections          356
 stored as   -29

 highest radius point found:
  at point   42.799  33.292  40.455
  closest atom surface    4.256   H13 47  X    1
  2nd closest surface     4.257   C38 47  X    1
  found on step  354
 current point:
  at point   42.596  33.292  40.433
  closest atom surface    4.253   H13 47  X    1
  2nd closest surface     4.254   C38 47  X    1
  found on step  897
  no. of rejections          349
 stored as   -30

 highest radius point found:
  at point   42.037  33.092  40.397
  closest atom surface    4.396   C13 47  X    1
  2nd closest surface     4.400   C38 47  X    1
  found on step  163
 current point:
  at point   41.333  33.092  40.261
  closest atom surface    4.394   C13 47  X    1
  2nd closest surface     4.395   C39 47  X    1
  found on step  981
  no. of rejections          342
 stored as   -31

 highest radius point found:
  at point   42.000  32.892  40.388
  closest atom surface    4.547   C39 47  X    1
  2nd closest surface     4.547   C38 47  X    1
  found on step   82
 current point:
  at point   42.815  32.892  40.447
  closest atom surface    4.543   C38 47  X    1
  2nd closest surface     4.543   H13 47  X    1
  found on step  957
  no. of rejections          326
 stored as   -32

 highest radius point found:
  at point   41.353  32.692  40.250
  closest atom surface    4.695   C39 47  X    1
  2nd closest surface     4.696   C13 47  X    1
  found on step  985
  this is also current point
  no. of rejections          347
 stored as   -33

 highest radius point found:
  at point   41.372  32.492  40.243
  closest atom surface    4.849   C13 47  X    1
  2nd closest surface     4.850   C39 47  X    1
  found on step   28
 current point:
  at point   41.401  32.492  40.249
  closest atom surface    4.848   C13 47  X    1
  2nd closest surface     4.849   C39 47  X    1
  found on step  992
  no. of rejections          334
 stored as   -34

 highest radius point found:
  at point   41.953  32.292  40.352
  closest atom surface    5.008   C13 47  X    1
  2nd closest surface     5.009   C39 47  X    1
  found on step  929
  this is also current point
  no. of rejections          327
 stored as   -35

 highest radius point found:
  at point   41.978  32.092  40.343
  closest atom surface    5.165   C13 47  X    1
  2nd closest surface     5.169   C38 47  X    1
  found on step    4
 current point:
  at point   41.464  32.092  40.247
  closest atom surface    5.162   C39 47  X    1
  2nd closest surface     5.164   C13 47  X    1
  found on step  992
  no. of rejections          334
 stored as   -36

 highest radius point found:
  at point   41.982  31.892  40.334
  closest atom surface    5.326   C13 47  X    1
  2nd closest surface     5.328   C38 47  X    1
  found on step  634
 current point:
  at point   42.140  31.892  40.341
  closest atom surface    5.322   C13 47  X    1
  2nd closest surface     5.322   C38 47  X    1
  found on step  918
  no. of rejections          311
 stored as   -37

 highest radius point found:
  at point   42.012  31.692  40.326
  closest atom surface    5.488   C13 47  X    1
  2nd closest surface     5.488   C38 47  X    1
  found on step  309
 current point:
  at point   42.067  31.692  40.327
  closest atom surface    5.486   C13 47  X    1
  2nd closest surface     5.487   C38 47  X    1
  found on step  996
  no. of rejections          301
 stored as   -38

 highest radius point found:
  at point   41.931  31.492  40.314
  closest atom surface    5.656   C38 47  X    1
  2nd closest surface     5.656   C13 47  X    1
  found on step  918
  this is also current point
  no. of rejections          315
 stored as   -39

 highest radius point found:
  at point   41.912  31.292  40.302
  closest atom surface    5.822   C13 47  X    1
  2nd closest surface     5.822   C39 47  X    1
  found on step  652
 current point:
  at point   41.534  31.292  40.226
  closest atom surface    5.818   C39 47  X    1
  2nd closest surface     5.818   C13 47  X    1
  found on step  926
  no. of rejections          292
 stored as   -40

 highest radius point found:
  at point   41.918  31.092  40.292
  closest atom surface    5.990   C13 47  X    1
  2nd closest surface     5.990   C38 47  X    1
  found on step   93
 current point:
  at point   41.644  31.092  40.239
  closest atom surface    5.986   C13 47  X    1
  2nd closest surface     5.986   C39 47  X    1
  found on step  959
  no. of rejections          324
 stored as   -41

 highest radius point found:
  at point   41.894  30.892  40.282
  closest atom surface    6.159   C39 47  X    1
  2nd closest surface     6.159   C38 47  X    1
  found on step  987
  this is also current point
  no. of rejections          322
 stored as   -42

 highest radius point found:
  at point   41.893  30.692  40.270
  closest atom surface    6.330   C13 47  X    1
  2nd closest surface     6.330   C38 47  X    1
  found on step  787
 current point:
  at point   41.829  30.692  40.260
  closest atom surface    6.329   C39 47  X    1
  2nd closest surface     6.329   C13 47  X    1
  found on step  885
  no. of rejections          294
 stored as   -43

 highest radius point found:
  at point   41.865  30.492  40.258
  closest atom surface    6.502   C39 47  X    1
  2nd closest surface     6.502   C13 47  X    1
  found on step  755
 current point:
  at point   41.896  30.492  40.260
  closest atom surface    6.501   C13 47  X    1
  2nd closest surface     6.502   C38 47  X    1
  found on step  987
  no. of rejections          303
 stored as   -44

 highest radius point found:
  at point   41.855  30.292  40.248
  closest atom surface    6.676   C39 47  X    1
  2nd closest surface     6.676   C13 47  X    1
  found on step    2
 current point:
  at point   41.596  30.292  40.196
  closest atom surface    6.673   C39 47  X    1
  2nd closest surface     6.674   C13 47  X    1
  found on step  954
  no. of rejections          282
 stored as   -45

 highest radius point found:
  at point   41.786  30.092  40.225
  closest atom surface    6.849   C13 47  X    1
  2nd closest surface     6.849   C39 47  X    1
  found on step  630
 current point:
  at point   41.728  30.092  40.213
  closest atom surface    6.848   C13 47  X    1
  2nd closest surface     6.849   C39 47  X    1
  found on step  960
  no. of rejections          294
 stored as   -46

 highest radius point found:
  at point   41.842  29.892  40.228
  closest atom surface    7.026   C39 47  X    1
  2nd closest surface     7.026   C38 47  X    1
  found on step    9
 current point:
  at point   41.783  29.892  40.215
  closest atom surface    7.025   C13 47  X    1
  2nd closest surface     7.025   C39 47  X    1
  found on step  933
  no. of rejections          302
 stored as   -47

 highest radius point found:
  at point   41.828  29.692  40.218
  closest atom surface    7.202   C39 47  X    1
  2nd closest surface     7.202   H13 47  X    1
  found on step  999
  this is also current point
  no. of rejections          273
 stored as   -48

 highest radius point found:
  at point   41.797  29.492  40.202
  closest atom surface    7.380   C39 47  X    1
  2nd closest surface     7.380   C13 47  X    1
  found on step  874
 current point:
  at point   41.782  29.492  40.199
  closest atom surface    7.379   C39 47  X    1
  2nd closest surface     7.380   C13 47  X    1
  found on step  956
  no. of rejections          279
 stored as   -49

 highest radius point found:
  at point   41.788  29.292  40.192
  closest atom surface    7.558   C39 47  X    1
  2nd closest surface     7.558   H13 47  X    1
  found on step  958
  this is also current point
  no. of rejections          279
 stored as   -50

 highest radius point found:
  at point   41.802  29.092  40.190
  closest atom surface    7.736   C38 47  X    1
  2nd closest surface     7.736   C12 47  X    1
  found on step  942
  this is also current point
  no. of rejections          279
 stored as   -51

 highest radius point found:
  at point   41.814  28.892  40.185
  closest atom surface    7.913   C38 47  X    1
  2nd closest surface     7.913   C12 47  X    1
  found on step    2
 current point:
  at point   41.785  28.892  40.188
  closest atom surface    7.912   C39 47  X    1
  2nd closest surface     7.912   C38 47  X    1
  found on step  903
  no. of rejections          285
 stored as   -52

 highest radius point found:
  at point   41.847  28.692  40.176
  closest atom surface    8.091   C12 47  X    1
  2nd closest surface     8.091   C38 47  X    1
  found on step  525
 current point:
  at point   41.847  28.692  40.177
  closest atom surface    8.091   C38 47  X    1
  2nd closest surface     8.092   C12 47  X    1
  found on step  918
  no. of rejections          279
 stored as   -53

 highest radius point found:
  at point   41.889  28.492  40.171
  closest atom surface    8.269   H12 47  X    1
  2nd closest surface     8.269   H13 47  X    1
  found on step  976
  this is also current point
  no. of rejections          306
 stored as   -54

 highest radius point found:
  at point   41.929  28.292  40.168
  closest atom surface    8.447   C38 47  X    1
  2nd closest surface     8.448   H12 47  X    1
  found on step  805
 current point:
  at point   41.923  28.292  40.169
  closest atom surface    8.447   C38 47  X    1
  2nd closest surface     8.447   H12 47  X    1
  found on step  946
  no. of rejections          267
 stored as   -55

 highest radius point found:
  at point   41.969  28.092  40.164
  closest atom surface    8.627   C38 47  X    1
  2nd closest surface     8.627   H12 47  X    1
  found on step  990
  this is also current point
  no. of rejections          272
 stored as   -56

 highest radius point found:
  at point   42.008  27.892  40.160
  closest atom surface    8.807   H12 47  X    1
  2nd closest surface     8.807   C38 47  X    1
  found on step  947
  this is also current point
  no. of rejections          278
 stored as   -57

 highest radius point found:
  at point   42.059  27.692  40.155
  closest atom surface    8.989   C38 47  X    1
  2nd closest surface     8.989   H12 47  X    1
  found on step  477
 current point:
  at point   42.062  27.692  40.153
  closest atom surface    8.988   H13 47  X    1
  2nd closest surface     8.989   H12 47  X    1
  found on step  912
  no. of rejections          287
 stored as   -58

 highest radius point found:
  at point   42.080  27.492  40.153
  closest atom surface    9.169   C38 47  X    1
  2nd closest surface     9.170   H12 47  X    1
  found on step  949
  this is also current point
  no. of rejections          265
 stored as   -59

 highest radius point found:
  at point   42.069  27.292  40.155
  closest atom surface    9.349   H12 47  X    1
  2nd closest surface     9.349   C38 47  X    1
  found on step  980
  this is also current point
  no. of rejections          269
 stored as   -60

 highest radius point found:
  at point   42.061  27.092  40.156
  closest atom surface    9.528   O3  47  X    1
  2nd closest surface     9.529   H12 47  X    1
  found on step  548
 current point:
  at point   42.014  27.092  40.166
  closest atom surface    9.527   C38 47  X    1
  2nd closest surface     9.527   H12 47  X    1
  found on step  973
  no. of rejections          262
 stored as   -61

 highest radius point found:
  at point   42.047  26.892  40.162
  closest atom surface    9.710   O3  47  X    1
  2nd closest surface     9.711   H12 47  X    1
  found on step  996
  this is also current point
  no. of rejections          263
 stored as   -62

 highest radius point found:
  at point   41.992  26.692  40.174
  closest atom surface    9.889   C38 47  X    1
  2nd closest surface     9.891   H12 47  X    1
  found on step  144
 current point:
  at point   41.922  26.692  40.184
  closest atom surface    9.887   C38 47  X    1
  2nd closest surface     9.887   H12 47  X    1
  found on step  969
  no. of rejections          267
 stored as   -63

 highest radius point found:
  at point   42.009  26.492  40.171
  closest atom surface   10.074   C38 47  X    1
  2nd closest surface    10.074   H12 47  X    1
  found on step  879
 current point:
  at point   42.010  26.492  40.172
  closest atom surface   10.074   C38 47  X    1
  2nd closest surface    10.074   H12 47  X    1
  found on step  905
  no. of rejections          292
 stored as   -64

 highest radius point found:
  at point   42.009  26.292  40.171
  closest atom surface   10.257   H12 47  X    1
  2nd closest surface    10.258   O3  47  X    1
  found on step    1
 current point:
  at point   41.949  26.292  40.181
  closest atom surface   10.255   H12 47  X    1
  2nd closest surface    10.255   C38 47  X    1
  found on step  993
  no. of rejections          266
 stored as   -65

 highest radius point found:
  at point   41.996  26.092  40.178
  closest atom surface   10.440   C38 47  X    1
  2nd closest surface    10.442   O3  47  X    1
  found on step  111
 current point:
  at point   41.994  26.092  40.171
  closest atom surface   10.439   H12 47  X    1
  2nd closest surface    10.442   O3  47  X    1
  found on step  941
  no. of rejections          245
 stored as   -66

 highest radius point found:
  at point   41.975  25.892  40.179
  closest atom surface   10.624   H12 47  X    1
  2nd closest surface    10.625   C38 47  X    1
  found on step  852
 current point:
  at point   41.948  25.892  40.185
  closest atom surface   10.623   C38 47  X    1
  2nd closest surface    10.623   H12 47  X    1
  found on step  974
  no. of rejections          252
 stored as   -67

 highest radius point found:
  at point   41.971  25.692  40.181
  closest atom surface   10.809   H12 47  X    1
  2nd closest surface    10.809   C38 47  X    1
  found on step    2
 current point:
  at point   41.970  25.692  40.181
  closest atom surface   10.809   H12 47  X    1
  2nd closest surface    10.809   C38 47  X    1
  found on step  971
  no. of rejections          264
 stored as   -68

 highest radius point found:
  at point   41.942  25.492  40.187
  closest atom surface   10.993   H12 47  X    1
  2nd closest surface    10.994   C38 47  X    1
  found on step 1000
  this is also current point
  no. of rejections          268
 stored as   -69

 highest radius point found:
  at point   41.938  25.292  40.190
  closest atom surface   11.179   C38 47  X    1
  2nd closest surface    11.180   H12 47  X    1
  found on step  990
  this is also current point
  no. of rejections          246
 stored as   -70

 highest radius point found:
  at point   41.938  25.092  40.190
  closest atom surface   11.365   O3  47  X    1
  2nd closest surface    11.366   H12 47  X    1
  found on step    1
 current point:
  at point   41.932  25.092  40.194
  closest atom surface   11.364   C38 47  X    1
  2nd closest surface    11.366   H12 47  X    1
  found on step  995
  no. of rejections          245
 stored as   -71

 highest radius point found:
  at point   41.917  24.892  40.196
  closest atom surface   11.551   C38 47  X    1
  2nd closest surface    11.552   H12 47  X    1
  found on step  814
 current point:
  at point   41.901  24.892  40.196
  closest atom surface   11.551   H12 47  X    1
  2nd closest surface    11.551   C38 47  X    1
  found on step  971
  no. of rejections          252
 stored as   -72

 highest radius point found:
  at point   41.912  24.692  40.198
  closest atom surface   11.738   C38 47  X    1
  2nd closest surface    11.738   O3  47  X    1
  found on step  985
  this is also current point
  no. of rejections          252
 stored as   -73

 highest radius point found:
  at point   41.877  24.492  40.200
  closest atom surface   11.924   H12 47  X    1
  2nd closest surface    11.926   C38 47  X    1
  found on step  280
 current point:
  at point   41.818  24.492  40.211
  closest atom surface   11.923   C38 47  X    1
  2nd closest surface    11.923   H12 47  X    1
  found on step  962
  no. of rejections          255
 stored as   -74

 highest radius point found:
  at point   41.870  24.292  40.205
  closest atom surface   12.113   C38 47  X    1
  2nd closest surface    12.113   H12 47  X    1
  found on step  858
 current point:
  at point   41.863  24.292  40.205
  closest atom surface   12.112   H12 47  X    1
  2nd closest surface    12.113   C38 47  X    1
  found on step  997
  no. of rejections          252
 stored as   -75

 highest radius point found:
  at point   41.870  24.092  40.205
  closest atom surface   12.301   H12 47  X    1
  2nd closest surface    12.301   C38 47  X    1
  found on step    1
 current point:
  at point   41.851  24.092  40.208
  closest atom surface   12.300   H12 47  X    1
  2nd closest surface    12.300   C38 47  X    1
  found on step  940
  no. of rejections          237
 stored as   -76

 highest radius point found:
  at point   41.852  23.892  40.209
  closest atom surface   12.489   C38 47  X    1
  2nd closest surface    12.489   H12 47  X    1
  found on step  838
 current point:
  at point   41.829  23.892  40.212
  closest atom surface   12.488   H12 47  X    1
  2nd closest surface    12.488   C38 47  X    1
  found on step  956
  no. of rejections          232
 stored as   -77

 highest radius point found:
  at point   41.849  23.692  40.210
  closest atom surface   12.678   C38 47  X    1
  2nd closest surface    12.678   H12 47  X    1
  found on step  787
 current point:
  at point   41.832  23.692  40.213
  closest atom surface   12.677   C38 47  X    1
  2nd closest surface    12.678   H12 47  X    1
  found on step  964
  no. of rejections          238
 stored as   -78

 highest radius point found:
  at point   41.811  23.492  40.216
  closest atom surface   12.866   C38 47  X    1
  2nd closest surface    12.866   H12 47  X    1
  found on step  899
  this is also current point
  no. of rejections          231
 stored as   -79

 highest radius point found:
  at point   41.808  23.292  40.218
  closest atom surface   13.056   C38 47  X    1
  2nd closest surface    13.056   H12 47  X    1
  found on step  998
  this is also current point
  no. of rejections          252
 stored as   -80

 highest radius point found:
  at point   41.807  23.092  40.219
  closest atom surface   13.245   C38 47  X    1
  2nd closest surface    13.245   H12 47  X    1
  found on step  895
  this is also current point
  no. of rejections          232
 stored as   -81

 highest radius point found:
  at point   41.800  22.892  40.222
  closest atom surface   13.435   C38 47  X    1
  2nd closest surface    13.435   O3  47  X    1
  found on step  970
  this is also current point
  no. of rejections          245
 stored as   -82

 highest radius point found:
  at point   41.758  22.692  40.227
  closest atom surface   13.625   C38 47  X    1
  2nd closest surface    13.625   H12 47  X    1
  found on step  938
  this is also current point
  no. of rejections          244
 stored as   -83

 highest radius point found:
  at point   41.774  22.492  40.227
  closest atom surface   13.815   C38 47  X    1
  2nd closest surface    13.815   O3  47  X    1
  found on step  457
 current point:
  at point   41.744  22.492  40.230
  closest atom surface   13.815   C38 47  X    1
  2nd closest surface    13.815   H12 47  X    1
  found on step  891
  no. of rejections          227
 stored as   -84

 highest radius point found:
  at point   41.757  22.292  40.228
  closest atom surface   14.006   H12 47  X    1
  2nd closest surface    14.006   C38 47  X    1
  found on step  682
 current point:
  at point   41.740  22.292  40.231
  closest atom surface   14.006   C38 47  X    1
  2nd closest surface    14.006   H12 47  X    1
  found on step  950
  no. of rejections          233
 stored as   -85

 highest radius point found:
  at point   41.715  22.092  40.235
  closest atom surface   14.196   H12 47  X    1
  2nd closest surface    14.197   C38 47  X    1
  found on step  997
  this is also current point
  no. of rejections          241
 stored as   -86

 highest radius point found:
  at point   41.729  21.892  40.235
  closest atom surface   14.388   C38 47  X    1
  2nd closest surface    14.388   H12 47  X    1
  found on step  971
  this is also current point
  no. of rejections          222
 stored as   -87

 highest radius point found:
  at point   41.676  21.692  40.241
  closest atom surface   14.578   H12 47  X    1
  2nd closest surface    14.579   C38 47  X    1
  found on step  840
 current point:
  at point   41.656  21.692  40.245
  closest atom surface   14.578   H12 47  X    1
  2nd closest surface    14.579   C38 47  X    1
  found on step  937
  no. of rejections          239
 stored as   -88

 highest radius point found:
  at point   41.671  21.492  40.244
  closest atom surface   14.770   C38 47  X    1
  2nd closest surface    14.770   H12 47  X    1
  found on step  921
  this is also current point
  no. of rejections          202
 stored as   -89

 highest radius point found:
  at point   41.697  21.292  40.240
  closest atom surface   14.963   H12 47  X    1
  2nd closest surface    14.963   C38 47  X    1
  found on step  895
  this is also current point
  no. of rejections          222
 stored as   -90

 highest radius point found:
  at point   41.659  21.092  40.247
  closest atom surface   15.154   H12 47  X    1
  2nd closest surface    15.154   C38 47  X    1
  found on step   19
 current point:
  at point   41.663  21.092  40.247
  closest atom surface   15.154   C38 47  X    1
  2nd closest surface    15.155   H12 47  X    1
  found on step 1000
  no. of rejections          229
 stored as   -91

 highest radius point found:
  at point   41.658  20.892  40.247
  closest atom surface   15.347   H12 47  X    1
  2nd closest surface    15.347   C38 47  X    1
  found on step  976
  this is also current point
  no. of rejections          221
 stored as   -92

 highest radius point found:
  at point   41.658  20.692  40.247
  closest atom surface   15.539   H12 47  X    1
  2nd closest surface    15.539   C38 47  X    1
  found on step    1
 current point:
  at point   41.653  20.692  40.249
  closest atom surface   15.539   C38 47  X    1
  2nd closest surface    15.539   H12 47  X    1
  found on step  975
  no. of rejections          227
 stored as   -93

 highest radius point found:
  at point   41.643  20.492  40.249
  closest atom surface   15.731   H12 47  X    1
  2nd closest surface    15.732   C38 47  X    1
  found on step  746
 current point:
  at point   41.577  20.492  40.260
  closest atom surface   15.731   H12 47  X    1
  2nd closest surface    15.731   C38 47  X    1
  found on step  996
  no. of rejections          214
 stored as   -94

 highest radius point found:
  at point   41.622  20.292  40.254
  closest atom surface   15.924   C38 47  X    1
  2nd closest surface    15.924   H12 47  X    1
  found on step  940
  this is also current point
  no. of rejections          215
 stored as   -95

 highest radius point found:
  at point   41.622  20.092  40.254
  closest atom surface   16.117   O3  47  X    1
  2nd closest surface    16.117   H12 47  X    1
  found on step    1
 current point:
  at point   41.571  20.092  40.262
  closest atom surface   16.117   C38 47  X    1
  2nd closest surface    16.117   H12 47  X    1
  found on step  958
  no. of rejections          222
 stored as   -96

 highest radius point found:
  at point   41.593  19.892  40.259
  closest atom surface   16.310   C38 47  X    1
  2nd closest surface    16.310   H12 47  X    1
  found on step  975
  this is also current point
  no. of rejections          232
 stored as   -97

 highest radius point found:
  at point   41.591  19.692  40.260
  closest atom surface   16.503   C38 47  X    1
  2nd closest surface    16.503   H12 47  X    1
  found on step  978
  this is also current point
  no. of rejections          223
 stored as   -98

 highest radius point found:
  at point   41.573  19.492  40.263
  closest atom surface   16.697   C38 47  X    1
  2nd closest surface    16.697   H12 47  X    1
  found on step  991
  this is also current point
  no. of rejections          227
 stored as   -99

 highest radius point found:
  at point   41.560  19.292  40.266
  closest atom surface   16.890   C38 47  X    1
  2nd closest surface    16.890   H12 47  X    1
  found on step  890
 current point:
  at point   41.560  19.292  40.266
  closest atom surface   16.890   C38 47  X    1
  2nd closest surface    16.890   H12 47  X    1
  found on step  903
  no. of rejections          234
 stored as  -100

 highest radius point found:
  at point   41.551  19.092  40.267
  closest atom surface   17.084   H12 47  X    1
  2nd closest surface    17.084   C38 47  X    1
  found on step  970
  this is also current point
  no. of rejections          205
 stored as  -101

 highest radius point found:
  at point   41.533  18.892  40.270
  closest atom surface   17.277   H12 47  X    1
  2nd closest surface    17.278   C38 47  X    1
  found on step  963
  this is also current point
  no. of rejections          191
 stored as  -102

 highest radius point found:
  at point   41.533  18.692  40.270
  closest atom surface   17.471   H12 47  X    1
  2nd closest surface    17.471   O3  47  X    1
  found on step    1
 current point:
  at point   41.499  18.692  40.250
  closest atom surface   17.465   H12 47  X    1
  2nd closest surface    17.471   H29 47  X    1
  found on step  999
  no. of rejections          175
 stored as  -103

 highest radius point found:
  at point   41.521  18.492  40.273
  closest atom surface   17.665   O3  47  X    1
  2nd closest surface    17.665   H29 47  X    1
  found on step  867
 current point:
  at point   41.523  18.492  40.275
  closest atom surface   17.665   O3  47  X    1
  2nd closest surface    17.665   C38 47  X    1
  found on step  997
  no. of rejections          194
 stored as  -104

 highest radius point found:
  at point   41.506  18.292  40.272
  closest atom surface   17.858   H29 47  X    1
  2nd closest surface    17.859   H12 47  X    1
  found on step  970
  this is also current point
  no. of rejections          203
 stored as  -105

 highest radius point found:
  at point   41.499  18.092  40.272
  closest atom surface   18.052   H29 47  X    1
  2nd closest surface    18.052   O3  47  X    1
  found on step  954
  this is also current point
  no. of rejections          229
 stored as  -106

 highest radius point found:
  at point   41.488  17.892  40.267
  closest atom surface   18.246   H12 47  X    1
  2nd closest surface    18.246   O3  47  X    1
  found on step  953
  this is also current point
  no. of rejections          199
 stored as  -107

 highest radius point found:
  at point   41.475  17.692  40.267
  closest atom surface   18.440   H12 47  X    1
  2nd closest surface    18.440   H29 47  X    1
  found on step  908
  this is also current point
  no. of rejections          215
 stored as  -108

 highest radius point found:
  at point   41.466  17.492  40.268
  closest atom surface   18.634   O3  47  X    1
  2nd closest surface    18.634   H29 47  X    1
  found on step  990
  this is also current point
  no. of rejections          216
 stored as  -109

 highest radius point found:
  at point   41.456  17.292  40.269
  closest atom surface   18.828   O3  47  X    1
  2nd closest surface    18.828   H29 47  X    1
  found on step  986
  this is also current point
  no. of rejections          218
 stored as  -110

 highest radius point found:
  at point   41.447  17.092  40.273
  closest atom surface   19.022   O3  47  X    1
  2nd closest surface    19.022   H29 47  X    1
  found on step  933
  this is also current point
  no. of rejections          196
 stored as  -111

 highest radius point found:
  at point   41.429  16.892  40.263
  closest atom surface   19.217   H12 47  X    1
  2nd closest surface    19.217   H29 47  X    1
  found on step  983
  this is also current point
  no. of rejections          208
 stored as  -112

 highest radius point found:
  at point   41.420  16.692  40.261
  closest atom surface   19.411   H12 47  X    1
  2nd closest surface    19.412   H29 47  X    1
  found on step  830
 current point:
  at point   41.418  16.692  40.264
  closest atom surface   19.411   H29 47  X    1
  2nd closest surface    19.412   H12 47  X    1
  found on step  984
  no. of rejections          199
 stored as  -113

 highest radius point found:
  at point   41.404  16.492  40.260
  closest atom surface   19.606   H12 47  X    1
  2nd closest surface    19.606   H29 47  X    1
  found on step  970
  this is also current point
  no. of rejections          204
 stored as  -114

 highest radius point found:
  at point   41.396  16.292  40.268
  closest atom surface   19.799   H29 47  X    1
  2nd closest surface    19.802   O3  47  X    1
  found on step  971
  this is also current point
  no. of rejections          201
 stored as  -115

 highest radius point found:
  at point   41.386  16.092  40.260
  closest atom surface   19.996   H29 47  X    1
  2nd closest surface    19.996   H12 47  X    1
  found on step  923
  this is also current point
  no. of rejections          220
 stored as  -116

 highest radius point found:
  at point   41.374  15.892  40.258
  closest atom surface   20.190   H12 47  X    1
  2nd closest surface    20.191   H29 47  X    1
  found on step    6
 current point:
  at point   41.373  15.892  40.257
  closest atom surface   20.190   H12 47  X    1
  2nd closest surface    20.190   H29 47  X    1
  found on step  963
  no. of rejections          198
 stored as  -117

 highest radius point found:
  at point   41.368  15.692  40.253
  closest atom surface   20.385   O3  47  X    1
  2nd closest surface    20.385   H12 47  X    1
  found on step  935
  this is also current point
  no. of rejections          187
 stored as  -118

 highest radius point found:
  at point   41.353  15.492  40.263
  closest atom surface   20.580   H29 47  X    1
  2nd closest surface    20.581   O3  47  X    1
  found on step  983
  this is also current point
  no. of rejections          165
 stored as  -119

 highest radius point found:
  at point   41.339  15.292  40.258
  closest atom surface   20.775   H29 47  X    1
  2nd closest surface    20.776   H12 47  X    1
  found on step  986
  this is also current point
  no. of rejections          183
 stored as  -120

 highest radius point found:
  at point   41.330  15.092  40.259
  closest atom surface   20.971   H29 47  X    1
  2nd closest surface    20.972   O3  47  X    1
  found on step  974
  this is also current point
  no. of rejections          176
 stored as  -121

 highest radius point found:
  at point   41.328  14.892  40.255
  closest atom surface   21.165   O3  47  X    1
  2nd closest surface    21.167   H12 47  X    1
  found on step   14
 current point:
  at point   41.201  14.892  40.218
  closest atom surface   21.157   H12 47  X    1
  2nd closest surface    21.158   H29 47  X    1
  found on step 1000
  no. of rejections          165
 stored as  -122

 highest radius point found:
  at point   41.309  14.692  40.254
  closest atom surface   21.362   H29 47  X    1
  2nd closest surface    21.362   O3  47  X    1
  found on step  950
  this is also current point
  no. of rejections          175
 stored as  -123

 highest radius point found:
  at point   41.298  14.492  40.246
  closest atom surface   21.557   H12 47  X    1
  2nd closest surface    21.557   O3  47  X    1
  found on step    9
 current point:
  at point   40.211  14.492  39.927
  closest atom surface   21.500   H12 47  X    1
  2nd closest surface    21.502   H29 47  X    1
  found on step 1000
  no. of rejections          179
 stored as  -124

 highest radius point found:
  at point   41.287  14.292  40.251
  closest atom surface   21.753   O3  47  X    1
  2nd closest surface    21.753   H29 47  X    1
  found on step  996
  this is also current point
  no. of rejections          179
 stored as  -125

 highest radius point found:
  at point   41.277  14.092  40.261
  closest atom surface   21.948   H29 47  X    1
  2nd closest surface    21.949   O3  47  X    1
  found on step 1000
  this is also current point
  no. of rejections          191
 stored as  -126

 highest radius point found:
  at point   41.260  13.892  40.250
  closest atom surface   22.144   H29 47  X    1
  2nd closest surface    22.145   H12 47  X    1
  found on step  992
  this is also current point
  no. of rejections          186
 This is an end! (radius above  22.0 angs)
 
 N.b. Graph information routine (HOGRAP) differs 
        markedly from previous versions!
       Information now is written from -ve end
       to +ve in one pass
 
 Explanation of the meaning of each column: 
 First column "cenxyz.cvec" is the coordinate in the
   direction of the channel vector i.e. if the channel
   vector is in z (0 0 1) then it is the z coordinate.
 The second column "radius" is the hole pore radius 
   (as defined in the Biophys J 1993) article).
 The third column "cen_line_D" is the distance 
   measured along the pore centre line - with the 
   first point found set to zero. This was the first
   thing that I used to measure the distance along a pore
   but "cenxyz.cvec" is a much better general measure. 
   However, by comparing changes in this distance to changes in '   "cenxyz.cvec" one can get a measure of how straight a 
   channel is.
 The fourth column "sum{s/(area)}" is useful in conductance
   prediction -
   basically it is the sum of the thickness of each slab
   divided by its area. HOLE uses this measure to estimate
   the macroscopic conductance of a channel.
 If any of this worries you one can see the "raw" results
   of a standard hole run by producing a sphpdb file and 
    directly looking at the results.
 cenxyz.cvec      radius  cen_line_D sum{s/(area point sourc
    14.09248    21.94791   -29.92983     0.00007   (sampled)
    14.19248    21.85065   -29.82960     0.00013 (mid-point)
    14.29248    21.75331   -29.72936     0.00020   (sampled)
    14.39248    21.65518   -29.62917     0.00027 (mid-point)
    14.49248    21.55681   -29.52899     0.00034   (sampled)
    14.59248    21.45968   -29.42876     0.00041 (mid-point)
    14.69248    21.36204   -29.32852     0.00048   (sampled)
    14.79248    21.26334   -29.22808     0.00055 (mid-point)
    14.89248    21.16459   -29.12764     0.00062   (sampled)
    14.99248    21.06818   -29.02762     0.00069 (mid-point)
    15.09248    20.97058   -28.92759     0.00076   (sampled)
    15.19248    20.87292   -28.82749     0.00083 (mid-point)
    15.29248    20.77529   -28.72739     0.00091   (sampled)
    15.39248    20.67756   -28.62711     0.00098 (mid-point)
    15.49248    20.57985   -28.52683     0.00106   (sampled)
    15.59248    20.48285   -28.42642     0.00113 (mid-point)
    15.69248    20.38455   -28.32601     0.00121   (sampled)
    15.79248    20.28758   -28.22593     0.00129 (mid-point)
    15.89248    20.19046   -28.12584     0.00137   (sampled)
    15.99248    20.09304   -28.02566     0.00144 (mid-point)
    16.09248    19.99558   -27.92549     0.00152   (sampled)
    16.19248    19.89753   -27.82527     0.00160 (mid-point)
    16.29248    19.79950   -27.72504     0.00169   (sampled)
    16.39248    19.70255   -27.62489     0.00177 (mid-point)
    16.49248    19.60559   -27.52473     0.00185   (sampled)
    16.59248    19.50839   -27.42440     0.00193 (mid-point)
    16.69248    19.41123   -27.32406     0.00202   (sampled)
    16.79248    19.31395   -27.22397     0.00210 (mid-point)
    16.89248    19.21669   -27.12387     0.00219   (sampled)
    16.99248    19.11932   -27.02332     0.00228 (mid-point)
    17.09248    19.02178   -26.92276     0.00236   (sampled)
    17.19248    18.92486   -26.82265     0.00245 (mid-point)
    17.29248    18.82797   -26.72254     0.00254   (sampled)
    17.39248    18.73093   -26.62240     0.00263 (mid-point)
    17.49248    18.63391   -26.52226     0.00273   (sampled)
    17.59248    18.53713   -26.42216     0.00282 (mid-point)
    17.69248    18.43994   -26.32205     0.00291   (sampled)
    17.79248    18.34290   -26.22185     0.00301 (mid-point)
    17.89248    18.24590   -26.12165     0.00310   (sampled)
    17.99248    18.14915   -26.02147     0.00320 (mid-point)
    18.09248    18.05219   -25.92130     0.00330   (sampled)
    18.19248    17.95512   -25.82124     0.00340 (mid-point)
    18.29248    17.85808   -25.72117     0.00350   (sampled)
    18.39248    17.76163   -25.62086     0.00360 (mid-point)
    18.49248    17.66502   -25.52055     0.00370   (sampled)
    18.59248    17.56819   -25.42038     0.00380 (mid-point)
    18.69248    17.47135   -25.32021     0.00391   (sampled)
    18.79248    17.37440   -25.22021     0.00401 (mid-point)
    18.89248    17.27747   -25.12021     0.00412   (sampled)
    18.99248    17.18057   -25.01979     0.00423 (mid-point)
    19.09248    17.08371   -24.91936     0.00433   (sampled)
    19.19248    16.98685   -24.81926     0.00444 (mid-point)
    19.29248    16.88999   -24.71916     0.00456   (sampled)
    19.39248    16.79323   -24.61894     0.00467 (mid-point)
    19.49248    16.69652   -24.51872     0.00478   (sampled)
    19.59248    16.59984   -24.41828     0.00490 (mid-point)
    19.69248    16.50320   -24.31784     0.00502   (sampled)
    19.79248    16.40655   -24.21783     0.00513 (mid-point)
    19.89248    16.30993   -24.11783     0.00525   (sampled)
    19.99248    16.21348   -24.01672     0.00537 (mid-point)
    20.09248    16.11693   -23.91560     0.00550   (sampled)
    20.19248    16.02055   -23.81560     0.00562 (mid-point)
    20.29248    15.92405   -23.71560     0.00575   (sampled)
    20.39248    15.82756   -23.61503     0.00587 (mid-point)
    20.49248    15.73101   -23.51446     0.00600   (sampled)
    20.59248    15.63490   -23.41417     0.00613 (mid-point)
    20.69248    15.53884   -23.31388     0.00626   (sampled)
    20.79248    15.44265   -23.21388     0.00640 (mid-point)
    20.89248    15.34651   -23.11388     0.00653   (sampled)
    20.99248    15.25035   -23.01388     0.00667 (mid-point)
    21.09248    15.15424   -22.91388     0.00681   (sampled)
    21.19248    15.05839   -22.81204     0.00695 (mid-point)
    21.29248    14.96262   -22.71021     0.00709   (sampled)
    21.39248    14.86643   -22.60937     0.00724 (mid-point)
    21.49248    14.77024   -22.50853     0.00738   (sampled)
    21.59248    14.67440   -22.40849     0.00753 (mid-point)
    21.69248    14.57837   -22.30844     0.00768   (sampled)
    21.79248    14.48321   -22.20498     0.00783 (mid-point)
    21.89248    14.38788   -22.10151     0.00798   (sampled)
    21.99248    14.29216   -22.00127     0.00814 (mid-point)
    22.09248    14.19647   -21.90102     0.00830   (sampled)
    22.19248    14.10121   -21.79878     0.00846 (mid-point)
    22.29248    14.00603   -21.69653     0.00862   (sampled)
    22.39248    13.91073   -21.59614     0.00878 (mid-point)
    22.49248    13.81521   -21.49576     0.00895   (sampled)
    22.59248    13.71994   -21.39540     0.00912 (mid-point)
    22.69248    13.62473   -21.29505     0.00929   (sampled)
    22.79248    13.52968   -21.19275     0.00947 (mid-point)
    22.89248    13.43473   -21.09046     0.00964   (sampled)
    22.99248    13.34001   -20.99038     0.00982 (mid-point)
    23.09248    13.24536   -20.89031     0.01000   (sampled)
    23.19248    13.15043   -20.79031     0.01019 (mid-point)
    23.29248    13.05557   -20.69031     0.01037   (sampled)
    23.39248    12.96081   -20.59029     0.01056 (mid-point)
    23.49248    12.86612   -20.49028     0.01076   (sampled)
    23.59248    12.77196   -20.38850     0.01095 (mid-point)
    23.69248    12.67791   -20.28673     0.01115   (sampled)
    23.79248    12.58344   -20.18672     0.01135 (mid-point)
    23.89248    12.48905   -20.08670     0.01155   (sampled)
    23.99248    12.39497   -19.98626     0.01176 (mid-point)
    24.09248    12.30090   -19.88581     0.01197   (sampled)
    24.19248    12.20683   -19.78581     0.01218 (mid-point)
    24.29248    12.11258   -19.68581     0.01240   (sampled)
    24.39248    12.01854   -19.58572     0.01262 (mid-point)
    24.49248    11.92424   -19.48563     0.01285   (sampled)
    24.59248    11.83169   -19.38408     0.01307 (mid-point)
    24.69248    11.73804   -19.28253     0.01330   (sampled)
    24.79248    11.64446   -19.18250     0.01354 (mid-point)
    24.89248    11.55098   -19.08247     0.01378   (sampled)
    24.99248    11.45829   -18.98188     0.01402 (mid-point)
    25.09248    11.36484   -18.88130     0.01427   (sampled)
    25.19248    11.27227   -18.78130     0.01452 (mid-point)
    25.29248    11.17893   -18.68130     0.01477   (sampled)
    25.39248    11.08619   -18.58127     0.01503 (mid-point)
    25.49248    10.99332   -18.48124     0.01529   (sampled)
    25.59248    10.90106   -18.38011     0.01556 (mid-point)
    25.69248    10.80894   -18.27899     0.01583   (sampled)
    25.79248    10.71633   -18.17897     0.01611 (mid-point)
    25.89248    10.62385   -18.07895     0.01639   (sampled)
    25.99248    10.53218   -17.97838     0.01668 (mid-point)
    26.09248    10.43977   -17.87780     0.01697   (sampled)
    26.19248    10.34871   -17.77753     0.01727 (mid-point)
    26.29248    10.25687   -17.67726     0.01757   (sampled)
    26.39248    10.16533   -17.57726     0.01788 (mid-point)
    26.49248    10.07380   -17.47726     0.01819   (sampled)
    26.59248     9.98151   -17.37688     0.01851 (mid-point)
    26.69248     9.88936   -17.27649     0.01884   (sampled)
    26.79248     9.79991   -17.17256     0.01917 (mid-point)
    26.89248     9.71009   -17.06862     0.01951   (sampled)
    26.99248     9.61893   -16.96833     0.01985 (mid-point)
    27.09248     9.52793   -16.86804     0.02020   (sampled)
    27.19248     9.43874   -16.76795     0.02056 (mid-point)
    27.29248     9.34900   -16.66787     0.02092   (sampled)
    27.39248     9.25931   -16.56772     0.02130 (mid-point)
    27.49248     9.16934   -16.46757     0.02167   (sampled)
    27.59248     9.07888   -16.36700     0.02206 (mid-point)
    27.69248     8.98860   -16.26643     0.02245   (sampled)
    27.79248     8.89769   -16.16326     0.02286 (mid-point)
    27.89248     8.80693   -16.06009     0.02327   (sampled)
    27.99248     8.71669   -15.95820     0.02369 (mid-point)
    28.09248     8.62658   -15.85632     0.02411   (sampled)
    28.19248     8.53684   -15.75430     0.02455 (mid-point)
    28.29248     8.44732   -15.65229     0.02500   (sampled)
    28.39248     8.35806   -15.55031     0.02545 (mid-point)
    28.49248     8.26882   -15.44833     0.02592   (sampled)
    28.59248     8.18025   -15.34611     0.02639 (mid-point)
    28.69248     8.09123   -15.24389     0.02688   (sampled)
    28.79248     8.00199   -15.14239     0.02738 (mid-point)
    28.89248     7.91284   -15.04089     0.02788   (sampled)
    28.99248     7.82425   -14.94070     0.02840 (mid-point)
    29.09248     7.73589   -14.84051     0.02894   (sampled)
    29.19248     7.64716   -14.74023     0.02948 (mid-point)
    29.29248     7.55809   -14.63995     0.03004   (sampled)
    29.39248     7.46879   -14.53973     0.03061 (mid-point)
    29.49248     7.37971   -14.43951     0.03119   (sampled)
    29.59248     7.29076   -14.33796     0.03179 (mid-point)
    29.69248     7.20207   -14.23641     0.03241   (sampled)
    29.79248     7.11374   -14.13605     0.03303 (mid-point)
    29.89248     7.02566   -14.03570     0.03368   (sampled)
    29.99248     6.93724   -13.93193     0.03434 (mid-point)
    30.09248     6.84913   -13.82817     0.03502   (sampled)
    30.19248     6.76214   -13.72185     0.03572 (mid-point)
    30.29248     6.67556   -13.61553     0.03643   (sampled)
    30.39248     6.58869   -13.51526     0.03716 (mid-point)
    30.49248     6.50212   -13.41499     0.03792   (sampled)
    30.59248     6.41588   -13.31384     0.03869 (mid-point)
    30.69248     6.32968   -13.21268     0.03948   (sampled)
    30.79248     6.24453   -13.11250     0.04030 (mid-point)
    30.89248     6.15884   -13.01232     0.04114   (sampled)
    30.99248     6.07419   -12.91144     0.04200 (mid-point)
    31.09248     5.98953   -12.81056     0.04289   (sampled)
    31.19248     5.90564   -12.71040     0.04380 (mid-point)
    31.29248     5.82214   -12.61024     0.04474   (sampled)
    31.39248     5.73887   -12.50963     0.04571 (mid-point)
    31.49248     5.65568   -12.40903     0.04670   (sampled)
    31.59248     5.57173   -12.30087     0.04773 (mid-point)
    31.69248     5.48828   -12.19271     0.04879   (sampled)
    31.79248     5.40712   -12.09148     0.04987 (mid-point)
    31.89248     5.32648   -11.99026     0.05100   (sampled)
    31.99248     5.24568   -11.89015     0.05215 (mid-point)
    32.09248     5.16539   -11.79004     0.05335   (sampled)
    32.19248     5.08656   -11.68913     0.05458 (mid-point)
    32.29248     5.00831   -11.58821     0.05584   (sampled)
    32.39248     4.92189   -11.27622     0.05716 (mid-point)
    32.49248     4.84890   -10.96423     0.05851   (sampled)
    32.59248     4.77207   -10.86373     0.05991 (mid-point)
    32.69248     4.69477   -10.76324     0.06135   (sampled)
    32.79248     4.61211   -10.41763     0.06285 (mid-point)
    32.89248     4.54708   -10.07202     0.06439   (sampled)
    32.99248     4.47126    -9.97019     0.06598 (mid-point)
    33.09248     4.39582    -9.86835     0.06763   (sampled)
    33.19248     4.31608    -9.47340     0.06934 (mid-point)
    33.29248     4.25615    -9.07845     0.07110   (sampled)
    33.39248     4.18628    -8.97494     0.07291 (mid-point)
    33.49248     4.11692    -8.87143     0.07479   (sampled)
    33.59248     4.04764    -8.76113     0.07673 (mid-point)
    33.69248     3.97754    -8.65082     0.07875   (sampled)
    33.79248     3.89826    -8.33429     0.08084 (mid-point)
    33.89248     3.83551    -8.01777     0.08300   (sampled)
    33.99248     3.76452    -7.74258     0.08525 (mid-point)
    34.09248     3.70627    -7.46740     0.08757   (sampled)
    34.19248     3.63556    -7.20088     0.08998 (mid-point)
    34.29248     3.57632    -6.93435     0.09246   (sampled)
    34.39248     3.51476    -6.83309     0.09504 (mid-point)
    34.49248     3.45369    -6.73183     0.09771   (sampled)
    34.59248     3.39124    -6.53905     0.10048 (mid-point)
    34.69248     3.33520    -6.34626     0.10334   (sampled)
    34.79248     3.27589    -6.15369     0.10630 (mid-point)
    34.89248     3.22299    -5.96111     0.10937   (sampled)
    34.99248     3.16899    -5.86066     0.11254 (mid-point)
    35.09248     3.11623    -5.76020     0.11582   (sampled)
    35.19248     3.06498    -5.65802     0.11920 (mid-point)
    35.29248     3.01431    -5.55584     0.12271   (sampled)
    35.39248     2.96684    -5.45532     0.12632 (mid-point)
    35.49248     2.91996    -5.35481     0.13006   (sampled)
    35.59248     2.87486    -5.25410     0.13391 (mid-point)
    35.69248     2.83149    -5.15340     0.13788   (sampled)
    35.79248     2.79022    -5.05326     0.14197 (mid-point)
    35.89248     2.75030    -4.95312     0.14618   (sampled)
    35.99248     2.71306    -4.85260     0.15050 (mid-point)
    36.09248     2.67734    -4.75208     0.15494   (sampled)
    36.19248     2.64091    -4.65174     0.15951 (mid-point)
    36.29248     2.60603    -4.55140     0.16419   (sampled)
    36.39248     2.57073    -4.45074     0.16901 (mid-point)
    36.49248     2.53745    -4.35008     0.17395   (sampled)
    36.59248     2.51482    -4.25008     0.17899 (mid-point)
    36.69248     2.49344    -4.15008     0.18411   (sampled)
    36.79248     2.46429    -4.04801     0.18935 (mid-point)
    36.89248     2.43644    -3.94594     0.19471   (sampled)
    36.99248     2.41934    -3.83587     0.20015 (mid-point)
    37.09248     2.40501    -3.72579     0.20565   (sampled)
    37.19248     2.38690    -3.62065     0.21124 (mid-point)
    37.29248     2.37036    -3.51551     0.21690   (sampled)
    37.39248     2.34416    -3.41244     0.22270 (mid-point)
    37.49248     2.31980    -3.30937     0.22861   (sampled)
    37.59248     2.25564    -2.83406     0.23487 (mid-point)
    37.69248     2.24599    -2.35876     0.24118   (sampled)
    37.79248     2.23567    -2.25244     0.24755 (mid-point)
    37.89248     2.22732    -2.14612     0.25396   (sampled)
    37.99248     2.22294    -2.03326     0.26040 (mid-point)
    38.09248     2.22090    -1.92041     0.26686   (sampled)
    38.19248     2.22340    -1.80737     0.27330 (mid-point)
    38.29248     2.22904    -1.69433     0.27970   (sampled)
    38.39248     2.23690    -1.58458     0.28606 (mid-point)
    38.49248     2.24764    -1.47483     0.29236   (sampled)
    38.59248     2.25699    -1.34394     0.29861 (mid-point)
    38.69248     2.27044    -1.21304     0.30479   (sampled)
    38.79248     2.28080    -0.92117     0.31091 (mid-point)
    38.89248     2.31165    -0.62929     0.31686   (sampled)
    38.99248     2.34248    -0.51890     0.32266 (mid-point)
    39.09248     2.37323    -0.40851     0.32832   (sampled)
    39.19248     2.38652    -0.20425     0.33390 (mid-point)
    39.29248     2.40622    -0.00000     0.33940   (sampled)
    39.39248     2.42392     0.12916     0.34482 (mid-point)
    39.49248     2.44391     0.25832     0.35015   (sampled)
    39.59248     2.44308     0.37400     0.35548 (mid-point)
    39.69248     2.44536     0.48968     0.36081   (sampled)
    39.79248     2.43948     0.58972     0.36615 (mid-point)
    39.89248     2.43586     0.68976     0.37152   (sampled)
    39.99248     2.43449     0.78976     0.37689 (mid-point)
    40.09248     2.43316     0.88976     0.38227   (sampled)
    40.19248     2.43338     0.99029     0.38764 (mid-point)
    40.29248     2.43596     1.09082     0.39301   (sampled)
    40.39248     2.43982     1.19226     0.39835 (mid-point)
    40.49248     2.44608     1.29370     0.40367   (sampled)
    40.59248     2.45446     1.39399     0.40896 (mid-point)
    40.69248     2.46509     1.49429     0.41420   (sampled)
    40.79248     2.47761     1.59479     0.41938 (mid-point)
    40.89248     2.49242     1.69529     0.42450   (sampled)
    40.99248     2.48138     2.41894     0.42967 (mid-point)
    41.09248     2.58641     3.14259     0.43443   (sampled)
    41.19248     2.60817     3.24426     0.43911 (mid-point)
    41.29248     2.63195     3.34593     0.44371   (sampled)
    41.39248     2.65634     3.44898     0.44822 (mid-point)
    41.49248     2.68268     3.55203     0.45264   (sampled)
    41.59248     2.71108     3.65606     0.45697 (mid-point)
    41.69248     2.74140     3.76008     0.46121   (sampled)
    41.79248     2.77535     3.86205     0.46534 (mid-point)
    41.89248     2.81129     3.96403     0.46937   (sampled)
    41.99248     2.84748     4.06702     0.47329 (mid-point)
    42.09248     2.88563     4.17001     0.47712   (sampled)
    42.19248     2.92764     4.27098     0.48083 (mid-point)
    42.29248     2.97139     4.37194     0.48444   (sampled)
    42.39248     3.01561     4.47760     0.48794 (mid-point)
    42.49248     3.06170     4.58326     0.49133   (sampled)
    42.59248     3.11133     4.68328     0.49462 (mid-point)
    42.69248     3.16240     4.78331     0.49780   (sampled)
    42.79248     3.20440     4.96089     0.50090 (mid-point)
    42.89248     3.25215     5.13847     0.50391   (sampled)
    42.99248     3.31377     5.28789     0.50681 (mid-point)
    43.09248     3.37893     5.43731     0.50960   (sampled)
    43.19248     3.43591     5.53887     0.51229 (mid-point)
    43.29248     3.49422     5.64042     0.51490   (sampled)
    43.39248     3.55398     5.74583     0.51742 (mid-point)
    43.49248     3.61240     5.85123     0.51986   (sampled)
    43.59248     3.67709     5.95217     0.52222 (mid-point)
    43.69248     3.74285     6.05311     0.52449   (sampled)
    43.79248     3.80775     6.15494     0.52668 (mid-point)
    43.89248     3.87373     6.25677     0.52880   (sampled)
    43.99248     3.94117     6.35721     0.53085 (mid-point)
    44.09248     4.00940     6.45764     0.53283   (sampled)
    44.19248     4.07532     6.57858     0.53475 (mid-point)
    44.29248     4.14281     6.69951     0.53660   (sampled)
    44.39248     4.20217     6.82684     0.53841 (mid-point)
    44.49248     4.26249     6.95417     0.54016   (sampled)
    44.59248     4.32423     7.08107     0.54186 (mid-point)
    44.69248     4.38685     7.20798     0.54352   (sampled)
    44.79248     4.45600     7.32795     0.54512 (mid-point)
    44.89248     4.52065     7.44792     0.54668   (sampled)
    44.99248     4.58431     7.82338     0.54819 (mid-point)
    45.09248     4.66837     8.19884     0.54965   (sampled)
    45.19248     4.74472     8.30109     0.55107 (mid-point)
    45.29248     4.82176     8.40333     0.55243   (sampled)
    45.39248     4.89915     8.50375     0.55376 (mid-point)
    45.49248     4.97712     8.60416     0.55505   (sampled)
    45.59248     5.05582     8.70427     0.55629 (mid-point)
    45.69248     5.13449     8.80437     0.55750   (sampled)
    45.79248     5.21397     8.90612     0.55867 (mid-point)
    45.89248     5.29304     9.00786     0.55981   (sampled)
    45.99248     5.37238     9.11688     0.56091 (mid-point)
    46.09248     5.45211     9.22589     0.56198   (sampled)
    46.19248     5.53257     9.33268     0.56302 (mid-point)
    46.29248     5.61368     9.43948     0.56403   (sampled)
    46.39248     5.69568     9.55762     0.56501 (mid-point)
    46.49248     5.77835     9.67576     0.56596   (sampled)
    46.59248     5.85672     9.78164     0.56689 (mid-point)
    46.69248     5.93547     9.88752     0.56780   (sampled)
    46.79248     6.01448     9.99322     0.56868 (mid-point)
    46.89248     6.09411    10.09891     0.56953   (sampled)
    46.99248     6.17352    10.20536     0.57037 (mid-point)
    47.09248     6.25343    10.31181     0.57118   (sampled)
    47.19248     6.33363    10.41861     0.57197 (mid-point)
    47.29248     6.41450    10.52541     0.57275   (sampled)
    47.39248     6.49497    10.63110     0.57350 (mid-point)
    47.49248     6.57552    10.73678     0.57424   (sampled)
    47.59248     6.65212    10.85567     0.57496 (mid-point)
    47.69248     6.72892    10.97456     0.57566   (sampled)
    47.79248     6.81578    11.07535     0.57635 (mid-point)
    47.89248     6.90296    11.17615     0.57701   (sampled)
    47.99248     6.98606    11.28300     0.57767 (mid-point)
    48.09248     7.06972    11.38985     0.57830   (sampled)
    48.19248     7.15440    11.49619     0.57893 (mid-point)
    48.29248     7.23958    11.60253     0.57953   (sampled)
    48.39248     7.32479    11.70993     0.58013 (mid-point)
    48.49248     7.41049    11.81734     0.58071   (sampled)
    48.59248     7.49554    11.92747     0.58127 (mid-point)
    48.69248     7.58113    12.03761     0.58183   (sampled)
    48.79248     7.66992    12.14119     0.58237 (mid-point)
    48.89248     7.75849    12.24478     0.58290   (sampled)
    48.99248     7.84344    12.37494     0.58341 (mid-point)
    49.09248     7.92894    12.50511     0.58392   (sampled)
    49.19248     8.01999    12.60562     0.58441 (mid-point)
    49.29248     8.11123    12.70614     0.58490   (sampled)
    49.39248     8.20099    12.81296     0.58537 (mid-point)
    49.49248     8.29111    12.91977     0.58584   (sampled)
    49.59248     8.38258    13.02758     0.58629 (mid-point)
    49.69248     8.47276    13.13539     0.58673   (sampled)
    49.79248     8.56385    13.24160     0.58717 (mid-point)
    49.89248     8.65524    13.34782     0.58759   (sampled)
    49.99248     8.74696    13.45944     0.58801 (mid-point)
    50.09248     8.83895    13.57107     0.58841   (sampled)
    50.19248     8.93142    13.67654     0.58881 (mid-point)
    50.29248     9.02411    13.78201     0.58920   (sampled)
    50.39248     9.11679    13.90023     0.58959 (mid-point)
    50.49248     9.20999    14.01846     0.58996   (sampled)
    50.59248     9.30319    14.11875     0.59033 (mid-point)
    50.69248     9.39619    14.21904     0.59069   (sampled)
    50.79248     9.48696    14.32724     0.59104 (mid-point)
    50.89248     9.57804    14.43545     0.59139   (sampled)
    50.99248     9.66749    14.54450     0.59173 (mid-point)
    51.09248     9.75718    14.65354     0.59207   (sampled)
    51.19248     9.84953    14.76017     0.59239 (mid-point)
    51.29248     9.94213    14.86679     0.59272   (sampled)
    51.39248    10.03442    14.97586     0.59303 (mid-point)
    51.49248    10.12699    15.08494     0.59334   (sampled)
    51.59248    10.22011    15.19305     0.59365 (mid-point)
    51.69248    10.31347    15.30116     0.59395   (sampled)
    51.79248    10.40464    15.44022     0.59424 (mid-point)
    51.89248    10.49552    15.57928     0.59453   (sampled)
    51.99248    10.59231    15.67997     0.59481 (mid-point)
    52.09248    10.68793    15.78067     0.59509   (sampled)
    52.19248    10.78262    15.89114     0.59537 (mid-point)
    52.29248    10.87708    16.00162     0.59563   (sampled)
    52.39248    10.97204    16.10903     0.59590 (mid-point)
    52.49248    11.06699    16.21643     0.59616   (sampled)
    52.59248    11.16200    16.32306     0.59641 (mid-point)
    52.69248    11.25540    16.42969     0.59667   (sampled)
    52.79248    11.34181    16.53099     0.59691 (mid-point)
    52.89248    11.42841    16.63229     0.59716   (sampled)
    52.99248    11.51448    16.73367     0.59740 (mid-point)
    53.09248    11.60073    16.83504     0.59763   (sampled)
    53.19248    11.68904    16.93802     0.59787 (mid-point)
    53.29248    11.77728    17.04099     0.59810   (sampled)
    53.39248    11.86503    17.14285     0.59832 (mid-point)
    53.49248    11.95298    17.24472     0.59854   (sampled)
    53.59248    12.03830    17.34863     0.59876 (mid-point)
    53.69248    12.12283    17.45254     0.59898   (sampled)
    53.79248    12.21568    17.55373     0.59919 (mid-point)
    53.89248    12.30595    17.65492     0.59940   (sampled)
    53.99248    12.39399    17.75644     0.59961 (mid-point)
    54.09248    12.48222    17.85795     0.59982   (sampled)
    54.19248    12.57289    17.96099     0.60002 (mid-point)
    54.29248    12.66113    18.06404     0.60022   (sampled)
    54.39248    12.75120    18.16529     0.60041 (mid-point)
    54.49248    12.84095    18.26654     0.60060   (sampled)
    54.59248    12.93073    18.36784     0.60080 (mid-point)
    54.69248    13.02028    18.46913     0.60098   (sampled)
    54.79248    13.11067    18.57141     0.60117 (mid-point)
    54.89248    13.20122    18.67369     0.60135   (sampled)
    54.99248    13.29109    18.77623     0.60153 (mid-point)
    55.09248    13.38073    18.87877     0.60171   (sampled)
    55.19248    13.47190    18.97936     0.60188 (mid-point)
    55.29248    13.55803    19.07996     0.60206   (sampled)
    55.39248    13.65126    19.18200     0.60223 (mid-point)
    55.49248    13.74460    19.28404     0.60240   (sampled)
    55.59248    13.83633    19.38685     0.60256 (mid-point)
    55.69248    13.92813    19.48967     0.60273   (sampled)
    55.79248    14.01962    19.59132     0.60289 (mid-point)
    55.89248    14.11092    19.69297     0.60305   (sampled)
    55.99248    14.20014    19.79597     0.60321 (mid-point)
    56.09248    14.28910    19.89897     0.60336   (sampled)
    56.19248    14.38351    20.00676     0.60352 (mid-point)
    56.29248    14.47733    20.11455     0.60367   (sampled)
    56.39248    14.57021    20.21682     0.60382 (mid-point)
    56.49248    14.66249    20.31909     0.60397   (sampled)
    56.59248    14.75534    20.42145     0.60411 (mid-point)
    56.69248    14.84676    20.52381     0.60426   (sampled)
    56.79248    14.93998    20.62503     0.60440 (mid-point)
    56.89248    15.03204    20.72626     0.60454   (sampled)
    56.99248    15.12144    20.83128     0.60468 (mid-point)
    57.09248    15.21059    20.93630     0.60482   (sampled)
    57.19248    15.30801    21.03937     0.60495 (mid-point)
    57.29248    15.40478    21.14245     0.60509   (sampled)
    57.39248    15.49816    21.24419     0.60522 (mid-point)
    57.49248    15.59160    21.34594     0.60535   (sampled)
    57.59248    15.68485    21.44753     0.60548 (mid-point)
    57.69248    15.77815    21.54913     0.60561   (sampled)
    57.79248    15.87171    21.65091     0.60573 (mid-point)
    57.89248    15.96512    21.75269     0.60586   (sampled)
    57.99248    16.05919    21.85508     0.60598 (mid-point)
    58.09248    16.15248    21.95748     0.60610   (sampled)
    58.19248    16.24681    22.05882     0.60623 (mid-point)
    58.29248    16.34113    22.16016     0.60634   (sampled)
    58.39248    16.43514    22.26178     0.60646 (mid-point)
    58.49248    16.52886    22.36341     0.60658   (sampled)
    58.59248    16.62354    22.46579     0.60669 (mid-point)
    58.69248    16.71689    22.56818     0.60681   (sampled)
    58.79248    16.81174    22.66986     0.60692 (mid-point)
    58.89248    16.90665    22.77154     0.60703   (sampled)
    58.99248    17.00138    22.87278     0.60714 (mid-point)
    59.09248    17.09556    22.97403     0.60725   (sampled)
    59.19248    17.19045    23.07624     0.60736 (mid-point)
    59.29248    17.28515    23.17846     0.60747   (sampled)
    59.39248    17.37957    23.28004     0.60757 (mid-point)
    59.49248    17.47406    23.38162     0.60767   (sampled)
    59.59248    17.56402    23.49030     0.60778 (mid-point)
    59.69248    17.65416    23.59899     0.60788   (sampled)
    59.79248    17.75466    23.72023     0.60798 (mid-point)
    59.89248    17.85539    23.84147     0.60808   (sampled)
    59.99248    17.95036    23.94328     0.60818 (mid-point)
    60.09248    18.04541    24.04509     0.60828   (sampled)
    60.19248    18.14178    24.14665     0.60837 (mid-point)
    60.29248    18.23649    24.24821     0.60847   (sampled)
    60.39248    18.32786    24.34852     0.60856 (mid-point)
    60.49248    18.41931    24.44883     0.60866   (sampled)
    60.59248    18.51952    24.55346     0.60875 (mid-point)
    60.69248    18.61958    24.65809     0.60884   (sampled)
    60.79248    18.71541    24.76037     0.60893 (mid-point)
    60.89248    18.81053    24.86264     0.60902   (sampled)
    60.99248    18.90723    24.96408     0.60911 (mid-point)
    61.09248    19.00248    25.06551     0.60920   (sampled)
    61.19248    19.09815    25.16946     0.60929 (mid-point)
    61.29248    19.19226    25.27341     0.60937   (sampled)
    61.39248    19.28990    25.37455     0.60946 (mid-point)
    61.49248    19.38750    25.47569     0.60954   (sampled)
    61.59248    19.48347    25.57733     0.60963 (mid-point)
    61.69248    19.57950    25.67898     0.60971   (sampled)
    61.79248    19.67443    25.77986     0.60979 (mid-point)
    61.89248    19.76885    25.88074     0.60988   (sampled)
    61.99248    19.86660    25.98358     0.60996 (mid-point)
    62.09248    19.96439    26.08642     0.61004   (sampled)
    62.19248    20.06152    26.18842     0.61012 (mid-point)
    62.29248    20.15831    26.29042     0.61019   (sampled)
    62.39248    20.25477    26.39209     0.61027 (mid-point)
    62.49248    20.35127    26.49375     0.61035   (sampled)
    62.59248    20.44779    26.59587     0.61042 (mid-point)
    62.69248    20.54436    26.69799     0.61050   (sampled)
    62.79248    20.64141    26.79948     0.61057 (mid-point)
    62.89248    20.73849    26.90096     0.61065   (sampled)
    62.99248    20.83466    27.00467     0.61072 (mid-point)
    63.09248    20.93079    27.10838     0.61079   (sampled)
    63.19248    21.02836    27.20897     0.61087 (mid-point)
    63.29248    21.12584    27.30957     0.61094   (sampled)
    63.39248    21.22327    27.41137     0.61101 (mid-point)
    63.49248    21.32010    27.51317     0.61108   (sampled)
    63.59248    21.41737    27.61485     0.61115 (mid-point)
    63.69248    21.51464    27.71653     0.61122   (sampled)
    63.79248    21.61169    27.81854     0.61128 (mid-point)
    63.89248    21.70856    27.92054     0.61135   (sampled)
    63.99248    21.80560    28.02366     0.61142 (mid-point)
    64.09248    21.90229    28.12678     0.61149   (sampled)

 Minimum radius found:      2.221 angstroms.



 For spherical probe approach, The geometric factor
         F= sum(ds/area) along channel is    0.611 angstroms**-1
 This yields a macroscopic predicted molar conductance of:
   (1/rho)*(100/F)= (160/rho) pS,
   where rho is the conductivity of 1M permeant ion in ohm m.
 N.B. this is a macroscopic conductance - an overestimate 
 Empirically corrected conductances currently only available
 With the CAPSULE option (although its not that stable!)
 For 1M KCl rho= 1/12 (ohm m), So Gmacro= 2000 pS/M.
  (TAG      1   Rmin=     2.22090   Gmacro=  1962.43495 Conn_Gmacro=    -1.00000 ).
 HOLE: normal completion
