 *** Program HOLE ***
 
 If results of this run are reported or published, please
 cite the publication listed below.
 For the HOLE program:
   Smart, O.S., Goodfellow, J.M., Wallace, B.A. (1993). 
   The pore dimensions of gramicidin A. 
   Biophys. J., 65, 2455-2460.
 
 Originally written by Oliver Smart at Birkbeck College from April 1992.
 Copyright 1993-2005 Oliver Smart
 Copyright 2014-2015 SmartSci Limited.
 Copyright 2016 Oliver Smart.
 
 For help on HOLE suite see  http://www.holeprogram.org/
 
 HOLE release 2.2.005 (07 August 2016) 
 
 usage subject to Apache License, Version 2.0 
 see http://www.apache.org/licenses/LICENSE-2.0 

 Control variables read:

! Input file for Oliver Smart's HOLE program
! written by MDAnalysis.analysis.hole2.HoleAnalysis
! for a Universe
! u = mda.Universe(host_97.mol2
!    host_97.mol2
!   )
! Frame 0

COORD  /tmp/tmp_lz8zwst.pdb
RADIUS simple2.rad
SPHPDB hole000.sph
SAMPLE 0.200000
ENDRAD 22.000000
IGNORE SOL WAT TIP HOH K   NA  CL
SHORTO 0
RASEED 31415
CPOINT -0.0119619228 -0.0169476248 0.0078047641


 WARNING have not found a CVECT record - will try to guess
 Input pdb filename read as:    '/tmp/tmp_lz8zwst.pdb'
 Input vdW radius file read as: 'simple2.rad'
 point in channel:   -0.012  -0.017   0.008
 channel vector:   ************************
 sampling distance between planes:    0.200

 graphics conditions:
 binary plot output file name: NONE
 Dot density:    10
 Draw dots?           T
 Draw close contacts? F
 Draw centre line?    T
 Produce spikes rather than dots? F
 Seed for random number generator:     31415 (0 means value set by program)
 Radius above which a result is regarded as an 'end':  22.000
 Pdb format file for sphere centres: hole000.sph

 Monte Carlo conditions:
  no of steps:  1000
  maximum displacement   0.100 angs
  'kT' initial   0.100 angs
 The spherebox and capsule options are turned off.
 (No molqpt card so will not write qpt file of the molecule)
 IGNORE card read so will ignore residue types: SOL WAT TIP HOH K   NA  CL
 no SHORTO card read so will produce full textual output
 As no PEGRAT card was found will not produce PEG polymer exclusion graph
 (No 2DMAPS card specified so will not produce 2D property maps)
 Have not found a CUT card.  Normal calculation using
   Cutoff lists with a cutsize=       1.000
   (if you wish to turn off option use a CUT -1 card)

 Have read     7 bond radius records and
              16 vdW radius records.
 From file: simple2.rad

 Have read   210 atom records.
 From file: /tmp/tmp_lz8zwst.pdb
 Will not produce graphical output
 Warning have tried to open file: 'hole000.sph' as NEW but
         this file already exists - old version kept as 'hole000.sph.old'

 Have opened file for pdb format output of sphere centres:  hole000.sph

  Seed integer used by ran # generator on this run      31415

 
 S/R cguess will try to guess CPOINT and/or CVECT
 
 THESE GUESSES MAY WELL BE WRONG!!!!
 Routine relies on having a reasonably symmetric
 channel oriented along x, y or z vector
 YOU ARE STRONGLY ADVISED TO CHECK THE RESULTS
                       WITH MOLECULAR GRAPHICS
 testing points from cpoint in X, Y then Z direction
   point                   pore radius
direction     1
  -5.012  -0.017   0.008     2.457
  -4.012  -0.017   0.008     3.291
  -3.012  -0.017   0.008     4.184
  -2.012  -0.017   0.008     5.111
  -1.012  -0.017   0.008     6.057
  -0.012  -0.017   0.008     6.821
   0.988  -0.017   0.008     6.277
   1.988  -0.017   0.008     5.315
   2.988  -0.017   0.008     4.367
   3.988  -0.017   0.008     3.441
   4.988  -0.017   0.008     2.556
 Average pore radius along the line=      4.534
direction     2
  -0.012  -5.017   0.008     2.350
  -0.012  -4.017   0.008     3.336
  -0.012  -3.017   0.008     4.195
  -0.012  -2.017   0.008     5.098
  -0.012  -1.017   0.008     6.026
  -0.012  -0.017   0.008     6.821
  -0.012   0.983   0.008     5.912
  -0.012   1.983   0.008     4.977
  -0.012   2.983   0.008     4.066
  -0.012   3.983   0.008     3.197
  -0.012   4.983   0.008     2.383
 Average pore radius along the line=      4.396
direction     3
  -0.012  -0.017  -4.992     7.976
  -0.012  -0.017  -3.992     7.562
  -0.012  -0.017  -2.992     7.249
  -0.012  -0.017  -1.992     7.049
  -0.012  -0.017  -0.992     6.889
  -0.012  -0.017   0.008     6.821
  -0.012  -0.017   1.008     6.880
  -0.012  -0.017   2.008     7.064
  -0.012  -0.017   3.008     7.364
  -0.012  -0.017   4.008     7.684
  -0.012  -0.017   5.008     8.070
 Average pore radius along the line=      7.328
 Best direction is found to be     3
(1=X,2=Y,3=Z)
 s/r cguess has produced initial values for cpoint &/or cvect:
CPOINT      -0.0120     -0.0169      0.0078
CVECT        0.0000      0.0000      1.0000
 THESE GUESSES MAY WELL BE WRONG!!!!
 Routine relies on having a reasonably symmetric
 channel oriented along x, y or z vector
 YOU ARE STRONGLY ADVISED TO CHECK THE RESULTS
                       WITH MOLECULAR GRAPHICS
 
 
  Some routines (e.g. conn) need vectors normal to cvect: 
     EAST Zero degrees angle is along vector    1.000   0.000   0.000
     NORTH  90 degrees angle is along vector    0.000  -1.000   0.000
 highest radius point found:
  at point    0.200  -0.010   0.008
  closest atom surface    6.918   H84 97  X    0
  2nd closest surface     6.920   H36 97  X    0
  found on step  982
  this is also current point
  no. of rejections          424
 stored as     0

 highest radius point found:
  at point    0.194  -0.008   0.208
  closest atom surface    6.916   H36 97  X    0
  2nd closest surface     6.916   H84 97  X    0
  found on step  723
 current point:
  at point    0.195  -0.008   0.208
  closest atom surface    6.916   H84 97  X    0
  2nd closest surface     6.916   H36 97  X    0
  found on step  891
  no. of rejections          407
 stored as     1

 highest radius point found:
  at point    0.167  -0.015   0.408
  closest atom surface    6.917   H84 97  X    0
  2nd closest surface     6.918   H36 97  X    0
  found on step  822
 current point:
  at point    0.142  -0.022   0.408
  closest atom surface    6.917   H36 97  X    0
  2nd closest surface     6.918   H84 97  X    0
  found on step  957
  no. of rejections          401
 stored as     2

 highest radius point found:
  at point    0.198  -0.003   0.608
  closest atom surface    6.925   H36 97  X    0
  2nd closest surface     6.926   H84 97  X    0
  found on step  785
 current point:
  at point    0.153  -0.017   0.608
  closest atom surface    6.925   H84 97  X    0
  2nd closest surface     6.925   H36 97  X    0
  found on step  943
  no. of rejections          391
 stored as     3

 highest radius point found:
  at point    0.194  -0.002   0.808
  closest atom surface    6.938   H84 97  X    0
  2nd closest surface     6.938   H36 97  X    0
  found on step   29
 current point:
  at point    0.174  -0.008   0.808
  closest atom surface    6.937   H36 97  X    0
  2nd closest surface     6.938   H84 97  X    0
  found on step  925
  no. of rejections          415
 stored as     4

 highest radius point found:
  at point    0.178  -0.005   1.008
  closest atom surface    6.955   H36 97  X    0
  2nd closest surface     6.955   H84 97  X    0
  found on step  624
 current point:
  at point    0.171  -0.007   1.008
  closest atom surface    6.955   H84 97  X    0
  2nd closest surface     6.955   H36 97  X    0
  found on step  906
  no. of rejections          395
 stored as     5

 highest radius point found:
  at point    0.193   0.001   1.208
  closest atom surface    6.977   H84 97  X    0
  2nd closest surface     6.978   H36 97  X    0
  found on step  491
 current point:
  at point    0.167  -0.006   1.208
  closest atom surface    6.977   H36 97  X    0
  2nd closest surface     6.977   H84 97  X    0
  found on step  887
  no. of rejections          427
 stored as     6

 highest radius point found:
  at point    0.195   0.004   1.408
  closest atom surface    7.005   H84 97  X    0
  2nd closest surface     7.005   H36 97  X    0
  found on step  655
 current point:
  at point    0.152  -0.010   1.408
  closest atom surface    7.003   H84 97  X    0
  2nd closest surface     7.006   H36 97  X    0
  found on step  915
  no. of rejections          401
 stored as     7

 highest radius point found:
  at point    0.145  -0.009   1.608
  closest atom surface    7.036   H36 97  X    0
  2nd closest surface     7.037   H84 97  X    0
  found on step  736
 current point:
  at point    0.108  -0.020   1.608
  closest atom surface    7.036   H84 97  X    0
  2nd closest surface     7.036   H36 97  X    0
  found on step  976
  no. of rejections          382
 stored as     8

 highest radius point found:
  at point    0.191   0.007   1.808
  closest atom surface    7.074   H84 97  X    0
  2nd closest surface     7.075   H36 97  X    0
  found on step  823
 current point:
  at point    0.132  -0.011   1.808
  closest atom surface    7.073   H84 97  X    0
  2nd closest surface     7.074   H36 97  X    0
  found on step  963
  no. of rejections          397
 stored as     9

 highest radius point found:
  at point    0.179   0.006   2.008
  closest atom surface    7.115   H36 97  X    0
  2nd closest surface     7.116   H84 97  X    0
  found on step  310
 current point:
  at point    0.157  -0.001   2.008
  closest atom surface    7.115   H84 97  X    0
  2nd closest surface     7.116   H36 97  X    0
  found on step  950
  no. of rejections          403
 stored as    10

 highest radius point found:
  at point    0.173   0.006   2.208
  closest atom surface    7.162   H36 97  X    0
  2nd closest surface     7.162   H84 97  X    0
  found on step  839
 current point:
  at point    0.152  -0.000   2.208
  closest atom surface    7.162   H36 97  X    0
  2nd closest surface     7.162   H84 97  X    0
  found on step  930
  no. of rejections          408
 stored as    11

 highest radius point found:
  at point    0.169   0.007   2.408
  closest atom surface    7.213   H36 97  X    0
  2nd closest surface     7.213   H84 97  X    0
  found on step  944
  this is also current point
  no. of rejections          401
 stored as    12

 highest radius point found:
  at point    0.167   0.008   2.608
  closest atom surface    7.268   H84 97  X    0
  2nd closest surface     7.269   H36 97  X    0
  found on step  701
 current point:
  at point    0.107  -0.011   2.608
  closest atom surface    7.268   H84 97  X    0
  2nd closest surface     7.268   H36 97  X    0
  found on step  877
  no. of rejections          408
 stored as    13

 highest radius point found:
  at point    0.170   0.011   2.808
  closest atom surface    7.328   H84 97  X    0
  2nd closest surface     7.329   H36 97  X    0
  found on step  626
 current point:
  at point    0.101  -0.011   2.808
  closest atom surface    7.327   H84 97  X    0
  2nd closest surface     7.329   H36 97  X    0
  found on step  907
  no. of rejections          401
 stored as    14

 highest radius point found:
  at point    0.175   0.015   3.008
  closest atom surface    7.393   H84 97  X    0
  2nd closest surface     7.394   H36 97  X    0
  found on step  810
 current point:
  at point    0.089  -0.012   3.008
  closest atom surface    7.392   H84 97  X    0
  2nd closest surface     7.393   H36 97  X    0
  found on step  947
  no. of rejections          388
 stored as    15

 highest radius point found:
  at point    0.110  -0.003   3.208
  closest atom surface    7.461   H36 97  X    0
  2nd closest surface     7.461   H84 97  X    0
  found on step   43
 current point:
  at point    0.131   0.005   3.208
  closest atom surface    7.460   H36 97  X    0
  2nd closest surface     7.462   H84 97  X    0
  found on step  988
  no. of rejections          382
 stored as    16

 highest radius point found:
  at point    0.148   0.011   3.408
  closest atom surface    7.534   H36 97  X    0
  2nd closest surface     7.534   H84 97  X    0
  found on step  964
  this is also current point
  no. of rejections          372
 stored as    17

 highest radius point found:
  at point    0.171   0.021   3.608
  closest atom surface    7.611   H36 97  X    0
  2nd closest surface     7.612   H84 97  X    0
  found on step  557
 current point:
  at point    0.148   0.013   3.608
  closest atom surface    7.611   H84 97  X    0
  2nd closest surface     7.611   H36 97  X    0
  found on step  963
  no. of rejections          375
 stored as    18

 highest radius point found:
  at point    0.155   0.014   3.808
  closest atom surface    7.689   H84 97  X    0
  2nd closest surface     7.689   C23 97  X    0
  found on step  622
 current point:
  at point    0.127   0.005   3.808
  closest atom surface    7.688   C23 97  X    0
  2nd closest surface     7.689   H84 97  X    0
  found on step  890
  no. of rejections          420
 stored as    19

 highest radius point found:
  at point    0.193   0.019   4.008
  closest atom surface    7.767   C23 97  X    0
  2nd closest surface     7.767   H84 97  X    0
  found on step  918
  this is also current point
  no. of rejections          384
 stored as    20

 highest radius point found:
  at point    0.179   0.009   4.208
  closest atom surface    7.848   C23 97  X    0
  2nd closest surface     7.848   H84 97  X    0
  found on step  767
 current point:
  at point    0.204   0.016   4.208
  closest atom surface    7.848   H84 97  X    0
  2nd closest surface     7.849   C23 97  X    0
  found on step  887
  no. of rejections          373
 stored as    21

 highest radius point found:
  at point    0.167  -0.001   4.408
  closest atom surface    7.932   H84 97  X    0
  2nd closest surface     7.933   C23 97  X    0
  found on step  369
 current point:
  at point    0.170   0.000   4.408
  closest atom surface    7.932   C23 97  X    0
  2nd closest surface     7.933   H84 97  X    0
  found on step  938
  no. of rejections          375
 stored as    22

 highest radius point found:
  at point    0.176   0.001   4.608
  closest atom surface    8.016   C23 97  X    0
  2nd closest surface     8.017   C56 97  X    0
  found on step  957
  this is also current point
  no. of rejections          370
 stored as    23

 highest radius point found:
  at point    0.177   0.003   4.808
  closest atom surface    8.100   H97 97  X    0
  2nd closest surface     8.100   H49 97  X    0
  found on step  977
  this is also current point
  no. of rejections          393
 stored as    24

 highest radius point found:
  at point    0.176   0.008   5.008
  closest atom surface    8.179   H49 97  X    0
  2nd closest surface     8.182   H97 97  X    0
  found on step    6
 current point:
  at point    0.176   0.002   5.008
  closest atom surface    8.178   H97 97  X    0
  2nd closest surface     8.183   H49 97  X    0
  found on step  998
  no. of rejections          380
 stored as    25

 highest radius point found:
  at point    0.174   0.008   5.208
  closest atom surface    8.265   H97 97  X    0
  2nd closest surface     8.265   H49 97  X    0
  found on step  979
  this is also current point
  no. of rejections          354
 stored as    26

 highest radius point found:
  at point    0.193   0.033   5.408
  closest atom surface    8.354   H97 97  X    0
  2nd closest surface     8.354   H49 97  X    0
  found on step   26
 current point:
  at point    0.173   0.011   5.408
  closest atom surface    8.353   H97 97  X    0
  2nd closest surface     8.353   H49 97  X    0
  found on step  975
  no. of rejections          375
 stored as    27

 highest radius point found:
  at point    0.202   0.047   5.608
  closest atom surface    8.445   H49 97  X    0
  2nd closest surface     8.446   C23 97  X    0
  found on step  198
 current point:
  at point    0.174   0.018   5.608
  closest atom surface    8.445   H49 97  X    0
  2nd closest surface     8.445   H97 97  X    0
  found on step  983
  no. of rejections          386
 stored as    28

 highest radius point found:
  at point    0.200   0.049   5.808
  closest atom surface    8.540   H49 97  X    0
  2nd closest surface     8.541   H97 97  X    0
  found on step  997
  this is also current point
  no. of rejections          376
 stored as    29

 highest radius point found:
  at point    0.195   0.047   6.008
  closest atom surface    8.638   H97 97  X    0
  2nd closest surface     8.638   H49 97  X    0
  found on step  578
 current point:
  at point    0.095  -0.058   6.008
  closest atom surface    8.636   H97 97  X    0
  2nd closest surface     8.636   H49 97  X    0
  found on step  936
  no. of rejections          364
 stored as    30

 highest radius point found:
  at point    0.194   0.052   6.208
  closest atom surface    8.739   H49 97  X    0
  2nd closest surface     8.740   H97 97  X    0
  found on step  656
 current point:
  at point    0.160   0.015   6.208
  closest atom surface    8.738   H97 97  X    0
  2nd closest surface     8.738   H49 97  X    0
  found on step  975
  no. of rejections          359
 stored as    31

 highest radius point found:
  at point    0.181   0.043   6.408
  closest atom surface    8.843   H49 97  X    0
  2nd closest surface     8.843   H97 97  X    0
  found on step  954
  this is also current point
  no. of rejections          360
 stored as    32

 highest radius point found:
  at point    0.189   0.054   6.608
  closest atom surface    8.950   H97 97  X    0
  2nd closest surface     8.951   H49 97  X    0
  found on step  993
  this is also current point
  no. of rejections          340
 stored as    33

 highest radius point found:
  at point    0.216   0.090   6.808
  closest atom surface    9.060   H49 97  X    0
  2nd closest surface     9.061   C10 97  X    0
  found on step  635
 current point:
  at point    0.114  -0.020   6.808
  closest atom surface    9.058   H97 97  X    0
  2nd closest surface     9.059   H49 97  X    0
  found on step  999
  no. of rejections          363
 stored as    34

 highest radius point found:
  at point    0.200   0.075   7.008
  closest atom surface    9.173   H97 97  X    0
  2nd closest surface     9.173   H49 97  X    0
  found on step  928
  this is also current point
  no. of rejections          356
 stored as    35

 highest radius point found:
  at point    0.211   0.089   7.208
  closest atom surface    9.288   H97 97  X    0
  2nd closest surface     9.290   H49 97  X    0
  found on step   25
 current point:
  at point    0.070  -0.058   7.208
  closest atom surface    9.286   H49 97  X    0
  2nd closest surface     9.286   H97 97  X    0
  found on step  917
  no. of rejections          356
 stored as    36

 highest radius point found:
  at point    0.196   0.081   7.408
  closest atom surface    9.406   H49 97  X    0
  2nd closest surface     9.407   H97 97  X    0
  found on step  423
 current point:
  at point    0.172   0.055   7.408
  closest atom surface    9.406   H49 97  X    0
  2nd closest surface     9.406   H97 97  X    0
  found on step  951
  no. of rejections          341
 stored as    37

 highest radius point found:
  at point    0.188   0.076   7.608
  closest atom surface    9.526   H49 97  X    0
  2nd closest surface     9.527   H97 97  X    0
  found on step  976
  this is also current point
  no. of rejections          393
 stored as    38

 highest radius point found:
  at point    0.192   0.085   7.808
  closest atom surface    9.649   H49 97  X    0
  2nd closest surface     9.650   H97 97  X    0
  found on step  475
 current point:
  at point    0.138   0.028   7.808
  closest atom surface    9.648   H49 97  X    0
  2nd closest surface     9.648   H97 97  X    0
  found on step  906
  no. of rejections          368
 stored as    39

 highest radius point found:
  at point    0.186   0.083   8.008
  closest atom surface    9.774   H49 97  X    0
  2nd closest surface     9.774   H31 97  X    0
  found on step    2
 current point:
  at point    0.072  -0.037   8.008
  closest atom surface    9.772   H49 97  X    0
  2nd closest surface     9.772   H97 97  X    0
  found on step  947
  no. of rejections          342
 stored as    40

 highest radius point found:
  at point    0.170   0.068   8.208
  closest atom surface    9.900   H97 97  X    0
  2nd closest surface     9.902   H49 97  X    0
  found on step  820
 current point:
  at point    0.137   0.035   8.208
  closest atom surface    9.900   H97 97  X    0
  2nd closest surface     9.900   H49 97  X    0
  found on step  911
  no. of rejections          334
 stored as    41

 highest radius point found:
  at point    0.156   0.061   8.408
  closest atom surface   10.030   H49 97  X    0
  2nd closest surface    10.031   H97 97  X    0
  found on step    4
 current point:
  at point    0.117   0.019   8.408
  closest atom surface   10.029   H49 97  X    0
  2nd closest surface    10.030   H97 97  X    0
  found on step  988
  no. of rejections          341
 stored as    42

 highest radius point found:
  at point    0.158   0.067   8.608
  closest atom surface   10.161   H49 97  X    0
  2nd closest surface    10.163   H97 97  X    0
  found on step  700
 current point:
  at point    0.135   0.042   8.608
  closest atom surface   10.161   H49 97  X    0
  2nd closest surface    10.162   H97 97  X    0
  found on step  984
  no. of rejections          346
 stored as    43

 highest radius point found:
  at point    0.150   0.062   8.808
  closest atom surface   10.295   H49 97  X    0
  2nd closest surface    10.295   H97 97  X    0
  found on step  993
  this is also current point
  no. of rejections          350
 stored as    44

 highest radius point found:
  at point    0.136   0.052   9.008
  closest atom surface   10.430   H97 97  X    0
  2nd closest surface    10.431   H49 97  X    0
  found on step  998
  this is also current point
  no. of rejections          319
 stored as    45

 highest radius point found:
  at point    0.132   0.051   9.208
  closest atom surface   10.567   H97 97  X    0
  2nd closest surface    10.568   H49 97  X    0
  found on step  998
  this is also current point
  no. of rejections          348
 stored as    46

 highest radius point found:
  at point    0.128   0.052   9.408
  closest atom surface   10.707   H97 97  X    0
  2nd closest surface    10.707   H49 97  X    0
  found on step  792
 current point:
  at point    0.103   0.027   9.408
  closest atom surface   10.706   H49 97  X    0
  2nd closest surface    10.707   H97 97  X    0
  found on step  952
  no. of rejections          340
 stored as    47

 highest radius point found:
  at point    0.117   0.046   9.608
  closest atom surface   10.847   H49 97  X    0
  2nd closest surface    10.848   H97 97  X    0
  found on step  987
  this is also current point
  no. of rejections          326
 stored as    48

 highest radius point found:
  at point    0.102   0.033   9.808
  closest atom surface   10.990   H97 97  X    0
  2nd closest surface    10.990   H49 97  X    0
  found on step  758
 current point:
  at point    0.097   0.028   9.808
  closest atom surface   10.990   H97 97  X    0
  2nd closest surface    10.990   H49 97  X    0
  found on step  996
  no. of rejections          350
 stored as    49

 highest radius point found:
  at point    0.094   0.029  10.008
  closest atom surface   11.134   H97 97  X    0
  2nd closest surface    11.134   H49 97  X    0
  found on step  819
 current point:
  at point    0.091   0.026  10.008
  closest atom surface   11.134   H97 97  X    0
  2nd closest surface    11.134   H49 97  X    0
  found on step  999
  no. of rejections          357
 stored as    50

 highest radius point found:
  at point    0.099   0.038  10.208
  closest atom surface   11.279   H31 97  X    0
  2nd closest surface    11.280   H97 97  X    0
  found on step  927
  this is also current point
  no. of rejections          339
 stored as    51

 highest radius point found:
  at point    0.090   0.035  10.408
  closest atom surface   11.426   H31 97  X    0
  2nd closest surface    11.427   H49 97  X    0
  found on step  963
  this is also current point
  no. of rejections          351
 stored as    52

 highest radius point found:
  at point    0.089   0.034  10.608
  closest atom surface   11.570   H82 97  X    0
  2nd closest surface    11.571   H31 97  X    0
  found on step  416
 current point:
  at point    0.096   0.033  10.608
  closest atom surface   11.570   H97 97  X    0
  2nd closest surface    11.571   H82 97  X    0
  found on step  933
  no. of rejections          341
 stored as    53

 highest radius point found:
  at point    0.093   0.035  10.808
  closest atom surface   11.717   H31 97  X    0
  2nd closest surface    11.717   H82 97  X    0
  found on step  920
  this is also current point
  no. of rejections          353
 stored as    54

 highest radius point found:
  at point    0.093   0.035  11.008
  closest atom surface   11.864   H82 97  X    0
  2nd closest surface    11.864   H31 97  X    0
  found on step    1
 current point:
  at point    0.079   0.038  11.008
  closest atom surface   11.864   H31 97  X    0
  2nd closest surface    11.864   H82 97  X    0
  found on step  922
  no. of rejections          331
 stored as    55

 highest radius point found:
  at point    0.098   0.034  11.208
  closest atom surface   12.013   H31 97  X    0
  2nd closest surface    12.013   H82 97  X    0
  found on step  834
 current point:
  at point    0.081   0.037  11.208
  closest atom surface   12.012   H82 97  X    0
  2nd closest surface    12.014   H31 97  X    0
  found on step  998
  no. of rejections          322
 stored as    56

 highest radius point found:
  at point    0.098   0.034  11.408
  closest atom surface   12.163   H82 97  X    0
  2nd closest surface    12.163   H31 97  X    0
  found on step    1
 current point:
  at point    0.052   0.045  11.408
  closest atom surface   12.163   H82 97  X    0
  2nd closest surface    12.163   H31 97  X    0
  found on step  979
  no. of rejections          345
 stored as    57

 highest radius point found:
  at point    0.111   0.032  11.608
  closest atom surface   12.314   H31 97  X    0
  2nd closest surface    12.315   H82 97  X    0
  found on step  851
 current point:
  at point    0.078   0.038  11.608
  closest atom surface   12.314   H82 97  X    0
  2nd closest surface    12.315   H31 97  X    0
  found on step  966
  no. of rejections          315
 stored as    58

 highest radius point found:
  at point    0.111   0.032  11.808
  closest atom surface   12.467   H31 97  X    0
  2nd closest surface    12.467   H82 97  X    0
  found on step    1
 current point:
  at point    0.064   0.042  11.808
  closest atom surface   12.466   H82 97  X    0
  2nd closest surface    12.468   H31 97  X    0
  found on step  999
  no. of rejections          312
 stored as    59

 highest radius point found:
  at point    0.111   0.032  12.008
  closest atom surface   12.621   H82 97  X    0
  2nd closest surface    12.621   H31 97  X    0
  found on step    1
 current point:
  at point    0.114   0.030  12.008
  closest atom surface   12.620   H82 97  X    0
  2nd closest surface    12.622   H31 97  X    0
  found on step  958
  no. of rejections          329
 stored as    60

 highest radius point found:
  at point    0.111   0.032  12.208
  closest atom surface   12.776   H31 97  X    0
  2nd closest surface    12.777   H82 97  X    0
  found on step  963
  this is also current point
  no. of rejections          309
 stored as    61

 highest radius point found:
  at point    0.111   0.032  12.408
  closest atom surface   12.933   H82 97  X    0
  2nd closest surface    12.933   H31 97  X    0
  found on step    1
 current point:
  at point   -0.007   0.062  12.408
  closest atom surface   12.932   H31 97  X    0
  2nd closest surface    12.933   H82 97  X    0
  found on step  911
  no. of rejections          339
 stored as    62

 highest radius point found:
  at point    0.111   0.032  12.608
  closest atom surface   13.090   H82 97  X    0
  2nd closest surface    13.090   H31 97  X    0
  found on step    1
 current point:
  at point    0.046   0.050  12.608
  closest atom surface   13.089   H31 97  X    0
  2nd closest surface    13.090   H82 97  X    0
  found on step  900
  no. of rejections          306
 stored as    63

 highest radius point found:
  at point    0.082   0.040  12.808
  closest atom surface   13.248   H82 97  X    0
  2nd closest surface    13.248   H31 97  X    0
  found on step  691
 current point:
  at point    0.117   0.032  12.808
  closest atom surface   13.248   H31 97  X    0
  2nd closest surface    13.249   H82 97  X    0
  found on step  995
  no. of rejections          319
 stored as    64

 highest radius point found:
  at point    0.082   0.040  13.008
  closest atom surface   13.407   H82 97  X    0
  2nd closest surface    13.408   H31 97  X    0
  found on step    1
 current point:
  at point    0.015   0.058  13.008
  closest atom surface   13.407   H31 97  X    0
  2nd closest surface    13.408   H82 97  X    0
  found on step  891
  no. of rejections          317
 stored as    65

 highest radius point found:
  at point    0.133   0.029  13.208
  closest atom surface   13.568   H31 97  X    0
  2nd closest surface    13.569   H82 97  X    0
  found on step  778
 current point:
  at point   -0.005   0.062  13.208
  closest atom surface   13.568   H31 97  X    0
  2nd closest surface    13.568   H82 97  X    0
  found on step  898
  no. of rejections          298
 stored as    66

 highest radius point found:
  at point    0.133   0.029  13.408
  closest atom surface   13.730   H31 97  X    0
  2nd closest surface    13.730   H82 97  X    0
  found on step    1
 current point:
  at point    0.136   0.028  13.408
  closest atom surface   13.730   H31 97  X    0
  2nd closest surface    13.730   H82 97  X    0
  found on step  918
  no. of rejections          317
 stored as    67

 highest radius point found:
  at point    0.133   0.029  13.608
  closest atom surface   13.892   H82 97  X    0
  2nd closest surface    13.892   H31 97  X    0
  found on step    1
 current point:
  at point   -0.067   0.078  13.608
  closest atom surface   13.892   H31 97  X    0
  2nd closest surface    13.892   H82 97  X    0
  found on step  934
  no. of rejections          300
 stored as    68

 highest radius point found:
  at point    0.133   0.029  13.808
  closest atom surface   14.055   H82 97  X    0
  2nd closest surface    14.056   H31 97  X    0
  found on step    1
 current point:
  at point   -0.035   0.071  13.808
  closest atom surface   14.055   H31 97  X    0
  2nd closest surface    14.055   H82 97  X    0
  found on step  987
  no. of rejections          295
 stored as    69

 highest radius point found:
  at point    0.150   0.025  14.008
  closest atom surface   14.220   H31 97  X    0
  2nd closest surface    14.220   H82 97  X    0
  found on step  688
 current point:
  at point   -0.063   0.077  14.008
  closest atom surface   14.219   H82 97  X    0
  2nd closest surface    14.220   H31 97  X    0
  found on step  988
  no. of rejections          342
 stored as    70

 highest radius point found:
  at point    0.150   0.025  14.208
  closest atom surface   14.385   H82 97  X    0
  2nd closest surface    14.385   H31 97  X    0
  found on step    1
 current point:
  at point    0.057   0.049  14.208
  closest atom surface   14.384   H31 97  X    0
  2nd closest surface    14.385   H82 97  X    0
  found on step  901
  no. of rejections          315
 stored as    71

 highest radius point found:
  at point    0.150   0.025  14.408
  closest atom surface   14.551   H82 97  X    0
  2nd closest surface    14.551   H31 97  X    0
  found on step    1
 current point:
  at point   -0.063   0.078  14.408
  closest atom surface   14.550   H31 97  X    0
  2nd closest surface    14.550   H82 97  X    0
  found on step  969
  no. of rejections          319
 stored as    72

 highest radius point found:
  at point    0.149   0.027  14.608
  closest atom surface   14.717   H31 97  X    0
  2nd closest surface    14.718   H82 97  X    0
  found on step  902
  this is also current point
  no. of rejections          308
 stored as    73

 highest radius point found:
  at point    0.149   0.027  14.808
  closest atom surface   14.885   H82 97  X    0
  2nd closest surface    14.885   H31 97  X    0
  found on step    1
 current point:
  at point    0.156   0.025  14.808
  closest atom surface   14.885   H82 97  X    0
  2nd closest surface    14.885   H31 97  X    0
  found on step  898
  no. of rejections          314
 stored as    74

 highest radius point found:
  at point    0.176   0.020  15.008
  closest atom surface   15.053   H82 97  X    0
  2nd closest surface    15.054   H31 97  X    0
  found on step  992
  this is also current point
  no. of rejections          297
 stored as    75

 highest radius point found:
  at point    0.176   0.020  15.208
  closest atom surface   15.222   H82 97  X    0
  2nd closest surface    15.223   H31 97  X    0
  found on step    1
 current point:
  at point    0.032   0.055  15.208
  closest atom surface   15.221   H82 97  X    0
  2nd closest surface    15.222   H31 97  X    0
  found on step  916
  no. of rejections          319
 stored as    76

 highest radius point found:
  at point    0.167   0.023  15.408
  closest atom surface   15.392   H31 97  X    0
  2nd closest surface    15.392   H82 97  X    0
  found on step  820
 current point:
  at point    0.155   0.026  15.408
  closest atom surface   15.391   H31 97  X    0
  2nd closest surface    15.391   H82 97  X    0
  found on step  986
  no. of rejections          294
 stored as    77

 highest radius point found:
  at point    0.167   0.023  15.608
  closest atom surface   15.562   H82 97  X    0
  2nd closest surface    15.562   H31 97  X    0
  found on step    1
 current point:
  at point    0.068   0.047  15.608
  closest atom surface   15.561   H82 97  X    0
  2nd closest surface    15.561   H31 97  X    0
  found on step  934
  no. of rejections          301
 stored as    78

 highest radius point found:
  at point    0.170   0.023  15.808
  closest atom surface   15.733   H82 97  X    0
  2nd closest surface    15.733   H31 97  X    0
  found on step  703
 current point:
  at point    0.094   0.041  15.808
  closest atom surface   15.732   H82 97  X    0
  2nd closest surface    15.732   H31 97  X    0
  found on step  905
  no. of rejections          283
 stored as    79

 highest radius point found:
  at point    0.170   0.023  16.008
  closest atom surface   15.904   H82 97  X    0
  2nd closest surface    15.904   H31 97  X    0
  found on step    1
 current point:
  at point    0.011   0.063  16.008
  closest atom surface   15.903   H31 97  X    0
  2nd closest surface    15.904   H82 97  X    0
  found on step  888
  no. of rejections          281
 stored as    80

 highest radius point found:
  at point    0.205   0.016  16.208
  closest atom surface   16.076   H31 97  X    0
  2nd closest surface    16.077   H82 97  X    0
  found on step  825
 current point:
  at point    0.129   0.033  16.208
  closest atom surface   16.076   H82 97  X    0
  2nd closest surface    16.076   H31 97  X    0
  found on step  949
  no. of rejections          284
 stored as    81

 highest radius point found:
  at point    0.205   0.016  16.408
  closest atom surface   16.249   H31 97  X    0
  2nd closest surface    16.250   H82 97  X    0
  found on step    1
 current point:
  at point    0.096   0.042  16.408
  closest atom surface   16.248   H82 97  X    0
  2nd closest surface    16.249   H31 97  X    0
  found on step  910
  no. of rejections          282
 stored as    82

 highest radius point found:
  at point    0.205   0.016  16.608
  closest atom surface   16.423   H31 97  X    0
  2nd closest surface    16.423   H82 97  X    0
  found on step    1
 current point:
  at point   -0.021   0.071  16.608
  closest atom surface   16.422   H31 97  X    0
  2nd closest surface    16.422   H82 97  X    0
  found on step  999
  no. of rejections          273
 stored as    83

 highest radius point found:
  at point    0.205   0.016  16.808
  closest atom surface   16.597   H82 97  X    0
  2nd closest surface    16.597   H31 97  X    0
  found on step    1
 current point:
  at point   -0.058   0.081  16.808
  closest atom surface   16.596   H31 97  X    0
  2nd closest surface    16.596   H82 97  X    0
  found on step  995
  no. of rejections          283
 stored as    84

 highest radius point found:
  at point    0.194   0.019  17.008
  closest atom surface   16.771   H82 97  X    0
  2nd closest surface    16.771   H31 97  X    0
  found on step  986
  this is also current point
  no. of rejections          277
 stored as    85

 highest radius point found:
  at point    0.194   0.019  17.208
  closest atom surface   16.946   H82 97  X    0
  2nd closest surface    16.946   H31 97  X    0
  found on step    1
 current point:
  at point   -0.043   0.078  17.208
  closest atom surface   16.945   H31 97  X    0
  2nd closest surface    16.946   H82 97  X    0
  found on step  980
  no. of rejections          281
 stored as    86

 highest radius point found:
  at point    0.200   0.019  17.408
  closest atom surface   17.121   H31 97  X    0
  2nd closest surface    17.122   H82 97  X    0
  found on step  868
 current point:
  at point    0.187   0.022  17.408
  closest atom surface   17.121   H31 97  X    0
  2nd closest surface    17.122   H82 97  X    0
  found on step  990
  no. of rejections          290
 stored as    87

 highest radius point found:
  at point    0.200   0.019  17.608
  closest atom surface   17.298   H31 97  X    0
  2nd closest surface    17.298   H82 97  X    0
  found on step    1
 current point:
  at point    0.012   0.065  17.608
  closest atom surface   17.297   H82 97  X    0
  2nd closest surface    17.297   H31 97  X    0
  found on step  882
  no. of rejections          294
 stored as    88

 highest radius point found:
  at point    0.237   0.010  17.808
  closest atom surface   17.474   H31 97  X    0
  2nd closest surface    17.475   H82 97  X    0
  found on step  953
  this is also current point
  no. of rejections          270
 stored as    89

 highest radius point found:
  at point    0.237   0.010  18.008
  closest atom surface   17.652   H31 97  X    0
  2nd closest surface    17.652   H82 97  X    0
  found on step    1
 current point:
  at point    0.006   0.065  18.008
  closest atom surface   17.649   H82 97  X    0
  2nd closest surface    17.651   H31 97  X    0
  found on step  968
  no. of rejections          274
 stored as    90

 highest radius point found:
  at point    0.237   0.010  18.208
  closest atom surface   17.829   H82 97  X    0
  2nd closest surface    17.829   H31 97  X    0
  found on step    1
 current point:
  at point    0.233   0.013  18.208
  closest atom surface   17.828   H31 97  X    0
  2nd closest surface    17.830   H82 97  X    0
  found on step  982
  no. of rejections          291
 stored as    91

 highest radius point found:
  at point    0.237   0.010  18.408
  closest atom surface   18.007   H82 97  X    0
  2nd closest surface    18.007   H31 97  X    0
  found on step    1
 current point:
  at point   -0.013   0.072  18.408
  closest atom surface   18.005   H31 97  X    0
  2nd closest surface    18.005   H82 97  X    0
  found on step  936
  no. of rejections          275
 stored as    92

 highest radius point found:
  at point    0.237   0.010  18.608
  closest atom surface   18.185   H82 97  X    0
  2nd closest surface    18.186   H31 97  X    0
  found on step    1
 current point:
  at point    0.200   0.020  18.608
  closest atom surface   18.184   H82 97  X    0
  2nd closest surface    18.185   H31 97  X    0
  found on step  987
  no. of rejections          297
 stored as    93

 highest radius point found:
  at point    0.249   0.008  18.808
  closest atom surface   18.364   H82 97  X    0
  2nd closest surface    18.364   H31 97  X    0
  found on step  801
 current point:
  at point    0.225   0.014  18.808
  closest atom surface   18.364   H31 97  X    0
  2nd closest surface    18.364   H82 97  X    0
  found on step  941
  no. of rejections          269
 stored as    94

 highest radius point found:
  at point    0.249   0.008  19.008
  closest atom surface   18.543   H82 97  X    0
  2nd closest surface    18.543   H31 97  X    0
  found on step    1
 current point:
  at point    0.101   0.045  19.008
  closest atom surface   18.542   H82 97  X    0
  2nd closest surface    18.542   H31 97  X    0
  found on step  952
  no. of rejections          277
 stored as    95

 highest radius point found:
  at point    0.249   0.008  19.208
  closest atom surface   18.722   H82 97  X    0
  2nd closest surface    18.723   C63 97  X    0
  found on step    1
 current point:
  at point    0.097   0.046  19.208
  closest atom surface   18.721   H31 97  X    0
  2nd closest surface    18.721   H82 97  X    0
  found on step  987
  no. of rejections          287
 stored as    96

 highest radius point found:
  at point    0.244   0.014  19.408
  closest atom surface   18.901   H31 97  X    0
  2nd closest surface    18.904   H82 97  X    0
  found on step  803
 current point:
  at point    0.015   0.067  19.408
  closest atom surface   18.901   H82 97  X    0
  2nd closest surface    18.901   H31 97  X    0
  found on step  895
  no. of rejections          270
 stored as    97

 highest radius point found:
  at point    0.218   0.017  19.608
  closest atom surface   19.082   H82 97  X    0
  2nd closest surface    19.083   H31 97  X    0
  found on step  846
 current point:
  at point    0.094   0.048  19.608
  closest atom surface   19.082   H31 97  X    0
  2nd closest surface    19.082   H82 97  X    0
  found on step  917
  no. of rejections          274
 stored as    98

 highest radius point found:
  at point    0.232   0.014  19.808
  closest atom surface   19.263   H82 97  X    0
  2nd closest surface    19.263   H31 97  X    0
  found on step  901
  this is also current point
  no. of rejections          273
 stored as    99

 highest radius point found:
  at point    0.233   0.014  20.008
  closest atom surface   19.444   H31 97  X    0
  2nd closest surface    19.445   H82 97  X    0
  found on step  136
 current point:
  at point    0.183   0.026  20.008
  closest atom surface   19.444   H82 97  X    0
  2nd closest surface    19.444   H31 97  X    0
  found on step  947
  no. of rejections          259
 stored as   100

 highest radius point found:
  at point    0.212   0.021  20.208
  closest atom surface   19.625   H31 97  X    0
  2nd closest surface    19.626   H82 97  X    0
  found on step  867
 current point:
  at point    0.197   0.024  20.208
  closest atom surface   19.625   H31 97  X    0
  2nd closest surface    19.626   H82 97  X    0
  found on step  944
  no. of rejections          271
 stored as   101

 highest radius point found:
  at point    0.206   0.021  20.408
  closest atom surface   19.807   H31 97  X    0
  2nd closest surface    19.807   H82 97  X    0
  found on step  902
  this is also current point
  no. of rejections          278
 stored as   102

 highest radius point found:
  at point    0.205   0.022  20.608
  closest atom surface   19.989   H31 97  X    0
  2nd closest surface    19.989   H82 97  X    0
  found on step  990
  this is also current point
  no. of rejections          266
 stored as   103

 highest radius point found:
  at point    0.205   0.022  20.808
  closest atom surface   20.172   H82 97  X    0
  2nd closest surface    20.172   H31 97  X    0
  found on step    1
 current point:
  at point    0.002   0.072  20.808
  closest atom surface   20.171   H82 97  X    0
  2nd closest surface    20.171   H31 97  X    0
  found on step  908
  no. of rejections          253
 stored as   104

 highest radius point found:
  at point    0.205   0.022  21.008
  closest atom surface   20.354   H82 97  X    0
  2nd closest surface    20.355   H31 97  X    0
  found on step    1
 current point:
  at point    0.182   0.028  21.008
  closest atom surface   20.354   H82 97  X    0
  2nd closest surface    20.354   H31 97  X    0
  found on step  965
  no. of rejections          285
 stored as   105

 highest radius point found:
  at point    0.205   0.022  21.208
  closest atom surface   20.537   H82 97  X    0
  2nd closest surface    20.538   H31 97  X    0
  found on step    1
 current point:
  at point   -0.024   0.079  21.208
  closest atom surface   20.536   H31 97  X    0
  2nd closest surface    20.537   H82 97  X    0
  found on step  941
  no. of rejections          257
 stored as   106

 highest radius point found:
  at point    0.180   0.029  21.408
  closest atom surface   20.721   H31 97  X    0
  2nd closest surface    20.721   H82 97  X    0
  found on step  824
 current point:
  at point    0.037   0.064  21.408
  closest atom surface   20.720   H82 97  X    0
  2nd closest surface    20.720   H31 97  X    0
  found on step  986
  no. of rejections          268
 stored as   107

 highest radius point found:
  at point    0.180   0.029  21.608
  closest atom surface   20.904   H82 97  X    0
  2nd closest surface    20.904   H31 97  X    0
  found on step    1
 current point:
  at point    0.202   0.022  21.608
  closest atom surface   20.904   H82 97  X    0
  2nd closest surface    20.904   C63 97  X    0
  found on step  947
  no. of rejections          248
 stored as   108

 highest radius point found:
  at point    0.180   0.029  21.808
  closest atom surface   21.088   H82 97  X    0
  2nd closest surface    21.088   H31 97  X    0
  found on step    1
 current point:
  at point    0.148   0.038  21.808
  closest atom surface   21.088   H82 97  X    0
  2nd closest surface    21.088   H31 97  X    0
  found on step  968
  no. of rejections          265
 stored as   109

 highest radius point found:
  at point    0.180   0.029  22.008
  closest atom surface   21.272   H82 97  X    0
  2nd closest surface    21.273   H31 97  X    0
  found on step    1
 current point:
  at point    0.081   0.054  22.008
  closest atom surface   21.272   H82 97  X    0
  2nd closest surface    21.272   H31 97  X    0
  found on step  907
  no. of rejections          276
 stored as   110

 highest radius point found:
  at point    0.163   0.035  22.208
  closest atom surface   21.457   H31 97  X    0
  2nd closest surface    21.457   H82 97  X    0
  found on step  907
  this is also current point
  no. of rejections          241
 stored as   111

 highest radius point found:
  at point    0.163   0.035  22.408
  closest atom surface   21.641   H82 97  X    0
  2nd closest surface    21.641   H31 97  X    0
  found on step    1
 current point:
  at point    0.081   0.055  22.408
  closest atom surface   21.641   H31 97  X    0
  2nd closest surface    21.641   H82 97  X    0
  found on step  989
  no. of rejections          272
 stored as   112

 highest radius point found:
  at point    0.163   0.035  22.608
  closest atom surface   21.826   H82 97  X    0
  2nd closest surface    21.826   H31 97  X    0
  found on step    1
 current point:
  at point   -0.020   0.080  22.608
  closest atom surface   21.826   H31 97  X    0
  2nd closest surface    21.826   H82 97  X    0
  found on step  957
  no. of rejections          261
 stored as   113

 highest radius point found:
  at point    0.150   0.039  22.808
  closest atom surface   22.011   H82 97  X    0
  2nd closest surface    22.012   H31 97  X    0
  found on step   89
 current point:
  at point    0.094   0.053  22.808
  closest atom surface   22.011   H31 97  X    0
  2nd closest surface    22.011   H82 97  X    0
  found on step  960
  no. of rejections          260
 This is an end! (radius above  22.0 angs)
 highest radius point found:
  at point    0.195  -0.012  -0.192
  closest atom surface    6.926   H84 97  X    0
  2nd closest surface     6.927   H36 97  X    0
  found on step   96
 current point:
  at point    0.188  -0.015  -0.192
  closest atom surface    6.926   H84 97  X    0
  2nd closest surface     6.927   H36 97  X    0
  found on step  953
  no. of rejections          388
 stored as    -1

 highest radius point found:
  at point    0.196  -0.014  -0.392
  closest atom surface    6.939   H84 97  X    0
  2nd closest surface     6.939   H36 97  X    0
  found on step  446
 current point:
  at point    0.168  -0.023  -0.392
  closest atom surface    6.939   H36 97  X    0
  2nd closest surface     6.939   H84 97  X    0
  found on step  977
  no. of rejections          406
 stored as    -2

 highest radius point found:
  at point    0.197  -0.016  -0.592
  closest atom surface    6.957   H84 97  X    0
  2nd closest surface     6.957   H36 97  X    0
  found on step  513
 current point:
  at point    0.183  -0.020  -0.592
  closest atom surface    6.957   H84 97  X    0
  2nd closest surface     6.957   H36 97  X    0
  found on step  947
  no. of rejections          414
 stored as    -3

 highest radius point found:
  at point    0.214  -0.012  -0.792
  closest atom surface    6.980   H36 97  X    0
  2nd closest surface     6.981   H84 97  X    0
  found on step  983
  this is also current point
  no. of rejections          384
 stored as    -4

 highest radius point found:
  at point    0.209  -0.016  -0.992
  closest atom surface    7.008   H36 97  X    0
  2nd closest surface     7.008   H84 97  X    0
  found on step  887
 current point:
  at point    0.208  -0.016  -0.992
  closest atom surface    7.008   H36 97  X    0
  2nd closest surface     7.008   H84 97  X    0
  found on step  902
  no. of rejections          411
 stored as    -5

 highest radius point found:
  at point    0.204  -0.020  -1.192
  closest atom surface    7.040   H84 97  X    0
  2nd closest surface     7.040   H36 97  X    0
  found on step  858
 current point:
  at point    0.184  -0.026  -1.192
  closest atom surface    7.040   H36 97  X    0
  2nd closest surface     7.040   H84 97  X    0
  found on step  999
  no. of rejections          435
 stored as    -6

 highest radius point found:
  at point    0.192  -0.026  -1.392
  closest atom surface    7.078   H36 97  X    0
  2nd closest surface     7.078   H84 97  X    0
  found on step  990
  this is also current point
  no. of rejections          409
 stored as    -7

 highest radius point found:
  at point    0.181  -0.024  -1.592
  closest atom surface    7.113   H36 97  X    0
  2nd closest surface     7.115   H14 97  X    0
  found on step  807
 current point:
  at point    0.187  -0.030  -1.592
  closest atom surface    7.111   H14 97  X    0
  2nd closest surface     7.115   H69 97  X    0
  found on step  983
  no. of rejections          417
 stored as    -8

 highest radius point found:
  at point    0.167  -0.022  -1.792
  closest atom surface    7.150   H69 97  X    0
  2nd closest surface     7.151   H14 97  X    0
  found on step  879
  this is also current point
  no. of rejections          431
 stored as    -9

 highest radius point found:
  at point    0.154  -0.021  -1.992
  closest atom surface    7.189   H69 97  X    0
  2nd closest surface     7.190   H14 97  X    0
  found on step  921
  this is also current point
  no. of rejections          396
 stored as   -10

 highest radius point found:
  at point    0.146  -0.027  -2.192
  closest atom surface    7.232   H69 97  X    0
  2nd closest surface     7.232   H14 97  X    0
  found on step  218
 current point:
  at point    0.147  -0.023  -2.192
  closest atom surface    7.230   H14 97  X    0
  2nd closest surface     7.233   H52 97  X    0
  found on step  986
  no. of rejections          389
 stored as   -11

 highest radius point found:
  at point    0.146  -0.048  -2.392
  closest atom surface    7.273   H52 97  X    0
  2nd closest surface     7.274   H69 97  X    0
  found on step  911
  this is also current point
  no. of rejections          415
 stored as   -12

 highest radius point found:
  at point    0.151  -0.075  -2.592
  closest atom surface    7.319   H14 97  X    0
  2nd closest surface     7.320   H69 97  X    0
  found on step  542
 current point:
  at point    0.149  -0.074  -2.592
  closest atom surface    7.319   H69 97  X    0
  2nd closest surface     7.321   H14 97  X    0
  found on step  996
  no. of rejections          379
 stored as   -13

 highest radius point found:
  at point    0.150  -0.095  -2.792
  closest atom surface    7.371   H69 97  X    0
  2nd closest surface     7.371   H52 97  X    0
  found on step  198
 current point:
  at point    0.150  -0.090  -2.792
  closest atom surface    7.370   H14 97  X    0
  2nd closest surface     7.370   H52 97  X    0
  found on step  957
  no. of rejections          402
 stored as   -14

 highest radius point found:
  at point    0.152  -0.117  -2.992
  closest atom surface    7.427   H14 97  X    0
  2nd closest surface     7.427   H52 97  X    0
  found on step  958
  this is also current point
  no. of rejections          410
 stored as   -15

 highest radius point found:
  at point    0.152  -0.141  -3.192
  closest atom surface    7.485   H52 97  X    0
  2nd closest surface     7.486   H69 97  X    0
  found on step  941
  this is also current point
  no. of rejections          378
 stored as   -16

 highest radius point found:
  at point    0.156  -0.162  -3.392
  closest atom surface    7.551   H14 97  X    0
  2nd closest surface     7.551   H52 97  X    0
  found on step  952
  this is also current point
  no. of rejections          390
 stored as   -17

 highest radius point found:
  at point    0.159  -0.192  -3.592
  closest atom surface    7.618   H69 97  X    0
  2nd closest surface     7.620   H14 97  X    0
  found on step  978
  this is also current point
  no. of rejections          384
 stored as   -18

 highest radius point found:
  at point    0.159  -0.200  -3.792
  closest atom surface    7.690   H14 97  X    0
  2nd closest surface     7.690   H52 97  X    0
  found on step  988
  this is also current point
  no. of rejections          383
 stored as   -19

 highest radius point found:
  at point    0.162  -0.236  -3.992
  closest atom surface    7.769   H69 97  X    0
  2nd closest surface     7.769   H14 97  X    0
  found on step  996
  this is also current point
  no. of rejections          382
 stored as   -20

 highest radius point found:
  at point    0.163  -0.258  -4.192
  closest atom surface    7.849   H69 97  X    0
  2nd closest surface     7.850   H14 97  X    0
  found on step  757
 current point:
  at point    0.162  -0.251  -4.192
  closest atom surface    7.848   H52 97  X    0
  2nd closest surface     7.850   H14 97  X    0
  found on step  988
  no. of rejections          375
 stored as   -21

 highest radius point found:
  at point    0.163  -0.281  -4.392
  closest atom surface    7.932   H69 97  X    0
  2nd closest surface     7.933   H52 97  X    0
  found on step  617
 current point:
  at point    0.165  -0.284  -4.392
  closest atom surface    7.932   H69 97  X    0
  2nd closest surface     7.935   H14 97  X    0
  found on step  944
  no. of rejections          378
 stored as   -22

 highest radius point found:
  at point    0.168  -0.306  -4.592
  closest atom surface    8.022   H69 97  X    0
  2nd closest surface     8.022   H14 97  X    0
  found on step  913
  this is also current point
  no. of rejections          367
 stored as   -23

 highest radius point found:
  at point    0.168  -0.325  -4.792
  closest atom surface    8.114   H52 97  X    0
  2nd closest surface     8.114   H14 97  X    0
  found on step  904
  this is also current point
  no. of rejections          390
 stored as   -24

 highest radius point found:
  at point    0.170  -0.349  -4.992
  closest atom surface    8.209   H69 97  X    0
  2nd closest surface     8.209   H52 97  X    0
  found on step  978
  this is also current point
  no. of rejections          372
 stored as   -25

 highest radius point found:
  at point    0.170  -0.370  -5.192
  closest atom surface    8.306   H52 97  X    0
  2nd closest surface     8.309   H69 97  X    0
  found on step  880
  this is also current point
  no. of rejections          368
 stored as   -26

 highest radius point found:
  at point    0.174  -0.398  -5.392
  closest atom surface    8.409   H69 97  X    0
  2nd closest surface     8.410   H14 97  X    0
  found on step  211
 current point:
  at point    0.171  -0.378  -5.392
  closest atom surface    8.404   H52 97  X    0
  2nd closest surface     8.407   H14 97  X    0
  found on step  920
  no. of rejections          377
 stored as   -27

 highest radius point found:
  at point    0.174  -0.418  -5.592
  closest atom surface    8.514   H52 97  X    0
  2nd closest surface     8.515   H69 97  X    0
  found on step  226
 current point:
  at point    0.175  -0.415  -5.592
  closest atom surface    8.514   H52 97  X    0
  2nd closest surface     8.514   H14 97  X    0
  found on step  935
  no. of rejections          387
 stored as   -28

 highest radius point found:
  at point    0.179  -0.443  -5.792
  closest atom surface    8.623   H14 97  X    0
  2nd closest surface     8.623   H69 97  X    0
  found on step  996
  this is also current point
  no. of rejections          390
 stored as   -29

 highest radius point found:
  at point    0.177  -0.464  -5.992
  closest atom surface    8.733   H52 97  X    0
  2nd closest surface     8.734   H69 97  X    0
  found on step    2
 current point:
  at point    0.195  -0.486  -5.992
  closest atom surface    8.728   H14 97  X    0
  2nd closest surface     8.732   H69 97  X    0
  found on step  987
  no. of rejections          344
 stored as   -30

 highest radius point found:
  at point    0.182  -0.489  -6.192
  closest atom surface    8.848   H14 97  X    0
  2nd closest surface     8.848   H69 97  X    0
  found on step  990
  this is also current point
  no. of rejections          359
 stored as   -31

 highest radius point found:
  at point    0.181  -0.512  -6.392
  closest atom surface    8.964   H69 97  X    0
  2nd closest surface     8.964   H52 97  X    0
  found on step  141
 current point:
  at point    0.182  -0.504  -6.392
  closest atom surface    8.963   H52 97  X    0
  2nd closest surface     8.963   H14 97  X    0
  found on step  888
  no. of rejections          380
 stored as   -32

 highest radius point found:
  at point    0.184  -0.532  -6.592
  closest atom surface    9.084   H52 97  X    0
  2nd closest surface     9.084   H14 97  X    0
  found on step  651
 current point:
  at point    0.188  -0.540  -6.592
  closest atom surface    9.083   H14 97  X    0
  2nd closest surface     9.084   H69 97  X    0
  found on step  979
  no. of rejections          369
 stored as   -33

 highest radius point found:
  at point    0.187  -0.559  -6.792
  closest atom surface    9.206   H69 97  X    0
  2nd closest surface     9.206   H14 97  X    0
  found on step  986
  this is also current point
  no. of rejections          337
 stored as   -34

 highest radius point found:
  at point    0.187  -0.577  -6.992
  closest atom surface    9.330   H52 97  X    0
  2nd closest surface     9.330   H14 97  X    0
  found on step  701
 current point:
  at point    0.188  -0.574  -6.992
  closest atom surface    9.329   H14 97  X    0
  2nd closest surface     9.329   H52 97  X    0
  found on step  912
  no. of rejections          347
 stored as   -35

 highest radius point found:
  at point    0.187  -0.600  -7.192
  closest atom surface    9.455   H52 97  X    0
  2nd closest surface     9.458   H69 97  X    0
  found on step  749
 current point:
  at point    0.190  -0.594  -7.192
  closest atom surface    9.455   H14 97  X    0
  2nd closest surface     9.456   H52 97  X    0
  found on step  975
  no. of rejections          356
 stored as   -36

 highest radius point found:
  at point    0.195  -0.632  -7.392
  closest atom surface    9.586   H14 97  X    0
  2nd closest surface     9.586   H69 97  X    0
  found on step  134
 current point:
  at point    0.197  -0.636  -7.392
  closest atom surface    9.585   H69 97  X    0
  2nd closest surface     9.585   H14 97  X    0
  found on step  993
  no. of rejections          356
 stored as   -37

 highest radius point found:
  at point    0.193  -0.650  -7.592
  closest atom surface    9.718   H14 97  X    0
  2nd closest surface     9.718   H69 97  X    0
  found on step  973
  this is also current point
  no. of rejections          329
 stored as   -38

 highest radius point found:
  at point    0.193  -0.671  -7.792
  closest atom surface    9.850   H52 97  X    0
  2nd closest surface     9.852   H69 97  X    0
  found on step  987
  this is also current point
  no. of rejections          330
 stored as   -39

 highest radius point found:
  at point    0.197  -0.694  -7.992
  closest atom surface    9.987   H52 97  X    0
  2nd closest surface     9.987   H14 97  X    0
  found on step  963
  this is also current point
  no. of rejections          327
 stored as   -40

 highest radius point found:
  at point    0.197  -0.726  -8.192
  closest atom surface   10.121   C4  97  X    0
  2nd closest surface    10.121   H69 97  X    0
  found on step  965
  this is also current point
  no. of rejections          330
 stored as   -41

 highest radius point found:
  at point    0.191  -0.750  -8.392
  closest atom surface   10.257   H69 97  X    0
  2nd closest surface    10.257   C4  97  X    0
  found on step  932
  this is also current point
  no. of rejections          333
 stored as   -42

 highest radius point found:
  at point    0.185  -0.773  -8.592
  closest atom surface   10.394   H69 97  X    0
  2nd closest surface    10.395   C4  97  X    0
  found on step  935
  this is also current point
  no. of rejections          341
 stored as   -43

 highest radius point found:
  at point    0.181  -0.798  -8.792
  closest atom surface   10.534   H69 97  X    0
  2nd closest surface    10.534   C4  97  X    0
  found on step  728
 current point:
  at point    0.190  -0.813  -8.792
  closest atom surface   10.532   C4  97  X    0
  2nd closest surface    10.532   H69 97  X    0
  found on step  990
  no. of rejections          353
 stored as   -44

 highest radius point found:
  at point    0.177  -0.814  -8.992
  closest atom surface   10.672   C4  97  X    0
  2nd closest surface    10.673   C33 97  X    0
  found on step  339
 current point:
  at point    0.176  -0.794  -8.992
  closest atom surface   10.667   C33 97  X    0
  2nd closest surface    10.667   C4  97  X    0
  found on step  903
  no. of rejections          322
 stored as   -45

 highest radius point found:
  at point    0.180  -0.860  -9.192
  closest atom surface   10.816   C4  97  X    0
  2nd closest surface    10.817   H69 97  X    0
  found on step  910
  this is also current point
  no. of rejections          339
 stored as   -46

 highest radius point found:
  at point    0.180  -0.886  -9.392
  closest atom surface   10.957   N9  97  X    0
  2nd closest surface    10.957   C4  97  X    0
  found on step  960
  this is also current point
  no. of rejections          338
 stored as   -47

 highest radius point found:
  at point    0.180  -0.897  -9.592
  closest atom surface   11.096   C33 97  X    0
  2nd closest surface    11.096   C4  97  X    0
  found on step  945
  this is also current point
  no. of rejections          353
 stored as   -48

 highest radius point found:
  at point    0.181  -0.909  -9.792
  closest atom surface   11.236   C4  97  X    0
  2nd closest surface    11.236   C33 97  X    0
  found on step  957
  this is also current point
  no. of rejections          320
 stored as   -49

 highest radius point found:
  at point    0.183  -0.925  -9.992
  closest atom surface   11.377   N9  97  X    0
  2nd closest surface    11.378   C4  97  X    0
  found on step  982
  this is also current point
  no. of rejections          320
 stored as   -50

 highest radius point found:
  at point    0.182  -0.934 -10.192
  closest atom surface   11.521   C33 97  X    0
  2nd closest surface    11.522   C4  97  X    0
  found on step  992
  this is also current point
  no. of rejections          348
 stored as   -51

 highest radius point found:
  at point    0.185  -0.948 -10.392
  closest atom surface   11.665   C4  97  X    0
  2nd closest surface    11.666   N9  97  X    0
  found on step  984
  this is also current point
  no. of rejections          354
 stored as   -52

 highest radius point found:
  at point    0.183  -0.959 -10.592
  closest atom surface   11.812   C33 97  X    0
  2nd closest surface    11.812   N9  97  X    0
  found on step  886
  this is also current point
  no. of rejections          323
 stored as   -53

 highest radius point found:
  at point    0.187  -0.972 -10.792
  closest atom surface   11.958   C4  97  X    0
  2nd closest surface    11.960   N9  97  X    0
  found on step  800
 current point:
  at point    0.190  -0.978 -10.792
  closest atom surface   11.958   N9  97  X    0
  2nd closest surface    11.959   C4  97  X    0
  found on step  945
  no. of rejections          337
 stored as   -54

 highest radius point found:
  at point    0.187  -0.984 -10.992
  closest atom surface   12.108   C4  97  X    0
  2nd closest surface    12.109   N9  97  X    0
  found on step  943
  this is also current point
  no. of rejections          312
 stored as   -55

 highest radius point found:
  at point    0.187  -0.995 -11.192
  closest atom surface   12.258   C4  97  X    0
  2nd closest surface    12.259   C33 97  X    0
  found on step  958
  this is also current point
  no. of rejections          341
 stored as   -56

 highest radius point found:
  at point    0.189  -1.006 -11.392
  closest atom surface   12.408   C4  97  X    0
  2nd closest surface    12.410   C33 97  X    0
  found on step  978
  this is also current point
  no. of rejections          341
 stored as   -57

 highest radius point found:
  at point    0.186  -1.023 -11.592
  closest atom surface   12.562   N9  97  X    0
  2nd closest surface    12.562   C33 97  X    0
  found on step  827
 current point:
  at point    0.185  -1.018 -11.592
  closest atom surface   12.560   C33 97  X    0
  2nd closest surface    12.564   C4  97  X    0
  found on step  940
  no. of rejections          305
 stored as   -58

 highest radius point found:
  at point    0.186  -1.032 -11.792
  closest atom surface   12.715   C33 97  X    0
  2nd closest surface    12.717   N9  97  X    0
  found on step  590
 current point:
  at point    0.200  -1.046 -11.792
  closest atom surface   12.713   C4  97  X    0
  2nd closest surface    12.713   N9  97  X    0
  found on step  997
  no. of rejections          314
 stored as   -59

 highest radius point found:
  at point    0.190  -1.045 -11.992
  closest atom surface   12.871   C4  97  X    0
  2nd closest surface    12.871   C33 97  X    0
  found on step  444
 current point:
  at point    0.189  -1.038 -11.992
  closest atom surface   12.869   C4  97  X    0
  2nd closest surface    12.870   C33 97  X    0
  found on step  916
  no. of rejections          352
 stored as   -60

 highest radius point found:
  at point    0.191  -1.061 -12.192
  closest atom surface   13.027   N9  97  X    0
  2nd closest surface    13.027   C4  97  X    0
  found on step  896
  this is also current point
  no. of rejections          298
 stored as   -61

 highest radius point found:
  at point    0.186  -1.075 -12.392
  closest atom surface   13.181   N9  97  X    0
  2nd closest surface    13.183   C33 97  X    0
  found on step  926
  this is also current point
  no. of rejections          344
 stored as   -62

 highest radius point found:
  at point    0.192  -1.084 -12.592
  closest atom surface   13.342   C4  97  X    0
  2nd closest surface    13.342   N9  97  X    0
  found on step  937
  this is also current point
  no. of rejections          304
 stored as   -63

 highest radius point found:
  at point    0.193  -1.093 -12.792
  closest atom surface   13.500   C4  97  X    0
  2nd closest surface    13.501   C33 97  X    0
  found on step  980
  this is also current point
  no. of rejections          300
 stored as   -64

 highest radius point found:
  at point    0.194  -1.101 -12.992
  closest atom surface   13.659   C4  97  X    0
  2nd closest surface    13.660   C33 97  X    0
  found on step  970
  this is also current point
  no. of rejections          339
 stored as   -65

 highest radius point found:
  at point    0.195  -1.119 -13.192
  closest atom surface   13.821   C4  97  X    0
  2nd closest surface    13.823   C33 97  X    0
  found on step  584
 current point:
  at point    0.193  -1.115 -13.192
  closest atom surface   13.821   C33 97  X    0
  2nd closest surface    13.821   C4  97  X    0
  found on step  926
  no. of rejections          315
 stored as   -66

 highest radius point found:
  at point    0.195  -1.134 -13.392
  closest atom surface   13.984   N9  97  X    0
  2nd closest surface    13.984   C4  97  X    0
  found on step  936
  this is also current point
  no. of rejections          316
 stored as   -67

 highest radius point found:
  at point    0.195  -1.145 -13.592
  closest atom surface   14.146   C33 97  X    0
  2nd closest surface    14.147   C4  97  X    0
  found on step  218
 current point:
  at point    0.200  -1.149 -13.592
  closest atom surface   14.145   C4  97  X    0
  2nd closest surface    14.147   N9  97  X    0
  found on step  938
  no. of rejections          327
 stored as   -68

 highest radius point found:
  at point    0.199  -1.162 -13.792
  closest atom surface   14.309   C4  97  X    0
  2nd closest surface    14.310   N9  97  X    0
  found on step  963
  this is also current point
  no. of rejections          300
 stored as   -69

 highest radius point found:
  at point    0.196  -1.165 -13.992
  closest atom surface   14.473   C33 97  X    0
  2nd closest surface    14.474   C4  97  X    0
  found on step  339
 current point:
  at point    0.206  -1.182 -13.992
  closest atom surface   14.471   N9  97  X    0
  2nd closest surface    14.472   C4  97  X    0
  found on step  964
  no. of rejections          307
 stored as   -70

 highest radius point found:
  at point    0.199  -1.182 -14.192
  closest atom surface   14.639   C4  97  X    0
  2nd closest surface    14.640   C33 97  X    0
  found on step  928
  this is also current point
  no. of rejections          324
 stored as   -71

 highest radius point found:
  at point    0.200  -1.197 -14.392
  closest atom surface   14.806   N9  97  X    0
  2nd closest surface    14.806   C4  97  X    0
  found on step  901
  this is also current point
  no. of rejections          304
 stored as   -72

 highest radius point found:
  at point    0.199  -1.209 -14.592
  closest atom surface   14.973   N9  97  X    0
  2nd closest surface    14.973   C4  97  X    0
  found on step  954
  this is also current point
  no. of rejections          308
 stored as   -73

 highest radius point found:
  at point    0.200  -1.225 -14.792
  closest atom surface   15.138   N9  97  X    0
  2nd closest surface    15.141   C4  97  X    0
  found on step  242
 current point:
  at point    0.206  -1.228 -14.792
  closest atom surface   15.138   C4  97  X    0
  2nd closest surface    15.138   N9  97  X    0
  found on step  983
  no. of rejections          295
 stored as   -74

 highest radius point found:
  at point    0.200  -1.237 -14.992
  closest atom surface   15.307   N9  97  X    0
  2nd closest surface    15.308   C33 97  X    0
  found on step  846
 current point:
  at point    0.207  -1.237 -14.992
  closest atom surface   15.306   C4  97  X    0
  2nd closest surface    15.308   N9  97  X    0
  found on step  984
  no. of rejections          283
 stored as   -75

 highest radius point found:
  at point    0.201  -1.246 -15.192
  closest atom surface   15.477   C33 97  X    0
  2nd closest surface    15.477   N9  97  X    0
  found on step  949
  this is also current point
  no. of rejections          299
 stored as   -76

 highest radius point found:
  at point    0.204  -1.257 -15.392
  closest atom surface   15.645   C4  97  X    0
  2nd closest surface    15.647   C33 97  X    0
  found on step  947
  this is also current point
  no. of rejections          273
 stored as   -77

 highest radius point found:
  at point    0.208  -1.273 -15.592
  closest atom surface   15.815   C4  97  X    0
  2nd closest surface    15.817   N9  97  X    0
  found on step   18
 current point:
  at point    0.198  -1.275 -15.592
  closest atom surface   15.814   N9  97  X    0
  2nd closest surface    15.815   C33 97  X    0
  found on step  936
  no. of rejections          303
 stored as   -78

 highest radius point found:
  at point    0.205  -1.285 -15.792
  closest atom surface   15.987   N9  97  X    0
  2nd closest surface    15.987   C4  97  X    0
  found on step  922
  this is also current point
  no. of rejections          304
 stored as   -79

 highest radius point found:
  at point    0.203  -1.294 -15.992
  closest atom surface   16.158   C33 97  X    0
  2nd closest surface    16.159   C4  97  X    0
  found on step  850
 current point:
  at point    0.204  -1.291 -15.992
  closest atom surface   16.157   C33 97  X    0
  2nd closest surface    16.157   C4  97  X    0
  found on step  993
  no. of rejections          296
 stored as   -80

 highest radius point found:
  at point    0.209  -1.313 -16.192
  closest atom surface   16.330   C4  97  X    0
  2nd closest surface    16.330   N9  97  X    0
  found on step  879
 current point:
  at point    0.209  -1.313 -16.192
  closest atom surface   16.330   C4  97  X    0
  2nd closest surface    16.330   N9  97  X    0
  found on step  995
  no. of rejections          298
 stored as   -81

 highest radius point found:
  at point    0.205  -1.323 -16.392
  closest atom surface   16.503   N9  97  X    0
  2nd closest surface    16.503   C33 97  X    0
  found on step  922
  this is also current point
  no. of rejections          315
 stored as   -82

 highest radius point found:
  at point    0.206  -1.329 -16.592
  closest atom surface   16.675   C33 97  X    0
  2nd closest surface    16.675   C4  97  X    0
  found on step  989
  this is also current point
  no. of rejections          290
 stored as   -83

 highest radius point found:
  at point    0.211  -1.336 -16.792
  closest atom surface   16.846   C4  97  X    0
  2nd closest surface    16.846   C72 97  X    0
  found on step  569
 current point:
  at point    0.211  -1.329 -16.792
  closest atom surface   16.844   C4  97  X    0
  2nd closest surface    16.848   C33 97  X    0
  found on step  968
  no. of rejections          308
 stored as   -84

 highest radius point found:
  at point    0.208  -1.339 -16.992
  closest atom surface   17.019   C72 97  X    0
  2nd closest surface    17.020   C4  97  X    0
  found on step  959
  this is also current point
  no. of rejections          301
 stored as   -85

 highest radius point found:
  at point    0.208  -1.339 -17.192
  closest atom surface   17.192   C4  97  X    0
  2nd closest surface    17.192   C33 97  X    0
  found on step    1
 current point:
  at point    0.207  -1.340 -17.192
  closest atom surface   17.192   C33 97  X    0
  2nd closest surface    17.192   C72 97  X    0
  found on step  941
  no. of rejections          292
 stored as   -86

 highest radius point found:
  at point    0.209  -1.344 -17.392
  closest atom surface   17.365   C72 97  X    0
  2nd closest surface    17.366   C4  97  X    0
  found on step  979
  this is also current point
  no. of rejections          296
 stored as   -87

 highest radius point found:
  at point    0.209  -1.344 -17.592
  closest atom surface   17.539   C4  97  X    0
  2nd closest surface    17.539   C33 97  X    0
  found on step    1
 current point:
  at point    0.212  -1.345 -17.592
  closest atom surface   17.538   C4  97  X    0
  2nd closest surface    17.539   C72 97  X    0
  found on step  955
  no. of rejections          310
 stored as   -88

 highest radius point found:
  at point    0.209  -1.344 -17.792
  closest atom surface   17.713   C33 97  X    0
  2nd closest surface    17.713   C4  97  X    0
  found on step    1
 current point:
  at point    0.208  -1.342 -17.792
  closest atom surface   17.712   C33 97  X    0
  2nd closest surface    17.713   C4  97  X    0
  found on step  997
  no. of rejections          283
 stored as   -89

 highest radius point found:
  at point    0.210  -1.351 -17.992
  closest atom surface   17.888   C72 97  X    0
  2nd closest surface    17.888   C33 97  X    0
  found on step  928
  this is also current point
  no. of rejections          282
 stored as   -90

 highest radius point found:
  at point    0.210  -1.351 -18.192
  closest atom surface   18.063   C33 97  X    0
  2nd closest surface    18.063   C4  97  X    0
  found on step    1
 current point:
  at point    0.210  -1.355 -18.192
  closest atom surface   18.062   C72 97  X    0
  2nd closest surface    18.064   C33 97  X    0
  found on step  993
  no. of rejections          288
 stored as   -91

 highest radius point found:
  at point    0.212  -1.356 -18.392
  closest atom surface   18.239   C72 97  X    0
  2nd closest surface    18.239   C4  97  X    0
  found on step  979
  this is also current point
  no. of rejections          276
 stored as   -92

 highest radius point found:
  at point    0.212  -1.358 -18.592
  closest atom surface   18.415   C72 97  X    0
  2nd closest surface    18.415   C4  97  X    0
  found on step 1000
  this is also current point
  no. of rejections          292
 stored as   -93

 highest radius point found:
  at point    0.212  -1.358 -18.792
  closest atom surface   18.591   C4  97  X    0
  2nd closest surface    18.592   C33 97  X    0
  found on step    1
 current point:
  at point    0.209  -1.359 -18.792
  closest atom surface   18.591   C33 97  X    0
  2nd closest surface    18.592   C72 97  X    0
  found on step  980
  no. of rejections          282
 stored as   -94

 highest radius point found:
  at point    0.212  -1.358 -18.992
  closest atom surface   18.768   C4  97  X    0
  2nd closest surface    18.768   C33 97  X    0
  found on step    1
 current point:
  at point    0.212  -1.357 -18.992
  closest atom surface   18.768   C4  97  X    0
  2nd closest surface    18.768   C33 97  X    0
  found on step  985
  no. of rejections          277
 stored as   -95

 highest radius point found:
  at point    0.211  -1.366 -19.192
  closest atom surface   18.946   C72 97  X    0
  2nd closest surface    18.946   C33 97  X    0
  found on step  945
  this is also current point
  no. of rejections          282
 stored as   -96

 highest radius point found:
  at point    0.213  -1.366 -19.392
  closest atom surface   19.124   C4  97  X    0
  2nd closest surface    19.124   C33 97  X    0
  found on step  945
  this is also current point
  no. of rejections          271
 stored as   -97

 highest radius point found:
  at point    0.213  -1.366 -19.592
  closest atom surface   19.301   C4  97  X    0
  2nd closest surface    19.302   C33 97  X    0
  found on step    1
 current point:
  at point    0.212  -1.366 -19.592
  closest atom surface   19.301   C33 97  X    0
  2nd closest surface    19.302   C4  97  X    0
  found on step 1000
  no. of rejections          292
 stored as   -98

 highest radius point found:
  at point    0.213  -1.366 -19.792
  closest atom surface   19.480   C33 97  X    0
  2nd closest surface    19.480   C4  97  X    0
  found on step    1
 current point:
  at point    0.205  -1.380 -19.792
  closest atom surface   19.478   C72 97  X    0
  2nd closest surface    19.479   C33 97  X    0
  found on step  996
  no. of rejections          251
 stored as   -99

 highest radius point found:
  at point    0.216  -1.378 -19.992
  closest atom surface   19.659   C72 97  X    0
  2nd closest surface    19.660   C4  97  X    0
  found on step   71
 current point:
  at point    0.215  -1.371 -19.992
  closest atom surface   19.659   C4  97  X    0
  2nd closest surface    19.659   C33 97  X    0
  found on step  942
  no. of rejections          281
 stored as  -100

 highest radius point found:
  at point    0.213  -1.378 -20.192
  closest atom surface   19.839   C33 97  X    0
  2nd closest surface    19.839   C72 97  X    0
  found on step  990
  this is also current point
  no. of rejections          278
 stored as  -101

 highest radius point found:
  at point    0.218  -1.381 -20.392
  closest atom surface   20.018   C4  97  X    0
  2nd closest surface    20.019   C72 97  X    0
  found on step  965
  this is also current point
  no. of rejections          279
 stored as  -102

 highest radius point found:
  at point    0.216  -1.381 -20.592
  closest atom surface   20.199   C4  97  X    0
  2nd closest surface    20.199   C33 97  X    0
  found on step  979
  this is also current point
  no. of rejections          280
 stored as  -103

 highest radius point found:
  at point    0.216  -1.381 -20.792
  closest atom surface   20.379   C4  97  X    0
  2nd closest surface    20.379   C33 97  X    0
  found on step    1
 current point:
  at point    0.213  -1.389 -20.792
  closest atom surface   20.378   C72 97  X    0
  2nd closest surface    20.379   C33 97  X    0
  found on step  982
  no. of rejections          282
 stored as  -104

 highest radius point found:
  at point    0.215  -1.388 -20.992
  closest atom surface   20.560   C73 97  X    0
  2nd closest surface    20.560   C33 97  X    0
  found on step  874
 current point:
  at point    0.216  -1.389 -20.992
  closest atom surface   20.559   C73 97  X    0
  2nd closest surface    20.560   C33 97  X    0
  found on step  981
  no. of rejections          278
 stored as  -105

 highest radius point found:
  at point    0.216  -1.384 -21.192
  closest atom surface   20.740   C33 97  X    0
  2nd closest surface    20.740   C4  97  X    0
  found on step  862
 current point:
  at point    0.215  -1.382 -21.192
  closest atom surface   20.739   C33 97  X    0
  2nd closest surface    20.740   C4  97  X    0
  found on step  985
  no. of rejections          268
 stored as  -106

 highest radius point found:
  at point    0.216  -1.384 -21.392
  closest atom surface   20.920   C73 97  X    0
  2nd closest surface    20.921   C33 97  X    0
  found on step    1
 current point:
  at point    0.220  -1.386 -21.392
  closest atom surface   20.920   C73 97  X    0
  2nd closest surface    20.920   C4  97  X    0
  found on step  971
  no. of rejections          274
 stored as  -107

 highest radius point found:
  at point    0.220  -1.382 -21.592
  closest atom surface   21.101   C4  97  X    0
  2nd closest surface    21.102   C73 97  X    0
  found on step  993
  this is also current point
  no. of rejections          291
 stored as  -108

 highest radius point found:
  at point    0.220  -1.382 -21.792
  closest atom surface   21.282   C73 97  X    0
  2nd closest surface    21.282   C4  97  X    0
  found on step    1
 current point:
  at point    0.213  -1.374 -21.792
  closest atom surface   21.280   C33 97  X    0
  2nd closest surface    21.284   C4  97  X    0
  found on step  910
  no. of rejections          279
 stored as  -109

 highest radius point found:
  at point    0.220  -1.382 -21.992
  closest atom surface   21.463   C73 97  X    0
  2nd closest surface    21.465   C4  97  X    0
  found on step    1
 current point:
  at point    0.215  -1.370 -21.992
  closest atom surface   21.463   C33 97  X    0
  2nd closest surface    21.464   C4  97  X    0
  found on step  931
  no. of rejections          259
 stored as  -110

 highest radius point found:
  at point    0.219  -1.376 -22.192
  closest atom surface   21.646   C73 97  X    0
  2nd closest surface    21.646   C4  97  X    0
  found on step  934
  this is also current point
  no. of rejections          273
 stored as  -111

 highest radius point found:
  at point    0.219  -1.376 -22.392
  closest atom surface   21.827   C73 97  X    0
  2nd closest surface    21.829   C4  97  X    0
  found on step    1
 current point:
  at point    0.220  -1.376 -22.392
  closest atom surface   21.827   C73 97  X    0
  2nd closest surface    21.829   C4  97  X    0
  found on step  969
  no. of rejections          275
 stored as  -112

 highest radius point found:
  at point    0.224  -1.376 -22.592
  closest atom surface   22.009   C73 97  X    0
  2nd closest surface    22.010   C4  97  X    0
  found on step  962
  this is also current point
  no. of rejections          282
 This is an end! (radius above  22.0 angs)
 
 N.b. Graph information routine (HOGRAP) differs 
        markedly from previous versions!
       Information now is written from -ve end
       to +ve in one pass
 
 Explanation of the meaning of each column: 
 First column "cenxyz.cvec" is the coordinate in the
   direction of the channel vector i.e. if the channel
   vector is in z (0 0 1) then it is the z coordinate.
 The second column "radius" is the hole pore radius 
   (as defined in the Biophys J 1993) article).
 The third column "cen_line_D" is the distance 
   measured along the pore centre line - with the 
   first point found set to zero. This was the first
   thing that I used to measure the distance along a pore
   but "cenxyz.cvec" is a much better general measure. 
   However, by comparing changes in this distance to changes in '   "cenxyz.cvec" one can get a measure of how straight a 
   channel is.
 The fourth column "sum{s/(area)}" is useful in conductance
   prediction -
   basically it is the sum of the thickness of each slab
   divided by its area. HOLE uses this measure to estimate
   the macroscopic conductance of a channel.
 If any of this worries you one can see the "raw" results
   of a standard hole run by producing a sphpdb file and 
    directly looking at the results.
 cenxyz.cvec      radius  cen_line_D sum{s/(area point sourc
   -22.39220    21.82740   -22.47515     0.00007   (sampled)
   -22.29220    21.73670   -22.37515     0.00013 (mid-point)
   -22.19220    21.64608   -22.27515     0.00020   (sampled)
   -22.09220    21.55439   -22.17511     0.00027 (mid-point)
   -21.99220    21.46277   -22.07507     0.00034   (sampled)
   -21.89220    21.37238   -21.97507     0.00041 (mid-point)
   -21.79220    21.28206   -21.87507     0.00048   (sampled)
   -21.69220    21.19160   -21.77507     0.00055 (mid-point)
   -21.59220    21.10077   -21.67507     0.00062   (sampled)
   -21.49220    21.01102   -21.57504     0.00069 (mid-point)
   -21.39220    20.92045   -21.47500     0.00077   (sampled)
   -21.29220    20.83028   -21.37500     0.00084 (mid-point)
   -21.19220    20.73991   -21.27500     0.00091   (sampled)
   -21.09220    20.64984   -21.17498     0.00099 (mid-point)
   -20.99220    20.55954   -21.07496     0.00106   (sampled)
   -20.89220    20.46923   -20.97490     0.00114 (mid-point)
   -20.79220    20.37868   -20.87483     0.00122   (sampled)
   -20.69220    20.28858   -20.77483     0.00129 (mid-point)
   -20.59220    20.19858   -20.67483     0.00137   (sampled)
   -20.49220    20.10831   -20.57483     0.00145 (mid-point)
   -20.39220    20.01812   -20.47482     0.00153   (sampled)
   -20.29220    19.92894   -20.37479     0.00161 (mid-point)
   -20.19220    19.83877   -20.27475     0.00169   (sampled)
   -20.09220    19.74910   -20.17474     0.00177 (mid-point)
   -19.99220    19.65896   -20.07473     0.00186   (sampled)
   -19.89220    19.56967   -19.97455     0.00194 (mid-point)
   -19.79220    19.47965   -19.87437     0.00202   (sampled)
   -19.69220    19.39059   -19.77437     0.00211 (mid-point)
   -19.59220    19.30149   -19.67437     0.00219   (sampled)
   -19.49220    19.21249   -19.57437     0.00228 (mid-point)
   -19.39220    19.12358   -19.47437     0.00237   (sampled)
   -19.29220    19.03497   -19.37436     0.00245 (mid-point)
   -19.19220    18.94595   -19.27436     0.00254   (sampled)
   -19.09220    18.85701   -19.17427     0.00263 (mid-point)
   -18.99220    18.76801   -19.07419     0.00272   (sampled)
   -18.89220    18.67961   -18.97419     0.00281 (mid-point)
   -18.79220    18.59133   -18.87419     0.00291   (sampled)
   -18.69220    18.50315   -18.77419     0.00300 (mid-point)
   -18.59220    18.41506   -18.67419     0.00309   (sampled)
   -18.49220    18.32687   -18.57418     0.00319 (mid-point)
   -18.39220    18.23878   -18.47418     0.00328   (sampled)
   -18.29220    18.15107   -18.37414     0.00338 (mid-point)
   -18.19220    18.06303   -18.27411     0.00348   (sampled)
   -18.09220    17.97568   -18.17411     0.00358 (mid-point)
   -17.99220    17.88779   -18.07411     0.00367   (sampled)
   -17.89220    17.80058   -17.97405     0.00378 (mid-point)
   -17.79220    17.71282   -17.87399     0.00388   (sampled)
   -17.69220    17.62591   -17.77399     0.00398 (mid-point)
   -17.59220    17.53902   -17.67399     0.00408   (sampled)
   -17.49220    17.45211   -17.57399     0.00419 (mid-point)
   -17.39220    17.36467   -17.47399     0.00429   (sampled)
   -17.29220    17.27873   -17.37395     0.00440 (mid-point)
   -17.19220    17.19202   -17.27391     0.00451   (sampled)
   -17.09220    17.10577   -17.17391     0.00462 (mid-point)
   -16.99220    17.01894   -17.07391     0.00473   (sampled)
   -16.89220    16.93264   -16.97389     0.00484 (mid-point)
   -16.79220    16.84600   -16.87387     0.00495   (sampled)
   -16.69220    16.76061   -16.77377     0.00506 (mid-point)
   -16.59220    16.67480   -16.67368     0.00518   (sampled)
   -16.49220    16.58871   -16.57363     0.00529 (mid-point)
   -16.39220    16.50259   -16.47358     0.00541   (sampled)
   -16.29220    16.41616   -16.37344     0.00553 (mid-point)
   -16.19220    16.32977   -16.27329     0.00565   (sampled)
   -16.09220    16.24407   -16.17282     0.00577 (mid-point)
   -15.99220    16.15755   -16.07234     0.00589   (sampled)
   -15.89220    16.07265   -15.97225     0.00601 (mid-point)
   -15.79220    15.98705   -15.87215     0.00614   (sampled)
   -15.69220    15.90077   -15.77196     0.00626 (mid-point)
   -15.59220    15.81463   -15.67178     0.00639   (sampled)
   -15.49220    15.72974   -15.57142     0.00652 (mid-point)
   -15.39220    15.64501   -15.47106     0.00665   (sampled)
   -15.29220    15.56092   -15.37092     0.00678 (mid-point)
   -15.19220    15.47674   -15.27077     0.00691   (sampled)
   -15.09220    15.39172   -15.17066     0.00705 (mid-point)
   -14.99220    15.30665   -15.07055     0.00718   (sampled)
   -14.89220    15.22238   -14.97038     0.00732 (mid-point)
   -14.79220    15.13828   -14.87021     0.00746   (sampled)
   -14.69220    15.05530   -14.76987     0.00760 (mid-point)
   -14.59220    14.97252   -14.66954     0.00774   (sampled)
   -14.49220    14.88893   -14.56937     0.00789 (mid-point)
   -14.39220    14.80553   -14.46921     0.00803   (sampled)
   -14.29220    14.72216   -14.36889     0.00818 (mid-point)
   -14.19220    14.63891   -14.26858     0.00833   (sampled)
   -14.09220    14.55627   -14.16822     0.00848 (mid-point)
   -13.99220    14.47291   -14.06786     0.00863   (sampled)
   -13.89220    14.39152   -13.96783     0.00878 (mid-point)
   -13.79220    14.30941   -13.86780     0.00894   (sampled)
   -13.69220    14.22805   -13.76745     0.00910 (mid-point)
   -13.59220    14.14648   -13.66709     0.00925   (sampled)
   -13.49220    14.06527   -13.56693     0.00941 (mid-point)
   -13.39220    13.98405   -13.46677     0.00958   (sampled)
   -13.29220    13.90265   -13.36649     0.00974 (mid-point)
   -13.19220    13.82125   -13.26621     0.00991   (sampled)
   -13.09220    13.74015   -13.16583     0.01008 (mid-point)
   -12.99220    13.65927   -13.06544     0.01025   (sampled)
   -12.89220    13.57963   -12.96535     0.01042 (mid-point)
   -12.79220    13.50022   -12.86526     0.01060   (sampled)
   -12.69220    13.42109   -12.76516     0.01077 (mid-point)
   -12.59220    13.34219   -12.66507     0.01095   (sampled)
   -12.49220    13.26179   -12.56492     0.01113 (mid-point)
   -12.39220    13.18147   -12.46477     0.01132   (sampled)
   -12.29220    13.10396   -12.36448     0.01150 (mid-point)
   -12.19220    13.02673   -12.26419     0.01169   (sampled)
   -12.09220    12.94884   -12.16386     0.01188 (mid-point)
   -11.99220    12.87084   -12.06354     0.01207   (sampled)
   -11.89220    12.79284   -11.96331     0.01226 (mid-point)
   -11.79220    12.71464   -11.86308     0.01246   (sampled)
   -11.69220    12.63832   -11.76298     0.01266 (mid-point)
   -11.59220    12.56193   -11.66288     0.01286   (sampled)
   -11.49220    12.48611   -11.56251     0.01307 (mid-point)
   -11.39220    12.40848   -11.46214     0.01327   (sampled)
   -11.29220    12.33323   -11.36200     0.01348 (mid-point)
   -11.19220    12.25829   -11.26185     0.01369   (sampled)
   -11.09220    12.18286   -11.16171     0.01391 (mid-point)
   -10.99220    12.10773   -11.06158     0.01413   (sampled)
   -10.89220    12.03290   -10.96139     0.01435 (mid-point)
   -10.79220    11.95838   -10.86120     0.01457   (sampled)
   -10.69220    11.88538   -10.76097     0.01479 (mid-point)
   -10.59220    11.81190   -10.66074     0.01502   (sampled)
   -10.49220    11.73878   -10.56057     0.01525 (mid-point)
   -10.39220    11.66517   -10.46039     0.01549   (sampled)
   -10.29220    11.59318   -10.36014     0.01572 (mid-point)
   -10.19220    11.52084   -10.25990     0.01596   (sampled)
   -10.09220    11.44928   -10.15980     0.01621 (mid-point)
    -9.99220    11.37701   -10.05970     0.01645   (sampled)
    -9.89220    11.30677    -9.95937     0.01670 (mid-point)
    -9.79220    11.23599    -9.85905     0.01695   (sampled)
    -9.69220    11.16560    -9.75886     0.01721 (mid-point)
    -9.59220    11.09554    -9.65867     0.01747   (sampled)
    -9.49220    11.02646    -9.55853     0.01773 (mid-point)
    -9.39220    10.95712    -9.45840     0.01799   (sampled)
    -9.29220    10.88647    -9.35754     0.01826 (mid-point)
    -9.19220    10.81602    -9.25669     0.01854   (sampled)
    -9.09220    10.74395    -9.15405     0.01881 (mid-point)
    -8.99220    10.67231    -9.05140     0.01909   (sampled)
    -8.89220    10.60314    -8.95106     0.01937 (mid-point)
    -8.79220    10.53395    -8.85072     0.01966   (sampled)
    -8.69220    10.46388    -8.74995     0.01995 (mid-point)
    -8.59220    10.39426    -8.64918     0.02025   (sampled)
    -8.49220    10.32521    -8.54846     0.02054 (mid-point)
    -8.39220    10.25664    -8.44775     0.02085   (sampled)
    -8.29220    10.18863    -8.34701     0.02115 (mid-point)
    -8.19220    10.12092    -8.24626     0.02146   (sampled)
    -8.09220    10.05445    -8.14495     0.02178 (mid-point)
    -7.99220     9.98664    -8.04365     0.02210   (sampled)
    -7.89220     9.91801    -7.94297     0.02242 (mid-point)
    -7.79220     9.84988    -7.84229     0.02275   (sampled)
    -7.69220     9.78388    -7.74176     0.02308 (mid-point)
    -7.59220     9.71802    -7.64124     0.02342   (sampled)
    -7.49220     9.65158    -7.54083     0.02376 (mid-point)
    -7.39220     9.58567    -7.44042     0.02411   (sampled)
    -7.29220     9.52170    -7.33909     0.02446 (mid-point)
    -7.19220     9.45515    -7.23776     0.02481   (sampled)
    -7.09220     9.39206    -7.13708     0.02518 (mid-point)
    -6.99220     9.32957    -7.03640     0.02554   (sampled)
    -6.89220     9.26783    -6.93600     0.02591 (mid-point)
    -6.79220     9.20602    -6.83561     0.02629   (sampled)
    -6.69220     9.14480    -6.73470     0.02667 (mid-point)
    -6.59220     9.08370    -6.63380     0.02705   (sampled)
    -6.49220     9.02373    -6.53328     0.02744 (mid-point)
    -6.39220     8.96398    -6.43276     0.02784   (sampled)
    -6.29220     8.90586    -6.33209     0.02824 (mid-point)
    -6.19220     8.84782    -6.23142     0.02865   (sampled)
    -6.09220     8.79060    -6.13059     0.02906 (mid-point)
    -5.99220     8.73258    -6.02977     0.02948   (sampled)
    -5.89220     8.67828    -5.92926     0.02990 (mid-point)
    -5.79220     8.62264    -5.82876     0.03033   (sampled)
    -5.69220     8.56875    -5.72790     0.03076 (mid-point)
    -5.59220     8.51417    -5.62704     0.03120   (sampled)
    -5.49220     8.46198    -5.52655     0.03165 (mid-point)
    -5.39220     8.40945    -5.42606     0.03210   (sampled)
    -5.29220     8.35834    -5.32505     0.03255 (mid-point)
    -5.19220     8.30602    -5.22404     0.03301   (sampled)
    -5.09220     8.25730    -5.12353     0.03348 (mid-point)
    -4.99220     8.20938    -5.02302     0.03395   (sampled)
    -4.89220     8.16131    -4.92229     0.03443 (mid-point)
    -4.79220     8.11407    -4.82155     0.03491   (sampled)
    -4.69220     8.06772    -4.72110     0.03540 (mid-point)
    -4.59220     8.02198    -4.62065     0.03590   (sampled)
    -4.49220     7.97672    -4.51985     0.03640 (mid-point)
    -4.39220     7.93236    -4.41905     0.03690   (sampled)
    -4.29220     7.89043    -4.31837     0.03741 (mid-point)
    -4.19220     7.84943    -4.21770     0.03793   (sampled)
    -4.09220     7.80857    -4.11709     0.03845 (mid-point)
    -3.99220     7.76867    -4.01648     0.03898   (sampled)
    -3.89220     7.72905    -3.91482     0.03951 (mid-point)
    -3.79220     7.68982    -3.81315     0.04005   (sampled)
    -3.69220     7.65433    -3.71308     0.04060 (mid-point)
    -3.59220     7.61839    -3.61301     0.04114   (sampled)
    -3.49220     7.58483    -3.51189     0.04170 (mid-point)
    -3.39220     7.55087    -3.41077     0.04226   (sampled)
    -3.29220     7.51771    -3.31022     0.04282 (mid-point)
    -3.19220     7.48532    -3.20967     0.04339   (sampled)
    -3.09220     7.45566    -3.10894     0.04396 (mid-point)
    -2.99220     7.42703    -3.00822     0.04454   (sampled)
    -2.89220     7.39842    -2.90761     0.04512 (mid-point)
    -2.79220     7.37059    -2.80700     0.04570   (sampled)
    -2.69220     7.34463    -2.70647     0.04629 (mid-point)
    -2.59220     7.31937    -2.60595     0.04689   (sampled)
    -2.49220     7.29628    -2.50502     0.04749 (mid-point)
    -2.39220     7.27319    -2.40408     0.04809   (sampled)
    -2.29220     7.25215    -2.30353     0.04869 (mid-point)
    -2.19220     7.23154    -2.20298     0.04930   (sampled)
    -2.09220     7.20971    -2.10286     0.04991 (mid-point)
    -1.99220     7.18906    -2.00273     0.05053   (sampled)
    -1.89220     7.16892    -1.90251     0.05115 (mid-point)
    -1.79220     7.14997    -1.80230     0.05177   (sampled)
    -1.69220     7.13209    -1.70205     0.05240 (mid-point)
    -1.59220     7.11306    -1.60181     0.05303   (sampled)
    -1.49220     7.09476    -1.50167     0.05366 (mid-point)
    -1.39220     7.07765    -1.40154     0.05429   (sampled)
    -1.29220     7.05844    -1.30129     0.05493 (mid-point)
    -1.19220     7.04042    -1.20104     0.05558   (sampled)
    -1.09220     7.02353    -1.10100     0.05622 (mid-point)
    -0.99220     7.00779    -1.00095     0.05687   (sampled)
    -0.89220     6.99328    -0.90090     0.05752 (mid-point)
    -0.79220     6.98000    -0.80085     0.05817   (sampled)
    -0.69220     6.96797    -0.70048     0.05883 (mid-point)
    -0.59220     6.95710    -0.60011     0.05949   (sampled)
    -0.49220     6.94752    -0.50011     0.06015 (mid-point)
    -0.39220     6.93918    -0.40010     0.06081   (sampled)
    -0.29220     6.93210    -0.30010     0.06147 (mid-point)
    -0.19220     6.92628    -0.20009     0.06213   (sampled)
    -0.09220     6.92128    -0.10005     0.06280 (mid-point)
     0.00780     6.91754     0.00000     0.06346   (sampled)
     0.10780     6.91608     0.10004     0.06413 (mid-point)
     0.20780     6.91588     0.20009     0.06479   (sampled)
     0.30780     6.91599     0.30111     0.06546 (mid-point)
     0.40780     6.91737     0.40213     0.06612   (sampled)
     0.50780     6.92099     0.50355     0.06679 (mid-point)
     0.60780     6.92525     0.60498     0.06745   (sampled)
     0.70780     6.93100     0.70500     0.06812 (mid-point)
     0.80780     6.93784     0.80502     0.06878   (sampled)
     0.90780     6.94571     0.90535     0.06944 (mid-point)
     1.00780     6.95466     1.00567     0.07009   (sampled)
     1.10780     6.96567     1.10598     0.07075 (mid-point)
     1.20780     6.97741     1.20628     0.07140   (sampled)
     1.30780     6.99039     1.30630     0.07206 (mid-point)
     1.40780     7.00459     1.40631     0.07270   (sampled)
     1.50780     7.01994     1.50959     0.07335 (mid-point)
     1.60780     7.03627     1.61287     0.07399   (sampled)
     1.70780     7.05447     1.71571     0.07463 (mid-point)
     1.80780     7.07363     1.81855     0.07527   (sampled)
     1.90780     7.09436     1.91872     0.07590 (mid-point)
     2.00780     7.11520     2.01888     0.07653   (sampled)
     2.10780     7.13791     2.11893     0.07715 (mid-point)
     2.20780     7.16177     2.21898     0.07778   (sampled)
     2.30780     7.18686     2.31900     0.07839 (mid-point)
     2.40780     7.21308     2.41902     0.07900   (sampled)
     2.50780     7.24020     2.51903     0.07961 (mid-point)
     2.60780     7.26831     2.61903     0.08021   (sampled)
     2.70780     7.29779     2.71904     0.08081 (mid-point)
     2.80780     7.32836     2.81906     0.08140   (sampled)
     2.90780     7.36014     2.91912     0.08199 (mid-point)
     3.00780     7.39298     3.01919     0.08257   (sampled)
     3.10780     7.42647     3.12484     0.08315 (mid-point)
     3.20780     7.46106     3.23050     0.08372   (sampled)
     3.30780     7.49712     3.33254     0.08429 (mid-point)
     3.40780     7.53425     3.43458     0.08485   (sampled)
     3.50780     7.57205     3.53538     0.08540 (mid-point)
     3.60780     7.61086     3.63618     0.08595   (sampled)
     3.70780     7.64983     3.73656     0.08650 (mid-point)
     3.80780     7.68874     3.83693     0.08704   (sampled)
     3.90780     7.72730     3.93870     0.08757 (mid-point)
     4.00780     7.76669     4.04046     0.08810   (sampled)
     4.10780     7.80683     4.14083     0.08862 (mid-point)
     4.20780     7.84785     4.24120     0.08914   (sampled)
     4.30780     7.88966     4.34151     0.08965 (mid-point)
     4.40780     7.93234     4.44182     0.09015   (sampled)
     4.50780     7.97376     4.54194     0.09065 (mid-point)
     4.60780     8.01560     4.64206     0.09115   (sampled)
     4.70780     8.05783     4.74206     0.09164 (mid-point)
     4.80780     8.09979     4.84206     0.09213   (sampled)
     4.90780     8.13911     4.94210     0.09261 (mid-point)
     5.00780     8.17923     5.04214     0.09308   (sampled)
     5.10780     8.22180     5.14215     0.09355 (mid-point)
     5.20780     8.26517     5.24215     0.09402   (sampled)
     5.30780     8.30904     5.34340     0.09448 (mid-point)
     5.40780     8.35380     5.44464     0.09494   (sampled)
     5.50780     8.39890     5.54500     0.09539 (mid-point)
     5.60780     8.44483     5.64535     0.09583   (sampled)
     5.70780     8.49203     5.74536     0.09627 (mid-point)
     5.80780     8.54004     5.84537     0.09671   (sampled)
     5.90780     8.58878     5.94541     0.09714 (mid-point)
     6.00780     8.63792     6.04544     0.09757   (sampled)
     6.10780     8.68815     6.14548     0.09799 (mid-point)
     6.20780     8.73875     6.24551     0.09841   (sampled)
     6.30780     8.79039     6.34585     0.09882 (mid-point)
     6.40780     8.84279     6.44619     0.09923   (sampled)
     6.50780     8.89612     6.54643     0.09963 (mid-point)
     6.60780     8.94972     6.64666     0.10003   (sampled)
     6.70780     9.00517     6.74916     0.10042 (mid-point)
     6.80780     9.06017     6.85166     0.10081   (sampled)
     6.90780     9.11640     6.95225     0.10119 (mid-point)
     7.00780     9.17327     7.05285     0.10157   (sampled)
     7.10780     9.23007     7.15323     0.10194 (mid-point)
     7.20780     9.28755     7.25361     0.10231   (sampled)
     7.30780     9.34707     7.35396     0.10268 (mid-point)
     7.40780     9.40564     7.45431     0.10303   (sampled)
     7.50780     9.46560     7.55442     0.10339 (mid-point)
     7.60780     9.52618     7.65453     0.10374   (sampled)
     7.70780     9.58740     7.75465     0.10409 (mid-point)
     7.80780     9.64920     7.85477     0.10443   (sampled)
     7.90780     9.71132     7.95482     0.10477 (mid-point)
     8.00780     9.77401     8.05488     0.10510   (sampled)
     8.10780     9.83729     8.15547     0.10543 (mid-point)
     8.20780     9.90046     8.25605     0.10575   (sampled)
     8.30780     9.96531     8.35636     0.10607 (mid-point)
     8.40780    10.03001     8.45666     0.10639   (sampled)
     8.50780    10.09544     8.55672     0.10670 (mid-point)
     8.60780    10.16138     8.65678     0.10701   (sampled)
     8.70780    10.22811     8.75688     0.10732 (mid-point)
     8.80780    10.29533     8.85699     0.10762   (sampled)
     8.90780    10.36264     8.95738     0.10791 (mid-point)
     9.00780    10.43041     9.05778     0.10820   (sampled)
     9.10780    10.49860     9.15780     0.10849 (mid-point)
     9.20780    10.56725     9.25782     0.10878   (sampled)
     9.30780    10.63667     9.35784     0.10906 (mid-point)
     9.40780    10.70655     9.45785     0.10934   (sampled)
     9.50780    10.77703     9.55805     0.10961 (mid-point)
     9.60780    10.84716     9.65824     0.10988   (sampled)
     9.70780    10.91852     9.75874     0.11015 (mid-point)
     9.80780    10.98974     9.85925     0.11041   (sampled)
     9.90780    11.06171     9.95936     0.11067 (mid-point)
    10.00780    11.13408    10.05947     0.11093   (sampled)
    10.10780    11.20666    10.15959     0.11118 (mid-point)
    10.20780    11.27945    10.25972     0.11143   (sampled)
    10.30780    11.35234    10.35981     0.11168 (mid-point)
    10.40780    11.42562    10.45991     0.11192   (sampled)
    10.50780    11.49820    10.55991     0.11216 (mid-point)
    10.60780    11.57042    10.65991     0.11240   (sampled)
    10.70780    11.64347    10.75993     0.11264 (mid-point)
    10.80780    11.71657    10.85994     0.11287   (sampled)
    10.90780    11.79018    10.95994     0.11310 (mid-point)
    11.00780    11.86406    11.05994     0.11332   (sampled)
    11.10780    11.93832    11.15998     0.11355 (mid-point)
    11.20780    12.01291    11.26001     0.11377   (sampled)
    11.30780    12.08773    11.36001     0.11399 (mid-point)
    11.40780    12.16286    11.46001     0.11420   (sampled)
    11.50780    12.23859    11.56023     0.11441 (mid-point)
    11.60780    12.31426    11.66045     0.11462   (sampled)
    11.70780    12.39056    11.76045     0.11483 (mid-point)
    11.80780    12.46717    11.86045     0.11504   (sampled)
    11.90780    12.54408    11.96045     0.11524 (mid-point)
    12.00780    12.62119    12.06045     0.11544   (sampled)
    12.10780    12.69860    12.16045     0.11564 (mid-point)
    12.20780    12.77619    12.26045     0.11583   (sampled)
    12.30780    12.85428    12.36045     0.11602 (mid-point)
    12.40780    12.93261    12.46045     0.11621   (sampled)
    12.50780    13.01106    12.56045     0.11640 (mid-point)
    12.60780    13.08979    12.66045     0.11659   (sampled)
    12.70780    13.16883    12.76157     0.11677 (mid-point)
    12.80780    13.24814    12.86270     0.11695   (sampled)
    12.90780    13.32766    12.96270     0.11713 (mid-point)
    13.00780    13.40744    13.06270     0.11731   (sampled)
    13.10780    13.48797    13.16605     0.11748 (mid-point)
    13.20780    13.56833    13.26940     0.11766   (sampled)
    13.30780    13.64902    13.36940     0.11783 (mid-point)
    13.40780    13.72995    13.46940     0.11800   (sampled)
    13.50780    13.81103    13.56940     0.11816 (mid-point)
    13.60780    13.89225    13.66940     0.11833   (sampled)
    13.70780    13.97369    13.76940     0.11849 (mid-point)
    13.80780    14.05535    13.86940     0.11865   (sampled)
    13.90780    14.13757    13.96980     0.11881 (mid-point)
    14.00780    14.21993    14.07021     0.11897   (sampled)
    14.10780    14.30232    14.17021     0.11912 (mid-point)
    14.20780    14.38485    14.27021     0.11928   (sampled)
    14.30780    14.46757    14.37021     0.11943 (mid-point)
    14.40780    14.55051    14.47021     0.11958   (sampled)
    14.50780    14.63393    14.57021     0.11973 (mid-point)
    14.60780    14.71728    14.67022     0.11988   (sampled)
    14.70780    14.80096    14.77022     0.12002 (mid-point)
    14.80780    14.88477    14.87022     0.12016   (sampled)
    14.90780    14.96873    14.97114     0.12031 (mid-point)
    15.00780    15.05289    15.07206     0.12045   (sampled)
    15.10780    15.13715    15.17206     0.12059 (mid-point)
    15.20780    15.22159    15.27206     0.12072   (sampled)
    15.30780    15.30647    15.37218     0.12086 (mid-point)
    15.40780    15.39152    15.47230     0.12099   (sampled)
    15.50780    15.47648    15.57230     0.12113 (mid-point)
    15.60780    15.56160    15.67230     0.12126   (sampled)
    15.70780    15.64704    15.77231     0.12139 (mid-point)
    15.80780    15.73265    15.87232     0.12152   (sampled)
    15.90781    15.81826    15.97232     0.12164 (mid-point)
    16.00781    15.90403    16.07232     0.12177   (sampled)
    16.10781    15.99034    16.17397     0.12189 (mid-point)
    16.20781    16.07644    16.27562     0.12202   (sampled)
    16.30781    16.16282    16.37562     0.12214 (mid-point)
    16.40781    16.24935    16.47562     0.12226   (sampled)
    16.50781    16.33602    16.57562     0.12238 (mid-point)
    16.60781    16.42283    16.67562     0.12250   (sampled)
    16.70781    16.50967    16.77562     0.12261 (mid-point)
    16.80781    16.59662    16.87562     0.12273   (sampled)
    16.90781    16.68377    16.97579     0.12284 (mid-point)
    17.00781    16.77106    17.07596     0.12296   (sampled)
    17.10781    16.85841    17.17596     0.12307 (mid-point)
    17.20781    16.94590    17.27596     0.12318   (sampled)
    17.30781    17.03375    17.37599     0.12329 (mid-point)
    17.40781    17.12141    17.47603     0.12340   (sampled)
    17.50781    17.20942    17.57603     0.12351 (mid-point)
    17.60781    17.29755    17.67603     0.12361   (sampled)
    17.70781    17.38591    17.77788     0.12372 (mid-point)
    17.80781    17.47441    17.87973     0.12382   (sampled)
    17.90781    17.56290    17.97973     0.12392 (mid-point)
    18.00781    17.65151    18.07973     0.12403   (sampled)
    18.10781    17.74012    18.17973     0.12413 (mid-point)
    18.20781    17.82882    18.27973     0.12423   (sampled)
    18.30781    17.91763    18.37973     0.12433 (mid-point)
    18.40781    18.00655    18.47973     0.12443   (sampled)
    18.50781    18.09559    18.57973     0.12452 (mid-point)
    18.60781    18.18473    18.67973     0.12462   (sampled)
    18.70781    18.27429    18.77989     0.12471 (mid-point)
    18.80781    18.36396    18.88005     0.12481   (sampled)
    18.90781    18.45341    18.98005     0.12490 (mid-point)
    19.00781    18.54297    19.08005     0.12499   (sampled)
    19.10781    18.63262    19.18005     0.12509 (mid-point)
    19.20781    18.72238    19.28005     0.12518   (sampled)
    19.30781    18.81209    19.38011     0.12527 (mid-point)
    19.40781    18.90130    19.48017     0.12536   (sampled)
    19.50781    18.99196    19.58102     0.12544 (mid-point)
    19.60781    19.08243    19.68186     0.12553   (sampled)
    19.70781    19.17287    19.78211     0.12562 (mid-point)
    19.80781    19.26340    19.88237     0.12570   (sampled)
    19.90781    19.35387    19.98237     0.12579 (mid-point)
    20.00781    19.44441    20.08237     0.12587   (sampled)
    20.10781    19.53470    20.18295     0.12596 (mid-point)
    20.20781    19.62509    20.28353     0.12604   (sampled)
    20.30781    19.71615    20.38358     0.12612 (mid-point)
    20.40781    19.80729    20.48363     0.12620   (sampled)
    20.50781    19.89826    20.58363     0.12628 (mid-point)
    20.60781    19.98932    20.68364     0.12636   (sampled)
    20.70781    20.08051    20.78364     0.12644 (mid-point)
    20.80781    20.17169    20.88364     0.12652   (sampled)
    20.90781    20.26294    20.98364     0.12660 (mid-point)
    21.00781    20.35428    21.08364     0.12667   (sampled)
    21.10781    20.44569    21.18364     0.12675 (mid-point)
    21.20781    20.53717    21.28364     0.12683   (sampled)
    21.30781    20.62887    21.38443     0.12690 (mid-point)
    21.40781    20.72053    21.48522     0.12697   (sampled)
    21.50781    20.81236    21.58522     0.12705 (mid-point)
    21.60781    20.90414    21.68522     0.12712   (sampled)
    21.70781    20.99599    21.78522     0.12719 (mid-point)
    21.80781    21.08792    21.88522     0.12726   (sampled)
    21.90781    21.17991    21.98522     0.12734 (mid-point)
    22.00781    21.27197    22.08522     0.12741   (sampled)
    22.10781    21.36425    22.18564     0.12748 (mid-point)
    22.20781    21.45655    22.28605     0.12755   (sampled)
    22.30781    21.54887    22.38605     0.12761 (mid-point)
    22.40781    21.64120    22.48605     0.12768   (sampled)
    22.50781    21.73359    22.58605     0.12775 (mid-point)
    22.60781    21.82605    22.68605     0.12782   (sampled)

 Minimum radius found:      6.916 angstroms.



 For spherical probe approach, The geometric factor
         F= sum(ds/area) along channel is    0.128 angstroms**-1
 This yields a macroscopic predicted molar conductance of:
   (1/rho)*(100/F)= (780/rho) pS,
   where rho is the conductivity of 1M permeant ion in ohm m.
 N.B. this is a macroscopic conductance - an overestimate 
 Empirically corrected conductances currently only available
 With the CAPSULE option (although its not that stable!)
 For 1M KCl rho= 1/12 (ohm m), So Gmacro= 9400 pS/M.
  (TAG      1   Rmin=     6.91588   Gmacro=  9388.50559 Conn_Gmacro=    -1.00000 ).
 HOLE: normal completion
