 *** Program HOLE ***
 
 If results of this run are reported or published, please
 cite the publication listed below.
 For the HOLE program:
   Smart, O.S., Goodfellow, J.M., Wallace, B.A. (1993). 
   The pore dimensions of gramicidin A. 
   Biophys. J., 65, 2455-2460.
 
 Originally written by Oliver Smart at Birkbeck College from April 1992.
 Copyright 1993-2005 Oliver Smart
 Copyright 2014-2015 SmartSci Limited.
 Copyright 2016 Oliver Smart.
 
 For help on HOLE suite see  http://www.holeprogram.org/
 
 HOLE release 2.2.005 (07 August 2016) 
 
 usage subject to Apache License, Version 2.0 
 see http://www.apache.org/licenses/LICENSE-2.0 

 Control variables read:

! Input file for Oliver Smart's HOLE program
! written by MDAnalysis.analysis.hole2.HoleAnalysis
! for a Universe
! u = mda.Universe(host_94.mol2
!    host_94.mol2
!   )
! Frame 0

COORD  /tmp/tmpnthhdph6.pdb
RADIUS simple2.rad
SPHPDB hole000.sph
SAMPLE 0.200000
ENDRAD 22.000000
IGNORE SOL WAT TIP HOH K   NA  CL
SHORTO 0
RASEED 31415
CPOINT 0.0000128022 -0.0003333405 -0.0245897457


 WARNING have not found a CVECT record - will try to guess
 Input pdb filename read as:    '/tmp/tmpnthhdph6.pdb'
 Input vdW radius file read as: 'simple2.rad'
 point in channel:    0.000  -0.000  -0.025
 channel vector:   ************************
 sampling distance between planes:    0.200

 graphics conditions:
 binary plot output file name: NONE
 Dot density:    10
 Draw dots?           T
 Draw close contacts? F
 Draw centre line?    T
 Produce spikes rather than dots? F
 Seed for random number generator:     31415 (0 means value set by program)
 Radius above which a result is regarded as an 'end':  22.000
 Pdb format file for sphere centres: hole000.sph

 Monte Carlo conditions:
  no of steps:  1000
  maximum displacement   0.100 angs
  'kT' initial   0.100 angs
 The spherebox and capsule options are turned off.
 (No molqpt card so will not write qpt file of the molecule)
 IGNORE card read so will ignore residue types: SOL WAT TIP HOH K   NA  CL
 no SHORTO card read so will produce full textual output
 As no PEGRAT card was found will not produce PEG polymer exclusion graph
 (No 2DMAPS card specified so will not produce 2D property maps)
 Have not found a CUT card.  Normal calculation using
   Cutoff lists with a cutsize=       1.000
   (if you wish to turn off option use a CUT -1 card)

 Have read     7 bond radius records and
              16 vdW radius records.
 From file: simple2.rad

 Have read    78 atom records.
 From file: /tmp/tmpnthhdph6.pdb
 Will not produce graphical output

 Have opened file for pdb format output of sphere centres:  hole000.sph

  Seed integer used by ran # generator on this run      31415

 
 S/R cguess will try to guess CPOINT and/or CVECT
 
 THESE GUESSES MAY WELL BE WRONG!!!!
 Routine relies on having a reasonably symmetric
 channel oriented along x, y or z vector
 YOU ARE STRONGLY ADVISED TO CHECK THE RESULTS
                       WITH MOLECULAR GRAPHICS
 testing points from cpoint in X, Y then Z direction
   point                   pore radius
direction     1
  -5.000  -0.000  -0.025    -0.718
  -4.000  -0.000  -0.025    -1.191
  -3.000  -0.000  -0.025    -1.493
  -2.000  -0.000  -0.025    -0.716
  -1.000  -0.000  -0.025     0.271
   0.000  -0.000  -0.025     1.135
   1.000  -0.000  -0.025     0.271
   2.000  -0.000  -0.025    -0.711
   3.000  -0.000  -0.025    -1.491
   4.000  -0.000  -0.025    -1.189
   5.000  -0.000  -0.025    -0.718
 Average pore radius along the line=     -0.596
direction     2
   0.000  -5.000  -0.025    -0.262
   0.000  -4.000  -0.025    -0.966
   0.000  -3.000  -0.025    -0.829
   0.000  -2.000  -0.025    -0.032
   0.000  -1.000  -0.025     0.550
   0.000  -0.000  -0.025     1.135
   0.000   1.000  -0.025     0.551
   0.000   2.000  -0.025    -0.031
   0.000   3.000  -0.025    -0.828
   0.000   4.000  -0.025    -0.967
   0.000   5.000  -0.025    -0.264
 Average pore radius along the line=     -0.177
direction     3
   0.000  -0.000  -5.025     3.549
   0.000  -0.000  -4.025     2.785
   0.000  -0.000  -3.025     2.155
   0.000  -0.000  -2.025     1.754
   0.000  -0.000  -1.025     1.376
   0.000  -0.000  -0.025     1.135
   0.000  -0.000   0.975     1.335
   0.000  -0.000   1.975     1.864
   0.000  -0.000   2.975     2.509
   0.000  -0.000   3.975     3.247
   0.000  -0.000   4.975     4.062
 Average pore radius along the line=      2.343
 Best direction is found to be     3
(1=X,2=Y,3=Z)
 s/r cguess has produced initial values for cpoint &/or cvect:
CPOINT       0.0000     -0.0003     -0.0246
CVECT        0.0000      0.0000      1.0000
 THESE GUESSES MAY WELL BE WRONG!!!!
 Routine relies on having a reasonably symmetric
 channel oriented along x, y or z vector
 YOU ARE STRONGLY ADVISED TO CHECK THE RESULTS
                       WITH MOLECULAR GRAPHICS
 
 
  Some routines (e.g. conn) need vectors normal to cvect: 
     EAST Zero degrees angle is along vector    1.000   0.000   0.000
     NORTH  90 degrees angle is along vector    0.000  -1.000   0.000
 highest radius point found:
  at point    0.009   0.008  -0.025
  closest atom surface    1.135   H12 94  X    0
  2nd closest surface     1.136   H23 94  X    0
  found on step  476
 current point:
  at point    0.023   0.025  -0.025
  closest atom surface    1.133   H23 94  X    0
  2nd closest surface     1.134   H30 94  X    0
  found on step  956
  no. of rejections          401
 stored as     0

 highest radius point found:
  at point   -0.002  -0.002   0.175
  closest atom surface    1.141   H12 94  X    0
  2nd closest surface     1.141   H23 94  X    0
  found on step  778
 current point:
  at point   -0.018  -0.015   0.175
  closest atom surface    1.141   H23 94  X    0
  2nd closest surface     1.141   H12 94  X    0
  found on step  965
  no. of rejections          413
 stored as     1

 highest radius point found:
  at point    0.012   0.012   0.375
  closest atom surface    1.165   H12 94  X    0
  2nd closest surface     1.165   H23 94  X    0
  found on step  949
  this is also current point
  no. of rejections          402
 stored as     2

 highest radius point found:
  at point   -0.008  -0.006   0.575
  closest atom surface    1.206   H23 94  X    0
  2nd closest surface     1.206   H12 94  X    0
  found on step  680
 current point:
  at point    0.004   0.004   0.575
  closest atom surface    1.206   H12 94  X    0
  2nd closest surface     1.207   H23 94  X    0
  found on step  988
  no. of rejections          423
 stored as     3

 highest radius point found:
  at point   -0.003   0.000   0.775
  closest atom surface    1.265   H23 94  X    0
  2nd closest surface     1.265   H12 94  X    0
  found on step  941
  this is also current point
  no. of rejections          424
 stored as     4

 highest radius point found:
  at point   -0.002  -0.003   0.975
  closest atom surface    1.337   H12 94  X    0
  2nd closest surface     1.337   H19 94  X    0
  found on step  862
  this is also current point
  no. of rejections          399
 stored as     5

 highest radius point found:
  at point   -0.002  -0.003   1.175
  closest atom surface    1.420   H30 94  X    0
  2nd closest surface     1.420   H19 94  X    0
  found on step    1
 current point:
  at point   -0.008   0.003   1.175
  closest atom surface    1.419   H30 94  X    0
  2nd closest surface     1.420   H19 94  X    0
  found on step  865
  no. of rejections          399
 stored as     6

 highest radius point found:
  at point   -0.012   0.006   1.375
  closest atom surface    1.516   H30 94  X    0
  2nd closest surface     1.516   H19 94  X    0
  found on step  842
 current point:
  at point   -0.010   0.004   1.375
  closest atom surface    1.515   H30 94  X    0
  2nd closest surface     1.516   H19 94  X    0
  found on step  956
  no. of rejections          383
 stored as     7

 highest radius point found:
  at point   -0.012   0.006   1.575
  closest atom surface    1.623   H30 94  X    0
  2nd closest surface     1.624   H19 94  X    0
  found on step    1
 current point:
  at point   -0.018   0.011   1.575
  closest atom surface    1.623   H30 94  X    0
  2nd closest surface     1.624   H19 94  X    0
  found on step  982
  no. of rejections          368
 stored as     8

 highest radius point found:
  at point   -0.027   0.017   1.775
  closest atom surface    1.741   H19 94  X    0
  2nd closest surface     1.741   H30 94  X    0
  found on step  303
 current point:
  at point    0.002  -0.009   1.775
  closest atom surface    1.741   H30 94  X    0
  2nd closest surface     1.741   H19 94  X    0
  found on step  925
  no. of rejections          359
 stored as     9

 highest radius point found:
  at point   -0.011   0.002   1.975
  closest atom surface    1.868   H30 94  X    0
  2nd closest surface     1.868   H19 94  X    0
  found on step  484
 current point:
  at point    0.009  -0.016   1.975
  closest atom surface    1.868   H30 94  X    0
  2nd closest surface     1.868   H19 94  X    0
  found on step  989
  no. of rejections          347
 stored as    10

 highest radius point found:
  at point   -0.005  -0.005   2.175
  closest atom surface    2.003   N   94  X    0
  2nd closest surface     2.003   H30 94  X    0
  found on step  125
 current point:
  at point   -0.005  -0.006   2.175
  closest atom surface    2.002   H19 94  X    0
  2nd closest surface     2.002   N   94  X    0
  found on step  957
  no. of rejections          361
 stored as    11

 highest radius point found:
  at point   -0.007  -0.003   2.375
  closest atom surface    2.122   N   94  X    0
  2nd closest surface     2.123   N2  94  X    0
  found on step  844
 current point:
  at point   -0.014  -0.005   2.375
  closest atom surface    2.120   N2  94  X    0
  2nd closest surface     2.122   N1  94  X    0
  found on step  959
  no. of rejections          374
 stored as    12

 highest radius point found:
  at point   -0.007  -0.003   2.575
  closest atom surface    2.245   N   94  X    0
  2nd closest surface     2.246   N2  94  X    0
  found on step    1
 current point:
  at point   -0.015  -0.006   2.575
  closest atom surface    2.244   N2  94  X    0
  2nd closest surface     2.244   N1  94  X    0
  found on step  995
  no. of rejections          373
 stored as    13

 highest radius point found:
  at point   -0.003   0.000   2.775
  closest atom surface    2.376   N   94  X    0
  2nd closest surface     2.376   N2  94  X    0
  found on step  985
  this is also current point
  no. of rejections          367
 stored as    14

 highest radius point found:
  at point   -0.007  -0.002   2.975
  closest atom surface    2.511   N2  94  X    0
  2nd closest surface     2.511   N   94  X    0
  found on step    2
 current point:
  at point   -0.001   0.002   2.975
  closest atom surface    2.510   N   94  X    0
  2nd closest surface     2.511   N3  94  X    0
  found on step  920
  no. of rejections          347
 stored as    15

 highest radius point found:
  at point   -0.007  -0.002   3.175
  closest atom surface    2.651   N2  94  X    0
  2nd closest surface     2.651   N   94  X    0
  found on step    1
 current point:
  at point   -0.003  -0.003   3.175
  closest atom surface    2.649   N   94  X    0
  2nd closest surface     2.653   N2  94  X    0
  found on step  944
  no. of rejections          345
 stored as    16

 highest radius point found:
  at point   -0.007  -0.002   3.375
  closest atom surface    2.795   N   94  X    0
  2nd closest surface     2.796   N2  94  X    0
  found on step    1
 current point:
  at point   -0.006  -0.004   3.375
  closest atom surface    2.794   N   94  X    0
  2nd closest surface     2.795   N1  94  X    0
  found on step  985
  no. of rejections          346
 stored as    17

 highest radius point found:
  at point   -0.007  -0.002   3.575
  closest atom surface    2.944   N1  94  X    0
  2nd closest surface     2.944   N   94  X    0
  found on step    1
 current point:
  at point   -0.009  -0.004   3.575
  closest atom surface    2.941   N1  94  X    0
  2nd closest surface     2.944   N   94  X    0
  found on step  962
  no. of rejections          339
 stored as    18

 highest radius point found:
  at point   -0.007  -0.002   3.775
  closest atom surface    3.095   N1  94  X    0
  2nd closest surface     3.096   N3  94  X    0
  found on step    1
 current point:
  at point   -0.009  -0.003   3.775
  closest atom surface    3.094   N1  94  X    0
  2nd closest surface     3.096   N   94  X    0
  found on step  908
  no. of rejections          337
 stored as    19

 highest radius point found:
  at point   -0.007  -0.002   3.975
  closest atom surface    3.250   N1  94  X    0
  2nd closest surface     3.250   N3  94  X    0
  found on step    2
 current point:
  at point   -0.006  -0.001   3.975
  closest atom surface    3.250   N3  94  X    0
  2nd closest surface     3.250   N1  94  X    0
  found on step  959
  no. of rejections          309
 stored as    20

 highest radius point found:
  at point   -0.007  -0.002   4.175
  closest atom surface    3.408   N3  94  X    0
  2nd closest surface     3.408   N1  94  X    0
  found on step    1
 current point:
  at point   -0.007  -0.001   4.175
  closest atom surface    3.408   N3  94  X    0
  2nd closest surface     3.408   N1  94  X    0
  found on step  955
  no. of rejections          296
 stored as    21

 highest radius point found:
  at point   -0.007  -0.001   4.375
  closest atom surface    3.569   N3  94  X    0
  2nd closest surface     3.569   N1  94  X    0
  found on step  998
  this is also current point
  no. of rejections          291
 stored as    22

 highest radius point found:
  at point   -0.001  -0.007   4.575
  closest atom surface    3.732   N3  94  X    0
  2nd closest surface     3.732   N1  94  X    0
  found on step  945
  this is also current point
  no. of rejections          313
 stored as    23

 highest radius point found:
  at point   -0.001  -0.007   4.775
  closest atom surface    3.897   N3  94  X    0
  2nd closest surface     3.898   N1  94  X    0
  found on step    1
 current point:
  at point   -0.005  -0.005   4.775
  closest atom surface    3.897   N1  94  X    0
  2nd closest surface     3.898   N3  94  X    0
  found on step  949
  no. of rejections          280
 stored as    24

 highest radius point found:
  at point   -0.014   0.003   4.975
  closest atom surface    4.065   N3  94  X    0
  2nd closest surface     4.066   N1  94  X    0
  found on step  716
 current point:
  at point   -0.007  -0.001   4.975
  closest atom surface    4.064   N3  94  X    0
  2nd closest surface     4.066   N1  94  X    0
  found on step  951
  no. of rejections          308
 stored as    25

 highest radius point found:
  at point   -0.008  -0.002   5.175
  closest atom surface    4.235   N3  94  X    0
  2nd closest surface     4.235   N1  94  X    0
  found on step  983
  this is also current point
  no. of rejections          302
 stored as    26

 highest radius point found:
  at point   -0.017   0.003   5.375
  closest atom surface    4.406   N1  94  X    0
  2nd closest surface     4.407   N3  94  X    0
  found on step  882
  this is also current point
  no. of rejections          305
 stored as    27

 highest radius point found:
  at point   -0.017   0.003   5.575
  closest atom surface    4.580   N1  94  X    0
  2nd closest surface     4.580   N3  94  X    0
  found on step    1
 current point:
  at point   -0.020   0.005   5.575
  closest atom surface    4.579   N1  94  X    0
  2nd closest surface     4.580   N3  94  X    0
  found on step  979
  no. of rejections          276
 stored as    28

 highest radius point found:
  at point   -0.017   0.003   5.775
  closest atom surface    4.754   N3  94  X    0
  2nd closest surface     4.755   N1  94  X    0
  found on step    1
 current point:
  at point   -0.018   0.005   5.775
  closest atom surface    4.754   N3  94  X    0
  2nd closest surface     4.755   N1  94  X    0
  found on step  970
  no. of rejections          292
 stored as    29

 highest radius point found:
  at point   -0.023   0.008   5.975
  closest atom surface    4.931   N3  94  X    0
  2nd closest surface     4.931   N1  94  X    0
  found on step    2
 current point:
  at point   -0.010  -0.001   5.975
  closest atom surface    4.930   N3  94  X    0
  2nd closest surface     4.931   N1  94  X    0
  found on step  937
  no. of rejections          307
 stored as    30

 highest radius point found:
  at point   -0.023   0.008   6.175
  closest atom surface    5.108   N3  94  X    0
  2nd closest surface     5.108   N1  94  X    0
  found on step    1
 current point:
  at point   -0.011  -0.002   6.175
  closest atom surface    5.108   N1  94  X    0
  2nd closest surface     5.108   N3  94  X    0
  found on step  926
  no. of rejections          280
 stored as    31

 highest radius point found:
  at point   -0.020   0.004   6.375
  closest atom surface    5.287   N1  94  X    0
  2nd closest surface     5.287   N3  94  X    0
  found on step  810
 current point:
  at point   -0.006  -0.007   6.375
  closest atom surface    5.287   N1  94  X    0
  2nd closest surface     5.287   N3  94  X    0
  found on step  898
  no. of rejections          258
 stored as    32

 highest radius point found:
  at point   -0.013  -0.001   6.575
  closest atom surface    5.467   N1  94  X    0
  2nd closest surface     5.467   N3  94  X    0
  found on step  960
  this is also current point
  no. of rejections          263
 stored as    33

 highest radius point found:
  at point   -0.009  -0.006   6.775
  closest atom surface    5.647   C7  94  X    0
  2nd closest surface     5.647   N1  94  X    0
  found on step  984
  this is also current point
  no. of rejections          283
 stored as    34

 highest radius point found:
  at point   -0.011   0.004   6.975
  closest atom surface    5.827   C20 94  X    0
  2nd closest surface     5.827   N3  94  X    0
  found on step  985
  this is also current point
  no. of rejections          259
 stored as    35

 highest radius point found:
  at point   -0.011   0.004   7.175
  closest atom surface    6.008   C20 94  X    0
  2nd closest surface     6.008   C7  94  X    0
  found on step    1
 current point:
  at point   -0.010   0.010   7.175
  closest atom surface    6.007   C7  94  X    0
  2nd closest surface     6.008   N3  94  X    0
  found on step  927
  no. of rejections          272
 stored as    36

 highest radius point found:
  at point   -0.011   0.004   7.375
  closest atom surface    6.189   C7  94  X    0
  2nd closest surface     6.189   C20 94  X    0
  found on step    1
 current point:
  at point   -0.010  -0.021   7.375
  closest atom surface    6.188   C7  94  X    0
  2nd closest surface     6.190   C20 94  X    0
  found on step  996
  no. of rejections          220
 stored as    37

 highest radius point found:
  at point   -0.012  -0.028   7.575
  closest atom surface    6.371   C20 94  X    0
  2nd closest surface     6.371   C7  94  X    0
  found on step  935
  this is also current point
  no. of rejections          263
 stored as    38

 highest radius point found:
  at point   -0.012  -0.032   7.775
  closest atom surface    6.554   C20 94  X    0
  2nd closest surface     6.555   C7  94  X    0
  found on step  936
  this is also current point
  no. of rejections          261
 stored as    39

 highest radius point found:
  at point   -0.012  -0.032   7.975
  closest atom surface    6.738   C20 94  X    0
  2nd closest surface     6.738   C7  94  X    0
  found on step    1
 current point:
  at point   -0.013  -0.007   7.975
  closest atom surface    6.738   C20 94  X    0
  2nd closest surface     6.738   C7  94  X    0
  found on step  945
  no. of rejections          260
 stored as    40

 highest radius point found:
  at point   -0.013   0.033   8.175
  closest atom surface    6.923   C20 94  X    0
  2nd closest surface     6.923   C7  94  X    0
  found on step  937
  this is also current point
  no. of rejections          250
 stored as    41

 highest radius point found:
  at point   -0.013   0.033   8.375
  closest atom surface    7.108   C7  94  X    0
  2nd closest surface     7.108   C20 94  X    0
  found on step    1
 current point:
  at point   -0.013  -0.041   8.375
  closest atom surface    7.108   C20 94  X    0
  2nd closest surface     7.108   C7  94  X    0
  found on step  996
  no. of rejections          249
 stored as    42

 highest radius point found:
  at point   -0.012  -0.070   8.575
  closest atom surface    7.294   C7  94  X    0
  2nd closest surface     7.294   C20 94  X    0
  found on step  952
  this is also current point
  no. of rejections          253
 stored as    43

 highest radius point found:
  at point   -0.014  -0.070   8.775
  closest atom surface    7.480   C20 94  X    0
  2nd closest surface     7.481   C7  94  X    0
  found on step  911
  this is also current point
  no. of rejections          274
 stored as    44

 highest radius point found:
  at point   -0.014  -0.070   8.975
  closest atom surface    7.667   C20 94  X    0
  2nd closest surface     7.668   C7  94  X    0
  found on step    1
 current point:
  at point   -0.013  -0.049   8.975
  closest atom surface    7.667   C7  94  X    0
  2nd closest surface     7.667   C20 94  X    0
  found on step  916
  no. of rejections          211
 stored as    45

 highest radius point found:
  at point   -0.014  -0.070   9.175
  closest atom surface    7.855   C7  94  X    0
  2nd closest surface     7.855   C20 94  X    0
  found on step    1
 current point:
  at point   -0.014  -0.054   9.175
  closest atom surface    7.855   C7  94  X    0
  2nd closest surface     7.855   C20 94  X    0
  found on step  941
  no. of rejections          239
 stored as    46

 highest radius point found:
  at point   -0.014  -0.070   9.375
  closest atom surface    8.043   C7  94  X    0
  2nd closest surface     8.043   C20 94  X    0
  found on step    1
 current point:
  at point   -0.014   0.038   9.375
  closest atom surface    8.043   C7  94  X    0
  2nd closest surface     8.043   C20 94  X    0
  found on step  945
  no. of rejections          235
 stored as    47

 highest radius point found:
  at point   -0.015   0.041   9.575
  closest atom surface    8.231   C20 94  X    0
  2nd closest surface     8.231   C7  94  X    0
  found on step  915
  this is also current point
  no. of rejections          236
 stored as    48

 highest radius point found:
  at point   -0.015  -0.080   9.775
  closest atom surface    8.420   C7  94  X    0
  2nd closest surface     8.420   C20 94  X    0
  found on step  676
 current point:
  at point   -0.014  -0.120   9.775
  closest atom surface    8.420   N1  94  X    0
  2nd closest surface     8.421   C7  94  X    0
  found on step  965
  no. of rejections          229
 stored as    49

 highest radius point found:
  at point   -0.015  -0.074   9.975
  closest atom surface    8.609   C20 94  X    0
  2nd closest surface     8.610   C7  94  X    0
  found on step  960
  this is also current point
  no. of rejections          222
 stored as    50

 highest radius point found:
  at point   -0.015  -0.074  10.175
  closest atom surface    8.799   C7  94  X    0
  2nd closest surface     8.799   C20 94  X    0
  found on step    1
 current point:
  at point   -0.016  -0.022  10.175
  closest atom surface    8.799   C20 94  X    0
  2nd closest surface     8.799   C7  94  X    0
  found on step  958
  no. of rejections          214
 stored as    51

 highest radius point found:
  at point   -0.016   0.100  10.375
  closest atom surface    8.989   C7  94  X    0
  2nd closest surface     8.989   C20 94  X    0
  found on step  770
 current point:
  at point   -0.016   0.012  10.375
  closest atom surface    8.989   C20 94  X    0
  2nd closest surface     8.989   C7  94  X    0
  found on step  898
  no. of rejections          228
 stored as    52

 highest radius point found:
  at point   -0.016   0.100  10.575
  closest atom surface    9.180   C7  94  X    0
  2nd closest surface     9.180   C20 94  X    0
  found on step  971
  this is also current point
  no. of rejections          192
 stored as    53

 highest radius point found:
  at point   -0.016  -0.152  10.775
  closest atom surface    9.371   C7  94  X    0
  2nd closest surface     9.371   C20 94  X    0
  found on step  957
  this is also current point
  no. of rejections          229
 stored as    54

 highest radius point found:
  at point   -0.016  -0.152  10.975
  closest atom surface    9.562   C7  94  X    0
  2nd closest surface     9.562   C20 94  X    0
  found on step    1
 current point:
  at point   -0.016   0.133  10.975
  closest atom surface    9.562   C7  94  X    0
  2nd closest surface     9.562   C20 94  X    0
  found on step  912
  no. of rejections          219
 stored as    55

 highest radius point found:
  at point   -0.017  -0.164  11.175
  closest atom surface    9.754   C20 94  X    0
  2nd closest surface     9.754   C7  94  X    0
  found on step  897
  this is also current point
  no. of rejections          226
 stored as    56

 highest radius point found:
  at point   -0.017  -0.164  11.375
  closest atom surface    9.945   C7  94  X    0
  2nd closest surface     9.945   C20 94  X    0
  found on step    1
 current point:
  at point   -0.018   0.158  11.375
  closest atom surface    9.945   C20 94  X    0
  2nd closest surface     9.945   C7  94  X    0
  found on step  924
  no. of rejections          211
 stored as    57

 highest radius point found:
  at point   -0.017  -0.164  11.575
  closest atom surface   10.137   C7  94  X    0
  2nd closest surface    10.137   C20 94  X    0
  found on step    1
 current point:
  at point   -0.019   0.131  11.575
  closest atom surface   10.137   C20 94  X    0
  2nd closest surface    10.137   C7  94  X    0
  found on step  924
  no. of rejections          218
 stored as    58

 highest radius point found:
  at point   -0.019  -0.167  11.775
  closest atom surface   10.329   C20 94  X    0
  2nd closest surface    10.330   C7  94  X    0
  found on step  729
 current point:
  at point   -0.020   0.132  11.775
  closest atom surface   10.329   C20 94  X    0
  2nd closest surface    10.329   C7  94  X    0
  found on step  987
  no. of rejections          210
 stored as    59

 highest radius point found:
  at point   -0.019  -0.184  11.975
  closest atom surface   10.522   C20 94  X    0
  2nd closest surface    10.522   C7  94  X    0
  found on step  826
 current point:
  at point   -0.018   0.088  11.975
  closest atom surface   10.521   C7  94  X    0
  2nd closest surface    10.521   C20 94  X    0
  found on step  998
  no. of rejections          221
 stored as    60

 highest radius point found:
  at point   -0.018  -0.196  12.175
  closest atom surface   10.715   C7  94  X    0
  2nd closest surface    10.715   C20 94  X    0
  found on step  998
  this is also current point
  no. of rejections          200
 stored as    61

 highest radius point found:
  at point   -0.019  -0.198  12.375
  closest atom surface   10.908   C7  94  X    0
  2nd closest surface    10.908   C20 94  X    0
  found on step  929
  this is also current point
  no. of rejections          219
 stored as    62

 highest radius point found:
  at point   -0.020   0.208  12.575
  closest atom surface   11.101   C20 94  X    0
  2nd closest surface    11.101   C7  94  X    0
  found on step  396
 current point:
  at point   -0.020   0.155  12.575
  closest atom surface   11.100   C20 94  X    0
  2nd closest surface    11.100   C7  94  X    0
  found on step  957
  no. of rejections          243
 stored as    63

 highest radius point found:
  at point   -0.019  -0.219  12.775
  closest atom surface   11.294   C7  94  X    0
  2nd closest surface    11.295   C20 94  X    0
  found on step  971
  this is also current point
  no. of rejections          213
 stored as    64

 highest radius point found:
  at point   -0.020  -0.242  12.975
  closest atom surface   11.488   C20 94  X    0
  2nd closest surface    11.488   C7  94  X    0
  found on step  472
 current point:
  at point   -0.020  -0.243  12.975
  closest atom surface   11.488   C20 94  X    0
  2nd closest surface    11.488   N1  94  X    0
  found on step  987
  no. of rejections          202
 stored as    65

 highest radius point found:
  at point   -0.020  -0.242  13.175
  closest atom surface   11.682   C20 94  X    0
  2nd closest surface    11.682   C7  94  X    0
  found on step    1
 current point:
  at point   -0.021   0.197  13.175
  closest atom surface   11.681   C20 94  X    0
  2nd closest surface    11.681   C7  94  X    0
  found on step  980
  no. of rejections          182
 stored as    66

 highest radius point found:
  at point   -0.020  -0.242  13.375
  closest atom surface   11.876   C7  94  X    0
  2nd closest surface    11.876   C20 94  X    0
  found on step    1
 current point:
  at point   -0.021   0.240  13.375
  closest atom surface   11.876   C20 94  X    0
  2nd closest surface    11.876   C7  94  X    0
  found on step  914
  no. of rejections          218
 stored as    67

 highest radius point found:
  at point   -0.020  -0.242  13.575
  closest atom surface   12.070   C7  94  X    0
  2nd closest surface    12.070   C20 94  X    0
  found on step    1
 current point:
  at point   -0.021   0.215  13.575
  closest atom surface   12.069   C7  94  X    0
  2nd closest surface    12.069   C20 94  X    0
  found on step  955
  no. of rejections          222
 stored as    68

 highest radius point found:
  at point   -0.018  -0.276  13.775
  closest atom surface   12.264   C7  94  X    0
  2nd closest surface    12.265   N1  94  X    0
  found on step  792
 current point:
  at point   -0.021   0.009  13.775
  closest atom surface   12.262   C7  94  X    0
  2nd closest surface    12.262   C20 94  X    0
  found on step  953
  no. of rejections          211
 stored as    69

 highest radius point found:
  at point   -0.020  -0.266  13.975
  closest atom surface   12.459   C7  94  X    0
  2nd closest surface    12.459   C20 94  X    0
  found on step  666
 current point:
  at point   -0.022   0.195  13.975
  closest atom surface   12.458   C7  94  X    0
  2nd closest surface    12.458   C20 94  X    0
  found on step  968
  no. of rejections          224
 stored as    70

 highest radius point found:
  at point   -0.020  -0.266  14.175
  closest atom surface   12.653   C7  94  X    0
  2nd closest surface    12.653   C20 94  X    0
  found on step    1
 current point:
  at point   -0.024   0.209  14.175
  closest atom surface   12.652   C20 94  X    0
  2nd closest surface    12.653   C7  94  X    0
  found on step  925
  no. of rejections          236
 stored as    71

 highest radius point found:
  at point   -0.022  -0.242  14.375
  closest atom surface   12.848   C20 94  X    0
  2nd closest surface    12.848   C7  94  X    0
  found on step  900
  this is also current point
  no. of rejections          193
 stored as    72

 highest radius point found:
  at point   -0.022  -0.242  14.575
  closest atom surface   13.042   C7  94  X    0
  2nd closest surface    13.042   C20 94  X    0
  found on step    1
 current point:
  at point   -0.022   0.199  14.575
  closest atom surface   13.042   C7  94  X    0
  2nd closest surface    13.042   C20 94  X    0
  found on step  903
  no. of rejections          188
 stored as    73

 highest radius point found:
  at point   -0.021   0.234  14.775
  closest atom surface   13.237   C7  94  X    0
  2nd closest surface    13.237   C20 94  X    0
  found on step  738
 current point:
  at point   -0.024  -0.180  14.775
  closest atom surface   13.236   C20 94  X    0
  2nd closest surface    13.237   C7  94  X    0
  found on step  977
  no. of rejections          206
 stored as    74

 highest radius point found:
  at point   -0.024   0.236  14.975
  closest atom surface   13.432   C20 94  X    0
  2nd closest surface    13.432   C7  94  X    0
  found on step  307
 current point:
  at point   -0.026  -0.173  14.975
  closest atom surface   13.431   C20 94  X    0
  2nd closest surface    13.432   C7  94  X    0
  found on step  981
  no. of rejections          214
 stored as    75

 highest radius point found:
  at point   -0.022   0.226  15.175
  closest atom surface   13.627   C7  94  X    0
  2nd closest surface    13.628   C20 94  X    0
  found on step  823
 current point:
  at point   -0.024   0.207  15.175
  closest atom surface   13.627   C20 94  X    0
  2nd closest surface    13.627   C7  94  X    0
  found on step  983
  no. of rejections          196
 stored as    76

 highest radius point found:
  at point   -0.022   0.226  15.375
  closest atom surface   13.821   H25 94  X    0
  2nd closest surface    13.822   C7  94  X    0
  found on step    1
 current point:
  at point   -0.022  -0.121  15.375
  closest atom surface   13.821   C7  94  X    0
  2nd closest surface    13.822   C20 94  X    0
  found on step  975
  no. of rejections          184
 stored as    77

 highest radius point found:
  at point   -0.024   0.205  15.575
  closest atom surface   14.018   C7  94  X    0
  2nd closest surface    14.018   C20 94  X    0
  found on step  810
 current point:
  at point   -0.024  -0.166  15.575
  closest atom surface   14.017   C20 94  X    0
  2nd closest surface    14.017   C7  94  X    0
  found on step  983
  no. of rejections          190
 stored as    78

 highest radius point found:
  at point   -0.024   0.205  15.775
  closest atom surface   14.213   H25 94  X    0
  2nd closest surface    14.213   C7  94  X    0
  found on step    1
 current point:
  at point   -0.024  -0.126  15.775
  closest atom surface   14.212   C20 94  X    0
  2nd closest surface    14.213   C7  94  X    0
  found on step  905
  no. of rejections          187
 stored as    79

 highest radius point found:
  at point   -0.023   0.084  15.975
  closest atom surface   14.408   C7  94  X    0
  2nd closest surface    14.408   C20 94  X    0
  found on step  162
 current point:
  at point   -0.024  -0.021  15.975
  closest atom surface   14.408   C7  94  X    0
  2nd closest surface    14.408   C20 94  X    0
  found on step  988
  no. of rejections          221
 stored as    80

 highest radius point found:
  at point   -0.025  -0.170  16.175
  closest atom surface   14.604   C20 94  X    0
  2nd closest surface    14.604   C7  94  X    0
  found on step  876
 current point:
  at point   -0.023  -0.163  16.175
  closest atom surface   14.604   C7  94  X    0
  2nd closest surface    14.604   C20 94  X    0
  found on step  884
  no. of rejections          204
 stored as    81

 highest radius point found:
  at point   -0.025  -0.170  16.375
  closest atom surface   14.800   H14 94  X    0
  2nd closest surface    14.800   C20 94  X    0
  found on step    1
 current point:
  at point   -0.026  -0.125  16.375
  closest atom surface   14.799   C20 94  X    0
  2nd closest surface    14.800   C7  94  X    0
  found on step  999
  no. of rejections          211
 stored as    82

 highest radius point found:
  at point   -0.025  -0.157  16.575
  closest atom surface   14.996   C20 94  X    0
  2nd closest surface    14.996   C7  94  X    0
  found on step  879
 current point:
  at point   -0.026  -0.149  16.575
  closest atom surface   14.996   C20 94  X    0
  2nd closest surface    14.996   C7  94  X    0
  found on step  925
  no. of rejections          198
 stored as    83

 highest radius point found:
  at point   -0.026   0.126  16.775
  closest atom surface   15.192   C20 94  X    0
  2nd closest surface    15.192   C7  94  X    0
  found on step  401
 current point:
  at point   -0.026  -0.126  16.775
  closest atom surface   15.192   C20 94  X    0
  2nd closest surface    15.192   C7  94  X    0
  found on step  982
  no. of rejections          199
 stored as    84

 highest radius point found:
  at point   -0.026   0.126  16.975
  closest atom surface   15.388   C7  94  X    0
  2nd closest surface    15.388   C20 94  X    0
  found on step    1
 current point:
  at point   -0.027   0.124  16.975
  closest atom surface   15.388   C20 94  X    0
  2nd closest surface    15.388   C7  94  X    0
  found on step  980
  no. of rejections          186
 stored as    85

 highest radius point found:
  at point   -0.026  -0.122  17.175
  closest atom surface   15.584   C20 94  X    0
  2nd closest surface    15.584   C7  94  X    0
  found on step  762
 current point:
  at point   -0.027   0.117  17.175
  closest atom surface   15.584   C20 94  X    0
  2nd closest surface    15.584   C7  94  X    0
  found on step  908
  no. of rejections          177
 stored as    86

 highest radius point found:
  at point   -0.026  -0.122  17.375
  closest atom surface   15.780   C7  94  X    0
  2nd closest surface    15.780   C20 94  X    0
  found on step    1
 current point:
  at point   -0.026   0.056  17.375
  closest atom surface   15.780   C7  94  X    0
  2nd closest surface    15.780   C20 94  X    0
  found on step  981
  no. of rejections          199
 stored as    87

 highest radius point found:
  at point   -0.027   0.111  17.575
  closest atom surface   15.977   C20 94  X    0
  2nd closest surface    15.977   C7  94  X    0
  found on step  997
  this is also current point
  no. of rejections          195
 stored as    88

 highest radius point found:
  at point   -0.027   0.111  17.775
  closest atom surface   16.173   C20 94  X    0
  2nd closest surface    16.173   C7  94  X    0
  found on step    1
 current point:
  at point   -0.027  -0.056  17.775
  closest atom surface   16.173   C20 94  X    0
  2nd closest surface    16.173   C7  94  X    0
  found on step  971
  no. of rejections          192
 stored as    89

 highest radius point found:
  at point   -0.028  -0.100  17.975
  closest atom surface   16.369   C20 94  X    0
  2nd closest surface    16.370   H14 94  X    0
  found on step  951
  this is also current point
  no. of rejections          162
 stored as    90

 highest radius point found:
  at point   -0.028   0.092  18.175
  closest atom surface   16.566   C20 94  X    0
  2nd closest surface    16.566   C7  94  X    0
  found on step  242
 current point:
  at point   -0.028  -0.067  18.175
  closest atom surface   16.566   C20 94  X    0
  2nd closest surface    16.566   C7  94  X    0
  found on step  994
  no. of rejections          184
 stored as    91

 highest radius point found:
  at point   -0.028   0.092  18.375
  closest atom surface   16.763   C20 94  X    0
  2nd closest surface    16.763   C7  94  X    0
  found on step    1
 current point:
  at point   -0.028   0.043  18.375
  closest atom surface   16.763   C20 94  X    0
  2nd closest surface    16.763   C7  94  X    0
  found on step  912
  no. of rejections          207
 stored as    92

 highest radius point found:
  at point   -0.028   0.082  18.575
  closest atom surface   16.960   C7  94  X    0
  2nd closest surface    16.960   C20 94  X    0
  found on step  856
 current point:
  at point   -0.028  -0.052  18.575
  closest atom surface   16.960   C7  94  X    0
  2nd closest surface    16.960   C20 94  X    0
  found on step  894
  no. of rejections          202
 stored as    93

 highest radius point found:
  at point   -0.029  -0.062  18.775
  closest atom surface   17.156   C20 94  X    0
  2nd closest surface    17.157   C7  94  X    0
  found on step  887
  this is also current point
  no. of rejections          216
 stored as    94

 highest radius point found:
  at point   -0.029   0.010  18.975
  closest atom surface   17.353   C20 94  X    0
  2nd closest surface    17.353   C7  94  X    0
  found on step  953
  this is also current point
  no. of rejections          200
 stored as    95

 highest radius point found:
  at point   -0.029  -0.019  19.175
  closest atom surface   17.550   C7  94  X    0
  2nd closest surface    17.550   C20 94  X    0
  found on step  931
  this is also current point
  no. of rejections          213
 stored as    96

 highest radius point found:
  at point   -0.029  -0.040  19.375
  closest atom surface   17.747   C7  94  X    0
  2nd closest surface    17.747   H14 94  X    0
  found on step  925
  this is also current point
  no. of rejections          195
 stored as    97

 highest radius point found:
  at point   -0.032   0.014  19.575
  closest atom surface   17.944   C20 94  X    0
  2nd closest surface    17.945   C7  94  X    0
  found on step  930
  this is also current point
  no. of rejections          194
 stored as    98

 highest radius point found:
  at point   -0.030  -0.007  19.775
  closest atom surface   18.141   C7  94  X    0
  2nd closest surface    18.142   C20 94  X    0
  found on step  695
 current point:
  at point   -0.030  -0.011  19.775
  closest atom surface   18.141   C20 94  X    0
  2nd closest surface    18.142   C7  94  X    0
  found on step  950
  no. of rejections          191
 stored as    99

 highest radius point found:
  at point   -0.030  -0.007  19.975
  closest atom surface   18.339   C7  94  X    0
  2nd closest surface    18.339   C20 94  X    0
  found on step    1
 current point:
  at point   -0.029  -0.005  19.975
  closest atom surface   18.339   C7  94  X    0
  2nd closest surface    18.339   C20 94  X    0
  found on step  988
  no. of rejections          180
 stored as   100

 highest radius point found:
  at point   -0.030  -0.006  20.175
  closest atom surface   18.536   C7  94  X    0
  2nd closest surface    18.536   C20 94  X    0
  found on step  974
  this is also current point
  no. of rejections          194
 stored as   101

 highest radius point found:
  at point   -0.031   0.002  20.375
  closest atom surface   18.733   C7  94  X    0
  2nd closest surface    18.733   H14 94  X    0
  found on step  999
  this is also current point
  no. of rejections          193
 stored as   102

 highest radius point found:
  at point   -0.027   0.006  20.575
  closest atom surface   18.930   H14 94  X    0
  2nd closest surface    18.930   H25 94  X    0
  found on step  927
  this is also current point
  no. of rejections          212
 stored as   103

 highest radius point found:
  at point   -0.035   0.004  20.775
  closest atom surface   19.125   H25 94  X    0
  2nd closest surface    19.125   H14 94  X    0
  found on step  929
  this is also current point
  no. of rejections          217
 stored as   104

 highest radius point found:
  at point   -0.035   0.004  20.975
  closest atom surface   19.321   H25 94  X    0
  2nd closest surface    19.321   H14 94  X    0
  found on step    1
 current point:
  at point   -0.021   0.008  20.975
  closest atom surface   19.321   H14 94  X    0
  2nd closest surface    19.321   H25 94  X    0
  found on step  996
  no. of rejections          229
 stored as   105

 highest radius point found:
  at point   -0.035   0.004  21.175
  closest atom surface   19.517   H14 94  X    0
  2nd closest surface    19.517   H25 94  X    0
  found on step    1
 current point:
  at point   -0.069  -0.004  21.175
  closest atom surface   19.517   H14 94  X    0
  2nd closest surface    19.517   C20 94  X    0
  found on step  935
  no. of rejections          226
 stored as   106

 highest radius point found:
  at point   -0.035   0.004  21.375
  closest atom surface   19.713   H14 94  X    0
  2nd closest surface    19.713   H25 94  X    0
  found on step    1
 current point:
  at point    0.004   0.015  21.375
  closest atom surface   19.713   H25 94  X    0
  2nd closest surface    19.713   H14 94  X    0
  found on step  985
  no. of rejections          201
 stored as   107

 highest radius point found:
  at point    0.012   0.016  21.575
  closest atom surface   19.909   H14 94  X    0
  2nd closest surface    19.909   H25 94  X    0
  found on step  896
  this is also current point
  no. of rejections          187
 stored as   108

 highest radius point found:
  at point    0.006   0.011  21.775
  closest atom surface   20.102   H1  94  X    0
  2nd closest surface    20.104   H31 94  X    0
  found on step  994
  this is also current point
  no. of rejections          227
 stored as   109

 highest radius point found:
  at point    0.003   0.075  21.975
  closest atom surface   20.289   H1  94  X    0
  2nd closest surface    20.289   H31 94  X    0
  found on step  861
 current point:
  at point    0.003   0.087  21.975
  closest atom surface   20.288   H25 94  X    0
  2nd closest surface    20.289   H1  94  X    0
  found on step  996
  no. of rejections          221
 stored as   110

 highest radius point found:
  at point    0.003   0.075  22.175
  closest atom surface   20.475   H1  94  X    0
  2nd closest surface    20.475   H31 94  X    0
  found on step    1
 current point:
  at point    0.004   0.014  22.175
  closest atom surface   20.475   H31 94  X    0
  2nd closest surface    20.476   H1  94  X    0
  found on step  911
  no. of rejections          244
 stored as   111

 highest radius point found:
  at point    0.003   0.075  22.375
  closest atom surface   20.662   H1  94  X    0
  2nd closest surface    20.662   H31 94  X    0
  found on step    1
 current point:
  at point    0.004   0.018  22.375
  closest atom surface   20.662   H31 94  X    0
  2nd closest surface    20.662   H1  94  X    0
  found on step  994
  no. of rejections          189
 stored as   112

 highest radius point found:
  at point    0.000   0.198  22.575
  closest atom surface   20.849   H1  94  X    0
  2nd closest surface    20.849   H31 94  X    0
  found on step  537
 current point:
  at point    0.002   0.098  22.575
  closest atom surface   20.849   H31 94  X    0
  2nd closest surface    20.849   H1  94  X    0
  found on step  956
  no. of rejections          265
 stored as   113

 highest radius point found:
  at point    0.000   0.198  22.775
  closest atom surface   21.036   H1  94  X    0
  2nd closest surface    21.036   H31 94  X    0
  found on step    1
 current point:
  at point   -0.053  -0.442  22.775
  closest atom surface   21.012   H14 94  X    0
  2nd closest surface    21.015   H31 94  X    0
  found on step  999
  no. of rejections          127
 stored as   114

 highest radius point found:
  at point   -0.003   0.355  22.975
  closest atom surface   21.225   H1  94  X    0
  2nd closest surface    21.225   H25 94  X    0
  found on step   56
 current point:
  at point    0.008  -0.092  22.975
  closest atom surface   21.222   H1  94  X    0
  2nd closest surface    21.223   H31 94  X    0
  found on step  969
  no. of rejections          228
 stored as   115

 highest radius point found:
  at point   -0.006   0.407  23.175
  closest atom surface   21.413   H31 94  X    0
  2nd closest surface    21.414   H1  94  X    0
  found on step  980
  this is also current point
  no. of rejections          240
 stored as   116

 highest radius point found:
  at point    0.017  -0.416  23.375
  closest atom surface   21.601   H1  94  X    0
  2nd closest surface    21.601   H31 94  X    0
  found on step  945
  this is also current point
  no. of rejections          218
 stored as   117

 highest radius point found:
  at point    0.017  -0.416  23.575
  closest atom surface   21.789   H1  94  X    0
  2nd closest surface    21.789   H31 94  X    0
  found on step    1
 current point:
  at point    0.007  -0.074  23.575
  closest atom surface   21.785   H31 94  X    0
  2nd closest surface    21.785   H1  94  X    0
  found on step  933
  no. of rejections          261
 stored as   118

 highest radius point found:
  at point    0.018  -0.507  23.775
  closest atom surface   21.979   H31 94  X    0
  2nd closest surface    21.979   H1  94  X    0
  found on step  958
  this is also current point
  no. of rejections          206
 stored as   119

 highest radius point found:
  at point   -0.012   0.565  23.975
  closest atom surface   22.167   H31 94  X    0
  2nd closest surface    22.169   H1  94  X    0
  found on step  339
 current point:
  at point    0.001   0.148  23.975
  closest atom surface   22.162   H1  94  X    0
  2nd closest surface    22.162   H31 94  X    0
  found on step  953
  no. of rejections          244
 This is an end! (radius above  22.0 angs)
 highest radius point found:
  at point    0.009   0.008  -0.225
  closest atom surface    1.149   H12 94  X    0
  2nd closest surface     1.149   H23 94  X    0
  found on step    1
 current point:
  at point    0.025   0.022  -0.225
  closest atom surface    1.149   H12 94  X    0
  2nd closest surface     1.150   H23 94  X    0
  found on step  973
  no. of rejections          387
 stored as    -1

 highest radius point found:
  at point   -0.019  -0.018  -0.425
  closest atom surface    1.181   H12 94  X    0
  2nd closest surface     1.182   H23 94  X    0
  found on step  297
 current point:
  at point    0.012   0.010  -0.425
  closest atom surface    1.181   H23 94  X    0
  2nd closest surface     1.181   H12 94  X    0
  found on step  877
  no. of rejections          391
 stored as    -2

 highest radius point found:
  at point    0.031   0.027  -0.625
  closest atom surface    1.231   H12 94  X    0
  2nd closest surface     1.231   H23 94  X    0
  found on step  880
 current point:
  at point   -0.003  -0.003  -0.625
  closest atom surface    1.231   H23 94  X    0
  2nd closest surface     1.231   H12 94  X    0
  found on step  909
  no. of rejections          397
 stored as    -3

 highest radius point found:
  at point    0.031   0.027  -0.825
  closest atom surface    1.297   H23 94  X    0
  2nd closest surface     1.297   H12 94  X    0
  found on step    1
 current point:
  at point   -0.015  -0.015  -0.825
  closest atom surface    1.297   H12 94  X    0
  2nd closest surface     1.297   H23 94  X    0
  found on step  903
  no. of rejections          414
 stored as    -4

 highest radius point found:
  at point   -0.039  -0.038  -1.025
  closest atom surface    1.378   H12 94  X    0
  2nd closest surface     1.378   H23 94  X    0
  found on step  691
 current point:
  at point    0.005   0.002  -1.025
  closest atom surface    1.377   H12 94  X    0
  2nd closest surface     1.378   H23 94  X    0
  found on step  940
  no. of rejections          375
 stored as    -5

 highest radius point found:
  at point   -0.039  -0.038  -1.225
  closest atom surface    1.472   H23 94  X    0
  2nd closest surface     1.472   H12 94  X    0
  found on step    1
 current point:
  at point    0.040   0.034  -1.225
  closest atom surface    1.472   H12 94  X    0
  2nd closest surface     1.472   H23 94  X    0
  found on step  915
  no. of rejections          360
 stored as    -6

 highest radius point found:
  at point    0.057   0.048  -1.425
  closest atom surface    1.579   H12 94  X    0
  2nd closest surface     1.580   H23 94  X    0
  found on step  850
 current point:
  at point    0.051   0.045  -1.425
  closest atom surface    1.579   H23 94  X    0
  2nd closest surface     1.580   H12 94  X    0
  found on step  992
  no. of rejections          349
 stored as    -7

 highest radius point found:
  at point    0.002   0.002  -1.625
  closest atom surface    1.684   H26 94  X    0
  2nd closest surface     1.685   H15 94  X    0
  found on step  806
 current point:
  at point    0.020  -0.000  -1.625
  closest atom surface    1.683   H15 94  X    0
  2nd closest surface     1.686   H26 94  X    0
  found on step  907
  no. of rejections          425
 stored as    -8

 highest radius point found:
  at point    0.185   0.000  -1.825
  closest atom surface    1.719   H15 94  X    0
  2nd closest surface     1.719   H26 94  X    0
  found on step  529
 current point:
  at point   -0.196   0.001  -1.825
  closest atom surface    1.719   H15 94  X    0
  2nd closest surface     1.722   H26 94  X    0
  found on step  989
  no. of rejections          348
 stored as    -9

 highest radius point found:
  at point    0.377  -0.000  -2.025
  closest atom surface    1.781   H26 94  X    0
  2nd closest surface     1.782   H15 94  X    0
  found on step  892
  this is also current point
  no. of rejections          381
 stored as   -10

 highest radius point found:
  at point   -0.429   0.003  -2.225
  closest atom surface    1.844   H15 94  X    0
  2nd closest surface     1.846   H26 94  X    0
  found on step  953
  this is also current point
  no. of rejections          390
 stored as   -11

 highest radius point found:
  at point   -0.500   0.004  -2.425
  closest atom surface    1.925   H15 94  X    0
  2nd closest surface     1.925   H26 94  X    0
  found on step   32
 current point:
  at point   -0.499   0.004  -2.425
  closest atom surface    1.924   H15 94  X    0
  2nd closest surface     1.925   H26 94  X    0
  found on step  984
  no. of rejections          390
 stored as   -12

 highest radius point found:
  at point   -0.571   0.000  -2.625
  closest atom surface    2.012   C20 94  X    0
  2nd closest surface     2.013   H15 94  X    0
  found on step  945
  this is also current point
  no. of rejections          361
 stored as   -13

 highest radius point found:
  at point    0.630  -0.003  -2.825
  closest atom surface    2.118   H15 94  X    0
  2nd closest surface     2.118   H26 94  X    0
  found on step  982
  this is also current point
  no. of rejections          387
 stored as   -14

 highest radius point found:
  at point   -0.681   0.005  -3.025
  closest atom surface    2.228   C20 94  X    0
  2nd closest surface     2.229   H15 94  X    0
  found on step  982
  this is also current point
  no. of rejections          357
 stored as   -15

 highest radius point found:
  at point   -0.730   0.006  -3.225
  closest atom surface    2.348   H26 94  X    0
  2nd closest surface     2.349   H15 94  X    0
  found on step  996
  this is also current point
  no. of rejections          360
 stored as   -16

 highest radius point found:
  at point   -0.785   0.006  -3.425
  closest atom surface    2.476   C20 94  X    0
  2nd closest surface     2.477   H26 94  X    0
  found on step  996
  this is also current point
  no. of rejections          349
 stored as   -17

 highest radius point found:
  at point    0.845  -0.006  -3.625
  closest atom surface    2.612   H15 94  X    0
  2nd closest surface     2.612   C7  94  X    0
  found on step  970
  this is also current point
  no. of rejections          347
 stored as   -18

 highest radius point found:
  at point    0.894  -0.007  -3.825
  closest atom surface    2.752   H15 94  X    0
  2nd closest surface     2.753   C7  94  X    0
  found on step  949
  this is also current point
  no. of rejections          346
 stored as   -19

 highest radius point found:
  at point    0.943  -0.005  -4.025
  closest atom surface    2.899   C7  94  X    0
  2nd closest surface     2.901   H15 94  X    0
  found on step  988
  this is also current point
  no. of rejections          331
 stored as   -20

 highest radius point found:
  at point    0.986  -0.005  -4.225
  closest atom surface    3.051   H26 94  X    0
  2nd closest surface     3.051   H15 94  X    0
  found on step  828
 current point:
  at point    0.980  -0.005  -4.225
  closest atom surface    3.050   H26 94  X    0
  2nd closest surface     3.050   H15 94  X    0
  found on step  935
  no. of rejections          324
 stored as   -21

 highest radius point found:
  at point    1.018  -0.003  -4.425
  closest atom surface    3.202   H26 94  X    0
  2nd closest surface     3.205   H15 94  X    0
  found on step  900
  this is also current point
  no. of rejections          305
 stored as   -22

 highest radius point found:
  at point    1.079  -0.009  -4.625
  closest atom surface    3.364   C7  94  X    0
  2nd closest surface     3.365   H15 94  X    0
  found on step  964
  this is also current point
  no. of rejections          324
 stored as   -23

 highest radius point found:
  at point    1.109  -0.006  -4.825
  closest atom surface    3.527   H26 94  X    0
  2nd closest surface     3.527   H15 94  X    0
  found on step  938
  this is also current point
  no. of rejections          293
 stored as   -24

 highest radius point found:
  at point    1.160  -0.004  -5.025
  closest atom surface    3.693   H26 94  X    0
  2nd closest surface     3.695   C7  94  X    0
  found on step  219
 current point:
  at point   -1.149   0.005  -5.025
  closest atom surface    3.690   C20 94  X    0
  2nd closest surface     3.691   H15 94  X    0
  found on step  942
  no. of rejections          299
 stored as   -25

 highest radius point found:
  at point    1.198  -0.007  -5.225
  closest atom surface    3.862   H15 94  X    0
  2nd closest surface     3.862   H26 94  X    0
  found on step  855
 current point:
  at point    1.202  -0.009  -5.225
  closest atom surface    3.862   H15 94  X    0
  2nd closest surface     3.863   C7  94  X    0
  found on step  928
  no. of rejections          272
 stored as   -26

 highest radius point found:
  at point    1.244  -0.009  -5.425
  closest atom surface    4.034   H15 94  X    0
  2nd closest surface     4.034   C7  94  X    0
  found on step  955
  this is also current point
  no. of rejections          325
 stored as   -27

 highest radius point found:
  at point    1.279  -0.007  -5.625
  closest atom surface    4.207   H15 94  X    0
  2nd closest surface     4.207   H26 94  X    0
  found on step  978
  this is also current point
  no. of rejections          260
 stored as   -28

 highest radius point found:
  at point    1.325  -0.008  -5.825
  closest atom surface    4.382   C7  94  X    0
  2nd closest surface     4.383   H15 94  X    0
  found on step  883
 current point:
  at point    1.325  -0.007  -5.825
  closest atom surface    4.382   C7  94  X    0
  2nd closest surface     4.383   H26 94  X    0
  found on step  910
  no. of rejections          282
 stored as   -29

 highest radius point found:
  at point    1.351  -0.011  -6.025
  closest atom surface    4.556   H15 94  X    0
  2nd closest surface     4.559   H26 94  X    0
  found on step   16
 current point:
  at point    2.517  -1.199  -6.025
  closest atom surface    4.418   C7  94  X    0
  2nd closest surface     4.418   C12 94  X    0
  found on step  936
  no. of rejections          240
 stored as   -30

 highest radius point found:
  at point    1.406  -0.003  -6.225
  closest atom surface    4.738   C7  94  X    0
  2nd closest surface     4.738   H26 94  X    0
  found on step  984
  this is also current point
  no. of rejections          230
 stored as   -31

 highest radius point found:
  at point    1.440  -0.008  -6.425
  closest atom surface    4.919   H26 94  X    0
  2nd closest surface     4.920   C7  94  X    0
  found on step  964
  this is also current point
  no. of rejections          258
 stored as   -32

 highest radius point found:
  at point    1.440  -0.008  -6.625
  closest atom surface    5.092   H26 94  X    0
  2nd closest surface     5.092   H15 94  X    0
  found on step    1
 current point:
  at point    2.645  -1.169  -6.625
  closest atom surface    4.984   C7  94  X    0
  2nd closest surface     4.984   C12 94  X    0
  found on step  969
  no. of rejections          158
 stored as   -33

 highest radius point found:
  at point    1.522  -0.006  -6.825
  closest atom surface    5.283   C7  94  X    0
  2nd closest surface     5.284   H26 94  X    0
  found on step  888
 current point:
  at point    1.522  -0.002  -6.825
  closest atom surface    5.283   C7  94  X    0
  2nd closest surface     5.283   H26 94  X    0
  found on step  926
  no. of rejections          273
 stored as   -34

 highest radius point found:
  at point    1.554  -0.010  -7.025
  closest atom surface    5.468   H15 94  X    0
  2nd closest surface     5.469   C7  94  X    0
  found on step  979
  this is also current point
  no. of rejections          254
 stored as   -35

 highest radius point found:
  at point    1.594  -0.014  -7.225
  closest atom surface    5.653   H15 94  X    0
  2nd closest surface     5.653   C7  94  X    0
  found on step  730
 current point:
  at point    1.599  -0.007  -7.225
  closest atom surface    5.652   C7  94  X    0
  2nd closest surface     5.654   H26 94  X    0
  found on step 1000
  no. of rejections          250
 stored as   -36

 highest radius point found:
  at point    1.630  -0.013  -7.425
  closest atom surface    5.839   H15 94  X    0
  2nd closest surface     5.839   C7  94  X    0
  found on step  956
  this is also current point
  no. of rejections          240
 stored as   -37

 highest radius point found:
  at point    1.630  -0.013  -7.625
  closest atom surface    6.018   H15 94  X    0
  2nd closest surface     6.020   H26 94  X    0
  found on step    1
 current point:
  at point    4.017   2.009  -7.625
  closest atom surface    5.872   C25 94  X    0
  2nd closest surface     5.872   C2  94  X    0
  found on step  956
  no. of rejections          224
 stored as   -38

 highest radius point found:
  at point    1.708  -0.006  -7.825
  closest atom surface    6.214   C7  94  X    0
  2nd closest surface     6.215   C12 94  X    0
  found on step  967
  this is also current point
  no. of rejections          240
 stored as   -39

 highest radius point found:
  at point    1.760  -0.002  -8.025
  closest atom surface    6.400   C7  94  X    0
  2nd closest surface     6.400   C23 94  X    0
  found on step  982
  this is also current point
  no. of rejections          287
 stored as   -40

 highest radius point found:
  at point    1.812  -0.002  -8.225
  closest atom surface    6.586   C23 94  X    0
  2nd closest surface     6.586   C7  94  X    0
  found on step  982
  this is also current point
  no. of rejections          153
 stored as   -41

 highest radius point found:
  at point    1.865  -0.004  -8.425
  closest atom surface    6.774   C7  94  X    0
  2nd closest surface     6.774   C12 94  X    0
  found on step  953
  this is also current point
  no. of rejections          225
 stored as   -42

 highest radius point found:
  at point    1.922  -0.001  -8.625
  closest atom surface    6.961   C7  94  X    0
  2nd closest surface     6.962   C23 94  X    0
  found on step  997
  this is also current point
  no. of rejections          243
 stored as   -43

 highest radius point found:
  at point    1.978  -0.007  -8.825
  closest atom surface    7.150   C7  94  X    0
  2nd closest surface     7.151   C12 94  X    0
  found on step  796
 current point:
  at point    1.974  -0.007  -8.825
  closest atom surface    7.150   C12 94  X    0
  2nd closest surface     7.151   C7  94  X    0
  found on step  939
  no. of rejections          231
 stored as   -44

 highest radius point found:
  at point    1.978  -0.007  -9.025
  closest atom surface    7.329   C12 94  X    0
  2nd closest surface     7.332   C23 94  X    0
  found on step    1
 current point:
  at point    3.037  -0.934  -9.025
  closest atom surface    7.299   C8  94  X    0
  2nd closest surface     7.299   C7  94  X    0
  found on step  968
  no. of rejections          137
 stored as   -45

 highest radius point found:
  at point    2.095  -0.010  -9.225
  closest atom surface    7.529   C7  94  X    0
  2nd closest surface     7.533   C12 94  X    0
  found on step  486
 current point:
  at point    2.095  -0.016  -9.225
  closest atom surface    7.529   C7  94  X    0
  2nd closest surface     7.530   C12 94  X    0
  found on step  996
  no. of rejections          207
 stored as   -46

 highest radius point found:
  at point    2.138  -0.001  -9.425
  closest atom surface    7.722   C7  94  X    0
  2nd closest surface     7.723   C23 94  X    0
  found on step  995
  this is also current point
  no. of rejections          179
 stored as   -47

 highest radius point found:
  at point    2.192   0.001  -9.625
  closest atom surface    7.914   C23 94  X    0
  2nd closest surface     7.914   C7  94  X    0
  found on step  954
  this is also current point
  no. of rejections          216
 stored as   -48

 highest radius point found:
  at point    2.245  -0.011  -9.825
  closest atom surface    8.106   C12 94  X    0
  2nd closest surface     8.107   C7  94  X    0
  found on step  619
 current point:
  at point    2.985   0.677  -9.825
  closest atom surface    8.075   C7  94  X    0
  2nd closest surface     8.076   C23 94  X    0
  found on step  982
  no. of rejections          208
 stored as   -49

 highest radius point found:
  at point    2.298  -0.004 -10.025
  closest atom surface    8.300   C7  94  X    0
  2nd closest surface     8.301   C23 94  X    0
  found on step  988
  this is also current point
  no. of rejections          197
 stored as   -50

 highest radius point found:
  at point    2.353  -0.007 -10.225
  closest atom surface    8.493   C7  94  X    0
  2nd closest surface     8.494   C12 94  X    0
  found on step  932
  this is also current point
  no. of rejections          187
 stored as   -51

 highest radius point found:
  at point    2.407  -0.005 -10.425
  closest atom surface    8.687   C7  94  X    0
  2nd closest surface     8.689   C12 94  X    0
  found on step  478
 current point:
  at point    2.408  -0.003 -10.425
  closest atom surface    8.687   C7  94  X    0
  2nd closest surface     8.689   C23 94  X    0
  found on step  979
  no. of rejections          193
 stored as   -52

 highest radius point found:
  at point    2.462  -0.007 -10.625
  closest atom surface    8.882   C7  94  X    0
  2nd closest surface     8.883   C12 94  X    0
  found on step  868
 current point:
  at point    2.453  -0.005 -10.625
  closest atom surface    8.882   C23 94  X    0
  2nd closest surface     8.882   C12 94  X    0
  found on step  929
  no. of rejections          221
 stored as   -53

 highest radius point found:
  at point    2.511  -0.005 -10.825
  closest atom surface    9.078   C7  94  X    0
  2nd closest surface     9.078   C23 94  X    0
  found on step  974
  this is also current point
  no. of rejections          241
 stored as   -54

 highest radius point found:
  at point    2.566  -0.002 -11.025
  closest atom surface    9.273   C7  94  X    0
  2nd closest surface     9.273   C23 94  X    0
  found on step  920
  this is also current point
  no. of rejections          264
 stored as   -55

 highest radius point found:
  at point    2.615  -0.005 -11.225
  closest atom surface    9.469   C23 94  X    0
  2nd closest surface     9.469   H4  94  X    0
  found on step  999
  this is also current point
  no. of rejections          271
 stored as   -56

 highest radius point found:
  at point    2.603  -0.008 -11.425
  closest atom surface    9.649   C12 94  X    0
  2nd closest surface     9.649   H4  94  X    0
  found on step  965
  this is also current point
  no. of rejections          251
 stored as   -57

 highest radius point found:
  at point    2.589  -0.005 -11.625
  closest atom surface    9.831   H4  94  X    0
  2nd closest surface     9.831   C23 94  X    0
  found on step  977
  this is also current point
  no. of rejections          267
 stored as   -58

 highest radius point found:
  at point    2.577  -0.007 -11.825
  closest atom surface   10.013   H4  94  X    0
  2nd closest surface    10.013   C12 94  X    0
  found on step  953
  this is also current point
  no. of rejections          266
 stored as   -59

 highest radius point found:
  at point    2.562  -0.005 -12.025
  closest atom surface   10.196   C23 94  X    0
  2nd closest surface    10.197   C12 94  X    0
  found on step  998
  this is also current point
  no. of rejections          260
 stored as   -60

 highest radius point found:
  at point    2.551  -0.005 -12.225
  closest atom surface   10.379   H4  94  X    0
  2nd closest surface    10.380   C12 94  X    0
  found on step  971
  this is also current point
  no. of rejections          281
 stored as   -61

 highest radius point found:
  at point    2.536  -0.007 -12.425
  closest atom surface   10.563   C12 94  X    0
  2nd closest surface    10.564   H4  94  X    0
  found on step  974
  this is also current point
  no. of rejections          255
 stored as   -62

 highest radius point found:
  at point    2.525  -0.010 -12.625
  closest atom surface   10.747   C12 94  X    0
  2nd closest surface    10.748   H4  94  X    0
  found on step  809
 current point:
  at point    2.512  -0.003 -12.625
  closest atom surface   10.746   C23 94  X    0
  2nd closest surface    10.746   C12 94  X    0
  found on step  955
  no. of rejections          269
 stored as   -63

 highest radius point found:
  at point    2.510  -0.004 -12.825
  closest atom surface   10.933   C23 94  X    0
  2nd closest surface    10.933   C12 94  X    0
  found on step  474
 current point:
  at point    2.513  -0.000 -12.825
  closest atom surface   10.932   H4  94  X    0
  2nd closest surface    10.932   C23 94  X    0
  found on step  924
  no. of rejections          271
 stored as   -64

 highest radius point found:
  at point    2.497  -0.005 -13.025
  closest atom surface   11.119   C23 94  X    0
  2nd closest surface    11.119   C12 94  X    0
  found on step  903
  this is also current point
  no. of rejections          268
 stored as   -65

 highest radius point found:
  at point    2.486  -0.005 -13.225
  closest atom surface   11.304   H4  94  X    0
  2nd closest surface    11.304   C12 94  X    0
  found on step  845
 current point:
  at point    2.486  -0.006 -13.225
  closest atom surface   11.304   C12 94  X    0
  2nd closest surface    11.304   H4  94  X    0
  found on step  963
  no. of rejections          261
 stored as   -66

 highest radius point found:
  at point    2.486  -0.005 -13.425
  closest atom surface   11.485   H4  94  X    0
  2nd closest surface    11.493   C12 94  X    0
  found on step    1
 current point:
  at point    3.303  -1.737 -13.425
  closest atom surface   11.311   H4  94  X    0
  2nd closest surface    11.312   C12 94  X    0
  found on step  990
  no. of rejections          211
 stored as   -67

 highest radius point found:
  at point    2.458  -0.005 -13.625
  closest atom surface   11.677   C12 94  X    0
  2nd closest surface    11.677   C23 94  X    0
  found on step  998
  this is also current point
  no. of rejections          248
 stored as   -68

 highest radius point found:
  at point    2.448  -0.007 -13.825
  closest atom surface   11.864   C12 94  X    0
  2nd closest surface    11.864   H4  94  X    0
  found on step  970
  this is also current point
  no. of rejections          209
 stored as   -69

 highest radius point found:
  at point    2.433  -0.007 -14.025
  closest atom surface   12.051   C12 94  X    0
  2nd closest surface    12.052   C23 94  X    0
  found on step  993
  this is also current point
  no. of rejections          228
 stored as   -70

 highest radius point found:
  at point    2.423  -0.002 -14.225
  closest atom surface   12.239   C23 94  X    0
  2nd closest surface    12.240   H4  94  X    0
  found on step  989
  this is also current point
  no. of rejections          243
 stored as   -71

 highest radius point found:
  at point    2.412   0.002 -14.425
  closest atom surface   12.427   C23 94  X    0
  2nd closest surface    12.427   H4  94  X    0
  found on step  925
  this is also current point
  no. of rejections          236
 stored as   -72

 highest radius point found:
  at point    2.398  -0.003 -14.625
  closest atom surface   12.616   C23 94  X    0
  2nd closest surface    12.616   H4  94  X    0
  found on step  959
  this is also current point
  no. of rejections          242
 stored as   -73

 highest radius point found:
  at point    2.384  -0.003 -14.825
  closest atom surface   12.805   C23 94  X    0
  2nd closest surface    12.806   C12 94  X    0
  found on step  847
 current point:
  at point    2.385  -0.009 -14.825
  closest atom surface   12.805   C12 94  X    0
  2nd closest surface    12.805   H4  94  X    0
  found on step  892
  no. of rejections          255
 stored as   -74

 highest radius point found:
  at point    2.373  -0.005 -15.025
  closest atom surface   12.994   H4  94  X    0
  2nd closest surface    12.994   C12 94  X    0
  found on step  955
  this is also current point
  no. of rejections          204
 stored as   -75

 highest radius point found:
  at point    2.361  -0.002 -15.225
  closest atom surface   13.184   C23 94  X    0
  2nd closest surface    13.184   H4  94  X    0
  found on step  811
 current point:
  at point    2.362  -0.008 -15.225
  closest atom surface   13.183   C12 94  X    0
  2nd closest surface    13.184   H4  94  X    0
  found on step  961
  no. of rejections          227
 stored as   -76

 highest radius point found:
  at point    2.347  -0.007 -15.425
  closest atom surface   13.373   C12 94  X    0
  2nd closest surface    13.374   H4  94  X    0
  found on step  994
  this is also current point
  no. of rejections          223
 stored as   -77

 highest radius point found:
  at point    2.333  -0.007 -15.625
  closest atom surface   13.563   C12 94  X    0
  2nd closest surface    13.564   C23 94  X    0
  found on step  942
  this is also current point
  no. of rejections          219
 stored as   -78

 highest radius point found:
  at point    2.326  -0.006 -15.825
  closest atom surface   13.753   H4  94  X    0
  2nd closest surface    13.754   C12 94  X    0
  found on step  962
  this is also current point
  no. of rejections          223
 stored as   -79

 highest radius point found:
  at point    2.307  -0.004 -16.025
  closest atom surface   13.944   C12 94  X    0
  2nd closest surface    13.944   C23 94  X    0
  found on step  982
  this is also current point
  no. of rejections          222
 stored as   -80

 highest radius point found:
  at point    2.302  -0.005 -16.225
  closest atom surface   14.134   H4  94  X    0
  2nd closest surface    14.135   C12 94  X    0
  found on step  995
  this is also current point
  no. of rejections          185
 stored as   -81

 highest radius point found:
  at point    2.286  -0.005 -16.425
  closest atom surface   14.326   C12 94  X    0
  2nd closest surface    14.327   C23 94  X    0
  found on step  994
  this is also current point
  no. of rejections          204
 stored as   -82

 highest radius point found:
  at point    2.276   0.002 -16.625
  closest atom surface   14.517   C23 94  X    0
  2nd closest surface    14.517   H4  94  X    0
  found on step  899
  this is also current point
  no. of rejections          229
 stored as   -83

 highest radius point found:
  at point    2.262  -0.005 -16.825
  closest atom surface   14.709   C12 94  X    0
  2nd closest surface    14.709   C23 94  X    0
  found on step  991
  this is also current point
  no. of rejections          220
 stored as   -84

 highest radius point found:
  at point    2.251  -0.004 -17.025
  closest atom surface   14.901   H4  94  X    0
  2nd closest surface    14.901   C12 94  X    0
  found on step    4
 current point:
  at point    1.342   0.001 -17.025
  closest atom surface   14.803   C23 94  X    0
  2nd closest surface    14.804   C12 94  X    0
  found on step  996
  no. of rejections          195
 stored as   -85

 highest radius point found:
  at point    2.239  -0.006 -17.225
  closest atom surface   15.092   C12 94  X    0
  2nd closest surface    15.092   H4  94  X    0
  found on step  976
  this is also current point
  no. of rejections          217
 stored as   -86

 highest radius point found:
  at point    2.225  -0.003 -17.425
  closest atom surface   15.285   C23 94  X    0
  2nd closest surface    15.285   C12 94  X    0
  found on step  989
  this is also current point
  no. of rejections          211
 stored as   -87

 highest radius point found:
  at point    2.212  -0.002 -17.625
  closest atom surface   15.477   C23 94  X    0
  2nd closest surface    15.477   C12 94  X    0
  found on step  930
  this is also current point
  no. of rejections          224
 stored as   -88

 highest radius point found:
  at point    2.202  -0.003 -17.825
  closest atom surface   15.669   C23 94  X    0
  2nd closest surface    15.669   H4  94  X    0
  found on step  972
  this is also current point
  no. of rejections          220
 stored as   -89

 highest radius point found:
  at point    2.191  -0.004 -18.025
  closest atom surface   15.862   H4  94  X    0
  2nd closest surface    15.862   C12 94  X    0
  found on step  964
  this is also current point
  no. of rejections          239
 stored as   -90

 highest radius point found:
  at point    2.178  -0.003 -18.225
  closest atom surface   16.055   H4  94  X    0
  2nd closest surface    16.055   C23 94  X    0
  found on step  982
  this is also current point
  no. of rejections          199
 stored as   -91

 highest radius point found:
  at point    2.166  -0.007 -18.425
  closest atom surface   16.247   C12 94  X    0
  2nd closest surface    16.248   H4  94  X    0
  found on step  981
  this is also current point
  no. of rejections          205
 stored as   -92

 highest radius point found:
  at point    2.155  -0.004 -18.625
  closest atom surface   16.441   H4  94  X    0
  2nd closest surface    16.441   C12 94  X    0
  found on step  704
 current point:
  at point    2.149  -0.002 -18.625
  closest atom surface   16.440   C23 94  X    0
  2nd closest surface    16.440   C12 94  X    0
  found on step  935
  no. of rejections          220
 stored as   -93

 highest radius point found:
  at point    2.142  -0.002 -18.825
  closest atom surface   16.634   C23 94  X    0
  2nd closest surface    16.634   H4  94  X    0
  found on step  966
  this is also current point
  no. of rejections          217
 stored as   -94

 highest radius point found:
  at point    2.129  -0.003 -19.025
  closest atom surface   16.827   C12 94  X    0
  2nd closest surface    16.827   C23 94  X    0
  found on step  951
  this is also current point
  no. of rejections          199
 stored as   -95

 highest radius point found:
  at point    2.129  -0.003 -19.225
  closest atom surface   17.018   H4  94  X    0
  2nd closest surface    17.022   C12 94  X    0
  found on step    1
 current point:
  at point    2.671  -1.154 -19.225
  closest atom surface   16.905   C12 94  X    0
  2nd closest surface    16.905   H4  94  X    0
  found on step  997
  no. of rejections          195
 stored as   -96

 highest radius point found:
  at point    2.100  -0.004 -19.425
  closest atom surface   17.214   C12 94  X    0
  2nd closest surface    17.214   C23 94  X    0
  found on step  991
  this is also current point
  no. of rejections          160
 stored as   -97

 highest radius point found:
  at point    2.093  -0.004 -19.625
  closest atom surface   17.408   C12 94  X    0
  2nd closest surface    17.409   C23 94  X    0
  found on step  733
 current point:
  at point    2.093  -0.005 -19.625
  closest atom surface   17.408   C12 94  X    0
  2nd closest surface    17.409   C23 94  X    0
  found on step  987
  no. of rejections          205
 stored as   -98

 highest radius point found:
  at point    2.081   0.003 -19.825
  closest atom surface   17.602   C23 94  X    0
  2nd closest surface    17.603   H4  94  X    0
  found on step  996
  this is also current point
  no. of rejections          212
 stored as   -99

 highest radius point found:
  at point    2.071  -0.003 -20.025
  closest atom surface   17.797   H4  94  X    0
  2nd closest surface    17.797   C23 94  X    0
  found on step  754
 current point:
  at point    2.070  -0.004 -20.025
  closest atom surface   17.797   C12 94  X    0
  2nd closest surface    17.797   C23 94  X    0
  found on step  961
  no. of rejections          209
 stored as  -100

 highest radius point found:
  at point    2.062   0.003 -20.225
  closest atom surface   17.990   H4  94  X    0
  2nd closest surface    17.990   C23 94  X    0
  found on step  901
  this is also current point
  no. of rejections          197
 stored as  -101

 highest radius point found:
  at point    2.048   0.001 -20.425
  closest atom surface   18.185   C23 94  X    0
  2nd closest surface    18.185   H4  94  X    0
  found on step  997
  this is also current point
  no. of rejections          201
 stored as  -102

 highest radius point found:
  at point    2.048   0.001 -20.625
  closest atom surface   18.376   H4  94  X    0
  2nd closest surface    18.381   C23 94  X    0
  found on step    1
 current point:
  at point    2.123  -0.179 -20.625
  closest atom surface   18.357   H4  94  X    0
  2nd closest surface    18.358   C12 94  X    0
  found on step  994
  no. of rejections          181
 stored as  -103

 highest radius point found:
  at point    2.009   0.002 -20.825
  closest atom surface   18.572   C23 94  X    0
  2nd closest surface    18.574   C12 94  X    0
  found on step  762
 current point:
  at point    1.909  -0.020 -20.825
  closest atom surface   18.560   C12 94  X    0
  2nd closest surface    18.567   C23 94  X    0
  found on step  993
  no. of rejections          181
 stored as  -104

 highest radius point found:
  at point    2.010  -0.002 -21.025
  closest atom surface   18.769   C23 94  X    0
  2nd closest surface    18.769   C12 94  X    0
  found on step  965
  this is also current point
  no. of rejections          193
 stored as  -105

 highest radius point found:
  at point    2.000  -0.003 -21.225
  closest atom surface   18.964   C12 94  X    0
  2nd closest surface    18.964   H4  94  X    0
  found on step  954
  this is also current point
  no. of rejections          197
 stored as  -106

 highest radius point found:
  at point    1.988  -0.002 -21.425
  closest atom surface   19.159   C12 94  X    0
  2nd closest surface    19.159   H4  94  X    0
  found on step  905
  this is also current point
  no. of rejections          191
 stored as  -107

 highest radius point found:
  at point    1.973   0.000 -21.625
  closest atom surface   19.353   C23 94  X    0
  2nd closest surface    19.354   C12 94  X    0
  found on step  944
  this is also current point
  no. of rejections          190
 stored as  -108

 highest radius point found:
  at point    1.966   0.001 -21.825
  closest atom surface   19.549   H4  94  X    0
  2nd closest surface    19.549   C23 94  X    0
  found on step  853
 current point:
  at point    1.963  -0.006 -21.825
  closest atom surface   19.548   C12 94  X    0
  2nd closest surface    19.549   H4  94  X    0
  found on step  948
  no. of rejections          219
 stored as  -109

 highest radius point found:
  at point    1.955   0.002 -22.025
  closest atom surface   19.744   H4  94  X    0
  2nd closest surface    19.744   C23 94  X    0
  found on step  989
  this is also current point
  no. of rejections          199
 stored as  -110

 highest radius point found:
  at point    1.939  -0.000 -22.225
  closest atom surface   19.939   C23 94  X    0
  2nd closest surface    19.940   C12 94  X    0
  found on step  972
  this is also current point
  no. of rejections          182
 stored as  -111

 highest radius point found:
  at point    1.931  -0.003 -22.425
  closest atom surface   20.135   H4  94  X    0
  2nd closest surface    20.135   C12 94  X    0
  found on step  959
  this is also current point
  no. of rejections          193
 stored as  -112

 highest radius point found:
  at point    1.926   0.001 -22.625
  closest atom surface   20.328   H4  94  X    0
  2nd closest surface    20.331   C23 94  X    0
  found on step  107
 current point:
  at point    3.377  -3.000 -22.625
  closest atom surface   20.217   H4  94  X    0
  2nd closest surface    20.217   C12 94  X    0
  found on step  986
  no. of rejections          189
 stored as  -113

 highest radius point found:
  at point    1.906  -0.000 -22.825
  closest atom surface   20.526   C23 94  X    0
  2nd closest surface    20.526   H4  94  X    0
  found on step  920
  this is also current point
  no. of rejections          191
 stored as  -114

 highest radius point found:
  at point    1.898   0.003 -23.025
  closest atom surface   20.721   H4  94  X    0
  2nd closest surface    20.721   C23 94  X    0
  found on step  877
 current point:
  at point    1.884  -0.004 -23.025
  closest atom surface   20.720   C12 94  X    0
  2nd closest surface    20.721   C23 94  X    0
  found on step  986
  no. of rejections          185
 stored as  -115

 highest radius point found:
  at point    1.881  -0.004 -23.225
  closest atom surface   20.917   C12 94  X    0
  2nd closest surface    20.918   C23 94  X    0
  found on step  979
  this is also current point
  no. of rejections          187
 stored as  -116

 highest radius point found:
  at point    1.872  -0.002 -23.425
  closest atom surface   21.113   H4  94  X    0
  2nd closest surface    21.113   C12 94  X    0
  found on step  926
  this is also current point
  no. of rejections          208
 stored as  -117

 highest radius point found:
  at point    1.859  -0.011 -23.625
  closest atom surface   21.308   C12 94  X    0
  2nd closest surface    21.309   H4  94  X    0
  found on step  994
  this is also current point
  no. of rejections          165
 stored as  -118

 highest radius point found:
  at point    1.850  -0.006 -23.825
  closest atom surface   21.505   C12 94  X    0
  2nd closest surface    21.505   H4  94  X    0
  found on step  997
  this is also current point
  no. of rejections          189
 stored as  -119

 highest radius point found:
  at point    1.831  -0.001 -24.025
  closest atom surface   21.701   C23 94  X    0
  2nd closest surface    21.701   C12 94  X    0
  found on step  968
  this is also current point
  no. of rejections          193
 stored as  -120

 highest radius point found:
  at point    1.824  -0.002 -24.225
  closest atom surface   21.897   C12 94  X    0
  2nd closest surface    21.897   C23 94  X    0
  found on step  989
  this is also current point
  no. of rejections          190
 stored as  -121

 highest radius point found:
  at point    1.813  -0.001 -24.425
  closest atom surface   22.093   C23 94  X    0
  2nd closest surface    22.094   C12 94  X    0
  found on step  949
  this is also current point
  no. of rejections          208
 This is an end! (radius above  22.0 angs)
 
 N.b. Graph information routine (HOGRAP) differs 
        markedly from previous versions!
       Information now is written from -ve end
       to +ve in one pass
 
 Explanation of the meaning of each column: 
 First column "cenxyz.cvec" is the coordinate in the
   direction of the channel vector i.e. if the channel
   vector is in z (0 0 1) then it is the z coordinate.
 The second column "radius" is the hole pore radius 
   (as defined in the Biophys J 1993) article).
 The third column "cen_line_D" is the distance 
   measured along the pore centre line - with the 
   first point found set to zero. This was the first
   thing that I used to measure the distance along a pore
   but "cenxyz.cvec" is a much better general measure. 
   However, by comparing changes in this distance to changes in '   "cenxyz.cvec" one can get a measure of how straight a 
   channel is.
 The fourth column "sum{s/(area)}" is useful in conductance
   prediction -
   basically it is the sum of the thickness of each slab
   divided by its area. HOLE uses this measure to estimate
   the macroscopic conductance of a channel.
 If any of this worries you one can see the "raw" results
   of a standard hole run by producing a sphpdb file and 
    directly looking at the results.
 cenxyz.cvec      radius  cen_line_D sum{s/(area point sourc
   -24.22459    21.89706   -28.96266     0.00007   (sampled)
   -24.12459    21.79895   -28.86260     0.00013 (mid-point)
   -24.02459    21.70060   -28.76254     0.00020   (sampled)
   -23.92459    21.60268   -28.66202     0.00027 (mid-point)
   -23.82459    21.50454   -28.56150     0.00034   (sampled)
   -23.72459    21.40609   -28.46139     0.00041 (mid-point)
   -23.62459    21.30766   -28.36127     0.00048   (sampled)
   -23.52459    21.21044   -28.26096     0.00055 (mid-point)
   -23.42459    21.11308   -28.16065     0.00062   (sampled)
   -23.32459    21.01503   -28.06054     0.00069 (mid-point)
   -23.22459    20.91683   -27.96042     0.00076   (sampled)
   -23.12459    20.81929   -27.85999     0.00084 (mid-point)
   -23.02459    20.72069   -27.75956     0.00091   (sampled)
   -22.92459    20.62336   -27.65947     0.00099 (mid-point)
   -22.82459    20.52576   -27.55937     0.00106   (sampled)
   -22.72459    20.42719   -27.45890     0.00114 (mid-point)
   -22.62459    20.32835   -27.35843     0.00122   (sampled)
   -22.52459    20.23142   -27.25837     0.00129 (mid-point)
   -22.42459    20.13452   -27.15830     0.00137   (sampled)
   -22.32459    20.03721   -27.05822     0.00145 (mid-point)
   -22.22459    19.93910   -26.95813     0.00153   (sampled)
   -22.12459    19.84144   -26.85782     0.00161 (mid-point)
   -22.02459    19.74372   -26.75751     0.00169   (sampled)
   -21.92459    19.64615   -26.65735     0.00178 (mid-point)
   -21.82459    19.54860   -26.55718     0.00186   (sampled)
   -21.72459    19.45094   -26.45713     0.00194 (mid-point)
   -21.62459    19.35320   -26.35707     0.00203   (sampled)
   -21.52459    19.25604   -26.25677     0.00211 (mid-point)
   -21.42459    19.15887   -26.15646     0.00220   (sampled)
   -21.32459    19.06137   -26.05628     0.00229 (mid-point)
   -21.22459    18.96389   -25.95610     0.00238   (sampled)
   -21.12459    18.86648   -25.85598     0.00247 (mid-point)
   -21.02459    18.76887   -25.75586     0.00256   (sampled)
   -20.92459    18.67054   -25.65584     0.00265 (mid-point)
   -20.82459    18.57222   -25.55582     0.00274   (sampled)
   -20.72459    18.47640   -25.45385     0.00283 (mid-point)
   -20.62459    18.37598   -25.35189     0.00293   (sampled)
   -20.52459    18.28046   -25.25189     0.00302 (mid-point)
   -20.42459    18.18497   -25.15189     0.00312   (sampled)
   -20.32459    18.08753   -25.05165     0.00322 (mid-point)
   -20.22459    17.99010   -24.95142     0.00332   (sampled)
   -20.12459    17.89342   -24.85128     0.00342 (mid-point)
   -20.02459    17.79677   -24.75114     0.00352   (sampled)
   -19.92459    17.69914   -24.65098     0.00362 (mid-point)
   -19.82459    17.60152   -24.55082     0.00372   (sampled)
   -19.72459    17.50512   -24.45060     0.00382 (mid-point)
   -19.62459    17.40823   -24.35037     0.00393   (sampled)
   -19.52459    17.31107   -24.25030     0.00404 (mid-point)
   -19.42459    17.21395   -24.15023     0.00414   (sampled)
   -19.32459    17.11730   -24.04920     0.00425 (mid-point)
   -19.22459    17.01782   -23.94818     0.00436   (sampled)
   -19.12459    16.92287   -23.84818     0.00447 (mid-point)
   -19.02459    16.82736   -23.74818     0.00458   (sampled)
   -18.92459    16.73067   -23.64795     0.00470 (mid-point)
   -18.82459    16.63391   -23.54772     0.00481   (sampled)
   -18.72459    16.53733   -23.44752     0.00493 (mid-point)
   -18.62459    16.44064   -23.34732     0.00505   (sampled)
   -18.52459    16.34378   -23.24716     0.00517 (mid-point)
   -18.42459    16.24688   -23.14700     0.00529   (sampled)
   -18.32459    16.15086   -23.04678     0.00541 (mid-point)
   -18.22459    16.05470   -22.94656     0.00553   (sampled)
   -18.12459    15.95810   -22.84634     0.00566 (mid-point)
   -18.02459    15.86155   -22.74612     0.00578   (sampled)
   -17.92459    15.76543   -22.64598     0.00591 (mid-point)
   -17.82459    15.66935   -22.54584     0.00604   (sampled)
   -17.72459    15.57292   -22.44571     0.00617 (mid-point)
   -17.62459    15.47653   -22.34558     0.00631   (sampled)
   -17.52459    15.38050   -22.24536     0.00644 (mid-point)
   -17.42459    15.28451   -22.14514     0.00658   (sampled)
   -17.32459    15.18844   -22.04490     0.00671 (mid-point)
   -17.22459    15.09221   -21.94467     0.00685   (sampled)
   -17.12459    14.99640   -21.84448     0.00700 (mid-point)
   -17.02459    14.90051   -21.74430     0.00714   (sampled)
   -16.92459    14.80462   -21.64416     0.00728 (mid-point)
   -16.82459    14.70866   -21.54402     0.00743   (sampled)
   -16.72459    14.61294   -21.44371     0.00758 (mid-point)
   -16.62459    14.51659   -21.34340     0.00773   (sampled)
   -16.52459    14.42159   -21.24321     0.00789 (mid-point)
   -16.42459    14.32601   -21.14302     0.00804   (sampled)
   -16.32459    14.23046   -21.04270     0.00820 (mid-point)
   -16.22459    14.13433   -20.94239     0.00836   (sampled)
   -16.12459    14.03973   -20.84235     0.00852 (mid-point)
   -16.02459    13.94403   -20.74231     0.00868   (sampled)
   -15.92459    13.84896   -20.64187     0.00885 (mid-point)
   -15.82459    13.75316   -20.54143     0.00902   (sampled)
   -15.72459    13.65828   -20.44137     0.00919 (mid-point)
   -15.62459    13.56265   -20.34131     0.00936   (sampled)
   -15.52459    13.46780   -20.24107     0.00954 (mid-point)
   -15.42459    13.37301   -20.14082     0.00971   (sampled)
   -15.32459    13.27880   -20.04055     0.00989 (mid-point)
   -15.22459    13.18371   -19.94029     0.01008   (sampled)
   -15.12459    13.08913   -19.84007     0.01026 (mid-point)
   -15.02459    12.99443   -19.73986     0.01045   (sampled)
   -14.92459    12.90002   -19.63971     0.01064 (mid-point)
   -14.82459    12.80500   -19.53955     0.01084   (sampled)
   -14.72459    12.71062   -19.43931     0.01103 (mid-point)
   -14.62459    12.61633   -19.33908     0.01123   (sampled)
   -14.52459    12.52164   -19.23879     0.01144 (mid-point)
   -14.42459    12.42702   -19.13850     0.01164   (sampled)
   -14.32459    12.33322   -19.03835     0.01185 (mid-point)
   -14.22459    12.23950   -18.93819     0.01206   (sampled)
   -14.12459    12.14593   -18.83802     0.01228 (mid-point)
   -14.02459    12.05130   -18.73785     0.01250   (sampled)
   -13.92459    11.95763   -18.63760     0.01272 (mid-point)
   -13.82459    11.86404   -18.53734     0.01295   (sampled)
   -13.72459    11.77049   -18.43721     0.01318 (mid-point)
   -13.62459    11.67704   -18.33708     0.01341   (sampled)
   -13.52459    11.58181   -18.23610     0.01365 (mid-point)
   -13.42459    11.48525   -18.13513     0.01389   (sampled)
   -13.32459    11.39471   -18.03513     0.01414 (mid-point)
   -13.22459    11.30432   -17.93513     0.01438   (sampled)
   -13.12459    11.21149   -17.83495     0.01464 (mid-point)
   -13.02459    11.11858   -17.73478     0.01490   (sampled)
   -12.92459    11.02567   -17.63459     0.01516 (mid-point)
   -12.82459    10.93287   -17.53440     0.01542   (sampled)
   -12.72459    10.84016   -17.43408     0.01569 (mid-point)
   -12.62459    10.74716   -17.33375     0.01597   (sampled)
   -12.52459    10.65512   -17.23358     0.01625 (mid-point)
   -12.42459    10.56320   -17.13340     0.01654   (sampled)
   -12.32459    10.47159   -17.03315     0.01683 (mid-point)
   -12.22459    10.37939   -16.93289     0.01712   (sampled)
   -12.12459    10.28798   -16.83273     0.01742 (mid-point)
   -12.02459    10.19629   -16.73256     0.01773   (sampled)
   -11.92459    10.10485   -16.63229     0.01804 (mid-point)
   -11.82459    10.01312   -16.53201     0.01836   (sampled)
   -11.72459     9.92214   -16.43182     0.01868 (mid-point)
   -11.62459     9.83131   -16.33163     0.01901   (sampled)
   -11.52459     9.74024   -16.23138     0.01935 (mid-point)
   -11.42459     9.64930   -16.13112     0.01969   (sampled)
   -11.32459     9.55900   -16.03092     0.02004 (mid-point)
   -11.22459     9.46860   -15.93073     0.02039   (sampled)
   -11.12459     9.37079   -15.82777     0.02075 (mid-point)
   -11.02459     9.27296   -15.72482     0.02112   (sampled)
   -10.92459     9.17520   -15.62108     0.02150 (mid-point)
   -10.82459     9.07754   -15.51734     0.02189   (sampled)
   -10.72459     8.97977   -15.41432     0.02228 (mid-point)
   -10.62459     8.88210   -15.31130     0.02269   (sampled)
   -10.52459     8.78473   -15.20769     0.02310 (mid-point)
   -10.42459     8.68748   -15.10409     0.02352   (sampled)
   -10.32459     8.59036   -15.00048     0.02395 (mid-point)
   -10.22459     8.49335   -14.89688     0.02439   (sampled)
   -10.12459     8.39654   -14.79311     0.02484 (mid-point)
   -10.02459     8.29986   -14.68933     0.02531   (sampled)
    -9.92459     8.20317   -14.58589     0.02578 (mid-point)
    -9.82459     8.10580   -14.48245     0.02626   (sampled)
    -9.72459     8.01026   -14.37871     0.02676 (mid-point)
    -9.62459     7.91390   -14.27496     0.02727   (sampled)
    -9.52459     7.81804   -14.17138     0.02779 (mid-point)
    -9.42459     7.72216   -14.06780     0.02832   (sampled)
    -9.32459     7.62575   -13.96539     0.02887 (mid-point)
    -9.22459     7.52946   -13.86298     0.02943   (sampled)
    -9.12459     7.43069   -13.74715     0.03001 (mid-point)
    -9.02459     7.32919   -13.63132     0.03060   (sampled)
    -8.92459     7.24000   -13.53132     0.03121 (mid-point)
    -8.82459     7.15022   -13.43132     0.03183   (sampled)
    -8.72459     7.05573   -13.32743     0.03247 (mid-point)
    -8.62459     6.96146   -13.22353     0.03313   (sampled)
    -8.52459     6.86746   -13.11958     0.03380 (mid-point)
    -8.42459     6.77370   -13.01563     0.03450   (sampled)
    -8.32459     6.67984   -12.91219     0.03521 (mid-point)
    -8.22459     6.58609   -12.80874     0.03594   (sampled)
    -8.12459     6.49274   -12.70537     0.03670 (mid-point)
    -8.02459     6.39952   -12.60201     0.03747   (sampled)
    -7.92459     6.30645   -12.49874     0.03828 (mid-point)
    -7.82459     6.21362   -12.39546     0.03910   (sampled)
    -7.72459     6.11754   -12.28804     0.03995 (mid-point)
    -7.62459     6.01782   -12.18062     0.04083   (sampled)
    -7.52459     5.92841   -12.08062     0.04173 (mid-point)
    -7.42459     5.83929   -11.98062     0.04267   (sampled)
    -7.32459     5.74593   -11.87901     0.04363 (mid-point)
    -7.22459     5.65282   -11.77741     0.04463   (sampled)
    -7.12459     5.56031   -11.67534     0.04566 (mid-point)
    -7.02459     5.46809   -11.57327     0.04672   (sampled)
    -6.92459     5.37556   -11.47199     0.04782 (mid-point)
    -6.82459     5.28283   -11.37070     0.04896   (sampled)
    -6.72459     5.18795   -11.26265     0.05015 (mid-point)
    -6.62459     5.09202   -11.15459     0.05138   (sampled)
    -6.52459     5.00549   -11.05459     0.05265 (mid-point)
    -6.42459     4.91939   -10.95459     0.05396   (sampled)
    -6.32459     4.82840   -10.85318     0.05533 (mid-point)
    -6.22459     4.73761   -10.75176     0.05674   (sampled)
    -6.12459     4.64833   -10.64793     0.05822 (mid-point)
    -6.02459     4.55606   -10.54410     0.05975   (sampled)
    -5.92459     4.46940   -10.44323     0.06134 (mid-point)
    -5.82459     4.38250   -10.34235     0.06300   (sampled)
    -5.72459     4.29472   -10.23980     0.06473 (mid-point)
    -5.62459     4.20672   -10.13726     0.06653   (sampled)
    -5.52459     4.11988   -10.03570     0.06840 (mid-point)
    -5.42459     4.03359    -9.93414     0.07036   (sampled)
    -5.32459     3.94757    -9.83150     0.07240 (mid-point)
    -5.22459     3.86219    -9.72886     0.07453   (sampled)
    -5.12459     3.77742    -9.62707     0.07677 (mid-point)
    -5.02459     3.69329    -9.52528     0.07910   (sampled)
    -4.92459     3.60952    -9.42211     0.08154 (mid-point)
    -4.82459     3.52655    -9.31894     0.08410   (sampled)
    -4.72459     3.44541    -9.21778     0.08678 (mid-point)
    -4.62459     3.36440    -9.11663     0.08960   (sampled)
    -4.52459     3.28444    -9.01208     0.09255 (mid-point)
    -4.42459     3.20206    -8.90753     0.09565   (sampled)
    -4.32459     3.12603    -8.80626     0.09891 (mid-point)
    -4.22459     3.05111    -8.70500     0.10233   (sampled)
    -4.12459     2.97445    -8.60270     0.10592 (mid-point)
    -4.02459     2.89862    -8.50040     0.10971   (sampled)
    -3.92459     2.82521    -8.39749     0.11370 (mid-point)
    -3.82459     2.75245    -8.29458     0.11790   (sampled)
    -3.72459     2.68141    -8.19162     0.12233 (mid-point)
    -3.62459     2.61190    -8.08866     0.12700   (sampled)
    -3.52459     2.44874    -7.26757     0.13230 (mid-point)
    -3.42459     2.47607    -6.44647     0.13750   (sampled)
    -3.32459     2.41151    -6.34283     0.14297 (mid-point)
    -3.22459     2.34803    -6.23920     0.14874   (sampled)
    -3.12459     2.28798    -6.13620     0.15482 (mid-point)
    -3.02459     2.22784    -6.03320     0.16124   (sampled)
    -2.92459     2.10392    -5.37024     0.16843 (mid-point)
    -2.82459     2.11802    -4.70728     0.17552   (sampled)
    -2.72459     2.00500    -4.09858     0.18344 (mid-point)
    -2.62459     2.01239    -3.48988     0.19130   (sampled)
    -2.52459     1.96731    -3.38366     0.19953 (mid-point)
    -2.42459     1.92463    -3.27745     0.20812   (sampled)
    -2.32459     1.88289    -3.17136     0.21710 (mid-point)
    -2.22459     1.84450    -3.06527     0.22645   (sampled)
    -2.12459     1.78243    -2.65023     0.23647 (mid-point)
    -2.02459     1.78066    -2.23519     0.24651   (sampled)
    -1.92459     1.74664    -2.09673     0.25695 (mid-point)
    -1.82459     1.71923    -1.95827     0.26772   (sampled)
    -1.72459     1.69840    -1.82251     0.27875 (mid-point)
    -1.62459     1.68426    -1.68675     0.28997   (sampled)
    -1.52459     1.63507    -1.58050     0.30188 (mid-point)
    -1.42459     1.57905    -1.47425     0.31464   (sampled)
    -1.32459     1.52353    -1.35531     0.32836 (mid-point)
    -1.22459     1.47224    -1.23637     0.34304   (sampled)
    -1.12459     1.42352    -1.13637     0.35875 (mid-point)
    -1.02459     1.37775    -1.03637     0.37552   (sampled)
    -0.92459     1.33505    -0.92551     0.39338 (mid-point)
    -0.82459     1.29655    -0.81465     0.41231   (sampled)
    -0.72459     1.26182    -0.71465     0.43231 (mid-point)
    -0.62459     1.23091    -0.61465     0.45331   (sampled)
    -0.52459     1.20364    -0.50914     0.47529 (mid-point)
    -0.42459     1.18113    -0.40363     0.49810   (sampled)
    -0.32459     1.16284    -0.30182     0.52164 (mid-point)
    -0.22459     1.14923    -0.20000     0.54574   (sampled)
    -0.12459     1.13997    -0.10000     0.57024 (mid-point)
    -0.02459     1.13536     0.00000     0.59493   (sampled)
     0.07541     1.13566     0.10028     0.61961 (mid-point)
     0.17541     1.14066     0.20057     0.64408   (sampled)
     0.27541     1.15032     0.30104     0.66813 (mid-point)
     0.37541     1.16460     0.40152     0.69160   (sampled)
     0.47541     1.18317     0.50240     0.71434 (mid-point)
     0.57541     1.20613     0.60329     0.73622   (sampled)
     0.67541     1.23333     0.70337     0.75715 (mid-point)
     0.77541     1.26463     0.80345     0.77705   (sampled)
     0.87541     1.29885     0.90346     0.79592 (mid-point)
     0.97541     1.33654     1.00347     0.81374   (sampled)
     1.07541     1.37655     1.10347     0.83054 (mid-point)
     1.17541     1.41961     1.20347     0.84633   (sampled)
     1.27541     1.46600     1.30371     0.86114 (mid-point)
     1.37541     1.51553     1.40394     0.87500   (sampled)
     1.47541     1.56764     1.50394     0.88795 (mid-point)
     1.57541     1.62253     1.60394     0.90004   (sampled)
     1.67541     1.68068     1.70436     0.91131 (mid-point)
     1.77541     1.74126     1.80479     0.92181   (sampled)
     1.87541     1.80358     1.90536     0.93160 (mid-point)
     1.97541     1.86806     2.00594     0.94072   (sampled)
     2.07541     1.93468     2.10605     0.94922 (mid-point)
     2.17541     2.00274     2.20617     0.95716   (sampled)
     2.27541     2.06143     2.30618     0.96465 (mid-point)
     2.37541     2.12182     2.40618     0.97172   (sampled)
     2.47541     2.18284     2.50618     0.97840 (mid-point)
     2.57541     2.24544     2.60618     0.98471   (sampled)
     2.67541     2.30977     2.70621     0.99068 (mid-point)
     2.77541     2.37552     2.80624     0.99632   (sampled)
     2.87541     2.44257     2.90626     1.00165 (mid-point)
     2.97541     2.51069     3.00628     1.00670   (sampled)
     3.07541     2.58021     3.10628     1.01149 (mid-point)
     3.17541     2.65091     3.20628     1.01602   (sampled)
     3.27541     2.72262     3.30628     1.02031 (mid-point)
     3.37541     2.79539     3.40628     1.02438   (sampled)
     3.47541     2.86916     3.50628     1.02825 (mid-point)
     3.57541     2.94352     3.60628     1.03192   (sampled)
     3.67541     3.01882     3.70628     1.03542 (mid-point)
     3.77541     3.09501     3.80628     1.03874   (sampled)
     3.87541     3.17211     3.90628     1.04190 (mid-point)
     3.97541     3.25001     4.00628     1.04492   (sampled)
     4.07541     3.32864     4.10628     1.04779 (mid-point)
     4.17541     3.40786     4.20628     1.05053   (sampled)
     4.27541     3.48784     4.30628     1.05315 (mid-point)
     4.37541     3.56851     4.40628     1.05565   (sampled)
     4.47541     3.64985     4.50636     1.05804 (mid-point)
     4.57541     3.73182     4.60644     1.06032   (sampled)
     4.67541     3.81426     4.70644     1.06251 (mid-point)
     4.77541     3.89728     4.80644     1.06460   (sampled)
     4.87541     3.98086     4.90675     1.06661 (mid-point)
     4.97541     4.06498     5.00706     1.06854   (sampled)
     5.07541     4.14967     5.10714     1.07039 (mid-point)
     5.17541     4.23485     5.20721     1.07216   (sampled)
     5.27541     4.32055     5.30735     1.07387 (mid-point)
     5.37541     4.40641     5.40748     1.07551   (sampled)
     5.47541     4.49290     5.50748     1.07708 (mid-point)
     5.57541     4.57980     5.60748     1.07860   (sampled)
     5.67541     4.66699     5.70748     1.08006 (mid-point)
     5.77541     4.75449     5.80748     1.08147   (sampled)
     5.87541     4.84248     5.90755     1.08283 (mid-point)
     5.97541     4.93081     6.00763     1.08414   (sampled)
     6.07541     5.01934     6.10763     1.08540 (mid-point)
     6.17541     5.10818     6.20763     1.08662   (sampled)
     6.27541     5.19750     6.30766     1.08780 (mid-point)
     6.37541     5.28690     6.40769     1.08894   (sampled)
     6.47541     5.37660     6.50778     1.09004 (mid-point)
     6.57541     5.46658     6.60787     1.09111   (sampled)
     6.67541     5.55678     6.70793     1.09214 (mid-point)
     6.77541     5.64681     6.80799     1.09313   (sampled)
     6.87541     5.73700     6.90814     1.09410 (mid-point)
     6.97541     5.82694     7.00828     1.09504   (sampled)
     7.07541     5.91713     7.10828     1.09595 (mid-point)
     7.17541     6.00756     7.20828     1.09683   (sampled)
     7.27541     6.09821     7.30828     1.09769 (mid-point)
     7.37541     6.18906     7.40828     1.09852   (sampled)
     7.47541     6.28011     7.50957     1.09932 (mid-point)
     7.57541     6.37139     7.61085     1.10011   (sampled)
     7.67541     6.46277     7.71087     1.10087 (mid-point)
     7.77541     6.55436     7.81089     1.10161   (sampled)
     7.87541     6.64624     7.91089     1.10233 (mid-point)
     7.97541     6.73830     8.01089     1.10303   (sampled)
     8.07541     6.83039     8.11608     1.10372 (mid-point)
     8.17541     6.92276     8.22127     1.10438   (sampled)
     8.27541     7.01534     8.32127     1.10503 (mid-point)
     8.37541     7.10802     8.42127     1.10566   (sampled)
     8.47541     7.20070     8.53382     1.10627 (mid-point)
     8.57541     7.29382     8.64636     1.10687   (sampled)
     8.67541     7.38717     8.74637     1.10745 (mid-point)
     8.77541     7.48033     8.84637     1.10802   (sampled)
     8.87541     7.57380     8.94637     1.10858 (mid-point)
     8.97541     7.66740     9.04637     1.10912   (sampled)
     9.07541     7.76113     9.14637     1.10965 (mid-point)
     9.17541     7.85488     9.24637     1.11016   (sampled)
     9.27541     7.94876     9.34637     1.11066 (mid-point)
     9.37541     8.04275     9.44637     1.11116   (sampled)
     9.47541     8.13675     9.56094     1.11164 (mid-point)
     9.57541     8.23116     9.67551     1.11211   (sampled)
     9.67541     8.32544     9.79257     1.11257 (mid-point)
     9.77541     8.42019     9.90964     1.11302   (sampled)
     9.87541     8.51482    10.00968     1.11345 (mid-point)
     9.97541     8.60945    10.10973     1.11388   (sampled)
    10.07541     8.70429    10.20973     1.11430 (mid-point)
    10.17541     8.79914    10.30973     1.11472   (sampled)
    10.27541     8.89388    10.44249     1.11512 (mid-point)
    10.37541     8.98941    10.57525     1.11551   (sampled)
    10.47541     9.08452    10.67525     1.11590 (mid-point)
    10.57541     9.17972    10.77525     1.11628   (sampled)
    10.67541     9.27466    10.93610     1.11665 (mid-point)
    10.77541     9.37110    11.09696     1.11701   (sampled)
    10.87541     9.46654    11.19696     1.11736 (mid-point)
    10.97541     9.56205    11.29696     1.11771   (sampled)
    11.07541     9.65787    11.39714     1.11805 (mid-point)
    11.17541     9.75359    11.49732     1.11839   (sampled)
    11.27541     9.84941    11.59732     1.11872 (mid-point)
    11.37541     9.94530    11.69732     1.11904   (sampled)
    11.47541    10.04117    11.79732     1.11935 (mid-point)
    11.57541    10.13711    11.89732     1.11966   (sampled)
    11.67541    10.23320    11.99734     1.11997 (mid-point)
    11.77541    10.32919    12.09735     1.12026   (sampled)
    11.87541    10.42551    12.19769     1.12056 (mid-point)
    11.97541    10.52190    12.29803     1.12085   (sampled)
    12.07541    10.61836    12.39821     1.12113 (mid-point)
    12.17541    10.71485    12.49840     1.12140   (sampled)
    12.27541    10.81127    12.59840     1.12168 (mid-point)
    12.37541    10.90775    12.69841     1.12194   (sampled)
    12.47541    11.00274    12.92498     1.12221 (mid-point)
    12.57541    11.10098    13.15156     1.12247   (sampled)
    12.67541    11.19587    13.38736     1.12272 (mid-point)
    12.77541    11.29429    13.62316     1.12297   (sampled)
    12.87541    11.39134    13.72385     1.12321 (mid-point)
    12.97541    11.48823    13.82453     1.12346   (sampled)
    13.07541    11.58507    13.92453     1.12369 (mid-point)
    13.17541    11.68197    14.02453     1.12393   (sampled)
    13.27541    11.77889    14.12453     1.12416 (mid-point)
    13.37541    11.87580    14.22453     1.12438   (sampled)
    13.47541    11.97275    14.32453     1.12460 (mid-point)
    13.57541    12.06975    14.42453     1.12482   (sampled)
    13.67541    12.16691    14.52598     1.12504 (mid-point)
    13.77541    12.26414    14.62742     1.12525   (sampled)
    13.87541    12.36140    14.72756     1.12546 (mid-point)
    13.97541    12.45870    14.82769     1.12566   (sampled)
    14.07541    12.55589    14.92769     1.12586 (mid-point)
    14.17541    12.65313    15.02769     1.12606   (sampled)
    14.27541    12.75032    15.12840     1.12626 (mid-point)
    14.37541    12.84752    15.22910     1.12645   (sampled)
    14.47541    12.94490    15.32910     1.12664 (mid-point)
    14.57541    13.04228    15.42910     1.12683   (sampled)
    14.67541    13.13764    15.68754     1.12701 (mid-point)
    14.77541    13.23682    15.94599     1.12719   (sampled)
    14.87541    13.33456    16.04600     1.12737 (mid-point)
    14.97541    13.43208    16.14601     1.12755   (sampled)
    15.07541    13.52959    16.24616     1.12772 (mid-point)
    15.17541    13.62689    16.34631     1.12790   (sampled)
    15.27541    13.72450    16.44631     1.12806 (mid-point)
    15.37541    13.82146    16.54631     1.12823   (sampled)
    15.47541    13.91985    16.64686     1.12840 (mid-point)
    15.57541    14.01760    16.74741     1.12856   (sampled)
    15.67541    14.11533    16.84741     1.12872 (mid-point)
    15.77541    14.21299    16.94741     1.12887   (sampled)
    15.87541    14.31019    17.06424     1.12903 (mid-point)
    15.97541    14.40755    17.18107     1.12918   (sampled)
    16.07541    14.50547    17.34279     1.12933 (mid-point)
    16.17541    14.60409    17.50451     1.12948   (sampled)
    16.27541    14.70204    17.60451     1.12963 (mid-point)
    16.37541    14.79992    17.70451     1.12978   (sampled)
    16.47541    14.89790    17.80474     1.12992 (mid-point)
    16.57541    14.99582    17.90498     1.13006   (sampled)
    16.67541    15.09315    18.07822     1.13020 (mid-point)
    16.77541    15.19169    18.25147     1.13034   (sampled)
    16.87541    15.28977    18.35147     1.13048 (mid-point)
    16.97541    15.38782    18.45147     1.13061   (sampled)
    17.07541    15.48550    18.61069     1.13074 (mid-point)
    17.17541    15.58404    18.76991     1.13087   (sampled)
    17.27541    15.68221    18.86991     1.13100 (mid-point)
    17.37541    15.78035    18.96991     1.13113   (sampled)
    17.47541    15.87814    19.12344     1.13126 (mid-point)
    17.57541    15.97664    19.27698     1.13138   (sampled)
    17.67541    16.07490    19.37698     1.13150 (mid-point)
    17.77541    16.17318    19.47698     1.13163   (sampled)
    17.87541    16.27101    19.62265     1.13175 (mid-point)
    17.97541    16.36948    19.76831     1.13187   (sampled)
    18.07541    16.46757    19.90703     1.13198 (mid-point)
    18.17541    16.56619    20.04575     1.13210   (sampled)
    18.27541    16.66456    20.14575     1.13221 (mid-point)
    18.37541    16.76295    20.24575     1.13233   (sampled)
    18.47541    16.86132    20.34588     1.13244 (mid-point)
    18.57541    16.95970    20.44601     1.13255   (sampled)
    18.67541    17.05791    20.56902     1.13266 (mid-point)
    18.77541    17.15641    20.69204     1.13277   (sampled)
    18.87541    17.25477    20.79827     1.13287 (mid-point)
    18.97541    17.35322    20.90450     1.13298   (sampled)
    19.07541    17.45173    21.00553     1.13308 (mid-point)
    19.17541    17.55025    21.10656     1.13319   (sampled)
    19.27541    17.64876    21.20714     1.13329 (mid-point)
    19.37541    17.74728    21.30772     1.13339   (sampled)
    19.47541    17.84566    21.41130     1.13349 (mid-point)
    19.57541    17.94402    21.51489     1.13359   (sampled)
    19.67541    18.04277    21.61545     1.13369 (mid-point)
    19.77541    18.14149    21.71601     1.13378   (sampled)
    19.87541    18.24006    21.81601     1.13388 (mid-point)
    19.97541    18.33865    21.91601     1.13397   (sampled)
    20.07541    18.43730    22.01601     1.13407 (mid-point)
    20.17541    18.53597    22.11601     1.13416   (sampled)
    20.27541    18.63462    22.21609     1.13425 (mid-point)
    20.37541    18.73327    22.31617     1.13434   (sampled)
    20.47541    18.83144    22.41620     1.13443 (mid-point)
    20.57541    18.92961    22.51624     1.13452   (sampled)
    20.67541    19.02752    22.61632     1.13461 (mid-point)
    20.77541    19.12541    22.71640     1.13470   (sampled)
    20.87541    19.22333    22.81640     1.13478 (mid-point)
    20.97541    19.32128    22.91640     1.13487   (sampled)
    21.07541    19.41923    23.01640     1.13495 (mid-point)
    21.17541    19.51720    23.11640     1.13504   (sampled)
    21.27541    19.61518    23.21640     1.13512 (mid-point)
    21.37541    19.71318    23.31640     1.13520   (sampled)
    21.47541    19.81121    23.41929     1.13528 (mid-point)
    21.57541    19.90929    23.52218     1.13536   (sampled)
    21.67541    20.00698    23.62224     1.13544 (mid-point)
    21.77541    20.10244    23.72231     1.13552   (sampled)
    21.87541    20.19570    23.82729     1.13560 (mid-point)
    21.97541    20.28906    23.93228     1.13568   (sampled)
    22.07541    20.38214    24.03228     1.13575 (mid-point)
    22.17541    20.47528    24.13228     1.13583   (sampled)
    22.27541    20.56848    24.23228     1.13590 (mid-point)
    22.37541    20.66174    24.33228     1.13598   (sampled)
    22.47541    20.75536    24.44971     1.13605 (mid-point)
    22.57541    20.84921    24.56713     1.13612   (sampled)
    22.67541    20.94265    24.66713     1.13620 (mid-point)
    22.77541    21.03614    24.76713     1.13627   (sampled)
    22.87541    21.13043    24.89427     1.13634 (mid-point)
    22.97541    21.22505    25.02140     1.13641   (sampled)
    23.07541    21.31938    25.12481     1.13648 (mid-point)
    23.17541    21.41339    25.22821     1.13655   (sampled)
    23.27541    21.50360    25.65196     1.13662 (mid-point)
    23.37541    21.60103    26.07571     1.13669   (sampled)
    23.47541    21.69489    26.17571     1.13676 (mid-point)
    23.57541    21.78881    26.27571     1.13682   (sampled)
    23.67541    21.88376    26.38569     1.13689 (mid-point)
    23.77541    21.97874    26.49567     1.13695   (sampled)

 Minimum radius found:      1.135 angstroms.



 For spherical probe approach, The geometric factor
         F= sum(ds/area) along channel is    1.137 angstroms**-1
 This yields a macroscopic predicted molar conductance of:
   (1/rho)*(100/F)= (88/rho) pS,
   where rho is the conductivity of 1M permeant ion in ohm m.
 N.B. this is a macroscopic conductance - an overestimate 
 Empirically corrected conductances currently only available
 With the CAPSULE option (although its not that stable!)
 For 1M KCl rho= 1/12 (ohm m), So Gmacro= 1100 pS/M.
  (TAG      1   Rmin=     1.13536   Gmacro=  1055.45086 Conn_Gmacro=    -1.00000 ).
 HOLE: normal completion
