 *** Program HOLE ***
 
 If results of this run are reported or published, please
 cite the publication listed below.
 For the HOLE program:
   Smart, O.S., Goodfellow, J.M., Wallace, B.A. (1993). 
   The pore dimensions of gramicidin A. 
   Biophys. J., 65, 2455-2460.
 
 Originally written by Oliver Smart at Birkbeck College from April 1992.
 Copyright 1993-2005 Oliver Smart
 Copyright 2014-2015 SmartSci Limited.
 Copyright 2016 Oliver Smart.
 
 For help on HOLE suite see  http://www.holeprogram.org/
 
 HOLE release 2.2.005 (07 August 2016) 
 
 usage subject to Apache License, Version 2.0 
 see http://www.apache.org/licenses/LICENSE-2.0 

 Control variables read:

! Input file for Oliver Smart's HOLE program
! written by MDAnalysis.analysis.hole2.HoleAnalysis
! for a Universe
! u = mda.Universe(host_67.mol2
!    host_67.mol2
!   )
! Frame 0

COORD  /tmp/tmp7uqnlibl.pdb
RADIUS simple2.rad
SPHPDB hole000.sph
SAMPLE 0.200000
ENDRAD 22.000000
IGNORE SOL WAT TIP HOH K   NA  CL
SHORTO 0
RASEED 31415
CPOINT -0.0009166611 0.0005416732 -0.0027083331


 WARNING have not found a CVECT record - will try to guess
 Input pdb filename read as:    '/tmp/tmp7uqnlibl.pdb'
 Input vdW radius file read as: 'simple2.rad'
 point in channel:   -0.001   0.001  -0.003
 channel vector:   ************************
 sampling distance between planes:    0.200

 graphics conditions:
 binary plot output file name: NONE
 Dot density:    10
 Draw dots?           T
 Draw close contacts? F
 Draw centre line?    T
 Produce spikes rather than dots? F
 Seed for random number generator:     31415 (0 means value set by program)
 Radius above which a result is regarded as an 'end':  22.000
 Pdb format file for sphere centres: hole000.sph

 Monte Carlo conditions:
  no of steps:  1000
  maximum displacement   0.100 angs
  'kT' initial   0.100 angs
 The spherebox and capsule options are turned off.
 (No molqpt card so will not write qpt file of the molecule)
 IGNORE card read so will ignore residue types: SOL WAT TIP HOH K   NA  CL
 no SHORTO card read so will produce full textual output
 As no PEGRAT card was found will not produce PEG polymer exclusion graph
 (No 2DMAPS card specified so will not produce 2D property maps)
 Have not found a CUT card.  Normal calculation using
   Cutoff lists with a cutsize=       1.000
   (if you wish to turn off option use a CUT -1 card)

 Have read     7 bond radius records and
              16 vdW radius records.
 From file: simple2.rad

 Have read    48 atom records.
 From file: /tmp/tmp7uqnlibl.pdb
 Will not produce graphical output

 Have opened file for pdb format output of sphere centres:  hole000.sph

  Seed integer used by ran # generator on this run      31415

 
 S/R cguess will try to guess CPOINT and/or CVECT
 
 THESE GUESSES MAY WELL BE WRONG!!!!
 Routine relies on having a reasonably symmetric
 channel oriented along x, y or z vector
 YOU ARE STRONGLY ADVISED TO CHECK THE RESULTS
                       WITH MOLECULAR GRAPHICS
 testing points from cpoint in X, Y then Z direction
   point                   pore radius
direction     1
  -5.001   0.001  -0.003    -1.271
  -4.001   0.001  -0.003    -0.640
  -3.001   0.001  -0.003    -1.639
  -2.001   0.001  -0.003    -1.060
  -1.001   0.001  -0.003    -0.290
  -0.001   0.001  -0.003     0.709
   0.999   0.001  -0.003    -0.290
   1.999   0.001  -0.003    -1.060
   2.999   0.001  -0.003    -1.636
   3.999   0.001  -0.003    -0.638
   4.999   0.001  -0.003    -1.271
 Average pore radius along the line=     -0.826
direction     2
  -0.001  -4.999  -0.003    -0.417
  -0.001  -3.999  -0.003    -1.113
  -0.001  -2.999  -0.003    -0.834
  -0.001  -1.999  -0.003    -0.335
  -0.001  -0.999  -0.003     0.062
  -0.001   0.001  -0.003     0.709
  -0.001   1.001  -0.003     0.063
  -0.001   2.001  -0.003    -0.327
  -0.001   3.001  -0.003    -0.827
  -0.001   4.001  -0.003    -1.113
  -0.001   5.001  -0.003    -0.422
 Average pore radius along the line=     -0.414
direction     3
  -0.001   0.001  -5.003     3.862
  -0.001   0.001  -4.003     2.998
  -0.001   0.001  -3.003     2.159
  -0.001   0.001  -2.003     1.444
  -0.001   0.001  -1.003     0.974
  -0.001   0.001  -0.003     0.709
  -0.001   0.001   0.997     0.961
  -0.001   0.001   1.997     1.457
  -0.001   0.001   2.997     2.164
  -0.001   0.001   3.997     2.996
  -0.001   0.001   4.997     3.843
 Average pore radius along the line=      2.142
 Best direction is found to be     3
(1=X,2=Y,3=Z)
 s/r cguess has produced initial values for cpoint &/or cvect:
CPOINT      -0.0009      0.0005     -0.0027
CVECT        0.0000      0.0000      1.0000
 THESE GUESSES MAY WELL BE WRONG!!!!
 Routine relies on having a reasonably symmetric
 channel oriented along x, y or z vector
 YOU ARE STRONGLY ADVISED TO CHECK THE RESULTS
                       WITH MOLECULAR GRAPHICS
 
 
  Some routines (e.g. conn) need vectors normal to cvect: 
     EAST Zero degrees angle is along vector    1.000   0.000   0.000
     NORTH  90 degrees angle is along vector    0.000  -1.000   0.000
 highest radius point found:
  at point   -0.001   0.130  -0.003
  closest atom surface    0.714   H19 67  X    0
  2nd closest surface     0.715   H11 67  X    0
  found on step  740
 current point:
  at point   -0.001  -0.020  -0.003
  closest atom surface    0.710   H11 67  X    0
  2nd closest surface     0.710   H19 67  X    0
  found on step  992
  no. of rejections          406
 stored as     0

 highest radius point found:
  at point   -0.005   0.136   0.197
  closest atom surface    0.724   H1  67  X    0
  2nd closest surface     0.724   H19 67  X    0
  found on step  697
 current point:
  at point   -0.007  -0.142   0.197
  closest atom surface    0.724   H19 67  X    0
  2nd closest surface     0.728   H11 67  X    0
  found on step  975
  no. of rejections          381
 stored as     1

 highest radius point found:
  at point   -0.008  -0.127   0.397
  closest atom surface    0.758   H11 67  X    0
  2nd closest surface     0.758   H19 67  X    0
  found on step  784
 current point:
  at point   -0.007   0.129   0.397
  closest atom surface    0.758   H11 67  X    0
  2nd closest surface     0.758   H1  67  X    0
  found on step  994
  no. of rejections          383
 stored as     2

 highest radius point found:
  at point   -0.012  -0.164   0.597
  closest atom surface    0.814   H19 67  X    0
  2nd closest surface     0.816   H11 67  X    0
  found on step    4
 current point:
  at point   -0.011  -0.108   0.597
  closest atom surface    0.811   H11 67  X    0
  2nd closest surface     0.811   H19 67  X    0
  found on step  997
  no. of rejections          380
 stored as     3

 highest radius point found:
  at point   -0.014   0.112   0.797
  closest atom surface    0.886   H19 67  X    0
  2nd closest surface     0.886   H11 67  X    0
  found on step  863
 current point:
  at point   -0.014   0.084   0.797
  closest atom surface    0.884   H19 67  X    0
  2nd closest surface     0.885   H11 67  X    0
  found on step  927
  no. of rejections          405
 stored as     4

 highest radius point found:
  at point   -0.017   0.098   0.997
  closest atom surface    0.977   H19 67  X    0
  2nd closest surface     0.977   H11 67  X    0
  found on step  992
  this is also current point
  no. of rejections          385
 stored as     5

 highest radius point found:
  at point   -0.019   0.105   1.197
  closest atom surface    1.084   H11 67  X    0
  2nd closest surface     1.084   H1  67  X    0
  found on step  866
  this is also current point
  no. of rejections          348
 stored as     6

 highest radius point found:
  at point   -0.021   0.065   1.397
  closest atom surface    1.202   H11 67  X    0
  2nd closest surface     1.204   H19 67  X    0
  found on step  846
 current point:
  at point   -0.026   0.090   1.397
  closest atom surface    1.202   H19 67  X    0
  2nd closest surface     1.206   H11 67  X    0
  found on step  926
  no. of rejections          391
 stored as     7

 highest radius point found:
  at point   -0.033   0.102   1.597
  closest atom surface    1.329   H2  67  X    0
  2nd closest surface     1.330   H19 67  X    0
  found on step  974
  this is also current point
  no. of rejections          365
 stored as     8

 highest radius point found:
  at point   -0.035   0.129   1.797
  closest atom surface    1.450   H2  67  X    0
  2nd closest surface     1.453   H1  67  X    0
  found on step  968
  this is also current point
  no. of rejections          365
 stored as     9

 highest radius point found:
  at point   -0.024   0.157   1.997
  closest atom surface    1.577   H1  67  X    0
  2nd closest surface     1.577   H2  67  X    0
  found on step 1000
  this is also current point
  no. of rejections          366
 stored as    10

 highest radius point found:
  at point   -0.024   0.205   2.197
  closest atom surface    1.702   C18 67  X    0
  2nd closest surface     1.702   N1  67  X    0
  found on step  989
  this is also current point
  no. of rejections          328
 stored as    11

 highest radius point found:
  at point   -0.025   0.209   2.397
  closest atom surface    1.829   C8  67  X    0
  2nd closest surface     1.829   C18 67  X    0
  found on step  961
  this is also current point
  no. of rejections          383
 stored as    12

 highest radius point found:
  at point   -0.025   0.209   2.597
  closest atom surface    1.961   C8  67  X    0
  2nd closest surface     1.964   C18 67  X    0
  found on step    1
 current point:
  at point   -0.027   0.167   2.597
  closest atom surface    1.960   C18 67  X    0
  2nd closest surface     1.960   C8  67  X    0
  found on step  974
  no. of rejections          313
 stored as    13

 highest radius point found:
  at point   -0.029   0.218   2.797
  closest atom surface    2.101   C8  67  X    0
  2nd closest surface     2.101   C18 67  X    0
  found on step  964
  this is also current point
  no. of rejections          358
 stored as    14

 highest radius point found:
  at point   -0.031   0.243   2.997
  closest atom surface    2.246   C8  67  X    0
  2nd closest surface     2.247   C18 67  X    0
  found on step  649
 current point:
  at point   -0.033   0.235   2.997
  closest atom surface    2.244   C18 67  X    0
  2nd closest surface     2.248   C8  67  X    0
  found on step  987
  no. of rejections          319
 stored as    15

 highest radius point found:
  at point   -0.035   0.252   3.197
  closest atom surface    2.394   C18 67  X    0
  2nd closest surface     2.396   C8  67  X    0
  found on step  107
 current point:
  at point   -0.033   0.233   3.197
  closest atom surface    2.394   C18 67  X    0
  2nd closest surface     2.395   C8  67  X    0
  found on step  990
  no. of rejections          325
 stored as    16

 highest radius point found:
  at point   -0.035   0.252   3.397
  closest atom surface    2.547   C18 67  X    0
  2nd closest surface     2.548   C8  67  X    0
  found on step    1
 current point:
  at point   -0.032   0.264   3.397
  closest atom surface    2.546   C8  67  X    0
  2nd closest surface     2.548   N1  67  X    0
  found on step  967
  no. of rejections          314
 stored as    17

 highest radius point found:
  at point   -0.038   0.278   3.597
  closest atom surface    2.704   N1  67  X    0
  2nd closest surface     2.704   C18 67  X    0
  found on step  822
 current point:
  at point   -0.036   0.264   3.597
  closest atom surface    2.704   C8  67  X    0
  2nd closest surface     2.704   C18 67  X    0
  found on step  973
  no. of rejections          318
 stored as    18

 highest radius point found:
  at point   -0.038   0.278   3.797
  closest atom surface    2.864   C8  67  X    0
  2nd closest surface     2.865   C18 67  X    0
  found on step    1
 current point:
  at point   -0.037   0.286   3.797
  closest atom surface    2.863   C8  67  X    0
  2nd closest surface     2.865   N1  67  X    0
  found on step  982
  no. of rejections          314
 stored as    19

 highest radius point found:
  at point   -0.041   0.280   3.997
  closest atom surface    3.026   C18 67  X    0
  2nd closest surface     3.027   C8  67  X    0
  found on step  784
 current point:
  at point   -0.044   0.299   3.997
  closest atom surface    3.026   C18 67  X    0
  2nd closest surface     3.028   N1  67  X    0
  found on step  931
  no. of rejections          302
 stored as    20

 highest radius point found:
  at point   -0.039   0.310   4.197
  closest atom surface    3.191   C8  67  X    0
  2nd closest surface     3.192   N1  67  X    0
  found on step  655
 current point:
  at point   -0.042   0.229   4.197
  closest atom surface    3.189   C8  67  X    0
  2nd closest surface     3.189   C18 67  X    0
  found on step  963
  no. of rejections          280
 stored as    21

 highest radius point found:
  at point   -0.043   0.322   4.397
  closest atom surface    3.361   C8  67  X    0
  2nd closest surface     3.361   N1  67  X    0
  found on step  657
 current point:
  at point   -0.043   0.011   4.397
  closest atom surface    3.351   C8  67  X    0
  2nd closest surface     3.351   C18 67  X    0
  found on step  966
  no. of rejections          320
 stored as    22

 highest radius point found:
  at point   -0.047   0.335   4.597
  closest atom surface    3.531   N1  67  X    0
  2nd closest surface     3.531   C18 67  X    0
  found on step  855
 current point:
  at point   -0.047   0.308   4.597
  closest atom surface    3.530   C18 67  X    0
  2nd closest surface     3.530   C8  67  X    0
  found on step  903
  no. of rejections          314
 stored as    23

 highest radius point found:
  at point   -0.050   0.347   4.797
  closest atom surface    3.703   N1  67  X    0
  2nd closest surface     3.703   C18 67  X    0
  found on step  998
  this is also current point
  no. of rejections          298
 stored as    24

 highest radius point found:
  at point   -0.049   0.316   4.997
  closest atom surface    3.875   C8  67  X    0
  2nd closest surface     3.876   C18 67  X    0
  found on step  976
  this is also current point
  no. of rejections          306
 stored as    25

 highest radius point found:
  at point   -0.051   0.249   5.197
  closest atom surface    4.047   C8  67  X    0
  2nd closest surface     4.048   C18 67  X    0
  found on step  734
 current point:
  at point   -0.051   0.046   5.197
  closest atom surface    4.042   C18 67  X    0
  2nd closest surface     4.043   C8  67  X    0
  found on step  928
  no. of rejections          291
 stored as    26

 highest radius point found:
  at point   -0.054   0.223   5.397
  closest atom surface    4.223   C18 67  X    0
  2nd closest surface     4.224   C8  67  X    0
  found on step  949
  this is also current point
  no. of rejections          301
 stored as    27

 highest radius point found:
  at point   -0.057   0.142   5.597
  closest atom surface    4.398   C18 67  X    0
  2nd closest surface     4.400   C8  67  X    0
  found on step  692
 current point:
  at point   -0.054  -0.021   5.597
  closest atom surface    4.397   C8  67  X    0
  2nd closest surface     4.398   C18 67  X    0
  found on step  967
  no. of rejections          297
 stored as    28

 highest radius point found:
  at point   -0.057   0.142   5.797
  closest atom surface    4.578   C8  67  X    0
  2nd closest surface     4.579   C18 67  X    0
  found on step    1
 current point:
  at point   -0.056   0.151   5.797
  closest atom surface    4.578   C8  67  X    0
  2nd closest surface     4.579   C18 67  X    0
  found on step  965
  no. of rejections          292
 stored as    29

 highest radius point found:
  at point   -0.059   0.091   5.997
  closest atom surface    4.758   C18 67  X    0
  2nd closest surface     4.759   C8  67  X    0
  found on step  197
 current point:
  at point   -0.059  -0.046   5.997
  closest atom surface    4.758   C18 67  X    0
  2nd closest surface     4.758   C8  67  X    0
  found on step  911
  no. of rejections          285
 stored as    30

 highest radius point found:
  at point   -0.061   0.056   6.197
  closest atom surface    4.940   C18 67  X    0
  2nd closest surface     4.940   C8  67  X    0
  found on step  897
  this is also current point
  no. of rejections          270
 stored as    31

 highest radius point found:
  at point   -0.062  -0.017   6.397
  closest atom surface    5.122   C8  67  X    0
  2nd closest surface     5.122   C18 67  X    0
  found on step  945
  this is also current point
  no. of rejections          256
 stored as    32

 highest radius point found:
  at point   -0.064   0.002   6.597
  closest atom surface    5.306   C8  67  X    0
  2nd closest surface     5.306   C18 67  X    0
  found on step  961
  this is also current point
  no. of rejections          262
 stored as    33

 highest radius point found:
  at point   -0.066  -0.063   6.797
  closest atom surface    5.491   C8  67  X    0
  2nd closest surface     5.491   C18 67  X    0
  found on step  977
  this is also current point
  no. of rejections          257
 stored as    34

 highest radius point found:
  at point   -0.063  -0.066   6.997
  closest atom surface    5.674   H5  67  X    0
  2nd closest surface     5.675   C8  67  X    0
  found on step  994
  this is also current point
  no. of rejections          260
 stored as    35

 highest radius point found:
  at point   -0.088  -0.098   7.197
  closest atom surface    5.855   N2  67  X    0
  2nd closest surface     5.856   H5  67  X    0
  found on step  842
 current point:
  at point   -0.091  -0.101   7.197
  closest atom surface    5.855   N2  67  X    0
  2nd closest surface     5.855   C18 67  X    0
  found on step  994
  no. of rejections          270
 stored as    36

 highest radius point found:
  at point   -0.112  -0.132   7.397
  closest atom surface    6.036   N2  67  X    0
  2nd closest surface     6.036   C18 67  X    0
  found on step  975
  this is also current point
  no. of rejections          232
 stored as    37

 highest radius point found:
  at point   -0.129  -0.157   7.597
  closest atom surface    6.219   N2  67  X    0
  2nd closest surface     6.219   C18 67  X    0
  found on step  972
  this is also current point
  no. of rejections          259
 stored as    38

 highest radius point found:
  at point   -0.147  -0.186   7.797
  closest atom surface    6.402   N2  67  X    0
  2nd closest surface     6.403   C18 67  X    0
  found on step  967
  this is also current point
  no. of rejections          264
 stored as    39

 highest radius point found:
  at point   -0.164  -0.210   7.997
  closest atom surface    6.587   H5  67  X    0
  2nd closest surface     6.587   N2  67  X    0
  found on step 1000
  this is also current point
  no. of rejections          274
 stored as    40

 highest radius point found:
  at point   -0.180  -0.237   8.197
  closest atom surface    6.772   H5  67  X    0
  2nd closest surface     6.772   N2  67  X    0
  found on step   34
 current point:
  at point   -0.166  -0.233   8.197
  closest atom surface    6.771   N2  67  X    0
  2nd closest surface     6.771   H5  67  X    0
  found on step  964
  no. of rejections          234
 stored as    41

 highest radius point found:
  at point   -0.202  -0.268   8.397
  closest atom surface    6.958   N2  67  X    0
  2nd closest surface     6.959   C18 67  X    0
  found on step  894
  this is also current point
  no. of rejections          246
 stored as    42

 highest radius point found:
  at point   -0.219  -0.293   8.597
  closest atom surface    7.145   N2  67  X    0
  2nd closest surface     7.145   H5  67  X    0
  found on step  946
  this is also current point
  no. of rejections          221
 stored as    43

 highest radius point found:
  at point   -0.238  -0.321   8.797
  closest atom surface    7.333   N2  67  X    0
  2nd closest surface     7.333   H5  67  X    0
  found on step  974
  this is also current point
  no. of rejections          270
 stored as    44

 highest radius point found:
  at point   -0.262  -0.353   8.997
  closest atom surface    7.521   C18 67  X    0
  2nd closest surface     7.521   N2  67  X    0
  found on step  990
  this is also current point
  no. of rejections          217
 stored as    45

 highest radius point found:
  at point   -0.282  -0.382   9.197
  closest atom surface    7.709   C18 67  X    0
  2nd closest surface     7.709   N2  67  X    0
  found on step  982
  this is also current point
  no. of rejections          232
 stored as    46

 highest radius point found:
  at point   -0.290  -0.403   9.397
  closest atom surface    7.898   N2  67  X    0
  2nd closest surface     7.899   H5  67  X    0
  found on step  988
  this is also current point
  no. of rejections          240
 stored as    47

 highest radius point found:
  at point   -0.319  -0.437   9.597
  closest atom surface    8.088   C18 67  X    0
  2nd closest surface     8.088   N2  67  X    0
  found on step  783
 current point:
  at point   -0.319  -0.438   9.597
  closest atom surface    8.088   C18 67  X    0
  2nd closest surface     8.088   N2  67  X    0
  found on step  942
  no. of rejections          235
 stored as    48

 highest radius point found:
  at point   -0.331  -0.457   9.797
  closest atom surface    8.279   N2  67  X    0
  2nd closest surface     8.279   H5  67  X    0
  found on step  966
  this is also current point
  no. of rejections          256
 stored as    49

 highest radius point found:
  at point   -0.311  -0.471   9.997
  closest atom surface    8.465   H15 67  X    0
  2nd closest surface     8.466   N2  67  X    0
  found on step  878
 current point:
  at point   -0.324  -0.469   9.997
  closest atom surface    8.465   H5  67  X    0
  2nd closest surface     8.465   H15 67  X    0
  found on step  975
  no. of rejections          229
 stored as    50

 highest radius point found:
  at point   -0.265  -0.477  10.197
  closest atom surface    8.650   H15 67  X    0
  2nd closest surface     8.651   N2  67  X    0
  found on step  587
 current point:
  at point   -0.287  -0.477  10.197
  closest atom surface    8.649   H15 67  X    0
  2nd closest surface     8.650   H5  67  X    0
  found on step  931
  no. of rejections          237
 stored as    51

 highest radius point found:
  at point   -0.222  -0.483  10.397
  closest atom surface    8.836   H15 67  X    0
  2nd closest surface     8.836   N2  67  X    0
  found on step  760
 current point:
  at point   -0.208  -0.478  10.397
  closest atom surface    8.835   N2  67  X    0
  2nd closest surface     8.835   H5  67  X    0
  found on step  988
  no. of rejections          243
 stored as    52

 highest radius point found:
  at point   -0.201  -0.490  10.597
  closest atom surface    9.022   H15 67  X    0
  2nd closest surface     9.022   H5  67  X    0
  found on step  910
  this is also current point
  no. of rejections          210
 stored as    53

 highest radius point found:
  at point   -0.156  -0.493  10.797
  closest atom surface    9.208   H5  67  X    0
  2nd closest surface     9.210   H15 67  X    0
  found on step  942
  this is also current point
  no. of rejections          201
 stored as    54

 highest radius point found:
  at point   -0.090  -0.500  10.997
  closest atom surface    9.398   H5  67  X    0
  2nd closest surface     9.398   N2  67  X    0
  found on step  998
  this is also current point
  no. of rejections          224
 stored as    55

 highest radius point found:
  at point   -0.090  -0.500  11.197
  closest atom surface    9.581   H5  67  X    0
  2nd closest surface     9.587   H15 67  X    0
  found on step    1
 current point:
  at point   -0.708  -0.513  11.197
  closest atom surface    9.569   H5  67  X    0
  2nd closest surface     9.569   C18 67  X    0
  found on step  961
  no. of rejections          233
 stored as    56

 highest radius point found:
  at point   -0.011  -0.513  11.397
  closest atom surface    9.775   H5  67  X    0
  2nd closest surface     9.776   H15 67  X    0
  found on step  993
  this is also current point
  no. of rejections          182
 stored as    57

 highest radius point found:
  at point    0.029  -0.518  11.597
  closest atom surface    9.964   H5  67  X    0
  2nd closest surface     9.965   H15 67  X    0
  found on step  956
  this is also current point
  no. of rejections          219
 stored as    58

 highest radius point found:
  at point    0.084  -0.531  11.797
  closest atom surface   10.153   N2  67  X    0
  2nd closest surface    10.154   H15 67  X    0
  found on step  985
  this is also current point
  no. of rejections          167
 stored as    59

 highest radius point found:
  at point    0.101  -0.532  11.997
  closest atom surface   10.344   H5  67  X    0
  2nd closest surface    10.345   H15 67  X    0
  found on step  945
  this is also current point
  no. of rejections          214
 stored as    60

 highest radius point found:
  at point    0.143  -0.539  12.197
  closest atom surface   10.535   H5  67  X    0
  2nd closest surface    10.536   H15 67  X    0
  found on step    3
 current point:
  at point    0.237  -0.513  12.197
  closest atom surface   10.533   N2  67  X    0
  2nd closest surface    10.534   H5  67  X    0
  found on step  999
  no. of rejections          215
 stored as    61

 highest radius point found:
  at point    0.200  -0.546  12.397
  closest atom surface   10.728   N2  67  X    0
  2nd closest surface    10.728   H15 67  X    0
  found on step  870
  this is also current point
  no. of rejections          238
 stored as    62

 highest radius point found:
  at point    0.272  -0.551  12.597
  closest atom surface   10.917   N2  67  X    0
  2nd closest surface    10.922   H5  67  X    0
  found on step  766
 current point:
  at point    0.437  -0.487  12.597
  closest atom surface   10.913   N2  67  X    0
  2nd closest surface    10.914   H5  67  X    0
  found on step  979
  no. of rejections          224
 stored as    63

 highest radius point found:
  at point    0.272  -0.551  12.797
  closest atom surface   11.109   H5  67  X    0
  2nd closest surface    11.114   H15 67  X    0
  found on step    1
 current point:
  at point   -1.115  -0.570  12.797
  closest atom surface   11.085   H5  67  X    0
  2nd closest surface    11.085   H15 67  X    0
  found on step  911
  no. of rejections          243
 stored as    64

 highest radius point found:
  at point    0.317  -0.564  12.997
  closest atom surface   11.304   H5  67  X    0
  2nd closest surface    11.305   H15 67  X    0
  found on step  994
  this is also current point
  no. of rejections          199
 stored as    65

 highest radius point found:
  at point    0.490  -0.527  13.197
  closest atom surface   11.495   N2  67  X    0
  2nd closest surface    11.495   H5  67  X    0
  found on step  999
  this is also current point
  no. of rejections          177
 stored as    66

 highest radius point found:
  at point    0.407  -0.575  13.397
  closest atom surface   11.691   N2  67  X    0
  2nd closest surface    11.691   H5  67  X    0
  found on step  975
  this is also current point
  no. of rejections          206
 stored as    67

 highest radius point found:
  at point    0.461  -0.577  13.597
  closest atom surface   11.885   N2  67  X    0
  2nd closest surface    11.885   H5  67  X    0
  found on step  985
  this is also current point
  no. of rejections          199
 stored as    68

 highest radius point found:
  at point    0.485  -0.591  13.797
  closest atom surface   12.079   N2  67  X    0
  2nd closest surface    12.079   H15 67  X    0
  found on step  959
  this is also current point
  no. of rejections          214
 stored as    69

 highest radius point found:
  at point    0.534  -0.596  13.997
  closest atom surface   12.272   N2  67  X    0
  2nd closest surface    12.274   H15 67  X    0
  found on step  778
 current point:
  at point    0.565  -0.591  13.997
  closest atom surface   12.271   N2  67  X    0
  2nd closest surface    12.275   H5  67  X    0
  found on step  989
  no. of rejections          206
 stored as    70

 highest radius point found:
  at point    0.587  -0.594  14.197
  closest atom surface   12.467   H5  67  X    0
  2nd closest surface    12.467   N2  67  X    0
  found on step  106
 current point:
  at point    0.581  -0.598  14.197
  closest atom surface   12.467   N2  67  X    0
  2nd closest surface    12.468   H5  67  X    0
  found on step  949
  no. of rejections          225
 stored as    71

 highest radius point found:
  at point    0.628  -0.598  14.397
  closest atom surface   12.662   H5  67  X    0
  2nd closest surface    12.662   N2  67  X    0
  found on step  991
  this is also current point
  no. of rejections          212
 stored as    72

 highest radius point found:
  at point    0.724  -0.590  14.597
  closest atom surface   12.857   N2  67  X    0
  2nd closest surface    12.858   H5  67  X    0
  found on step   70
 current point:
  at point   -1.587  -0.634  14.597
  closest atom surface   12.828   H5  67  X    0
  2nd closest surface    12.828   H15 67  X    0
  found on step  980
  no. of rejections          176
 stored as    73

 highest radius point found:
  at point    0.694  -0.617  14.797
  closest atom surface   13.053   H5  67  X    0
  2nd closest surface    13.053   N2  67  X    0
  found on step  560
 current point:
  at point    0.780  -0.588  14.797
  closest atom surface   13.053   N2  67  X    0
  2nd closest surface    13.053   H5  67  X    0
  found on step  996
  no. of rejections          209
 stored as    74

 highest radius point found:
  at point    0.779  -0.609  14.997
  closest atom surface   13.248   N2  67  X    0
  2nd closest surface    13.248   H5  67  X    0
  found on step  999
  this is also current point
  no. of rejections          205
 stored as    75

 highest radius point found:
  at point    0.836  -0.608  15.197
  closest atom surface   13.444   N2  67  X    0
  2nd closest surface    13.444   H5  67  X    0
  found on step  917
  this is also current point
  no. of rejections          219
 stored as    76

 highest radius point found:
  at point    0.888  -0.613  15.397
  closest atom surface   13.640   N2  67  X    0
  2nd closest surface    13.641   H5  67  X    0
  found on step  867
 current point:
  at point    0.903  -0.603  15.397
  closest atom surface   13.640   H5  67  X    0
  2nd closest surface    13.641   C8  67  X    0
  found on step  981
  no. of rejections          199
 stored as    77

 highest radius point found:
  at point    0.887  -0.630  15.597
  closest atom surface   13.837   H5  67  X    0
  2nd closest surface    13.837   N2  67  X    0
  found on step   37
 current point:
  at point    0.864  -0.639  15.597
  closest atom surface   13.837   N2  67  X    0
  2nd closest surface    13.837   H5  67  X    0
  found on step  998
  no. of rejections          193
 stored as    78

 highest radius point found:
  at point    0.943  -0.631  15.797
  closest atom surface   14.033   H5  67  X    0
  2nd closest surface    14.033   N2  67  X    0
  found on step  986
  this is also current point
  no. of rejections          150
 stored as    79

 highest radius point found:
  at point    0.967  -0.643  15.997
  closest atom surface   14.230   H5  67  X    0
  2nd closest surface    14.230   N2  67  X    0
  found on step  976
  this is also current point
  no. of rejections          152
 stored as    80

 highest radius point found:
  at point    0.971  -0.662  16.197
  closest atom surface   14.426   N2  67  X    0
  2nd closest surface    14.427   H5  67  X    0
  found on step  981
  this is also current point
  no. of rejections          187
 stored as    81

 highest radius point found:
  at point    1.009  -0.669  16.397
  closest atom surface   14.623   N2  67  X    0
  2nd closest surface    14.624   H5  67  X    0
  found on step  997
  this is also current point
  no. of rejections          193
 stored as    82

 highest radius point found:
  at point    1.044  -0.681  16.597
  closest atom surface   14.819   C8  67  X    0
  2nd closest surface    14.820   N2  67  X    0
  found on step  960
  this is also current point
  no. of rejections          169
 stored as    83

 highest radius point found:
  at point    1.075  -0.704  16.797
  closest atom surface   15.013   H15 67  X    0
  2nd closest surface    15.016   N2  67  X    0
  found on step  324
 current point:
  at point   -1.547  -0.717  16.797
  closest atom surface   14.947   H15 67  X    0
  2nd closest surface    14.952   H5  67  X    0
  found on step  987
  no. of rejections          192
 stored as    84

 highest radius point found:
  at point    1.082  -0.693  16.997
  closest atom surface   15.211   H15 67  X    0
  2nd closest surface    15.212   H5  67  X    0
  found on step  974
  this is also current point
  no. of rejections          146
 stored as    85

 highest radius point found:
  at point    1.127  -0.702  17.197
  closest atom surface   15.408   C8  67  X    0
  2nd closest surface    15.409   H15 67  X    0
  found on step  961
  this is also current point
  no. of rejections          166
 stored as    86

 highest radius point found:
  at point    1.149  -0.703  17.397
  closest atom surface   15.605   C8  67  X    0
  2nd closest surface    15.605   H5  67  X    0
  found on step  628
 current point:
  at point    1.159  -0.709  17.397
  closest atom surface   15.604   C8  67  X    0
  2nd closest surface    15.606   H15 67  X    0
  found on step  996
  no. of rejections          165
 stored as    87

 highest radius point found:
  at point    1.200  -0.720  17.597
  closest atom surface   15.800   C8  67  X    0
  2nd closest surface    15.803   H15 67  X    0
  found on step   74
 current point:
  at point   -2.387  -0.762  17.597
  closest atom surface   15.787   C18 67  X    0
  2nd closest surface    15.788   H15 67  X    0
  found on step  936
  no. of rejections          189
 stored as    88

 highest radius point found:
  at point    1.203  -0.717  17.797
  closest atom surface   15.999   C8  67  X    0
  2nd closest surface    15.999   H5  67  X    0
  found on step   13
 current point:
  at point    1.202  -0.716  17.797
  closest atom surface   15.998   H5  67  X    0
  2nd closest surface    15.999   C8  67  X    0
  found on step  946
  no. of rejections          199
 stored as    89

 highest radius point found:
  at point    1.250  -0.737  17.997
  closest atom surface   16.194   C8  67  X    0
  2nd closest surface    16.195   H15 67  X    0
  found on step  998
  this is also current point
  no. of rejections          188
 stored as    90

 highest radius point found:
  at point    1.262  -0.730  18.197
  closest atom surface   16.392   C8  67  X    0
  2nd closest surface    16.393   H5  67  X    0
  found on step  954
  this is also current point
  no. of rejections          195
 stored as    91

 highest radius point found:
  at point    1.303  -0.750  18.397
  closest atom surface   16.589   C8  67  X    0
  2nd closest surface    16.589   H15 67  X    0
  found on step  941
  this is also current point
  no. of rejections          183
 stored as    92

 highest radius point found:
  at point    1.314  -0.743  18.597
  closest atom surface   16.787   C8  67  X    0
  2nd closest surface    16.787   H15 67  X    0
  found on step  986
  this is also current point
  no. of rejections          148
 stored as    93

 highest radius point found:
  at point    1.373  -0.772  18.797
  closest atom surface   16.983   C8  67  X    0
  2nd closest surface    16.984   H15 67  X    0
  found on step    7
 current point:
  at point    1.519  -0.897  18.797
  closest atom surface   16.978   C8  67  X    0
  2nd closest surface    16.978   H15 67  X    0
  found on step  998
  no. of rejections          150
 stored as    94

 highest radius point found:
  at point    1.391  -0.773  18.997
  closest atom surface   17.181   C8  67  X    0
  2nd closest surface    17.181   H15 67  X    0
  found on step  762
 current point:
  at point    1.407  -0.784  18.997
  closest atom surface   17.180   C8  67  X    0
  2nd closest surface    17.181   H15 67  X    0
  found on step  996
  no. of rejections          194
 stored as    95

 highest radius point found:
  at point    1.403  -0.767  19.197
  closest atom surface   17.379   C8  67  X    0
  2nd closest surface    17.379   H15 67  X    0
  found on step  998
  this is also current point
  no. of rejections          167
 stored as    96

 highest radius point found:
  at point    1.455  -0.781  19.397
  closest atom surface   17.575   C8  67  X    0
  2nd closest surface    17.578   H15 67  X    0
  found on step    8
 current point:
  at point    1.532  -0.842  19.397
  closest atom surface   17.573   C8  67  X    0
  2nd closest surface    17.576   H15 67  X    0
  found on step  995
  no. of rejections          150
 stored as    97

 highest radius point found:
  at point    1.455  -0.781  19.597
  closest atom surface   17.774   H15 67  X    0
  2nd closest surface    17.775   C8  67  X    0
  found on step    1
 current point:
  at point    1.503  -0.793  19.597
  closest atom surface   17.772   C8  67  X    0
  2nd closest surface    17.777   H15 67  X    0
  found on step  999
  no. of rejections          137
 stored as    98

 highest radius point found:
  at point    1.502  -0.795  19.797
  closest atom surface   17.971   C8  67  X    0
  2nd closest surface    17.972   H15 67  X    0
  found on step   41
 current point:
  at point    1.515  -0.810  19.797
  closest atom surface   17.971   C8  67  X    0
  2nd closest surface    17.971   H15 67  X    0
  found on step  969
  no. of rejections          130
 stored as    99

 highest radius point found:
  at point    1.514  -0.792  19.997
  closest atom surface   18.170   C8  67  X    0
  2nd closest surface    18.170   H15 67  X    0
  found on step  957
  this is also current point
  no. of rejections          174
 stored as   100

 highest radius point found:
  at point    1.543  -0.802  20.197
  closest atom surface   18.368   H15 67  X    0
  2nd closest surface    18.368   C8  67  X    0
  found on step    4
 current point:
  at point    1.593  -0.826  20.197
  closest atom surface   18.366   C8  67  X    0
  2nd closest surface    18.369   H15 67  X    0
  found on step  999
  no. of rejections          126
 stored as   101

 highest radius point found:
  at point    1.566  -0.803  20.397
  closest atom surface   18.566   C8  67  X    0
  2nd closest surface    18.566   H15 67  X    0
  found on step  926
  this is also current point
  no. of rejections          151
 stored as   102

 highest radius point found:
  at point    1.593  -0.800  20.597
  closest atom surface   18.763   H5  67  X    0
  2nd closest surface    18.764   C8  67  X    0
  found on step   18
 current point:
  at point    1.748  -0.941  20.597
  closest atom surface   18.761   H15 67  X    0
  2nd closest surface    18.762   C8  67  X    0
  found on step 1000
  no. of rejections           96
 stored as   103

 highest radius point found:
  at point    1.630  -0.826  20.797
  closest atom surface   18.962   H15 67  X    0
  2nd closest surface    18.962   C8  67  X    0
  found on step   98
 current point:
  at point    4.069   0.555  20.797
  closest atom surface   18.960   C8  67  X    0
  2nd closest surface    18.961   C4  67  X    0
  found on step  971
  no. of rejections          146
 stored as   104

 highest radius point found:
  at point    1.704  -0.868  20.997
  closest atom surface   19.160   C8  67  X    0
  2nd closest surface    19.160   H15 67  X    0
  found on step    5
 current point:
  at point    1.735  -0.894  20.997
  closest atom surface   19.159   C8  67  X    0
  2nd closest surface    19.159   H15 67  X    0
  found on step  964
  no. of rejections           99
 stored as   105

 highest radius point found:
  at point    1.677  -0.830  21.197
  closest atom surface   19.359   H15 67  X    0
  2nd closest surface    19.359   C8  67  X    0
  found on step  936
  this is also current point
  no. of rejections          199
 stored as   106

 highest radius point found:
  at point    1.707  -0.837  21.397
  closest atom surface   19.557   C8  67  X    0
  2nd closest surface    19.558   H15 67  X    0
  found on step  955
  this is also current point
  no. of rejections          149
 stored as   107

 highest radius point found:
  at point    4.070   0.582  21.597
  closest atom surface   19.759   C8  67  X    0
  2nd closest surface    19.759   C4  67  X    0
  found on step  994
  this is also current point
  no. of rejections          124
 stored as   108

 highest radius point found:
  at point    4.070   0.582  21.797
  closest atom surface   19.959   C8  67  X    0
  2nd closest surface    19.959   C5  67  X    0
  found on step    1
 current point:
  at point    4.070   0.591  21.797
  closest atom surface   19.959   C4  67  X    0
  2nd closest surface    19.959   C8  67  X    0
  found on step  990
  no. of rejections          119
 stored as   109

 highest radius point found:
  at point    7.125   2.826  21.997
  closest atom surface   20.307   C4  67  X    0
  2nd closest surface    20.329   C5  67  X    0
  found on step  997
  this is also current point
  no. of rejections           80
 stored as   110

 highest radius point found:
  at point   13.565   6.224  22.197
  closest atom surface   22.493   C5  67  X    0
  2nd closest surface    22.494   C4  67  X    0
  found on step  999
  this is also current point
  no. of rejections          148
 This is an end! (radius above  22.0 angs)
 highest radius point found:
  at point    0.002   0.105  -0.203
  closest atom surface    0.726   H19 67  X    0
  2nd closest surface     0.726   H11 67  X    0
  found on step  551
 current point:
  at point    0.002  -0.039  -0.203
  closest atom surface    0.723   H19 67  X    0
  2nd closest surface     0.723   H11 67  X    0
  found on step  884
  no. of rejections          354
 stored as    -1

 highest radius point found:
  at point    0.004   0.149  -0.403
  closest atom surface    0.764   H19 67  X    0
  2nd closest surface     0.766   H11 67  X    0
  found on step  124
 current point:
  at point    0.006   0.143  -0.403
  closest atom surface    0.764   H11 67  X    0
  2nd closest surface     0.765   H19 67  X    0
  found on step  892
  no. of rejections          392
 stored as    -2

 highest radius point found:
  at point    0.009   0.129  -0.603
  closest atom surface    0.821   H11 67  X    0
  2nd closest surface     0.821   H19 67  X    0
  found on step  998
  this is also current point
  no. of rejections          394
 stored as    -3

 highest radius point found:
  at point    0.011  -0.033  -0.803
  closest atom surface    0.893   H19 67  X    0
  2nd closest surface     0.894   H11 67  X    0
  found on step  729
 current point:
  at point    0.012  -0.042  -0.803
  closest atom surface    0.893   H11 67  X    0
  2nd closest surface     0.894   H19 67  X    0
  found on step  904
  no. of rejections          377
 stored as    -4

 highest radius point found:
  at point    0.014   0.004  -1.003
  closest atom surface    0.987   H19 67  X    0
  2nd closest surface     0.987   H11 67  X    0
  found on step  927
  this is also current point
  no. of rejections          408
 stored as    -5

 highest radius point found:
  at point    0.023  -0.038  -1.203
  closest atom surface    1.091   H11 67  X    0
  2nd closest surface     1.093   H3  67  X    0
  found on step  981
  this is also current point
  no. of rejections          375
 stored as    -6

 highest radius point found:
  at point    0.047  -0.057  -1.403
  closest atom surface    1.195   H   67  X    0
  2nd closest surface     1.197   H3  67  X    0
  found on step  900
  this is also current point
  no. of rejections          345
 stored as    -7

 highest radius point found:
  at point    0.075  -0.078  -1.603
  closest atom surface    1.313   H   67  X    0
  2nd closest surface     1.314   H3  67  X    0
  found on step  727
 current point:
  at point    0.075  -0.078  -1.603
  closest atom surface    1.313   H   67  X    0
  2nd closest surface     1.314   H11 67  X    0
  found on step  894
  no. of rejections          369
 stored as    -8

 highest radius point found:
  at point    0.072  -0.101  -1.803
  closest atom surface    1.430   H3  67  X    0
  2nd closest surface     1.431   H   67  X    0
  found on step  992
  this is also current point
  no. of rejections          358
 stored as    -9

 highest radius point found:
  at point    0.060  -0.122  -2.003
  closest atom surface    1.554   H   67  X    0
  2nd closest surface     1.555   H3  67  X    0
  found on step  481
 current point:
  at point    0.065  -0.128  -2.003
  closest atom surface    1.553   H3  67  X    0
  2nd closest surface     1.553   C8  67  X    0
  found on step  945
  no. of rejections          356
 stored as   -10

 highest radius point found:
  at point    0.050  -0.144  -2.203
  closest atom surface    1.688   H   67  X    0
  2nd closest surface     1.688   H3  67  X    0
  found on step  959
  this is also current point
  no. of rejections          344
 stored as   -11

 highest radius point found:
  at point    0.039  -0.167  -2.403
  closest atom surface    1.828   N3  67  X    0
  2nd closest surface     1.828   C8  67  X    0
  found on step  936
  this is also current point
  no. of rejections          358
 stored as   -12

 highest radius point found:
  at point    0.036  -0.161  -2.603
  closest atom surface    1.963   H   67  X    0
  2nd closest surface     1.965   C8  67  X    0
  found on step  942
  this is also current point
  no. of rejections          338
 stored as   -13

 highest radius point found:
  at point    0.031  -0.161  -2.803
  closest atom surface    2.107   H   67  X    0
  2nd closest surface     2.107   N3  67  X    0
  found on step  697
 current point:
  at point    0.036  -0.163  -2.803
  closest atom surface    2.106   C8  67  X    0
  2nd closest surface     2.108   N3  67  X    0
  found on step  955
  no. of rejections          340
 stored as   -14

 highest radius point found:
  at point    0.031  -0.161  -3.003
  closest atom surface    2.254   N3  67  X    0
  2nd closest surface     2.255   C8  67  X    0
  found on step    1
 current point:
  at point    0.030  -0.154  -3.003
  closest atom surface    2.254   H   67  X    0
  2nd closest surface     2.255   C8  67  X    0
  found on step  977
  no. of rejections          312
 stored as   -15

 highest radius point found:
  at point    0.031  -0.161  -3.203
  closest atom surface    2.405   C8  67  X    0
  2nd closest surface     2.406   N3  67  X    0
  found on step    1
 current point:
  at point    0.031  -0.158  -3.203
  closest atom surface    2.405   C8  67  X    0
  2nd closest surface     2.407   C18 67  X    0
  found on step  904
  no. of rejections          337
 stored as   -16

 highest radius point found:
  at point    0.031  -0.161  -3.403
  closest atom surface    2.559   C18 67  X    0
  2nd closest surface     2.559   C8  67  X    0
  found on step    1
 current point:
  at point    0.030  -0.133  -3.403
  closest atom surface    2.557   C18 67  X    0
  2nd closest surface     2.559   C8  67  X    0
  found on step  982
  no. of rejections          320
 stored as   -17

 highest radius point found:
  at point    0.033  -0.143  -3.603
  closest atom surface    2.715   C18 67  X    0
  2nd closest surface     2.715   C8  67  X    0
  found on step  817
 current point:
  at point    0.035  -0.153  -3.603
  closest atom surface    2.714   C8  67  X    0
  2nd closest surface     2.716   C18 67  X    0
  found on step  986
  no. of rejections          306
 stored as   -18

 highest radius point found:
  at point    0.037  -0.174  -3.803
  closest atom surface    2.875   C8  67  X    0
  2nd closest surface     2.876   C18 67  X    0
  found on step  865
 current point:
  at point    0.033  -0.178  -3.803
  closest atom surface    2.874   C18 67  X    0
  2nd closest surface     2.875   N3  67  X    0
  found on step  911
  no. of rejections          315
 stored as   -19

 highest radius point found:
  at point    0.037  -0.167  -4.003
  closest atom surface    3.038   C18 67  X    0
  2nd closest surface     3.038   C8  67  X    0
  found on step  699
 current point:
  at point    0.036  -0.131  -4.003
  closest atom surface    3.036   C18 67  X    0
  2nd closest surface     3.037   C8  67  X    0
  found on step  979
  no. of rejections          317
 stored as   -20

 highest radius point found:
  at point    0.039  -0.157  -4.203
  closest atom surface    3.203   C18 67  X    0
  2nd closest surface     3.203   C8  67  X    0
  found on step  777
 current point:
  at point    0.039  -0.079  -4.203
  closest atom surface    3.201   C8  67  X    0
  2nd closest surface     3.202   C18 67  X    0
  found on step  925
  no. of rejections          283
 stored as   -21

 highest radius point found:
  at point    0.042  -0.183  -4.403
  closest atom surface    3.371   C8  67  X    0
  2nd closest surface     3.372   C18 67  X    0
  found on step  805
 current point:
  at point    0.041  -0.155  -4.403
  closest atom surface    3.371   C8  67  X    0
  2nd closest surface     3.371   C18 67  X    0
  found on step  982
  no. of rejections          281
 stored as   -22

 highest radius point found:
  at point    0.042  -0.183  -4.603
  closest atom surface    3.541   C18 67  X    0
  2nd closest surface     3.542   C8  67  X    0
  found on step    1
 current point:
  at point    0.040  -0.191  -4.603
  closest atom surface    3.541   C18 67  X    0
  2nd closest surface     3.544   C8  67  X    0
  found on step 1000
  no. of rejections          285
 stored as   -23

 highest radius point found:
  at point    0.046  -0.209  -4.803
  closest atom surface    3.714   C8  67  X    0
  2nd closest surface     3.715   C18 67  X    0
  found on step  963
  this is also current point
  no. of rejections          300
 stored as   -24

 highest radius point found:
  at point    0.046  -0.209  -5.003
  closest atom surface    3.888   C18 67  X    0
  2nd closest surface     3.889   C8  67  X    0
  found on step    1
 current point:
  at point    0.047  -0.196  -5.003
  closest atom surface    3.888   C18 67  X    0
  2nd closest surface     3.888   C8  67  X    0
  found on step  947
  no. of rejections          291
 stored as   -25

 highest radius point found:
  at point    0.046  -0.209  -5.203
  closest atom surface    4.063   C18 67  X    0
  2nd closest surface     4.065   C8  67  X    0
  found on step    1
 current point:
  at point    0.048  -0.149  -5.203
  closest atom surface    4.062   C18 67  X    0
  2nd closest surface     4.062   C8  67  X    0
  found on step  994
  no. of rejections          281
 stored as   -26

 highest radius point found:
  at point    0.049  -0.106  -5.403
  closest atom surface    4.238   C18 67  X    0
  2nd closest surface     4.239   C8  67  X    0
  found on step  306
 current point:
  at point    0.051  -0.043  -5.403
  closest atom surface    4.237   C8  67  X    0
  2nd closest surface     4.238   C18 67  X    0
  found on step  965
  no. of rejections          266
 stored as   -27

 highest radius point found:
  at point    0.052  -0.123  -5.603
  closest atom surface    4.417   C18 67  X    0
  2nd closest surface     4.417   C8  67  X    0
  found on step    7
 current point:
  at point    0.052  -0.100  -5.603
  closest atom surface    4.416   C18 67  X    0
  2nd closest surface     4.417   C8  67  X    0
  found on step  950
  no. of rejections          277
 stored as   -28

 highest radius point found:
  at point    0.054  -0.080  -5.803
  closest atom surface    4.596   C8  67  X    0
  2nd closest surface     4.596   C18 67  X    0
  found on step  917
  this is also current point
  no. of rejections          267
 stored as   -29

 highest radius point found:
  at point    0.056  -0.045  -6.003
  closest atom surface    4.776   C18 67  X    0
  2nd closest surface     4.777   C8  67  X    0
  found on step  951
  this is also current point
  no. of rejections          272
 stored as   -30

 highest radius point found:
  at point    0.058  -0.001  -6.203
  closest atom surface    4.958   C8  67  X    0
  2nd closest surface     4.958   C18 67  X    0
  found on step  549
 current point:
  at point    0.059  -0.002  -6.203
  closest atom surface    4.958   C8  67  X    0
  2nd closest surface     4.959   C18 67  X    0
  found on step  924
  no. of rejections          314
 stored as   -31

 highest radius point found:
  at point    0.064   0.025  -6.403
  closest atom surface    5.135   N   67  X    0
  2nd closest surface     5.135   H12 67  X    0
  found on step  684
 current point:
  at point    0.078   0.038  -6.403
  closest atom surface    5.134   N   67  X    0
  2nd closest surface     5.134   C8  67  X    0
  found on step  979
  no. of rejections          283
 stored as   -32

 highest radius point found:
  at point    0.096   0.061  -6.603
  closest atom surface    5.312   C8  67  X    0
  2nd closest surface     5.312   N   67  X    0
  found on step  974
  this is also current point
  no. of rejections          214
 stored as   -33

 highest radius point found:
  at point    0.114   0.088  -6.803
  closest atom surface    5.491   H12 67  X    0
  2nd closest surface     5.491   N   67  X    0
  found on step  980
  this is also current point
  no. of rejections          264
 stored as   -34

 highest radius point found:
  at point    0.136   0.119  -7.003
  closest atom surface    5.670   N   67  X    0
  2nd closest surface     5.671   H12 67  X    0
  found on step  831
 current point:
  at point    0.129   0.119  -7.003
  closest atom surface    5.669   N   67  X    0
  2nd closest surface     5.671   H12 67  X    0
  found on step  957
  no. of rejections          257
 stored as   -35

 highest radius point found:
  at point    0.156   0.153  -7.203
  closest atom surface    5.850   N   67  X    0
  2nd closest surface     5.852   C8  67  X    0
  found on step  957
  this is also current point
  no. of rejections          261
 stored as   -36

 highest radius point found:
  at point    0.174   0.178  -7.403
  closest atom surface    6.032   H12 67  X    0
  2nd closest surface     6.033   N   67  X    0
  found on step  990
  this is also current point
  no. of rejections          275
 stored as   -37

 highest radius point found:
  at point    0.204   0.216  -7.603
  closest atom surface    6.215   C8  67  X    0
  2nd closest surface     6.215   N   67  X    0
  found on step  907
  this is also current point
  no. of rejections          262
 stored as   -38

 highest radius point found:
  at point    0.218   0.236  -7.803
  closest atom surface    6.399   H12 67  X    0
  2nd closest surface     6.401   C8  67  X    0
  found on step  841
 current point:
  at point    0.225   0.250  -7.803
  closest atom surface    6.398   N   67  X    0
  2nd closest surface     6.399   C8  67  X    0
  found on step  974
  no. of rejections          250
 stored as   -39

 highest radius point found:
  at point    0.235   0.267  -8.003
  closest atom surface    6.585   H12 67  X    0
  2nd closest surface     6.585   N   67  X    0
  found on step  786
 current point:
  at point    0.240   0.267  -8.003
  closest atom surface    6.584   H12 67  X    0
  2nd closest surface     6.585   C8  67  X    0
  found on step  957
  no. of rejections          246
 stored as   -40

 highest radius point found:
  at point    0.254   0.292  -8.203
  closest atom surface    6.769   H12 67  X    0
  2nd closest surface     6.770   N1  67  X    0
  found on step  647
 current point:
  at point    0.207   0.280  -8.203
  closest atom surface    6.765   H12 67  X    0
  2nd closest surface     6.765   N   67  X    0
  found on step  977
  no. of rejections          227
 stored as   -41

 highest radius point found:
  at point    0.261   0.320  -8.403
  closest atom surface    6.955   N1  67  X    0
  2nd closest surface     6.955   H12 67  X    0
  found on step  991
  this is also current point
  no. of rejections          250
 stored as   -42

 highest radius point found:
  at point    0.267   0.345  -8.603
  closest atom surface    7.140   N1  67  X    0
  2nd closest surface     7.141   N   67  X    0
  found on step  759
 current point:
  at point    0.277   0.344  -8.603
  closest atom surface    7.139   N1  67  X    0
  2nd closest surface     7.140   H12 67  X    0
  found on step 1000
  no. of rejections          235
 stored as   -43

 highest radius point found:
  at point    0.284   0.368  -8.803
  closest atom surface    7.326   N1  67  X    0
  2nd closest surface     7.327   H12 67  X    0
  found on step  954
  this is also current point
  no. of rejections          259
 stored as   -44

 highest radius point found:
  at point    0.267   0.391  -9.003
  closest atom surface    7.513   N   67  X    0
  2nd closest surface     7.514   H12 67  X    0
  found on step  956
  this is also current point
  no. of rejections          202
 stored as   -45

 highest radius point found:
  at point    0.292   0.416  -9.203
  closest atom surface    7.701   H12 67  X    0
  2nd closest surface     7.702   N1  67  X    0
  found on step  963
  this is also current point
  no. of rejections          227
 stored as   -46

 highest radius point found:
  at point    0.286   0.439  -9.403
  closest atom surface    7.889   H12 67  X    0
  2nd closest surface     7.890   N   67  X    0
  found on step  982
  this is also current point
  no. of rejections          234
 stored as   -47

 highest radius point found:
  at point    0.273   0.457  -9.603
  closest atom surface    8.076   H12 67  X    0
  2nd closest surface     8.076   N   67  X    0
  found on step  989
  this is also current point
  no. of rejections          247
 stored as   -48

 highest radius point found:
  at point    0.239   0.466  -9.803
  closest atom surface    8.261   H12 67  X    0
  2nd closest surface     8.261   H6  67  X    0
  found on step 1000
  this is also current point
  no. of rejections          232
 stored as   -49

 highest radius point found:
  at point    0.193   0.474 -10.003
  closest atom surface    8.445   H6  67  X    0
  2nd closest surface     8.446   N   67  X    0
  found on step  669
 current point:
  at point    0.224   0.473 -10.003
  closest atom surface    8.444   H6  67  X    0
  2nd closest surface     8.445   H12 67  X    0
  found on step  948
  no. of rejections          255
 stored as   -50

 highest radius point found:
  at point    0.149   0.478 -10.203
  closest atom surface    8.631   H6  67  X    0
  2nd closest surface     8.632   H12 67  X    0
  found on step  995
  this is also current point
  no. of rejections          242
 stored as   -51

 highest radius point found:
  at point    0.116   0.484 -10.403
  closest atom surface    8.817   H12 67  X    0
  2nd closest surface     8.817   H6  67  X    0
  found on step    8
 current point:
  at point    0.502   0.490 -10.403
  closest atom surface    8.803   H6  67  X    0
  2nd closest surface     8.804   H12 67  X    0
  found on step  931
  no. of rejections          247
 stored as   -52

 highest radius point found:
  at point    0.053   0.493 -10.603
  closest atom surface    9.004   H6  67  X    0
  2nd closest surface     9.005   N   67  X    0
  found on step  225
 current point:
  at point    0.150   0.491 -10.603
  closest atom surface    8.999   H12 67  X    0
  2nd closest surface     9.000   H6  67  X    0
  found on step  992
  no. of rejections          245
 stored as   -53

 highest radius point found:
  at point    0.053   0.493 -10.803
  closest atom surface    9.189   H12 67  X    0
  2nd closest surface     9.191   H6  67  X    0
  found on step    1
 current point:
  at point    0.097   0.499 -10.803
  closest atom surface    9.187   H6  67  X    0
  2nd closest surface     9.188   H12 67  X    0
  found on step  994
  no. of rejections          224
 stored as   -54

 highest radius point found:
  at point   -0.061   0.496 -11.003
  closest atom surface    9.380   N   67  X    0
  2nd closest surface     9.380   H12 67  X    0
  found on step  205
 current point:
  at point   -0.547   0.329 -11.003
  closest atom surface    9.362   N   67  X    0
  2nd closest surface     9.363   H12 67  X    0
  found on step  972
  no. of rejections          198
 stored as   -55

 highest radius point found:
  at point   -0.083   0.514 -11.203
  closest atom surface    9.568   H6  67  X    0
  2nd closest surface     9.570   N   67  X    0
  found on step    3
 current point:
  at point    0.818   0.517 -11.203
  closest atom surface    9.546   H12 67  X    0
  2nd closest surface     9.546   H6  67  X    0
  found on step  990
  no. of rejections          245
 stored as   -56

 highest radius point found:
  at point   -0.133   0.515 -11.403
  closest atom surface    9.759   H6  67  X    0
  2nd closest surface     9.760   N   67  X    0
  found on step  972
  this is also current point
  no. of rejections          225
 stored as   -57

 highest radius point found:
  at point   -0.206   0.521 -11.603
  closest atom surface    9.947   N   67  X    0
  2nd closest surface     9.952   H6  67  X    0
  found on step  723
 current point:
  at point   -0.455   0.432 -11.603
  closest atom surface    9.939   N   67  X    0
  2nd closest surface     9.943   H12 67  X    0
  found on step  995
  no. of rejections          223
 stored as   -58

 highest radius point found:
  at point   -0.228   0.532 -11.803
  closest atom surface   10.139   H6  67  X    0
  2nd closest surface    10.140   N   67  X    0
  found on step    3
 current point:
  at point    1.114   0.543 -11.803
  closest atom surface   10.115   H6  67  X    0
  2nd closest surface    10.116   C8  67  X    0
  found on step  971
  no. of rejections          201
 stored as   -59

 highest radius point found:
  at point   -0.266   0.531 -12.003
  closest atom surface   10.332   H12 67  X    0
  2nd closest surface    10.332   H6  67  X    0
  found on step  879
 current point:
  at point   -0.295   0.525 -12.003
  closest atom surface   10.331   N   67  X    0
  2nd closest surface    10.332   H12 67  X    0
  found on step  952
  no. of rejections          242
 stored as   -60

 highest radius point found:
  at point   -0.334   0.532 -12.203
  closest atom surface   10.523   N   67  X    0
  2nd closest surface    10.524   H12 67  X    0
  found on step  138
 current point:
  at point   -0.713   0.410 -12.203
  closest atom surface   10.515   N   67  X    0
  2nd closest surface    10.517   C18 67  X    0
  found on step 1000
  no. of rejections          140
 stored as   -61

 highest radius point found:
  at point   -0.366   0.546 -12.403
  closest atom surface   10.715   N   67  X    0
  2nd closest surface    10.715   H6  67  X    0
  found on step  982
  this is also current point
  no. of rejections          226
 stored as   -62

 highest radius point found:
  at point   -0.408   0.554 -12.603
  closest atom surface   10.907   H6  67  X    0
  2nd closest surface    10.907   N   67  X    0
  found on step  722
 current point:
  at point   -0.666   0.458 -12.603
  closest atom surface   10.904   N   67  X    0
  2nd closest surface    10.904   H12 67  X    0
  found on step  951
  no. of rejections          226
 stored as   -63

 highest radius point found:
  at point   -0.408   0.554 -12.803
  closest atom surface   11.097   H12 67  X    0
  2nd closest surface    11.098   H6  67  X    0
  found on step    1
 current point:
  at point    1.394   0.576 -12.803
  closest atom surface   11.074   H6  67  X    0
  2nd closest surface    11.074   H12 67  X    0
  found on step  977
  no. of rejections          203
 stored as   -64

 highest radius point found:
  at point   -0.509   0.555 -13.003
  closest atom surface   11.294   N   67  X    0
  2nd closest surface    11.294   H12 67  X    0
  found on step  964
  this is also current point
  no. of rejections          213
 stored as   -65

 highest radius point found:
  at point   -0.564   0.560 -13.203
  closest atom surface   11.487   N   67  X    0
  2nd closest surface    11.489   H12 67  X    0
  found on step   16
 current point:
  at point   -0.800   0.475 -13.203
  closest atom surface   11.486   N   67  X    0
  2nd closest surface    11.487   H12 67  X    0
  found on step  986
  no. of rejections          171
 stored as   -66

 highest radius point found:
  at point   -0.845   0.480 -13.403
  closest atom surface   11.681   H12 67  X    0
  2nd closest surface    11.681   N   67  X    0
  found on step  941
  this is also current point
  no. of rejections          211
 stored as   -67

 highest radius point found:
  at point   -0.872   0.491 -13.603
  closest atom surface   11.876   H12 67  X    0
  2nd closest surface    11.876   N   67  X    0
  found on step  995
  this is also current point
  no. of rejections          147
 stored as   -68

 highest radius point found:
  at point   -0.890   0.506 -13.803
  closest atom surface   12.071   H12 67  X    0
  2nd closest surface    12.071   N   67  X    0
  found on step  820
 current point:
  at point   -0.682   0.580 -13.803
  closest atom surface   12.071   N   67  X    0
  2nd closest surface    12.071   H12 67  X    0
  found on step  968
  no. of rejections          215
 stored as   -69

 highest radius point found:
  at point   -0.871   0.533 -14.003
  closest atom surface   12.266   H12 67  X    0
  2nd closest surface    12.266   N   67  X    0
  found on step  665
 current point:
  at point   -1.217   0.640 -14.003
  closest atom surface   12.237   C18 67  X    0
  2nd closest surface    12.243   N   67  X    0
  found on step 1000
  no. of rejections          147
 stored as   -70

 highest radius point found:
  at point   -0.935   0.537 -14.203
  closest atom surface   12.461   N   67  X    0
  2nd closest surface    12.463   H12 67  X    0
  found on step    5
 current point:
  at point   -0.796   0.582 -14.203
  closest atom surface   12.461   N   67  X    0
  2nd closest surface    12.461   H12 67  X    0
  found on step  952
  no. of rejections          214
 stored as   -71

 highest radius point found:
  at point   -0.977   0.541 -14.403
  closest atom surface   12.658   N   67  X    0
  2nd closest surface    12.658   C18 67  X    0
  found on step   71
 current point:
  at point   -0.870   0.577 -14.403
  closest atom surface   12.657   N   67  X    0
  2nd closest surface    12.657   H12 67  X    0
  found on step  950
  no. of rejections          190
 stored as   -72

 highest radius point found:
  at point   -0.992   0.559 -14.603
  closest atom surface   12.853   N   67  X    0
  2nd closest surface    12.855   H12 67  X    0
  found on step    8
 current point:
  at point   -1.691   0.949 -14.603
  closest atom surface   12.805   N   67  X    0
  2nd closest surface    12.807   C18 67  X    0
  found on step  999
  no. of rejections          141
 stored as   -73

 highest radius point found:
  at point   -1.029   0.562 -14.803
  closest atom surface   13.049   C18 67  X    0
  2nd closest surface    13.050   H12 67  X    0
  found on step    5
 current point:
  at point   -0.980   0.583 -14.803
  closest atom surface   13.049   N   67  X    0
  2nd closest surface    13.050   H12 67  X    0
  found on step  986
  no. of rejections          196
 stored as   -74

 highest radius point found:
  at point   -1.030   0.584 -15.003
  closest atom surface   13.246   N   67  X    0
  2nd closest surface    13.246   H12 67  X    0
  found on step  982
  this is also current point
  no. of rejections          193
 stored as   -75

 highest radius point found:
  at point   -1.073   0.574 -15.203
  closest atom surface   13.438   H12 67  X    0
  2nd closest surface    13.442   C18 67  X    0
  found on step    2
 current point:
  at point   -1.169   0.633 -15.203
  closest atom surface   13.434   C18 67  X    0
  2nd closest surface    13.435   N   67  X    0
  found on step  998
  no. of rejections          130
 stored as   -76

 highest radius point found:
  at point   -1.070   0.612 -15.403
  closest atom surface   13.638   N   67  X    0
  2nd closest surface    13.638   H12 67  X    0
  found on step  874
 current point:
  at point   -1.103   0.608 -15.403
  closest atom surface   13.638   N   67  X    0
  2nd closest surface    13.638   C18 67  X    0
  found on step  983
  no. of rejections          195
 stored as   -77

 highest radius point found:
  at point   -1.122   0.615 -15.603
  closest atom surface   13.835   C18 67  X    0
  2nd closest surface    13.835   N   67  X    0
  found on step  974
  this is also current point
  no. of rejections          169
 stored as   -78

 highest radius point found:
  at point   -1.134   0.632 -15.803
  closest atom surface   14.032   N   67  X    0
  2nd closest surface    14.032   H12 67  X    0
  found on step  820
 current point:
  at point   -1.110   0.639 -15.803
  closest atom surface   14.031   N   67  X    0
  2nd closest surface    14.031   H12 67  X    0
  found on step  939
  no. of rejections          202
 stored as   -79

 highest radius point found:
  at point   -1.171   0.642 -16.003
  closest atom surface   14.229   N   67  X    0
  2nd closest surface    14.229   C18 67  X    0
  found on step  837
 current point:
  at point   -1.170   0.638 -16.003
  closest atom surface   14.229   H12 67  X    0
  2nd closest surface    14.229   C18 67  X    0
  found on step  997
  no. of rejections          186
 stored as   -80

 highest radius point found:
  at point   -1.191   0.654 -16.203
  closest atom surface   14.426   N   67  X    0
  2nd closest surface    14.426   C18 67  X    0
  found on step  977
  this is also current point
  no. of rejections          156
 stored as   -81

 highest radius point found:
  at point   -1.226   0.664 -16.403
  closest atom surface   14.622   C18 67  X    0
  2nd closest surface    14.623   H6  67  X    0
  found on step   37
 current point:
  at point   -1.228   0.666 -16.403
  closest atom surface   14.622   C18 67  X    0
  2nd closest surface    14.623   H6  67  X    0
  found on step  948
  no. of rejections          170
 stored as   -82

 highest radius point found:
  at point   -1.276   0.688 -16.603
  closest atom surface   14.817   C18 67  X    0
  2nd closest surface    14.818   H6  67  X    0
  found on step  999
  this is also current point
  no. of rejections          116
 stored as   -83

 highest radius point found:
  at point   -1.286   0.677 -16.803
  closest atom surface   15.015   C18 67  X    0
  2nd closest surface    15.015   H6  67  X    0
  found on step  950
  this is also current point
  no. of rejections          196
 stored as   -84

 highest radius point found:
  at point   -1.286   0.677 -17.003
  closest atom surface   15.208   H12 67  X    0
  2nd closest surface    15.210   H6  67  X    0
  found on step    1
 current point:
  at point   -1.394   0.736 -17.003
  closest atom surface   15.207   C18 67  X    0
  2nd closest surface    15.210   H6  67  X    0
  found on step  992
  no. of rejections          137
 stored as   -85

 highest radius point found:
  at point   -1.348   0.694 -17.203
  closest atom surface   15.408   H6  67  X    0
  2nd closest surface    15.409   C18 67  X    0
  found on step  965
  this is also current point
  no. of rejections          160
 stored as   -86

 highest radius point found:
  at point   -1.364   0.688 -17.403
  closest atom surface   15.604   H12 67  X    0
  2nd closest surface    15.605   H6  67  X    0
  found on step    3
 current point:
  at point   -1.357   0.691 -17.403
  closest atom surface   15.604   H12 67  X    0
  2nd closest surface    15.604   H6  67  X    0
  found on step  967
  no. of rejections          114
 stored as   -87

 highest radius point found:
  at point   -1.407   0.700 -17.603
  closest atom surface   15.802   C18 67  X    0
  2nd closest surface    15.803   H6  67  X    0
  found on step  966
  this is also current point
  no. of rejections          167
 stored as   -88

 highest radius point found:
  at point   -1.440   0.707 -17.803
  closest atom surface   15.999   C18 67  X    0
  2nd closest surface    16.000   H6  67  X    0
  found on step  998
  this is also current point
  no. of rejections          185
 stored as   -89

 highest radius point found:
  at point   -1.466   0.716 -18.003
  closest atom surface   16.196   H6  67  X    0
  2nd closest surface    16.197   C18 67  X    0
  found on step  127
 current point:
  at point   -1.898   1.039 -18.003
  closest atom surface   16.186   C17 67  X    0
  2nd closest surface    16.186   C18 67  X    0
  found on step  999
  no. of rejections          116
 stored as   -90

 highest radius point found:
  at point   -1.466   0.716 -18.203
  closest atom surface   16.391   H6  67  X    0
  2nd closest surface    16.391   H12 67  X    0
  found on step    1
 current point:
  at point   -4.083  -0.349 -18.203
  closest atom surface   16.382   C14 67  X    0
  2nd closest surface    16.383   C15 67  X    0
  found on step  963
  no. of rejections          143
 stored as   -91

 highest radius point found:
  at point   -1.760   0.916 -18.403
  closest atom surface   16.586   C18 67  X    0
  2nd closest surface    16.587   H6  67  X    0
  found on step  335
 current point:
  at point   -1.835   0.984 -18.403
  closest atom surface   16.585   H6  67  X    0
  2nd closest surface    16.585   C18 67  X    0
  found on step  963
  no. of rejections          165
 stored as   -92

 highest radius point found:
  at point   -1.849   0.970 -18.603
  closest atom surface   16.783   C18 67  X    0
  2nd closest surface    16.785   H6  67  X    0
  found on step   17
 current point:
  at point   -4.079  -0.355 -18.603
  closest atom surface   16.781   C18 67  X    0
  2nd closest surface    16.782   C14 67  X    0
  found on step  905
  no. of rejections          135
 stored as   -93

 highest radius point found:
  at point   -1.594   0.738 -18.803
  closest atom surface   16.987   C18 67  X    0
  2nd closest surface    16.988   H6  67  X    0
  found on step  993
  this is also current point
  no. of rejections          152
 stored as   -94

 highest radius point found:
  at point   -1.625   0.749 -19.003
  closest atom surface   17.184   H6  67  X    0
  2nd closest surface    17.185   C18 67  X    0
  found on step  214
 current point:
  at point   -1.768   0.866 -19.003
  closest atom surface   17.182   C18 67  X    0
  2nd closest surface    17.182   H6  67  X    0
  found on step  997
  no. of rejections          159
 stored as   -95

 highest radius point found:
  at point   -1.652   0.746 -19.203
  closest atom surface   17.382   C18 67  X    0
  2nd closest surface    17.384   H6  67  X    0
  found on step  255
 current point:
  at point   -4.036  -0.344 -19.203
  closest atom surface   17.377   C18 67  X    0
  2nd closest surface    17.380   C13 67  X    0
  found on step 1000
  no. of rejections           97
 stored as   -96

 highest radius point found:
  at point   -1.686   0.758 -19.403
  closest atom surface   17.580   C18 67  X    0
  2nd closest surface    17.581   H6  67  X    0
  found on step  654
 current point:
  at point   -1.846   0.891 -19.403
  closest atom surface   17.578   C18 67  X    0
  2nd closest surface    17.579   H6  67  X    0
  found on step  977
  no. of rejections          167
 stored as   -97

 highest radius point found:
  at point   -1.835   0.869 -19.603
  closest atom surface   17.777   H6  67  X    0
  2nd closest surface    17.777   C18 67  X    0
  found on step   24
 current point:
  at point   -2.099   1.169 -19.603
  closest atom surface   17.764   C17 67  X    0
  2nd closest surface    17.765   H6  67  X    0
  found on step  987
  no. of rejections          116
 stored as   -98

 highest radius point found:
  at point   -4.075  -0.382 -19.803
  closest atom surface   17.978   C14 67  X    0
  2nd closest surface    17.978   C15 67  X    0
  found on step  856
 current point:
  at point   -4.074  -0.392 -19.803
  closest atom surface   17.978   C14 67  X    0
  2nd closest surface    17.978   C13 67  X    0
  found on step  983
  no. of rejections          120
 stored as   -99

 highest radius point found:
  at point   -6.769  -2.081 -20.003
  closest atom surface   18.251   C14 67  X    0
  2nd closest surface    18.257   C15 67  X    0
  found on step  995
  this is also current point
  no. of rejections           82
 stored as  -100

 highest radius point found:
  at point  -12.810  -5.665 -20.203
  closest atom surface   20.295   C14 67  X    0
  2nd closest surface    20.301   C15 67  X    0
  found on step  996
  this is also current point
  no. of rejections          144
 stored as  -101

 highest radius point found:
  at point  -21.131  -8.228 -20.403
  closest atom surface   25.052   C15 67  X    0
  2nd closest surface    25.152   C14 67  X    0
  found on step 1000
  this is also current point
  no. of rejections          205
 This is an end! (radius above  22.0 angs)
 
 N.b. Graph information routine (HOGRAP) differs 
        markedly from previous versions!
       Information now is written from -ve end
       to +ve in one pass
 
 Explanation of the meaning of each column: 
 First column "cenxyz.cvec" is the coordinate in the
   direction of the channel vector i.e. if the channel
   vector is in z (0 0 1) then it is the z coordinate.
 The second column "radius" is the hole pore radius 
   (as defined in the Biophys J 1993) article).
 The third column "cen_line_D" is the distance 
   measured along the pore centre line - with the 
   first point found set to zero. This was the first
   thing that I used to measure the distance along a pore
   but "cenxyz.cvec" is a much better general measure. 
   However, by comparing changes in this distance to changes in '   "cenxyz.cvec" one can get a measure of how straight a 
   channel is.
 The fourth column "sum{s/(area)}" is useful in conductance
   prediction -
   basically it is the sum of the thickness of each slab
   divided by its area. HOLE uses this measure to estimate
   the macroscopic conductance of a channel.
 If any of this worries you one can see the "raw" results
   of a standard hole run by producing a sphpdb file and 
    directly looking at the results.
 cenxyz.cvec      radius  cen_line_D sum{s/(area point sourc
   -20.20271    20.29527   -33.44664     0.00008   (sampled)
   -20.10271    19.00406   -29.93310     0.00017 (mid-point)
   -20.00271    18.25127   -26.41956     0.00026   (sampled)
   -19.90271    18.05132   -24.82387     0.00036 (mid-point)
   -19.80271    17.97818   -23.22818     0.00046   (sampled)
   -19.70271    17.83604   -21.94160     0.00056 (mid-point)
   -19.60271    17.77656   -20.65501     0.00066   (sampled)
   -19.50271    17.67835   -20.51846     0.00076 (mid-point)
   -19.40271    17.58042   -20.38191     0.00086   (sampled)
   -19.30271    17.48141   -20.28027     0.00097 (mid-point)
   -19.20271    17.38243   -20.17863     0.00107   (sampled)
   -19.10271    17.28355   -20.07771     0.00118 (mid-point)
   -19.00271    17.18443   -19.97679     0.00129   (sampled)
   -18.90271    17.08569   -19.87546     0.00140 (mid-point)
   -18.80271    16.98671   -19.77412     0.00151   (sampled)
   -18.70271    16.88429   -19.57478     0.00162 (mid-point)
   -18.60271    16.78343   -19.37545     0.00173   (sampled)
   -18.50271    16.68459   -19.26284     0.00184 (mid-point)
   -18.40271    16.58590   -19.15023     0.00196   (sampled)
   -18.30271    16.48799   -18.94603     0.00208 (mid-point)
   -18.20271    16.39088   -18.74183     0.00220   (sampled)
   -18.10271    16.29342   -18.64183     0.00232 (mid-point)
   -18.00271    16.19600   -18.54183     0.00244   (sampled)
   -17.90271    16.09802   -18.44092     0.00256 (mid-point)
   -17.80271    15.99935   -18.34001     0.00268   (sampled)
   -17.70271    15.90088   -18.23854     0.00281 (mid-point)
   -17.60271    15.80244   -18.13708     0.00294   (sampled)
   -17.50271    15.70377   -18.03463     0.00307 (mid-point)
   -17.40271    15.60380   -17.93218     0.00320   (sampled)
   -17.30271    15.50650   -17.83184     0.00333 (mid-point)
   -17.20271    15.40779   -17.73151     0.00346   (sampled)
   -17.10271    15.30867   -17.62643     0.00360 (mid-point)
   -17.00271    15.20820   -17.52136     0.00374   (sampled)
   -16.90271    15.11248   -17.42136     0.00388 (mid-point)
   -16.80271    15.01506   -17.32136     0.00402   (sampled)
   -16.70271    14.91623   -17.22108     0.00416 (mid-point)
   -16.60271    14.81742   -17.12080     0.00431   (sampled)
   -16.50271    14.71974   -17.01711     0.00445 (mid-point)
   -16.40271    14.62212   -16.91342     0.00460   (sampled)
   -16.30271    14.52414   -16.81178     0.00475 (mid-point)
   -16.20271    14.42573   -16.71014     0.00491   (sampled)
   -16.10271    14.32718   -16.60942     0.00506 (mid-point)
   -16.00271    14.22866   -16.50871     0.00522   (sampled)
   -15.90271    14.13016   -16.40695     0.00538 (mid-point)
   -15.80271    14.03170   -16.30519     0.00554   (sampled)
   -15.70271    13.93352   -16.20460     0.00570 (mid-point)
   -15.60271    13.83536   -16.10400     0.00587   (sampled)
   -15.50271    13.73677   -16.00072     0.00604 (mid-point)
   -15.40271    13.63821   -15.89743     0.00621   (sampled)
   -15.30271    13.53810   -15.79564     0.00638 (mid-point)
   -15.20271    13.43786   -15.69384     0.00656   (sampled)
   -15.10271    13.34184   -15.59148     0.00674 (mid-point)
   -15.00271    13.24560   -15.48911     0.00692   (sampled)
   -14.90271    13.14780   -15.38849     0.00710 (mid-point)
   -14.80271    13.04931   -15.28787     0.00729   (sampled)
   -14.70271    12.95163   -15.18611     0.00748 (mid-point)
   -14.60271    12.85323   -15.08435     0.00767   (sampled)
   -14.50271    12.75545   -14.98369     0.00787 (mid-point)
   -14.40271    12.65772   -14.88304     0.00807   (sampled)
   -14.30271    12.55958   -14.78089     0.00827 (mid-point)
   -14.20271    12.46150   -14.67874     0.00847   (sampled)
   -14.10271    12.36388   -14.57369     0.00868 (mid-point)
   -14.00271    12.26578   -14.46864     0.00889   (sampled)
   -13.90271    12.16850   -14.36731     0.00911 (mid-point)
   -13.80271    12.07128   -14.26599     0.00933   (sampled)
   -13.70271    11.97362   -14.16529     0.00955 (mid-point)
   -13.60271    11.87601   -14.06460     0.00978   (sampled)
   -13.50271    11.77867   -13.96356     0.01000 (mid-point)
   -13.40271    11.68140   -13.86252     0.01024   (sampled)
   -13.30271    11.58343   -13.68553     0.01048 (mid-point)
   -13.20271    11.48710   -13.50854     0.01072   (sampled)
   -13.10271    11.39051   -13.40479     0.01096 (mid-point)
   -13.00271    11.29403   -13.30105     0.01121   (sampled)
   -12.90271    11.19549   -13.18888     0.01147 (mid-point)
   -12.80271    11.09712   -13.07671     0.01172   (sampled)
   -12.70271    11.00245   -12.97671     0.01199 (mid-point)
   -12.60271    10.90709   -12.87671     0.01225   (sampled)
   -12.50271    10.81090   -12.77445     0.01253 (mid-point)
   -12.40271    10.71474   -12.67218     0.01280   (sampled)
   -12.30271    10.61868   -12.57071     0.01309 (mid-point)
   -12.20271    10.52271   -12.46923     0.01337   (sampled)
   -12.10271    10.42749   -12.36362     0.01367 (mid-point)
   -12.00271    10.33167   -12.25801     0.01396   (sampled)
   -11.90271    10.23532   -12.15618     0.01427 (mid-point)
   -11.80271    10.13898   -12.05435     0.01458   (sampled)
   -11.70271    10.04336   -11.95363     0.01489 (mid-point)
   -11.60271     9.94723   -11.85290     0.01522   (sampled)
   -11.50271     9.85352   -11.74634     0.01554 (mid-point)
   -11.40271     9.75942   -11.63977     0.01588   (sampled)
   -11.30271     9.66346   -11.53676     0.01622 (mid-point)
   -11.20271     9.56763   -11.43374     0.01657   (sampled)
   -11.10271     9.47500   -11.33272     0.01692 (mid-point)
   -11.00271     9.38019   -11.23169     0.01728   (sampled)
   -10.90271     9.28432   -11.11660     0.01765 (mid-point)
   -10.80271     9.18858   -11.00151     0.01803   (sampled)
   -10.70271     9.09721   -10.90151     0.01841 (mid-point)
   -10.60271     9.00368   -10.80151     0.01881   (sampled)
   -10.50271     8.91020   -10.69650     0.01921 (mid-point)
   -10.40271     8.81669   -10.59149     0.01962   (sampled)
   -10.30271     8.72392   -10.49014     0.02003 (mid-point)
   -10.20271     8.63106   -10.38879     0.02046   (sampled)
   -10.10271     8.53795   -10.28633     0.02090 (mid-point)
   -10.00271     8.44504   -10.18386     0.02134   (sampled)
    -9.90271     8.35303   -10.08113     0.02180 (mid-point)
    -9.80271     8.26100    -9.97839     0.02227   (sampled)
    -9.70271     8.16857    -9.87692     0.02274 (mid-point)
    -9.60271     8.07633    -9.77545     0.02323   (sampled)
    -9.50271     7.98278    -9.67484     0.02373 (mid-point)
    -9.40271     7.88937    -9.57423     0.02424   (sampled)
    -9.30271     7.79529    -9.47356     0.02477 (mid-point)
    -9.20271     7.70135    -9.37289     0.02530   (sampled)
    -9.10271     7.60766    -9.27133     0.02585 (mid-point)
    -9.00271     7.51253    -9.16977     0.02642   (sampled)
    -8.90271     7.42025    -9.06877     0.02700 (mid-point)
    -8.80271     7.32595    -8.96777     0.02759   (sampled)
    -8.70271     7.23309    -8.86674     0.02820 (mid-point)
    -8.60271     7.14041    -8.76571     0.02882   (sampled)
    -8.50271     7.04748    -8.66487     0.02946 (mid-point)
    -8.40271     6.95473    -8.56404     0.03012   (sampled)
    -8.30271     6.86166    -8.46305     0.03080 (mid-point)
    -8.20271     6.76852    -8.36206     0.03149   (sampled)
    -8.10271     6.67640    -8.26076     0.03221 (mid-point)
    -8.00271     6.58451    -8.15945     0.03294   (sampled)
    -7.90271     6.49149    -8.05791     0.03370 (mid-point)
    -7.80271     6.39869    -7.95636     0.03447   (sampled)
    -7.70271     6.30754    -7.85567     0.03527 (mid-point)
    -7.60271     6.21468    -7.75497     0.03610   (sampled)
    -7.50271     6.12409    -7.65202     0.03695 (mid-point)
    -7.40271     6.03249    -7.54908     0.03782   (sampled)
    -7.30271     5.94144    -7.44794     0.03872 (mid-point)
    -7.20271     5.85003    -7.34681     0.03965   (sampled)
    -7.10271     5.76008    -7.24486     0.04061 (mid-point)
    -7.00271     5.67045    -7.14290     0.04160   (sampled)
    -6.90271     5.58037    -7.04111     0.04262 (mid-point)
    -6.80271     5.49057    -6.93931     0.04368   (sampled)
    -6.70271     5.40156    -6.83795     0.04477 (mid-point)
    -6.60271     5.31225    -6.73659     0.04590   (sampled)
    -6.50271     5.22358    -6.63381     0.04707 (mid-point)
    -6.40271     5.13506    -6.53104     0.04827   (sampled)
    -6.30271     5.04799    -6.43016     0.04952 (mid-point)
    -6.20271     4.95818    -6.32928     0.05082   (sampled)
    -6.10271     4.86718    -6.22684     0.05216 (mid-point)
    -6.00271     4.77641    -6.12440     0.05356   (sampled)
    -5.90271     4.68602    -6.02285     0.05500 (mid-point)
    -5.80271     4.59590    -5.92131     0.05651   (sampled)
    -5.70271     4.50623    -5.81906     0.05808 (mid-point)
    -5.60271     4.41692    -5.71680     0.05971   (sampled)
    -5.50271     4.32714    -5.61644     0.06141 (mid-point)
    -5.40271     4.23769    -5.51607     0.06318   (sampled)
    -5.30271     4.14978    -5.40358     0.06503 (mid-point)
    -5.20271     4.06270    -5.29110     0.06696   (sampled)
    -5.10271     3.97522    -5.19110     0.06897 (mid-point)
    -5.00271     3.88816    -5.09110     0.07108   (sampled)
    -4.90271     3.80122    -4.99110     0.07328 (mid-point)
    -4.80271     3.71407    -4.89110     0.07559   (sampled)
    -4.70271     3.62788    -4.79022     0.07801 (mid-point)
    -4.60271     3.54135    -4.68934     0.08055   (sampled)
    -4.50271     3.45646    -4.58934     0.08321 (mid-point)
    -4.40271     3.37122    -4.48934     0.08601   (sampled)
    -4.30271     3.28696    -4.38848     0.08896 (mid-point)
    -4.20271     3.20292    -4.28762     0.09206   (sampled)
    -4.10271     3.12012    -4.18748     0.09533 (mid-point)
    -4.00271     3.03796    -4.08735     0.09878   (sampled)
    -3.90271     2.95617    -3.98729     0.10242 (mid-point)
    -3.80271     2.87489    -3.88723     0.10627   (sampled)
    -3.70271     2.79450    -3.78604     0.11035 (mid-point)
    -3.60271     2.71461    -3.68486     0.11467   (sampled)
    -3.50271     2.63613    -3.58444     0.11925 (mid-point)
    -3.40271     2.55853    -3.48401     0.12411   (sampled)
    -3.30271     2.48181    -3.38401     0.12928 (mid-point)
    -3.20271     2.40526    -3.28401     0.13478   (sampled)
    -3.10271     2.32952    -3.18401     0.14065 (mid-point)
    -3.00271     2.25426    -3.08401     0.14691   (sampled)
    -2.90271     2.18011    -2.98401     0.15361 (mid-point)
    -2.80271     2.10670    -2.88401     0.16078   (sampled)
    -2.70271     2.03427    -2.78397     0.16847 (mid-point)
    -2.60271     1.96344    -2.68394     0.17673   (sampled)
    -2.50271     1.89549    -2.58389     0.18559 (mid-point)
    -2.40271     1.82780    -2.48385     0.19512   (sampled)
    -2.30271     1.75754    -2.38304     0.20542 (mid-point)
    -2.20271     1.68759    -2.28224     0.21660   (sampled)
    -2.10271     1.61958    -2.18151     0.22873 (mid-point)
    -2.00271     1.55374    -2.08078     0.24192   (sampled)
    -1.90271     1.49085    -1.98008     0.25624 (mid-point)
    -1.80271     1.43002    -1.87937     0.27181   (sampled)
    -1.70271     1.37052    -1.77870     0.28875 (mid-point)
    -1.60271     1.31335    -1.67803     0.30721   (sampled)
    -1.50271     1.25283    -1.57648     0.32749 (mid-point)
    -1.40271     1.19534    -1.47492     0.34976   (sampled)
    -1.30271     1.14303    -1.37378     0.37413 (mid-point)
    -1.20271     1.09140    -1.27263     0.40085   (sampled)
    -1.10271     1.03729    -1.17040     0.43043 (mid-point)
    -1.00271     0.98692    -1.06817     0.46311   (sampled)
    -0.90271     0.93774    -0.96643     0.49931 (mid-point)
    -0.80271     0.89275    -0.86469     0.53925   (sampled)
    -0.70271     0.85266    -0.73597     0.58303 (mid-point)
    -0.60271     0.82054    -0.60726     0.63031   (sampled)
    -0.50271     0.78979    -0.50674     0.68134 (mid-point)
    -0.40271     0.76396    -0.40621     0.73588   (sampled)
    -0.30271     0.74196    -0.30387     0.79370 (mid-point)
    -0.20271     0.72575    -0.20153     0.85414   (sampled)
    -0.10271     0.71704    -0.10077     0.91605 (mid-point)
    -0.00271     0.71422    -0.00000     0.97845   (sampled)
     0.09729     0.71637     0.10007     1.04047 (mid-point)
     0.19729     0.72416     0.20014     1.10117   (sampled)
     0.29729     0.73326     0.36544     1.16037 (mid-point)
     0.39729     0.75759     0.53075     1.21583   (sampled)
     0.49729     0.78338     0.63251     1.26770 (mid-point)
     0.59729     0.81437     0.73428     1.31570   (sampled)
     0.69729     0.84245     0.90494     1.36055 (mid-point)
     0.79729     0.88563     1.07561     1.40113   (sampled)
     0.89729     0.92913     1.17585     1.43800 (mid-point)
     0.99729     0.97676     1.27610     1.47137   (sampled)
     1.09729     1.02880     1.37615     1.50144 (mid-point)
     1.19729     1.08368     1.47621     1.52855   (sampled)
     1.29729     1.14127     1.57820     1.55298 (mid-point)
     1.39729     1.20208     1.68020     1.57501   (sampled)
     1.49729     1.26591     1.78205     1.59488 (mid-point)
     1.59729     1.32915     1.88391     1.61289   (sampled)
     1.69729     1.38831     1.98482     1.62941 (mid-point)
     1.79729     1.45020     2.08574     1.64454   (sampled)
     1.89729     1.51253     2.18692     1.65846 (mid-point)
     1.99729     1.57696     2.28811     1.67126   (sampled)
     2.09729     1.63899     2.39088     1.68311 (mid-point)
     2.19729     1.70182     2.49366     1.69410   (sampled)
     2.29729     1.76481     2.59368     1.70432 (mid-point)
     2.39729     1.82932     2.69371     1.71383   (sampled)
     2.49729     1.89433     2.79371     1.72270 (mid-point)
     2.59729     1.96087     2.89371     1.73098   (sampled)
     2.69729     2.03048     2.99382     1.73870 (mid-point)
     2.79729     2.10141     3.09394     1.74591   (sampled)
     2.89729     2.17328     3.19470     1.75265 (mid-point)
     2.99729     2.24637     3.29546     1.75895   (sampled)
     3.09729     2.31967     3.39558     1.76487 (mid-point)
     3.19729     2.39387     3.49569     1.77042   (sampled)
     3.29729     2.47015     3.59569     1.77564 (mid-point)
     3.39729     2.54738     3.69569     1.78055   (sampled)
     3.49729     2.62536     3.79660     1.78516 (mid-point)
     3.59729     2.70419     3.89750     1.78952   (sampled)
     3.69729     2.78405     3.99750     1.79362 (mid-point)
     3.79729     2.86380     4.09750     1.79751   (sampled)
     3.89729     2.94493     4.19752     1.80118 (mid-point)
     3.99729     3.02631     4.29753     1.80465   (sampled)
     4.09729     3.10869     4.39865     1.80795 (mid-point)
     4.19729     3.19133     4.49977     1.81107   (sampled)
     4.29729     3.27569     4.59997     1.81404 (mid-point)
     4.39729     3.36062     4.70018     1.81686   (sampled)
     4.49729     3.44536     4.80042     1.81954 (mid-point)
     4.59729     3.53065     4.90066     1.82209   (sampled)
     4.69729     3.61666     5.00084     1.82452 (mid-point)
     4.79729     3.70316     5.10101     1.82685   (sampled)
     4.89729     3.78947     5.20214     1.82906 (mid-point)
     4.99729     3.87505     5.30326     1.83118   (sampled)
     5.09729     3.96067     5.40880     1.83321 (mid-point)
     5.19729     4.04694     5.51434     1.83515   (sampled)
     5.29729     4.13506     5.61520     1.83702 (mid-point)
     5.39729     4.22297     5.71606     1.83880   (sampled)
     5.49729     4.31035     5.82404     1.84051 (mid-point)
     5.59729     4.39838     5.93201     1.84216   (sampled)
     5.69729     4.48841     6.03201     1.84374 (mid-point)
     5.79729     4.57848     6.13201     1.84526   (sampled)
     5.89729     4.66826     6.23517     1.84672 (mid-point)
     5.99729     4.75817     6.33833     1.84812   (sampled)
     6.09729     4.84887     6.43983     1.84948 (mid-point)
     6.19729     4.93987     6.54133     1.85078   (sampled)
     6.29729     5.03096     6.64779     1.85204 (mid-point)
     6.39729     5.12248     6.75425     1.85325   (sampled)
     6.49729     5.21415     6.85469     1.85442 (mid-point)
     6.59729     5.30606     6.95512     1.85555   (sampled)
     6.69729     5.39835     7.06027     1.85665 (mid-point)
     6.79729     5.49099     7.16543     1.85770   (sampled)
     6.89729     5.58272     7.26544     1.85872 (mid-point)
     6.99729     5.67429     7.36546     1.85971   (sampled)
     7.09729     5.76507     7.46756     1.86067 (mid-point)
     7.19729     5.85525     7.56965     1.86160   (sampled)
     7.29729     5.94543     7.67176     1.86250 (mid-point)
     7.39729     6.03591     7.77388     1.86337   (sampled)
     7.49729     6.12742     7.87499     1.86422 (mid-point)
     7.59729     6.21916     7.97610     1.86504   (sampled)
     7.69729     6.31055     8.07758     1.86584 (mid-point)
     7.79729     6.40218     8.17905     1.86662   (sampled)
     7.89729     6.49464     8.28011     1.86737 (mid-point)
     7.99729     6.58714     8.38118     1.86811   (sampled)
     8.09729     6.67953     8.48239     1.86882 (mid-point)
     8.19729     6.77213     8.58359     1.86952   (sampled)
     8.29729     6.86504     8.68542     1.87019 (mid-point)
     8.39729     6.95813     8.78724     1.87085   (sampled)
     8.49729     7.05150     8.88842     1.87149 (mid-point)
     8.59729     7.14504     8.98959     1.87211   (sampled)
     8.69729     7.23871     9.09097     1.87272 (mid-point)
     8.79729     7.33255     9.19235     1.87331   (sampled)
     8.89729     7.42652     9.29429     1.87389 (mid-point)
     8.99729     7.52053     9.39623     1.87445   (sampled)
     9.09729     7.61463     9.49778     1.87500 (mid-point)
     9.19729     7.70889     9.59933     1.87554   (sampled)
     9.29729     7.80365     9.69996     1.87606 (mid-point)
     9.39729     7.89809     9.80059     1.87657   (sampled)
     9.49729     7.99320     9.90306     1.87707 (mid-point)
     9.59729     8.08809    10.00553     1.87755   (sampled)
     9.69729     8.18371    10.10622     1.87803 (mid-point)
     9.79729     8.27908    10.20691     1.87849   (sampled)
     9.89729     8.37240    10.30766     1.87895 (mid-point)
     9.99729     8.46506    10.40842     1.87939   (sampled)
    10.09729     8.55749    10.51103     1.87983 (mid-point)
    10.19729     8.65012    10.61364     1.88025   (sampled)
    10.29729     8.74299    10.71602     1.88067 (mid-point)
    10.39729     8.83605    10.81841     1.88108   (sampled)
    10.49729     8.92875    10.91898     1.88148 (mid-point)
    10.59729     9.02159    11.01955     1.88187   (sampled)
    10.69729     9.11512    11.12205     1.88225 (mid-point)
    10.79729     9.20833    11.22455     1.88263   (sampled)
    10.89729     9.30289    11.32989     1.88299 (mid-point)
    10.99729     9.39766    11.43522     1.88335   (sampled)
    11.09729     9.48935    11.53522     1.88371 (mid-point)
    11.19729     9.58119    11.63522     1.88405   (sampled)
    11.29729     9.67797    11.74295     1.88439 (mid-point)
    11.39729     9.77496    11.85068     1.88473   (sampled)
    11.49729     9.86944    11.95275     1.88505 (mid-point)
    11.59729     9.96405    12.05483     1.88537   (sampled)
    11.69729    10.05947    12.15872     1.88569 (mid-point)
    11.79729    10.15335    12.26261     1.88600   (sampled)
    11.89729    10.24960    12.36298     1.88630 (mid-point)
    11.99729    10.34428    12.46335     1.88660   (sampled)
    12.09729    10.43979    12.56552     1.88689 (mid-point)
    12.19729    10.53541    12.66769     1.88718   (sampled)
    12.29729    10.63180    12.77173     1.88746 (mid-point)
    12.39729    10.72791    12.87577     1.88773   (sampled)
    12.49729    10.82245    12.98205     1.88801 (mid-point)
    12.59729    10.91718    13.08833     1.88827   (sampled)
    12.69729    11.01563    13.18833     1.88854 (mid-point)
    12.79729    11.10918    13.28833     1.88879   (sampled)
    12.89729    11.20679    13.39111     1.88905 (mid-point)
    12.99729    11.30449    13.49388     1.88930   (sampled)
    13.09729    11.39930    13.62744     1.88954 (mid-point)
    13.19729    11.49464    13.76099     1.88978   (sampled)
    13.29729    11.59278    13.87189     1.89002 (mid-point)
    13.39729    11.69112    13.98279     1.89025   (sampled)
    13.49729    11.78777    14.08627     1.89048 (mid-point)
    13.59729    11.88451    14.18975     1.89071   (sampled)
    13.69729    11.98155    14.29069     1.89093 (mid-point)
    13.79729    12.07866    14.39163     1.89115   (sampled)
    13.89729    12.17552    14.49468     1.89136 (mid-point)
    13.99729    12.27246    14.59774     1.89157   (sampled)
    14.09729    12.36988    14.70123     1.89178 (mid-point)
    14.19729    12.46735    14.80472     1.89199   (sampled)
    14.29729    12.56453    14.90681     1.89219 (mid-point)
    14.39729    12.66177    15.00890     1.89239   (sampled)
    14.49729    12.75951    15.11986     1.89258 (mid-point)
    14.59729    12.85677    15.23083     1.89277   (sampled)
    14.69729    12.95481    15.33286     1.89296 (mid-point)
    14.79729    13.05273    15.43489     1.89315   (sampled)
    14.89729    13.15053    15.54355     1.89333 (mid-point)
    14.99729    13.24832    15.65222     1.89352   (sampled)
    15.09729    13.34629    15.75620     1.89369 (mid-point)
    15.19729    13.44435    15.86018     1.89387   (sampled)
    15.29729    13.54229    15.96354     1.89404 (mid-point)
    15.39729    13.64030    16.06691     1.89421   (sampled)
    15.49729    13.73851    16.16727     1.89438 (mid-point)
    15.59729    13.83653    16.26762     1.89455   (sampled)
    15.69729    13.93490    16.37138     1.89471 (mid-point)
    15.79729    14.03334    16.47514     1.89488   (sampled)
    15.89729    14.13156    16.57601     1.89503 (mid-point)
    15.99729    14.22981    16.67688     1.89519   (sampled)
    16.09729    14.32809    16.77738     1.89535 (mid-point)
    16.19729    14.42627    16.87787     1.89550   (sampled)
    16.29729    14.52473    16.97969     1.89565 (mid-point)
    16.39729    14.62323    17.08151     1.89580   (sampled)
    16.49729    14.72145    17.18320     1.89595 (mid-point)
    16.59729    14.81919    17.28490     1.89609   (sampled)
    16.69729    14.91692    17.38678     1.89623 (mid-point)
    16.79729    15.01337    17.48866     1.89638   (sampled)
    16.89729    15.11224    17.58889     1.89652 (mid-point)
    16.99729    15.21113    17.68913     1.89665   (sampled)
    17.09729    15.30991    17.79169     1.89679 (mid-point)
    17.19729    15.40819    17.89425     1.89692   (sampled)
    17.29729    15.50662    17.99484     1.89705 (mid-point)
    17.39729    15.60508    18.09542     1.89719   (sampled)
    17.49729    15.70252    18.19901     1.89731 (mid-point)
    17.59729    15.80003    18.30260     1.89744   (sampled)
    17.69729    15.89935    18.40262     1.89757 (mid-point)
    17.79729    15.99869    18.50264     1.89769   (sampled)
    17.89729    16.09655    18.60589     1.89782 (mid-point)
    17.99729    16.19447    18.70915     1.89794   (sampled)
    18.09729    16.29337    18.80939     1.89806 (mid-point)
    18.19729    16.39228    18.90963     1.89818   (sampled)
    18.29729    16.49057    19.01223     1.89829 (mid-point)
    18.39729    16.58890    19.11483     1.89841   (sampled)
    18.49729    16.68789    19.21506     1.89852 (mid-point)
    18.59729    16.78690    19.31528     1.89864   (sampled)
    18.69729    16.88483    19.42044     1.89875 (mid-point)
    18.79729    16.98284    19.52560     1.89886   (sampled)
    18.89729    17.08180    19.62602     1.89897 (mid-point)
    18.99729    17.18078    19.72644     1.89907   (sampled)
    19.09729    17.27986    19.82667     1.89918 (mid-point)
    19.19729    17.37896    19.92690     1.89929   (sampled)
    19.29729    17.47707    20.03045     1.89939 (mid-point)
    19.39729    17.57523    20.13399     1.89949   (sampled)
    19.49729    17.67492    20.23399     1.89960 (mid-point)
    19.59729    17.77369    20.33399     1.89970   (sampled)
    19.69729    17.87299    20.43696     1.89980 (mid-point)
    19.79729    17.97143    20.53994     1.89989   (sampled)
    19.89729    18.07068    20.64013     1.89999 (mid-point)
    19.99729    18.16994    20.74033     1.90009   (sampled)
    20.09729    18.26895    20.84145     1.90018 (mid-point)
    20.19729    18.36768    20.94258     1.90028   (sampled)
    20.29729    18.46690    21.04325     1.90037 (mid-point)
    20.39729    18.56612    21.14392     1.90046   (sampled)
    20.49729    18.66500    21.24483     1.90055 (mid-point)
    20.59729    18.76301    21.34574     1.90065   (sampled)
    20.69729    18.86314    21.44829     1.90073 (mid-point)
    20.79729    18.96173    21.55084     1.90082   (sampled)
    20.89729    19.06076    21.65956     1.90091 (mid-point)
    20.99729    19.15965    21.76828     1.90100   (sampled)
    21.09729    19.25934    21.87097     1.90108 (mid-point)
    21.19729    19.35900    21.97367     1.90117   (sampled)
    21.29729    19.45821    22.07486     1.90125 (mid-point)
    21.39729    19.55739    22.17605     1.90134   (sampled)
    21.49729    19.61397    23.55791     1.90142 (mid-point)
    21.59729    19.75894    24.93976     1.90150   (sampled)
    21.69729    19.85873    25.03976     1.90158 (mid-point)
    21.79729    19.95853    25.13976     1.90166   (sampled)
    21.89729    20.05142    27.03780     1.90174 (mid-point)
    21.99729    20.30687    28.93585     1.90182   (sampled)

 Minimum radius found:      0.714 angstroms.



 For spherical probe approach, The geometric factor
         F= sum(ds/area) along channel is    1.902 angstroms**-1
 This yields a macroscopic predicted molar conductance of:
   (1/rho)*(100/F)= (53/rho) pS,
   where rho is the conductivity of 1M permeant ion in ohm m.
 N.B. this is a macroscopic conductance - an overestimate 
 Empirically corrected conductances currently only available
 With the CAPSULE option (although its not that stable!)
 For 1M KCl rho= 1/12 (ohm m), So Gmacro= 630 pS/M.
  (TAG      1   Rmin=     0.71422   Gmacro=   630.97562 Conn_Gmacro=    -1.00000 ).
 HOLE: normal completion
