 *** Program HOLE ***
 
 If results of this run are reported or published, please
 cite the publication listed below.
 For the HOLE program:
   Smart, O.S., Goodfellow, J.M., Wallace, B.A. (1993). 
   The pore dimensions of gramicidin A. 
   Biophys. J., 65, 2455-2460.
 
 Originally written by Oliver Smart at Birkbeck College from April 1992.
 Copyright 1993-2005 Oliver Smart
 Copyright 2014-2015 SmartSci Limited.
 Copyright 2016 Oliver Smart.
 
 For help on HOLE suite see  http://www.holeprogram.org/
 
 HOLE release 2.2.005 (07 August 2016) 
 
 usage subject to Apache License, Version 2.0 
 see http://www.apache.org/licenses/LICENSE-2.0 

 Control variables read:

! Input file for Oliver Smart's HOLE program
! written by MDAnalysis.analysis.hole2.HoleAnalysis
! for a Universe
! u = mda.Universe(host_155.mol2
!    host_155.mol2
!   )
! Frame 0

COORD  /tmp/tmpv5v2byat.pdb
RADIUS simple2.rad
SPHPDB hole000.sph
SAMPLE 0.200000
ENDRAD 22.000000
IGNORE SOL WAT TIP HOH K   NA  CL
SHORTO 0
RASEED 31415
CPOINT -0.9133163057 -0.1224999946 -0.0209795877


 WARNING have not found a CVECT record - will try to guess
 Input pdb filename read as:    '/tmp/tmpv5v2byat.pdb'
 Input vdW radius file read as: 'simple2.rad'
 point in channel:   -0.913  -0.122  -0.021
 channel vector:   ************************
 sampling distance between planes:    0.200

 graphics conditions:
 binary plot output file name: NONE
 Dot density:    10
 Draw dots?           T
 Draw close contacts? F
 Draw centre line?    T
 Produce spikes rather than dots? F
 Seed for random number generator:     31415 (0 means value set by program)
 Radius above which a result is regarded as an 'end':  22.000
 Pdb format file for sphere centres: hole000.sph

 Monte Carlo conditions:
  no of steps:  1000
  maximum displacement   0.100 angs
  'kT' initial   0.100 angs
 The spherebox and capsule options are turned off.
 (No molqpt card so will not write qpt file of the molecule)
 IGNORE card read so will ignore residue types: SOL WAT TIP HOH K   NA  CL
 no SHORTO card read so will produce full textual output
 As no PEGRAT card was found will not produce PEG polymer exclusion graph
 (No 2DMAPS card specified so will not produce 2D property maps)
 Have not found a CUT card.  Normal calculation using
   Cutoff lists with a cutsize=       1.000
   (if you wish to turn off option use a CUT -1 card)

 Have read     7 bond radius records and
              16 vdW radius records.
 From file: simple2.rad

 Have read    98 atom records.
 From file: /tmp/tmpv5v2byat.pdb
 Will not produce graphical output

 Have opened file for pdb format output of sphere centres:  hole000.sph

  Seed integer used by ran # generator on this run      31415

 
 S/R cguess will try to guess CPOINT and/or CVECT
 
 THESE GUESSES MAY WELL BE WRONG!!!!
 Routine relies on having a reasonably symmetric
 channel oriented along x, y or z vector
 YOU ARE STRONGLY ADVISED TO CHECK THE RESULTS
                       WITH MOLECULAR GRAPHICS
 testing points from cpoint in X, Y then Z direction
   point                   pore radius
direction     1
  -5.913  -0.122  -0.021     1.307
  -4.913  -0.122  -0.021     1.935
  -3.913  -0.122  -0.021     2.502
  -2.913  -0.122  -0.021     3.233
  -1.913  -0.122  -0.021     3.913
  -0.913  -0.122  -0.021     3.827
   0.087  -0.122  -0.021     3.945
   1.087  -0.122  -0.021     3.249
   2.087  -0.122  -0.021     2.249
   3.087  -0.122  -0.021     1.249
   4.087  -0.122  -0.021     0.249
 Average pore radius along the line=      2.515
direction     2
  -0.913  -5.122  -0.021    -0.341
  -0.913  -4.122  -0.021     0.599
  -0.913  -3.122  -0.021     1.573
  -0.913  -2.122  -0.021     2.558
  -0.913  -1.122  -0.021     3.549
  -0.913  -0.122  -0.021     3.827
  -0.913   0.878  -0.021     2.829
  -0.913   1.878  -0.021     1.832
  -0.913   2.878  -0.021     0.839
  -0.913   3.878  -0.021    -0.139
  -0.913   4.878  -0.021    -0.996
 Average pore radius along the line=      1.466
direction     3
  -0.913  -0.122  -5.021     5.590
  -0.913  -0.122  -4.021     5.105
  -0.913  -0.122  -3.021     4.548
  -0.913  -0.122  -2.021     4.127
  -0.913  -0.122  -1.021     3.878
  -0.913  -0.122  -0.021     3.827
  -0.913  -0.122   0.979     3.980
  -0.913  -0.122   1.979     4.219
  -0.913  -0.122   2.979     4.585
  -0.913  -0.122   3.979     5.054
  -0.913  -0.122   4.979     5.281
 Average pore radius along the line=      4.563
 Best direction is found to be     3
(1=X,2=Y,3=Z)
 s/r cguess has produced initial values for cpoint &/or cvect:
CPOINT      -0.9133     -0.1225     -0.0210
CVECT        0.0000      0.0000      1.0000
 THESE GUESSES MAY WELL BE WRONG!!!!
 Routine relies on having a reasonably symmetric
 channel oriented along x, y or z vector
 YOU ARE STRONGLY ADVISED TO CHECK THE RESULTS
                       WITH MOLECULAR GRAPHICS
 
 
  Some routines (e.g. conn) need vectors normal to cvect: 
     EAST Zero degrees angle is along vector    1.000   0.000   0.000
     NORTH  90 degrees angle is along vector    0.000  -1.000   0.000
 highest radius point found:
  at point   -0.881  -0.481  -0.021
  closest atom surface    4.185   H10 155 X    0
  2nd closest surface     4.186   C24 155 X    0
  found on step  879
 current point:
  at point   -0.953  -0.483  -0.021
  closest atom surface    4.185   C24 155 X    0
  2nd closest surface     4.186   H32 155 X    0
  found on step  944
  no. of rejections          417
 stored as     0

 highest radius point found:
  at point   -0.787  -0.453   0.179
  closest atom surface    4.174   H10 155 X    0
  2nd closest surface     4.174   H32 155 X    0
  found on step  970
  this is also current point
  no. of rejections          394
 stored as     1

 highest radius point found:
  at point   -0.686  -0.423   0.379
  closest atom surface    4.170   H10 155 X    0
  2nd closest surface     4.172   H32 155 X    0
  found on step  526
 current point:
  at point   -1.073  -0.428   0.379
  closest atom surface    4.167   H32 155 X    0
  2nd closest surface     4.168   H10 155 X    0
  found on step  996
  no. of rejections          398
 stored as     2

 highest radius point found:
  at point   -0.589  -0.394   0.579
  closest atom surface    4.178   H32 155 X    0
  2nd closest surface     4.178   H10 155 X    0
  found on step  891
  this is also current point
  no. of rejections          396
 stored as     3

 highest radius point found:
  at point   -0.476  -0.364   0.779
  closest atom surface    4.195   H10 155 X    0
  2nd closest surface     4.196   H37 155 X    0
  found on step  963
  this is also current point
  no. of rejections          399
 stored as     4

 highest radius point found:
  at point   -0.393  -0.336   0.979
  closest atom surface    4.220   H32 155 X    0
  2nd closest surface     4.221   H10 155 X    0
  found on step  979
  this is also current point
  no. of rejections          394
 stored as     5

 highest radius point found:
  at point   -0.292  -0.307   1.179
  closest atom surface    4.256   H32 155 X    0
  2nd closest surface     4.257   H10 155 X    0
  found on step  866
 current point:
  at point   -0.296  -0.306   1.179
  closest atom surface    4.256   H10 155 X    0
  2nd closest surface     4.257   H32 155 X    0
  found on step  928
  no. of rejections          391
 stored as     6

 highest radius point found:
  at point   -0.329  -0.286   1.379
  closest atom surface    4.277   H32 155 X    0
  2nd closest surface     4.278   H9  155 X    0
  found on step  798
 current point:
  at point   -0.360  -0.287   1.379
  closest atom surface    4.274   H32 155 X    0
  2nd closest surface     4.277   C10 155 X    0
  found on step  989
  no. of rejections          400
 stored as     7

 highest radius point found:
  at point   -0.330  -0.276   1.579
  closest atom surface    4.300   H32 155 X    0
  2nd closest surface     4.301   H9  155 X    0
  found on step  997
  this is also current point
  no. of rejections          393
 stored as     8

 highest radius point found:
  at point   -0.384  -0.255   1.779
  closest atom surface    4.333   C10 155 X    0
  2nd closest surface     4.335   H32 155 X    0
  found on step  990
  this is also current point
  no. of rejections          393
 stored as     9

 highest radius point found:
  at point   -0.385  -0.243   1.979
  closest atom surface    4.371   H9  155 X    0
  2nd closest surface     4.374   H32 155 X    0
  found on step  428
 current point:
  at point   -0.209  -0.276   1.979
  closest atom surface    4.360   H32 155 X    0
  2nd closest surface     4.360   H9  155 X    0
  found on step  957
  no. of rejections          401
 stored as    10

 highest radius point found:
  at point   -0.408  -0.230   2.179
  closest atom surface    4.419   H32 155 X    0
  2nd closest surface     4.419   H9  155 X    0
  found on step  948
  this is also current point
  no. of rejections          379
 stored as    11

 highest radius point found:
  at point   -0.417  -0.215   2.379
  closest atom surface    4.470   H9  155 X    0
  2nd closest surface     4.473   H32 155 X    0
  found on step  248
 current point:
  at point   -1.081  -0.230   2.379
  closest atom surface    4.445   H32 155 X    0
  2nd closest surface     4.445   C10 155 X    0
  found on step  893
  no. of rejections          390
 stored as    12

 highest radius point found:
  at point   -0.428  -0.203   2.579
  closest atom surface    4.530   H9  155 X    0
  2nd closest surface     4.531   H32 155 X    0
  found on step  970
  this is also current point
  no. of rejections          385
 stored as    13

 highest radius point found:
  at point   -0.439  -0.191   2.779
  closest atom surface    4.596   H9  155 X    0
  2nd closest surface     4.597   H32 155 X    0
  found on step  262
 current point:
  at point   -1.406  -0.213   2.779
  closest atom surface    4.585   H30 155 X    0
  2nd closest surface     4.585   C10 155 X    0
  found on step  954
  no. of rejections          415
 stored as    14

 highest radius point found:
  at point   -0.446  -0.181   2.979
  closest atom surface    4.668   H32 155 X    0
  2nd closest surface     4.669   H9  155 X    0
  found on step    2
 current point:
  at point   -1.079  -0.193   2.979
  closest atom surface    4.644   H32 155 X    0
  2nd closest surface     4.645   C10 155 X    0
  found on step  911
  no. of rejections          383
 stored as    15

 highest radius point found:
  at point   -0.470  -0.168   3.179
  closest atom surface    4.745   H32 155 X    0
  2nd closest surface     4.745   C10 155 X    0
  found on step  892
  this is also current point
  no. of rejections          388
 stored as    16

 highest radius point found:
  at point   -0.620  -0.160   3.379
  closest atom surface    4.817   H32 155 X    0
  2nd closest surface     4.818   C10 155 X    0
  found on step  316
 current point:
  at point   -1.354  -0.175   3.379
  closest atom surface    4.814   C10 155 X    0
  2nd closest surface     4.814   H30 155 X    0
  found on step  987
  no. of rejections          366
 stored as    17

 highest radius point found:
  at point   -0.722  -0.151   3.579
  closest atom surface    4.901   C10 155 X    0
  2nd closest surface     4.901   H32 155 X    0
  found on step  969
  this is also current point
  no. of rejections          352
 stored as    18

 highest radius point found:
  at point   -1.287  -0.156   3.779
  closest atom surface    4.995   H32 155 X    0
  2nd closest surface     4.996   C10 155 X    0
  found on step  569
 current point:
  at point   -0.893  -0.145   3.779
  closest atom surface    4.990   C10 155 X    0
  2nd closest surface     4.990   H32 155 X    0
  found on step  907
  no. of rejections          401
 stored as    19

 highest radius point found:
  at point   -1.281  -0.145   3.979
  closest atom surface    5.093   C10 155 X    0
  2nd closest surface     5.095   H30 155 X    0
  found on step  317
 current point:
  at point   -1.034  -0.138   3.979
  closest atom surface    5.088   C10 155 X    0
  2nd closest surface     5.088   H32 155 X    0
  found on step  986
  no. of rejections          377
 stored as    20

 highest radius point found:
  at point   -1.223  -0.134   4.179
  closest atom surface    5.195   H32 155 X    0
  2nd closest surface     5.195   C10 155 X    0
  found on step  660
 current point:
  at point   -1.277  -0.132   4.179
  closest atom surface    5.194   C10 155 X    0
  2nd closest surface     5.195   H30 155 X    0
  found on step  964
  no. of rejections          349
 stored as    21

 highest radius point found:
  at point   -1.312  -0.114   4.379
  closest atom surface    5.295   H30 155 X    0
  2nd closest surface     5.296   C10 155 X    0
  found on step   24
 current point:
  at point   -1.805  -0.035   4.379
  closest atom surface    5.260   C10 155 X    0
  2nd closest surface     5.260   H30 155 X    0
  found on step  985
  no. of rejections          361
 stored as    22

 highest radius point found:
  at point   -1.297  -0.102   4.579
  closest atom surface    5.405   C10 155 X    0
  2nd closest surface     5.405   H45 155 X    0
  found on step  971
  this is also current point
  no. of rejections          350
 stored as    23

 highest radius point found:
  at point   -1.413  -0.073   4.779
  closest atom surface    5.507   H30 155 X    0
  2nd closest surface     5.508   C10 155 X    0
  found on step  918
  this is also current point
  no. of rejections          371
 stored as    24

 highest radius point found:
  at point   -1.516  -0.044   4.979
  closest atom surface    5.616   H30 155 X    0
  2nd closest surface     5.616   H45 155 X    0
  found on step  599
 current point:
  at point   -1.532  -0.040   4.979
  closest atom surface    5.615   C10 155 X    0
  2nd closest surface     5.616   H30 155 X    0
  found on step  965
  no. of rejections          346
 stored as    25

 highest radius point found:
  at point   -1.633  -0.013   5.179
  closest atom surface    5.730   H30 155 X    0
  2nd closest surface     5.730   C10 155 X    0
  found on step  985
  this is also current point
  no. of rejections          376
 stored as    26

 highest radius point found:
  at point   -1.749   0.016   5.379
  closest atom surface    5.849   H30 155 X    0
  2nd closest surface     5.850   C10 155 X    0
  found on step  769
 current point:
  at point   -1.746   0.018   5.379
  closest atom surface    5.848   C10 155 X    0
  2nd closest surface     5.851   H30 155 X    0
  found on step  941
  no. of rejections          363
 stored as    27

 highest radius point found:
  at point   -1.889   0.050   5.579
  closest atom surface    5.973   C10 155 X    0
  2nd closest surface     5.974   H30 155 X    0
  found on step  559
 current point:
  at point   -1.911   0.053   5.579
  closest atom surface    5.973   H30 155 X    0
  2nd closest surface     5.973   C10 155 X    0
  found on step  987
  no. of rejections          366
 stored as    28

 highest radius point found:
  at point   -1.982   0.075   5.779
  closest atom surface    6.104   C10 155 X    0
  2nd closest surface     6.104   H30 155 X    0
  found on step  675
 current point:
  at point   -2.021   0.082   5.779
  closest atom surface    6.104   C10 155 X    0
  2nd closest surface     6.104   H30 155 X    0
  found on step  902
  no. of rejections          343
 stored as    29

 highest radius point found:
  at point   -2.046   0.094   5.979
  closest atom surface    6.237   H45 155 X    0
  2nd closest surface     6.237   H16 155 X    0
  found on step  635
 current point:
  at point   -2.058   0.089   5.979
  closest atom surface    6.232   H30 155 X    0
  2nd closest surface     6.234   H16 155 X    0
  found on step  929
  no. of rejections          367
 stored as    30

 highest radius point found:
  at point   -2.105   0.093   6.179
  closest atom surface    6.359   H16 155 X    0
  2nd closest surface     6.359   H30 155 X    0
  found on step  796
 current point:
  at point   -2.097   0.089   6.179
  closest atom surface    6.357   H30 155 X    0
  2nd closest surface     6.357   H45 155 X    0
  found on step  946
  no. of rejections          343
 stored as    31

 highest radius point found:
  at point   -2.159   0.090   6.379
  closest atom surface    6.484   H30 155 X    0
  2nd closest surface     6.485   H45 155 X    0
  found on step  854
 current point:
  at point   -2.168   0.088   6.379
  closest atom surface    6.482   H30 155 X    0
  2nd closest surface     6.484   H16 155 X    0
  found on step  984
  no. of rejections          339
 stored as    32

 highest radius point found:
  at point   -2.216   0.090   6.579
  closest atom surface    6.615   H45 155 X    0
  2nd closest surface     6.615   H30 155 X    0
  found on step  993
  this is also current point
  no. of rejections          340
 stored as    33

 highest radius point found:
  at point   -2.234   0.064   6.779
  closest atom surface    6.734   H30 155 X    0
  2nd closest surface     6.734   C18 155 X    0
  found on step  545
 current point:
  at point   -2.231   0.065   6.779
  closest atom surface    6.733   H45 155 X    0
  2nd closest surface     6.734   H30 155 X    0
  found on step  926
  no. of rejections          344
 stored as    34

 highest radius point found:
  at point   -2.242   0.034   6.979
  closest atom surface    6.854   H30 155 X    0
  2nd closest surface     6.854   C18 155 X    0
  found on step  984
  this is also current point
  no. of rejections          349
 stored as    35

 highest radius point found:
  at point   -2.253   0.007   7.179
  closest atom surface    6.976   C18 155 X    0
  2nd closest surface     6.979   H45 155 X    0
  found on step  815
 current point:
  at point   -2.244   0.002   7.179
  closest atom surface    6.976   H45 155 X    0
  2nd closest surface     6.976   H30 155 X    0
  found on step  951
  no. of rejections          342
 stored as    36

 highest radius point found:
  at point   -2.253  -0.028   7.379
  closest atom surface    7.102   H45 155 X    0
  2nd closest surface     7.103   H30 155 X    0
  found on step  998
  this is also current point
  no. of rejections          371
 stored as    37

 highest radius point found:
  at point   -2.266  -0.055   7.579
  closest atom surface    7.233   C18 155 X    0
  2nd closest surface     7.233   H45 155 X    0
  found on step  839
 current point:
  at point   -2.269  -0.049   7.579
  closest atom surface    7.232   H45 155 X    0
  2nd closest surface     7.232   C18 155 X    0
  found on step  938
  no. of rejections          346
 stored as    38

 highest radius point found:
  at point   -2.273  -0.087   7.779
  closest atom surface    7.365   H30 155 X    0
  2nd closest surface     7.365   C18 155 X    0
  found on step  916
  this is also current point
  no. of rejections          338
 stored as    39

 highest radius point found:
  at point   -2.281  -0.115   7.979
  closest atom surface    7.500   H45 155 X    0
  2nd closest surface     7.500   C18 155 X    0
  found on step  961
  this is also current point
  no. of rejections          349
 stored as    40

 highest radius point found:
  at point   -2.285  -0.149   8.179
  closest atom surface    7.637   H45 155 X    0
  2nd closest surface     7.638   H30 155 X    0
  found on step  964
  this is also current point
  no. of rejections          345
 stored as    41

 highest radius point found:
  at point   -2.296  -0.172   8.379
  closest atom surface    7.776   H45 155 X    0
  2nd closest surface     7.776   C18 155 X    0
  found on step  914
  this is also current point
  no. of rejections          329
 stored as    42

 highest radius point found:
  at point   -2.298  -0.208   8.579
  closest atom surface    7.918   H45 155 X    0
  2nd closest surface     7.920   C18 155 X    0
  found on step  917
  this is also current point
  no. of rejections          338
 stored as    43

 highest radius point found:
  at point   -2.301  -0.244   8.779
  closest atom surface    8.063   H45 155 X    0
  2nd closest surface     8.063   H30 155 X    0
  found on step  995
  this is also current point
  no. of rejections          361
 stored as    44

 highest radius point found:
  at point   -2.311  -0.275   8.979
  closest atom surface    8.210   C18 155 X    0
  2nd closest surface     8.210   H30 155 X    0
  found on step  985
  this is also current point
  no. of rejections          330
 stored as    45

 highest radius point found:
  at point   -2.315  -0.310   9.179
  closest atom surface    8.357   H30 155 X    0
  2nd closest surface     8.358   C18 155 X    0
  found on step  935
  this is also current point
  no. of rejections          318
 stored as    46

 highest radius point found:
  at point   -2.322  -0.336   9.379
  closest atom surface    8.509   H45 155 X    0
  2nd closest surface     8.509   C18 155 X    0
  found on step  642
 current point:
  at point   -2.316  -0.342   9.379
  closest atom surface    8.508   H30 155 X    0
  2nd closest surface     8.509   H45 155 X    0
  found on step  975
  no. of rejections          324
 stored as    47

 highest radius point found:
  at point   -2.326  -0.367   9.579
  closest atom surface    8.661   H45 155 X    0
  2nd closest surface     8.662   C18 155 X    0
  found on step  860
 current point:
  at point   -2.327  -0.370   9.579
  closest atom surface    8.661   C18 155 X    0
  2nd closest surface     8.662   H30 155 X    0
  found on step  980
  no. of rejections          342
 stored as    48

 highest radius point found:
  at point   -2.325  -0.406   9.779
  closest atom surface    8.814   H30 155 X    0
  2nd closest surface     8.815   H45 155 X    0
  found on step  965
  this is also current point
  no. of rejections          326
 stored as    49

 highest radius point found:
  at point   -2.335  -0.433   9.979
  closest atom surface    8.971   H45 155 X    0
  2nd closest surface     8.972   C18 155 X    0
  found on step  917
  this is also current point
  no. of rejections          294
 stored as    50

 highest radius point found:
  at point   -2.336  -0.469  10.179
  closest atom surface    9.128   H45 155 X    0
  2nd closest surface     9.128   H30 155 X    0
  found on step  970
  this is also current point
  no. of rejections          281
 stored as    51

 highest radius point found:
  at point   -2.339  -0.500  10.379
  closest atom surface    9.286   H45 155 X    0
  2nd closest surface     9.288   H30 155 X    0
  found on step  961
  this is also current point
  no. of rejections          320
 stored as    52

 highest radius point found:
  at point   -2.348  -0.531  10.579
  closest atom surface    9.448   H45 155 X    0
  2nd closest surface     9.449   H30 155 X    0
  found on step  957
  this is also current point
  no. of rejections          318
 stored as    53

 highest radius point found:
  at point   -2.352  -0.564  10.779
  closest atom surface    9.610   C18 155 X    0
  2nd closest surface     9.610   H30 155 X    0
  found on step  976
  this is also current point
  no. of rejections          309
 stored as    54

 highest radius point found:
  at point   -2.359  -0.601  10.979
  closest atom surface    9.772   H30 155 X    0
  2nd closest surface     9.772   C18 155 X    0
  found on step  844
 current point:
  at point   -2.361  -0.586  10.979
  closest atom surface    9.771   H45 155 X    0
  2nd closest surface     9.772   C18 155 X    0
  found on step  954
  no. of rejections          300
 stored as    55

 highest radius point found:
  at point   -2.355  -0.632  11.179
  closest atom surface    9.937   H30 155 X    0
  2nd closest surface     9.937   H45 155 X    0
  found on step  997
  this is also current point
  no. of rejections          309
 stored as    56

 highest radius point found:
  at point   -2.364  -0.660  11.379
  closest atom surface   10.103   C18 155 X    0
  2nd closest surface    10.104   H45 155 X    0
  found on step  957
  this is also current point
  no. of rejections          322
 stored as    57

 highest radius point found:
  at point   -2.369  -0.691  11.579
  closest atom surface   10.270   C18 155 X    0
  2nd closest surface    10.270   H45 155 X    0
  found on step  921
  this is also current point
  no. of rejections          299
 stored as    58

 highest radius point found:
  at point   -2.370  -0.728  11.779
  closest atom surface   10.439   H30 155 X    0
  2nd closest surface    10.439   H45 155 X    0
  found on step  894
  this is also current point
  no. of rejections          291
 stored as    59

 highest radius point found:
  at point   -2.375  -0.762  11.979
  closest atom surface   10.607   C18 155 X    0
  2nd closest surface    10.608   H30 155 X    0
  found on step  987
  this is also current point
  no. of rejections          300
 stored as    60

 highest radius point found:
  at point   -2.376  -0.795  12.179
  closest atom surface   10.778   H30 155 X    0
  2nd closest surface    10.778   H45 155 X    0
  found on step  903
  this is also current point
  no. of rejections          280
 stored as    61

 highest radius point found:
  at point   -2.377  -0.830  12.379
  closest atom surface   10.948   H30 155 X    0
  2nd closest surface    10.949   H45 155 X    0
  found on step  926
  this is also current point
  no. of rejections          305
 stored as    62

 highest radius point found:
  at point   -2.384  -0.859  12.579
  closest atom surface   11.121   C23 155 X    0
  2nd closest surface    11.121   C18 155 X    0
  found on step  867
 current point:
  at point   -2.377  -0.863  12.579
  closest atom surface   11.119   C23 155 X    0
  2nd closest surface    11.120   H45 155 X    0
  found on step  901
  no. of rejections          314
 stored as    63

 highest radius point found:
  at point   -2.394  -0.883  12.779
  closest atom surface   11.291   C18 155 X    0
  2nd closest surface    11.291   C23 155 X    0
  found on step 1000
  this is also current point
  no. of rejections          272
 stored as    64

 highest radius point found:
  at point   -2.396  -0.907  12.979
  closest atom surface   11.463   C23 155 X    0
  2nd closest surface    11.463   H45 155 X    0
  found on step  991
  this is also current point
  no. of rejections          278
 stored as    65

 highest radius point found:
  at point   -2.410  -0.929  13.179
  closest atom surface   11.635   C18 155 X    0
  2nd closest surface    11.636   C23 155 X    0
  found on step  868
 current point:
  at point   -2.411  -0.921  13.179
  closest atom surface   11.635   H45 155 X    0
  2nd closest surface    11.635   C18 155 X    0
  found on step  954
  no. of rejections          297
 stored as    66

 highest radius point found:
  at point   -2.417  -0.949  13.379
  closest atom surface   11.809   H45 155 X    0
  2nd closest surface    11.810   C18 155 X    0
  found on step  719
 current point:
  at point   -2.421  -0.949  13.379
  closest atom surface   11.808   C18 155 X    0
  2nd closest surface    11.811   C23 155 X    0
  found on step 1000
  no. of rejections          301
 stored as    67

 highest radius point found:
  at point   -2.425  -0.973  13.579
  closest atom surface   11.984   C18 155 X    0
  2nd closest surface    11.984   H45 155 X    0
  found on step  442
 current point:
  at point   -2.419  -0.977  13.579
  closest atom surface   11.983   H45 155 X    0
  2nd closest surface    11.984   C23 155 X    0
  found on step  968
  no. of rejections          283
 stored as    68

 highest radius point found:
  at point   -2.430  -0.998  13.779
  closest atom surface   12.159   H45 155 X    0
  2nd closest surface    12.159   C23 155 X    0
  found on step  998
  this is also current point
  no. of rejections          279
 stored as    69

 highest radius point found:
  at point   -2.448  -1.009  13.979
  closest atom surface   12.331   C18 155 X    0
  2nd closest surface    12.332   C29 155 X    0
  found on step  985
  this is also current point
  no. of rejections          311
 stored as    70

 highest radius point found:
  at point   -2.463  -1.016  14.179
  closest atom surface   12.502   C29 155 X    0
  2nd closest surface    12.503   H23 155 X    0
  found on step  957
  this is also current point
  no. of rejections          303
 stored as    71

 highest radius point found:
  at point   -2.479  -1.021  14.379
  closest atom surface   12.674   C29 155 X    0
  2nd closest surface    12.674   H23 155 X    0
  found on step  806
 current point:
  at point   -2.479  -1.021  14.379
  closest atom surface   12.674   C29 155 X    0
  2nd closest surface    12.674   H23 155 X    0
  found on step  962
  no. of rejections          299
 stored as    72

 highest radius point found:
  at point   -2.493  -1.019  14.579
  closest atom surface   12.847   C29 155 X    0
  2nd closest surface    12.848   H23 155 X    0
  found on step  142
 current point:
  at point   -2.492  -1.020  14.579
  closest atom surface   12.846   C29 155 X    0
  2nd closest surface    12.848   H23 155 X    0
  found on step  990
  no. of rejections          257
 stored as    73

 highest radius point found:
  at point   -2.507  -1.019  14.779
  closest atom surface   13.020   C29 155 X    0
  2nd closest surface    13.022   H23 155 X    0
  found on step  926
  this is also current point
  no. of rejections          279
 stored as    74

 highest radius point found:
  at point   -2.523  -1.019  14.979
  closest atom surface   13.195   H23 155 X    0
  2nd closest surface    13.195   C29 155 X    0
  found on step  922
  this is also current point
  no. of rejections          279
 stored as    75

 highest radius point found:
  at point   -2.540  -1.019  15.179
  closest atom surface   13.369   H23 155 X    0
  2nd closest surface    13.371   H45 155 X    0
  found on step  218
 current point:
  at point   -2.538  -1.013  15.179
  closest atom surface   13.367   H45 155 X    0
  2nd closest surface    13.370   H23 155 X    0
  found on step  944
  no. of rejections          286
 stored as    76

 highest radius point found:
  at point   -2.553  -1.024  15.379
  closest atom surface   13.545   H23 155 X    0
  2nd closest surface    13.546   C29 155 X    0
  found on step  887
  this is also current point
  no. of rejections          295
 stored as    77

 highest radius point found:
  at point   -2.569  -1.026  15.579
  closest atom surface   13.721   H23 155 X    0
  2nd closest surface    13.722   C29 155 X    0
  found on step  971
  this is also current point
  no. of rejections          249
 stored as    78

 highest radius point found:
  at point   -2.584  -1.032  15.779
  closest atom surface   13.898   H23 155 X    0
  2nd closest surface    13.898   C29 155 X    0
  found on step  872
 current point:
  at point   -2.584  -1.035  15.779
  closest atom surface   13.897   C29 155 X    0
  2nd closest surface    13.897   H23 155 X    0
  found on step  967
  no. of rejections          281
 stored as    79

 highest radius point found:
  at point   -2.598  -1.029  15.979
  closest atom surface   14.075   H45 155 X    0
  2nd closest surface    14.075   C29 155 X    0
  found on step  410
 current point:
  at point   -2.600  -1.042  15.979
  closest atom surface   14.074   C29 155 X    0
  2nd closest surface    14.074   H23 155 X    0
  found on step  992
  no. of rejections          279
 stored as    80

 highest radius point found:
  at point   -2.614  -1.039  16.179
  closest atom surface   14.252   C29 155 X    0
  2nd closest surface    14.253   H23 155 X    0
  found on step  823
 current point:
  at point   -2.617  -1.051  16.179
  closest atom surface   14.251   C29 155 X    0
  2nd closest surface    14.251   H23 155 X    0
  found on step  965
  no. of rejections          284
 stored as    81

 highest radius point found:
  at point   -2.632  -1.051  16.379
  closest atom surface   14.429   H23 155 X    0
  2nd closest surface    14.430   C29 155 X    0
  found on step  638
 current point:
  at point   -2.636  -1.077  16.379
  closest atom surface   14.426   C29 155 X    0
  2nd closest surface    14.426   H23 155 X    0
  found on step  995
  no. of rejections          275
 stored as    82

 highest radius point found:
  at point   -2.645  -1.046  16.579
  closest atom surface   14.608   C34 155 X    0
  2nd closest surface    14.609   C29 155 X    0
  found on step  817
 current point:
  at point   -2.652  -1.043  16.579
  closest atom surface   14.607   H23 155 X    0
  2nd closest surface    14.609   C34 155 X    0
  found on step  912
  no. of rejections          280
 stored as    83

 highest radius point found:
  at point   -2.663  -1.058  16.779
  closest atom surface   14.787   H23 155 X    0
  2nd closest surface    14.787   C29 155 X    0
  found on step  929
  this is also current point
  no. of rejections          247
 stored as    84

 highest radius point found:
  at point   -2.684  -1.056  16.979
  closest atom surface   14.965   H23 155 X    0
  2nd closest surface    14.965   C34 155 X    0
  found on step  946
  this is also current point
  no. of rejections          235
 stored as    85

 highest radius point found:
  at point   -2.697  -1.077  17.179
  closest atom surface   15.146   H23 155 X    0
  2nd closest surface    15.146   C29 155 X    0
  found on step  959
  this is also current point
  no. of rejections          257
 stored as    86

 highest radius point found:
  at point   -2.714  -1.085  17.379
  closest atom surface   15.326   H23 155 X    0
  2nd closest surface    15.326   C29 155 X    0
  found on step  970
  this is also current point
  no. of rejections          241
 stored as    87

 highest radius point found:
  at point   -2.732  -1.102  17.579
  closest atom surface   15.505   H23 155 X    0
  2nd closest surface    15.506   C29 155 X    0
  found on step  948
  this is also current point
  no. of rejections          252
 stored as    88

 highest radius point found:
  at point   -2.759  -1.110  17.779
  closest atom surface   15.683   H23 155 X    0
  2nd closest surface    15.692   C29 155 X    0
  found on step   42
 current point:
  at point   -2.769  -1.245  17.779
  closest atom surface   15.670   C29 155 X    0
  2nd closest surface    15.674   H23 155 X    0
  found on step 1000
  no. of rejections          257
 stored as    89

 highest radius point found:
  at point   -2.764  -1.108  17.979
  closest atom surface   15.869   H23 155 X    0
  2nd closest surface    15.870   C34 155 X    0
  found on step  997
  this is also current point
  no. of rejections          252
 stored as    90

 highest radius point found:
  at point   -2.781  -1.118  18.179
  closest atom surface   16.051   H23 155 X    0
  2nd closest surface    16.051   C29 155 X    0
  found on step  977
  this is also current point
  no. of rejections          279
 stored as    91

 highest radius point found:
  at point   -2.796  -1.128  18.379
  closest atom surface   16.233   C29 155 X    0
  2nd closest surface    16.233   H23 155 X    0
  found on step  962
  this is also current point
  no. of rejections          270
 stored as    92

 highest radius point found:
  at point   -2.814  -1.135  18.579
  closest atom surface   16.416   H23 155 X    0
  2nd closest surface    16.416   C29 155 X    0
  found on step  891
 current point:
  at point   -2.812  -1.133  18.579
  closest atom surface   16.415   C34 155 X    0
  2nd closest surface    16.416   C29 155 X    0
  found on step  894
  no. of rejections          273
 stored as    93

 highest radius point found:
  at point   -2.830  -1.146  18.779
  closest atom surface   16.599   C29 155 X    0
  2nd closest surface    16.599   H23 155 X    0
  found on step  941
  this is also current point
  no. of rejections          293
 stored as    94

 highest radius point found:
  at point   -2.846  -1.152  18.979
  closest atom surface   16.782   C29 155 X    0
  2nd closest surface    16.782   C34 155 X    0
  found on step  722
 current point:
  at point   -2.851  -1.161  18.979
  closest atom surface   16.781   H23 155 X    0
  2nd closest surface    16.783   C29 155 X    0
  found on step 1000
  no. of rejections          271
 stored as    95

 highest radius point found:
  at point   -2.864  -1.163  19.179
  closest atom surface   16.966   C29 155 X    0
  2nd closest surface    16.966   H23 155 X    0
  found on step  915
  this is also current point
  no. of rejections          273
 stored as    96

 highest radius point found:
  at point   -2.884  -1.178  19.379
  closest atom surface   17.149   H23 155 X    0
  2nd closest surface    17.150   C29 155 X    0
  found on step  906
  this is also current point
  no. of rejections          265
 stored as    97

 highest radius point found:
  at point   -2.899  -1.177  19.579
  closest atom surface   17.335   H23 155 X    0
  2nd closest surface    17.335   C34 155 X    0
  found on step  670
 current point:
  at point   -2.899  -1.179  19.579
  closest atom surface   17.335   H23 155 X    0
  2nd closest surface    17.335   C29 155 X    0
  found on step  912
  no. of rejections          266
 stored as    98

 highest radius point found:
  at point   -2.917  -1.198  19.779
  closest atom surface   17.519   H23 155 X    0
  2nd closest surface    17.519   C29 155 X    0
  found on step  998
  this is also current point
  no. of rejections          255
 stored as    99

 highest radius point found:
  at point   -2.933  -1.194  19.979
  closest atom surface   17.705   H23 155 X    0
  2nd closest surface    17.705   C34 155 X    0
  found on step  202
 current point:
  at point   -2.933  -1.198  19.979
  closest atom surface   17.705   H23 155 X    0
  2nd closest surface    17.705   C29 155 X    0
  found on step  963
  no. of rejections          257
 stored as   100

 highest radius point found:
  at point   -2.952  -1.209  20.179
  closest atom surface   17.889   H23 155 X    0
  2nd closest surface    17.891   C29 155 X    0
  found on step  948
  this is also current point
  no. of rejections          245
 stored as   101

 highest radius point found:
  at point   -2.972  -1.253  20.379
  closest atom surface   18.072   C29 155 X    0
  2nd closest surface    18.073   H23 155 X    0
  found on step   16
 current point:
  at point   -2.977  -1.269  20.379
  closest atom surface   18.071   H23 155 X    0
  2nd closest surface    18.072   C29 155 X    0
  found on step  945
  no. of rejections          257
 stored as   102

 highest radius point found:
  at point   -2.985  -1.219  20.579
  closest atom surface   18.262   H23 155 X    0
  2nd closest surface    18.262   C34 155 X    0
  found on step  984
  this is also current point
  no. of rejections          246
 stored as   103

 highest radius point found:
  at point   -2.998  -1.229  20.779
  closest atom surface   18.448   C34 155 X    0
  2nd closest surface    18.448   C29 155 X    0
  found on step  987
  this is also current point
  no. of rejections          243
 stored as   104

 highest radius point found:
  at point   -3.018  -1.246  20.979
  closest atom surface   18.635   C29 155 X    0
  2nd closest surface    18.635   H23 155 X    0
  found on step  997
  this is also current point
  no. of rejections          254
 stored as   105

 highest radius point found:
  at point   -3.036  -1.248  21.179
  closest atom surface   18.822   H23 155 X    0
  2nd closest surface    18.823   C34 155 X    0
  found on step  848
 current point:
  at point   -3.036  -1.258  21.179
  closest atom surface   18.821   H23 155 X    0
  2nd closest surface    18.822   C29 155 X    0
  found on step  996
  no. of rejections          240
 stored as   106

 highest radius point found:
  at point   -3.051  -1.261  21.379
  closest atom surface   19.009   C29 155 X    0
  2nd closest surface    19.009   H23 155 X    0
  found on step  984
  this is also current point
  no. of rejections          247
 stored as   107

 highest radius point found:
  at point   -3.077  -1.262  21.579
  closest atom surface   19.195   H23 155 X    0
  2nd closest surface    19.199   C34 155 X    0
  found on step  185
 current point:
  at point   -3.311  -2.545  21.579
  closest atom surface   19.133   C29 155 X    0
  2nd closest surface    19.134   H23 155 X    0
  found on step  990
  no. of rejections          246
 stored as   108

 highest radius point found:
  at point   -3.086  -1.272  21.779
  closest atom surface   19.385   C34 155 X    0
  2nd closest surface    19.385   H23 155 X    0
  found on step  998
  this is also current point
  no. of rejections          225
 stored as   109

 highest radius point found:
  at point   -3.103  -1.290  21.979
  closest atom surface   19.572   C29 155 X    0
  2nd closest surface    19.572   H23 155 X    0
  found on step  961
  this is also current point
  no. of rejections          243
 stored as   110

 highest radius point found:
  at point   -3.122  -1.285  22.179
  closest atom surface   19.760   C34 155 X    0
  2nd closest surface    19.761   H23 155 X    0
  found on step  605
 current point:
  at point   -3.438  -2.950  22.179
  closest atom surface   19.699   H23 155 X    0
  2nd closest surface    19.700   C29 155 X    0
  found on step  990
  no. of rejections          220
 stored as   111

 highest radius point found:
  at point   -3.136  -1.300  22.379
  closest atom surface   19.949   C34 155 X    0
  2nd closest surface    19.949   C29 155 X    0
  found on step  994
  this is also current point
  no. of rejections          235
 stored as   112

 highest radius point found:
  at point   -3.167  -1.339  22.579
  closest atom surface   20.134   H23 155 X    0
  2nd closest surface    20.138   C29 155 X    0
  found on step    2
 current point:
  at point   -3.253  -1.907  22.579
  closest atom surface   20.096   C29 155 X    0
  2nd closest surface    20.105   H23 155 X    0
  found on step  998
  no. of rejections          220
 stored as   113

 highest radius point found:
  at point   -3.179  -1.315  22.779
  closest atom surface   20.325   H23 155 X    0
  2nd closest surface    20.328   C34 155 X    0
  found on step   42
 current point:
  at point   -3.175  -1.340  22.779
  closest atom surface   20.325   C29 155 X    0
  2nd closest surface    20.326   H23 155 X    0
  found on step  968
  no. of rejections          233
 stored as   114

 highest radius point found:
  at point   -3.189  -1.332  22.979
  closest atom surface   20.515   C29 155 X    0
  2nd closest surface    20.516   H23 155 X    0
  found on step  979
  this is also current point
  no. of rejections          227
 stored as   115

 highest radius point found:
  at point   -3.206  -1.338  23.179
  closest atom surface   20.705   C29 155 X    0
  2nd closest surface    20.705   H23 155 X    0
  found on step    2
 current point:
  at point   -3.209  -1.329  23.179
  closest atom surface   20.705   C34 155 X    0
  2nd closest surface    20.705   H23 155 X    0
  found on step  992
  no. of rejections          235
 stored as   116

 highest radius point found:
  at point   -3.223  -1.334  23.379
  closest atom surface   20.892   C34 155 X    0
  2nd closest surface    20.895   H23 155 X    0
  found on step   90
 current point:
  at point   -3.270  -1.594  23.379
  closest atom surface   20.878   C29 155 X    0
  2nd closest surface    20.879   H23 155 X    0
  found on step  984
  no. of rejections          241
 stored as   117

 highest radius point found:
  at point   -3.240  -1.357  23.579
  closest atom surface   21.084   C29 155 X    0
  2nd closest surface    21.084   H23 155 X    0
  found on step   36
 current point:
  at point   -3.243  -1.365  23.579
  closest atom surface   21.084   H23 155 X    0
  2nd closest surface    21.084   C29 155 X    0
  found on step  989
  no. of rejections          235
 stored as   118

 highest radius point found:
  at point   -3.260  -1.357  23.779
  closest atom surface   21.274   H23 155 X    0
  2nd closest surface    21.274   C34 155 X    0
  found on step  341
 current point:
  at point   -3.343  -1.202  23.779
  closest atom surface   21.257   C34 155 X    0
  2nd closest surface    21.259   H23 155 X    0
  found on step  995
  no. of rejections          215
 stored as   119

 highest radius point found:
  at point   -3.279  -1.366  23.979
  closest atom surface   21.464   H23 155 X    0
  2nd closest surface    21.465   C34 155 X    0
  found on step  938
  this is also current point
  no. of rejections          230
 stored as   120

 highest radius point found:
  at point   -3.293  -1.385  24.179
  closest atom surface   21.654   C29 155 X    0
  2nd closest surface    21.654   H23 155 X    0
  found on step  979
  this is also current point
  no. of rejections          249
 stored as   121

 highest radius point found:
  at point   -3.311  -1.396  24.379
  closest atom surface   21.845   H23 155 X    0
  2nd closest surface    21.845   C29 155 X    0
  found on step  948
  this is also current point
  no. of rejections          235
 stored as   122

 highest radius point found:
  at point   -3.331  -1.416  24.579
  closest atom surface   22.034   H23 155 X    0
  2nd closest surface    22.035   C29 155 X    0
  found on step  969
  this is also current point
  no. of rejections          227
 This is an end! (radius above  22.0 angs)
 highest radius point found:
  at point   -1.009  -0.499  -0.221
  closest atom surface    4.196   C24 155 X    0
  2nd closest surface     4.196   H10 155 X    0
  found on step  960
  this is also current point
  no. of rejections          392
 stored as    -1

 highest radius point found:
  at point   -0.999  -0.513  -0.421
  closest atom surface    4.212   C24 155 X    0
  2nd closest surface     4.213   H10 155 X    0
  found on step  986
  this is also current point
  no. of rejections          387
 stored as    -2

 highest radius point found:
  at point   -1.011  -0.521  -0.621
  closest atom surface    4.229   H10 155 X    0
  2nd closest surface     4.232   O5  155 X    0
  found on step  853
 current point:
  at point   -1.012  -0.525  -0.621
  closest atom surface    4.229   O5  155 X    0
  2nd closest surface     4.231   H37 155 X    0
  found on step  935
  no. of rejections          417
 stored as    -3

 highest radius point found:
  at point   -1.038  -0.516  -0.821
  closest atom surface    4.242   H35 155 X    0
  2nd closest surface     4.242   H10 155 X    0
  found on step  870
  this is also current point
  no. of rejections          397
 stored as    -4

 highest radius point found:
  at point   -1.097  -0.506  -1.021
  closest atom surface    4.257   H10 155 X    0
  2nd closest surface     4.260   O5  155 X    0
  found on step  997
  this is also current point
  no. of rejections          374
 stored as    -5

 highest radius point found:
  at point   -1.138  -0.499  -1.221
  closest atom surface    4.282   H35 155 X    0
  2nd closest surface     4.283   H10 155 X    0
  found on step  706
 current point:
  at point   -1.129  -0.495  -1.221
  closest atom surface    4.279   H10 155 X    0
  2nd closest surface     4.283   H35 155 X    0
  found on step  961
  no. of rejections          387
 stored as    -6

 highest radius point found:
  at point   -1.182  -0.487  -1.421
  closest atom surface    4.313   H10 155 X    0
  2nd closest surface     4.315   H35 155 X    0
  found on step  852
 current point:
  at point   -1.141  -0.483  -1.421
  closest atom surface    4.308   H10 155 X    0
  2nd closest surface     4.308   H35 155 X    0
  found on step  946
  no. of rejections          387
 stored as    -7

 highest radius point found:
  at point   -1.229  -0.478  -1.621
  closest atom surface    4.352   H10 155 X    0
  2nd closest surface     4.354   O5  155 X    0
  found on step  482
 current point:
  at point   -1.239  -0.475  -1.621
  closest atom surface    4.350   O5  155 X    0
  2nd closest surface     4.350   H10 155 X    0
  found on step  989
  no. of rejections          369
 stored as    -8

 highest radius point found:
  at point   -1.273  -0.468  -1.821
  closest atom surface    4.399   H10 155 X    0
  2nd closest surface     4.399   O5  155 X    0
  found on step  822
 current point:
  at point   -1.270  -0.466  -1.821
  closest atom surface    4.397   H10 155 X    0
  2nd closest surface     4.402   H35 155 X    0
  found on step  964
  no. of rejections          370
 stored as    -9

 highest radius point found:
  at point   -1.306  -0.458  -2.021
  closest atom surface    4.452   H35 155 X    0
  2nd closest surface     4.452   H10 155 X    0
  found on step  770
 current point:
  at point   -1.257  -0.454  -2.021
  closest atom surface    4.443   H35 155 X    0
  2nd closest surface     4.445   H10 155 X    0
  found on step  998
  no. of rejections          396
 stored as   -10

 highest radius point found:
  at point   -1.349  -0.449  -2.221
  closest atom surface    4.512   H35 155 X    0
  2nd closest surface     4.514   H10 155 X    0
  found on step  972
  this is also current point
  no. of rejections          392
 stored as   -11

 highest radius point found:
  at point   -1.391  -0.437  -2.421
  closest atom surface    4.580   H10 155 X    0
  2nd closest surface     4.581   H35 155 X    0
  found on step  201
 current point:
  at point   -1.407  -0.432  -2.421
  closest atom surface    4.576   H10 155 X    0
  2nd closest surface     4.577   O5  155 X    0
  found on step  951
  no. of rejections          369
 stored as   -12

 highest radius point found:
  at point   -1.430  -0.430  -2.621
  closest atom surface    4.652   H35 155 X    0
  2nd closest surface     4.655   O5  155 X    0
  found on step  247
 current point:
  at point   -1.432  -0.419  -2.621
  closest atom surface    4.645   H10 155 X    0
  2nd closest surface     4.661   O5  155 X    0
  found on step  985
  no. of rejections          368
 stored as   -13

 highest radius point found:
  at point   -1.469  -0.418  -2.821
  closest atom surface    4.733   H35 155 X    0
  2nd closest surface     4.734   H10 155 X    0
  found on step  949
  this is also current point
  no. of rejections          367
 stored as   -14

 highest radius point found:
  at point   -1.507  -0.408  -3.021
  closest atom surface    4.819   H35 155 X    0
  2nd closest surface     4.820   H10 155 X    0
  found on step  906
  this is also current point
  no. of rejections          363
 stored as   -15

 highest radius point found:
  at point   -1.512  -0.392  -3.221
  closest atom surface    4.904   H10 155 X    0
  2nd closest surface     4.905   H35 155 X    0
  found on step  874
  this is also current point
  no. of rejections          377
 stored as   -16

 highest radius point found:
  at point   -1.523  -0.378  -3.421
  closest atom surface    4.995   H10 155 X    0
  2nd closest surface     4.996   C20 155 X    0
  found on step  994
  this is also current point
  no. of rejections          348
 stored as   -17

 highest radius point found:
  at point   -1.525  -0.364  -3.621
  closest atom surface    5.091   H10 155 X    0
  2nd closest surface     5.092   C20 155 X    0
  found on step  850
 current point:
  at point   -1.525  -0.368  -3.621
  closest atom surface    5.089   H35 155 X    0
  2nd closest surface     5.090   C20 155 X    0
  found on step  927
  no. of rejections          375
 stored as   -18

 highest radius point found:
  at point   -1.530  -0.350  -3.821
  closest atom surface    5.191   C20 155 X    0
  2nd closest surface     5.192   H10 155 X    0
  found on step  913
  this is also current point
  no. of rejections          381
 stored as   -19

 highest radius point found:
  at point   -1.533  -0.335  -4.021
  closest atom surface    5.296   C20 155 X    0
  2nd closest surface     5.297   H10 155 X    0
  found on step  713
 current point:
  at point   -1.516  -0.333  -4.021
  closest atom surface    5.294   H10 155 X    0
  2nd closest surface     5.296   H35 155 X    0
  found on step 1000
  no. of rejections          358
 stored as   -20

 highest radius point found:
  at point   -1.525  -0.320  -4.221
  closest atom surface    5.405   H10 155 X    0
  2nd closest surface     5.406   H35 155 X    0
  found on step  950
  this is also current point
  no. of rejections          373
 stored as   -21

 highest radius point found:
  at point   -1.492  -0.304  -4.421
  closest atom surface    5.512   H35 155 X    0
  2nd closest surface     5.513   H15 155 X    0
  found on step  938
  this is also current point
  no. of rejections          330
 stored as   -22

 highest radius point found:
  at point   -1.439  -0.282  -4.621
  closest atom surface    5.621   H15 155 X    0
  2nd closest surface     5.622   H35 155 X    0
  found on step  679
 current point:
  at point   -1.423  -0.279  -4.621
  closest atom surface    5.621   H35 155 X    0
  2nd closest surface     5.621   H10 155 X    0
  found on step  948
  no. of rejections          363
 stored as   -23

 highest radius point found:
  at point   -1.377  -0.258  -4.821
  closest atom surface    5.736   H15 155 X    0
  2nd closest surface     5.736   H10 155 X    0
  found on step 1000
  this is also current point
  no. of rejections          386
 stored as   -24

 highest radius point found:
  at point   -1.329  -0.241  -5.021
  closest atom surface    5.854   H35 155 X    0
  2nd closest surface     5.854   H15 155 X    0
  found on step  998
  this is also current point
  no. of rejections          327
 stored as   -25

 highest radius point found:
  at point   -1.305  -0.232  -5.221
  closest atom surface    5.973   H35 155 X    0
  2nd closest surface     5.973   H15 155 X    0
  found on step  826
 current point:
  at point   -1.307  -0.234  -5.221
  closest atom surface    5.972   H35 155 X    0
  2nd closest surface     5.974   H15 155 X    0
  found on step  935
  no. of rejections          340
 stored as   -26

 highest radius point found:
  at point   -1.351  -0.254  -5.421
  closest atom surface    6.088   H35 155 X    0
  2nd closest surface     6.089   H3  155 X    0
  found on step  775
 current point:
  at point   -1.397  -0.271  -5.421
  closest atom surface    6.086   H35 155 X    0
  2nd closest surface     6.086   H15 155 X    0
  found on step  874
  no. of rejections          378
 stored as   -27

 highest radius point found:
  at point   -1.425  -0.286  -5.621
  closest atom surface    6.206   H35 155 X    0
  2nd closest surface     6.209   H15 155 X    0
  found on step  503
 current point:
  at point   -1.478  -0.306  -5.621
  closest atom surface    6.204   H35 155 X    0
  2nd closest surface     6.204   H15 155 X    0
  found on step  982
  no. of rejections          348
 stored as   -28

 highest radius point found:
  at point   -1.495  -0.314  -5.821
  closest atom surface    6.331   H35 155 X    0
  2nd closest surface     6.331   H15 155 X    0
  found on step  960
  this is also current point
  no. of rejections          374
 stored as   -29

 highest radius point found:
  at point   -1.577  -0.349  -6.021
  closest atom surface    6.457   C   155 X    0
  2nd closest surface     6.457   H35 155 X    0
  found on step  261
 current point:
  at point   -1.573  -0.342  -6.021
  closest atom surface    6.454   H15 155 X    0
  2nd closest surface     6.457   C   155 X    0
  found on step  952
  no. of rejections          368
 stored as   -30

 highest radius point found:
  at point   -1.609  -0.335  -6.221
  closest atom surface    6.570   H24 155 X    0
  2nd closest surface     6.571   C   155 X    0
  found on step  983
  this is also current point
  no. of rejections          347
 stored as   -31

 highest radius point found:
  at point   -1.638  -0.321  -6.421
  closest atom surface    6.685   H24 155 X    0
  2nd closest surface     6.685   C   155 X    0
  found on step  991
  this is also current point
  no. of rejections          369
 stored as   -32

 highest radius point found:
  at point   -1.669  -0.297  -6.621
  closest atom surface    6.805   H15 155 X    0
  2nd closest surface     6.806   H24 155 X    0
  found on step  963
  this is also current point
  no. of rejections          364
 stored as   -33

 highest radius point found:
  at point   -1.694  -0.280  -6.821
  closest atom surface    6.928   C   155 X    0
  2nd closest surface     6.929   H15 155 X    0
  found on step  995
  this is also current point
  no. of rejections          395
 stored as   -34

 highest radius point found:
  at point   -1.727  -0.276  -7.021
  closest atom surface    7.050   H3  155 X    0
  2nd closest surface     7.050   H24 155 X    0
  found on step  206
 current point:
  at point   -1.729  -0.274  -7.021
  closest atom surface    7.050   H24 155 X    0
  2nd closest surface     7.050   H3  155 X    0
  found on step  949
  no. of rejections          372
 stored as   -35

 highest radius point found:
  at point   -1.762  -0.270  -7.221
  closest atom surface    7.172   H24 155 X    0
  2nd closest surface     7.173   H3  155 X    0
  found on step  991
  this is also current point
  no. of rejections          339
 stored as   -36

 highest radius point found:
  at point   -1.793  -0.266  -7.421
  closest atom surface    7.298   H24 155 X    0
  2nd closest surface     7.298   H3  155 X    0
  found on step  929
  this is also current point
  no. of rejections          375
 stored as   -37

 highest radius point found:
  at point   -1.818  -0.267  -7.621
  closest atom surface    7.426   H3  155 X    0
  2nd closest surface     7.427   C   155 X    0
  found on step  974
  this is also current point
  no. of rejections          331
 stored as   -38

 highest radius point found:
  at point   -1.852  -0.272  -7.821
  closest atom surface    7.556   H24 155 X    0
  2nd closest surface     7.557   C   155 X    0
  found on step  801
 current point:
  at point   -1.860  -0.259  -7.821
  closest atom surface    7.556   H24 155 X    0
  2nd closest surface     7.561   H3  155 X    0
  found on step  984
  no. of rejections          344
 stored as   -39

 highest radius point found:
  at point   -1.890  -0.252  -8.021
  closest atom surface    7.692   H24 155 X    0
  2nd closest surface     7.693   H3  155 X    0
  found on step  995
  this is also current point
  no. of rejections          341
 stored as   -40

 highest radius point found:
  at point   -1.914  -0.257  -8.221
  closest atom surface    7.830   H24 155 X    0
  2nd closest surface     7.830   H3  155 X    0
  found on step  967
  this is also current point
  no. of rejections          322
 stored as   -41

 highest radius point found:
  at point   -1.948  -0.253  -8.421
  closest atom surface    7.969   H24 155 X    0
  2nd closest surface     7.971   H3  155 X    0
  found on step  986
  this is also current point
  no. of rejections          345
 stored as   -42

 highest radius point found:
  at point   -1.975  -0.249  -8.621
  closest atom surface    8.110   C   155 X    0
  2nd closest surface     8.110   H3  155 X    0
  found on step  552
 current point:
  at point   -1.993  -0.231  -8.621
  closest atom surface    8.110   H3  155 X    0
  2nd closest surface     8.110   H24 155 X    0
  found on step  996
  no. of rejections          347
 stored as   -43

 highest radius point found:
  at point   -2.033  -0.218  -8.821
  closest atom surface    8.253   H24 155 X    0
  2nd closest surface     8.253   H3  155 X    0
  found on step  841
 current point:
  at point   -2.018  -0.232  -8.821
  closest atom surface    8.253   H3  155 X    0
  2nd closest surface     8.256   H24 155 X    0
  found on step  956
  no. of rejections          338
 stored as   -44

 highest radius point found:
  at point   -2.044  -0.243  -9.021
  closest atom surface    8.400   H24 155 X    0
  2nd closest surface     8.402   C   155 X    0
  found on step  814
 current point:
  at point   -2.046  -0.241  -9.021
  closest atom surface    8.400   H24 155 X    0
  2nd closest surface     8.403   H3  155 X    0
  found on step  996
  no. of rejections          349
 stored as   -45

 highest radius point found:
  at point   -2.078  -0.233  -9.221
  closest atom surface    8.550   H3  155 X    0
  2nd closest surface     8.550   H24 155 X    0
  found on step  988
  this is also current point
  no. of rejections          358
 stored as   -46

 highest radius point found:
  at point   -2.099  -0.232  -9.421
  closest atom surface    8.694   C   155 X    0
  2nd closest surface     8.694   C31 155 X    0
  found on step  941
  this is also current point
  no. of rejections          337
 stored as   -47

 highest radius point found:
  at point   -2.116  -0.224  -9.621
  closest atom surface    8.837   C   155 X    0
  2nd closest surface     8.838   H3  155 X    0
  found on step  435
 current point:
  at point   -2.131  -0.212  -9.621
  closest atom surface    8.833   C31 155 X    0
  2nd closest surface     8.840   H3  155 X    0
  found on step  972
  no. of rejections          356
 stored as   -48

 highest radius point found:
  at point   -2.140  -0.216  -9.821
  closest atom surface    8.986   H3  155 X    0
  2nd closest surface     8.986   C31 155 X    0
  found on step  960
  this is also current point
  no. of rejections          305
 stored as   -49

 highest radius point found:
  at point   -2.165  -0.200 -10.021
  closest atom surface    9.133   H3  155 X    0
  2nd closest surface     9.133   C31 155 X    0
  found on step  959
  this is also current point
  no. of rejections          345
 stored as   -50

 highest radius point found:
  at point   -2.180  -0.201 -10.221
  closest atom surface    9.284   H3  155 X    0
  2nd closest surface     9.285   C   155 X    0
  found on step  955
  this is also current point
  no. of rejections          313
 stored as   -51

 highest radius point found:
  at point   -2.205  -0.189 -10.421
  closest atom surface    9.435   H3  155 X    0
  2nd closest surface     9.435   C31 155 X    0
  found on step  977
  this is also current point
  no. of rejections          304
 stored as   -52

 highest radius point found:
  at point   -2.222  -0.188 -10.621
  closest atom surface    9.590   C   155 X    0
  2nd closest surface     9.590   H3  155 X    0
  found on step  952
  this is also current point
  no. of rejections          354
 stored as   -53

 highest radius point found:
  at point   -2.245  -0.182 -10.821
  closest atom surface    9.743   C31 155 X    0
  2nd closest surface     9.746   C   155 X    0
  found on step  934
  this is also current point
  no. of rejections          325
 stored as   -54

 highest radius point found:
  at point   -2.261  -0.171 -11.021
  closest atom surface    9.900   H3  155 X    0
  2nd closest surface     9.900   C   155 X    0
  found on step  904
  this is also current point
  no. of rejections          300
 stored as   -55

 highest radius point found:
  at point   -2.290  -0.152 -11.221
  closest atom surface   10.057   H3  155 X    0
  2nd closest surface    10.057   C31 155 X    0
  found on step  935
  this is also current point
  no. of rejections          290
 stored as   -56

 highest radius point found:
  at point   -2.304  -0.155 -11.421
  closest atom surface   10.218   H3  155 X    0
  2nd closest surface    10.218   C31 155 X    0
  found on step  926
  this is also current point
  no. of rejections          318
 stored as   -57

 highest radius point found:
  at point   -2.329  -0.137 -11.621
  closest atom surface   10.376   H3  155 X    0
  2nd closest surface    10.377   C31 155 X    0
  found on step  877
 current point:
  at point   -2.334  -0.133 -11.621
  closest atom surface   10.375   C31 155 X    0
  2nd closest surface    10.376   H3  155 X    0
  found on step  878
  no. of rejections          330
 stored as   -58

 highest radius point found:
  at point   -2.346  -0.135 -11.821
  closest atom surface   10.539   H3  155 X    0
  2nd closest surface    10.540   C31 155 X    0
  found on step  977
  this is also current point
  no. of rejections          282
 stored as   -59

 highest radius point found:
  at point   -2.368  -0.144 -12.021
  closest atom surface   10.700   C   155 X    0
  2nd closest surface    10.700   C31 155 X    0
  found on step   10
 current point:
  at point   -2.380  -0.104 -12.021
  closest atom surface   10.698   C31 155 X    0
  2nd closest surface    10.698   H3  155 X    0
  found on step  939
  no. of rejections          275
 stored as   -60

 highest radius point found:
  at point   -2.387  -0.128 -12.221
  closest atom surface   10.865   C   155 X    0
  2nd closest surface    10.866   C31 155 X    0
  found on step  193
 current point:
  at point   -2.387  -0.116 -12.221
  closest atom surface   10.864   H3  155 X    0
  2nd closest surface    10.866   C31 155 X    0
  found on step  978
  no. of rejections          292
 stored as   -61

 highest radius point found:
  at point   -2.402  -0.113 -12.421
  closest atom surface   11.029   C   155 X    0
  2nd closest surface    11.029   H3  155 X    0
  found on step  433
 current point:
  at point   -2.417  -0.099 -12.421
  closest atom surface   11.027   C31 155 X    0
  2nd closest surface    11.031   H3  155 X    0
  found on step  907
  no. of rejections          304
 stored as   -62

 highest radius point found:
  at point   -2.428  -0.112 -12.621
  closest atom surface   11.196   C31 155 X    0
  2nd closest surface    11.196   C   155 X    0
  found on step  998
  this is also current point
  no. of rejections          295
 stored as   -63

 highest radius point found:
  at point   -2.448  -0.095 -12.821
  closest atom surface   11.364   C31 155 X    0
  2nd closest surface    11.364   H3  155 X    0
  found on step  904
  this is also current point
  no. of rejections          297
 stored as   -64

 highest radius point found:
  at point   -2.471  -0.082 -13.021
  closest atom surface   11.531   C31 155 X    0
  2nd closest surface    11.532   H3  155 X    0
  found on step  936
  this is also current point
  no. of rejections          306
 stored as   -65

 highest radius point found:
  at point   -2.489  -0.083 -13.221
  closest atom surface   11.700   C31 155 X    0
  2nd closest surface    11.700   C   155 X    0
  found on step  986
  this is also current point
  no. of rejections          287
 stored as   -66

 highest radius point found:
  at point   -2.509  -0.070 -13.421
  closest atom surface   11.870   C31 155 X    0
  2nd closest surface    11.871   C   155 X    0
  found on step  905
  this is also current point
  no. of rejections          290
 stored as   -67

 highest radius point found:
  at point   -2.527  -0.059 -13.621
  closest atom surface   12.041   H3  155 X    0
  2nd closest surface    12.041   C   155 X    0
  found on step  996
  this is also current point
  no. of rejections          286
 stored as   -68

 highest radius point found:
  at point   -2.550  -0.046 -13.821
  closest atom surface   12.212   H3  155 X    0
  2nd closest surface    12.212   C31 155 X    0
  found on step  934
  this is also current point
  no. of rejections          274
 stored as   -69

 highest radius point found:
  at point   -2.569  -0.039 -14.021
  closest atom surface   12.384   C31 155 X    0
  2nd closest surface    12.385   H3  155 X    0
  found on step  849
 current point:
  at point   -2.569  -0.047 -14.021
  closest atom surface   12.384   C   155 X    0
  2nd closest surface    12.384   C31 155 X    0
  found on step  977
  no. of rejections          314
 stored as   -70

 highest radius point found:
  at point   -2.590  -0.026 -14.221
  closest atom surface   12.557   H3  155 X    0
  2nd closest surface    12.557   C31 155 X    0
  found on step  970
  this is also current point
  no. of rejections          284
 stored as   -71

 highest radius point found:
  at point   -2.609  -0.023 -14.421
  closest atom surface   12.731   C31 155 X    0
  2nd closest surface    12.731   C   155 X    0
  found on step  967
  this is also current point
  no. of rejections          277
 stored as   -72

 highest radius point found:
  at point   -2.629  -0.010 -14.621
  closest atom surface   12.905   H3  155 X    0
  2nd closest surface    12.906   C31 155 X    0
  found on step  994
  this is also current point
  no. of rejections          255
 stored as   -73

 highest radius point found:
  at point   -2.656   0.006 -14.821
  closest atom surface   13.079   C31 155 X    0
  2nd closest surface    13.081   H3  155 X    0
  found on step  951
  this is also current point
  no. of rejections          290
 stored as   -74

 highest radius point found:
  at point   -2.670   0.010 -15.021
  closest atom surface   13.256   C31 155 X    0
  2nd closest surface    13.257   H3  155 X    0
  found on step  941
  this is also current point
  no. of rejections          293
 stored as   -75

 highest radius point found:
  at point   -2.694   0.028 -15.221
  closest atom surface   13.432   H43 155 X    0
  2nd closest surface    13.432   H3  155 X    0
  found on step  989
  this is also current point
  no. of rejections          273
 stored as   -76

 highest radius point found:
  at point   -2.709   0.016 -15.421
  closest atom surface   13.606   H43 155 X    0
  2nd closest surface    13.607   C   155 X    0
  found on step  958
  this is also current point
  no. of rejections          269
 stored as   -77

 highest radius point found:
  at point   -2.724   0.038 -15.621
  closest atom surface   13.785   H43 155 X    0
  2nd closest surface    13.786   H3  155 X    0
  found on step  931
  this is also current point
  no. of rejections          281
 stored as   -78

 highest radius point found:
  at point   -2.748   0.061 -15.821
  closest atom surface   13.961   H3  155 X    0
  2nd closest surface    13.962   H43 155 X    0
  found on step  973
  this is also current point
  no. of rejections          276
 stored as   -79

 highest radius point found:
  at point   -2.760   0.056 -16.021
  closest atom surface   14.139   H43 155 X    0
  2nd closest surface    14.140   C   155 X    0
  found on step  842
 current point:
  at point   -2.779   0.094 -16.021
  closest atom surface   14.137   H43 155 X    0
  2nd closest surface    14.137   H3  155 X    0
  found on step  877
  no. of rejections          303
 stored as   -80

 highest radius point found:
  at point   -2.778   0.067 -16.221
  closest atom surface   14.318   H43 155 X    0
  2nd closest surface    14.319   C   155 X    0
  found on step  872
 current point:
  at point   -2.773   0.069 -16.221
  closest atom surface   14.317   C   155 X    0
  2nd closest surface    14.317   H3  155 X    0
  found on step  914
  no. of rejections          281
 stored as   -81

 highest radius point found:
  at point   -2.794   0.080 -16.421
  closest atom surface   14.497   H43 155 X    0
  2nd closest surface    14.498   H3  155 X    0
  found on step  936
  this is also current point
  no. of rejections          286
 stored as   -82

 highest radius point found:
  at point   -2.809   0.088 -16.621
  closest atom surface   14.676   C   155 X    0
  2nd closest surface    14.677   H3  155 X    0
  found on step  992
  this is also current point
  no. of rejections          261
 stored as   -83

 highest radius point found:
  at point   -2.831   0.106 -16.821
  closest atom surface   14.856   H3  155 X    0
  2nd closest surface    14.857   H43 155 X    0
  found on step  988
  this is also current point
  no. of rejections          259
 stored as   -84

 highest radius point found:
  at point   -2.849   0.114 -17.021
  closest atom surface   15.037   H43 155 X    0
  2nd closest surface    15.037   H3  155 X    0
  found on step  954
  this is also current point
  no. of rejections          276
 stored as   -85

 highest radius point found:
  at point   -2.872   0.114 -17.221
  closest atom surface   15.215   H43 155 X    0
  2nd closest surface    15.219   C   155 X    0
  found on step  358
 current point:
  at point   -2.990   0.334 -17.221
  closest atom surface   15.202   H43 155 X    0
  2nd closest surface    15.205   H3  155 X    0
  found on step  986
  no. of rejections          250
 stored as   -86

 highest radius point found:
  at point   -2.884   0.133 -17.421
  closest atom surface   15.399   H43 155 X    0
  2nd closest surface    15.400   H3  155 X    0
  found on step  987
  this is also current point
  no. of rejections          264
 stored as   -87

 highest radius point found:
  at point   -2.905   0.148 -17.621
  closest atom surface   15.580   C7  155 X    0
  2nd closest surface    15.581   H43 155 X    0
  found on step  984
  this is also current point
  no. of rejections          275
 stored as   -88

 highest radius point found:
  at point   -2.925   0.140 -17.821
  closest atom surface   15.760   H43 155 X    0
  2nd closest surface    15.763   C   155 X    0
  found on step  703
 current point:
  at point   -3.062   0.397 -17.821
  closest atom surface   15.747   H43 155 X    0
  2nd closest surface    15.747   C7  155 X    0
  found on step  996
  no. of rejections          281
 stored as   -89

 highest radius point found:
  at point   -2.942   0.144 -18.021
  closest atom surface   15.942   H43 155 X    0
  2nd closest surface    15.943   C   155 X    0
  found on step  978
  this is also current point
  no. of rejections          258
 stored as   -90

 highest radius point found:
  at point   -2.960   0.153 -18.221
  closest atom surface   16.125   H43 155 X    0
  2nd closest surface    16.126   C   155 X    0
  found on step  732
 current point:
  at point   -2.980   0.193 -18.221
  closest atom surface   16.123   C7  155 X    0
  2nd closest surface    16.123   H43 155 X    0
  found on step  989
  no. of rejections          245
 stored as   -91

 highest radius point found:
  at point   -2.980   0.163 -18.421
  closest atom surface   16.308   H43 155 X    0
  2nd closest surface    16.308   C7  155 X    0
  found on step  856
 current point:
  at point   -2.984   0.170 -18.421
  closest atom surface   16.307   H43 155 X    0
  2nd closest surface    16.308   C7  155 X    0
  found on step  885
  no. of rejections          280
 stored as   -92

 highest radius point found:
  at point   -2.999   0.162 -18.621
  closest atom surface   16.490   H43 155 X    0
  2nd closest surface    16.492   C   155 X    0
  found on step    3
 current point:
  at point   -3.152   0.441 -18.621
  closest atom surface   16.476   C7  155 X    0
  2nd closest surface    16.476   H43 155 X    0
  found on step  997
  no. of rejections          240
 stored as   -93

 highest radius point found:
  at point   -3.032   0.198 -18.821
  closest atom surface   16.673   H43 155 X    0
  2nd closest surface    16.673   C7  155 X    0
  found on step  920
  this is also current point
  no. of rejections          249
 stored as   -94

 highest radius point found:
  at point   -3.035   0.170 -19.021
  closest atom surface   16.857   H43 155 X    0
  2nd closest surface    16.858   C   155 X    0
  found on step  959
  this is also current point
  no. of rejections          275
 stored as   -95

 highest radius point found:
  at point   -3.054   0.179 -19.221
  closest atom surface   17.042   C7  155 X    0
  2nd closest surface    17.042   H43 155 X    0
  found on step  931
  this is also current point
  no. of rejections          262
 stored as   -96

 highest radius point found:
  at point   -3.078   0.192 -19.421
  closest atom surface   17.226   C7  155 X    0
  2nd closest surface    17.226   H43 155 X    0
  found on step  458
 current point:
  at point   -3.077   0.183 -19.421
  closest atom surface   17.225   H43 155 X    0
  2nd closest surface    17.228   C7  155 X    0
  found on step  934
  no. of rejections          250
 stored as   -97

 highest radius point found:
  at point   -3.094   0.192 -19.621
  closest atom surface   17.410   C7  155 X    0
  2nd closest surface    17.411   H43 155 X    0
  found on step  950
  this is also current point
  no. of rejections          256
 stored as   -98

 highest radius point found:
  at point   -3.111   0.186 -19.821
  closest atom surface   17.595   C   155 X    0
  2nd closest surface    17.595   H43 155 X    0
  found on step    2
 current point:
  at point   -3.370   0.645 -19.821
  closest atom surface   17.578   H43 155 X    0
  2nd closest surface    17.579   C7  155 X    0
  found on step  990
  no. of rejections          238
 stored as   -99

 highest radius point found:
  at point   -3.131   0.194 -20.021
  closest atom surface   17.781   C   155 X    0
  2nd closest surface    17.781   H43 155 X    0
  found on step  888
 current point:
  at point   -3.132   0.197 -20.021
  closest atom surface   17.781   H43 155 X    0
  2nd closest surface    17.782   C7  155 X    0
  found on step  900
  no. of rejections          269
 stored as  -100

 highest radius point found:
  at point   -3.153   0.207 -20.221
  closest atom surface   17.966   C7  155 X    0
  2nd closest surface    17.967   H43 155 X    0
  found on step  831
 current point:
  at point   -3.170   0.237 -20.221
  closest atom surface   17.965   C7  155 X    0
  2nd closest surface    17.965   H43 155 X    0
  found on step  990
  no. of rejections          234
 stored as  -101

 highest radius point found:
  at point   -3.177   0.203 -20.421
  closest atom surface   18.150   H43 155 X    0
  2nd closest surface    18.155   C   155 X    0
  found on step  415
 current point:
  at point   -3.449   0.699 -20.421
  closest atom surface   18.136   H43 155 X    0
  2nd closest surface    18.136   C7  155 X    0
  found on step  922
  no. of rejections          250
 stored as  -102

 highest radius point found:
  at point   -3.211   0.226 -20.621
  closest atom surface   18.335   H43 155 X    0
  2nd closest surface    18.343   C7  155 X    0
  found on step    8
 current point:
  at point   -3.488   0.743 -20.621
  closest atom surface   18.321   C7  155 X    0
  2nd closest surface    18.321   H44 155 X    0
  found on step  966
  no. of rejections          242
 stored as  -103

 highest radius point found:
  at point   -3.209   0.216 -20.821
  closest atom surface   18.525   H43 155 X    0
  2nd closest surface    18.526   C7  155 X    0
  found on step  917
  this is also current point
  no. of rejections          244
 stored as  -104

 highest radius point found:
  at point   -3.224   0.216 -21.021
  closest atom surface   18.710   C   155 X    0
  2nd closest surface    18.712   C7  155 X    0
  found on step  996
  this is also current point
  no. of rejections          258
 stored as  -105

 highest radius point found:
  at point   -3.250   0.229 -21.221
  closest atom surface   18.899   C7  155 X    0
  2nd closest surface    18.899   H43 155 X    0
  found on step  980
  this is also current point
  no. of rejections          242
 stored as  -106

 highest radius point found:
  at point   -3.266   0.231 -21.421
  closest atom surface   19.086   C7  155 X    0
  2nd closest surface    19.087   H43 155 X    0
  found on step  983
  this is also current point
  no. of rejections          271
 stored as  -107

 highest radius point found:
  at point   -3.288   0.258 -21.621
  closest atom surface   19.269   C7  155 X    0
  2nd closest surface    19.276   H43 155 X    0
  found on step    6
 current point:
  at point   -3.497   0.606 -21.621
  closest atom surface   19.262   C7  155 X    0
  2nd closest surface    19.262   H43 155 X    0
  found on step  980
  no. of rejections          236
 stored as  -108

 highest radius point found:
  at point   -3.327   0.269 -21.821
  closest atom surface   19.460   H43 155 X    0
  2nd closest surface    19.462   C7  155 X    0
  found on step  124
 current point:
  at point   -3.723   1.043 -21.821
  closest atom surface   19.418   H44 155 X    0
  2nd closest surface    19.434   C7  155 X    0
  found on step  996
  no. of rejections          214
 stored as  -109

 highest radius point found:
  at point   -3.325   0.242 -22.021
  closest atom surface   19.650   H43 155 X    0
  2nd closest surface    19.651   C7  155 X    0
  found on step  999
  this is also current point
  no. of rejections          231
 stored as  -110

 highest radius point found:
  at point   -3.362   0.276 -22.221
  closest atom surface   19.837   H43 155 X    0
  2nd closest surface    19.838   C7  155 X    0
  found on step  994
  this is also current point
  no. of rejections          237
 stored as  -111

 highest radius point found:
  at point   -3.367   0.261 -22.421
  closest atom surface   20.026   C7  155 X    0
  2nd closest surface    20.027   H43 155 X    0
  found on step   27
 current point:
  at point   -3.369   0.136 -22.421
  closest atom surface   20.006   C   155 X    0
  2nd closest surface    20.015   H43 155 X    0
  found on step 1000
  no. of rejections          216
 stored as  -112

 highest radius point found:
  at point   -3.392   0.273 -22.621
  closest atom surface   20.215   C7  155 X    0
  2nd closest surface    20.215   H43 155 X    0
  found on step  959
  this is also current point
  no. of rejections          234
 stored as  -113

 highest radius point found:
  at point   -3.414   0.281 -22.821
  closest atom surface   20.404   H43 155 X    0
  2nd closest surface    20.404   C7  155 X    0
  found on step  962
  this is also current point
  no. of rejections          213
 stored as  -114

 highest radius point found:
  at point   -3.429   0.288 -23.021
  closest atom surface   20.591   C7  155 X    0
  2nd closest surface    20.595   H43 155 X    0
  found on step    7
 current point:
  at point   -3.994   1.601 -23.021
  closest atom surface   20.533   C7  155 X    0
  2nd closest surface    20.534   H44 155 X    0
  found on step 1000
  no. of rejections          225
 stored as  -115

 highest radius point found:
  at point   -3.461   0.306 -23.221
  closest atom surface   20.782   C7  155 X    0
  2nd closest surface    20.783   H43 155 X    0
  found on step  288
 current point:
  at point   -3.532   0.428 -23.221
  closest atom surface   20.779   H43 155 X    0
  2nd closest surface    20.779   C7  155 X    0
  found on step  990
  no. of rejections          231
 stored as  -116

 highest radius point found:
  at point   -3.466   0.276 -23.421
  closest atom surface   20.972   H43 155 X    0
  2nd closest surface    20.974   C7  155 X    0
  found on step   19
 current point:
  at point   -3.488   0.321 -23.421
  closest atom surface   20.972   H43 155 X    0
  2nd closest surface    20.972   C7  155 X    0
  found on step  988
  no. of rejections          230
 stored as  -117

 highest radius point found:
  at point   -3.507   0.324 -23.621
  closest atom surface   21.162   H43 155 X    0
  2nd closest surface    21.162   C7  155 X    0
  found on step  451
 current point:
  at point   -3.735   0.728 -23.621
  closest atom surface   21.154   C7  155 X    0
  2nd closest surface    21.154   H43 155 X    0
  found on step 1000
  no. of rejections          220
 stored as  -118

 highest radius point found:
  at point   -3.507   0.296 -23.821
  closest atom surface   21.353   C7  155 X    0
  2nd closest surface    21.353   H43 155 X    0
  found on step  997
  this is also current point
  no. of rejections          201
 stored as  -119

 highest radius point found:
  at point   -3.534   0.297 -24.021
  closest atom surface   21.541   H43 155 X    0
  2nd closest surface    21.546   C7  155 X    0
  found on step  987
  this is also current point
  no. of rejections          241
 stored as  -120

 highest radius point found:
  at point   -3.581   0.367 -24.221
  closest atom surface   21.732   C7  155 X    0
  2nd closest surface    21.732   H43 155 X    0
  found on step  613
 current point:
  at point   -3.765   0.688 -24.221
  closest atom surface   21.726   H43 155 X    0
  2nd closest surface    21.726   C7  155 X    0
  found on step  929
  no. of rejections          232
 stored as  -121

 highest radius point found:
  at point   -3.577   0.328 -24.421
  closest atom surface   21.923   H43 155 X    0
  2nd closest surface    21.924   C7  155 X    0
  found on step  362
 current point:
  at point   -3.570   0.253 -24.421
  closest atom surface   21.918   H43 155 X    0
  2nd closest surface    21.920   C   155 X    0
  found on step  992
  no. of rejections          202
 stored as  -122

 highest radius point found:
  at point   -3.581   0.303 -24.621
  closest atom surface   22.115   H43 155 X    0
  2nd closest surface    22.115   C7  155 X    0
  found on step  997
  this is also current point
  no. of rejections          220
 This is an end! (radius above  22.0 angs)
 
 N.b. Graph information routine (HOGRAP) differs 
        markedly from previous versions!
       Information now is written from -ve end
       to +ve in one pass
 
 Explanation of the meaning of each column: 
 First column "cenxyz.cvec" is the coordinate in the
   direction of the channel vector i.e. if the channel
   vector is in z (0 0 1) then it is the z coordinate.
 The second column "radius" is the hole pore radius 
   (as defined in the Biophys J 1993) article).
 The third column "cen_line_D" is the distance 
   measured along the pore centre line - with the 
   first point found set to zero. This was the first
   thing that I used to measure the distance along a pore
   but "cenxyz.cvec" is a much better general measure. 
   However, by comparing changes in this distance to changes in '   "cenxyz.cvec" one can get a measure of how straight a 
   channel is.
 The fourth column "sum{s/(area)}" is useful in conductance
   prediction -
   basically it is the sum of the thickness of each slab
   divided by its area. HOLE uses this measure to estimate
   the macroscopic conductance of a channel.
 If any of this worries you one can see the "raw" results
   of a standard hole run by producing a sphpdb file and 
    directly looking at the results.
 cenxyz.cvec      radius  cen_line_D sum{s/(area point sourc
   -24.42098    21.92320   -24.78142     0.00007   (sampled)
   -24.32098    21.82737   -24.67953     0.00013 (mid-point)
   -24.22098    21.73159   -24.57764     0.00020   (sampled)
   -24.12098    21.63622   -24.46918     0.00027 (mid-point)
   -24.02098    21.54095   -24.36073     0.00034   (sampled)
   -23.92098    21.44684   -24.25980     0.00041 (mid-point)
   -23.82098    21.35259   -24.15888     0.00048   (sampled)
   -23.72098    21.25715   -24.05794     0.00055 (mid-point)
   -23.62098    21.16155   -23.95700     0.00062   (sampled)
   -23.52098    21.06692   -23.85218     0.00069 (mid-point)
   -23.42098    20.97238   -23.74736     0.00076   (sampled)
   -23.32098    20.87744   -23.64624     0.00083 (mid-point)
   -23.22098    20.78224   -23.54511     0.00091   (sampled)
   -23.12098    20.68680   -23.44342     0.00098 (mid-point)
   -23.02098    20.59143   -23.34173     0.00106   (sampled)
   -22.92098    20.49786   -23.24139     0.00113 (mid-point)
   -22.82098    20.40423   -23.14105     0.00121   (sampled)
   -22.72098    20.30978   -23.04037     0.00129 (mid-point)
   -22.62098    20.21527   -22.93969     0.00137   (sampled)
   -22.52098    20.12071   -22.83871     0.00144 (mid-point)
   -22.42098    20.02621   -22.73772     0.00152   (sampled)
   -22.32098    19.93199   -22.63739     0.00160 (mid-point)
   -22.22098    19.83730   -22.53706     0.00168   (sampled)
   -22.12098    19.74375   -22.43393     0.00177 (mid-point)
   -22.02098    19.65029   -22.33080     0.00185   (sampled)
   -21.92098    19.55506   -22.22987     0.00193 (mid-point)
   -21.82098    19.45987   -22.12895     0.00202   (sampled)
   -21.72098    19.36586   -22.02690     0.00210 (mid-point)
   -21.62098    19.26935   -21.92484     0.00219   (sampled)
   -21.52098    19.17765   -21.82334     0.00227 (mid-point)
   -21.42098    19.08605   -21.72183     0.00236   (sampled)
   -21.32098    18.99261   -21.62151     0.00245 (mid-point)
   -21.22098    18.89922   -21.52119     0.00254   (sampled)
   -21.12098    18.80563   -21.42013     0.00263 (mid-point)
   -21.02098    18.71045   -21.31908     0.00272   (sampled)
   -20.92098    18.61851   -21.21881     0.00281 (mid-point)
   -20.82098    18.52547   -21.11854     0.00290   (sampled)
   -20.72098    18.43002   -21.01841     0.00300 (mid-point)
   -20.62098    18.33460   -20.91827     0.00309   (sampled)
   -20.52098    18.24249   -20.81612     0.00319 (mid-point)
   -20.42098    18.15047   -20.71397     0.00328   (sampled)
   -20.32098    18.05860   -20.61321     0.00338 (mid-point)
   -20.22098    17.96644   -20.51245     0.00348   (sampled)
   -20.12098    17.87387   -20.41167     0.00358 (mid-point)
   -20.02098    17.78101   -20.31089     0.00368   (sampled)
   -19.92098    17.68782   -20.21033     0.00378 (mid-point)
   -19.82098    17.59470   -20.10977     0.00388   (sampled)
   -19.72098    17.50318   -20.00934     0.00399 (mid-point)
   -19.62098    17.41036   -19.90892     0.00409   (sampled)
   -19.52098    17.31793   -19.80861     0.00420 (mid-point)
   -19.42098    17.22557   -19.70830     0.00431   (sampled)
   -19.32098    17.13368   -19.60738     0.00442 (mid-point)
   -19.22098    17.04188   -19.50645     0.00453   (sampled)
   -19.12098    16.94968   -19.40591     0.00464 (mid-point)
   -19.02098    16.85748   -19.30537     0.00475   (sampled)
   -18.92098    16.76500   -19.20444     0.00486 (mid-point)
   -18.82098    16.67262   -19.10351     0.00498   (sampled)
   -18.72098    16.58127   -19.00060     0.00509 (mid-point)
   -18.62098    16.49005   -18.89770     0.00521   (sampled)
   -18.52098    16.39889   -18.79725     0.00533 (mid-point)
   -18.42098    16.30784   -18.69680     0.00545   (sampled)
   -18.32098    16.21646   -18.59615     0.00557 (mid-point)
   -18.22098    16.12519   -18.49550     0.00569   (sampled)
   -18.12098    16.03370   -18.39497     0.00581 (mid-point)
   -18.02098    15.94231   -18.29445     0.00594   (sampled)
   -17.92098    15.85104   -18.19409     0.00607 (mid-point)
   -17.82098    15.75987   -18.09372     0.00619   (sampled)
   -17.72098    15.67016   -17.99313     0.00632 (mid-point)
   -17.62098    15.58043   -17.89254     0.00645   (sampled)
   -17.52098    15.48993   -17.79169     0.00659 (mid-point)
   -17.42098    15.39942   -17.69084     0.00672   (sampled)
   -17.32098    15.30718   -17.59024     0.00686 (mid-point)
   -17.22098    15.21505   -17.48963     0.00699   (sampled)
   -17.12098    15.12604   -17.38897     0.00713 (mid-point)
   -17.02098    15.03717   -17.28831     0.00727   (sampled)
   -16.92098    14.94668   -17.18786     0.00742 (mid-point)
   -16.82098    14.85631   -17.08741     0.00756   (sampled)
   -16.72098    14.76647   -16.98644     0.00771 (mid-point)
   -16.62098    14.67557   -16.88546     0.00786   (sampled)
   -16.52098    14.58670   -16.78509     0.00800 (mid-point)
   -16.42098    14.49741   -16.68472     0.00816   (sampled)
   -16.32098    14.40756   -16.58414     0.00831 (mid-point)
   -16.22098    14.31784   -16.48357     0.00846   (sampled)
   -16.12098    14.22857   -16.38304     0.00862 (mid-point)
   -16.02098    14.13943   -16.28251     0.00878   (sampled)
   -15.92098    14.05042   -16.18228     0.00894 (mid-point)
   -15.82098    13.96117   -16.08206     0.00911   (sampled)
   -15.72098    13.87325   -15.98069     0.00927 (mid-point)
   -15.62098    13.78511   -15.87933     0.00944   (sampled)
   -15.52098    13.69544   -15.77845     0.00961 (mid-point)
   -15.42098    13.60591   -15.67756     0.00978   (sampled)
   -15.32098    13.51872   -15.57710     0.00995 (mid-point)
   -15.22098    13.43170   -15.47663     0.01013   (sampled)
   -15.12098    13.34404   -15.37551     0.01031 (mid-point)
   -15.02098    13.25633   -15.27439     0.01049   (sampled)
   -14.92098    13.16751   -15.17410     0.01067 (mid-point)
   -14.82098    13.07882   -15.07381     0.01086   (sampled)
   -14.72098    12.99222   -14.97264     0.01105 (mid-point)
   -14.62098    12.90539   -14.87147     0.01124   (sampled)
   -14.52098    12.81844   -14.77071     0.01143 (mid-point)
   -14.42098    12.73125   -14.66994     0.01163   (sampled)
   -14.32098    12.64420   -14.56953     0.01183 (mid-point)
   -14.22098    12.55685   -14.46911     0.01203   (sampled)
   -14.12098    12.47068   -14.36836     0.01224 (mid-point)
   -14.02098    12.38440   -14.26760     0.01244   (sampled)
   -13.92098    12.29822   -14.16704     0.01265 (mid-point)
   -13.82098    12.21196   -14.06648     0.01287   (sampled)
   -13.72098    12.12637   -13.96565     0.01308 (mid-point)
   -13.62098    12.04099   -13.86483     0.01330   (sampled)
   -13.52098    11.95559   -13.76424     0.01353 (mid-point)
   -13.42098    11.86999   -13.66365     0.01375   (sampled)
   -13.32098    11.78482   -13.56295     0.01398 (mid-point)
   -13.22098    11.69986   -13.46226     0.01421   (sampled)
   -13.12098    11.61514   -13.36188     0.01445 (mid-point)
   -13.02098    11.53063   -13.26150     0.01469   (sampled)
   -12.92098    11.44705   -13.16063     0.01493 (mid-point)
   -12.82098    11.36370   -13.05976     0.01518   (sampled)
   -12.72098    11.27960   -12.95887     0.01543 (mid-point)
   -12.62098    11.19574   -12.85799     0.01568   (sampled)
   -12.52098    11.11241   -12.75712     0.01594 (mid-point)
   -12.42098    11.02911   -12.65626     0.01620   (sampled)
   -12.32098    10.94694   -12.55570     0.01647 (mid-point)
   -12.22098    10.86503   -12.45514     0.01674   (sampled)
   -12.12098    10.78217   -12.35437     0.01701 (mid-point)
   -12.02098    10.69957   -12.25361     0.01729   (sampled)
   -11.92098    10.61981   -12.15296     0.01757 (mid-point)
   -11.82098    10.53890   -12.05231     0.01786   (sampled)
   -11.72098    10.45738   -11.95193     0.01815 (mid-point)
   -11.62098    10.37617   -11.85155     0.01844   (sampled)
   -11.52098    10.29676   -11.75040     0.01875 (mid-point)
   -11.42098    10.21771   -11.64924     0.01905   (sampled)
   -11.32098    10.13694   -11.54897     0.01936 (mid-point)
   -11.22098    10.05650   -11.44869     0.01967   (sampled)
   -11.12098     9.97807   -11.34716     0.01999 (mid-point)
   -11.02098     9.90002   -11.24564     0.02032   (sampled)
   -10.92098     9.82280   -11.14519     0.02065 (mid-point)
   -10.82098     9.74329   -11.04473     0.02098   (sampled)
   -10.72098     9.66657   -10.94401     0.02132 (mid-point)
   -10.62098     9.58989   -10.84329     0.02167   (sampled)
   -10.52098     9.51249   -10.74293     0.02202 (mid-point)
   -10.42098     9.43526   -10.64256     0.02238   (sampled)
   -10.32098     9.35934   -10.54161     0.02274 (mid-point)
   -10.22098     9.28385   -10.44066     0.02311   (sampled)
   -10.12098     9.20799   -10.34038     0.02349 (mid-point)
   -10.02098     9.13256   -10.24010     0.02387   (sampled)
    -9.92098     9.05882   -10.13899     0.02426 (mid-point)
    -9.82098     8.98555   -10.03789     0.02465   (sampled)
    -9.72098     8.91135    -9.93709     0.02505 (mid-point)
    -9.62098     8.83717    -9.83629     0.02546   (sampled)
    -9.52098     8.76526    -9.73583     0.02587 (mid-point)
    -9.42098     8.69381    -9.63537     0.02630   (sampled)
    -9.32098     8.62235    -9.53482     0.02672 (mid-point)
    -9.22098     8.54961    -9.43427     0.02716   (sampled)
    -9.12098     8.47476    -9.33275     0.02760 (mid-point)
    -9.02098     8.40039    -9.23124     0.02805   (sampled)
    -8.92098     8.32650    -9.13031     0.02851 (mid-point)
    -8.82098     8.25313    -9.02938     0.02898   (sampled)
    -8.72098     8.18123    -8.92415     0.02946 (mid-point)
    -8.62098     8.10991    -8.81891     0.02994   (sampled)
    -8.52098     8.04003    -8.71798     0.03043 (mid-point)
    -8.42098     7.96877    -8.61704     0.03093   (sampled)
    -8.32098     7.89924    -8.51559     0.03144 (mid-point)
    -8.22098     7.83032    -8.41413     0.03196   (sampled)
    -8.12098     7.76100    -8.31336     0.03249 (mid-point)
    -8.02098     7.69229    -8.21259     0.03303   (sampled)
    -7.92098     7.62387    -8.11032     0.03358 (mid-point)
    -7.82098     7.55613    -8.00806     0.03413   (sampled)
    -7.72098     7.49146    -7.90665     0.03470 (mid-point)
    -7.62098     7.42622    -7.80523     0.03528   (sampled)
    -7.52098     7.36179    -7.70442     0.03587 (mid-point)
    -7.42098     7.29789    -7.60360     0.03646   (sampled)
    -7.32098     7.23438    -7.50237     0.03707 (mid-point)
    -7.22098     7.17163    -7.40114     0.03769   (sampled)
    -7.12098     7.11040    -7.29959     0.03832 (mid-point)
    -7.02098     7.04985    -7.19804     0.03896   (sampled)
    -6.92098     6.98864    -7.09667     0.03961 (mid-point)
    -6.82098     6.92783    -6.99529     0.04028   (sampled)
    -6.72098     6.86625    -6.89414     0.04095 (mid-point)
    -6.62098     6.80454    -6.79298     0.04164   (sampled)
    -6.52098     6.74492    -6.69115     0.04234 (mid-point)
    -6.42098     6.68492    -6.58931     0.04305   (sampled)
    -6.32098     6.62708    -6.48805     0.04378 (mid-point)
    -6.22098     6.57015    -6.38678     0.04451   (sampled)
    -6.12098     6.51330    -6.28521     0.04526 (mid-point)
    -6.02098     6.45667    -6.18364     0.04603   (sampled)
    -5.92098     6.39336    -6.07429     0.04681 (mid-point)
    -5.82098     6.33073    -5.96495     0.04760   (sampled)
    -5.72098     6.26804    -5.85801     0.04841 (mid-point)
    -5.62098     6.20638    -5.75106     0.04924   (sampled)
    -5.52098     6.14677    -5.64325     0.05008 (mid-point)
    -5.42098     6.08830    -5.53544     0.05094   (sampled)
    -5.32098     6.03021    -5.43221     0.05181 (mid-point)
    -5.22098     5.97316    -5.32897     0.05270   (sampled)
    -5.12098     5.91296    -5.22811     0.05362 (mid-point)
    -5.02098     5.85371    -5.12725     0.05454   (sampled)
    -4.92098     5.79432    -5.02414     0.05549 (mid-point)
    -4.82098     5.73585    -4.92102     0.05646   (sampled)
    -4.72098     5.67800    -4.81562     0.05745 (mid-point)
    -4.62098     5.62133    -4.71021     0.05845   (sampled)
    -4.52098     5.56647    -4.60614     0.05948 (mid-point)
    -4.42098     5.51205    -4.50207     0.06053   (sampled)
    -4.32098     5.45862    -4.40039     0.06160 (mid-point)
    -4.22098     5.40540    -4.29871     0.06269   (sampled)
    -4.12098     5.35082    -4.19834     0.06380 (mid-point)
    -4.02098     5.29613    -4.09796     0.06493   (sampled)
    -3.92098     5.24326    -3.99770     0.06609 (mid-point)
    -3.82098     5.19141    -3.89743     0.06727   (sampled)
    -3.72098     5.14073    -3.79716     0.06848 (mid-point)
    -3.62098     5.09079    -3.69689     0.06971   (sampled)
    -3.52098     5.04223    -3.59663     0.07096 (mid-point)
    -3.42098     4.99497    -3.49638     0.07223   (sampled)
    -3.32098     4.94884    -3.39597     0.07353 (mid-point)
    -3.22098     4.90407    -3.29556     0.07486   (sampled)
    -3.12098     4.86106    -3.19524     0.07620 (mid-point)
    -3.02098     4.81871    -3.09491     0.07757   (sampled)
    -2.92098     4.77525    -2.99303     0.07897 (mid-point)
    -2.82098     4.73326    -2.89115     0.08039   (sampled)
    -2.72098     4.69176    -2.78906     0.08184 (mid-point)
    -2.62098     4.65179    -2.68696     0.08331   (sampled)
    -2.52098     4.61561    -2.58506     0.08480 (mid-point)
    -2.42098     4.57957    -2.48316     0.08632   (sampled)
    -2.32098     4.54563    -2.38081     0.08786 (mid-point)
    -2.22098     4.51189    -2.27846     0.08942   (sampled)
    -2.12098     4.48104    -2.17599     0.09101 (mid-point)
    -2.02098     4.45194    -2.07352     0.09262   (sampled)
    -1.92098     4.42451    -1.97214     0.09424 (mid-point)
    -1.82098     4.39873    -1.87075     0.09589   (sampled)
    -1.72098     4.37460    -1.76816     0.09755 (mid-point)
    -1.62098     4.35234    -1.66557     0.09923   (sampled)
    -1.52098     4.33160    -1.56275     0.10093 (mid-point)
    -1.42098     4.31277    -1.45992     0.10264   (sampled)
    -1.32098     4.29704    -1.35740     0.10436 (mid-point)
    -1.22098     4.28197    -1.25487     0.10610   (sampled)
    -1.12098     4.26912    -1.15271     0.10784 (mid-point)
    -1.02098     4.25692    -1.05054     0.10960   (sampled)
    -0.92098     4.24844    -0.94619     0.11136 (mid-point)
    -0.82098     4.24177    -0.84183     0.11313   (sampled)
    -0.72098     4.23457    -0.74092     0.11491 (mid-point)
    -0.62098     4.22906    -0.64001     0.11669   (sampled)
    -0.52098     4.21984    -0.53974     0.11848 (mid-point)
    -0.42098     4.21237    -0.43948     0.12027   (sampled)
    -0.32098     4.20327    -0.33906     0.12207 (mid-point)
    -0.22098     4.19583    -0.23865     0.12388   (sampled)
    -0.12098     4.18924    -0.11932     0.12569 (mid-point)
    -0.02098     4.18516     0.00000     0.12751   (sampled)
     0.07902     4.17815     0.11124     0.12933 (mid-point)
     0.17902     4.17353     0.22248     0.13116   (sampled)
     0.27902     4.17066     0.33564     0.13299 (mid-point)
     0.37902     4.17026     0.44880     0.13482   (sampled)
     0.47902     4.17292     0.56079     0.13665 (mid-point)
     0.57902     4.17767     0.67277     0.13847   (sampled)
     0.67902     4.18523     0.78858     0.14029 (mid-point)
     0.77902     4.19501     0.90438     0.14210   (sampled)
     0.87902     4.20696     1.01354     0.14390 (mid-point)
     0.97902     4.22028     1.12270     0.14569   (sampled)
     1.07902     4.23720     1.23568     0.14746 (mid-point)
     1.17902     4.25649     1.34867     0.14922   (sampled)
     1.27902     4.26600     1.45087     0.15096 (mid-point)
     1.37902     4.27747     1.55308     0.15270   (sampled)
     1.47902     4.28780     1.65322     0.15444 (mid-point)
     1.57902     4.30000     1.75337     0.15616   (sampled)
     1.67902     4.31635     1.85748     0.15787 (mid-point)
     1.77902     4.33339     1.96160     0.15956   (sampled)
     1.87902     4.35228     2.06179     0.16124 (mid-point)
     1.97902     4.37122     2.16197     0.16291   (sampled)
     2.07902     4.39436     2.26285     0.16455 (mid-point)
     2.17902     4.41863     2.36374     0.16619   (sampled)
     2.27902     4.44376     2.46409     0.16780 (mid-point)
     2.37902     4.46998     2.56444     0.16939   (sampled)
     2.47902     4.49917     2.66478     0.17096 (mid-point)
     2.57902     4.53003     2.76513     0.17251   (sampled)
     2.67902     4.56214     2.86548     0.17404 (mid-point)
     2.77902     4.59588     2.96583     0.17555   (sampled)
     2.87902     4.63164     3.06602     0.17703 (mid-point)
     2.97902     4.66755     3.16620     0.17850   (sampled)
     3.07902     4.70554     3.26712     0.17993 (mid-point)
     3.17902     4.74505     3.36803     0.18135   (sampled)
     3.27902     4.77980     3.49309     0.18274 (mid-point)
     3.37902     4.81703     3.61816     0.18411   (sampled)
     3.47902     4.85830     3.73044     0.18546 (mid-point)
     3.57902     4.90111     3.84272     0.18679   (sampled)
     3.67902     4.94076     4.14262     0.18809 (mid-point)
     3.77902     4.99487     4.44252     0.18937   (sampled)
     3.87902     5.04419     4.54274     0.19062 (mid-point)
     3.97902     5.09330     4.64296     0.19184   (sampled)
     4.07902     5.14371     4.74709     0.19305 (mid-point)
     4.17902     5.19505     4.85122     0.19423   (sampled)
     4.27902     5.24478     4.96101     0.19538 (mid-point)
     4.37902     5.29498     5.07080     0.19652   (sampled)
     4.47902     5.34957     5.17126     0.19763 (mid-point)
     4.57902     5.40451     5.27172     0.19872   (sampled)
     4.67902     5.45568     5.38815     0.19979 (mid-point)
     4.77902     5.50660     5.50458     0.20084   (sampled)
     4.87902     5.56055     5.61803     0.20187 (mid-point)
     4.97902     5.61600     5.73148     0.20288   (sampled)
     5.07902     5.67202     5.84843     0.20387 (mid-point)
     5.17902     5.72962     5.96538     0.20484   (sampled)
     5.27902     5.78843     6.08173     0.20579 (mid-point)
     5.37902     5.84871     6.19808     0.20672   (sampled)
     5.47902     5.91042     6.32149     0.20763 (mid-point)
     5.57902     5.97323     6.44490     0.20852   (sampled)
     5.67902     6.03804     6.55591     0.20939 (mid-point)
     5.77902     6.10387     6.66692     0.21025   (sampled)
     5.87902     6.17002     6.77227     0.21108 (mid-point)
     5.97902     6.23675     6.87761     0.21190   (sampled)
     6.07902     6.29751     6.98185     0.21271 (mid-point)
     6.17902     6.35893     7.08609     0.21349   (sampled)
     6.27902     6.42128     7.18969     0.21426 (mid-point)
     6.37902     6.48444     7.29329     0.21502   (sampled)
     6.47902     6.54920     7.39730     0.21576 (mid-point)
     6.57902     6.61456     7.50132     0.21649   (sampled)
     6.67902     6.67385     7.60253     0.21721 (mid-point)
     6.77902     6.73376     7.70375     0.21791   (sampled)
     6.87902     6.79331     7.80496     0.21860 (mid-point)
     6.97902     6.85371     7.90618     0.21928   (sampled)
     7.07902     6.91481     8.00725     0.21994 (mid-point)
     7.17902     6.97597     8.10833     0.22060   (sampled)
     7.27902     7.04013     8.20982     0.22124 (mid-point)
     7.37902     7.10240     8.31131     0.22187   (sampled)
     7.47902     7.16756     8.41245     0.22249 (mid-point)
     7.57902     7.23305     8.51359     0.22310   (sampled)
     7.67902     7.29870     8.61495     0.22369 (mid-point)
     7.77902     7.36490     8.71631     0.22428   (sampled)
     7.87902     7.43205     8.81730     0.22486 (mid-point)
     7.97902     7.49964     8.91829     0.22542   (sampled)
     8.07902     7.56802     9.01976     0.22598 (mid-point)
     8.17902     7.63705     9.12123     0.22652   (sampled)
     8.27902     7.70609     9.22207     0.22706 (mid-point)
     8.37902     7.77574     9.32290     0.22759   (sampled)
     8.47902     7.84661     9.42456     0.22810 (mid-point)
     8.57902     7.91808     9.52622     0.22861   (sampled)
     8.67902     7.99026     9.62779     0.22911 (mid-point)
     8.77902     8.06300     9.72937     0.22960   (sampled)
     8.87902     8.13623     9.83071     0.23008 (mid-point)
     8.97902     8.20952     9.93206     0.23055   (sampled)
     9.07902     8.28289    10.03359     0.23102 (mid-point)
     9.17902     8.35661    10.13512     0.23147   (sampled)
     9.27902     8.43332    10.23598     0.23192 (mid-point)
     9.37902     8.50905    10.33684     0.23236   (sampled)
     9.47902     8.58488    10.43812     0.23279 (mid-point)
     9.57902     8.66117    10.53939     0.23322   (sampled)
     9.67902     8.73767    10.64120     0.23363 (mid-point)
     9.77902     8.81434    10.74301     0.23404   (sampled)
     9.87902     8.89270    10.84406     0.23445 (mid-point)
     9.97902     8.97119    10.94512     0.23484   (sampled)
    10.07902     9.04947    11.04671     0.23523 (mid-point)
    10.17902     9.12815    11.14831     0.23561   (sampled)
    10.27902     9.20707    11.24956     0.23599 (mid-point)
    10.37902     9.28638    11.35081     0.23636   (sampled)
    10.47902     9.36722    11.45210     0.23672 (mid-point)
    10.57902     9.44841    11.55340     0.23708   (sampled)
    10.67902     9.52928    11.65474     0.23743 (mid-point)
    10.77902     9.61035    11.75608     0.23777   (sampled)
    10.87902     9.69080    11.85783     0.23811 (mid-point)
    10.97902     9.77154    11.95959     0.23844   (sampled)
    11.07902     9.85414    12.06083     0.23877 (mid-point)
    11.17902     9.93706    12.16207     0.23909   (sampled)
    11.27902    10.02018    12.26317     0.23941 (mid-point)
    11.37902    10.10345    12.36427     0.23972   (sampled)
    11.47902    10.18657    12.46549     0.24003 (mid-point)
    11.57902    10.26997    12.56671     0.24033   (sampled)
    11.67902    10.35427    12.66840     0.24063 (mid-point)
    11.77902    10.43870    12.77009     0.24092   (sampled)
    11.87902    10.52300    12.87152     0.24121 (mid-point)
    11.97902    10.60720    12.97294     0.24149   (sampled)
    12.07902    10.69256    13.07431     0.24177 (mid-point)
    12.17902    10.77780    13.17568     0.24204   (sampled)
    12.27902    10.86287    13.27724     0.24231 (mid-point)
    12.37902    10.94820    13.37880     0.24258   (sampled)
    12.47902    11.03492    13.47989     0.24284 (mid-point)
    12.57902    11.12054    13.58097     0.24310   (sampled)
    12.67902    11.20579    13.68180     0.24335 (mid-point)
    12.77902    11.29121    13.78262     0.24360   (sampled)
    12.87902    11.37706    13.88335     0.24385 (mid-point)
    12.97902    11.46308    13.98409     0.24409   (sampled)
    13.07902    11.54948    14.08493     0.24433 (mid-point)
    13.17902    11.63528    14.18576     0.24456   (sampled)
    13.27902    11.72238    14.28632     0.24479 (mid-point)
    13.37902    11.80946    14.38687     0.24502   (sampled)
    13.47902    11.89659    14.48767     0.24525 (mid-point)
    13.57902    11.98371    14.58846     0.24547   (sampled)
    13.67902    12.07142    14.68927     0.24569 (mid-point)
    13.77902    12.15882    14.79007     0.24590   (sampled)
    13.87902    12.24554    14.89065     0.24611 (mid-point)
    13.97902    12.33135    14.99123     0.24632   (sampled)
    14.07902    12.41726    15.09158     0.24653 (mid-point)
    14.17902    12.50248    15.19194     0.24673   (sampled)
    14.27902    12.58818    15.29226     0.24693 (mid-point)
    14.37902    12.67407    15.39258     0.24713   (sampled)
    14.47902    12.76045    15.49283     0.24733 (mid-point)
    14.57902    12.84701    15.59307     0.24752   (sampled)
    14.67902    12.93366    15.69331     0.24771 (mid-point)
    14.77902    13.02048    15.79356     0.24790   (sampled)
    14.87902    13.10790    15.89388     0.24808 (mid-point)
    14.97902    13.19534    15.99420     0.24827   (sampled)
    15.07902    13.28218    16.09458     0.24845 (mid-point)
    15.17902    13.36919    16.19497     0.24863   (sampled)
    15.27902    13.45720    16.29520     0.24880 (mid-point)
    15.37902    13.54537    16.39543     0.24897   (sampled)
    15.47902    13.63319    16.49575     0.24915 (mid-point)
    15.57902    13.72117    16.59606     0.24932   (sampled)
    15.67902    13.80932    16.69638     0.24948 (mid-point)
    15.77902    13.89763    16.79670     0.24965   (sampled)
    15.87902    13.98643    16.89695     0.24981 (mid-point)
    15.97902    14.07494    16.99720     0.24997   (sampled)
    16.07902    14.16347    17.09764     0.25013 (mid-point)
    16.17902    14.25177    17.19809     0.25029   (sampled)
    16.27902    14.34059    17.29872     0.25044 (mid-point)
    16.37902    14.42912    17.39934     0.25059   (sampled)
    16.47902    14.51896    17.49956     0.25074 (mid-point)
    16.57902    14.60766    17.59978     0.25089   (sampled)
    16.67902    14.69785    17.70038     0.25104 (mid-point)
    16.77902    14.78722    17.80099     0.25119   (sampled)
    16.87902    14.87618    17.90153     0.25133 (mid-point)
    16.97902    14.96527    18.00207     0.25147   (sampled)
    17.07902    15.05545    18.10278     0.25161 (mid-point)
    17.17902    15.14575    18.20349     0.25175   (sampled)
    17.27902    15.23563    18.30394     0.25189 (mid-point)
    17.37902    15.32563    18.40439     0.25202   (sampled)
    17.47902    15.41540    18.50517     0.25216 (mid-point)
    17.57902    15.50530    18.60595     0.25229   (sampled)
    17.67902    15.59393    18.70695     0.25242 (mid-point)
    17.77902    15.68271    18.80796     0.25255   (sampled)
    17.87902    15.77569    18.90799     0.25268 (mid-point)
    17.97902    15.86875    19.00802     0.25281   (sampled)
    18.07902    15.95967    19.10848     0.25293 (mid-point)
    18.17902    16.05071    19.20893     0.25305   (sampled)
    18.27902    16.14197    19.30937     0.25318 (mid-point)
    18.37902    16.23272    19.40981     0.25330   (sampled)
    18.47902    16.32442    19.51024     0.25342 (mid-point)
    18.57902    16.41585    19.61068     0.25353   (sampled)
    18.67902    16.50733    19.71118     0.25365 (mid-point)
    18.77902    16.59876    19.81168     0.25377   (sampled)
    18.87902    16.69046    19.91203     0.25388 (mid-point)
    18.97902    16.78225    20.01239     0.25399   (sampled)
    19.07902    16.87410    20.11296     0.25411 (mid-point)
    19.17902    16.96604    20.21353     0.25422   (sampled)
    19.27902    17.05762    20.31429     0.25433 (mid-point)
    19.37902    17.14920    20.41505     0.25443   (sampled)
    19.47902    17.24197    20.51532     0.25454 (mid-point)
    19.57902    17.33483    20.61559     0.25465   (sampled)
    19.67902    17.42675    20.71657     0.25475 (mid-point)
    19.77902    17.51877    20.81755     0.25486   (sampled)
    19.87902    17.61173    20.91788     0.25496 (mid-point)
    19.97902    17.70477    21.01821     0.25506   (sampled)
    20.07902    17.79703    21.11895     0.25516 (mid-point)
    20.17902    17.88938    21.21970     0.25526   (sampled)
    20.27902    17.98113    21.32262     0.25536 (mid-point)
    20.37902    18.07237    21.42554     0.25546   (sampled)
    20.47902    18.16735    21.52724     0.25555 (mid-point)
    20.57902    18.26177    21.62893     0.25565   (sampled)
    20.67902    18.35517    21.72927     0.25574 (mid-point)
    20.77902    18.44793    21.82960     0.25584   (sampled)
    20.87902    18.54153    21.93045     0.25593 (mid-point)
    20.97902    18.63465    22.03129     0.25602   (sampled)
    21.07902    18.72835    22.13173     0.25611 (mid-point)
    21.17902    18.82177    22.23216     0.25620   (sampled)
    21.27902    18.91556    22.33265     0.25629 (mid-point)
    21.37902    19.00909    22.43314     0.25638   (sampled)
    21.47902    19.10204    22.53398     0.25646 (mid-point)
    21.57902    19.19474    22.63482     0.25655   (sampled)
    21.67902    19.28966    22.73504     0.25664 (mid-point)
    21.77902    19.38452    22.83525     0.25672   (sampled)
    21.87902    19.47851    22.93601     0.25681 (mid-point)
    21.97902    19.57172    23.03678     0.25689   (sampled)
    22.07902    19.66653    23.13725     0.25697 (mid-point)
    22.17902    19.75963    23.23772     0.25705   (sampled)
    22.27902    19.85431    23.33827     0.25713 (mid-point)
    22.37902    19.94905    23.43882     0.25721   (sampled)
    22.47902    20.04175    23.54189     0.25729 (mid-point)
    22.57902    20.13403    23.64497     0.25737   (sampled)
    22.67902    20.22956    23.74592     0.25745 (mid-point)
    22.77902    20.32513    23.84687     0.25753   (sampled)
    22.87902    20.42041    23.94736     0.25760 (mid-point)
    22.97902    20.51547    24.04786     0.25768   (sampled)
    23.07902    20.61025    24.14827     0.25775 (mid-point)
    23.17902    20.70508    24.24867     0.25783   (sampled)
    23.27902    20.79899    24.34904     0.25790 (mid-point)
    23.37902    20.89197    24.44942     0.25797   (sampled)
    23.47902    20.98879    24.55045     0.25805 (mid-point)
    23.57902    21.08399    24.65147     0.25812   (sampled)
    23.67902    21.17916    24.75196     0.25819 (mid-point)
    23.77902    21.27394    24.85245     0.25826   (sampled)
    23.87902    21.36875    24.95299     0.25833 (mid-point)
    23.97902    21.46361    25.05354     0.25840   (sampled)
    24.07902    21.55899    25.15422     0.25847 (mid-point)
    24.17902    21.65442    25.25491     0.25853   (sampled)
    24.27902    21.74954    25.35546     0.25860 (mid-point)
    24.37902    21.84470    25.45601     0.25867   (sampled)

 Minimum radius found:      4.170 angstroms.



 For spherical probe approach, The geometric factor
         F= sum(ds/area) along channel is    0.259 angstroms**-1
 This yields a macroscopic predicted molar conductance of:
   (1/rho)*(100/F)= (390/rho) pS,
   where rho is the conductivity of 1M permeant ion in ohm m.
 N.B. this is a macroscopic conductance - an overestimate 
 Empirically corrected conductances currently only available
 With the CAPSULE option (although its not that stable!)
 For 1M KCl rho= 1/12 (ohm m), So Gmacro= 4600 pS/M.
  (TAG      1   Rmin=     4.17026   Gmacro=  4639.16401 Conn_Gmacro=    -1.00000 ).
 HOLE: normal completion
