 *** Program HOLE ***
 
 If results of this run are reported or published, please
 cite the publication listed below.
 For the HOLE program:
   Smart, O.S., Goodfellow, J.M., Wallace, B.A. (1993). 
   The pore dimensions of gramicidin A. 
   Biophys. J., 65, 2455-2460.
 
 Originally written by Oliver Smart at Birkbeck College from April 1992.
 Copyright 1993-2005 Oliver Smart
 Copyright 2014-2015 SmartSci Limited.
 Copyright 2016 Oliver Smart.
 
 For help on HOLE suite see  http://www.holeprogram.org/
 
 HOLE release 2.2.005 (07 August 2016) 
 
 usage subject to Apache License, Version 2.0 
 see http://www.apache.org/licenses/LICENSE-2.0 

 Control variables read:

! Input file for Oliver Smart's HOLE program
! written by MDAnalysis.analysis.hole2.HoleAnalysis
! for a Universe
! u = mda.Universe(host_84.mol2
!    host_84.mol2
!   )
! Frame 0

COORD  /tmp/tmpqh4328wx.pdb
RADIUS simple2.rad
SPHPDB hole000.sph
SAMPLE 0.200000
ENDRAD 22.000000
IGNORE SOL WAT TIP HOH K   NA  CL
SHORTO 0
RASEED 31415
CPOINT -0.1378749795 0.0002019089 -0.0887980727


 WARNING have not found a CVECT record - will try to guess
 Input pdb filename read as:    '/tmp/tmpqh4328wx.pdb'
 Input vdW radius file read as: 'simple2.rad'
 point in channel:   -0.138   0.000  -0.089
 channel vector:   ************************
 sampling distance between planes:    0.200

 graphics conditions:
 binary plot output file name: NONE
 Dot density:    10
 Draw dots?           T
 Draw close contacts? F
 Draw centre line?    T
 Produce spikes rather than dots? F
 Seed for random number generator:     31415 (0 means value set by program)
 Radius above which a result is regarded as an 'end':  22.000
 Pdb format file for sphere centres: hole000.sph

 Monte Carlo conditions:
  no of steps:  1000
  maximum displacement   0.100 angs
  'kT' initial   0.100 angs
 The spherebox and capsule options are turned off.
 (No molqpt card so will not write qpt file of the molecule)
 IGNORE card read so will ignore residue types: SOL WAT TIP HOH K   NA  CL
 no SHORTO card read so will produce full textual output
 As no PEGRAT card was found will not produce PEG polymer exclusion graph
 (No 2DMAPS card specified so will not produce 2D property maps)
 Have not found a CUT card.  Normal calculation using
   Cutoff lists with a cutsize=       1.000
   (if you wish to turn off option use a CUT -1 card)

 Have read     7 bond radius records and
              16 vdW radius records.
 From file: simple2.rad

 Have read   104 atom records.
 From file: /tmp/tmpqh4328wx.pdb
 Will not produce graphical output

 Have opened file for pdb format output of sphere centres:  hole000.sph

  Seed integer used by ran # generator on this run      31415

 
 S/R cguess will try to guess CPOINT and/or CVECT
 
 THESE GUESSES MAY WELL BE WRONG!!!!
 Routine relies on having a reasonably symmetric
 channel oriented along x, y or z vector
 YOU ARE STRONGLY ADVISED TO CHECK THE RESULTS
                       WITH MOLECULAR GRAPHICS
 testing points from cpoint in X, Y then Z direction
   point                   pore radius
direction     1
  -5.138   0.000  -0.089    -1.114
  -4.138   0.000  -0.089    -1.015
  -3.138   0.000  -0.089    -0.168
  -2.138   0.000  -0.089    -0.197
  -1.138   0.000  -0.089     0.281
  -0.138   0.000  -0.089     1.024
   0.862   0.000  -0.089     1.896
   1.862   0.000  -0.089     2.593
   2.862   0.000  -0.089     2.582
   3.862   0.000  -0.089     2.182
   4.862   0.000  -0.089     1.295
 Average pore radius along the line=      0.851
direction     2
  -0.138  -5.000  -0.089    -0.319
  -0.138  -4.000  -0.089    -0.654
  -0.138  -3.000  -0.089    -0.215
  -0.138  -2.000  -0.089     0.589
  -0.138  -1.000  -0.089     0.776
  -0.138   0.000  -0.089     1.024
  -0.138   1.000  -0.089     0.619
  -0.138   2.000  -0.089     0.361
  -0.138   3.000  -0.089    -0.548
  -0.138   4.000  -0.089    -1.090
  -0.138   5.000  -0.089    -1.446
 Average pore radius along the line=     -0.082
direction     3
  -0.138   0.000  -5.089     2.816
  -0.138   0.000  -4.089     2.037
  -0.138   0.000  -3.089     1.426
  -0.138   0.000  -2.089     1.133
  -0.138   0.000  -1.089     1.159
  -0.138   0.000  -0.089     1.024
  -0.138   0.000   0.911     1.235
  -0.138   0.000   1.911     1.216
  -0.138   0.000   2.911     1.469
  -0.138   0.000   3.911     2.046
  -0.138   0.000   4.911     2.802
 Average pore radius along the line=      1.669
 Best direction is found to be     3
(1=X,2=Y,3=Z)
 s/r cguess has produced initial values for cpoint &/or cvect:
CPOINT      -0.1379      0.0002     -0.0888
CVECT        0.0000      0.0000      1.0000
 THESE GUESSES MAY WELL BE WRONG!!!!
 Routine relies on having a reasonably symmetric
 channel oriented along x, y or z vector
 YOU ARE STRONGLY ADVISED TO CHECK THE RESULTS
                       WITH MOLECULAR GRAPHICS
 
 
  Some routines (e.g. conn) need vectors normal to cvect: 
     EAST Zero degrees angle is along vector    1.000   0.000   0.000
     NORTH  90 degrees angle is along vector    0.000  -1.000   0.000
 highest radius point found:
  at point    3.243  -0.127  -0.089
  closest atom surface    2.758   C24 84  X    0
  2nd closest surface     2.760   S1  84  X    0
  found on step  729
 current point:
  at point    3.245  -0.122  -0.089
  closest atom surface    2.756   S   84  X    0
  2nd closest surface     2.757   C24 84  X    0
  found on step  983
  no. of rejections          405
 stored as     0

 highest radius point found:
  at point    3.306  -0.111   0.111
  closest atom surface    2.772   S1  84  X    0
  2nd closest surface     2.772   S   84  X    0
  found on step  989
  this is also current point
  no. of rejections          371
 stored as     1

 highest radius point found:
  at point    3.372  -0.094   0.311
  closest atom surface    2.792   S   84  X    0
  2nd closest surface     2.795   S1  84  X    0
  found on step  994
  this is also current point
  no. of rejections          402
 stored as     2

 highest radius point found:
  at point    3.377  -0.076   0.511
  closest atom surface    2.809   S   84  X    0
  2nd closest surface     2.809   S1  84  X    0
  found on step  839
 current point:
  at point    3.372  -0.076   0.511
  closest atom surface    2.807   S   84  X    0
  2nd closest surface     2.808   S1  84  X    0
  found on step  959
  no. of rejections          395
 stored as     3

 highest radius point found:
  at point    3.360  -0.058   0.711
  closest atom surface    2.826   C36 84  X    0
  2nd closest surface     2.826   S1  84  X    0
  found on step  785
 current point:
  at point    3.354  -0.056   0.711
  closest atom surface    2.825   S   84  X    0
  2nd closest surface     2.826   S1  84  X    0
  found on step  995
  no. of rejections          381
 stored as     4

 highest radius point found:
  at point    3.339  -0.035   0.911
  closest atom surface    2.851   S   84  X    0
  2nd closest surface     2.851   C37 84  X    0
  found on step  908
  this is also current point
  no. of rejections          388
 stored as     5

 highest radius point found:
  at point    3.314  -0.017   1.111
  closest atom surface    2.885   S   84  X    0
  2nd closest surface     2.886   S1  84  X    0
  found on step  939
  this is also current point
  no. of rejections          406
 stored as     6

 highest radius point found:
  at point    3.296   0.000   1.311
  closest atom surface    2.926   C37 84  X    0
  2nd closest surface     2.927   S1  84  X    0
  found on step  390
 current point:
  at point    3.290   0.004   1.311
  closest atom surface    2.925   S   84  X    0
  2nd closest surface     2.929   S1  84  X    0
  found on step  990
  no. of rejections          400
 stored as     7

 highest radius point found:
  at point    3.271   0.023   1.511
  closest atom surface    2.976   S   84  X    0
  2nd closest surface     2.978   S1  84  X    0
  found on step  402
 current point:
  at point    3.276   0.019   1.511
  closest atom surface    2.975   C37 84  X    0
  2nd closest surface     2.976   S1  84  X    0
  found on step  940
  no. of rejections          387
 stored as     8

 highest radius point found:
  at point    3.250   0.043   1.711
  closest atom surface    3.034   S   84  X    0
  2nd closest surface     3.036   S1  84  X    0
  found on step  980
  this is also current point
  no. of rejections          378
 stored as     9

 highest radius point found:
  at point    3.232   0.061   1.911
  closest atom surface    3.099   C37 84  X    0
  2nd closest surface     3.100   S   84  X    0
  found on step  933
  this is also current point
  no. of rejections          386
 stored as    10

 highest radius point found:
  at point    3.205   0.079   2.111
  closest atom surface    3.169   S1  84  X    0
  2nd closest surface     3.173   S   84  X    0
  found on step  966
  this is also current point
  no. of rejections          371
 stored as    11

 highest radius point found:
  at point    3.185   0.101   2.311
  closest atom surface    3.250   S1  84  X    0
  2nd closest surface     3.250   S   84  X    0
  found on step  970
  this is also current point
  no. of rejections          401
 stored as    12

 highest radius point found:
  at point    3.165   0.120   2.511
  closest atom surface    3.335   S   84  X    0
  2nd closest surface     3.335   S1  84  X    0
  found on step  989
  this is also current point
  no. of rejections          410
 stored as    13

 highest radius point found:
  at point    3.150   0.138   2.711
  closest atom surface    3.426   S1  84  X    0
  2nd closest surface     3.427   C37 84  X    0
  found on step  141
 current point:
  at point    3.141   0.140   2.711
  closest atom surface    3.426   S1  84  X    0
  2nd closest surface     3.426   S   84  X    0
  found on step  943
  no. of rejections          392
 stored as    14

 highest radius point found:
  at point    3.122   0.160   2.911
  closest atom surface    3.524   S   84  X    0
  2nd closest surface     3.524   S1  84  X    0
  found on step  903
  this is also current point
  no. of rejections          362
 stored as    15

 highest radius point found:
  at point    3.107   0.180   3.111
  closest atom surface    3.627   S   84  X    0
  2nd closest surface     3.628   S1  84  X    0
  found on step  986
  this is also current point
  no. of rejections          350
 stored as    16

 highest radius point found:
  at point    3.086   0.200   3.311
  closest atom surface    3.735   S   84  X    0
  2nd closest surface     3.736   S1  84  X    0
  found on step  950
  this is also current point
  no. of rejections          387
 stored as    17

 highest radius point found:
  at point    3.069   0.220   3.511
  closest atom surface    3.848   S   84  X    0
  2nd closest surface     3.850   C37 84  X    0
  found on step  979
  this is also current point
  no. of rejections          352
 stored as    18

 highest radius point found:
  at point    3.045   0.239   3.711
  closest atom surface    3.966   S   84  X    0
  2nd closest surface     3.968   S1  84  X    0
  found on step   74
 current point:
  at point    3.047   0.237   3.711
  closest atom surface    3.966   S1  84  X    0
  2nd closest surface     3.968   S   84  X    0
  found on step  899
  no. of rejections          383
 stored as    19

 highest radius point found:
  at point    2.968   0.259   3.911
  closest atom surface    4.080   S1  84  X    0
  2nd closest surface     4.083   S   84  X    0
  found on step  983
  this is also current point
  no. of rejections          343
 stored as    20

 highest radius point found:
  at point    2.883   0.281   4.111
  closest atom surface    4.199   S1  84  X    0
  2nd closest surface     4.202   N7  84  X    0
  found on step  998
  this is also current point
  no. of rejections          359
 stored as    21

 highest radius point found:
  at point    2.781   0.306   4.311
  closest atom surface    4.324   S1  84  X    0
  2nd closest surface     4.325   S   84  X    0
  found on step  956
  this is also current point
  no. of rejections          350
 stored as    22

 highest radius point found:
  at point    2.738   0.315   4.511
  closest atom surface    4.445   H1  84  X    0
  2nd closest surface     4.445   N7  84  X    0
  found on step  905
  this is also current point
  no. of rejections          356
 stored as    23

 highest radius point found:
  at point    2.765   0.285   4.711
  closest atom surface    4.554   S1  84  X    0
  2nd closest surface     4.556   H1  84  X    0
  found on step  992
  this is also current point
  no. of rejections          380
 stored as    24

 highest radius point found:
  at point    2.789   0.262   4.911
  closest atom surface    4.671   S1  84  X    0
  2nd closest surface     4.673   N7  84  X    0
  found on step  568
 current point:
  at point    2.797   0.261   4.911
  closest atom surface    4.670   N7  84  X    0
  2nd closest surface     4.671   S1  84  X    0
  found on step  933
  no. of rejections          347
 stored as    25

 highest radius point found:
  at point    2.806   0.244   5.111
  closest atom surface    4.791   N7  84  X    0
  2nd closest surface     4.791   H1  84  X    0
  found on step  887
 current point:
  at point    2.812   0.240   5.111
  closest atom surface    4.790   N7  84  X    0
  2nd closest surface     4.792   S1  84  X    0
  found on step  908
  no. of rejections          377
 stored as    26

 highest radius point found:
  at point    2.831   0.217   5.311
  closest atom surface    4.915   S1  84  X    0
  2nd closest surface     4.915   N7  84  X    0
  found on step  948
  this is also current point
  no. of rejections          395
 stored as    27

 highest radius point found:
  at point    2.850   0.197   5.511
  closest atom surface    5.042   N7  84  X    0
  2nd closest surface     5.044   H1  84  X    0
  found on step  734
 current point:
  at point    2.877   0.184   5.511
  closest atom surface    5.038   S1  84  X    0
  2nd closest surface     5.039   N7  84  X    0
  found on step  986
  no. of rejections          345
 stored as    28

 highest radius point found:
  at point    2.865   0.175   5.711
  closest atom surface    5.172   H1  84  X    0
  2nd closest surface     5.175   S1  84  X    0
  found on step  905
  this is also current point
  no. of rejections          365
 stored as    29

 highest radius point found:
  at point    2.874   0.168   5.911
  closest atom surface    5.304   H1  84  X    0
  2nd closest surface     5.305   N7  84  X    0
  found on step  477
 current point:
  at point    2.875   0.166   5.911
  closest atom surface    5.304   H1  84  X    0
  2nd closest surface     5.304   N4  84  X    0
  found on step  977
  no. of rejections          349
 stored as    30

 highest radius point found:
  at point    2.870   0.171   6.111
  closest atom surface    5.434   H1  84  X    0
  2nd closest surface     5.436   N7  84  X    0
  found on step  993
  this is also current point
  no. of rejections          346
 stored as    31

 highest radius point found:
  at point    2.870   0.171   6.311
  closest atom surface    5.569   N4  84  X    0
  2nd closest surface     5.569   H1  84  X    0
  found on step    1
 current point:
  at point    2.867   0.175   6.311
  closest atom surface    5.569   H1  84  X    0
  2nd closest surface     5.569   N7  84  X    0
  found on step  963
  no. of rejections          336
 stored as    32

 highest radius point found:
  at point    2.868   0.176   6.511
  closest atom surface    5.707   N7  84  X    0
  2nd closest surface     5.707   H1  84  X    0
  found on step  998
  this is also current point
  no. of rejections          337
 stored as    33

 highest radius point found:
  at point    2.865   0.180   6.711
  closest atom surface    5.846   N7  84  X    0
  2nd closest surface     5.848   H1  84  X    0
  found on step  938
  this is also current point
  no. of rejections          325
 stored as    34

 highest radius point found:
  at point    2.861   0.182   6.911
  closest atom surface    5.990   N7  84  X    0
  2nd closest surface     5.990   H1  84  X    0
  found on step  968
  this is also current point
  no. of rejections          314
 stored as    35

 highest radius point found:
  at point    2.851   0.191   7.111
  closest atom surface    6.134   H1  84  X    0
  2nd closest surface     6.134   N7  84  X    0
  found on step  690
 current point:
  at point    2.847   0.196   7.111
  closest atom surface    6.133   H1  84  X    0
  2nd closest surface     6.133   N7  84  X    0
  found on step  942
  no. of rejections          332
 stored as    36

 highest radius point found:
  at point    2.851   0.191   7.311
  closest atom surface    6.282   N7  84  X    0
  2nd closest surface     6.283   H1  84  X    0
  found on step  997
  this is also current point
  no. of rejections          312
 stored as    37

 highest radius point found:
  at point    2.851   0.189   7.511
  closest atom surface    6.433   N4  84  X    0
  2nd closest surface     6.434   N7  84  X    0
  found on step  933
  this is also current point
  no. of rejections          310
 stored as    38

 highest radius point found:
  at point    2.844   0.194   7.711
  closest atom surface    6.586   N7  84  X    0
  2nd closest surface     6.586   H1  84  X    0
  found on step  964
  this is also current point
  no. of rejections          293
 stored as    39

 highest radius point found:
  at point    2.840   0.195   7.911
  closest atom surface    6.740   N4  84  X    0
  2nd closest surface     6.740   H1  84  X    0
  found on step  943
  this is also current point
  no. of rejections          336
 stored as    40

 highest radius point found:
  at point    2.832   0.199   8.111
  closest atom surface    6.895   H1  84  X    0
  2nd closest surface     6.898   N4  84  X    0
  found on step  975
  this is also current point
  no. of rejections          314
 stored as    41

 highest radius point found:
  at point    2.830   0.202   8.311
  closest atom surface    7.055   N7  84  X    0
  2nd closest surface     7.055   H1  84  X    0
  found on step  900
  this is also current point
  no. of rejections          311
 stored as    42

 highest radius point found:
  at point    2.830   0.206   8.511
  closest atom surface    7.213   N7  84  X    0
  2nd closest surface     7.215   N4  84  X    0
  found on step    2
 current point:
  at point    1.728   1.477   8.511
  closest atom surface    7.101   H1  84  X    0
  2nd closest surface     7.103   N7  84  X    0
  found on step  991
  no. of rejections          297
 stored as    43

 highest radius point found:
  at point    2.814   0.214   8.711
  closest atom surface    7.375   H1  84  X    0
  2nd closest surface     7.376   N7  84  X    0
  found on step  829
 current point:
  at point    2.815   0.208   8.711
  closest atom surface    7.374   H1  84  X    0
  2nd closest surface     7.378   N4  84  X    0
  found on step  960
  no. of rejections          313
 stored as    44

 highest radius point found:
  at point    2.816   0.210   8.911
  closest atom surface    7.539   N4  84  X    0
  2nd closest surface     7.540   N7  84  X    0
  found on step  959
  this is also current point
  no. of rejections          314
 stored as    45

 highest radius point found:
  at point    2.805   0.215   9.111
  closest atom surface    7.703   H1  84  X    0
  2nd closest surface     7.705   N7  84  X    0
  found on step  997
  this is also current point
  no. of rejections          295
 stored as    46

 highest radius point found:
  at point    2.805   0.215   9.311
  closest atom surface    7.869   N4  84  X    0
  2nd closest surface     7.870   N7  84  X    0
  found on step    1
 current point:
  at point    2.796   0.222   9.311
  closest atom surface    7.869   H1  84  X    0
  2nd closest surface     7.870   N7  84  X    0
  found on step  973
  no. of rejections          263
 stored as    47

 highest radius point found:
  at point    2.792   0.224   9.511
  closest atom surface    8.036   H1  84  X    0
  2nd closest surface     8.037   N7  84  X    0
  found on step  916
  this is also current point
  no. of rejections          300
 stored as    48

 highest radius point found:
  at point    2.788   0.225   9.711
  closest atom surface    8.205   H1  84  X    0
  2nd closest surface     8.206   N7  84  X    0
  found on step  881
 current point:
  at point    2.787   0.225   9.711
  closest atom surface    8.205   H1  84  X    0
  2nd closest surface     8.206   N7  84  X    0
  found on step  889
  no. of rejections          297
 stored as    49

 highest radius point found:
  at point    2.784   0.224   9.911
  closest atom surface    8.375   N4  84  X    0
  2nd closest surface     8.376   H1  84  X    0
  found on step  815
 current point:
  at point    2.775   0.236   9.911
  closest atom surface    8.374   H1  84  X    0
  2nd closest surface     8.374   N7  84  X    0
  found on step  932
  no. of rejections          309
 stored as    50

 highest radius point found:
  at point    2.776   0.231  10.111
  closest atom surface    8.546   N7  84  X    0
  2nd closest surface     8.546   H1  84  X    0
  found on step  937
  this is also current point
  no. of rejections          273
 stored as    51

 highest radius point found:
  at point    2.768   0.234  10.311
  closest atom surface    8.718   H1  84  X    0
  2nd closest surface     8.718   N7  84  X    0
  found on step  377
 current point:
  at point    2.762   0.239  10.311
  closest atom surface    8.716   H1  84  X    0
  2nd closest surface     8.718   N7  84  X    0
  found on step  932
  no. of rejections          296
 stored as    52

 highest radius point found:
  at point    2.762   0.236  10.511
  closest atom surface    8.891   H1  84  X    0
  2nd closest surface     8.892   N7  84  X    0
  found on step  984
  this is also current point
  no. of rejections          285
 stored as    53

 highest radius point found:
  at point    0.988   2.273  10.711
  closest atom surface    9.067   H1  84  X    0
  2nd closest surface     9.067   N7  84  X    0
  found on step  970
  this is also current point
  no. of rejections          270
 stored as    54

 highest radius point found:
  at point    0.971   2.295  10.911
  closest atom surface    9.243   C42 84  X    0
  2nd closest surface     9.244   N7  84  X    0
  found on step  884
 current point:
  at point    0.984   2.272  10.911
  closest atom surface    9.243   H1  84  X    0
  2nd closest surface     9.243   N7  84  X    0
  found on step  964
  no. of rejections          273
 stored as    55

 highest radius point found:
  at point    0.967   2.286  11.111
  closest atom surface    9.422   H1  84  X    0
  2nd closest surface     9.422   C42 84  X    0
  found on step  943
  this is also current point
  no. of rejections          283
 stored as    56

 highest radius point found:
  at point    0.960   2.292  11.311
  closest atom surface    9.600   N7  84  X    0
  2nd closest surface     9.600   C42 84  X    0
  found on step  894
  this is also current point
  no. of rejections          294
 stored as    57

 highest radius point found:
  at point    0.954   2.292  11.511
  closest atom surface    9.779   H1  84  X    0
  2nd closest surface     9.779   N7  84  X    0
  found on step  990
  this is also current point
  no. of rejections          249
 stored as    58

 highest radius point found:
  at point    0.945   2.296  11.711
  closest atom surface    9.958   C42 84  X    0
  2nd closest surface     9.959   H1  84  X    0
  found on step  998
  this is also current point
  no. of rejections          267
 stored as    59

 highest radius point found:
  at point    0.945   2.296  11.911
  closest atom surface   10.137   N7  84  X    0
  2nd closest surface    10.139   H1  84  X    0
  found on step    1
 current point:
  at point    2.546   0.443  11.911
  closest atom surface   10.098   H1  84  X    0
  2nd closest surface    10.104   N7  84  X    0
  found on step  995
  no. of rejections          219
 stored as    60

 highest radius point found:
  at point    0.930   2.300  12.111
  closest atom surface   10.319   C42 84  X    0
  2nd closest surface    10.319   H1  84  X    0
  found on step  979
  this is also current point
  no. of rejections          277
 stored as    61

 highest radius point found:
  at point    0.924   2.308  12.311
  closest atom surface   10.500   C42 84  X    0
  2nd closest surface    10.501   N7  84  X    0
  found on step  901
  this is also current point
  no. of rejections          265
 stored as    62

 highest radius point found:
  at point    0.924   2.308  12.511
  closest atom surface   10.681   N7  84  X    0
  2nd closest surface    10.685   C42 84  X    0
  found on step    1
 current point:
  at point    0.826   2.832  12.511
  closest atom surface   10.631   C42 84  X    0
  2nd closest surface    10.631   N7  84  X    0
  found on step  979
  no. of rejections          245
 stored as    63

 highest radius point found:
  at point    0.911   2.314  12.711
  closest atom surface   10.865   N7  84  X    0
  2nd closest surface    10.865   C42 84  X    0
  found on step  960
  this is also current point
  no. of rejections          275
 stored as    64

 highest radius point found:
  at point    0.913   2.303  12.911
  closest atom surface   11.047   N7  84  X    0
  2nd closest surface    11.048   C1  84  X    0
  found on step  159
 current point:
  at point    1.372   1.775  12.911
  closest atom surface   10.986   H1  84  X    0
  2nd closest surface    10.988   N7  84  X    0
  found on step  997
  no. of rejections          239
 stored as    65

 highest radius point found:
  at point    0.902   2.316  13.111
  closest atom surface   11.230   N7  84  X    0
  2nd closest surface    11.231   C1  84  X    0
  found on step  961
  this is also current point
  no. of rejections          264
 stored as    66

 highest radius point found:
  at point    0.906   2.313  13.311
  closest atom surface   11.411   N7  84  X    0
  2nd closest surface    11.411   C43 84  X    0
  found on step  942
  this is also current point
  no. of rejections          288
 stored as    67

 highest radius point found:
  at point    0.912   2.299  13.511
  closest atom surface   11.591   C1  84  X    0
  2nd closest surface    11.594   C43 84  X    0
  found on step  981
  this is also current point
  no. of rejections          258
 stored as    68

 highest radius point found:
  at point    0.912   2.299  13.711
  closest atom surface   11.773   C43 84  X    0
  2nd closest surface    11.774   C1  84  X    0
  found on step    1
 current point:
  at point    2.247   0.746  13.711
  closest atom surface   11.719   H1  84  X    0
  2nd closest surface    11.721   N7  84  X    0
  found on step  988
  no. of rejections          248
 stored as    69

 highest radius point found:
  at point    0.922   2.299  13.911
  closest atom surface   11.957   N7  84  X    0
  2nd closest surface    11.957   C43 84  X    0
  found on step  984
  this is also current point
  no. of rejections          258
 stored as    70

 highest radius point found:
  at point    0.926   2.288  14.111
  closest atom surface   12.140   C43 84  X    0
  2nd closest surface    12.140   C1  84  X    0
  found on step  989
  this is also current point
  no. of rejections          271
 stored as    71

 highest radius point found:
  at point    0.934   2.280  14.311
  closest atom surface   12.324   C1  84  X    0
  2nd closest surface    12.324   N7  84  X    0
  found on step  894
  this is also current point
  no. of rejections          258
 stored as    72

 highest radius point found:
  at point    0.937   2.286  14.511
  closest atom surface   12.507   C43 84  X    0
  2nd closest surface    12.507   N7  84  X    0
  found on step  893
  this is also current point
  no. of rejections          245
 stored as    73

 highest radius point found:
  at point    0.942   2.272  14.711
  closest atom surface   12.692   C43 84  X    0
  2nd closest surface    12.693   C1  84  X    0
  found on step  957
  this is also current point
  no. of rejections          251
 stored as    74

 highest radius point found:
  at point    0.952   2.267  14.911
  closest atom surface   12.876   N7  84  X    0
  2nd closest surface    12.878   C1  84  X    0
  found on step   43
 current point:
  at point    1.248   1.907  14.911
  closest atom surface   12.845   N7  84  X    0
  2nd closest surface    12.845   C1  84  X    0
  found on step  994
  no. of rejections          218
 stored as    75

 highest radius point found:
  at point    0.956   2.259  15.111
  closest atom surface   13.062   N7  84  X    0
  2nd closest surface    13.062   C1  84  X    0
  found on step 1000
  this is also current point
  no. of rejections          253
 stored as    76

 highest radius point found:
  at point    0.962   2.253  15.311
  closest atom surface   13.248   N7  84  X    0
  2nd closest surface    13.248   C1  84  X    0
  found on step  956
  this is also current point
  no. of rejections          262
 stored as    77

 highest radius point found:
  at point    0.962   2.253  15.511
  closest atom surface   13.433   C43 84  X    0
  2nd closest surface    13.434   C1  84  X    0
  found on step    1
 current point:
  at point    0.961   2.259  15.511
  closest atom surface   13.432   C43 84  X    0
  2nd closest surface    13.434   N7  84  X    0
  found on step  968
  no. of rejections          233
 stored as    78

 highest radius point found:
  at point    0.962   2.253  15.711
  closest atom surface   13.616   C43 84  X    0
  2nd closest surface    13.621   C1  84  X    0
  found on step    1
 current point:
  at point    1.575   1.516  15.711
  closest atom surface   13.574   N7  84  X    0
  2nd closest surface    13.574   C1  84  X    0
  found on step  988
  no. of rejections          239
 stored as    79

 highest radius point found:
  at point    0.987   2.223  15.911
  closest atom surface   13.805   C1  84  X    0
  2nd closest surface    13.806   N7  84  X    0
  found on step  983
  this is also current point
  no. of rejections          238
 stored as    80

 highest radius point found:
  at point    0.987   2.223  16.111
  closest atom surface   13.993   C1  84  X    0
  2nd closest surface    13.994   N7  84  X    0
  found on step    1
 current point:
  at point    2.230   0.750  16.111
  closest atom surface   13.960   N7  84  X    0
  2nd closest surface    13.968   C1  84  X    0
  found on step 1000
  no. of rejections          221
 stored as    81

 highest radius point found:
  at point    0.986   2.227  16.311
  closest atom surface   14.181   C1  84  X    0
  2nd closest surface    14.181   C43 84  X    0
  found on step  937
  this is also current point
  no. of rejections          240
 stored as    82

 highest radius point found:
  at point    0.998   2.214  16.511
  closest atom surface   14.368   N7  84  X    0
  2nd closest surface    14.368   C1  84  X    0
  found on step  919
  this is also current point
  no. of rejections          235
 stored as    83

 highest radius point found:
  at point    0.998   2.214  16.711
  closest atom surface   14.557   C1  84  X    0
  2nd closest surface    14.557   N7  84  X    0
  found on step    1
 current point:
  at point    0.995   2.219  16.711
  closest atom surface   14.556   C43 84  X    0
  2nd closest surface    14.557   N7  84  X    0
  found on step  985
  no. of rejections          267
 stored as    84

 highest radius point found:
  at point    1.002   2.214  16.911
  closest atom surface   14.745   N7  84  X    0
  2nd closest surface    14.745   C43 84  X    0
  found on step  967
  this is also current point
  no. of rejections          243
 stored as    85

 highest radius point found:
  at point    1.017   2.195  17.111
  closest atom surface   14.932   N7  84  X    0
  2nd closest surface    14.933   C1  84  X    0
  found on step  997
  this is also current point
  no. of rejections          241
 stored as    86

 highest radius point found:
  at point    1.016   2.197  17.311
  closest atom surface   15.122   N7  84  X    0
  2nd closest surface    15.122   C1  84  X    0
  found on step  892
  this is also current point
  no. of rejections          247
 stored as    87

 highest radius point found:
  at point    1.016   2.197  17.511
  closest atom surface   15.310   C43 84  X    0
  2nd closest surface    15.311   C1  84  X    0
  found on step    1
 current point:
  at point    1.020   2.188  17.511
  closest atom surface   15.310   C1  84  X    0
  2nd closest surface    15.312   N7  84  X    0
  found on step  980
  no. of rejections          242
 stored as    88

 highest radius point found:
  at point    1.026   2.186  17.711
  closest atom surface   15.500   N7  84  X    0
  2nd closest surface    15.500   C1  84  X    0
  found on step  996
  this is also current point
  no. of rejections          236
 stored as    89

 highest radius point found:
  at point    1.030   2.177  17.911
  closest atom surface   15.689   C1  84  X    0
  2nd closest surface    15.690   N7  84  X    0
  found on step  965
  this is also current point
  no. of rejections          221
 stored as    90

 highest radius point found:
  at point    1.030   2.177  18.111
  closest atom surface   15.878   C43 84  X    0
  2nd closest surface    15.879   C1  84  X    0
  found on step    1
 current point:
  at point    0.745   4.533  18.111
  closest atom surface   15.786   N7  84  X    0
  2nd closest surface    15.787   C43 84  X    0
  found on step  997
  no. of rejections          244
 stored as    91

 highest radius point found:
  at point    1.043   2.169  18.311
  closest atom surface   16.069   N7  84  X    0
  2nd closest surface    16.070   C1  84  X    0
  found on step  989
  this is also current point
  no. of rejections          223
 stored as    92

 highest radius point found:
  at point    1.046   2.163  18.511
  closest atom surface   16.259   C1  84  X    0
  2nd closest surface    16.260   N7  84  X    0
  found on step  981
  this is also current point
  no. of rejections          221
 stored as    93

 highest radius point found:
  at point    1.046   2.163  18.711
  closest atom surface   16.449   C43 84  X    0
  2nd closest surface    16.450   C1  84  X    0
  found on step    1
 current point:
  at point    1.605   1.494  18.711
  closest atom surface   16.418   N7  84  X    0
  2nd closest surface    16.418   C1  84  X    0
  found on step  989
  no. of rejections          226
 stored as    94

 highest radius point found:
  at point    1.054   2.162  18.911
  closest atom surface   16.640   C43 84  X    0
  2nd closest surface    16.641   N7  84  X    0
  found on step  928
  this is also current point
  no. of rejections          245
 stored as    95

 highest radius point found:
  at point    1.063   2.148  19.111
  closest atom surface   16.831   C1  84  X    0
  2nd closest surface    16.832   N7  84  X    0
  found on step  948
  this is also current point
  no. of rejections          236
 stored as    96

 highest radius point found:
  at point    1.063   2.148  19.311
  closest atom surface   17.021   C43 84  X    0
  2nd closest surface    17.023   C1  84  X    0
  found on step    1
 current point:
  at point    1.031   2.414  19.311
  closest atom surface   16.996   C43 84  X    0
  2nd closest surface    16.997   N7  84  X    0
  found on step  993
  no. of rejections          224
 stored as    97

 highest radius point found:
  at point    1.067   2.145  19.511
  closest atom surface   17.212   C43 84  X    0
  2nd closest surface    17.214   C1  84  X    0
  found on step  143
 current point:
  at point    1.112   2.102  19.511
  closest atom surface   17.209   N7  84  X    0
  2nd closest surface    17.213   C1  84  X    0
  found on step  998
  no. of rejections          221
 stored as    98

 highest radius point found:
  at point    1.078   2.135  19.711
  closest atom surface   17.405   N7  84  X    0
  2nd closest surface    17.405   C43 84  X    0
  found on step  938
  this is also current point
  no. of rejections          212
 stored as    99

 highest radius point found:
  at point    1.086   2.125  19.911
  closest atom surface   17.596   N7  84  X    0
  2nd closest surface    17.597   C1  84  X    0
  found on step  985
  this is also current point
  no. of rejections          236
 stored as   100

 highest radius point found:
  at point    1.089   2.119  20.111
  closest atom surface   17.788   C1  84  X    0
  2nd closest surface    17.789   N7  84  X    0
  found on step  902
  this is also current point
  no. of rejections          260
 stored as   101

 highest radius point found:
  at point    1.094   2.121  20.311
  closest atom surface   17.980   N7  84  X    0
  2nd closest surface    17.980   C43 84  X    0
  found on step  942
  this is also current point
  no. of rejections          242
 stored as   102

 highest radius point found:
  at point    1.106   2.104  20.511
  closest atom surface   18.172   N7  84  X    0
  2nd closest surface    18.172   C1  84  X    0
  found on step    4
 current point:
  at point    1.097   2.123  20.511
  closest atom surface   18.171   C43 84  X    0
  2nd closest surface    18.171   N7  84  X    0
  found on step  997
  no. of rejections          196
 stored as   103

 highest radius point found:
  at point    1.106   2.104  20.711
  closest atom surface   18.364   C1  84  X    0
  2nd closest surface    18.364   N7  84  X    0
  found on step    1
 current point:
  at point    1.107   2.103  20.711
  closest atom surface   18.364   C1  84  X    0
  2nd closest surface    18.364   N7  84  X    0
  found on step  992
  no. of rejections          224
 stored as   104

 highest radius point found:
  at point    1.108   2.100  20.911
  closest atom surface   18.556   C43 84  X    0
  2nd closest surface    18.556   C1  84  X    0
  found on step  989
  this is also current point
  no. of rejections          233
 stored as   105

 highest radius point found:
  at point    1.115   2.096  21.111
  closest atom surface   18.749   C43 84  X    0
  2nd closest surface    18.749   N7  84  X    0
  found on step  976
  this is also current point
  no. of rejections          207
 stored as   106

 highest radius point found:
  at point    1.130   2.079  21.311
  closest atom surface   18.941   N7  84  X    0
  2nd closest surface    18.941   C1  84  X    0
  found on step  983
  this is also current point
  no. of rejections          213
 stored as   107

 highest radius point found:
  at point    1.130   2.079  21.511
  closest atom surface   19.134   C1  84  X    0
  2nd closest surface    19.135   N7  84  X    0
  found on step    1
 current point:
  at point    1.125   2.087  21.511
  closest atom surface   19.134   C43 84  X    0
  2nd closest surface    19.135   N7  84  X    0
  found on step  987
  no. of rejections          218
 stored as   108

 highest radius point found:
  at point    1.130   2.079  21.711
  closest atom surface   19.327   C43 84  X    0
  2nd closest surface    19.327   C1  84  X    0
  found on step    1
 current point:
  at point    1.140   2.067  21.711
  closest atom surface   19.327   C1  84  X    0
  2nd closest surface    19.327   N7  84  X    0
  found on step  938
  no. of rejections          217
 stored as   109

 highest radius point found:
  at point    1.150   2.057  21.911
  closest atom surface   19.520   N7  84  X    0
  2nd closest surface    19.520   C1  84  X    0
  found on step  716
 current point:
  at point    1.157   2.049  21.911
  closest atom surface   19.519   N7  84  X    0
  2nd closest surface    19.519   C1  84  X    0
  found on step  954
  no. of rejections          219
 stored as   110

 highest radius point found:
  at point    2.524   0.409  22.111
  closest atom surface   19.723   N7  84  X    0
  2nd closest surface    19.724   C1  84  X    0
  found on step  979
  this is also current point
  no. of rejections          182
 stored as   111

 highest radius point found:
  at point    2.524   0.409  22.311
  closest atom surface   19.917   N7  84  X    0
  2nd closest surface    19.917   N4  84  X    0
  found on step    1
 current point:
  at point    2.524   0.409  22.311
  closest atom surface   19.917   N7  84  X    0
  2nd closest surface    19.917   N4  84  X    0
  found on step  970
  no. of rejections          225
 stored as   112

 highest radius point found:
  at point    2.517   0.417  22.511
  closest atom surface   20.110   N7  84  X    0
  2nd closest surface    20.110   C1  84  X    0
  found on step  511
 current point:
  at point    2.515   0.417  22.511
  closest atom surface   20.110   C1  84  X    0
  2nd closest surface    20.110   N7  84  X    0
  found on step  949
  no. of rejections          200
 stored as   113

 highest radius point found:
  at point    2.517   0.417  22.711
  closest atom surface   20.304   C1  84  X    0
  2nd closest surface    20.304   N7  84  X    0
  found on step    1
 current point:
  at point    2.516   0.418  22.711
  closest atom surface   20.304   C1  84  X    0
  2nd closest surface    20.304   N7  84  X    0
  found on step  894
  no. of rejections          216
 stored as   114

 highest radius point found:
  at point    2.516   0.418  22.911
  closest atom surface   20.497   C1  84  X    0
  2nd closest surface    20.498   N7  84  X    0
  found on step 1000
  this is also current point
  no. of rejections          211
 stored as   115

 highest radius point found:
  at point    2.516   0.418  23.111
  closest atom surface   20.691   C1  84  X    0
  2nd closest surface    20.691   N4  84  X    0
  found on step    1
 current point:
  at point    2.517   0.416  23.111
  closest atom surface   20.691   N4  84  X    0
  2nd closest surface    20.691   C1  84  X    0
  found on step  977
  no. of rejections          212
 stored as   116

 highest radius point found:
  at point    2.513   0.428  23.311
  closest atom surface   20.885   N7  84  X    0
  2nd closest surface    20.886   C1  84  X    0
  found on step  991
  this is also current point
  no. of rejections          191
 stored as   117

 highest radius point found:
  at point    2.513   0.428  23.511
  closest atom surface   21.079   N7  84  X    0
  2nd closest surface    21.080   C1  84  X    0
  found on step    1
 current point:
  at point    2.514   0.428  23.511
  closest atom surface   21.079   N7  84  X    0
  2nd closest surface    21.080   C1  84  X    0
  found on step  943
  no. of rejections          209
 stored as   118

 highest radius point found:
  at point    2.513   0.428  23.711
  closest atom surface   21.274   N7  84  X    0
  2nd closest surface    21.274   N4  84  X    0
  found on step    1
 current point:
  at point    2.511   0.425  23.711
  closest atom surface   21.273   C1  84  X    0
  2nd closest surface    21.273   N4  84  X    0
  found on step  990
  no. of rejections          220
 stored as   119

 highest radius point found:
  at point    2.507   0.437  23.911
  closest atom surface   21.468   N7  84  X    0
  2nd closest surface    21.468   C1  84  X    0
  found on step  988
  this is also current point
  no. of rejections          216
 stored as   120

 highest radius point found:
  at point    2.507   0.437  24.111
  closest atom surface   21.662   C1  84  X    0
  2nd closest surface    21.662   N7  84  X    0
  found on step    1
 current point:
  at point    2.505   0.438  24.111
  closest atom surface   21.662   C1  84  X    0
  2nd closest surface    21.662   N7  84  X    0
  found on step  948
  no. of rejections          208
 stored as   121

 highest radius point found:
  at point    2.507   0.437  24.311
  closest atom surface   21.857   C1  84  X    0
  2nd closest surface    21.857   N7  84  X    0
  found on step    1
 current point:
  at point    2.505   0.439  24.311
  closest atom surface   21.857   C1  84  X    0
  2nd closest surface    21.857   N7  84  X    0
  found on step  992
  no. of rejections          203
 stored as   122

 highest radius point found:
  at point    2.505   0.439  24.511
  closest atom surface   22.051   C1  84  X    0
  2nd closest surface    22.052   N4  84  X    0
  found on step  824
 current point:
  at point    2.459   0.502  24.511
  closest atom surface   22.047   N7  84  X    0
  2nd closest surface    22.049   C1  84  X    0
  found on step  998
  no. of rejections          201
 This is an end! (radius above  22.0 angs)
 highest radius point found:
  at point    3.175  -0.142  -0.289
  closest atom surface    2.756   S   84  X    0
  2nd closest surface     2.757   C24 84  X    0
  found on step  992
  this is also current point
  no. of rejections          383
 stored as    -1

 highest radius point found:
  at point    3.102  -0.159  -0.489
  closest atom surface    2.761   S1  84  X    0
  2nd closest surface     2.763   S   84  X    0
  found on step  221
 current point:
  at point    3.095  -0.157  -0.489
  closest atom surface    2.760   S   84  X    0
  2nd closest surface     2.761   S1  84  X    0
  found on step  921
  no. of rejections          396
 stored as    -2

 highest radius point found:
  at point    3.043  -0.174  -0.689
  closest atom surface    2.778   S1  84  X    0
  2nd closest surface     2.779   C24 84  X    0
  found on step  969
  this is also current point
  no. of rejections          398
 stored as    -3

 highest radius point found:
  at point    2.965  -0.189  -0.889
  closest atom surface    2.802   S   84  X    0
  2nd closest surface     2.802   S1  84  X    0
  found on step  708
 current point:
  at point    2.947  -0.189  -0.889
  closest atom surface    2.798   S1  84  X    0
  2nd closest surface     2.800   S   84  X    0
  found on step  884
  no. of rejections          419
 stored as    -4

 highest radius point found:
  at point    2.898  -0.204  -1.089
  closest atom surface    2.836   S   84  X    0
  2nd closest surface     2.837   S1  84  X    0
  found on step  808
 current point:
  at point    2.882  -0.203  -1.089
  closest atom surface    2.834   S   84  X    0
  2nd closest surface     2.834   S1  84  X    0
  found on step  969
  no. of rejections          380
 stored as    -5

 highest radius point found:
  at point    2.831  -0.219  -1.289
  closest atom surface    2.878   S   84  X    0
  2nd closest surface     2.880   S1  84  X    0
  found on step  613
 current point:
  at point    1.979  -0.182  -1.289
  closest atom surface    2.839   S1  84  X    0
  2nd closest surface     2.843   S   84  X    0
  found on step  948
  no. of rejections          373
 stored as    -6

 highest radius point found:
  at point    2.778  -0.237  -1.489
  closest atom surface    2.932   S1  84  X    0
  2nd closest surface     2.933   S   84  X    0
  found on step  950
  this is also current point
  no. of rejections          405
 stored as    -7

 highest radius point found:
  at point    2.681  -0.251  -1.689
  closest atom surface    2.989   S1  84  X    0
  2nd closest surface     2.990   S   84  X    0
  found on step  135
 current point:
  at point    2.124  -0.225  -1.689
  closest atom surface    2.965   S1  84  X    0
  2nd closest surface     2.966   S   84  X    0
  found on step  942
  no. of rejections          386
 stored as    -8

 highest radius point found:
  at point    2.647  -0.268  -1.889
  closest atom surface    3.060   S1  84  X    0
  2nd closest surface     3.062   S   84  X    0
  found on step  570
 current point:
  at point    2.322  -0.252  -1.889
  closest atom surface    3.042   S   84  X    0
  2nd closest surface     3.042   S1  84  X    0
  found on step  904
  no. of rejections          387
 stored as    -9

 highest radius point found:
  at point    2.587  -0.284  -2.089
  closest atom surface    3.137   S1  84  X    0
  2nd closest surface     3.138   C24 84  X    0
  found on step  907
  this is also current point
  no. of rejections          389
 stored as   -10

 highest radius point found:
  at point    2.519  -0.299  -2.289
  closest atom surface    3.221   S   84  X    0
  2nd closest surface     3.221   S1  84  X    0
  found on step  922
  this is also current point
  no. of rejections          381
 stored as   -11

 highest radius point found:
  at point    2.448  -0.315  -2.489
  closest atom surface    3.310   S1  84  X    0
  2nd closest surface     3.311   S   84  X    0
  found on step  995
  this is also current point
  no. of rejections          398
 stored as   -12

 highest radius point found:
  at point    2.426  -0.372  -2.689
  closest atom surface    3.374   C24 84  X    0
  2nd closest surface     3.374   H8  84  X    0
  found on step  922
  this is also current point
  no. of rejections          395
 stored as   -13

 highest radius point found:
  at point    2.407  -0.438  -2.889
  closest atom surface    3.430   C24 84  X    0
  2nd closest surface     3.430   H8  84  X    0
  found on step  535
 current point:
  at point    2.396  -0.457  -2.889
  closest atom surface    3.430   S1  84  X    0
  2nd closest surface     3.431   H8  84  X    0
  found on step  975
  no. of rejections          373
 stored as   -14

 highest radius point found:
  at point    2.380  -0.532  -3.089
  closest atom surface    3.499   C24 84  X    0
  2nd closest surface     3.499   S1  84  X    0
  found on step  856
 current point:
  at point    2.382  -0.515  -3.089
  closest atom surface    3.497   H8  84  X    0
  2nd closest surface     3.498   C24 84  X    0
  found on step  936
  no. of rejections          354
 stored as   -15

 highest radius point found:
  at point    2.355  -0.601  -3.289
  closest atom surface    3.575   H8  84  X    0
  2nd closest surface     3.576   C24 84  X    0
  found on step  859
 current point:
  at point    2.350  -0.610  -3.289
  closest atom surface    3.573   S1  84  X    0
  2nd closest surface     3.576   H8  84  X    0
  found on step  992
  no. of rejections          375
 stored as   -16

 highest radius point found:
  at point    2.326  -0.682  -3.489
  closest atom surface    3.658   S1  84  X    0
  2nd closest surface     3.658   H8  84  X    0
  found on step  439
 current point:
  at point    2.331  -0.673  -3.489
  closest atom surface    3.657   H8  84  X    0
  2nd closest surface     3.658   C24 84  X    0
  found on step  958
  no. of rejections          382
 stored as   -17

 highest radius point found:
  at point    2.305  -0.754  -3.689
  closest atom surface    3.749   C24 84  X    0
  2nd closest surface     3.751   S1  84  X    0
  found on step  845
 current point:
  at point    2.306  -0.751  -3.689
  closest atom surface    3.749   C24 84  X    0
  2nd closest surface     3.750   H8  84  X    0
  found on step  979
  no. of rejections          383
 stored as   -18

 highest radius point found:
  at point    2.281  -0.825  -3.889
  closest atom surface    3.846   C24 84  X    0
  2nd closest surface     3.849   H8  84  X    0
  found on step  697
 current point:
  at point    2.277  -0.821  -3.889
  closest atom surface    3.844   H8  84  X    0
  2nd closest surface     3.849   C24 84  X    0
  found on step  953
  no. of rejections          360
 stored as   -19

 highest radius point found:
  at point    2.252  -0.897  -4.089
  closest atom surface    3.952   H8  84  X    0
  2nd closest surface     3.953   C24 84  X    0
  found on step  982
  this is also current point
  no. of rejections          357
 stored as   -20

 highest radius point found:
  at point    2.228  -0.969  -4.289
  closest atom surface    4.062   C24 84  X    0
  2nd closest surface     4.064   S1  84  X    0
  found on step  566
 current point:
  at point    2.225  -0.964  -4.289
  closest atom surface    4.059   H8  84  X    0
  2nd closest surface     4.065   C24 84  X    0
  found on step  990
  no. of rejections          371
 stored as   -21

 highest radius point found:
  at point    2.202  -1.026  -4.489
  closest atom surface    4.173   H8  84  X    0
  2nd closest surface     4.174   C27 84  X    0
  found on step  761
 current point:
  at point    2.207  -1.016  -4.489
  closest atom surface    4.172   H8  84  X    0
  2nd closest surface     4.173   C24 84  X    0
  found on step  971
  no. of rejections          391
 stored as   -22

 highest radius point found:
  at point    2.187  -1.072  -4.689
  closest atom surface    4.289   C27 84  X    0
  2nd closest surface     4.289   C24 84  X    0
  found on step  812
 current point:
  at point    2.186  -1.073  -4.689
  closest atom surface    4.288   C27 84  X    0
  2nd closest surface     4.290   H8  84  X    0
  found on step  946
  no. of rejections          345
 stored as   -23

 highest radius point found:
  at point    2.148  -1.140  -4.889
  closest atom surface    4.408   H8  84  X    0
  2nd closest surface     4.409   C27 84  X    0
  found on step  961
  this is also current point
  no. of rejections          380
 stored as   -24

 highest radius point found:
  at point    2.040  -1.287  -5.089
  closest atom surface    4.534   H8  84  X    0
  2nd closest surface     4.534   C27 84  X    0
  found on step  893
  this is also current point
  no. of rejections          358
 stored as   -25

 highest radius point found:
  at point    1.996  -1.338  -5.289
  closest atom surface    4.653   H8  84  X    0
  2nd closest surface     4.661   H20 84  X    0
  found on step   27
 current point:
  at point    0.873  -1.969  -5.289
  closest atom surface    4.489   S1  84  X    0
  2nd closest surface     4.489   H8  84  X    0
  found on step  947
  no. of rejections          304
 stored as   -26

 highest radius point found:
  at point    1.890  -1.472  -5.489
  closest atom surface    4.788   H8  84  X    0
  2nd closest surface     4.789   H20 84  X    0
  found on step  957
  this is also current point
  no. of rejections          327
 stored as   -27

 highest radius point found:
  at point    1.808  -1.572  -5.689
  closest atom surface    4.926   H8  84  X    0
  2nd closest surface     4.927   H20 84  X    0
  found on step  973
  this is also current point
  no. of rejections          318
 stored as   -28

 highest radius point found:
  at point    1.748  -1.649  -5.889
  closest atom surface    5.066   H20 84  X    0
  2nd closest surface     5.068   H8  84  X    0
  found on step  497
 current point:
  at point    1.798  -1.597  -5.889
  closest atom surface    5.058   H20 84  X    0
  2nd closest surface     5.064   H8  84  X    0
  found on step  995
  no. of rejections          305
 stored as   -29

 highest radius point found:
  at point    1.639  -1.765  -6.089
  closest atom surface    5.213   H8  84  X    0
  2nd closest surface     5.214   S1  84  X    0
  found on step  366
 current point:
  at point    0.900  -2.154  -6.089
  closest atom surface    5.140   H8  84  X    0
  2nd closest surface     5.140   S1  84  X    0
  found on step  991
  no. of rejections          303
 stored as   -30

 highest radius point found:
  at point    1.585  -1.842  -6.289
  closest atom surface    5.367   H8  84  X    0
  2nd closest surface     5.370   S1  84  X    0
  found on step  998
  this is also current point
  no. of rejections          302
 stored as   -31

 highest radius point found:
  at point    1.514  -1.931  -6.489
  closest atom surface    5.525   H8  84  X    0
  2nd closest surface     5.525   S1  84  X    0
  found on step  949
  this is also current point
  no. of rejections          289
 stored as   -32

 highest radius point found:
  at point    1.438  -2.022  -6.689
  closest atom surface    5.685   S1  84  X    0
  2nd closest surface     5.686   H8  84  X    0
  found on step  397
 current point:
  at point    1.449  -2.020  -6.689
  closest atom surface    5.685   H20 84  X    0
  2nd closest surface     5.685   S1  84  X    0
  found on step  986
  no. of rejections          281
 stored as   -33

 highest radius point found:
  at point    1.382  -2.098  -6.889
  closest atom surface    5.850   H20 84  X    0
  2nd closest surface     5.851   H8  84  X    0
  found on step  962
  this is also current point
  no. of rejections          329
 stored as   -34

 highest radius point found:
  at point    1.312  -2.189  -7.089
  closest atom surface    6.016   S1  84  X    0
  2nd closest surface     6.017   H20 84  X    0
  found on step  709
 current point:
  at point    1.254  -2.213  -7.089
  closest atom surface    6.013   H8  84  X    0
  2nd closest surface     6.014   S1  84  X    0
  found on step  999
  no. of rejections          281
 stored as   -35

 highest radius point found:
  at point    1.243  -2.267  -7.289
  closest atom surface    6.189   H8  84  X    0
  2nd closest surface     6.189   S1  84  X    0
  found on step  979
  this is also current point
  no. of rejections          271
 stored as   -36

 highest radius point found:
  at point    1.166  -2.354  -7.489
  closest atom surface    6.361   H8  84  X    0
  2nd closest surface     6.362   S1  84  X    0
  found on step  903
  this is also current point
  no. of rejections          271
 stored as   -37

 highest radius point found:
  at point    1.112  -2.429  -7.689
  closest atom surface    6.538   H8  84  X    0
  2nd closest surface     6.538   S1  84  X    0
  found on step  875
 current point:
  at point    1.022  -2.476  -7.689
  closest atom surface    6.536   S1  84  X    0
  2nd closest surface     6.536   H8  84  X    0
  found on step  968
  no. of rejections          283
 stored as   -38

 highest radius point found:
  at point    1.024  -2.521  -7.889
  closest atom surface    6.716   H8  84  X    0
  2nd closest surface     6.716   S1  84  X    0
  found on step  978
  this is also current point
  no. of rejections          271
 stored as   -39

 highest radius point found:
  at point    0.967  -2.599  -8.089
  closest atom surface    6.897   S1  84  X    0
  2nd closest surface     6.897   H8  84  X    0
  found on step  941
  this is also current point
  no. of rejections          300
 stored as   -40

 highest radius point found:
  at point    0.967  -2.624  -8.289
  closest atom surface    7.064   C3  84  X    0
  2nd closest surface     7.064   H20 84  X    0
  found on step   18
 current point:
  at point    0.967  -2.627  -8.289
  closest atom surface    7.063   H20 84  X    0
  2nd closest surface     7.064   C3  84  X    0
  found on step  955
  no. of rejections          312
 stored as   -41

 highest radius point found:
  at point    0.967  -2.624  -8.489
  closest atom surface    7.227   H8  84  X    0
  2nd closest surface     7.228   H20 84  X    0
  found on step    1
 current point:
  at point    0.966  -2.624  -8.489
  closest atom surface    7.227   H8  84  X    0
  2nd closest surface     7.228   C3  84  X    0
  found on step  977
  no. of rejections          310
 stored as   -42

 highest radius point found:
  at point    0.963  -2.641  -8.689
  closest atom surface    7.393   C3  84  X    0
  2nd closest surface     7.393   H20 84  X    0
  found on step  951
  this is also current point
  no. of rejections          311
 stored as   -43

 highest radius point found:
  at point    0.961  -2.651  -8.889
  closest atom surface    7.560   C3  84  X    0
  2nd closest surface     7.560   H20 84  X    0
  found on step  906
  this is also current point
  no. of rejections          326
 stored as   -44

 highest radius point found:
  at point    0.959  -2.660  -9.089
  closest atom surface    7.727   C3  84  X    0
  2nd closest surface     7.728   H20 84  X    0
  found on step  989
  this is also current point
  no. of rejections          262
 stored as   -45

 highest radius point found:
  at point    0.960  -2.664  -9.289
  closest atom surface    7.897   H8  84  X    0
  2nd closest surface     7.897   H20 84  X    0
  found on step  999
  this is also current point
  no. of rejections          292
 stored as   -46

 highest radius point found:
  at point    0.957  -2.674  -9.489
  closest atom surface    8.067   H8  84  X    0
  2nd closest surface     8.068   H20 84  X    0
  found on step  986
  this is also current point
  no. of rejections          290
 stored as   -47

 highest radius point found:
  at point    0.962  -2.676  -9.689
  closest atom surface    8.238   H8  84  X    0
  2nd closest surface     8.238   H20 84  X    0
  found on step  976
  this is also current point
  no. of rejections          284
 stored as   -48

 highest radius point found:
  at point    0.954  -2.695  -9.889
  closest atom surface    8.412   H20 84  X    0
  2nd closest surface     8.413   C3  84  X    0
  found on step 1000
  this is also current point
  no. of rejections          292
 stored as   -49

 highest radius point found:
  at point    0.954  -2.695 -10.089
  closest atom surface    8.583   H8  84  X    0
  2nd closest surface     8.587   H20 84  X    0
  found on step    1
 current point:
  at point    0.851  -3.391 -10.089
  closest atom surface    8.555   C3  84  X    0
  2nd closest surface     8.555   H20 84  X    0
  found on step  960
  no. of rejections          261
 stored as   -50

 highest radius point found:
  at point    0.950  -2.724 -10.289
  closest atom surface    8.760   H20 84  X    0
  2nd closest surface     8.760   C3  84  X    0
  found on step  957
  this is also current point
  no. of rejections          286
 stored as   -51

 highest radius point found:
  at point    0.950  -2.724 -10.489
  closest atom surface    8.937   C3  84  X    0
  2nd closest surface     8.937   H20 84  X    0
  found on step    1
 current point:
  at point    0.853  -3.369 -10.489
  closest atom surface    8.908   C3  84  X    0
  2nd closest surface     8.909   H20 84  X    0
  found on step  991
  no. of rejections          282
 stored as   -52

 highest radius point found:
  at point    0.946  -2.730 -10.689
  closest atom surface    9.112   C3  84  X    0
  2nd closest surface     9.113   H8  84  X    0
  found on step    2
 current point:
  at point    0.813  -3.658 -10.689
  closest atom surface    9.087   C3  84  X    0
  2nd closest surface     9.087   H20 84  X    0
  found on step  992
  no. of rejections          251
 stored as   -53

 highest radius point found:
  at point    0.949  -2.736 -10.889
  closest atom surface    9.290   H8  84  X    0
  2nd closest surface     9.291   H20 84  X    0
  found on step  774
 current point:
  at point    0.950  -2.736 -10.889
  closest atom surface    9.290   H20 84  X    0
  2nd closest surface     9.291   H8  84  X    0
  found on step  927
  no. of rejections          263
 stored as   -54

 highest radius point found:
  at point    0.949  -2.746 -11.089
  closest atom surface    9.468   H20 84  X    0
  2nd closest surface     9.469   H8  84  X    0
  found on step   28
 current point:
  at point    0.796  -3.777 -11.089
  closest atom surface    9.446   C3  84  X    0
  2nd closest surface     9.448   H20 84  X    0
  found on step  948
  no. of rejections          255
 stored as   -55

 highest radius point found:
  at point    0.952  -2.747 -11.289
  closest atom surface    9.646   H8  84  X    0
  2nd closest surface     9.647   H20 84  X    0
  found on step    7
 current point:
  at point    0.785  -3.855 -11.289
  closest atom surface    9.628   H21 84  X    0
  2nd closest surface     9.628   C3  84  X    0
  found on step  921
  no. of rejections          281
 stored as   -56

 highest radius point found:
  at point    0.946  -2.761 -11.489
  closest atom surface    9.827   H8  84  X    0
  2nd closest surface     9.828   C3  84  X    0
  found on step  902
  this is also current point
  no. of rejections          272
 stored as   -57

 highest radius point found:
  at point    0.940  -2.796 -11.689
  closest atom surface   10.006   C3  84  X    0
  2nd closest surface    10.008   H20 84  X    0
  found on step    4
 current point:
  at point    0.711  -4.114 -11.689
  closest atom surface    9.986   C3  84  X    0
  2nd closest surface     9.986   H21 84  X    0
  found on step  985
  no. of rejections          256
 stored as   -58

 highest radius point found:
  at point    0.946  -2.788 -11.889
  closest atom surface   10.188   H20 84  X    0
  2nd closest surface    10.190   C3  84  X    0
  found on step  988
  this is also current point
  no. of rejections          282
 stored as   -59

 highest radius point found:
  at point    0.944  -2.794 -12.089
  closest atom surface   10.371   C3  84  X    0
  2nd closest surface    10.371   H20 84  X    0
  found on step  112
 current point:
  at point    0.941  -2.799 -12.089
  closest atom surface   10.370   C3  84  X    0
  2nd closest surface    10.371   H20 84  X    0
  found on step  960
  no. of rejections          271
 stored as   -60

 highest radius point found:
  at point    0.944  -2.794 -12.289
  closest atom surface   10.553   H8  84  X    0
  2nd closest surface    10.553   C3  84  X    0
  found on step    1
 current point:
  at point    0.800  -3.789 -12.289
  closest atom surface   10.536   C3  84  X    0
  2nd closest surface    10.537   H20 84  X    0
  found on step  990
  no. of rejections          268
 stored as   -61

 highest radius point found:
  at point    0.942  -2.811 -12.489
  closest atom surface   10.736   C3  84  X    0
  2nd closest surface    10.736   H20 84  X    0
  found on step  560
 current point:
  at point    0.942  -2.827 -12.489
  closest atom surface   10.734   H20 84  X    0
  2nd closest surface    10.736   C3  84  X    0
  found on step  972
  no. of rejections          271
 stored as   -62

 highest radius point found:
  at point    0.944  -2.811 -12.689
  closest atom surface   10.920   C3  84  X    0
  2nd closest surface    10.920   H8  84  X    0
  found on step  954
  this is also current point
  no. of rejections          254
 stored as   -63

 highest radius point found:
  at point    0.945  -2.818 -12.889
  closest atom surface   11.103   H20 84  X    0
  2nd closest surface    11.104   H8  84  X    0
  found on step  928
  this is also current point
  no. of rejections          249
 stored as   -64

 highest radius point found:
  at point    0.943  -2.828 -13.089
  closest atom surface   11.288   H20 84  X    0
  2nd closest surface    11.288   C3  84  X    0
  found on step  983
  this is also current point
  no. of rejections          249
 stored as   -65

 highest radius point found:
  at point    0.942  -2.844 -13.289
  closest atom surface   11.472   C3  84  X    0
  2nd closest surface    11.472   H20 84  X    0
  found on step  981
  this is also current point
  no. of rejections          278
 stored as   -66

 highest radius point found:
  at point    0.942  -2.857 -13.489
  closest atom surface   11.657   H20 84  X    0
  2nd closest surface    11.657   C14 84  X    0
  found on step  936
  this is also current point
  no. of rejections          254
 stored as   -67

 highest radius point found:
  at point    0.944  -2.880 -13.689
  closest atom surface   11.841   H20 84  X    0
  2nd closest surface    11.844   C3  84  X    0
  found on step  457
 current point:
  at point    0.896  -3.168 -13.689
  closest atom surface   11.832   C3  84  X    0
  2nd closest surface    11.832   H20 84  X    0
  found on step  963
  no. of rejections          258
 stored as   -68

 highest radius point found:
  at point    0.936  -2.902 -13.889
  closest atom surface   12.028   C3  84  X    0
  2nd closest surface    12.028   H20 84  X    0
  found on step  779
 current point:
  at point    0.935  -2.918 -13.889
  closest atom surface   12.027   H20 84  X    0
  2nd closest surface    12.028   C3  84  X    0
  found on step 1000
  no. of rejections          252
 stored as   -69

 highest radius point found:
  at point    0.937  -2.914 -14.089
  closest atom surface   12.214   H20 84  X    0
  2nd closest surface    12.215   C3  84  X    0
  found on step  997
  this is also current point
  no. of rejections          273
 stored as   -70

 highest radius point found:
  at point    0.937  -2.922 -14.289
  closest atom surface   12.401   H20 84  X    0
  2nd closest surface    12.402   C3  84  X    0
  found on step  985
  this is also current point
  no. of rejections          247
 stored as   -71

 highest radius point found:
  at point    0.935  -2.956 -14.489
  closest atom surface   12.587   H20 84  X    0
  2nd closest surface    12.587   C4  84  X    0
  found on step   44
 current point:
  at point    0.931  -2.961 -14.489
  closest atom surface   12.585   C4  84  X    0
  2nd closest surface    12.587   C3  84  X    0
  found on step  963
  no. of rejections          237
 stored as   -72

 highest radius point found:
  at point    0.948  -2.937 -14.689
  closest atom surface   12.773   H20 84  X    0
  2nd closest surface    12.773   C4  84  X    0
  found on step  948
  this is also current point
  no. of rejections          268
 stored as   -73

 highest radius point found:
  at point    0.956  -2.977 -14.889
  closest atom surface   12.956   H20 84  X    0
  2nd closest surface    12.957   C4  84  X    0
  found on step  217
 current point:
  at point    0.892  -3.582 -14.889
  closest atom surface   12.939   H20 84  X    0
  2nd closest surface    12.940   C4  84  X    0
  found on step  952
  no. of rejections          255
 stored as   -74

 highest radius point found:
  at point    0.967  -2.958 -15.089
  closest atom surface   13.143   C4  84  X    0
  2nd closest surface    13.143   H17 84  X    0
  found on step  974
  this is also current point
  no. of rejections          242
 stored as   -75

 highest radius point found:
  at point    0.972  -3.029 -15.289
  closest atom surface   13.326   H20 84  X    0
  2nd closest surface    13.326   H17 84  X    0
  found on step  527
 current point:
  at point    0.968  -3.053 -15.289
  closest atom surface   13.325   H20 84  X    0
  2nd closest surface    13.325   C4  84  X    0
  found on step  903
  no. of rejections          254
 stored as   -76

 highest radius point found:
  at point    0.812  -4.669 -15.489
  closest atom surface   13.530   C4  84  X    0
  2nd closest surface    13.532   H20 84  X    0
  found on step  347
 current point:
  at point    0.872  -4.133 -15.489
  closest atom surface   13.504   H20 84  X    0
  2nd closest surface    13.507   C4  84  X    0
  found on step  998
  no. of rejections          250
 stored as   -77

 highest radius point found:
  at point    0.780  -5.207 -15.689
  closest atom surface   13.761   H20 84  X    0
  2nd closest surface    13.761   C32 84  X    0
  found on step  864
 current point:
  at point    0.784  -5.200 -15.689
  closest atom surface   13.759   H20 84  X    0
  2nd closest surface    13.763   C32 84  X    0
  found on step  987
  no. of rejections          244
 stored as   -78

 highest radius point found:
  at point    0.782  -5.238 -15.889
  closest atom surface   13.952   C32 84  X    0
  2nd closest surface    13.952   H20 84  X    0
  found on step  940
  this is also current point
  no. of rejections          235
 stored as   -79

 highest radius point found:
  at point    0.791  -5.253 -16.089
  closest atom surface   14.141   C4  84  X    0
  2nd closest surface    14.141   H20 84  X    0
  found on step  963
  this is also current point
  no. of rejections          158
 stored as   -80

 highest radius point found:
  at point    0.797  -5.301 -16.289
  closest atom surface   14.332   C4  84  X    0
  2nd closest surface    14.333   H20 84  X    0
  found on step 1000
  this is also current point
  no. of rejections          113
 stored as   -81

 highest radius point found:
  at point    0.806  -5.354 -16.489
  closest atom surface   14.524   C32 84  X    0
  2nd closest surface    14.525   H20 84  X    0
  found on step  880
 current point:
  at point    0.802  -5.353 -16.489
  closest atom surface   14.524   C32 84  X    0
  2nd closest surface    14.525   C4  84  X    0
  found on step  959
  no. of rejections          233
 stored as   -82

 highest radius point found:
  at point    0.814  -5.369 -16.689
  closest atom surface   14.714   H20 84  X    0
  2nd closest surface    14.715   C4  84  X    0
  found on step  972
  this is also current point
  no. of rejections          192
 stored as   -83

 highest radius point found:
  at point    0.821  -5.425 -16.889
  closest atom surface   14.908   H20 84  X    0
  2nd closest surface    14.908   C32 84  X    0
  found on step  965
  this is also current point
  no. of rejections          234
 stored as   -84

 highest radius point found:
  at point    0.827  -5.460 -17.089
  closest atom surface   15.100   H20 84  X    0
  2nd closest surface    15.100   C4  84  X    0
  found on step  974
  this is also current point
  no. of rejections          213
 stored as   -85

 highest radius point found:
  at point    0.834  -5.499 -17.289
  closest atom surface   15.292   C32 84  X    0
  2nd closest surface    15.293   C4  84  X    0
  found on step  693
 current point:
  at point    0.826  -5.508 -17.289
  closest atom surface   15.290   C32 84  X    0
  2nd closest surface    15.291   C4  84  X    0
  found on step  995
  no. of rejections          190
 stored as   -86

 highest radius point found:
  at point    0.841  -5.534 -17.489
  closest atom surface   15.485   C4  84  X    0
  2nd closest surface    15.485   C32 84  X    0
  found on step  990
  this is also current point
  no. of rejections          182
 stored as   -87

 highest radius point found:
  at point    0.852  -5.572 -17.689
  closest atom surface   15.677   H20 84  X    0
  2nd closest surface    15.678   C32 84  X    0
  found on step  938
  this is also current point
  no. of rejections          184
 stored as   -88

 highest radius point found:
  at point    0.857  -5.608 -17.889
  closest atom surface   15.871   H20 84  X    0
  2nd closest surface    15.871   C32 84  X    0
  found on step  966
  this is also current point
  no. of rejections          210
 stored as   -89

 highest radius point found:
  at point    0.863  -5.649 -18.089
  closest atom surface   16.063   C32 84  X    0
  2nd closest surface    16.064   C4  84  X    0
  found on step  949
  this is also current point
  no. of rejections          239
 stored as   -90

 highest radius point found:
  at point    0.874  -5.683 -18.289
  closest atom surface   16.257   H20 84  X    0
  2nd closest surface    16.258   C32 84  X    0
  found on step  994
  this is also current point
  no. of rejections          185
 stored as   -91

 highest radius point found:
  at point    0.882  -5.716 -18.489
  closest atom surface   16.450   H20 84  X    0
  2nd closest surface    16.452   C32 84  X    0
  found on step  990
  this is also current point
  no. of rejections          217
 stored as   -92

 highest radius point found:
  at point    0.889  -5.755 -18.689
  closest atom surface   16.645   H20 84  X    0
  2nd closest surface    16.645   C32 84  X    0
  found on step  992
  this is also current point
  no. of rejections          205
 stored as   -93

 highest radius point found:
  at point    0.896  -5.797 -18.889
  closest atom surface   16.839   C32 84  X    0
  2nd closest surface    16.839   H20 84  X    0
  found on step   89
 current point:
  at point    0.896  -5.802 -18.889
  closest atom surface   16.838   C32 84  X    0
  2nd closest surface    16.840   H20 84  X    0
  found on step  966
  no. of rejections          197
 stored as   -94

 highest radius point found:
  at point    0.902  -5.827 -19.089
  closest atom surface   17.033   H20 84  X    0
  2nd closest surface    17.033   C4  84  X    0
  found on step  946
  this is also current point
  no. of rejections          202
 stored as   -95

 highest radius point found:
  at point    0.911  -5.865 -19.289
  closest atom surface   17.228   H20 84  X    0
  2nd closest surface    17.228   C4  84  X    0
  found on step  964
  this is also current point
  no. of rejections          180
 stored as   -96

 highest radius point found:
  at point    0.935  -5.934 -19.489
  closest atom surface   17.420   C32 84  X    0
  2nd closest surface    17.422   H20 84  X    0
  found on step    9
 current point:
  at point    0.964  -5.449 -19.489
  closest atom surface   17.374   H20 84  X    0
  2nd closest surface    17.376   C4  84  X    0
  found on step  987
  no. of rejections          227
 stored as   -97

 highest radius point found:
  at point    0.928  -5.948 -19.689
  closest atom surface   17.617   C32 84  X    0
  2nd closest surface    17.618   H20 84  X    0
  found on step  928
  this is also current point
  no. of rejections          203
 stored as   -98

 highest radius point found:
  at point    0.929  -5.988 -19.889
  closest atom surface   17.812   C32 84  X    0
  2nd closest surface    17.813   C4  84  X    0
  found on step   14
 current point:
  at point    1.142  -6.257 -19.889
  closest atom surface   17.794   H20 84  X    0
  2nd closest surface    17.797   C32 84  X    0
  found on step 1000
  no. of rejections          182
 stored as   -99

 highest radius point found:
  at point    0.929  -5.988 -20.089
  closest atom surface   18.001   C4  84  X    0
  2nd closest surface    18.009   H20 84  X    0
  found on step    1
 current point:
  at point    1.070  -6.195 -20.089
  closest atom surface   17.998   H20 84  X    0
  2nd closest surface    17.998   C32 84  X    0
  found on step  999
  no. of rejections          162
 stored as  -100

 highest radius point found:
  at point    0.946  -6.054 -20.289
  closest atom surface   18.203   C32 84  X    0
  2nd closest surface    18.204   C4  84  X    0
  found on step  996
  this is also current point
  no. of rejections          176
 stored as  -101

 highest radius point found:
  at point    0.961  -6.090 -20.489
  closest atom surface   18.399   H20 84  X    0
  2nd closest surface    18.399   C32 84  X    0
  found on step  986
  this is also current point
  no. of rejections          218
 stored as  -102

 highest radius point found:
  at point    0.986  -6.169 -20.689
  closest atom surface   18.592   C32 84  X    0
  2nd closest surface    18.595   H20 84  X    0
  found on step  142
 current point:
  at point    1.655  -7.095 -20.689
  closest atom surface   18.574   C32 84  X    0
  2nd closest surface    18.575   H20 84  X    0
  found on step  932
  no. of rejections          169
 stored as  -103

 highest radius point found:
  at point    0.973  -6.162 -20.889
  closest atom surface   18.791   C32 84  X    0
  2nd closest surface    18.791   H20 84  X    0
  found on step  971
  this is also current point
  no. of rejections          184
 stored as  -104

 highest radius point found:
  at point    2.147  -7.874 -21.089
  closest atom surface   18.998   C32 84  X    0
  2nd closest surface    19.009   H20 84  X    0
  found on step 1000
  this is also current point
  no. of rejections          150
 stored as  -105

 highest radius point found:
  at point    2.147  -7.874 -21.289
  closest atom surface   19.197   C32 84  X    0
  2nd closest surface    19.202   H20 84  X    0
  found on step    1
 current point:
  at point    0.992  -6.242 -21.289
  closest atom surface   19.183   C32 84  X    0
  2nd closest surface    19.183   H20 84  X    0
  found on step  969
  no. of rejections          175
 stored as  -106

 highest radius point found:
  at point    4.115 -10.489 -21.489
  closest atom surface   19.824   H20 84  X    0
  2nd closest surface    19.829   C32 84  X    0
  found on step 1000
  this is also current point
  no. of rejections          134
 stored as  -107

 highest radius point found:
  at point    9.130 -17.233 -21.689
  closest atom surface   23.133   C32 84  X    0
  2nd closest surface    23.142   C27 84  X    0
  found on step 1000
  this is also current point
  no. of rejections          192
 This is an end! (radius above  22.0 angs)
 
 N.b. Graph information routine (HOGRAP) differs 
        markedly from previous versions!
       Information now is written from -ve end
       to +ve in one pass
 
 Explanation of the meaning of each column: 
 First column "cenxyz.cvec" is the coordinate in the
   direction of the channel vector i.e. if the channel
   vector is in z (0 0 1) then it is the z coordinate.
 The second column "radius" is the hole pore radius 
   (as defined in the Biophys J 1993) article).
 The third column "cen_line_D" is the distance 
   measured along the pore centre line - with the 
   first point found set to zero. This was the first
   thing that I used to measure the distance along a pore
   but "cenxyz.cvec" is a much better general measure. 
   However, by comparing changes in this distance to changes in '   "cenxyz.cvec" one can get a measure of how straight a 
   channel is.
 The fourth column "sum{s/(area)}" is useful in conductance
   prediction -
   basically it is the sum of the thickness of each slab
   divided by its area. HOLE uses this measure to estimate
   the macroscopic conductance of a channel.
 If any of this worries you one can see the "raw" results
   of a standard hole run by producing a sphpdb file and 
    directly looking at the results.
 cenxyz.cvec      radius  cen_line_D sum{s/(area point sourc
   -21.48880    19.82371   -29.18703     0.00008   (sampled)
   -21.38880    19.44982   -27.54747     0.00017 (mid-point)
   -21.28880    19.19682   -25.90792     0.00025   (sampled)
   -21.18880    19.09738   -25.80792     0.00034 (mid-point)
   -21.08880    18.99795   -25.70792     0.00043   (sampled)
   -20.98880    18.86844   -24.66525     0.00052 (mid-point)
   -20.88880    18.79085   -23.62258     0.00061   (sampled)
   -20.78880    18.69142   -23.52228     0.00070 (mid-point)
   -20.68880    18.59200   -23.42199     0.00079   (sampled)
   -20.58880    18.49557   -23.31373     0.00088 (mid-point)
   -20.48880    18.39856   -23.20548     0.00098   (sampled)
   -20.38880    18.30123   -23.10359     0.00107 (mid-point)
   -20.28880    18.20324   -23.00171     0.00117   (sampled)
   -20.18880    18.10216   -22.89607     0.00127 (mid-point)
   -20.08880    18.00083   -22.79043     0.00136   (sampled)
   -19.98880    17.90713   -22.69043     0.00146 (mid-point)
   -19.88880    17.81166   -22.59043     0.00156   (sampled)
   -19.78880    17.71439   -22.48849     0.00166 (mid-point)
   -19.68880    17.61717   -22.38655     0.00177   (sampled)
   -19.58880    17.51882   -22.28625     0.00187 (mid-point)
   -19.48880    17.42048   -22.18594     0.00198   (sampled)
   -19.38880    17.32444   -22.07936     0.00208 (mid-point)
   -19.28880    17.22798   -21.97278     0.00219   (sampled)
   -19.18880    17.13068   -21.87092     0.00230 (mid-point)
   -19.08880    17.03343   -21.76905     0.00241   (sampled)
   -18.98880    16.93634   -21.66788     0.00252 (mid-point)
   -18.88880    16.83902   -21.56670     0.00263   (sampled)
   -18.78880    16.74200   -21.46451     0.00274 (mid-point)
   -18.68880    16.64476   -21.36232     0.00286   (sampled)
   -18.58880    16.54750   -21.26038     0.00297 (mid-point)
   -18.48880    16.45029   -21.15844     0.00309   (sampled)
   -18.38880    16.35359   -21.05702     0.00321 (mid-point)
   -18.28880    16.25695   -20.95559     0.00333   (sampled)
   -18.18880    16.16050   -20.85395     0.00345 (mid-point)
   -18.08880    16.06349   -20.75231     0.00358   (sampled)
   -17.98880    15.96714   -20.65019     0.00370 (mid-point)
   -17.88880    15.87060   -20.54807     0.00383   (sampled)
   -17.78880    15.77383   -20.44647     0.00396 (mid-point)
   -17.68880    15.67711   -20.34488     0.00409   (sampled)
   -17.58880    15.58101   -20.24291     0.00422 (mid-point)
   -17.48880    15.48481   -20.14095     0.00435   (sampled)
   -17.38880    15.38851   -20.03937     0.00448 (mid-point)
   -17.28880    15.29212   -19.93778     0.00462   (sampled)
   -17.18880    15.19612   -19.83580     0.00476 (mid-point)
   -17.08880    15.10002   -19.73383     0.00490   (sampled)
   -16.98880    15.00380   -19.63226     0.00504 (mid-point)
   -16.88880    14.90764   -19.53069     0.00518   (sampled)
   -16.78880    14.81089   -19.42677     0.00533 (mid-point)
   -16.68880    14.71424   -19.32285     0.00547   (sampled)
   -16.58880    14.61948   -19.22248     0.00562 (mid-point)
   -16.48880    14.52427   -19.12212     0.00577   (sampled)
   -16.38880    14.42876   -19.01862     0.00593 (mid-point)
   -16.28880    14.33232   -18.91513     0.00608   (sampled)
   -16.18880    14.23641   -18.81225     0.00624 (mid-point)
   -16.08880    14.14057   -18.70937     0.00640   (sampled)
   -15.98880    14.04653   -18.60900     0.00656 (mid-point)
   -15.88880    13.95238   -18.50862     0.00672   (sampled)
   -15.78880    13.85677   -18.40744     0.00689 (mid-point)
   -15.68880    13.76122   -18.30626     0.00706   (sampled)
   -15.58880    13.64434   -18.01882     0.00723 (mid-point)
   -15.48880    13.52991   -17.73138     0.00740   (sampled)
   -15.38880    13.40538   -16.90136     0.00758 (mid-point)
   -15.28880    13.32560   -16.07134     0.00776   (sampled)
   -15.18880    13.23431   -15.96519     0.00794 (mid-point)
   -15.08880    13.14316   -15.85904     0.00812   (sampled)
   -14.98880    13.04958   -15.75844     0.00831 (mid-point)
   -14.88880    12.95604   -15.65783     0.00850   (sampled)
   -14.78880    12.86444   -15.55577     0.00869 (mid-point)
   -14.68880    12.77298   -15.45370     0.00889   (sampled)
   -14.58880    12.67990   -15.35301     0.00909 (mid-point)
   -14.48880    12.58692   -15.25232     0.00929   (sampled)
   -14.38880    12.49410   -15.15082     0.00949 (mid-point)
   -14.28880    12.40141   -15.04931     0.00970   (sampled)
   -14.18880    12.30776   -14.94924     0.00991 (mid-point)
   -14.08880    12.21420   -14.84916     0.01012   (sampled)
   -13.98880    12.12119   -14.74899     0.01034 (mid-point)
   -13.88880    12.02766   -14.64882     0.01056   (sampled)
   -13.78880    11.93453   -14.54816     0.01078 (mid-point)
   -13.68880    11.84076   -14.44749     0.01101   (sampled)
   -13.58880    11.74893   -14.34681     0.01124 (mid-point)
   -13.48880    11.65723   -14.24613     0.01147   (sampled)
   -13.38880    11.56474   -14.14591     0.01171 (mid-point)
   -13.28880    11.47233   -14.04568     0.01195   (sampled)
   -13.18880    11.38005   -13.94537     0.01220 (mid-point)
   -13.08880    11.28785   -13.84505     0.01245   (sampled)
   -12.98880    11.19538   -13.74492     0.01270 (mid-point)
   -12.88880    11.10304   -13.64479     0.01296   (sampled)
   -12.78880    11.01129   -13.54473     0.01322 (mid-point)
   -12.68880    10.91960   -13.44467     0.01349   (sampled)
   -12.58880    10.82751   -13.34466     0.01376 (mid-point)
   -12.48880    10.73554   -13.24466     0.01404   (sampled)
   -12.38880    10.64420   -13.14432     0.01432 (mid-point)
   -12.28880    10.55295   -13.04398     0.01461   (sampled)
   -12.18880    10.46171   -12.94398     0.01490 (mid-point)
   -12.08880    10.37055   -12.84398     0.01519   (sampled)
   -11.98880    10.27927   -12.74391     0.01549 (mid-point)
   -11.88880    10.18792   -12.64384     0.01580   (sampled)
   -11.78880    10.09768   -12.54369     0.01611 (mid-point)
   -11.68880    10.00582   -12.44355     0.01643   (sampled)
   -11.58880     9.91675   -12.34197     0.01675 (mid-point)
   -11.48880     9.82729   -12.24040     0.01708   (sampled)
   -11.38880     9.73674   -12.14011     0.01742 (mid-point)
   -11.28880     9.64636   -12.03982     0.01776   (sampled)
   -11.18880     9.55758   -11.93981     0.01811 (mid-point)
   -11.08880     9.46850   -11.83979     0.01846   (sampled)
   -10.98880     9.37953   -11.73968     0.01883 (mid-point)
   -10.88880     9.29049   -11.63956     0.01920   (sampled)
   -10.78880     9.20161   -11.53950     0.01957 (mid-point)
   -10.68880     9.11205   -11.43944     0.01995   (sampled)
   -10.58880     9.02420   -11.33938     0.02035 (mid-point)
   -10.48880     8.93656   -11.23933     0.02074   (sampled)
   -10.38880     8.84822   -11.13933     0.02115 (mid-point)
   -10.28880     8.76007   -11.03933     0.02157   (sampled)
   -10.18880     8.67319   -10.93827     0.02199 (mid-point)
   -10.08880     8.58333   -10.83722     0.02242   (sampled)
    -9.98880     8.49824   -10.73722     0.02286 (mid-point)
    -9.88880     8.41200   -10.63722     0.02331   (sampled)
    -9.78880     8.32471   -10.53670     0.02377 (mid-point)
    -9.68880     8.23752   -10.43618     0.02424   (sampled)
    -9.58880     8.15231   -10.33614     0.02472 (mid-point)
    -9.48880     8.06740   -10.23610     0.02521   (sampled)
    -9.38880     7.98203   -10.13597     0.02571 (mid-point)
    -9.28880     7.89697   -10.03585     0.02622   (sampled)
    -9.18880     7.81243    -9.93582     0.02674 (mid-point)
    -9.08880     7.72748    -9.83580     0.02727   (sampled)
    -8.98880     7.64337    -9.73569     0.02782 (mid-point)
    -8.88880     7.55958    -9.63558     0.02837   (sampled)
    -8.78880     7.47610    -9.53546     0.02894 (mid-point)
    -8.68880     7.39295    -9.43534     0.02953   (sampled)
    -8.58880     7.31046    -9.33493     0.03012 (mid-point)
    -8.48880     7.22691    -9.23451     0.03073   (sampled)
    -8.38880     7.14591    -9.13451     0.03135 (mid-point)
    -8.28880     7.06367    -9.03451     0.03199   (sampled)
    -8.18880     6.98187    -8.93374     0.03265 (mid-point)
    -8.08880     6.89667    -8.83297     0.03331   (sampled)
    -7.98880     6.80612    -8.72206     0.03400 (mid-point)
    -7.88880     6.71586    -8.61116     0.03471   (sampled)
    -7.78880     6.62634    -8.49261     0.03543 (mid-point)
    -7.68880     6.53761    -8.37406     0.03618   (sampled)
    -7.58880     6.44913    -8.26386     0.03694 (mid-point)
    -7.48880     6.36124    -8.15366     0.03773   (sampled)
    -7.38880     6.27447    -8.03815     0.03854 (mid-point)
    -7.28880     6.18851    -7.92264     0.03937   (sampled)
    -7.18880     6.10213    -7.80977     0.04022 (mid-point)
    -7.08880     6.01636    -7.69689     0.04110   (sampled)
    -6.98880     5.93328    -7.58159     0.04201 (mid-point)
    -6.88880     5.85029    -7.46629     0.04294   (sampled)
    -6.78880     5.76753    -7.35571     0.04389 (mid-point)
    -6.68880     5.68475    -7.24514     0.04488   (sampled)
    -6.58880     5.60463    -7.12893     0.04589 (mid-point)
    -6.48880     5.52534    -7.01272     0.04694   (sampled)
    -6.38880     5.44577    -6.89762     0.04801 (mid-point)
    -6.28880     5.36729    -6.78252     0.04911   (sampled)
    -6.18880     5.28955    -6.67214     0.05025 (mid-point)
    -6.08880     5.21279    -6.56176     0.05142   (sampled)
    -5.98880     5.13939    -6.43373     0.05263 (mid-point)
    -5.88880     5.06603    -6.30569     0.05387   (sampled)
    -5.78880     4.99565    -6.19443     0.05514 (mid-point)
    -5.68880     4.92578    -6.08316     0.05646   (sampled)
    -5.58880     4.85633    -5.96420     0.05780 (mid-point)
    -5.48880     4.78849    -5.84524     0.05919   (sampled)
    -5.38880     4.71954    -5.71360     0.06062 (mid-point)
    -5.28880     4.65281    -5.58197     0.06209   (sampled)
    -5.18880     4.59268    -5.47643     0.06360 (mid-point)
    -5.08880     4.53390    -5.37089     0.06515   (sampled)
    -4.98880     4.46983    -5.23557     0.06674 (mid-point)
    -4.88880     4.40838    -5.10025     0.06838   (sampled)
    -4.78880     4.34819    -4.99282     0.07006 (mid-point)
    -4.68880     4.28868    -4.88539     0.07180   (sampled)
    -4.58880     4.23068    -4.78250     0.07357 (mid-point)
    -4.48880     4.17311    -4.67961     0.07540   (sampled)
    -4.38880     4.11763    -4.57495     0.07728 (mid-point)
    -4.28880     4.06234    -4.47029     0.07921   (sampled)
    -4.18880     4.00681    -4.36326     0.08119 (mid-point)
    -4.08880     3.95156    -4.25624     0.08323   (sampled)
    -3.98880     3.89880    -4.14895     0.08532 (mid-point)
    -3.88880     3.84614    -4.04166     0.08747   (sampled)
    -3.78880     3.79696    -3.93483     0.08968 (mid-point)
    -3.68880     3.74939    -3.82800     0.09195   (sampled)
    -3.58880     3.70351    -3.72125     0.09427 (mid-point)
    -3.48880     3.65812    -3.61450     0.09665   (sampled)
    -3.38880     3.61531    -3.50562     0.09908 (mid-point)
    -3.28880     3.57454    -3.39675     0.10157   (sampled)
    -3.18880     3.53639    -3.29033     0.10412 (mid-point)
    -3.08880     3.49879    -3.18392     0.10672   (sampled)
    -2.98880     3.46342    -3.07246     0.10937 (mid-point)
    -2.88880     3.43017    -2.96100     0.11208   (sampled)
    -2.78880     3.40113    -2.85528     0.11483 (mid-point)
    -2.68880     3.37426    -2.74957     0.11762   (sampled)
    -2.58880     3.34329    -2.64500     0.12047 (mid-point)
    -2.48880     3.31046    -2.54042     0.12338   (sampled)
    -2.38880     3.26480    -2.43391     0.12636 (mid-point)
    -2.28880     3.22053    -2.32740     0.12943   (sampled)
    -2.18880     3.17814    -2.22154     0.13258 (mid-point)
    -2.08880     3.13720    -2.11569     0.13582   (sampled)
    -1.98880     3.09783    -2.01109     0.13914 (mid-point)
    -1.88880     3.06031    -1.90648     0.14253   (sampled)
    -1.78880     3.02363    -1.80465     0.14602 (mid-point)
    -1.68880     2.98877    -1.70281     0.14958   (sampled)
    -1.58880     2.95917    -1.59150     0.15321 (mid-point)
    -1.48880     2.93190    -1.48020     0.15692   (sampled)
    -1.38880     2.90492    -1.37632     0.16069 (mid-point)
    -1.28880     2.87846    -1.27244     0.16453   (sampled)
    -1.18880     2.85596    -1.16679     0.16843 (mid-point)
    -1.08880     2.83567    -1.06114     0.17239   (sampled)
    -0.98880     2.81772    -0.95533     0.17640 (mid-point)
    -0.88880     2.80203    -0.84952     0.18046   (sampled)
    -0.78880     2.78907    -0.74203     0.18455 (mid-point)
    -0.68880     2.77846    -0.63453     0.18867   (sampled)
    -0.58880     2.76843    -0.52987     0.19282 (mid-point)
    -0.48880     2.76068    -0.42522     0.19700   (sampled)
    -0.38880     2.75777    -0.31846     0.20119 (mid-point)
    -0.28880     2.75645    -0.21170     0.20537   (sampled)
    -0.18880     2.75619    -0.10585     0.20957 (mid-point)
    -0.08880     2.75825    -0.00000     0.21375   (sampled)
     0.01120     2.76444     0.10519     0.21791 (mid-point)
     0.11120     2.77155     0.21039     0.22206   (sampled)
     0.21120     2.78106     0.31595     0.22617 (mid-point)
     0.31120     2.79214     0.42152     0.23026   (sampled)
     0.41120     2.79930     0.52193     0.23432 (mid-point)
     0.51120     2.80853     0.62235     0.23835   (sampled)
     0.61120     2.81649     0.72313     0.24237 (mid-point)
     0.71120     2.82558     0.82390     0.24635   (sampled)
     0.81120     2.83772     0.92510     0.25031 (mid-point)
     0.91120     2.85078     1.02629     0.25422   (sampled)
     1.01120     2.86695     1.12749     0.25810 (mid-point)
     1.11120     2.88516     1.22869     0.26192   (sampled)
     1.21120     2.90554     1.32944     0.26569 (mid-point)
     1.31120     2.92647     1.43019     0.26941   (sampled)
     1.41120     2.95155     1.53163     0.27306 (mid-point)
     1.51120     2.97644     1.63307     0.27665   (sampled)
     1.61120     3.00413     1.73411     0.28018 (mid-point)
     1.71120     3.03371     1.83514     0.28364   (sampled)
     1.81120     3.06608     1.93597     0.28703 (mid-point)
     1.91120     3.09930     2.03680     0.29034   (sampled)
     2.01120     3.13364     2.13806     0.29358 (mid-point)
     2.11120     3.16871     2.23932     0.29675   (sampled)
     2.21120     3.20837     2.34045     0.29984 (mid-point)
     2.31120     3.24967     2.44157     0.30286   (sampled)
     2.41120     3.29170     2.54258     0.30580 (mid-point)
     2.51120     3.33521     2.64359     0.30866   (sampled)
     2.61120     3.38007     2.74423     0.31144 (mid-point)
     2.71120     3.42634     2.84487     0.31415   (sampled)
     2.81120     3.47452     2.94650     0.31679 (mid-point)
     2.91120     3.52352     3.04812     0.31935   (sampled)
     3.01120     3.57462     3.14889     0.32185 (mid-point)
     3.11120     3.62706     3.24967     0.32427   (sampled)
     3.21120     3.68051     3.35068     0.32662 (mid-point)
     3.31120     3.73524     3.45170     0.32890   (sampled)
     3.41120     3.79104     3.55259     0.33111 (mid-point)
     3.51120     3.84805     3.65347     0.33326   (sampled)
     3.61120     3.90662     3.75460     0.33535 (mid-point)
     3.71120     3.96634     3.85573     0.33737   (sampled)
     3.81120     4.02331     3.96331     0.33934 (mid-point)
     3.91120     4.08046     4.07090     0.34125   (sampled)
     4.01120     4.13911     4.18020     0.34311 (mid-point)
     4.11120     4.19913     4.28950     0.34491   (sampled)
     4.21120     4.26085     4.40235     0.34667 (mid-point)
     4.31120     4.32399     4.51521     0.34837   (sampled)
     4.41120     4.38568     4.61765     0.35002 (mid-point)
     4.51120     4.44470     4.72010     0.35163   (sampled)
     4.61120     4.49960     4.82215     0.35321 (mid-point)
     4.71120     4.55450     4.92420     0.35474   (sampled)
     4.81120     4.61202     5.02560     0.35624 (mid-point)
     4.91120     4.67058     5.12700     0.35770   (sampled)
     5.01120     4.73104     5.22772     0.35912 (mid-point)
     5.11120     4.79057     5.32843     0.36051   (sampled)
     5.21120     4.85235     5.43014     0.36186 (mid-point)
     5.31120     4.91509     5.53186     0.36317   (sampled)
     5.41120     4.97825     5.63278     0.36446 (mid-point)
     5.51120     5.04230     5.73371     0.36571   (sampled)
     5.61120     5.10757     5.83460     0.36693 (mid-point)
     5.71120     5.17243     5.93549     0.36812   (sampled)
     5.81120     5.23796     6.03567     0.36928 (mid-point)
     5.91120     5.30441     6.13585     0.37041   (sampled)
     6.01120     5.36874     6.23588     0.37152 (mid-point)
     6.11120     5.43398     6.33592     0.37259   (sampled)
     6.21120     5.50110     6.43592     0.37365 (mid-point)
     6.31120     5.56897     6.53592     0.37467   (sampled)
     6.41120     5.63787     6.63597     0.37567 (mid-point)
     6.51120     5.70655     6.73601     0.37665   (sampled)
     6.61120     5.77583     6.83604     0.37761 (mid-point)
     6.71120     5.84580     6.93607     0.37854   (sampled)
     6.81120     5.91757     7.03610     0.37945 (mid-point)
     6.91120     5.98996     7.13613     0.38033   (sampled)
     7.01120     6.06145     7.23636     0.38120 (mid-point)
     7.11120     6.13354     7.33659     0.38205   (sampled)
     7.21120     6.20784     7.43659     0.38287 (mid-point)
     7.31120     6.28226     7.53659     0.38368   (sampled)
     7.41120     6.35777     7.63660     0.38447 (mid-point)
     7.51120     6.43277     7.73660     0.38524   (sampled)
     7.61120     6.50950     7.83670     0.38599 (mid-point)
     7.71120     6.58570     7.93680     0.38672   (sampled)
     7.81120     6.66291     8.03681     0.38744 (mid-point)
     7.91120     6.74021     8.13683     0.38814   (sampled)
     8.01120     6.81743     8.23693     0.38882 (mid-point)
     8.11120     6.89498     8.33703     0.38949   (sampled)
     8.21120     6.97485     8.43705     0.39015 (mid-point)
     8.31120     7.05498     8.53707     0.39079   (sampled)
     8.41120     7.13361     8.63710     0.39141 (mid-point)
     8.51120     7.21267     8.73712     0.39202   (sampled)
     8.61120     7.29396     8.83750     0.39262 (mid-point)
     8.71120     7.37499     8.93788     0.39321   (sampled)
     8.81120     7.45749     9.03790     0.39378 (mid-point)
     8.91120     7.53861     9.13793     0.39434   (sampled)
     9.01120     7.62144     9.23811     0.39489 (mid-point)
     9.11120     7.70293     9.33829     0.39542   (sampled)
     9.21120     7.78688     9.43829     0.39595 (mid-point)
     9.31120     7.86853     9.53829     0.39646   (sampled)
     9.41120     7.95352     9.63859     0.39697 (mid-point)
     9.51120     8.03638     9.73890     0.39746   (sampled)
     9.61120     8.12077     9.83893     0.39794 (mid-point)
     9.71120     8.20547     9.93895     0.39841   (sampled)
     9.81120     8.29034    10.03897     0.39888 (mid-point)
     9.91120     8.37480    10.13899     0.39933   (sampled)
    10.01120     8.46083    10.23913     0.39978 (mid-point)
    10.11120     8.54618    10.33927     0.40021   (sampled)
    10.21120     8.63202    10.43935     0.40064 (mid-point)
    10.31120     8.71786    10.53943     0.40106   (sampled)
    10.41120     8.80409    10.63949     0.40147 (mid-point)
    10.51120     8.89057    10.73955     0.40187   (sampled)
    10.61120     8.88681    12.09395     0.40227 (mid-point)
    10.71120     9.06694    13.44836     0.40266   (sampled)
    10.81120     9.15531    13.54932     0.40304 (mid-point)
    10.91120     9.24289    13.65029     0.40341   (sampled)
    11.01120     9.33257    13.75042     0.40378 (mid-point)
    11.11120     9.42161    13.85056     0.40414   (sampled)
    11.21120     9.51111    13.95068     0.40449 (mid-point)
    11.31120     9.59997    14.05080     0.40484   (sampled)
    11.41120     9.68942    14.15085     0.40517 (mid-point)
    11.51120     9.77904    14.25090     0.40551   (sampled)
    11.61120     9.86873    14.35100     0.40583 (mid-point)
    11.71120     9.95839    14.45110     0.40616   (sampled)
    11.81120    10.04780    14.55110     0.40647 (mid-point)
    11.91120    10.13683    14.65110     0.40678   (sampled)
    12.01120    10.22875    14.75144     0.40708 (mid-point)
    12.11120    10.31870    14.85177     0.40738   (sampled)
    12.21120    10.40945    14.95189     0.40768 (mid-point)
    12.31120    10.50036    15.05200     0.40797   (sampled)
    12.41120    10.59055    15.15200     0.40825 (mid-point)
    12.51120    10.68052    15.25200     0.40853   (sampled)
    12.61120    10.77262    15.35225     0.40880 (mid-point)
    12.71120    10.86485    15.45251     0.40907   (sampled)
    12.81120    10.95587    15.55267     0.40934 (mid-point)
    12.91120    11.04704    15.65283     0.40960   (sampled)
    13.01120    11.13860    15.75320     0.40986 (mid-point)
    13.11120    11.23029    15.85356     0.41011   (sampled)
    13.21120    11.32060    15.95359     0.41036 (mid-point)
    13.31120    11.41105    16.05362     0.41060   (sampled)
    13.41120    11.50186    16.15391     0.41084 (mid-point)
    13.51120    11.59126    16.25420     0.41108   (sampled)
    13.61120    11.68250    16.35420     0.41131 (mid-point)
    13.71120    11.77289    16.45420     0.41154   (sampled)
    13.81120    11.86499    16.55433     0.41177 (mid-point)
    13.91120    11.95696    16.65446     0.41199   (sampled)
    14.01120    12.04856    16.75463     0.41221 (mid-point)
    14.11120    12.14005    16.85480     0.41242   (sampled)
    14.21120    12.23200    16.95497     0.41264 (mid-point)
    14.31120    12.32373    17.05515     0.41285   (sampled)
    14.41120    12.41575    17.15521     0.41305 (mid-point)
    14.51120    12.50708    17.25526     0.41326   (sampled)
    14.61120    12.59950    17.35551     0.41346 (mid-point)
    14.71120    12.69202    17.45576     0.41366   (sampled)
    14.81120    12.78460    17.55592     0.41385 (mid-point)
    14.91120    12.87635    17.65608     0.41404   (sampled)
    15.01120    12.96934    17.75618     0.41423 (mid-point)
    15.11120    13.06243    17.85629     0.41442   (sampled)
    15.21120    13.15512    17.95637     0.41460 (mid-point)
    15.31120    13.24791    18.05644     0.41478   (sampled)
    15.41120    13.34081    18.15644     0.41496 (mid-point)
    15.51120    13.43259    18.25644     0.41514   (sampled)
    15.61120    13.52448    18.35644     0.41531 (mid-point)
    15.71120    13.61647    18.45644     0.41548   (sampled)
    15.81120    13.71316    18.55835     0.41565 (mid-point)
    15.91120    13.80528    18.66025     0.41582   (sampled)
    16.01120    13.89894    18.76025     0.41599 (mid-point)
    16.11120    13.99267    18.86025     0.41615   (sampled)
    16.21120    14.08686    18.96026     0.41631 (mid-point)
    16.31120    14.18113    19.06028     0.41647   (sampled)
    16.41120    14.27466    19.16068     0.41662 (mid-point)
    16.51120    14.36817    19.26107     0.41678   (sampled)
    16.61120    14.46237    19.36107     0.41693 (mid-point)
    16.71120    14.55654    19.46107     0.41708   (sampled)
    16.81120    14.65071    19.56109     0.41723 (mid-point)
    16.91120    14.74466    19.66111     0.41737   (sampled)
    17.01120    14.83846    19.76179     0.41752 (mid-point)
    17.11120    14.93235    19.86247     0.41766   (sampled)
    17.21120    15.02712    19.96248     0.41780 (mid-point)
    17.31120    15.12196    20.06248     0.41794   (sampled)
    17.41120    15.21667    20.16248     0.41808 (mid-point)
    17.51120    15.31007    20.26248     0.41821   (sampled)
    17.61120    15.40574    20.36277     0.41835 (mid-point)
    17.71120    15.50028    20.46306     0.41848   (sampled)
    17.81120    15.59453    20.56317     0.41861 (mid-point)
    17.91120    15.68884    20.66329     0.41874   (sampled)
    18.01120    15.78384    20.76329     0.41887 (mid-point)
    18.11120    15.87837    20.86329     0.41900   (sampled)
    18.21120    15.97419    20.96356     0.41912 (mid-point)
    18.31120    16.06928    21.06383     0.41924   (sampled)
    18.41120    16.16427    21.16390     0.41937 (mid-point)
    18.51120    16.25904    21.26397     0.41949   (sampled)
    18.61120    16.35436    21.36397     0.41960 (mid-point)
    18.71120    16.44860    21.46397     0.41972   (sampled)
    18.81120    16.54410    21.56404     0.41984 (mid-point)
    18.91120    16.63965    21.66412     0.41995   (sampled)
    19.01120    16.73593    21.76447     0.42007 (mid-point)
    19.11120    16.83131    21.86483     0.42018   (sampled)
    19.21120    16.92667    21.96483     0.42029 (mid-point)
    19.31120    17.02115    22.06483     0.42040   (sampled)
    19.41120    17.11641    22.16486     0.42051 (mid-point)
    19.51120    17.21171    22.26488     0.42062   (sampled)
    19.61120    17.30847    22.36517     0.42072 (mid-point)
    19.71120    17.40475    22.46546     0.42083   (sampled)
    19.81120    17.50049    22.56565     0.42093 (mid-point)
    19.91120    17.59628    22.66583     0.42103   (sampled)
    20.01120    17.69212    22.76590     0.42114 (mid-point)
    20.11120    17.78771    22.86598     0.42124   (sampled)
    20.21120    17.88414    22.96600     0.42134 (mid-point)
    20.31120    17.97976    23.06603     0.42144   (sampled)
    20.41120    18.07569    23.16655     0.42153 (mid-point)
    20.51120    18.17166    23.26707     0.42163   (sampled)
    20.61120    18.26802    23.36707     0.42172 (mid-point)
    20.71120    18.36426    23.46707     0.42182   (sampled)
    20.81120    18.46032    23.56710     0.42191 (mid-point)
    20.91120    18.55618    23.66712     0.42200   (sampled)
    21.01120    18.65258    23.76720     0.42210 (mid-point)
    21.11120    18.74902    23.86728     0.42219   (sampled)
    21.21120    18.84522    23.96795     0.42228 (mid-point)
    21.31120    18.94122    24.06862     0.42236   (sampled)
    21.41120    19.03774    24.16862     0.42245 (mid-point)
    21.51120    19.13425    24.26862     0.42254   (sampled)
    21.61120    19.23080    24.36862     0.42263 (mid-point)
    21.71120    19.32712    24.46862     0.42271   (sampled)
    21.81120    19.42356    24.56971     0.42280 (mid-point)
    21.91120    19.51966    24.67080     0.42288   (sampled)
    22.01120    19.59437    25.74852     0.42296 (mid-point)
    22.11120    19.72298    26.82624     0.42304   (sampled)
    22.21120    19.81983    26.92624     0.42312 (mid-point)
    22.31120    19.91670    27.02624     0.42320   (sampled)
    22.41120    20.01333    27.12640     0.42328 (mid-point)
    22.51120    20.10998    27.22657     0.42336   (sampled)
    22.61120    20.20688    27.32657     0.42344 (mid-point)
    22.71120    20.30372    27.42657     0.42352   (sampled)
    22.81120    20.40059    27.52657     0.42359 (mid-point)
    22.91120    20.49750    27.62657     0.42367   (sampled)
    23.01120    20.59442    27.72657     0.42375 (mid-point)
    23.11120    20.69137    27.82657     0.42382   (sampled)
    23.21120    20.78848    27.92670     0.42389 (mid-point)
    23.31120    20.88496    28.02683     0.42397   (sampled)
    23.41120    20.98213    28.12683     0.42404 (mid-point)
    23.51120    21.07933    28.22683     0.42411   (sampled)
    23.61120    21.17656    28.32683     0.42418 (mid-point)
    23.71120    21.27381    28.42683     0.42425   (sampled)
    23.81120    21.37076    28.52697     0.42432 (mid-point)
    23.91120    21.46774    28.62712     0.42439   (sampled)
    24.01120    21.56503    28.72712     0.42446 (mid-point)
    24.11120    21.66223    28.82712     0.42453   (sampled)
    24.21120    21.75945    28.92712     0.42459 (mid-point)
    24.31120    21.85669    29.02712     0.42466   (sampled)

 Minimum radius found:      2.756 angstroms.



 For spherical probe approach, The geometric factor
         F= sum(ds/area) along channel is    0.425 angstroms**-1
 This yields a macroscopic predicted molar conductance of:
   (1/rho)*(100/F)= (240/rho) pS,
   where rho is the conductivity of 1M permeant ion in ohm m.
 N.B. this is a macroscopic conductance - an overestimate 
 Empirically corrected conductances currently only available
 With the CAPSULE option (although its not that stable!)
 For 1M KCl rho= 1/12 (ohm m), So Gmacro= 2800 pS/M.
  (TAG      1   Rmin=     2.75619   Gmacro=  2825.78505 Conn_Gmacro=    -1.00000 ).
 HOLE: normal completion
