 *** Program HOLE ***
 
 If results of this run are reported or published, please
 cite the publication listed below.
 For the HOLE program:
   Smart, O.S., Goodfellow, J.M., Wallace, B.A. (1993). 
   The pore dimensions of gramicidin A. 
   Biophys. J., 65, 2455-2460.
 
 Originally written by Oliver Smart at Birkbeck College from April 1992.
 Copyright 1993-2005 Oliver Smart
 Copyright 2014-2015 SmartSci Limited.
 Copyright 2016 Oliver Smart.
 
 For help on HOLE suite see  http://www.holeprogram.org/
 
 HOLE release 2.2.005 (07 August 2016) 
 
 usage subject to Apache License, Version 2.0 
 see http://www.apache.org/licenses/LICENSE-2.0 

 Control variables read:

! Input file for Oliver Smart's HOLE program
! written by MDAnalysis.analysis.hole2.HoleAnalysis
! for a Universe
! u = mda.Universe(host_59.mol2
!    host_59.mol2
!   )
! Frame 0

COORD  /tmp/tmppjsdh69r.pdb
RADIUS simple2.rad
SPHPDB hole000.sph
SAMPLE 0.200000
ENDRAD 22.000000
IGNORE SOL WAT TIP HOH K   NA  CL
SHORTO 0
RASEED 31415
CPOINT 0.0041595602 -0.0149042546 -0.0316489370


 WARNING have not found a CVECT record - will try to guess
 Input pdb filename read as:    '/tmp/tmppjsdh69r.pdb'
 Input vdW radius file read as: 'simple2.rad'
 point in channel:    0.004  -0.015  -0.032
 channel vector:   ************************
 sampling distance between planes:    0.200

 graphics conditions:
 binary plot output file name: NONE
 Dot density:    10
 Draw dots?           T
 Draw close contacts? F
 Draw centre line?    T
 Produce spikes rather than dots? F
 Seed for random number generator:     31415 (0 means value set by program)
 Radius above which a result is regarded as an 'end':  22.000
 Pdb format file for sphere centres: hole000.sph

 Monte Carlo conditions:
  no of steps:  1000
  maximum displacement   0.100 angs
  'kT' initial   0.100 angs
 The spherebox and capsule options are turned off.
 (No molqpt card so will not write qpt file of the molecule)
 IGNORE card read so will ignore residue types: SOL WAT TIP HOH K   NA  CL
 no SHORTO card read so will produce full textual output
 As no PEGRAT card was found will not produce PEG polymer exclusion graph
 (No 2DMAPS card specified so will not produce 2D property maps)
 Have not found a CUT card.  Normal calculation using
   Cutoff lists with a cutsize=       1.000
   (if you wish to turn off option use a CUT -1 card)

 Have read     7 bond radius records and
              16 vdW radius records.
 From file: simple2.rad

 Have read    94 atom records.
 From file: /tmp/tmppjsdh69r.pdb
 Will not produce graphical output

 Have opened file for pdb format output of sphere centres:  hole000.sph

  Seed integer used by ran # generator on this run      31415

 
 S/R cguess will try to guess CPOINT and/or CVECT
 
 THESE GUESSES MAY WELL BE WRONG!!!!
 Routine relies on having a reasonably symmetric
 channel oriented along x, y or z vector
 YOU ARE STRONGLY ADVISED TO CHECK THE RESULTS
                       WITH MOLECULAR GRAPHICS
 testing points from cpoint in X, Y then Z direction
   point                   pore radius
direction     1
  -4.996  -0.015  -0.032    -0.554
  -3.996  -0.015  -0.032    -0.122
  -2.996  -0.015  -0.032     0.532
  -1.996  -0.015  -0.032     1.406
  -0.996  -0.015  -0.032     2.127
   0.004  -0.015  -0.032     2.611
   1.004  -0.015  -0.032     2.169
   2.004  -0.015  -0.032     1.277
   3.004  -0.015  -0.032     0.410
   4.004  -0.015  -0.032    -0.112
   5.004  -0.015  -0.032    -0.432
 Average pore radius along the line=      0.847
direction     2
   0.004  -5.015  -0.032    -1.185
   0.004  -4.015  -0.032    -0.807
   0.004  -3.015  -0.032    -0.079
   0.004  -2.015  -0.032     0.830
   0.004  -1.015  -0.032     1.707
   0.004  -0.015  -0.032     2.611
   0.004   0.985  -0.032     1.837
   0.004   1.985  -0.032     0.904
   0.004   2.985  -0.032    -0.010
   0.004   3.985  -0.032    -0.763
   0.004   4.985  -0.032    -1.217
 Average pore radius along the line=      0.348
direction     3
   0.004  -0.015  -5.032     3.750
   0.004  -0.015  -4.032     3.194
   0.004  -0.015  -3.032     2.788
   0.004  -0.015  -2.032     2.576
   0.004  -0.015  -1.032     2.493
   0.004  -0.015  -0.032     2.611
   0.004  -0.015   0.968     2.476
   0.004  -0.015   1.968     2.543
   0.004  -0.015   2.968     2.829
   0.004  -0.015   3.968     3.279
   0.004  -0.015   4.968     3.845
 Average pore radius along the line=      2.944
 Best direction is found to be     3
(1=X,2=Y,3=Z)
 s/r cguess has produced initial values for cpoint &/or cvect:
CPOINT       0.0042     -0.0149     -0.0316
CVECT        0.0000      0.0000      1.0000
 THESE GUESSES MAY WELL BE WRONG!!!!
 Routine relies on having a reasonably symmetric
 channel oriented along x, y or z vector
 YOU ARE STRONGLY ADVISED TO CHECK THE RESULTS
                       WITH MOLECULAR GRAPHICS
 
 
  Some routines (e.g. conn) need vectors normal to cvect: 
     EAST Zero degrees angle is along vector    1.000   0.000   0.000
     NORTH  90 degrees angle is along vector    0.000  -1.000   0.000
 highest radius point found:
  at point    0.121   0.086  -0.032
  closest atom surface    2.671   C26 59  X    0
  2nd closest surface     2.672   C37 59  X    0
  found on step  848
 current point:
  at point    0.134   0.092  -0.032
  closest atom surface    2.670   C26 59  X    0
  2nd closest surface     2.670   C36 59  X    0
  found on step  940
  no. of rejections          403
 stored as     0

 highest radius point found:
  at point    0.126   0.036   0.168
  closest atom surface    2.673   C23 59  X    0
  2nd closest surface     2.674   C37 59  X    0
  found on step  976
  this is also current point
  no. of rejections          406
 stored as     1

 highest radius point found:
  at point    0.217  -0.019   0.368
  closest atom surface    2.641   C23 59  X    0
  2nd closest surface     2.641   C7  59  X    0
  found on step  338
 current point:
  at point    0.211  -0.016   0.368
  closest atom surface    2.640   C23 59  X    0
  2nd closest surface     2.641   C7  59  X    0
  found on step  997
  no. of rejections          386
 stored as     2

 highest radius point found:
  at point    0.253  -0.041   0.568
  closest atom surface    2.607   C23 59  X    0
  2nd closest surface     2.607   C10 59  X    0
  found on step  888
  this is also current point
  no. of rejections          425
 stored as     3

 highest radius point found:
  at point    0.234  -0.041   0.768
  closest atom surface    2.576   C7  59  X    0
  2nd closest surface     2.580   C23 59  X    0
  found on step  375
 current point:
  at point    0.241  -0.046   0.768
  closest atom surface    2.575   C7  59  X    0
  2nd closest surface     2.576   C10 59  X    0
  found on step  983
  no. of rejections          378
 stored as     4

 highest radius point found:
  at point    0.228  -0.042   0.968
  closest atom surface    2.558   C23 59  X    0
  2nd closest surface     2.559   C7  59  X    0
  found on step  992
  this is also current point
  no. of rejections          399
 stored as     5

 highest radius point found:
  at point    0.219  -0.044   1.168
  closest atom surface    2.548   C7  59  X    0
  2nd closest surface     2.548   C23 59  X    0
  found on step  518
 current point:
  at point    0.217  -0.044   1.168
  closest atom surface    2.547   C7  59  X    0
  2nd closest surface     2.548   C23 59  X    0
  found on step  963
  no. of rejections          409
 stored as     6

 highest radius point found:
  at point    0.217  -0.048   1.368
  closest atom surface    2.546   C10 59  X    0
  2nd closest surface     2.546   C23 59  X    0
  found on step  995
  this is also current point
  no. of rejections          392
 stored as     7

 highest radius point found:
  at point    0.207  -0.049   1.568
  closest atom surface    2.553   C23 59  X    0
  2nd closest surface     2.554   C10 59  X    0
  found on step  630
 current point:
  at point    0.197  -0.044   1.568
  closest atom surface    2.552   C23 59  X    0
  2nd closest surface     2.554   C7  59  X    0
  found on step  938
  no. of rejections          394
 stored as     8

 highest radius point found:
  at point    0.195  -0.051   1.768
  closest atom surface    2.570   C7  59  X    0
  2nd closest surface     2.571   C23 59  X    0
  found on step  991
  this is also current point
  no. of rejections          381
 stored as     9

 highest radius point found:
  at point    0.170  -0.044   1.968
  closest atom surface    2.595   C23 59  X    0
  2nd closest surface     2.595   C7  59  X    0
  found on step  544
 current point:
  at point    0.168  -0.043   1.968
  closest atom surface    2.594   C23 59  X    0
  2nd closest surface     2.595   C7  59  X    0
  found on step  944
  no. of rejections          371
 stored as    10

 highest radius point found:
  at point    0.174  -0.052   2.168
  closest atom surface    2.630   C23 59  X    0
  2nd closest surface     2.630   C7  59  X    0
  found on step  905
  this is also current point
  no. of rejections          371
 stored as    11

 highest radius point found:
  at point    0.167  -0.055   2.368
  closest atom surface    2.673   C7  59  X    0
  2nd closest surface     2.673   C23 59  X    0
  found on step  824
 current point:
  at point    0.163  -0.053   2.368
  closest atom surface    2.672   C23 59  X    0
  2nd closest surface     2.673   C7  59  X    0
  found on step  985
  no. of rejections          410
 stored as    12

 highest radius point found:
  at point    0.160  -0.057   2.568
  closest atom surface    2.724   C23 59  X    0
  2nd closest surface     2.725   C7  59  X    0
  found on step  536
 current point:
  at point    0.147  -0.051   2.568
  closest atom surface    2.723   C7  59  X    0
  2nd closest surface     2.724   C23 59  X    0
  found on step  964
  no. of rejections          397
 stored as    13

 highest radius point found:
  at point    0.147  -0.055   2.768
  closest atom surface    2.781   C23 59  X    0
  2nd closest surface     2.786   C7  59  X    0
  found on step  391
 current point:
  at point   -0.157   0.085   2.768
  closest atom surface    2.774   C7  59  X    0
  2nd closest surface     2.775   C23 59  X    0
  found on step  978
  no. of rejections          403
 stored as    14

 highest radius point found:
  at point    0.144  -0.062   2.968
  closest atom surface    2.850   C10 59  X    0
  2nd closest surface     2.851   C7  59  X    0
  found on step  841
 current point:
  at point    0.121  -0.050   2.968
  closest atom surface    2.849   C23 59  X    0
  2nd closest surface     2.850   C7  59  X    0
  found on step  935
  no. of rejections          381
 stored as    15

 highest radius point found:
  at point    0.132  -0.063   3.168
  closest atom surface    2.925   C7  59  X    0
  2nd closest surface     2.926   C10 59  X    0
  found on step  404
 current point:
  at point    0.125  -0.059   3.168
  closest atom surface    2.925   C7  59  X    0
  2nd closest surface     2.926   C23 59  X    0
  found on step  976
  no. of rejections          360
 stored as    16

 highest radius point found:
  at point    0.111  -0.058   3.368
  closest atom surface    3.006   C23 59  X    0
  2nd closest surface     3.007   C7  59  X    0
  found on step  849
 current point:
  at point    0.120  -0.065   3.368
  closest atom surface    3.005   C7  59  X    0
  2nd closest surface     3.008   C10 59  X    0
  found on step  965
  no. of rejections          388
 stored as    17

 highest radius point found:
  at point    0.112  -0.065   3.568
  closest atom surface    3.095   C7  59  X    0
  2nd closest surface     3.096   C22 59  X    0
  found on step  577
 current point:
  at point   -0.134   0.051   3.568
  closest atom surface    3.088   C23 59  X    0
  2nd closest surface     3.089   C7  59  X    0
  found on step  887
  no. of rejections          396
 stored as    18

 highest radius point found:
  at point    0.077  -0.053   3.768
  closest atom surface    3.189   C23 59  X    0
  2nd closest surface     3.190   C7  59  X    0
  found on step  900
  this is also current point
  no. of rejections          392
 stored as    19

 highest radius point found:
  at point   -0.320   0.126   3.968
  closest atom surface    3.289   C7  59  X    0
  2nd closest surface     3.290   C23 59  X    0
  found on step  343
 current point:
  at point   -0.025  -0.012   3.968
  closest atom surface    3.287   C23 59  X    0
  2nd closest surface     3.287   C7  59  X    0
  found on step  987
  no. of rejections          352
 stored as    20

 highest radius point found:
  at point   -0.336   0.127   4.168
  closest atom surface    3.397   C7  59  X    0
  2nd closest surface     3.398   C23 59  X    0
  found on step  686
 current point:
  at point   -0.023  -0.018   4.168
  closest atom surface    3.393   C23 59  X    0
  2nd closest surface     3.395   C7  59  X    0
  found on step  892
  no. of rejections          376
 stored as    21

 highest radius point found:
  at point   -0.364   0.136   4.368
  closest atom surface    3.510   C23 59  X    0
  2nd closest surface     3.511   C7  59  X    0
  found on step  960
  this is also current point
  no. of rejections          328
 stored as    22

 highest radius point found:
  at point   -0.385   0.138   4.568
  closest atom surface    3.628   C7  59  X    0
  2nd closest surface     3.630   C23 59  X    0
  found on step  939
  this is also current point
  no. of rejections          356
 stored as    23

 highest radius point found:
  at point   -0.390   0.135   4.768
  closest atom surface    3.751   C7  59  X    0
  2nd closest surface     3.752   C23 59  X    0
  found on step   22
 current point:
  at point    0.000  -0.047   4.768
  closest atom surface    3.747   C23 59  X    0
  2nd closest surface     3.747   C7  59  X    0
  found on step  949
  no. of rejections          354
 stored as    24

 highest radius point found:
  at point   -0.424   0.145   4.968
  closest atom surface    3.879   C7  59  X    0
  2nd closest surface     3.880   C23 59  X    0
  found on step  881
  this is also current point
  no. of rejections          367
 stored as    25

 highest radius point found:
  at point   -0.420   0.138   5.168
  closest atom surface    4.009   C7  59  X    0
  2nd closest surface     4.010   C23 59  X    0
  found on step  962
  this is also current point
  no. of rejections          353
 stored as    26

 highest radius point found:
  at point   -0.501   0.164   5.368
  closest atom surface    4.145   C26 59  X    0
  2nd closest surface     4.145   C7  59  X    0
  found on step  471
 current point:
  at point   -0.025  -0.054   5.368
  closest atom surface    4.138   C7  59  X    0
  2nd closest surface     4.138   C23 59  X    0
  found on step  991
  no. of rejections          330
 stored as    27

 highest radius point found:
  at point   -0.500   0.163   5.568
  closest atom surface    4.286   C23 59  X    0
  2nd closest surface     4.286   C7  59  X    0
  found on step  991
  this is also current point
  no. of rejections          334
 stored as    28

 highest radius point found:
  at point   -0.494   0.150   5.768
  closest atom surface    4.424   C7  59  X    0
  2nd closest surface     4.430   C23 59  X    0
  found on step    2
 current point:
  at point   -0.027  -0.064   5.768
  closest atom surface    4.417   C23 59  X    0
  2nd closest surface     4.417   C22 59  X    0
  found on step  999
  no. of rejections          312
 stored as    29

 highest radius point found:
  at point   -0.559   0.178   5.968
  closest atom surface    4.575   C7  59  X    0
  2nd closest surface     4.575   C26 59  X    0
  found on step  949
  this is also current point
  no. of rejections          320
 stored as    30

 highest radius point found:
  at point   -0.589   0.184   6.168
  closest atom surface    4.722   C7  59  X    0
  2nd closest surface     4.723   C26 59  X    0
  found on step  651
 current point:
  at point   -0.277   0.041   6.168
  closest atom surface    4.709   C7  59  X    0
  2nd closest surface     4.709   C23 59  X    0
  found on step  886
  no. of rejections          329
 stored as    31

 highest radius point found:
  at point   -0.589   0.184   6.368
  closest atom surface    4.873   C23 59  X    0
  2nd closest surface     4.876   C7  59  X    0
  found on step    1
 current point:
  at point   -0.055  -0.072   6.368
  closest atom surface    4.857   H14 59  X    0
  2nd closest surface     4.857   C7  59  X    0
  found on step  990
  no. of rejections          320
 stored as    32

 highest radius point found:
  at point   -0.624   0.190   6.568
  closest atom surface    5.028   C7  59  X    0
  2nd closest surface     5.031   C23 59  X    0
  found on step    6
 current point:
  at point   -0.583   0.173   6.568
  closest atom surface    5.026   C7  59  X    0
  2nd closest surface     5.027   C23 59  X    0
  found on step  940
  no. of rejections          300
 stored as    33

 highest radius point found:
  at point   -0.655   0.199   6.768
  closest atom surface    5.185   C26 59  X    0
  2nd closest surface     5.186   C7  59  X    0
  found on step  709
 current point:
  at point   -0.654   0.196   6.768
  closest atom surface    5.184   C7  59  X    0
  2nd closest surface     5.187   C26 59  X    0
  found on step  962
  no. of rejections          313
 stored as    34

 highest radius point found:
  at point   -0.675   0.206   6.968
  closest atom surface    5.344   C26 59  X    0
  2nd closest surface     5.344   C23 59  X    0
  found on step  989
  this is also current point
  no. of rejections          302
 stored as    35

 highest radius point found:
  at point   -0.698   0.208   7.168
  closest atom surface    5.505   C7  59  X    0
  2nd closest surface     5.506   C23 59  X    0
  found on step  987
  this is also current point
  no. of rejections          319
 stored as    36

 highest radius point found:
  at point   -0.723   0.219   7.368
  closest atom surface    5.666   C26 59  X    0
  2nd closest surface     5.666   C23 59  X    0
  found on step  530
 current point:
  at point   -0.437   0.094   7.368
  closest atom surface    5.643   H14 59  X    0
  2nd closest surface     5.643   C23 59  X    0
  found on step  944
  no. of rejections          303
 stored as    37

 highest radius point found:
  at point   -0.739   0.217   7.568
  closest atom surface    5.832   C23 59  X    0
  2nd closest surface     5.832   C7  59  X    0
  found on step  998
  this is also current point
  no. of rejections          301
 stored as    38

 highest radius point found:
  at point   -0.739   0.217   7.768
  closest atom surface    5.994   C23 59  X    0
  2nd closest surface     5.995   H14 59  X    0
  found on step    1
 current point:
  at point   -1.086   0.239   7.768
  closest atom surface    5.963   C26 59  X    0
  2nd closest surface     5.965   C7  59  X    0
  found on step  999
  no. of rejections          285
 stored as    39

 highest radius point found:
  at point   -0.805   0.237   7.968
  closest atom surface    6.162   C26 59  X    0
  2nd closest surface     6.162   H14 59  X    0
  found on step  913
  this is also current point
  no. of rejections          313
 stored as    40

 highest radius point found:
  at point   -0.822   0.248   8.168
  closest atom surface    6.330   C26 59  X    0
  2nd closest surface     6.330   H14 59  X    0
  found on step  972
  this is also current point
  no. of rejections          259
 stored as    41

 highest radius point found:
  at point   -0.839   0.258   8.368
  closest atom surface    6.499   C26 59  X    0
  2nd closest surface     6.499   C23 59  X    0
  found on step  968
  this is also current point
  no. of rejections          299
 stored as    42

 highest radius point found:
  at point   -0.879   0.267   8.568
  closest atom surface    6.668   C26 59  X    0
  2nd closest surface     6.669   H14 59  X    0
  found on step  545
 current point:
  at point   -1.078   0.260   8.568
  closest atom surface    6.652   H14 59  X    0
  2nd closest surface     6.656   C26 59  X    0
  found on step  982
  no. of rejections          292
 stored as    43

 highest radius point found:
  at point   -0.898   0.276   8.768
  closest atom surface    6.840   C26 59  X    0
  2nd closest surface     6.841   H14 59  X    0
  found on step  929
  this is also current point
  no. of rejections          309
 stored as    44

 highest radius point found:
  at point   -0.946   0.283   8.968
  closest atom surface    7.011   H14 59  X    0
  2nd closest surface     7.012   C26 59  X    0
  found on step  999
  this is also current point
  no. of rejections          276
 stored as    45

 highest radius point found:
  at point   -0.967   0.293   9.168
  closest atom surface    7.186   H14 59  X    0
  2nd closest surface     7.186   H32 59  X    0
  found on step  926
  this is also current point
  no. of rejections          277
 stored as    46

 highest radius point found:
  at point   -1.013   0.302   9.368
  closest atom surface    7.361   H14 59  X    0
  2nd closest surface     7.361   C26 59  X    0
  found on step  888
  this is also current point
  no. of rejections          283
 stored as    47

 highest radius point found:
  at point   -1.013   0.302   9.568
  closest atom surface    7.533   H32 59  X    0
  2nd closest surface     7.534   H14 59  X    0
  found on step    1
 current point:
  at point   -1.584   0.300   9.568
  closest atom surface    7.522   H14 59  X    0
  2nd closest surface     7.523   C26 59  X    0
  found on step  994
  no. of rejections          263
 stored as    48

 highest radius point found:
  at point   -1.077   0.317   9.768
  closest atom surface    7.713   H33 59  X    0
  2nd closest surface     7.713   H14 59  X    0
  found on step   70
 current point:
  at point   -1.093   0.318   9.768
  closest atom surface    7.712   H33 59  X    0
  2nd closest surface     7.713   H14 59  X    0
  found on step  897
  no. of rejections          293
 stored as    49

 highest radius point found:
  at point   -1.109   0.320   9.968
  closest atom surface    7.889   H14 59  X    0
  2nd closest surface     7.889   H33 59  X    0
  found on step  971
  this is also current point
  no. of rejections          248
 stored as    50

 highest radius point found:
  at point   -1.109   0.320  10.168
  closest atom surface    8.065   H32 59  X    0
  2nd closest surface     8.066   H14 59  X    0
  found on step    1
 current point:
  at point   -1.220   0.325  10.168
  closest atom surface    8.064   H14 59  X    0
  2nd closest surface     8.065   H33 59  X    0
  found on step  968
  no. of rejections          282
 stored as    51

 highest radius point found:
  at point   -1.140   0.326  10.368
  closest atom surface    8.245   H14 59  X    0
  2nd closest surface     8.245   H32 59  X    0
  found on step  697
 current point:
  at point   -1.191   0.328  10.368
  closest atom surface    8.244   H33 59  X    0
  2nd closest surface     8.244   H14 59  X    0
  found on step  904
  no. of rejections          279
 stored as    52

 highest radius point found:
  at point   -1.158   0.329  10.568
  closest atom surface    8.423   H32 59  X    0
  2nd closest surface     8.424   H14 59  X    0
  found on step   80
 current point:
  at point   -0.369   0.065  10.568
  closest atom surface    8.369   H14 59  X    0
  2nd closest surface     8.371   C23 59  X    0
  found on step  999
  no. of rejections          268
 stored as    53

 highest radius point found:
  at point   -1.744   0.350  10.768
  closest atom surface    8.607   H13 59  X    0
  2nd closest surface     8.609   H33 59  X    0
  found on step  607
 current point:
  at point   -1.850   0.399  10.768
  closest atom surface    8.594   H33 59  X    0
  2nd closest surface     8.596   C26 59  X    0
  found on step  995
  no. of rejections          228
 stored as    54

 highest radius point found:
  at point   -1.744   0.350  10.968
  closest atom surface    8.791   H33 59  X    0
  2nd closest surface     8.792   H14 59  X    0
  found on step    1
 current point:
  at point   -0.749   0.185  10.968
  closest atom surface    8.745   H14 59  X    0
  2nd closest surface     8.746   H32 59  X    0
  found on step  997
  no. of rejections          262
 stored as    55

 highest radius point found:
  at point   -1.778   0.356  11.168
  closest atom surface    8.974   H33 59  X    0
  2nd closest surface     8.974   H13 59  X    0
  found on step  956
  this is also current point
  no. of rejections          245
 stored as    56

 highest radius point found:
  at point   -1.793   0.356  11.368
  closest atom surface    9.158   H33 59  X    0
  2nd closest surface     9.158   H13 59  X    0
  found on step  970
  this is also current point
  no. of rejections          236
 stored as    57

 highest radius point found:
  at point   -1.793   0.356  11.568
  closest atom surface    9.340   H14 59  X    0
  2nd closest surface     9.343   H33 59  X    0
  found on step    1
 current point:
  at point   -1.644   0.356  11.568
  closest atom surface    9.336   H14 59  X    0
  2nd closest surface     9.337   H33 59  X    0
  found on step  964
  no. of rejections          269
 stored as    58

 highest radius point found:
  at point   -1.844   0.366  11.768
  closest atom surface    9.527   H33 59  X    0
  2nd closest surface     9.527   H13 59  X    0
  found on step  923
  this is also current point
  no. of rejections          240
 stored as    59

 highest radius point found:
  at point   -1.869   0.369  11.968
  closest atom surface    9.712   H13 59  X    0
  2nd closest surface     9.712   H33 59  X    0
  found on step  461
 current point:
  at point   -1.872   0.370  11.968
  closest atom surface    9.712   H13 59  X    0
  2nd closest surface     9.712   H33 59  X    0
  found on step  902
  no. of rejections          270
 stored as    60

 highest radius point found:
  at point   -1.877   0.369  12.168
  closest atom surface    9.899   H14 59  X    0
  2nd closest surface     9.899   H33 59  X    0
  found on step  819
 current point:
  at point   -1.877   0.369  12.168
  closest atom surface    9.898   H14 59  X    0
  2nd closest surface     9.899   H33 59  X    0
  found on step  951
  no. of rejections          234
 stored as    61

 highest radius point found:
  at point   -1.901   0.374  12.368
  closest atom surface   10.085   H33 59  X    0
  2nd closest surface    10.085   H14 59  X    0
  found on step  955
  this is also current point
  no. of rejections          249
 stored as    62

 highest radius point found:
  at point   -1.934   0.379  12.568
  closest atom surface   10.272   H33 59  X    0
  2nd closest surface    10.272   H13 59  X    0
  found on step   42
 current point:
  at point   -1.437   0.366  12.568
  closest atom surface   10.259   H33 59  X    0
  2nd closest surface    10.259   H14 59  X    0
  found on step  927
  no. of rejections          260
 stored as    63

 highest radius point found:
  at point   -1.957   0.382  12.768
  closest atom surface   10.460   H13 59  X    0
  2nd closest surface    10.460   H33 59  X    0
  found on step  725
 current point:
  at point   -1.924   0.380  12.768
  closest atom surface   10.459   H33 59  X    0
  2nd closest surface    10.459   H14 59  X    0
  found on step  988
  no. of rejections          238
 stored as    64

 highest radius point found:
  at point   -1.957   0.382  12.968
  closest atom surface   10.647   H14 59  X    0
  2nd closest surface    10.648   H33 59  X    0
  found on step    1
 current point:
  at point   -2.009   0.406  12.968
  closest atom surface   10.643   H33 59  X    0
  2nd closest surface    10.649   H13 59  X    0
  found on step  999
  no. of rejections          222
 stored as    65

 highest radius point found:
  at point   -2.007   0.388  13.168
  closest atom surface   10.835   H13 59  X    0
  2nd closest surface    10.837   H33 59  X    0
  found on step  789
 current point:
  at point   -2.191   0.452  13.168
  closest atom surface   10.829   H13 59  X    0
  2nd closest surface    10.829   H33 59  X    0
  found on step  968
  no. of rejections          231
 stored as    66

 highest radius point found:
  at point   -2.010   0.393  13.368
  closest atom surface   11.024   H33 59  X    0
  2nd closest surface    11.026   H14 59  X    0
  found on step  534
 current point:
  at point   -1.863   0.387  13.368
  closest atom surface   11.018   H14 59  X    0
  2nd closest surface    11.018   H33 59  X    0
  found on step  988
  no. of rejections          237
 stored as    67

 highest radius point found:
  at point   -2.010   0.393  13.568
  closest atom surface   11.213   H14 59  X    0
  2nd closest surface    11.213   H33 59  X    0
  found on step    1
 current point:
  at point   -2.094   0.406  13.568
  closest atom surface   11.211   H13 59  X    0
  2nd closest surface    11.214   H33 59  X    0
  found on step  998
  no. of rejections          226
 stored as    68

 highest radius point found:
  at point   -2.054   0.397  13.768
  closest atom surface   11.404   H14 59  X    0
  2nd closest surface    11.404   H33 59  X    0
  found on step  108
 current point:
  at point   -1.919   0.393  13.768
  closest atom surface   11.397   H14 59  X    0
  2nd closest surface    11.398   H33 59  X    0
  found on step  955
  no. of rejections          222
 stored as    69

 highest radius point found:
  at point   -2.054   0.397  13.968
  closest atom surface   11.592   H14 59  X    0
  2nd closest surface    11.594   H33 59  X    0
  found on step    1
 current point:
  at point   -0.547   0.062  13.968
  closest atom surface   11.502   H14 59  X    0
  2nd closest surface    11.502   H32 59  X    0
  found on step  937
  no. of rejections          248
 stored as    70

 highest radius point found:
  at point   -2.054   0.397  14.168
  closest atom surface   11.780   H14 59  X    0
  2nd closest surface    11.784   H33 59  X    0
  found on step    1
 current point:
  at point   -2.777   0.629  14.168
  closest atom surface   11.780   H33 59  X    0
  2nd closest surface    11.780   H13 59  X    0
  found on step  911
  no. of rejections          224
 stored as    71

 highest radius point found:
  at point   -2.142   0.411  14.368
  closest atom surface   11.975   H33 59  X    0
  2nd closest surface    11.975   H13 59  X    0
  found on step  227
 current point:
  at point   -3.361   0.662  14.368
  closest atom surface   11.956   H13 59  X    0
  2nd closest surface    11.956   H34 59  X    0
  found on step  898
  no. of rejections          213
 stored as    72

 highest radius point found:
  at point   -2.142   0.411  14.568
  closest atom surface   12.166   H33 59  X    0
  2nd closest surface    12.166   H14 59  X    0
  found on step    1
 current point:
  at point   -2.841   0.641  14.568
  closest atom surface   12.164   H13 59  X    0
  2nd closest surface    12.165   H33 59  X    0
  found on step  949
  no. of rejections          211
 stored as    73

 highest radius point found:
  at point   -2.910   0.662  14.768
  closest atom surface   12.357   H34 59  X    0
  2nd closest surface    12.358   H33 59  X    0
  found on step  768
 current point:
  at point   -2.936   0.660  14.768
  closest atom surface   12.357   H13 59  X    0
  2nd closest surface    12.357   H34 59  X    0
  found on step  980
  no. of rejections          229
 stored as    74

 highest radius point found:
  at point   -2.918   0.659  14.968
  closest atom surface   12.551   H13 59  X    0
  2nd closest surface    12.551   H33 59  X    0
  found on step  752
 current point:
  at point   -3.470   0.690  14.968
  closest atom surface   12.541   H13 59  X    0
  2nd closest surface    12.541   H34 59  X    0
  found on step  964
  no. of rejections          197
 stored as    75

 highest radius point found:
  at point   -2.987   0.678  15.168
  closest atom surface   12.745   H13 59  X    0
  2nd closest surface    12.746   H34 59  X    0
  found on step  886
 current point:
  at point   -2.995   0.679  15.168
  closest atom surface   12.745   H13 59  X    0
  2nd closest surface    12.745   H34 59  X    0
  found on step  910
  no. of rejections          217
 stored as    76

 highest radius point found:
  at point   -3.062   0.690  15.368
  closest atom surface   12.938   H34 59  X    0
  2nd closest surface    12.939   H13 59  X    0
  found on step  462
 current point:
  at point   -3.340   0.701  15.368
  closest atom surface   12.933   H34 59  X    0
  2nd closest surface    12.933   H13 59  X    0
  found on step  982
  no. of rejections          202
 stored as    77

 highest radius point found:
  at point   -3.062   0.690  15.568
  closest atom surface   13.133   H13 59  X    0
  2nd closest surface    13.135   H33 59  X    0
  found on step    1
 current point:
  at point   -2.270   0.429  15.568
  closest atom surface   13.126   H13 59  X    0
  2nd closest surface    13.126   H33 59  X    0
  found on step  965
  no. of rejections          223
 stored as    78

 highest radius point found:
  at point   -3.111   0.707  15.768
  closest atom surface   13.329   H34 59  X    0
  2nd closest surface    13.329   H33 59  X    0
  found on step  816
 current point:
  at point   -2.375   0.460  15.768
  closest atom surface   13.317   H13 59  X    0
  2nd closest surface    13.317   H33 59  X    0
  found on step  969
  no. of rejections          202
 stored as    79

 highest radius point found:
  at point   -3.153   0.716  15.968
  closest atom surface   13.523   H13 59  X    0
  2nd closest surface    13.524   H34 59  X    0
  found on step  973
  this is also current point
  no. of rejections          199
 stored as    80

 highest radius point found:
  at point   -4.047   0.765  16.168
  closest atom surface   13.725   H39 59  X    0
  2nd closest surface    13.726   H34 59  X    0
  found on step  815
 current point:
  at point   -4.033   0.759  16.168
  closest atom surface   13.725   H13 59  X    0
  2nd closest surface    13.726   H34 59  X    0
  found on step  969
  no. of rejections          180
 stored as    81

 highest radius point found:
  at point   -4.034   0.769  16.368
  closest atom surface   13.922   H34 59  X    0
  2nd closest surface    13.922   H13 59  X    0
  found on step    3
 current point:
  at point   -3.230   0.734  16.368
  closest atom surface   13.914   H13 59  X    0
  2nd closest surface    13.914   H33 59  X    0
  found on step  945
  no. of rejections          192
 stored as    82

 highest radius point found:
  at point   -4.022   0.776  16.568
  closest atom surface   14.118   H34 59  X    0
  2nd closest surface    14.118   H13 59  X    0
  found on step  974
  this is also current point
  no. of rejections          191
 stored as    83

 highest radius point found:
  at point   -4.029   0.784  16.768
  closest atom surface   14.314   H13 59  X    0
  2nd closest surface    14.314   H34 59  X    0
  found on step  981
  this is also current point
  no. of rejections          195
 stored as    84

 highest radius point found:
  at point   -4.022   0.794  16.968
  closest atom surface   14.510   H34 59  X    0
  2nd closest surface    14.511   H13 59  X    0
  found on step  991
  this is also current point
  no. of rejections          189
 stored as    85

 highest radius point found:
  at point   -4.022   0.801  17.168
  closest atom surface   14.706   H39 59  X    0
  2nd closest surface    14.707   H34 59  X    0
  found on step  659
 current point:
  at point   -4.015   0.801  17.168
  closest atom surface   14.706   H34 59  X    0
  2nd closest surface    14.707   H13 59  X    0
  found on step  937
  no. of rejections          182
 stored as    86

 highest radius point found:
  at point   -4.012   0.806  17.368
  closest atom surface   14.903   H13 59  X    0
  2nd closest surface    14.903   H34 59  X    0
  found on step  966
  this is also current point
  no. of rejections          205
 stored as    87

 highest radius point found:
  at point   -4.004   0.816  17.568
  closest atom surface   15.099   H34 59  X    0
  2nd closest surface    15.100   H13 59  X    0
  found on step  993
  this is also current point
  no. of rejections          205
 stored as    88

 highest radius point found:
  at point   -4.004   0.816  17.768
  closest atom surface   15.295   H13 59  X    0
  2nd closest surface    15.297   H39 59  X    0
  found on step    1
 current point:
  at point   -4.273   0.615  17.768
  closest atom surface   15.255   H39 59  X    0
  2nd closest surface    15.261   H13 59  X    0
  found on step  995
  no. of rejections          158
 stored as    89

 highest radius point found:
  at point   -3.993   0.834  17.968
  closest atom surface   15.492   H34 59  X    0
  2nd closest surface    15.494   H13 59  X    0
  found on step  994
  this is also current point
  no. of rejections          178
 stored as    90

 highest radius point found:
  at point   -3.993   0.834  18.168
  closest atom surface   15.689   H13 59  X    0
  2nd closest surface    15.690   H34 59  X    0
  found on step    1
 current point:
  at point   -3.946   0.835  18.168
  closest atom surface   15.688   H13 59  X    0
  2nd closest surface    15.689   H34 59  X    0
  found on step  988
  no. of rejections          186
 stored as    91

 highest radius point found:
  at point   -3.991   0.848  18.368
  closest atom surface   15.887   H34 59  X    0
  2nd closest surface    15.887   H39 59  X    0
  found on step  382
 current point:
  at point   -3.817   0.839  18.368
  closest atom surface   15.883   H34 59  X    0
  2nd closest surface    15.883   H13 59  X    0
  found on step  999
  no. of rejections          191
 stored as    92

 highest radius point found:
  at point   -3.991   0.848  18.568
  closest atom surface   16.083   H13 59  X    0
  2nd closest surface    16.083   H39 59  X    0
  found on step    1
 current point:
  at point   -3.379   0.739  18.568
  closest atom surface   16.059   H13 59  X    0
  2nd closest surface    16.059   H33 59  X    0
  found on step  993
  no. of rejections          209
 stored as    93

 highest radius point found:
  at point   -3.946   0.858  18.768
  closest atom surface   16.280   H13 59  X    0
  2nd closest surface    16.280   H34 59  X    0
  found on step  991
  this is also current point
  no. of rejections          190
 stored as    94

 highest radius point found:
  at point   -3.965   0.867  18.968
  closest atom surface   16.478   H13 59  X    0
  2nd closest surface    16.478   H34 59  X    0
  found on step  995
  this is also current point
  no. of rejections          175
 stored as    95

 highest radius point found:
  at point   -3.962   0.876  19.168
  closest atom surface   16.675   H34 59  X    0
  2nd closest surface    16.675   H13 59  X    0
  found on step  930
  this is also current point
  no. of rejections          195
 stored as    96

 highest radius point found:
  at point   -3.959   0.884  19.368
  closest atom surface   16.872   H34 59  X    0
  2nd closest surface    16.872   H13 59  X    0
  found on step  978
  this is also current point
  no. of rejections          203
 stored as    97

 highest radius point found:
  at point   -3.943   0.897  19.568
  closest atom surface   17.068   H34 59  X    0
  2nd closest surface    17.071   H13 59  X    0
  found on step    2
 current point:
  at point   -3.965   0.908  19.568
  closest atom surface   17.068   H34 59  X    0
  2nd closest surface    17.069   H39 59  X    0
  found on step  995
  no. of rejections          182
 stored as    98

 highest radius point found:
  at point   -3.954   0.900  19.768
  closest atom surface   17.267   H34 59  X    0
  2nd closest surface    17.267   H13 59  X    0
  found on step  990
  this is also current point
  no. of rejections          179
 stored as    99

 highest radius point found:
  at point   -3.954   0.900  19.968
  closest atom surface   17.463   H13 59  X    0
  2nd closest surface    17.464   H39 59  X    0
  found on step    1
 current point:
  at point   -3.956   0.909  19.968
  closest atom surface   17.463   H33 59  X    0
  2nd closest surface    17.464   H39 59  X    0
  found on step  998
  no. of rejections          167
 stored as   100

 highest radius point found:
  at point   -3.963   0.903  20.168
  closest atom surface   17.660   H39 59  X    0
  2nd closest surface    17.660   H33 59  X    0
  found on step  934
  this is also current point
  no. of rejections          190
 stored as   101

 highest radius point found:
  at point   -3.970   0.903  20.368
  closest atom surface   17.855   H33 59  X    0
  2nd closest surface    17.855   H39 59  X    0
  found on step  995
  this is also current point
  no. of rejections          194
 stored as   102

 highest radius point found:
  at point   -3.968   0.894  20.568
  closest atom surface   18.051   H13 59  X    0
  2nd closest surface    18.051   H33 59  X    0
  found on step  986
  this is also current point
  no. of rejections          181
 stored as   103

 highest radius point found:
  at point   -3.983   0.892  20.768
  closest atom surface   18.247   H13 59  X    0
  2nd closest surface    18.247   H39 59  X    0
  found on step  978
  this is also current point
  no. of rejections          190
 stored as   104

 highest radius point found:
  at point   -3.987   0.894  20.968
  closest atom surface   18.444   H39 59  X    0
  2nd closest surface    18.444   H33 59  X    0
  found on step  856
 current point:
  at point   -3.986   0.893  20.968
  closest atom surface   18.444   H13 59  X    0
  2nd closest surface    18.444   H33 59  X    0
  found on step  902
  no. of rejections          207
 stored as   105

 highest radius point found:
  at point   -3.985   0.890  21.168
  closest atom surface   18.639   H33 59  X    0
  2nd closest surface    18.640   H13 59  X    0
  found on step  834
 current point:
  at point   -3.999   0.885  21.168
  closest atom surface   18.639   H13 59  X    0
  2nd closest surface    18.639   H39 59  X    0
  found on step  927
  no. of rejections          200
 stored as   106

 highest radius point found:
  at point   -3.999   0.889  21.368
  closest atom surface   18.836   H13 59  X    0
  2nd closest surface    18.836   H33 59  X    0
  found on step  960
  this is also current point
  no. of rejections          199
 stored as   107

 highest radius point found:
  at point   -4.000   0.886  21.568
  closest atom surface   19.032   H33 59  X    0
  2nd closest surface    19.032   H13 59  X    0
  found on step  948
  this is also current point
  no. of rejections          189
 stored as   108

 highest radius point found:
  at point   -4.018   0.883  21.768
  closest atom surface   19.229   H39 59  X    0
  2nd closest surface    19.229   H13 59  X    0
  found on step  840
 current point:
  at point   -4.005   0.879  21.768
  closest atom surface   19.228   H13 59  X    0
  2nd closest surface    19.229   H33 59  X    0
  found on step  936
  no. of rejections          184
 stored as   109

 highest radius point found:
  at point   -4.018   0.883  21.968
  closest atom surface   19.426   H13 59  X    0
  2nd closest surface    19.426   H33 59  X    0
  found on step    1
 current point:
  at point   -4.017   0.883  21.968
  closest atom surface   19.425   H33 59  X    0
  2nd closest surface    19.426   H13 59  X    0
  found on step  971
  no. of rejections          197
 stored as   110

 highest radius point found:
  at point   -4.028   0.889  22.168
  closest atom surface   19.621   H33 59  X    0
  2nd closest surface    19.622   H39 59  X    0
  found on step  929
  this is also current point
  no. of rejections          195
 stored as   111

 highest radius point found:
  at point   -4.037   0.874  22.368
  closest atom surface   19.818   H13 59  X    0
  2nd closest surface    19.818   H39 59  X    0
  found on step  971
  this is also current point
  no. of rejections          190
 stored as   112

 highest radius point found:
  at point   -4.037   0.874  22.568
  closest atom surface   20.015   H13 59  X    0
  2nd closest surface    20.016   H39 59  X    0
  found on step    1
 current point:
  at point   -4.035   0.879  22.568
  closest atom surface   20.015   H33 59  X    0
  2nd closest surface    20.016   H13 59  X    0
  found on step  996
  no. of rejections          194
 stored as   113

 highest radius point found:
  at point   -4.037   0.874  22.768
  closest atom surface   20.212   H33 59  X    0
  2nd closest surface    20.212   H13 59  X    0
  found on step    1
 current point:
  at point   -4.249   0.710  22.768
  closest atom surface   20.188   H39 59  X    0
  2nd closest surface    20.190   H13 59  X    0
  found on step  996
  no. of rejections          136
 stored as   114

 highest radius point found:
  at point   -4.054   0.872  22.968
  closest atom surface   20.409   H39 59  X    0
  2nd closest surface    20.409   H13 59  X    0
  found on step  989
  this is also current point
  no. of rejections          181
 stored as   115

 highest radius point found:
  at point   -4.054   0.870  23.168
  closest atom surface   20.606   H33 59  X    0
  2nd closest surface    20.606   H13 59  X    0
  found on step  968
  this is also current point
  no. of rejections          185
 stored as   116

 highest radius point found:
  at point   -4.058   0.867  23.368
  closest atom surface   20.803   H13 59  X    0
  2nd closest surface    20.803   H33 59  X    0
  found on step  931
  this is also current point
  no. of rejections          197
 stored as   117

 highest radius point found:
  at point   -4.063   0.864  23.568
  closest atom surface   21.000   H13 59  X    0
  2nd closest surface    21.000   H33 59  X    0
  found on step  992
  this is also current point
  no. of rejections          180
 stored as   118

 highest radius point found:
  at point   -4.063   0.864  23.768
  closest atom surface   21.196   H33 59  X    0
  2nd closest surface    21.197   H13 59  X    0
  found on step    1
 current point:
  at point   -3.644   0.720  23.768
  closest atom surface   21.170   H33 59  X    0
  2nd closest surface    21.170   H13 59  X    0
  found on step  993
  no. of rejections          179
 stored as   119

 highest radius point found:
  at point   -4.063   0.864  23.968
  closest atom surface   21.392   H33 59  X    0
  2nd closest surface    21.394   H13 59  X    0
  found on step    1
 current point:
  at point   -5.639   3.982  23.968
  closest atom surface   21.374   H39 59  X    0
  2nd closest surface    21.384   H33 59  X    0
  found on step 1000
  no. of rejections          146
 stored as   120

 highest radius point found:
  at point   -4.083   0.860  24.168
  closest atom surface   21.591   H33 59  X    0
  2nd closest surface    21.591   H13 59  X    0
  found on step  913
  this is also current point
  no. of rejections          177
 stored as   121

 highest radius point found:
  at point   -4.094   0.857  24.368
  closest atom surface   21.789   H13 59  X    0
  2nd closest surface    21.789   H33 59  X    0
  found on step  955
  this is also current point
  no. of rejections          197
 stored as   122

 highest radius point found:
  at point   -4.094   0.857  24.568
  closest atom surface   21.985   H33 59  X    0
  2nd closest surface    21.986   H13 59  X    0
  found on step    1
 current point:
  at point   -4.103   0.848  24.568
  closest atom surface   21.985   H13 59  X    0
  2nd closest surface    21.986   H39 59  X    0
  found on step  991
  no. of rejections          172
 stored as   123

 highest radius point found:
  at point   -4.106   0.858  24.768
  closest atom surface   22.183   H33 59  X    0
  2nd closest surface    22.184   H39 59  X    0
  found on step  971
  this is also current point
  no. of rejections          172
 This is an end! (radius above  22.0 angs)
 highest radius point found:
  at point    0.083   0.122  -0.232
  closest atom surface    2.675   C37 59  X    0
  2nd closest surface     2.675   C26 59  X    0
  found on step  983
  this is also current point
  no. of rejections          399
 stored as    -1

 highest radius point found:
  at point    0.101   0.130  -0.432
  closest atom surface    2.637   C32 59  X    0
  2nd closest surface     2.638   C36 59  X    0
  found on step  963
  this is also current point
  no. of rejections          362
 stored as    -2

 highest radius point found:
  at point    0.150   0.152  -0.632
  closest atom surface    2.601   C36 59  X    0
  2nd closest surface     2.602   C32 59  X    0
  found on step  948
  this is also current point
  no. of rejections          395
 stored as    -3

 highest radius point found:
  at point    0.186   0.166  -0.832
  closest atom surface    2.574   C33 59  X    0
  2nd closest surface     2.574   C36 59  X    0
  found on step  995
  this is also current point
  no. of rejections          382
 stored as    -4

 highest radius point found:
  at point    0.195   0.162  -1.032
  closest atom surface    2.555   C32 59  X    0
  2nd closest surface     2.556   C36 59  X    0
  found on step  930
  this is also current point
  no. of rejections          392
 stored as    -5

 highest radius point found:
  at point    0.243   0.183  -1.232
  closest atom surface    2.547   C36 59  X    0
  2nd closest surface     2.548   C33 59  X    0
  found on step  969
  this is also current point
  no. of rejections          372
 stored as    -6

 highest radius point found:
  at point    0.268   0.190  -1.432
  closest atom surface    2.548   C32 59  X    0
  2nd closest surface     2.548   C36 59  X    0
  found on step  709
 current point:
  at point    0.062   0.043  -1.432
  closest atom surface    2.539   C36 59  X    0
  2nd closest surface     2.540   C32 59  X    0
  found on step  983
  no. of rejections          406
 stored as    -7

 highest radius point found:
  at point    0.286   0.190  -1.632
  closest atom surface    2.555   C36 59  X    0
  2nd closest surface     2.558   C32 59  X    0
  found on step  999
  this is also current point
  no. of rejections          406
 stored as    -8

 highest radius point found:
  at point    0.319   0.204  -1.832
  closest atom surface    2.575   C32 59  X    0
  2nd closest surface     2.577   C36 59  X    0
  found on step  874
 current point:
  at point    0.317   0.201  -1.832
  closest atom surface    2.575   C36 59  X    0
  2nd closest surface     2.576   C32 59  X    0
  found on step  989
  no. of rejections          357
 stored as    -9

 highest radius point found:
  at point    0.362   0.222  -2.032
  closest atom surface    2.604   C33 59  X    0
  2nd closest surface     2.605   C32 59  X    0
  found on step  998
  this is also current point
  no. of rejections          377
 stored as   -10

 highest radius point found:
  at point    0.439   0.257  -2.232
  closest atom surface    2.636   C33 59  X    0
  2nd closest surface     2.641   C36 59  X    0
  found on step   24
 current point:
  at point    0.020  -0.033  -2.232
  closest atom surface    2.625   C32 59  X    0
  2nd closest surface     2.626   C36 59  X    0
  found on step  987
  no. of rejections          406
 stored as   -11

 highest radius point found:
  at point    0.419   0.238  -2.432
  closest atom surface    2.687   C36 59  X    0
  2nd closest surface     2.688   C33 59  X    0
  found on step  976
  this is also current point
  no. of rejections          381
 stored as   -12

 highest radius point found:
  at point    0.446   0.245  -2.632
  closest atom surface    2.741   C36 59  X    0
  2nd closest surface     2.743   C32 59  X    0
  found on step  647
 current point:
  at point    0.005  -0.069  -2.632
  closest atom surface    2.720   C36 59  X    0
  2nd closest surface     2.722   C32 59  X    0
  found on step  992
  no. of rejections          359
 stored as   -13

 highest radius point found:
  at point    0.469   0.251  -2.832
  closest atom surface    2.803   C36 59  X    0
  2nd closest surface     2.803   C32 59  X    0
  found on step  953
  this is also current point
  no. of rejections          368
 stored as   -14

 highest radius point found:
  at point    0.639   0.335  -3.032
  closest atom surface    2.869   C33 59  X    0
  2nd closest surface     2.870   C34 59  X    0
  found on step   21
 current point:
  at point    0.211   0.056  -3.032
  closest atom surface    2.849   C36 59  X    0
  2nd closest surface     2.850   C32 59  X    0
  found on step  884
  no. of rejections          375
 stored as   -15

 highest radius point found:
  at point    0.550   0.282  -3.232
  closest atom surface    2.952   C36 59  X    0
  2nd closest surface     2.952   C33 59  X    0
  found on step  989
  this is also current point
  no. of rejections          363
 stored as   -16

 highest radius point found:
  at point    0.590   0.297  -3.432
  closest atom surface    3.036   C33 59  X    0
  2nd closest surface     3.036   C36 59  X    0
  found on step  343
 current point:
  at point   -0.012  -0.126  -3.432
  closest atom surface    3.006   C32 59  X    0
  2nd closest surface     3.007   C36 59  X    0
  found on step 1000
  no. of rejections          377
 stored as   -17

 highest radius point found:
  at point    0.699   0.346  -3.632
  closest atom surface    3.128   C33 59  X    0
  2nd closest surface     3.128   C36 59  X    0
  found on step  912
  this is also current point
  no. of rejections          363
 stored as   -18

 highest radius point found:
  at point    0.676   0.329  -3.832
  closest atom surface    3.226   C33 59  X    0
  2nd closest surface     3.227   C36 59  X    0
  found on step  983
  this is also current point
  no. of rejections          353
 stored as   -19

 highest radius point found:
  at point    0.761   0.366  -4.032
  closest atom surface    3.331   C34 59  X    0
  2nd closest surface     3.332   C33 59  X    0
  found on step  440
 current point:
  at point    0.752   0.360  -4.032
  closest atom surface    3.331   C36 59  X    0
  2nd closest surface     3.332   C33 59  X    0
  found on step  969
  no. of rejections          382
 stored as   -20

 highest radius point found:
  at point    0.774   0.366  -4.232
  closest atom surface    3.441   C36 59  X    0
  2nd closest surface     3.443   C33 59  X    0
  found on step  996
  this is also current point
  no. of rejections          368
 stored as   -21

 highest radius point found:
  at point    0.795   0.372  -4.432
  closest atom surface    3.557   C36 59  X    0
  2nd closest surface     3.557   C33 59  X    0
  found on step  848
 current point:
  at point    0.754   0.352  -4.432
  closest atom surface    3.556   C33 59  X    0
  2nd closest surface     3.557   C36 59  X    0
  found on step  998
  no. of rejections          374
 stored as   -22

 highest radius point found:
  at point    0.832   0.385  -4.632
  closest atom surface    3.678   C36 59  X    0
  2nd closest surface     3.678   C33 59  X    0
  found on step  712
 current point:
  at point    0.772   0.354  -4.632
  closest atom surface    3.676   C36 59  X    0
  2nd closest surface     3.677   C33 59  X    0
  found on step  968
  no. of rejections          388
 stored as   -23

 highest radius point found:
  at point    0.843   0.384  -4.832
  closest atom surface    3.803   C36 59  X    0
  2nd closest surface     3.803   C33 59  X    0
  found on step  878
 current point:
  at point    0.768   0.347  -4.832
  closest atom surface    3.801   C36 59  X    0
  2nd closest surface     3.801   C32 59  X    0
  found on step  890
  no. of rejections          342
 stored as   -24

 highest radius point found:
  at point    0.867   0.391  -5.032
  closest atom surface    3.932   C36 59  X    0
  2nd closest surface     3.933   C33 59  X    0
  found on step  729
 current point:
  at point    0.879   0.399  -5.032
  closest atom surface    3.932   C33 59  X    0
  2nd closest surface     3.933   C34 59  X    0
  found on step  972
  no. of rejections          337
 stored as   -25

 highest radius point found:
  at point    0.905   0.408  -5.232
  closest atom surface    4.064   C34 59  X    0
  2nd closest surface     4.065   C33 59  X    0
  found on step  831
 current point:
  at point    0.867   0.387  -5.232
  closest atom surface    4.064   C33 59  X    0
  2nd closest surface     4.065   C36 59  X    0
  found on step  923
  no. of rejections          346
 stored as   -26

 highest radius point found:
  at point    0.903   0.399  -5.432
  closest atom surface    4.203   C33 59  X    0
  2nd closest surface     4.203   C36 59  X    0
  found on step  968
  this is also current point
  no. of rejections          339
 stored as   -27

 highest radius point found:
  at point    0.935   0.408  -5.632
  closest atom surface    4.343   C36 59  X    0
  2nd closest surface     4.344   C33 59  X    0
  found on step   99
 current point:
  at point   -0.117  -0.329  -5.632
  closest atom surface    4.286   C37 59  X    0
  2nd closest surface     4.287   C32 59  X    0
  found on step  998
  no. of rejections          329
 stored as   -28

 highest radius point found:
  at point    0.964   0.418  -5.832
  closest atom surface    4.488   C33 59  X    0
  2nd closest surface     4.488   C36 59  X    0
  found on step  860
 current point:
  at point    0.965   0.417  -5.832
  closest atom surface    4.487   C36 59  X    0
  2nd closest surface     4.489   C33 59  X    0
  found on step  934
  no. of rejections          343
 stored as   -29

 highest radius point found:
  at point    0.981   0.421  -6.032
  closest atom surface    4.635   C36 59  X    0
  2nd closest surface     4.635   C33 59  X    0
  found on step  825
 current point:
  at point    0.994   0.425  -6.032
  closest atom surface    4.634   C36 59  X    0
  2nd closest surface     4.637   C33 59  X    0
  found on step  915
  no. of rejections          328
 stored as   -30

 highest radius point found:
  at point    1.025   0.437  -6.232
  closest atom surface    4.785   C36 59  X    0
  2nd closest surface     4.786   C34 59  X    0
  found on step  780
 current point:
  at point    0.991   0.420  -6.232
  closest atom surface    4.783   C36 59  X    0
  2nd closest surface     4.784   C33 59  X    0
  found on step  979
  no. of rejections          308
 stored as   -31

 highest radius point found:
  at point    1.018   0.429  -6.432
  closest atom surface    4.936   C33 59  X    0
  2nd closest surface     4.937   C36 59  X    0
  found on step  991
  this is also current point
  no. of rejections          286
 stored as   -32

 highest radius point found:
  at point    1.072   0.450  -6.632
  closest atom surface    5.093   C36 59  X    0
  2nd closest surface     5.094   C33 59  X    0
  found on step  998
  this is also current point
  no. of rejections          332
 stored as   -33

 highest radius point found:
  at point    1.082   0.449  -6.832
  closest atom surface    5.250   C36 59  X    0
  2nd closest surface     5.250   C33 59  X    0
  found on step  733
 current point:
  at point    1.089   0.455  -6.832
  closest atom surface    5.250   C33 59  X    0
  2nd closest surface     5.251   C36 59  X    0
  found on step  947
  no. of rejections          308
 stored as   -34

 highest radius point found:
  at point    1.121   0.465  -7.032
  closest atom surface    5.409   C34 59  X    0
  2nd closest surface     5.410   C33 59  X    0
  found on step  938
  this is also current point
  no. of rejections          303
 stored as   -35

 highest radius point found:
  at point    1.129   0.469  -7.232
  closest atom surface    5.568   C33 59  X    0
  2nd closest surface     5.569   H44 59  X    0
  found on step  982
  this is also current point
  no. of rejections          301
 stored as   -36

 highest radius point found:
  at point    1.132   0.469  -7.432
  closest atom surface    5.725   C32 59  X    0
  2nd closest surface     5.726   H44 59  X    0
  found on step  973
  this is also current point
  no. of rejections          300
 stored as   -37

 highest radius point found:
  at point    1.144   0.470  -7.632
  closest atom surface    5.882   H44 59  X    0
  2nd closest surface     5.886   C32 59  X    0
  found on step   32
 current point:
  at point    0.020  -0.350  -7.632
  closest atom surface    5.814   C36 59  X    0
  2nd closest surface     5.815   C32 59  X    0
  found on step  995
  no. of rejections          319
 stored as   -38

 highest radius point found:
  at point    1.194   0.510  -7.832
  closest atom surface    6.051   C33 59  X    0
  2nd closest surface     6.051   C32 59  X    0
  found on step  864
 current point:
  at point    1.195   0.509  -7.832
  closest atom surface    6.051   H44 59  X    0
  2nd closest surface     6.052   C33 59  X    0
  found on step  889
  no. of rejections          335
 stored as   -39

 highest radius point found:
  at point    1.238   0.537  -8.032
  closest atom surface    6.217   C33 59  X    0
  2nd closest surface     6.217   C34 59  X    0
  found on step  872
  this is also current point
  no. of rejections          313
 stored as   -40

 highest radius point found:
  at point    1.238   0.537  -8.232
  closest atom surface    6.382   C32 59  X    0
  2nd closest surface     6.383   H44 59  X    0
  found on step    1
 current point:
  at point    0.684   0.101  -8.232
  closest atom surface    6.324   C32 59  X    0
  2nd closest surface     6.324   H44 59  X    0
  found on step  966
  no. of rejections          283
 stored as   -41

 highest radius point found:
  at point    1.287   0.568  -8.432
  closest atom surface    6.552   C35 59  X    0
  2nd closest surface     6.552   C34 59  X    0
  found on step  940
  this is also current point
  no. of rejections          307
 stored as   -42

 highest radius point found:
  at point    1.308   0.579  -8.632
  closest atom surface    6.723   H44 59  X    0
  2nd closest surface     6.723   C33 59  X    0
  found on step  993
  this is also current point
  no. of rejections          294
 stored as   -43

 highest radius point found:
  at point    1.325   0.590  -8.832
  closest atom surface    6.893   C33 59  X    0
  2nd closest surface     6.894   H44 59  X    0
  found on step  857
 current point:
  at point    1.324   0.587  -8.832
  closest atom surface    6.893   H44 59  X    0
  2nd closest surface     6.894   C33 59  X    0
  found on step  987
  no. of rejections          294
 stored as   -44

 highest radius point found:
  at point    1.355   0.608  -9.032
  closest atom surface    7.066   C33 59  X    0
  2nd closest surface     7.066   C35 59  X    0
  found on step  430
 current point:
  at point    1.347   0.602  -9.032
  closest atom surface    7.066   H44 59  X    0
  2nd closest surface     7.066   C33 59  X    0
  found on step 1000
  no. of rejections          270
 stored as   -45

 highest radius point found:
  at point    1.375   0.621  -9.232
  closest atom surface    7.239   C33 59  X    0
  2nd closest surface     7.240   C32 59  X    0
  found on step  936
  this is also current point
  no. of rejections          293
 stored as   -46

 highest radius point found:
  at point    1.401   0.634  -9.432
  closest atom surface    7.415   C33 59  X    0
  2nd closest surface     7.416   H44 59  X    0
  found on step  969
  this is also current point
  no. of rejections          267
 stored as   -47

 highest radius point found:
  at point    1.423   0.647  -9.632
  closest atom surface    7.591   C32 59  X    0
  2nd closest surface     7.591   C33 59  X    0
  found on step  960
  this is also current point
  no. of rejections          288
 stored as   -48

 highest radius point found:
  at point    1.453   0.660  -9.832
  closest atom surface    7.768   C35 59  X    0
  2nd closest surface     7.768   H44 59  X    0
  found on step  921
  this is also current point
  no. of rejections          246
 stored as   -49

 highest radius point found:
  at point    1.471   0.672 -10.032
  closest atom surface    7.947   H44 59  X    0
  2nd closest surface     7.947   C32 59  X    0
  found on step  818
 current point:
  at point    1.470   0.672 -10.032
  closest atom surface    7.946   C32 59  X    0
  2nd closest surface     7.947   H44 59  X    0
  found on step  934
  no. of rejections          276
 stored as   -50

 highest radius point found:
  at point    1.501   0.686 -10.232
  closest atom surface    8.125   H44 59  X    0
  2nd closest surface     8.125   C35 59  X    0
  found on step  989
  this is also current point
  no. of rejections          275
 stored as   -51

 highest radius point found:
  at point    1.501   0.686 -10.432
  closest atom surface    8.302   C32 59  X    0
  2nd closest surface     8.304   H44 59  X    0
  found on step    1
 current point:
  at point    1.306   0.518 -10.432
  closest atom surface    8.267   H44 59  X    0
  2nd closest surface     8.277   C32 59  X    0
  found on step  997
  no. of rejections          227
 stored as   -52

 highest radius point found:
  at point    1.544   0.711 -10.632
  closest atom surface    8.486   H44 59  X    0
  2nd closest surface     8.487   C35 59  X    0
  found on step  951
  this is also current point
  no. of rejections          252
 stored as   -53

 highest radius point found:
  at point    1.574   0.724 -10.832
  closest atom surface    8.667   C35 59  X    0
  2nd closest surface     8.668   H44 59  X    0
  found on step  741
 current point:
  at point    1.565   0.719 -10.832
  closest atom surface    8.667   H44 59  X    0
  2nd closest surface     8.668   C32 59  X    0
  found on step  966
  no. of rejections          277
 stored as   -54

 highest radius point found:
  at point    1.586   0.732 -11.032
  closest atom surface    8.849   C32 59  X    0
  2nd closest surface     8.850   H44 59  X    0
  found on step  665
 current point:
  at point    1.581   0.727 -11.032
  closest atom surface    8.848   H44 59  X    0
  2nd closest surface     8.849   C32 59  X    0
  found on step  972
  no. of rejections          251
 stored as   -55

 highest radius point found:
  at point    1.610   0.746 -11.232
  closest atom surface    9.032   C32 59  X    0
  2nd closest surface     9.033   H44 59  X    0
  found on step  969
  this is also current point
  no. of rejections          253
 stored as   -56

 highest radius point found:
  at point    1.642   0.761 -11.432
  closest atom surface    9.217   H44 59  X    0
  2nd closest surface     9.217   C35 59  X    0
  found on step  829
 current point:
  at point    1.640   0.768 -11.432
  closest atom surface    9.215   C35 59  X    0
  2nd closest surface     9.216   C32 59  X    0
  found on step  934
  no. of rejections          266
 stored as   -57

 highest radius point found:
  at point    1.665   0.773 -11.632
  closest atom surface    9.401   C35 59  X    0
  2nd closest surface     9.401   H44 59  X    0
  found on step  968
  this is also current point
  no. of rejections          267
 stored as   -58

 highest radius point found:
  at point    1.684   0.783 -11.832
  closest atom surface    9.586   C32 59  X    0
  2nd closest surface     9.586   H44 59  X    0
  found on step  997
  this is also current point
  no. of rejections          265
 stored as   -59

 highest radius point found:
  at point    1.711   0.797 -12.032
  closest atom surface    9.772   C35 59  X    0
  2nd closest surface     9.772   C32 59  X    0
  found on step  992
  this is also current point
  no. of rejections          248
 stored as   -60

 highest radius point found:
  at point    1.733   0.809 -12.232
  closest atom surface    9.957   C32 59  X    0
  2nd closest surface     9.958   H44 59  X    0
  found on step 1000
  this is also current point
  no. of rejections          213
 stored as   -61

 highest radius point found:
  at point    1.759   0.826 -12.432
  closest atom surface   10.143   C35 59  X    0
  2nd closest surface    10.144   C32 59  X    0
  found on step  618
 current point:
  at point    1.766   0.823 -12.432
  closest atom surface   10.143   C35 59  X    0
  2nd closest surface    10.145   H44 59  X    0
  found on step  994
  no. of rejections          255
 stored as   -62

 highest radius point found:
  at point    1.787   0.834 -12.632
  closest atom surface   10.331   C35 59  X    0
  2nd closest surface    10.332   H44 59  X    0
  found on step  619
 current point:
  at point    1.783   0.841 -12.632
  closest atom surface   10.330   C32 59  X    0
  2nd closest surface    10.330   C35 59  X    0
  found on step  915
  no. of rejections          247
 stored as   -63

 highest radius point found:
  at point    1.798   0.832 -12.832
  closest atom surface   10.516   H44 59  X    0
  2nd closest surface    10.519   C32 59  X    0
  found on step  158
 current point:
  at point    2.151   0.829 -12.832
  closest atom surface   10.484   H44 59  X    0
  2nd closest surface    10.487   C35 59  X    0
  found on step  998
  no. of rejections          213
 stored as   -64

 highest radius point found:
  at point    1.830   0.858 -13.032
  closest atom surface   10.707   C32 59  X    0
  2nd closest surface    10.707   C35 59  X    0
  found on step  895
 current point:
  at point    1.838   0.859 -13.032
  closest atom surface   10.706   C35 59  X    0
  2nd closest surface    10.708   H44 59  X    0
  found on step  954
  no. of rejections          249
 stored as   -65

 highest radius point found:
  at point    1.855   0.868 -13.232
  closest atom surface   10.896   C35 59  X    0
  2nd closest surface    10.896   C32 59  X    0
  found on step  939
  this is also current point
  no. of rejections          242
 stored as   -66

 highest radius point found:
  at point    1.879   0.879 -13.432
  closest atom surface   11.084   H44 59  X    0
  2nd closest surface    11.085   C35 59  X    0
  found on step  966
  this is also current point
  no. of rejections          243
 stored as   -67

 highest radius point found:
  at point    1.894   0.881 -13.632
  closest atom surface   11.271   H44 59  X    0
  2nd closest surface    11.273   C32 59  X    0
  found on step  989
  this is also current point
  no. of rejections          201
 stored as   -68

 highest radius point found:
  at point    1.927   0.905 -13.832
  closest atom surface   11.463   C35 59  X    0
  2nd closest surface    11.463   C32 59  X    0
  found on step  973
  this is also current point
  no. of rejections          223
 stored as   -69

 highest radius point found:
  at point    1.966   0.913 -14.032
  closest atom surface   11.652   H44 59  X    0
  2nd closest surface    11.652   C35 59  X    0
  found on step  184
 current point:
  at point    2.504   0.873 -14.032
  closest atom surface   11.607   H43 59  X    0
  2nd closest surface    11.608   H44 59  X    0
  found on step  973
  no. of rejections          223
 stored as   -70

 highest radius point found:
  at point    1.966   0.913 -14.232
  closest atom surface   11.840   H44 59  X    0
  2nd closest surface    11.841   H40 59  X    0
  found on step    1
 current point:
  at point    2.753   0.847 -14.232
  closest atom surface   11.782   H44 59  X    0
  2nd closest surface    11.784   H43 59  X    0
  found on step  996
  no. of rejections          208
 stored as   -71

 highest radius point found:
  at point    2.010   0.937 -14.432
  closest atom surface   12.034   C35 59  X    0
  2nd closest surface    12.034   H44 59  X    0
  found on step  302
 current point:
  at point    2.023   0.934 -14.432
  closest atom surface   12.032   H44 59  X    0
  2nd closest surface    12.033   C35 59  X    0
  found on step  948
  no. of rejections          226
 stored as   -72

 highest radius point found:
  at point    2.037   0.947 -14.632
  closest atom surface   12.224   H40 59  X    0
  2nd closest surface    12.224   H44 59  X    0
  found on step  990
  this is also current point
  no. of rejections          229
 stored as   -73

 highest radius point found:
  at point    2.071   0.960 -14.832
  closest atom surface   12.415   C35 59  X    0
  2nd closest surface    12.415   H44 59  X    0
  found on step  863
 current point:
  at point    2.066   0.964 -14.832
  closest atom surface   12.414   C35 59  X    0
  2nd closest surface    12.414   H40 59  X    0
  found on step  928
  no. of rejections          201
 stored as   -74

 highest radius point found:
  at point    2.094   0.969 -15.032
  closest atom surface   12.606   H44 59  X    0
  2nd closest surface    12.606   H40 59  X    0
  found on step  901
  this is also current point
  no. of rejections          222
 stored as   -75

 highest radius point found:
  at point    2.129   0.983 -15.232
  closest atom surface   12.797   C35 59  X    0
  2nd closest surface    12.798   H43 59  X    0
  found on step  988
  this is also current point
  no. of rejections          213
 stored as   -76

 highest radius point found:
  at point    2.152   0.991 -15.432
  closest atom surface   12.989   H43 59  X    0
  2nd closest surface    12.989   H44 59  X    0
  found on step  987
  this is also current point
  no. of rejections          246
 stored as   -77

 highest radius point found:
  at point    2.172   0.995 -15.632
  closest atom surface   13.180   H44 59  X    0
  2nd closest surface    13.181   H40 59  X    0
  found on step  971
  this is also current point
  no. of rejections          207
 stored as   -78

 highest radius point found:
  at point    2.186   0.987 -15.832
  closest atom surface   13.368   H44 59  X    0
  2nd closest surface    13.372   H40 59  X    0
  found on step    5
 current point:
  at point   -0.168  -1.071 -15.832
  closest atom surface   13.232   C39 59  X    0
  2nd closest surface    13.232   H44 59  X    0
  found on step  946
  no. of rejections          246
 stored as   -79

 highest radius point found:
  at point    2.221   1.012 -16.032
  closest atom surface   13.564   H44 59  X    0
  2nd closest surface    13.564   H40 59  X    0
  found on step  982
  this is also current point
  no. of rejections          232
 stored as   -80

 highest radius point found:
  at point    2.256   1.019 -16.232
  closest atom surface   13.755   H43 59  X    0
  2nd closest surface    13.756   H44 59  X    0
  found on step  949
  this is also current point
  no. of rejections          223
 stored as   -81

 highest radius point found:
  at point    2.273   1.034 -16.432
  closest atom surface   13.947   H43 59  X    0
  2nd closest surface    13.949   H40 59  X    0
  found on step  966
  this is also current point
  no. of rejections          166
 stored as   -82

 highest radius point found:
  at point    2.296   1.032 -16.632
  closest atom surface   14.141   H44 59  X    0
  2nd closest surface    14.141   H43 59  X    0
  found on step  979
  this is also current point
  no. of rejections          198
 stored as   -83

 highest radius point found:
  at point    2.321   1.040 -16.832
  closest atom surface   14.334   H43 59  X    0
  2nd closest surface    14.334   H44 59  X    0
  found on step  994
  this is also current point
  no. of rejections          187
 stored as   -84

 highest radius point found:
  at point    2.340   1.049 -17.032
  closest atom surface   14.527   H40 59  X    0
  2nd closest surface    14.527   H43 59  X    0
  found on step  975
  this is also current point
  no. of rejections          198
 stored as   -85

 highest radius point found:
  at point    2.365   1.059 -17.232
  closest atom surface   14.720   H40 59  X    0
  2nd closest surface    14.720   H43 59  X    0
  found on step 1000
  this is also current point
  no. of rejections          200
 stored as   -86

 highest radius point found:
  at point    2.390   1.067 -17.432
  closest atom surface   14.913   H43 59  X    0
  2nd closest surface    14.913   H40 59  X    0
  found on step  299
 current point:
  at point    1.554   0.339 -17.432
  closest atom surface   14.783   H40 59  X    0
  2nd closest surface    14.787   H44 59  X    0
  found on step 1000
  no. of rejections          212
 stored as   -87

 highest radius point found:
  at point    2.416   1.068 -17.632
  closest atom surface   15.107   H44 59  X    0
  2nd closest surface    15.107   H43 59  X    0
  found on step  918
  this is also current point
  no. of rejections          199
 stored as   -88

 highest radius point found:
  at point    5.350   0.732 -17.832
  closest atom surface   15.364   H43 59  X    0
  2nd closest surface    15.380   H44 59  X    0
  found on step  996
  this is also current point
  no. of rejections          169
 stored as   -89

 highest radius point found:
  at point    5.496   0.691 -18.032
  closest atom surface   15.581   H27 59  X    0
  2nd closest surface    15.581   H43 59  X    0
  found on step  976
  this is also current point
  no. of rejections          185
 stored as   -90

 highest radius point found:
  at point    5.514   0.688 -18.232
  closest atom surface   15.778   H27 59  X    0
  2nd closest surface    15.778   H44 59  X    0
  found on step  996
  this is also current point
  no. of rejections          156
 stored as   -91

 highest radius point found:
  at point    7.716  -1.811 -18.432
  closest atom surface   16.051   H23 59  X    0
  2nd closest surface    16.052   H44 59  X    0
  found on step 1000
  this is also current point
  no. of rejections          169
 stored as   -92

 highest radius point found:
  at point    9.582  -1.421 -18.632
  closest atom surface   16.253   H23 59  X    0
  2nd closest surface    16.345   H27 59  X    0
  found on step  289
 current point:
  at point    7.670  -1.613 -18.632
  closest atom surface   16.247   H23 59  X    0
  2nd closest surface    16.248   H44 59  X    0
  found on step  998
  no. of rejections          148
 stored as   -93

 highest radius point found:
  at point   14.696  -7.891 -18.832
  closest atom surface   18.626   H23 59  X    0
  2nd closest surface    18.765   C16 59  X    0
  found on step 1000
  this is also current point
  no. of rejections          122
 stored as   -94

 highest radius point found:
  at point   21.104 -13.237 -19.032
  closest atom surface   23.689   C16 59  X    0
  2nd closest surface    23.727   H23 59  X    0
  found on step 1000
  this is also current point
  no. of rejections          207
 This is an end! (radius above  22.0 angs)
 
 N.b. Graph information routine (HOGRAP) differs 
        markedly from previous versions!
       Information now is written from -ve end
       to +ve in one pass
 
 Explanation of the meaning of each column: 
 First column "cenxyz.cvec" is the coordinate in the
   direction of the channel vector i.e. if the channel
   vector is in z (0 0 1) then it is the z coordinate.
 The second column "radius" is the hole pore radius 
   (as defined in the Biophys J 1993) article).
 The third column "cen_line_D" is the distance 
   measured along the pore centre line - with the 
   first point found set to zero. This was the first
   thing that I used to measure the distance along a pore
   but "cenxyz.cvec" is a much better general measure. 
   However, by comparing changes in this distance to changes in '   "cenxyz.cvec" one can get a measure of how straight a 
   channel is.
 The fourth column "sum{s/(area)}" is useful in conductance
   prediction -
   basically it is the sum of the thickness of each slab
   divided by its area. HOLE uses this measure to estimate
   the macroscopic conductance of a channel.
 If any of this worries you one can see the "raw" results
   of a standard hole run by producing a sphpdb file and 
    directly looking at the results.
 cenxyz.cvec      radius  cen_line_D sum{s/(area point sourc
   -18.83165    18.62566   -34.89339     0.00009   (sampled)
   -18.73165    17.01141   -30.76886     0.00020 (mid-point)
   -18.63165    16.25338   -26.64433     0.00032   (sampled)
   -18.53165    16.12547   -25.68596     0.00044 (mid-point)
   -18.43165    16.05054   -24.72759     0.00057   (sampled)
   -18.33165    15.83283   -23.05939     0.00070 (mid-point)
   -18.23165    15.77762   -21.39119     0.00082   (sampled)
   -18.13165    15.67948   -21.29076     0.00095 (mid-point)
   -18.03165    15.58136   -21.19034     0.00108   (sampled)
   -17.93165    15.47273   -21.06489     0.00122 (mid-point)
   -17.83165    15.36430   -20.93945     0.00135   (sampled)
   -17.73165    15.16865   -19.45918     0.00149 (mid-point)
   -17.63165    15.10704   -17.97890     0.00163   (sampled)
   -17.53165    15.01003   -17.87810     0.00177 (mid-point)
   -17.43165    14.91289   -17.77729     0.00191   (sampled)
   -17.33165    14.81627   -17.67639     0.00206 (mid-point)
   -17.23165    14.71957   -17.57549     0.00221   (sampled)
   -17.13165    14.62303   -17.47464     0.00235 (mid-point)
   -17.03165    14.52655   -17.37378     0.00251   (sampled)
   -16.93165    14.43027   -17.27322     0.00266 (mid-point)
   -16.83165    14.33370   -17.17266     0.00281   (sampled)
   -16.73165    14.23721   -17.07180     0.00297 (mid-point)
   -16.63165    14.14072   -16.97095     0.00313   (sampled)
   -16.53165    14.04402   -16.87029     0.00329 (mid-point)
   -16.43165    13.94693   -16.76964     0.00345   (sampled)
   -16.33165    13.85106   -16.66897     0.00362 (mid-point)
   -16.23165    13.75525   -16.56831     0.00379   (sampled)
   -16.13165    13.65977   -16.46672     0.00396 (mid-point)
   -16.03165    13.56411   -16.36513     0.00413   (sampled)
   -15.93165    13.46591   -16.26287     0.00431 (mid-point)
   -15.83165    13.36778   -16.16060     0.00449   (sampled)
   -15.73165    13.27395   -16.06026     0.00467 (mid-point)
   -15.63165    13.18021   -15.95993     0.00485   (sampled)
   -15.53165    13.08480   -15.85943     0.00504 (mid-point)
   -15.43165    12.98929   -15.75892     0.00522   (sampled)
   -15.33165    12.89374   -15.65820     0.00542 (mid-point)
   -15.23165    12.79737   -15.55747     0.00561   (sampled)
   -15.13165    12.70206   -15.45567     0.00581 (mid-point)
   -15.03165    12.60635   -15.35386     0.00601   (sampled)
   -14.93165    12.51070   -15.25310     0.00621 (mid-point)
   -14.83165    12.41478   -15.15234     0.00642   (sampled)
   -14.73165    12.31958   -15.05067     0.00663 (mid-point)
   -14.63165    12.22408   -14.94901     0.00684   (sampled)
   -14.53165    12.12882   -14.84802     0.00706 (mid-point)
   -14.43165    12.03357   -14.74703     0.00728   (sampled)
   -14.33165    11.93692   -14.64394     0.00750 (mid-point)
   -14.23165    11.84034   -14.54086     0.00773   (sampled)
   -14.13165    11.74603   -14.44086     0.00796 (mid-point)
   -14.03165    11.65180   -14.34086     0.00819   (sampled)
   -13.93165    11.55774   -14.23882     0.00843 (mid-point)
   -13.83165    11.46323   -14.13677     0.00867   (sampled)
   -13.73165    11.36764   -14.03475     0.00892 (mid-point)
   -13.63165    11.27122   -13.93273     0.00917   (sampled)
   -13.53165    11.17774   -13.83245     0.00942 (mid-point)
   -13.43165    11.08438   -13.73217     0.00968   (sampled)
   -13.33165    10.99010   -13.63131     0.00995 (mid-point)
   -13.23165    10.89578   -13.53045     0.01021   (sampled)
   -13.13165    10.80113   -13.42952     0.01049 (mid-point)
   -13.03165    10.70652   -13.32859     0.01077   (sampled)
   -12.93165    10.61187   -13.22652     0.01105 (mid-point)
   -12.83165    10.51565   -13.12445     0.01134   (sampled)
   -12.73165    10.42370   -13.02427     0.01163 (mid-point)
   -12.63165    10.33107   -12.92409     0.01193   (sampled)
   -12.53165    10.23722   -12.82307     0.01223 (mid-point)
   -12.43165    10.14348   -12.72205     0.01254   (sampled)
   -12.33165    10.05043   -12.62084     0.01286 (mid-point)
   -12.23165     9.95745   -12.51964     0.01318   (sampled)
   -12.13165     9.86468   -12.41887     0.01350 (mid-point)
   -12.03165     9.77203   -12.31810     0.01384   (sampled)
   -11.93165     9.67893   -12.21693     0.01418 (mid-point)
   -11.83165     9.58596   -12.11575     0.01452   (sampled)
   -11.73165     9.49370   -12.01518     0.01488 (mid-point)
   -11.63165     9.40138   -11.91460     0.01524   (sampled)
   -11.53165     9.30912   -11.81373     0.01560 (mid-point)
   -11.43165     9.21698   -11.71286     0.01598   (sampled)
   -11.33165     9.12498   -11.61135     0.01636 (mid-point)
   -11.23165     9.03202   -11.50984     0.01675   (sampled)
   -11.13165     8.94064   -11.40884     0.01715 (mid-point)
   -11.03165     8.84944   -11.30785     0.01756   (sampled)
   -10.93165     8.75857   -11.20760     0.01797 (mid-point)
   -10.83165     8.66724   -11.10734     0.01839   (sampled)
   -10.73165     8.57693   -11.00606     0.01883 (mid-point)
   -10.63165     8.48649   -10.90477     0.01927   (sampled)
   -10.53165     8.39436   -10.80165     0.01972 (mid-point)
   -10.43165     8.30196   -10.69852     0.02018   (sampled)
   -10.33165     8.21432   -10.59852     0.02065 (mid-point)
   -10.23165     8.12527   -10.49852     0.02114   (sampled)
   -10.13165     8.03582   -10.39717     0.02163 (mid-point)
   -10.03165     7.94663   -10.29581     0.02213   (sampled)
    -9.93165     7.85732   -10.19525     0.02265 (mid-point)
    -9.83165     7.76804   -10.09469     0.02318   (sampled)
    -9.73165     7.67995    -9.99336     0.02372 (mid-point)
    -9.63165     7.59102    -9.89202     0.02427   (sampled)
    -9.53165     7.50323    -9.79121     0.02483 (mid-point)
    -9.43165     7.41549    -9.69040     0.02541   (sampled)
    -9.33165     7.32717    -9.58932     0.02601 (mid-point)
    -9.23165     7.23912    -9.48823     0.02661   (sampled)
    -9.13165     7.15254    -9.38755     0.02724 (mid-point)
    -9.03165     7.06626    -9.28688     0.02787   (sampled)
    -8.93165     6.97966    -9.18534     0.02853 (mid-point)
    -8.83165     6.89337    -9.08381     0.02920   (sampled)
    -8.73165     6.80786    -8.98331     0.02988 (mid-point)
    -8.63165     6.72256    -8.88281     0.03059   (sampled)
    -8.53165     6.63720    -8.78209     0.03131 (mid-point)
    -8.43165     6.55173    -8.68136     0.03205   (sampled)
    -8.33165     6.46754    -8.57727     0.03281 (mid-point)
    -8.23165     6.38201    -8.47318     0.03359   (sampled)
    -8.13165     6.30003    -8.37318     0.03440 (mid-point)
    -8.03165     6.21720    -8.27318     0.03522   (sampled)
    -7.93165     6.13397    -8.16986     0.03607 (mid-point)
    -7.83165     6.05122    -8.06653     0.03693   (sampled)
    -7.73165     5.96671    -7.96155     0.03783 (mid-point)
    -7.63165     5.88208    -7.85656     0.03875   (sampled)
    -7.53165     5.80359    -7.75639     0.03969 (mid-point)
    -7.43165     5.72530    -7.65621     0.04066   (sampled)
    -7.33165     5.64716    -7.55620     0.04166 (mid-point)
    -7.23165     5.56796    -7.45620     0.04269   (sampled)
    -7.13165     5.48872    -7.35608     0.04375 (mid-point)
    -7.03165     5.40938    -7.25597     0.04483   (sampled)
    -6.93165     5.32981    -7.15379     0.04595 (mid-point)
    -6.83165     5.24994    -7.05161     0.04711   (sampled)
    -6.73165     5.17138    -6.95148     0.04830 (mid-point)
    -6.63165     5.09338    -6.85135     0.04953   (sampled)
    -6.53165     5.01463    -6.74729     0.05079 (mid-point)
    -6.43165     4.93627    -6.64323     0.05210   (sampled)
    -6.33165     4.86076    -6.54310     0.05345 (mid-point)
    -6.23165     4.78539    -6.44297     0.05484   (sampled)
    -6.13165     4.70959    -6.34036     0.05627 (mid-point)
    -6.03165     4.63453    -6.23775     0.05775   (sampled)
    -5.93165     4.56093    -6.13736     0.05928 (mid-point)
    -5.83165     4.48780    -6.03697     0.06086   (sampled)
    -5.73165     4.41517    -5.93578     0.06250 (mid-point)
    -5.63165     4.34307    -5.83458     0.06418   (sampled)
    -5.53165     4.27240    -5.73327     0.06593 (mid-point)
    -5.43165     4.20254    -5.63195     0.06773   (sampled)
    -5.33165     4.13320    -5.53185     0.06959 (mid-point)
    -5.23165     4.06448    -5.43176     0.07152   (sampled)
    -5.13165     3.99817    -5.32971     0.07351 (mid-point)
    -5.03165     3.93221    -5.22766     0.07557   (sampled)
    -4.93165     3.86691    -5.12683     0.07770 (mid-point)
    -4.83165     3.80265    -5.02600     0.07990   (sampled)
    -4.73165     3.73988    -4.92586     0.08218 (mid-point)
    -4.63165     3.67822    -4.82573     0.08453   (sampled)
    -4.53165     3.61715    -4.72380     0.08696 (mid-point)
    -4.43165     3.55732    -4.62186     0.08948   (sampled)
    -4.33165     3.49860    -4.52130     0.09208 (mid-point)
    -4.23165     3.44114    -4.42073     0.09477   (sampled)
    -4.13165     3.38595    -4.32052     0.09754 (mid-point)
    -4.03165     3.33119    -4.22031     0.10041   (sampled)
    -3.93165     3.27813    -4.10992     0.10337 (mid-point)
    -3.83165     3.22647    -3.99954     0.10643   (sampled)
    -3.73165     3.17643    -3.89850     0.10959 (mid-point)
    -3.63165     3.12794    -3.79746     0.11284   (sampled)
    -3.53165     3.08098    -3.68094     0.11619 (mid-point)
    -3.43165     3.03635    -3.56443     0.11964   (sampled)
    -3.33165     2.99310    -3.46213     0.12320 (mid-point)
    -3.23165     2.95163    -3.35983     0.12685   (sampled)
    -3.13165     2.90921    -3.24708     0.13061 (mid-point)
    -3.03165     2.86910    -3.13433     0.13448   (sampled)
    -2.93165     2.83555    -2.99659     0.13844 (mid-point)
    -2.83165     2.80314    -2.85886     0.14249   (sampled)
    -2.73165     2.77084    -2.75815     0.14663 (mid-point)
    -2.63165     2.74052    -2.65744     0.15087   (sampled)
    -2.53165     2.71269    -2.55643     0.15520 (mid-point)
    -2.43165     2.68694    -2.45543     0.15961   (sampled)
    -2.33165     2.66086    -2.35446     0.16410 (mid-point)
    -2.23165     2.63585    -2.25350     0.16869   (sampled)
    -2.13165     2.61857    -2.14488     0.17333 (mid-point)
    -2.03165     2.60386    -2.03626     0.17802   (sampled)
    -1.93165     2.58865    -1.93365     0.18277 (mid-point)
    -1.83165     2.57471    -1.83105     0.18757   (sampled)
    -1.73165     2.56496    -1.72942     0.19241 (mid-point)
    -1.63165     2.55547    -1.62780     0.19729   (sampled)
    -1.53165     2.55057    -1.52737     0.20218 (mid-point)
    -1.43165     2.54750    -1.42693     0.20708   (sampled)
    -1.33165     2.54631    -1.32609     0.21199 (mid-point)
    -1.23165     2.54698    -1.22524     0.21690   (sampled)
    -1.13165     2.55028    -1.12189     0.22179 (mid-point)
    -1.03165     2.55479    -1.01853     0.22667   (sampled)
    -0.93165     2.56376    -0.91841     0.23151 (mid-point)
    -0.83165     2.57429    -0.81829     0.23632   (sampled)
    -0.73165     2.58676    -0.71645     0.24107 (mid-point)
    -0.63165     2.60140    -0.61462     0.24578   (sampled)
    -0.53165     2.61831    -0.51111     0.25042 (mid-point)
    -0.43165     2.63718    -0.40761     0.25500   (sampled)
    -0.33165     2.65629    -0.30713     0.25951 (mid-point)
    -0.23165     2.67471    -0.20664     0.26396   (sampled)
    -0.13165     2.67148    -0.10332     0.26842 (mid-point)
    -0.03165     2.67052    -0.00000     0.27288   (sampled)
     0.06835     2.67158     0.10307     0.27734 (mid-point)
     0.16835     2.67347     0.20614     0.28180   (sampled)
     0.26835     2.65577     0.31946     0.28631 (mid-point)
     0.36835     2.64086     0.43277     0.29087   (sampled)
     0.46835     2.62269     0.53503     0.29550 (mid-point)
     0.56835     2.60680     0.63728     0.30018   (sampled)
     0.66835     2.59113     0.73772     0.30493 (mid-point)
     0.76835     2.57620     0.83816     0.30972   (sampled)
     0.86835     2.56639     0.93821     0.31455 (mid-point)
     0.96835     2.55806     1.03826     0.31942   (sampled)
     1.06835     2.55177     1.13837     0.32431 (mid-point)
     1.16835     2.54765     1.23849     0.32921   (sampled)
     1.26835     2.54596     1.33852     0.33412 (mid-point)
     1.36835     2.54553     1.43855     0.33903   (sampled)
     1.46835     2.54862     1.53867     0.34393 (mid-point)
     1.56835     2.55306     1.63878     0.34882   (sampled)
     1.66835     2.56091     1.73897     0.35367 (mid-point)
     1.76835     2.56980     1.83916     0.35849   (sampled)
     1.86835     2.58109     1.93998     0.36327 (mid-point)
     1.96835     2.59461     2.04081     0.36800   (sampled)
     2.06835     2.61112     2.14089     0.37267 (mid-point)
     2.16835     2.62981     2.24098     0.37727   (sampled)
     2.26835     2.65039     2.34104     0.38180 (mid-point)
     2.36835     2.67301     2.44111     0.38626   (sampled)
     2.46835     2.69746     2.54117     0.39063 (mid-point)
     2.56835     2.72388     2.64124     0.39492   (sampled)
     2.66835     2.75169     2.74146     0.39912 (mid-point)
     2.76835     2.78150     2.84168     0.40324   (sampled)
     2.86835     2.81549     2.94175     0.40725 (mid-point)
     2.96835     2.84992     3.04182     0.41117   (sampled)
     3.06835     2.88693     3.14199     0.41499 (mid-point)
     3.16835     2.92492     3.24216     0.41871   (sampled)
     3.26835     2.96506     3.34275     0.42233 (mid-point)
     3.36835     3.00621     3.44335     0.42586   (sampled)
     3.46835     3.05024     3.54343     0.42928 (mid-point)
     3.56835     3.09519     3.64351     0.43260   (sampled)
     3.66835     3.14164     3.74521     0.43583 (mid-point)
     3.76835     3.18871     3.84691     0.43896   (sampled)
     3.86835     3.23370     4.08705     0.44200 (mid-point)
     3.96835     3.28944     4.32719     0.44494   (sampled)
     4.06835     3.34232     4.42748     0.44779 (mid-point)
     4.16835     3.39659     4.52777     0.45055   (sampled)
     4.26835     3.45311     4.62884     0.45322 (mid-point)
     4.36835     3.50994     4.72991     0.45580   (sampled)
     4.46835     3.56920     4.83046     0.45830 (mid-point)
     4.56835     3.62837     4.93101     0.46072   (sampled)
     4.66835     3.68905     5.03106     0.46306 (mid-point)
     4.76835     3.75087     5.13111     0.46532   (sampled)
     4.86835     3.81449     5.23269     0.46751 (mid-point)
     4.96835     3.87921     5.33426     0.46962   (sampled)
     5.06835     3.94382     5.43436     0.47167 (mid-point)
     5.16835     4.00942     5.53446     0.47365   (sampled)
     5.26835     4.07642     5.64318     0.47557 (mid-point)
     5.36835     4.14459     5.75191     0.47742   (sampled)
     5.46835     4.21509     5.85192     0.47921 (mid-point)
     5.56835     4.28630     5.95192     0.48094   (sampled)
     5.66835     4.35456     6.05218     0.48262 (mid-point)
     5.76835     4.42363     6.15245     0.48425   (sampled)
     5.86835     4.49885     6.25848     0.48582 (mid-point)
     5.96835     4.57493     6.36452     0.48734   (sampled)
     6.06835     4.64834     6.46570     0.48882 (mid-point)
     6.16835     4.72248     6.56688     0.49024   (sampled)
     6.26835     4.79879     6.66688     0.49162 (mid-point)
     6.36835     4.87345     6.76688     0.49297   (sampled)
     6.46835     4.95166     6.86839     0.49426 (mid-point)
     6.56835     5.02826     6.96991     0.49552   (sampled)
     6.66835     5.10667     7.07125     0.49674 (mid-point)
     6.76835     5.18543     7.17258     0.49793   (sampled)
     6.86835     5.26421     7.27314     0.49908 (mid-point)
     6.96835     5.34353     7.37369     0.50019   (sampled)
     7.06835     5.42473     7.47435     0.50127 (mid-point)
     7.16835     5.50487     7.57501     0.50232   (sampled)
     7.26835     5.58582     7.67595     0.50334 (mid-point)
     7.36835     5.66575     7.77688     0.50433   (sampled)
     7.46835     5.74923     7.87722     0.50530 (mid-point)
     7.56835     5.83240     7.97755     0.50623   (sampled)
     7.66835     5.91282     8.07755     0.50714 (mid-point)
     7.76835     5.99369     8.17755     0.50803   (sampled)
     7.86835     6.07837     8.28328     0.50889 (mid-point)
     7.96835     6.16195     8.38900     0.50973   (sampled)
     8.06835     6.24559     8.48953     0.51055 (mid-point)
     8.16835     6.32962     8.59005     0.51134   (sampled)
     8.26835     6.41410     8.69053     0.51211 (mid-point)
     8.36835     6.49893     8.79101     0.51287   (sampled)
     8.46835     6.58312     8.89311     0.51360 (mid-point)
     8.56835     6.66769     8.99521     0.51432   (sampled)
     8.66835     6.75392     9.09574     0.51502 (mid-point)
     8.76835     6.84046     9.19626     0.51570   (sampled)
     8.86835     6.92574     9.29919     0.51636 (mid-point)
     8.96835     7.01126     9.40212     0.51701   (sampled)
     9.06835     7.09862     9.50276     0.51764 (mid-point)
     9.16835     7.18628     9.60340     0.51825   (sampled)
     9.26835     7.27323     9.70620     0.51886 (mid-point)
     9.36835     7.36054     9.80900     0.51944   (sampled)
     9.46835     7.44721     9.90900     0.52002 (mid-point)
     9.56835     7.53268    10.00900     0.52058   (sampled)
     9.66835     7.62281    10.11417     0.52113 (mid-point)
     9.76835     7.71272    10.21934     0.52166   (sampled)
     9.86835     7.80069    10.32068     0.52219 (mid-point)
     9.96835     7.88892    10.42201     0.52270   (sampled)
    10.06835     7.97718    10.52201     0.52320 (mid-point)
    10.16835     8.06532    10.62201     0.52369   (sampled)
    10.26835     8.15501    10.72324     0.52416 (mid-point)
    10.36835     8.24472    10.82448     0.52463   (sampled)
    10.46835     8.33389    10.92488     0.52509 (mid-point)
    10.56835     8.42308    11.02529     0.52554   (sampled)
    10.66835     8.51234    11.33498     0.52598 (mid-point)
    10.76835     8.60693    11.64468     0.52641   (sampled)
    10.86835     8.69964    11.74468     0.52683 (mid-point)
    10.96835     8.79127    11.84468     0.52724   (sampled)
    11.06835     8.88241    11.94615     0.52764 (mid-point)
    11.16835     8.97374    12.04762     0.52804   (sampled)
    11.26835     9.06587    12.14789     0.52843 (mid-point)
    11.36835     9.15815    12.24817     0.52881   (sampled)
    11.46835     9.24930    12.34817     0.52918 (mid-point)
    11.56835     9.34046    12.44817     0.52954   (sampled)
    11.66835     9.43452    12.55148     0.52990 (mid-point)
    11.76835     9.52667    12.65479     0.53025   (sampled)
    11.86835     9.61948    12.75558     0.53060 (mid-point)
    11.96835     9.71230    12.85637     0.53093   (sampled)
    12.06835     9.80558    12.95646     0.53126 (mid-point)
    12.16835     9.89853    13.05655     0.53159   (sampled)
    12.26835     9.99191    13.15728     0.53191 (mid-point)
    12.36835    10.08529    13.25801     0.53222   (sampled)
    12.46835    10.17869    13.35943     0.53253 (mid-point)
    12.56835    10.27224    13.46085     0.53283   (sampled)
    12.66835    10.36604    13.56151     0.53313 (mid-point)
    12.76835    10.45988    13.66216     0.53342   (sampled)
    12.86835    10.55385    13.76216     0.53370 (mid-point)
    12.96835    10.64704    13.86216     0.53398   (sampled)
    13.06835    10.74215    13.96529     0.53426 (mid-point)
    13.16835    10.83535    14.06842     0.53453   (sampled)
    13.26835    10.93080    14.16847     0.53480 (mid-point)
    13.36835    11.02438    14.26852     0.53506   (sampled)
    13.46835    11.11884    14.36852     0.53532 (mid-point)
    13.56835    11.21315    14.46852     0.53557   (sampled)
    13.66835    11.30846    14.57092     0.53582 (mid-point)
    13.76835    11.40387    14.67332     0.53606   (sampled)
    13.86835    11.49772    14.77332     0.53630 (mid-point)
    13.96835    11.59166    14.87332     0.53654   (sampled)
    14.06835    11.68569    14.97332     0.53677 (mid-point)
    14.16835    11.77981    15.07332     0.53700   (sampled)
    14.26835    11.87845    15.18267     0.53723 (mid-point)
    14.36835    11.97541    15.29202     0.53745   (sampled)
    14.46835    12.07065    15.39202     0.53767 (mid-point)
    14.56835    12.16596    15.49202     0.53788   (sampled)
    14.66835    12.25570    15.90826     0.53810 (mid-point)
    14.76835    12.35748    16.32451     0.53831   (sampled)
    14.86835    12.45434    16.42461     0.53851 (mid-point)
    14.96835    12.55063    16.52472     0.53871   (sampled)
    15.06835    12.64791    16.63092     0.53891 (mid-point)
    15.16835    12.74532    16.73713     0.53911   (sampled)
    15.26835    12.84189    16.84413     0.53930 (mid-point)
    15.36835    12.93832    16.95112     0.53949   (sampled)
    15.46835    13.03559    17.05112     0.53968 (mid-point)
    15.56835    13.13251    17.15112     0.53986   (sampled)
    15.66835    13.23055    17.25439     0.54004 (mid-point)
    15.76835    13.32855    17.35766     0.54022   (sampled)
    15.86835    13.42599    17.45996     0.54040 (mid-point)
    15.96835    13.52337    17.56226     0.54057   (sampled)
    16.06835    13.61770    18.02097     0.54075 (mid-point)
    16.16835    13.72533    18.47967     0.54091   (sampled)
    16.26835    13.82360    18.57990     0.54108 (mid-point)
    16.36835    13.92172    18.68013     0.54125   (sampled)
    16.46835    14.01962    18.78036     0.54141 (mid-point)
    16.56835    14.11754    18.88060     0.54157   (sampled)
    16.66835    14.21583    18.98073     0.54172 (mid-point)
    16.76835    14.31410    19.08086     0.54188   (sampled)
    16.86835    14.41206    19.18103     0.54203 (mid-point)
    16.96835    14.51002    19.28120     0.54218   (sampled)
    17.06835    14.60832    19.38126     0.54233 (mid-point)
    17.16835    14.70643    19.48133     0.54248   (sampled)
    17.26835    14.80492    19.58149     0.54263 (mid-point)
    17.36835    14.90299    19.68165     0.54277   (sampled)
    17.46835    15.00131    19.78183     0.54291 (mid-point)
    17.56835    15.09942    19.88201     0.54305   (sampled)
    17.66835    15.19742    19.98201     0.54319 (mid-point)
    17.76835    15.29498    20.08201     0.54332   (sampled)
    17.86835    15.39436    20.18255     0.54346 (mid-point)
    17.96835    15.49242    20.28310     0.54359   (sampled)
    18.06835    15.59138    20.38310     0.54372 (mid-point)
    18.16835    15.68903    20.48310     0.54385   (sampled)
    18.26835    15.78824    20.58337     0.54398 (mid-point)
    18.36835    15.88650    20.68364     0.54411   (sampled)
    18.46835    15.98482    20.78364     0.54423 (mid-point)
    18.56835    16.08292    20.88364     0.54435   (sampled)
    18.66835    16.18126    20.98622     0.54447 (mid-point)
    18.76835    16.27965    21.08881     0.54459   (sampled)
    18.86835    16.37860    21.18934     0.54471 (mid-point)
    18.96835    16.47756    21.28986     0.54483   (sampled)
    19.06835    16.57625    21.38996     0.54495 (mid-point)
    19.16835    16.67488    21.49005     0.54506   (sampled)
    19.26835    16.77349    21.59015     0.54517 (mid-point)
    19.36835    16.87212    21.69025     0.54529   (sampled)
    19.46835    16.97026    21.79077     0.54540 (mid-point)
    19.56835    17.06843    21.89130     0.54551   (sampled)
    19.66835    17.16763    21.99146     0.54561 (mid-point)
    19.76835    17.26684    22.09162     0.54572   (sampled)
    19.86835    17.36535    22.19162     0.54583 (mid-point)
    19.96835    17.46337    22.29162     0.54593   (sampled)
    20.06835    17.56171    22.39171     0.54603 (mid-point)
    20.16835    17.65957    22.49180     0.54614   (sampled)
    20.26835    17.75737    22.59186     0.54624 (mid-point)
    20.36835    17.85516    22.69193     0.54634   (sampled)
    20.46835    17.95330    22.79204     0.54644 (mid-point)
    20.56835    18.05084    22.89216     0.54653   (sampled)
    20.66835    18.14900    22.99243     0.54663 (mid-point)
    20.76835    18.24718    23.09269     0.54672   (sampled)
    20.86835    18.34556    23.19272     0.54682 (mid-point)
    20.96835    18.44380    23.29274     0.54691   (sampled)
    21.06835    18.54150    23.39277     0.54701 (mid-point)
    21.16835    18.63921    23.49279     0.54710   (sampled)
    21.26835    18.73775    23.59301     0.54719 (mid-point)
    21.36835    18.83631    23.69323     0.54728   (sampled)
    21.46835    18.93427    23.79325     0.54737 (mid-point)
    21.56835    19.03225    23.89326     0.54745   (sampled)
    21.66835    19.13065    23.99365     0.54754 (mid-point)
    21.76835    19.22851    24.09403     0.54763   (sampled)
    21.86835    19.32724    24.19403     0.54771 (mid-point)
    21.96835    19.42567    24.29403     0.54780   (sampled)
    22.06835    19.52353    24.39422     0.54788 (mid-point)
    22.16835    19.62141    24.49442     0.54796   (sampled)
    22.26835    19.72004    24.59481     0.54805 (mid-point)
    22.36835    19.81823    24.69520     0.54813   (sampled)
    22.46835    19.91671    24.79520     0.54821 (mid-point)
    22.56835    20.01520    24.89520     0.54829   (sampled)
    22.66835    20.11370    24.99520     0.54836 (mid-point)
    22.76835    20.21176    25.09520     0.54844   (sampled)
    22.86835    20.31074    25.19559     0.54852 (mid-point)
    22.96835    20.40889    25.29599     0.54860   (sampled)
    23.06835    20.50767    25.39600     0.54867 (mid-point)
    23.16835    20.60607    25.49600     0.54875   (sampled)
    23.26835    20.70447    25.59604     0.54882 (mid-point)
    23.36835    20.80288    25.69608     0.54889   (sampled)
    23.46835    20.90131    25.79612     0.54897 (mid-point)
    23.56835    20.99975    25.89616     0.54904   (sampled)
    23.66835    21.09793    25.99616     0.54911 (mid-point)
    23.76835    21.19593    26.09616     0.54918   (sampled)
    23.86835    21.29394    26.19616     0.54925 (mid-point)
    23.96835    21.39197    26.29616     0.54932   (sampled)
    24.06835    21.49160    26.39669     0.54939 (mid-point)
    24.16835    21.59124    26.49721     0.54946   (sampled)
    24.26835    21.69010    26.59736     0.54953 (mid-point)
    24.36835    21.78877    26.69751     0.54959   (sampled)
    24.46835    21.88713    26.79751     0.54966 (mid-point)
    24.56835    21.98525    26.89751     0.54973   (sampled)

 Minimum radius found:      2.546 angstroms.



 For spherical probe approach, The geometric factor
         F= sum(ds/area) along channel is    0.550 angstroms**-1
 This yields a macroscopic predicted molar conductance of:
   (1/rho)*(100/F)= (180/rho) pS,
   where rho is the conductivity of 1M permeant ion in ohm m.
 N.B. this is a macroscopic conductance - an overestimate 
 Empirically corrected conductances currently only available
 With the CAPSULE option (although its not that stable!)
 For 1M KCl rho= 1/12 (ohm m), So Gmacro= 2200 pS/M.
  (TAG      1   Rmin=     2.54553   Gmacro=  2182.90657 Conn_Gmacro=    -1.00000 ).
 HOLE: normal completion
