 *** Program HOLE ***
 
 If results of this run are reported or published, please
 cite the publication listed below.
 For the HOLE program:
   Smart, O.S., Goodfellow, J.M., Wallace, B.A. (1993). 
   The pore dimensions of gramicidin A. 
   Biophys. J., 65, 2455-2460.
 
 Originally written by Oliver Smart at Birkbeck College from April 1992.
 Copyright 1993-2005 Oliver Smart
 Copyright 2014-2015 SmartSci Limited.
 Copyright 2016 Oliver Smart.
 
 For help on HOLE suite see  http://www.holeprogram.org/
 
 HOLE release 2.2.005 (07 August 2016) 
 
 usage subject to Apache License, Version 2.0 
 see http://www.apache.org/licenses/LICENSE-2.0 

 Control variables read:

! Input file for Oliver Smart's HOLE program
! written by MDAnalysis.analysis.hole2.HoleAnalysis
! for a Universe
! u = mda.Universe(/afs/crc.nd.edu/user/m/mfarshad/Private/ML-new/traj/host-N1+2
!    /afs/crc.nd.edu/user/m/mfarshad/Private/ML-new/traj/host-N1+2+1/host_N1+2+1
!   )
! Frame 89

COORD  /tmp/2550308.1.long/tmpvx8c87zq.pdb
RADIUS simple2.rad
SPHPDB hole089.sph
SAMPLE 0.200000
ENDRAD 22.000000
IGNORE SOL WAT TIP HOH K   NA  CL
SHORTO 0
RASEED 31415
CPOINT 39.4018441451 40.0582411515 41.2007551695


 WARNING have not found a CVECT record - will try to guess
 Input pdb filename read as:    '/tmp/2550308.1.long/tmpvx8c87zq.pdb'
 Input vdW radius file read as: 'simple2.rad'
 point in channel:   39.402  40.058  41.201
 channel vector:   ************************
 sampling distance between planes:    0.200

 graphics conditions:
 binary plot output file name: NONE
 Dot density:    10
 Draw dots?           T
 Draw close contacts? F
 Draw centre line?    T
 Produce spikes rather than dots? F
 Seed for random number generator:     31415 (0 means value set by program)
 Radius above which a result is regarded as an 'end':  22.000
 Pdb format file for sphere centres: hole089.sph

 Monte Carlo conditions:
  no of steps:  1000
  maximum displacement   0.100 angs
  'kT' initial   0.100 angs
 The spherebox and capsule options are turned off.
 (No molqpt card so will not write qpt file of the molecule)
 IGNORE card read so will ignore residue types: SOL WAT TIP HOH K   NA  CL
 no SHORTO card read so will produce full textual output
 As no PEGRAT card was found will not produce PEG polymer exclusion graph
 (No 2DMAPS card specified so will not produce 2D property maps)
 Have not found a CUT card.  Normal calculation using
   Cutoff lists with a cutsize=       1.000
   (if you wish to turn off option use a CUT -1 card)

 Have read     7 bond radius records and
              16 vdW radius records.
 From file: simple2.rad

 Have read    95 atom records.
 From file: /tmp/2550308.1.long/tmpvx8c87zq.pdb
 Will not produce graphical output

 Have opened file for pdb format output of sphere centres:  hole089.sph

  Seed integer used by ran # generator on this run      31415

 
 S/R cguess will try to guess CPOINT and/or CVECT
 
 THESE GUESSES MAY WELL BE WRONG!!!!
 Routine relies on having a reasonably symmetric
 channel oriented along x, y or z vector
 YOU ARE STRONGLY ADVISED TO CHECK THE RESULTS
                       WITH MOLECULAR GRAPHICS
 testing points from cpoint in X, Y then Z direction
   point                   pore radius
direction     1
  34.402  40.058  41.201    -0.954
  35.402  40.058  41.201    -0.986
  36.402  40.058  41.201    -0.210
  37.402  40.058  41.201     0.699
  38.402  40.058  41.201     1.341
  39.402  40.058  41.201     1.824
  40.402  40.058  41.201     0.923
  41.402  40.058  41.201     0.116
  42.402  40.058  41.201    -0.827
  43.402  40.058  41.201    -1.375
  44.402  40.058  41.201    -0.801
 Average pore radius along the line=     -0.023
direction     2
  39.402  35.058  41.201     3.297
  39.402  36.058  41.201     2.638
  39.402  37.058  41.201     2.119
  39.402  38.058  41.201     1.756
  39.402  39.058  41.201     1.650
  39.402  40.058  41.201     1.824
  39.402  41.058  41.201     1.846
  39.402  42.058  41.201     1.858
  39.402  43.058  41.201     2.126
  39.402  44.058  41.201     2.503
  39.402  45.058  41.201     3.059
 Average pore radius along the line=      2.243
direction     3
  39.402  40.058  36.201    -0.080
  39.402  40.058  37.201     0.692
  39.402  40.058  38.201     0.948
  39.402  40.058  39.201     1.431
  39.402  40.058  40.201     1.749
  39.402  40.058  41.201     1.824
  39.402  40.058  42.201     1.556
  39.402  40.058  43.201     1.180
  39.402  40.058  44.201     0.389
  39.402  40.058  45.201    -0.182
  39.402  40.058  46.201    -0.296
 Average pore radius along the line=      0.837
 Best direction is found to be     2
(1=X,2=Y,3=Z)
 s/r cguess has produced initial values for cpoint &/or cvect:
CPOINT      39.4018     40.0582     41.2008
CVECT        0.0000      1.0000      0.0000
 THESE GUESSES MAY WELL BE WRONG!!!!
 Routine relies on having a reasonably symmetric
 channel oriented along x, y or z vector
 YOU ARE STRONGLY ADVISED TO CHECK THE RESULTS
                       WITH MOLECULAR GRAPHICS
 
 
  Some routines (e.g. conn) need vectors normal to cvect: 
     EAST Zero degrees angle is along vector    1.000   0.000   0.000
     NORTH  90 degrees angle is along vector    0.000   0.000   1.000
 highest radius point found:
  at point   38.816  40.058  42.023
  closest atom surface    2.126   S3  URE X    1
  2nd closest surface     2.126   C27 URE X    1
  found on step  992
  this is also current point
  no. of rejections          414
 stored as     0

 highest radius point found:
  at point   38.876  40.258  42.074
  closest atom surface    2.129   C27 URE X    1
  2nd closest surface     2.133   C10 URE X    1
  found on step   54
 current point:
  at point   39.843  40.258  40.003
  closest atom surface    1.961   C11 URE X    1
  2nd closest surface     1.961   C26 URE X    1
  found on step  963
  no. of rejections          356
 stored as     1

 highest radius point found:
  at point   38.894  40.458  42.165
  closest atom surface    2.149   C10 URE X    1
  2nd closest surface     2.151   C28 URE X    1
  found on step  898
  this is also current point
  no. of rejections          400
 stored as     2

 highest radius point found:
  at point   38.876  40.658  42.258
  closest atom surface    2.155   C10 URE X    1
  2nd closest surface     2.157   S3  URE X    1
  found on step  999
  this is also current point
  no. of rejections          391
 stored as     3

 highest radius point found:
  at point   38.865  40.858  42.343
  closest atom surface    2.172   C10 URE X    1
  2nd closest surface     2.176   C28 URE X    1
  found on step  962
  this is also current point
  no. of rejections          385
 stored as     4

 highest radius point found:
  at point   38.832  41.058  42.464
  closest atom surface    2.178   S   URE X    1
  2nd closest surface     2.182   S3  URE X    1
  found on step   35
 current point:
  at point   39.034  41.058  42.210
  closest atom surface    2.162   C28 URE X    1
  2nd closest surface     2.165   C10 URE X    1
  found on step  991
  no. of rejections          362
 stored as     5

 highest radius point found:
  at point   38.918  41.258  42.424
  closest atom surface    2.221   C10 URE X    1
  2nd closest surface     2.221   H3  URE X    1
  found on step  869
 current point:
  at point   38.918  41.258  42.425
  closest atom surface    2.220   H3  URE X    1
  2nd closest surface     2.222   C10 URE X    1
  found on step  993
  no. of rejections          376
 stored as     6

 highest radius point found:
  at point   38.948  41.458  42.406
  closest atom surface    2.220   C29 URE X    1
  2nd closest surface     2.221   C10 URE X    1
  found on step  975
  this is also current point
  no. of rejections          426
 stored as     7

 highest radius point found:
  at point   38.975  41.658  42.385
  closest atom surface    2.226   C29 URE X    1
  2nd closest surface     2.226   C10 URE X    1
  found on step  820
 current point:
  at point   38.982  41.658  42.378
  closest atom surface    2.222   C29 URE X    1
  2nd closest surface     2.226   C10 URE X    1
  found on step  967
  no. of rejections          394
 stored as     8

 highest radius point found:
  at point   38.995  41.858  42.378
  closest atom surface    2.246   C29 URE X    1
  2nd closest surface     2.246   C10 URE X    1
  found on step  944
  this is also current point
  no. of rejections          378
 stored as     9

 highest radius point found:
  at point   39.021  42.058  42.360
  closest atom surface    2.272   C29 URE X    1
  2nd closest surface     2.273   C10 URE X    1
  found on step  986
  this is also current point
  no. of rejections          399
 stored as    10

 highest radius point found:
  at point   39.026  42.258  42.360
  closest atom surface    2.307   C10 URE X    1
  2nd closest surface     2.309   H3  URE X    1
  found on step  413
 current point:
  at point   39.161  42.258  42.162
  closest atom surface    2.263   C10 URE X    1
  2nd closest surface     2.281   C29 URE X    1
  found on step  997
  no. of rejections          353
 stored as    11

 highest radius point found:
  at point   39.055  42.458  42.351
  closest atom surface    2.361   C10 URE X    1
  2nd closest surface     2.361   C29 URE X    1
  found on step  976
  this is also current point
  no. of rejections          407
 stored as    12

 highest radius point found:
  at point   39.078  42.658  42.338
  closest atom surface    2.416   C10 URE X    1
  2nd closest surface     2.417   C29 URE X    1
  found on step  919
  this is also current point
  no. of rejections          365
 stored as    13

 highest radius point found:
  at point   39.089  42.858  42.338
  closest atom surface    2.481   C10 URE X    1
  2nd closest surface     2.487   C29 URE X    1
  found on step  976
  this is also current point
  no. of rejections          398
 stored as    14

 highest radius point found:
  at point   39.108  43.058  42.336
  closest atom surface    2.558   C29 URE X    1
  2nd closest surface     2.559   C10 URE X    1
  found on step  844
 current point:
  at point   39.111  43.058  42.329
  closest atom surface    2.557   C10 URE X    1
  2nd closest surface     2.558   C29 URE X    1
  found on step 1000
  no. of rejections          368
 stored as    15

 highest radius point found:
  at point   39.121  43.258  42.336
  closest atom surface    2.642   C10 URE X    1
  2nd closest surface     2.642   C29 URE X    1
  found on step  973
  this is also current point
  no. of rejections          378
 stored as    16

 highest radius point found:
  at point   39.138  43.458  42.332
  closest atom surface    2.731   C10 URE X    1
  2nd closest surface     2.732   C29 URE X    1
  found on step  364
 current point:
  at point   39.141  43.458  42.329
  closest atom surface    2.730   C29 URE X    1
  2nd closest surface     2.731   C10 URE X    1
  found on step  920
  no. of rejections          392
 stored as    17

 highest radius point found:
  at point   39.147  43.658  42.339
  closest atom surface    2.830   C10 URE X    1
  2nd closest surface     2.830   H3  URE X    1
  found on step  806
 current point:
  at point   39.156  43.658  42.326
  closest atom surface    2.827   C10 URE X    1
  2nd closest surface     2.828   C29 URE X    1
  found on step  947
  no. of rejections          392
 stored as    18

 highest radius point found:
  at point   39.131  43.858  42.350
  closest atom surface    2.918   H3  URE X    1
  2nd closest surface     2.918   C31 URE X    1
  found on step  112
 current point:
  at point   39.134  43.858  42.337
  closest atom surface    2.915   C10 URE X    1
  2nd closest surface     2.915   C31 URE X    1
  found on step  981
  no. of rejections          392
 stored as    19

 highest radius point found:
  at point   39.105  44.058  42.343
  closest atom surface    3.003   C   URE X    1
  2nd closest surface     3.003   C31 URE X    1
  found on step  904
  this is also current point
  no. of rejections          388
 stored as    20

 highest radius point found:
  at point   39.104  44.258  42.276
  closest atom surface    3.070   C31 URE X    1
  2nd closest surface     3.071   C10 URE X    1
  found on step  775
 current point:
  at point   39.098  44.258  42.276
  closest atom surface    3.067   C10 URE X    1
  2nd closest surface     3.073   C   URE X    1
  found on step  977
  no. of rejections          420
 stored as    21

 highest radius point found:
  at point   39.100  44.458  42.215
  closest atom surface    3.148   C31 URE X    1
  2nd closest surface     3.149   C10 URE X    1
  found on step  449
 current point:
  at point   39.101  44.458  42.212
  closest atom surface    3.147   C10 URE X    1
  2nd closest surface     3.148   C31 URE X    1
  found on step  887
  no. of rejections          389
 stored as    22

 highest radius point found:
  at point   39.098  44.658  42.146
  closest atom surface    3.230   C10 URE X    1
  2nd closest surface     3.232   C31 URE X    1
  found on step  974
  this is also current point
  no. of rejections          347
 stored as    23

 highest radius point found:
  at point   39.095  44.858  42.088
  closest atom surface    3.323   C   URE X    1
  2nd closest surface     3.324   C31 URE X    1
  found on step  627
 current point:
  at point   39.095  44.858  42.091
  closest atom surface    3.321   C   URE X    1
  2nd closest surface     3.323   C31 URE X    1
  found on step  933
  no. of rejections          352
 stored as    24

 highest radius point found:
  at point   39.092  45.058  42.022
  closest atom surface    3.421   C10 URE X    1
  2nd closest surface     3.422   C31 URE X    1
  found on step  963
  this is also current point
  no. of rejections          390
 stored as    25

 highest radius point found:
  at point   39.090  45.258  41.960
  closest atom surface    3.525   C11 URE X    1
  2nd closest surface     3.526   C31 URE X    1
  found on step  897
  this is also current point
  no. of rejections          374
 stored as    26

 highest radius point found:
  at point   39.100  45.458  41.918
  closest atom surface    3.624   C   URE X    1
  2nd closest surface     3.625   C31 URE X    1
  found on step  831
 current point:
  at point   39.097  45.458  41.917
  closest atom surface    3.623   C11 URE X    1
  2nd closest surface     3.623   C   URE X    1
  found on step  921
  no. of rejections          390
 stored as    27

 highest radius point found:
  at point   39.113  45.658  41.876
  closest atom surface    3.726   C31 URE X    1
  2nd closest surface     3.728   C   URE X    1
  found on step  934
  this is also current point
  no. of rejections          360
 stored as    28

 highest radius point found:
  at point   39.121  45.858  41.829
  closest atom surface    3.838   C31 URE X    1
  2nd closest surface     3.840   C11 URE X    1
  found on step  749
 current point:
  at point   39.122  45.858  41.828
  closest atom surface    3.838   C31 URE X    1
  2nd closest surface     3.839   C11 URE X    1
  found on step  936
  no. of rejections          353
 stored as    29

 highest radius point found:
  at point   39.130  46.058  41.784
  closest atom surface    3.954   C11 URE X    1
  2nd closest surface     3.954   C31 URE X    1
  found on step  981
  this is also current point
  no. of rejections          399
 stored as    30

 highest radius point found:
  at point   39.142  46.258  41.741
  closest atom surface    4.073   C31 URE X    1
  2nd closest surface     4.075   C11 URE X    1
  found on step  991
  this is also current point
  no. of rejections          338
 stored as    31

 highest radius point found:
  at point   39.147  46.458  41.695
  closest atom surface    4.197   C11 URE X    1
  2nd closest surface     4.200   C   URE X    1
  found on step  849
 current point:
  at point   39.144  46.458  41.699
  closest atom surface    4.196   C   URE X    1
  2nd closest surface     4.198   C11 URE X    1
  found on step  960
  no. of rejections          360
 stored as    32

 highest radius point found:
  at point   39.162  46.658  41.654
  closest atom surface    4.327   C31 URE X    1
  2nd closest surface     4.328   H12 URE X    1
  found on step  771
 current point:
  at point   39.165  46.658  41.647
  closest atom surface    4.325   H12 URE X    1
  2nd closest surface     4.325   C31 URE X    1
  found on step  995
  no. of rejections          375
 stored as    33

 highest radius point found:
  at point   39.180  46.858  41.625
  closest atom surface    4.453   C31 URE X    1
  2nd closest surface     4.454   C   URE X    1
  found on step  950
  this is also current point
  no. of rejections          343
 stored as    34

 highest radius point found:
  at point   39.196  47.058  41.591
  closest atom surface    4.583   H12 URE X    1
  2nd closest surface     4.585   C31 URE X    1
  found on step  949
  this is also current point
  no. of rejections          341
 stored as    35

 highest radius point found:
  at point   39.217  47.258  41.555
  closest atom surface    4.717   H12 URE X    1
  2nd closest surface     4.717   C31 URE X    1
  found on step  958
  this is also current point
  no. of rejections          350
 stored as    36

 highest radius point found:
  at point   39.228  47.458  41.528
  closest atom surface    4.855   C   URE X    1
  2nd closest surface     4.856   H12 URE X    1
  found on step  935
  this is also current point
  no. of rejections          353
 stored as    37

 highest radius point found:
  at point   39.249  47.658  41.492
  closest atom surface    4.996   H12 URE X    1
  2nd closest surface     4.997   C31 URE X    1
  found on step  954
  this is also current point
  no. of rejections          343
 stored as    38

 highest radius point found:
  at point   39.265  47.858  41.461
  closest atom surface    5.142   H12 URE X    1
  2nd closest surface     5.142   C31 URE X    1
  found on step  959
  this is also current point
  no. of rejections          329
 stored as    39

 highest radius point found:
  at point   39.282  48.058  41.428
  closest atom surface    5.289   C31 URE X    1
  2nd closest surface     5.289   H12 URE X    1
  found on step  991
  this is also current point
  no. of rejections          336
 stored as    40

 highest radius point found:
  at point   39.299  48.258  41.393
  closest atom surface    5.439   C31 URE X    1
  2nd closest surface     5.439   H12 URE X    1
  found on step  704
 current point:
  at point   39.296  48.258  41.394
  closest atom surface    5.439   H12 URE X    1
  2nd closest surface     5.440   C   URE X    1
  found on step  999
  no. of rejections          318
 stored as    41

 highest radius point found:
  at point   39.309  48.458  41.360
  closest atom surface    5.591   H12 URE X    1
  2nd closest surface     5.591   C   URE X    1
  found on step  910
  this is also current point
  no. of rejections          306
 stored as    42

 highest radius point found:
  at point   39.331  48.658  41.329
  closest atom surface    5.747   C   URE X    1
  2nd closest surface     5.748   C31 URE X    1
  found on step  991
  this is also current point
  no. of rejections          335
 stored as    43

 highest radius point found:
  at point   39.351  48.858  41.287
  closest atom surface    5.904   C31 URE X    1
  2nd closest surface     5.905   H12 URE X    1
  found on step  948
  this is also current point
  no. of rejections          345
 stored as    44

 highest radius point found:
  at point   39.363  49.058  41.258
  closest atom surface    6.066   C31 URE X    1
  2nd closest surface     6.066   C   URE X    1
  found on step  940
  this is also current point
  no. of rejections          295
 stored as    45

 highest radius point found:
  at point   39.377  49.258  41.223
  closest atom surface    6.228   C   URE X    1
  2nd closest surface     6.228   H12 URE X    1
  found on step  954
  this is also current point
  no. of rejections          305
 stored as    46

 highest radius point found:
  at point   39.394  49.458  41.190
  closest atom surface    6.391   C   URE X    1
  2nd closest surface     6.392   C31 URE X    1
  found on step  794
 current point:
  at point   39.396  49.458  41.180
  closest atom surface    6.390   H12 URE X    1
  2nd closest surface     6.392   C31 URE X    1
  found on step  923
  no. of rejections          321
 stored as    47

 highest radius point found:
  at point   39.414  49.658  41.151
  closest atom surface    6.556   C31 URE X    1
  2nd closest surface     6.559   H12 URE X    1
  found on step  841
 current point:
  at point   39.399  49.658  41.151
  closest atom surface    6.555   H12 URE X    1
  2nd closest surface     6.556   C   URE X    1
  found on step  997
  no. of rejections          291
 stored as    48

 highest radius point found:
  at point   39.419  49.858  41.118
  closest atom surface    6.724   C   URE X    1
  2nd closest surface     6.725   H12 URE X    1
  found on step  774
 current point:
  at point   39.420  49.858  41.114
  closest atom surface    6.724   H12 URE X    1
  2nd closest surface     6.727   C   URE X    1
  found on step  963
  no. of rejections          289
 stored as    49

 highest radius point found:
  at point   39.440  50.058  41.082
  closest atom surface    6.895   C31 URE X    1
  2nd closest surface     6.895   C   URE X    1
  found on step  946
  this is also current point
  no. of rejections          287
 stored as    50

 highest radius point found:
  at point   39.454  50.258  41.045
  closest atom surface    7.066   C31 URE X    1
  2nd closest surface     7.066   H12 URE X    1
  found on step  974
  this is also current point
  no. of rejections          291
 stored as    51

 highest radius point found:
  at point   39.467  50.458  41.009
  closest atom surface    7.237   C   URE X    1
  2nd closest surface     7.238   H12 URE X    1
  found on step  993
  this is also current point
  no. of rejections          286
 stored as    52

 highest radius point found:
  at point   39.488  50.658  40.967
  closest atom surface    7.410   C31 URE X    1
  2nd closest surface     7.411   H12 URE X    1
  found on step  958
  this is also current point
  no. of rejections          283
 stored as    53

 highest radius point found:
  at point   39.493  50.858  40.937
  closest atom surface    7.585   C   URE X    1
  2nd closest surface     7.585   H12 URE X    1
  found on step  965
  this is also current point
  no. of rejections          291
 stored as    54

 highest radius point found:
  at point   39.496  51.058  40.897
  closest atom surface    7.757   H12 URE X    1
  2nd closest surface     7.757   C32 URE X    1
  found on step  960
  this is also current point
  no. of rejections          282
 stored as    55

 highest radius point found:
  at point   39.497  51.258  40.863
  closest atom surface    7.931   C32 URE X    1
  2nd closest surface     7.931   H12 URE X    1
  found on step  995
  this is also current point
  no. of rejections          274
 stored as    56

 highest radius point found:
  at point   39.501  51.458  40.824
  closest atom surface    8.105   C32 URE X    1
  2nd closest surface     8.106   H12 URE X    1
  found on step  900
  this is also current point
  no. of rejections          297
 stored as    57

 highest radius point found:
  at point   39.501  51.658  40.789
  closest atom surface    8.282   C32 URE X    1
  2nd closest surface     8.282   H12 URE X    1
  found on step  867
  this is also current point
  no. of rejections          296
 stored as    58

 highest radius point found:
  at point   39.499  51.858  40.750
  closest atom surface    8.458   H12 URE X    1
  2nd closest surface     8.459   C   URE X    1
  found on step  998
  this is also current point
  no. of rejections          276
 stored as    59

 highest radius point found:
  at point   39.504  52.058  40.715
  closest atom surface    8.637   C   URE X    1
  2nd closest surface     8.638   C32 URE X    1
  found on step  809
 current point:
  at point   39.502  52.058  40.709
  closest atom surface    8.636   H12 URE X    1
  2nd closest surface     8.638   C32 URE X    1
  found on step  994
  no. of rejections          287
 stored as    60

 highest radius point found:
  at point   39.506  52.258  40.679
  closest atom surface    8.816   C   URE X    1
  2nd closest surface     8.816   C32 URE X    1
  found on step  954
  this is also current point
  no. of rejections          279
 stored as    61

 highest radius point found:
  at point   39.505  52.458  40.639
  closest atom surface    8.996   C   URE X    1
  2nd closest surface     8.996   H12 URE X    1
  found on step  900
  this is also current point
  no. of rejections          247
 stored as    62

 highest radius point found:
  at point   39.510  52.658  40.601
  closest atom surface    9.177   C32 URE X    1
  2nd closest surface     9.178   H12 URE X    1
  found on step  961
  this is also current point
  no. of rejections          281
 stored as    63

 highest radius point found:
  at point   39.510  52.858  40.563
  closest atom surface    9.359   C32 URE X    1
  2nd closest surface     9.359   H12 URE X    1
  found on step  988
  this is also current point
  no. of rejections          267
 stored as    64

 highest radius point found:
  at point   39.507  53.058  40.520
  closest atom surface    9.539   H12 URE X    1
  2nd closest surface     9.543   C32 URE X    1
  found on step  833
 current point:
  at point   39.511  53.058  40.513
  closest atom surface    9.539   H12 URE X    1
  2nd closest surface     9.542   C32 URE X    1
  found on step  983
  no. of rejections          258
 stored as    65

 highest radius point found:
  at point   39.509  53.258  40.485
  closest atom surface    9.724   H12 URE X    1
  2nd closest surface     9.726   C   URE X    1
  found on step  975
  this is also current point
  no. of rejections          242
 stored as    66

 highest radius point found:
  at point   39.513  53.458  40.447
  closest atom surface    9.908   H12 URE X    1
  2nd closest surface     9.908   C32 URE X    1
  found on step  994
  this is also current point
  no. of rejections          268
 stored as    67

 highest radius point found:
  at point   39.514  53.658  40.407
  closest atom surface   10.092   H12 URE X    1
  2nd closest surface    10.093   C32 URE X    1
  found on step  169
 current point:
  at point   39.514  53.658  40.413
  closest atom surface   10.092   C   URE X    1
  2nd closest surface    10.093   C32 URE X    1
  found on step  984
  no. of rejections          251
 stored as    68

 highest radius point found:
  at point   39.514  53.858  40.372
  closest atom surface   10.278   H12 URE X    1
  2nd closest surface    10.278   C32 URE X    1
  found on step  986
  this is also current point
  no. of rejections          233
 stored as    69

 highest radius point found:
  at point   39.517  54.058  40.336
  closest atom surface   10.463   C32 URE X    1
  2nd closest surface    10.464   C   URE X    1
  found on step  955
  this is also current point
  no. of rejections          276
 stored as    70

 highest radius point found:
  at point   39.520  54.258  40.302
  closest atom surface   10.648   C   URE X    1
  2nd closest surface    10.649   C32 URE X    1
  found on step  971
  this is also current point
  no. of rejections          261
 stored as    71

 highest radius point found:
  at point   39.535  54.458  40.282
  closest atom surface   10.829   C   URE X    1
  2nd closest surface    10.829   C32 URE X    1
  found on step  918
  this is also current point
  no. of rejections          276
 stored as    72

 highest radius point found:
  at point   39.549  54.658  40.262
  closest atom surface   11.011   C   URE X    1
  2nd closest surface    11.011   C32 URE X    1
  found on step  897
  this is also current point
  no. of rejections          276
 stored as    73

 highest radius point found:
  at point   39.561  54.858  40.239
  closest atom surface   11.192   O2  URE X    1
  2nd closest surface    11.193   C   URE X    1
  found on step  977
  this is also current point
  no. of rejections          269
 stored as    74

 highest radius point found:
  at point   39.576  55.058  40.221
  closest atom surface   11.375   O2  URE X    1
  2nd closest surface    11.375   C   URE X    1
  found on step  951
  this is also current point
  no. of rejections          245
 stored as    75

 highest radius point found:
  at point   39.588  55.258  40.200
  closest atom surface   11.557   O2  URE X    1
  2nd closest surface    11.558   C   URE X    1
  found on step  958
  this is also current point
  no. of rejections          260
 stored as    76

 highest radius point found:
  at point   39.608  55.458  40.181
  closest atom surface   11.742   O2  URE X    1
  2nd closest surface    11.742   C   URE X    1
  found on step  991
  this is also current point
  no. of rejections          269
 stored as    77

 highest radius point found:
  at point   39.622  55.658  40.159
  closest atom surface   11.925   O2  URE X    1
  2nd closest surface    11.927   C   URE X    1
  found on step  851
 current point:
  at point   39.613  55.658  40.160
  closest atom surface   11.924   O2  URE X    1
  2nd closest surface    11.925   C   URE X    1
  found on step  987
  no. of rejections          254
 stored as    78

 highest radius point found:
  at point   39.644  55.858  40.137
  closest atom surface   12.109   C32 URE X    1
  2nd closest surface    12.110   O2  URE X    1
  found on step  860
 current point:
  at point   39.644  55.858  40.141
  closest atom surface   12.109   C32 URE X    1
  2nd closest surface    12.111   O2  URE X    1
  found on step  924
  no. of rejections          254
 stored as    79

 highest radius point found:
  at point   39.652  56.058  40.122
  closest atom surface   12.295   O2  URE X    1
  2nd closest surface    12.296   C   URE X    1
  found on step  962
  this is also current point
  no. of rejections          232
 stored as    80

 highest radius point found:
  at point   39.665  56.258  40.101
  closest atom surface   12.480   O2  URE X    1
  2nd closest surface    12.481   C   URE X    1
  found on step  903
  this is also current point
  no. of rejections          241
 stored as    81

 highest radius point found:
  at point   39.684  56.458  40.084
  closest atom surface   12.667   C   URE X    1
  2nd closest surface    12.667   C32 URE X    1
  found on step  980
  this is also current point
  no. of rejections          258
 stored as    82

 highest radius point found:
  at point   39.703  56.658  40.060
  closest atom surface   12.852   C32 URE X    1
  2nd closest surface    12.853   O2  URE X    1
  found on step  839
 current point:
  at point   39.693  56.658  40.063
  closest atom surface   12.852   C   URE X    1
  2nd closest surface    12.853   O2  URE X    1
  found on step  935
  no. of rejections          260
 stored as    83

 highest radius point found:
  at point   39.709  56.858  40.043
  closest atom surface   13.039   C   URE X    1
  2nd closest surface    13.040   O2  URE X    1
  found on step  448
 current point:
  at point   39.706  56.858  40.038
  closest atom surface   13.038   O2  URE X    1
  2nd closest surface    13.041   C   URE X    1
  found on step  905
  no. of rejections          239
 stored as    84

 highest radius point found:
  at point   39.730  57.058  40.022
  closest atom surface   13.227   C32 URE X    1
  2nd closest surface    13.227   O2  URE X    1
  found on step  975
  this is also current point
  no. of rejections          231
 stored as    85

 highest radius point found:
  at point   39.743  57.258  40.003
  closest atom surface   13.415   C   URE X    1
  2nd closest surface    13.415   O2  URE X    1
  found on step  993
  this is also current point
  no. of rejections          245
 stored as    86

 highest radius point found:
  at point   39.747  57.458  39.982
  closest atom surface   13.601   O2  URE X    1
  2nd closest surface    13.601   C   URE X    1
  found on step  963
  this is also current point
  no. of rejections          228
 stored as    87

 highest radius point found:
  at point   39.775  57.658  39.962
  closest atom surface   13.791   C32 URE X    1
  2nd closest surface    13.791   O2  URE X    1
  found on step  937
  this is also current point
  no. of rejections          244
 stored as    88

 highest radius point found:
  at point   39.791  57.858  39.943
  closest atom surface   13.979   C32 URE X    1
  2nd closest surface    13.980   O2  URE X    1
  found on step 1000
  this is also current point
  no. of rejections          233
 stored as    89

 highest radius point found:
  at point   39.804  58.058  39.923
  closest atom surface   14.168   O2  URE X    1
  2nd closest surface    14.168   C32 URE X    1
  found on step  968
  this is also current point
  no. of rejections          243
 stored as    90

 highest radius point found:
  at point   39.819  58.258  39.903
  closest atom surface   14.357   C32 URE X    1
  2nd closest surface    14.357   O2  URE X    1
  found on step  976
  this is also current point
  no. of rejections          242
 stored as    91

 highest radius point found:
  at point   39.834  58.458  39.881
  closest atom surface   14.546   O2  URE X    1
  2nd closest surface    14.547   C32 URE X    1
  found on step  914
  this is also current point
  no. of rejections          250
 stored as    92

 highest radius point found:
  at point   39.849  58.658  39.862
  closest atom surface   14.736   O2  URE X    1
  2nd closest surface    14.736   C32 URE X    1
  found on step  998
  this is also current point
  no. of rejections          259
 stored as    93

 highest radius point found:
  at point   39.864  58.858  39.844
  closest atom surface   14.926   C32 URE X    1
  2nd closest surface    14.927   C   URE X    1
  found on step  953
  this is also current point
  no. of rejections          234
 stored as    94

 highest radius point found:
  at point   39.826  59.058  39.804
  closest atom surface   15.106   O2  URE X    1
  2nd closest surface    15.115   C   URE X    1
  found on step    3
 current point:
  at point   36.637  59.058  39.447
  closest atom surface   14.981   O2  URE X    1
  2nd closest surface    14.983   C   URE X    1
  found on step  988
  no. of rejections          227
 stored as    95

 highest radius point found:
  at point   39.894  59.258  39.805
  closest atom surface   15.307   C32 URE X    1
  2nd closest surface    15.307   C   URE X    1
  found on step  948
  this is also current point
  no. of rejections          233
 stored as    96

 highest radius point found:
  at point   39.911  59.458  39.784
  closest atom surface   15.497   C32 URE X    1
  2nd closest surface    15.498   O2  URE X    1
  found on step  719
 current point:
  at point   39.908  59.458  39.779
  closest atom surface   15.497   O2  URE X    1
  2nd closest surface    15.498   C32 URE X    1
  found on step  966
  no. of rejections          223
 stored as    97

 highest radius point found:
  at point   39.918  59.658  39.766
  closest atom surface   15.688   C   URE X    1
  2nd closest surface    15.689   O2  URE X    1
  found on step  995
  this is also current point
  no. of rejections          209
 stored as    98

 highest radius point found:
  at point   39.938  59.858  39.743
  closest atom surface   15.880   C32 URE X    1
  2nd closest surface    15.880   O2  URE X    1
  found on step  919
  this is also current point
  no. of rejections          231
 stored as    99

 highest radius point found:
  at point   39.952  60.058  39.724
  closest atom surface   16.072   O2  URE X    1
  2nd closest surface    16.072   C   URE X    1
  found on step  994
  this is also current point
  no. of rejections          227
 stored as   100

 highest radius point found:
  at point   39.974  60.258  39.695
  closest atom surface   16.262   O2  URE X    1
  2nd closest surface    16.262   C32 URE X    1
  found on step  612
 current point:
  at point   39.975  60.258  39.696
  closest atom surface   16.262   C32 URE X    1
  2nd closest surface    16.262   O2  URE X    1
  found on step  932
  no. of rejections          229
 stored as   101

 highest radius point found:
  at point   39.983  60.458  39.685
  closest atom surface   16.455   C32 URE X    1
  2nd closest surface    16.455   O2  URE X    1
  found on step  987
  this is also current point
  no. of rejections          211
 stored as   102

 highest radius point found:
  at point   39.996  60.658  39.662
  closest atom surface   16.647   O2  URE X    1
  2nd closest surface    16.647   H29 URE X    1
  found on step  992
  this is also current point
  no. of rejections          228
 stored as   103

 highest radius point found:
  at point   40.005  60.858  39.642
  closest atom surface   16.838   O2  URE X    1
  2nd closest surface    16.839   H29 URE X    1
  found on step  960
  this is also current point
  no. of rejections          235
 stored as   104

 highest radius point found:
  at point   40.014  61.058  39.622
  closest atom surface   17.030   H29 URE X    1
  2nd closest surface    17.030   O2  URE X    1
  found on step  995
  this is also current point
  no. of rejections          217
 stored as   105

 highest radius point found:
  at point   39.992  61.258  39.600
  closest atom surface   17.218   C   URE X    1
  2nd closest surface    17.219   O2  URE X    1
  found on step  993
  this is also current point
  no. of rejections          175
 stored as   106

 highest radius point found:
  at point   40.032  61.458  39.581
  closest atom surface   17.414   H29 URE X    1
  2nd closest surface    17.414   O2  URE X    1
  found on step  953
  this is also current point
  no. of rejections          215
 stored as   107

 highest radius point found:
  at point   40.038  61.658  39.559
  closest atom surface   17.606   O2  URE X    1
  2nd closest surface    17.607   C   URE X    1
  found on step  837
 current point:
  at point   40.031  61.658  39.560
  closest atom surface   17.606   C   URE X    1
  2nd closest surface    17.606   O2  URE X    1
  found on step  905
  no. of rejections          217
 stored as   108

 highest radius point found:
  at point   40.052  61.858  39.541
  closest atom surface   17.799   H29 URE X    1
  2nd closest surface    17.800   C   URE X    1
  found on step  985
  this is also current point
  no. of rejections          222
 stored as   109

 highest radius point found:
  at point   40.060  62.058  39.521
  closest atom surface   17.992   H29 URE X    1
  2nd closest surface    17.992   C   URE X    1
  found on step  819
 current point:
  at point   40.050  62.058  39.517
  closest atom surface   17.991   O2  URE X    1
  2nd closest surface    17.992   C   URE X    1
  found on step  985
  no. of rejections          226
 stored as   110

 highest radius point found:
  at point   40.071  62.258  39.496
  closest atom surface   18.184   H29 URE X    1
  2nd closest surface    18.185   O2  URE X    1
  found on step  965
  this is also current point
  no. of rejections          186
 stored as   111

 highest radius point found:
  at point   40.073  62.458  39.479
  closest atom surface   18.377   C   URE X    1
  2nd closest surface    18.378   O2  URE X    1
  found on step  960
  this is also current point
  no. of rejections          200
 stored as   112

 highest radius point found:
  at point   40.084  62.658  39.455
  closest atom surface   18.571   O2  URE X    1
  2nd closest surface    18.572   H29 URE X    1
  found on step  935
  this is also current point
  no. of rejections          205
 stored as   113

 highest radius point found:
  at point   40.098  62.858  39.432
  closest atom surface   18.764   H29 URE X    1
  2nd closest surface    18.764   O2  URE X    1
  found on step  960
  this is also current point
  no. of rejections          222
 stored as   114

 highest radius point found:
  at point   40.110  63.058  39.402
  closest atom surface   18.956   O2  URE X    1
  2nd closest surface    18.957   H29 URE X    1
  found on step   18
 current point:
  at point   40.750  63.058  37.909
  closest atom surface   18.837   O2  URE X    1
  2nd closest surface    18.839   O3  URE X    1
  found on step  979
  no. of rejections          181
 stored as   115

 highest radius point found:
  at point   40.114  63.258  39.395
  closest atom surface   19.151   H29 URE X    1
  2nd closest surface    19.152   O2  URE X    1
  found on step  741
 current point:
  at point   40.109  63.258  39.395
  closest atom surface   19.151   O2  URE X    1
  2nd closest surface    19.151   C   URE X    1
  found on step  987
  no. of rejections          203
 stored as   116

 highest radius point found:
  at point   40.124  63.458  39.375
  closest atom surface   19.345   H29 URE X    1
  2nd closest surface    19.345   O2  URE X    1
  found on step  914
  this is also current point
  no. of rejections          215
 stored as   117

 highest radius point found:
  at point   40.130  63.658  39.346
  closest atom surface   19.538   O2  URE X    1
  2nd closest surface    19.540   H29 URE X    1
  found on step  966
  this is also current point
  no. of rejections          213
 stored as   118

 highest radius point found:
  at point   40.146  63.858  39.325
  closest atom surface   19.732   O2  URE X    1
  2nd closest surface    19.733   H29 URE X    1
  found on step  995
  this is also current point
  no. of rejections          196
 stored as   119

 highest radius point found:
  at point   40.146  64.058  39.325
  closest atom surface   19.923   C   URE X    1
  2nd closest surface    19.928   H29 URE X    1
  found on step    1
 current point:
  at point   41.284  64.058  36.170
  closest atom surface   19.811   S1  URE X    1
  2nd closest surface    19.812   O2  URE X    1
  found on step  963
  no. of rejections          189
 stored as   120

 highest radius point found:
  at point   40.152  64.258  39.281
  closest atom surface   20.119   O2  URE X    1
  2nd closest surface    20.124   H29 URE X    1
  found on step   21
 current point:
  at point   40.176  64.258  39.254
  closest atom surface   20.118   O2  URE X    1
  2nd closest surface    20.121   H29 URE X    1
  found on step  991
  no. of rejections          177
 stored as   121

 highest radius point found:
  at point   40.171  64.458  39.269
  closest atom surface   20.316   H29 URE X    1
  2nd closest surface    20.316   O2  URE X    1
  found on step  963
  this is also current point
  no. of rejections          211
 stored as   122

 highest radius point found:
  at point   40.181  64.658  39.247
  closest atom surface   20.511   H29 URE X    1
  2nd closest surface    20.511   O2  URE X    1
  found on step  978
  this is also current point
  no. of rejections          178
 stored as   123

 highest radius point found:
  at point   40.189  64.858  39.226
  closest atom surface   20.705   O2  URE X    1
  2nd closest surface    20.706   H29 URE X    1
  found on step  960
  this is also current point
  no. of rejections          210
 stored as   124

 highest radius point found:
  at point   40.198  65.058  39.215
  closest atom surface   20.899   C   URE X    1
  2nd closest surface    20.900   H29 URE X    1
  found on step  970
  this is also current point
  no. of rejections          219
 stored as   125

 highest radius point found:
  at point   40.205  65.258  39.190
  closest atom surface   21.095   C   URE X    1
  2nd closest surface    21.095   O2  URE X    1
  found on step  975
  this is also current point
  no. of rejections          183
 stored as   126

 highest radius point found:
  at point   40.215  65.458  39.160
  closest atom surface   21.289   O2  URE X    1
  2nd closest surface    21.291   H29 URE X    1
  found on step  958
  this is also current point
  no. of rejections          226
 stored as   127

 highest radius point found:
  at point   40.224  65.658  39.149
  closest atom surface   21.486   C   URE X    1
  2nd closest surface    21.486   O2  URE X    1
  found on step  959
  this is also current point
  no. of rejections          192
 stored as   128

 highest radius point found:
  at point   40.233  65.858  39.128
  closest atom surface   21.681   O2  URE X    1
  2nd closest surface    21.681   C   URE X    1
  found on step  965
  this is also current point
  no. of rejections          189
 stored as   129

 highest radius point found:
  at point   40.256  66.058  39.132
  closest atom surface   21.870   C   URE X    1
  2nd closest surface    21.872   H29 URE X    1
  found on step    5
 current point:
  at point   40.477  66.058  39.395
  closest atom surface   21.815   H29 URE X    1
  2nd closest surface    21.823   C   URE X    1
  found on step  997
  no. of rejections          157
 stored as   130

 highest radius point found:
  at point   40.252  66.258  39.087
  closest atom surface   22.072   C   URE X    1
  2nd closest surface    22.072   O2  URE X    1
  found on step  965
  this is also current point
  no. of rejections          202
 This is an end! (radius above  22.0 angs)
 highest radius point found:
  at point   38.771  39.858  41.950
  closest atom surface    2.128   C27 URE X    1
  2nd closest surface     2.129   C10 URE X    1
  found on step  920
  this is also current point
  no. of rejections          385
 stored as    -1

 highest radius point found:
  at point   38.727  39.658  41.877
  closest atom surface    2.141   C27 URE X    1
  2nd closest surface     2.142   C10 URE X    1
  found on step  781
 current point:
  at point   38.729  39.658  41.873
  closest atom surface    2.141   C27 URE X    1
  2nd closest surface     2.141   C10 URE X    1
  found on step  889
  no. of rejections          397
 stored as    -2

 highest radius point found:
  at point   38.691  39.458  41.829
  closest atom surface    2.149   C27 URE X    1
  2nd closest surface     2.150   S3  URE X    1
  found on step  968
  this is also current point
  no. of rejections          395
 stored as    -3

 highest radius point found:
  at point   38.673  39.258  41.786
  closest atom surface    2.151   C27 URE X    1
  2nd closest surface     2.151   C8  URE X    1
  found on step  961
  this is also current point
  no. of rejections          380
 stored as    -4

 highest radius point found:
  at point   38.669  39.058  41.722
  closest atom surface    2.158   C27 URE X    1
  2nd closest surface     2.162   C8  URE X    1
  found on step  230
 current point:
  at point   39.427  39.058  39.868
  closest atom surface    2.148   C26 URE X    1
  2nd closest surface     2.159   C9  URE X    1
  found on step  999
  no. of rejections          367
 stored as    -5

 highest radius point found:
  at point   38.669  38.858  41.635
  closest atom surface    2.181   C27 URE X    1
  2nd closest surface     2.181   C8  URE X    1
  found on step  957
  this is also current point
  no. of rejections          391
 stored as    -6

 highest radius point found:
  at point   38.667  38.658  41.561
  closest atom surface    2.212   C9  URE X    1
  2nd closest surface     2.212   C27 URE X    1
  found on step  121
 current point:
  at point   38.895  38.658  41.112
  closest atom surface    2.171   C26 URE X    1
  2nd closest surface     2.173   C9  URE X    1
  found on step  998
  no. of rejections          388
 stored as    -7

 highest radius point found:
  at point   38.681  38.458  41.460
  closest atom surface    2.252   C27 URE X    1
  2nd closest surface     2.253   C9  URE X    1
  found on step   46
 current point:
  at point   38.968  38.458  40.805
  closest atom surface    2.196   C9  URE X    1
  2nd closest surface     2.199   C26 URE X    1
  found on step  992
  no. of rejections          388
 stored as    -8

 highest radius point found:
  at point   40.424  38.258  38.307
  closest atom surface    2.580   C13 URE X    1
  2nd closest surface     2.595   C26 URE X    1
  found on step  995
  this is also current point
  no. of rejections          362
 stored as    -9

 highest radius point found:
  at point   40.484  38.058  38.203
  closest atom surface    2.684   C13 URE X    1
  2nd closest surface     2.685   C26 URE X    1
  found on step  882
  this is also current point
  no. of rejections          373
 stored as   -10

 highest radius point found:
  at point   40.512  37.858  38.128
  closest atom surface    2.773   C19 URE X    1
  2nd closest surface     2.775   C13 URE X    1
  found on step  919
  this is also current point
  no. of rejections          364
 stored as   -11

 highest radius point found:
  at point   40.542  37.658  38.058
  closest atom surface    2.870   C26 URE X    1
  2nd closest surface     2.870   C19 URE X    1
  found on step  896
  this is also current point
  no. of rejections          365
 stored as   -12

 highest radius point found:
  at point   40.562  37.458  37.987
  closest atom surface    2.975   C19 URE X    1
  2nd closest surface     2.977   C13 URE X    1
  found on step  950
  this is also current point
  no. of rejections          364
 stored as   -13

 highest radius point found:
  at point   40.592  37.258  37.916
  closest atom surface    3.087   C19 URE X    1
  2nd closest surface     3.087   C26 URE X    1
  found on step  836
 current point:
  at point   40.584  37.258  37.920
  closest atom surface    3.087   C26 URE X    1
  2nd closest surface     3.087   C13 URE X    1
  found on step  994
  no. of rejections          359
 stored as   -14

 highest radius point found:
  at point   40.611  37.058  37.847
  closest atom surface    3.206   C13 URE X    1
  2nd closest surface     3.207   C19 URE X    1
  found on step  457
 current point:
  at point   40.611  37.058  37.848
  closest atom surface    3.206   C26 URE X    1
  2nd closest surface     3.206   C13 URE X    1
  found on step  944
  no. of rejections          355
 stored as   -15

 highest radius point found:
  at point   40.637  36.858  37.776
  closest atom surface    3.331   C26 URE X    1
  2nd closest surface     3.331   C19 URE X    1
  found on step  947
  this is also current point
  no. of rejections          365
 stored as   -16

 highest radius point found:
  at point   40.665  36.658  37.704
  closest atom surface    3.461   C19 URE X    1
  2nd closest surface     3.461   C26 URE X    1
  found on step  981
  this is also current point
  no. of rejections          356
 stored as   -17

 highest radius point found:
  at point   40.677  36.458  37.651
  closest atom surface    3.587   C26 URE X    1
  2nd closest surface     3.588   H19 URE X    1
  found on step  485
 current point:
  at point   40.678  36.458  37.646
  closest atom surface    3.585   H19 URE X    1
  2nd closest surface     3.591   C26 URE X    1
  found on step  978
  no. of rejections          350
 stored as   -18

 highest radius point found:
  at point   40.683  36.258  37.599
  closest atom surface    3.717   C13 URE X    1
  2nd closest surface     3.719   C26 URE X    1
  found on step  804
 current point:
  at point   40.692  36.258  37.594
  closest atom surface    3.717   H19 URE X    1
  2nd closest surface     3.720   C26 URE X    1
  found on step  985
  no. of rejections          329
 stored as   -19

 highest radius point found:
  at point   40.698  36.058  37.544
  closest atom surface    3.855   C13 URE X    1
  2nd closest surface     3.855   C26 URE X    1
  found on step  986
  this is also current point
  no. of rejections          336
 stored as   -20

 highest radius point found:
  at point   40.686  35.858  37.520
  closest atom surface    3.979   O10 URE X    1
  2nd closest surface     3.980   C13 URE X    1
  found on step  835
 current point:
  at point   40.680  35.858  37.530
  closest atom surface    3.976   C13 URE X    1
  2nd closest surface     3.976   C26 URE X    1
  found on step  922
  no. of rejections          360
 stored as   -21

 highest radius point found:
  at point   40.654  35.658  37.524
  closest atom surface    4.088   H25 URE X    1
  2nd closest surface     4.088   O10 URE X    1
  found on step  850
 current point:
  at point   40.654  35.658  37.525
  closest atom surface    4.088   H25 URE X    1
  2nd closest surface     4.089   O10 URE X    1
  found on step  986
  no. of rejections          348
 stored as   -22

 highest radius point found:
  at point   40.624  35.458  37.524
  closest atom surface    4.199   O10 URE X    1
  2nd closest surface     4.201   H25 URE X    1
  found on step   47
 current point:
  at point   40.628  35.458  37.522
  closest atom surface    4.198   O10 URE X    1
  2nd closest surface     4.201   H25 URE X    1
  found on step  969
  no. of rejections          362
 stored as   -23

 highest radius point found:
  at point   40.555  35.258  37.550
  closest atom surface    4.318   H25 URE X    1
  2nd closest surface     4.319   C13 URE X    1
  found on step  299
 current point:
  at point   41.227  35.258  37.261
  closest atom surface    4.264   O10 URE X    1
  2nd closest surface     4.264   H25 URE X    1
  found on step  974
  no. of rejections          376
 stored as   -24

 highest radius point found:
  at point   40.527  35.058  37.544
  closest atom surface    4.445   O10 URE X    1
  2nd closest surface     4.445   H25 URE X    1
  found on step  912
  this is also current point
  no. of rejections          349
 stored as   -25

 highest radius point found:
  at point   40.482  34.858  37.552
  closest atom surface    4.574   O10 URE X    1
  2nd closest surface     4.574   H25 URE X    1
  found on step  437
 current point:
  at point   40.495  34.858  37.548
  closest atom surface    4.572   H25 URE X    1
  2nd closest surface     4.573   O10 URE X    1
  found on step  953
  no. of rejections          373
 stored as   -26

 highest radius point found:
  at point   40.494  34.658  37.539
  closest atom surface    4.697   H25 URE X    1
  2nd closest surface     4.699   O10 URE X    1
  found on step  607
 current point:
  at point   40.511  34.658  37.530
  closest atom surface    4.695   H25 URE X    1
  2nd closest surface     4.696   O10 URE X    1
  found on step  970
  no. of rejections          375
 stored as   -27

 highest radius point found:
  at point   40.508  34.458  37.523
  closest atom surface    4.824   H25 URE X    1
  2nd closest surface     4.827   O10 URE X    1
  found on step  805
 current point:
  at point   40.528  34.458  37.513
  closest atom surface    4.823   H25 URE X    1
  2nd closest surface     4.823   O10 URE X    1
  found on step  968
  no. of rejections          374
 stored as   -28

 highest radius point found:
  at point   40.522  34.258  37.507
  closest atom surface    4.956   H25 URE X    1
  2nd closest surface     4.956   C15 URE X    1
  found on step  866
 current point:
  at point   40.534  34.258  37.501
  closest atom surface    4.955   H25 URE X    1
  2nd closest surface     4.956   O10 URE X    1
  found on step  981
  no. of rejections          364
 stored as   -29

 highest radius point found:
  at point   40.543  34.058  37.487
  closest atom surface    5.091   O10 URE X    1
  2nd closest surface     5.091   H25 URE X    1
  found on step  978
  this is also current point
  no. of rejections          374
 stored as   -30

 highest radius point found:
  at point   40.557  33.858  37.479
  closest atom surface    5.226   H25 URE X    1
  2nd closest surface     5.226   C15 URE X    1
  found on step  139
 current point:
  at point   41.258  33.858  37.180
  closest atom surface    5.181   H25 URE X    1
  2nd closest surface     5.182   O10 URE X    1
  found on step  985
  no. of rejections          346
 stored as   -31

 highest radius point found:
  at point   40.587  33.658  37.452
  closest atom surface    5.369   H25 URE X    1
  2nd closest surface     5.370   O10 URE X    1
  found on step  353
 current point:
  at point   40.813  33.658  37.356
  closest atom surface    5.346   O10 URE X    1
  2nd closest surface     5.346   H25 URE X    1
  found on step  987
  no. of rejections          348
 stored as   -32

 highest radius point found:
  at point   40.612  33.458  37.431
  closest atom surface    5.513   O10 URE X    1
  2nd closest surface     5.513   H25 URE X    1
  found on step  589
 current point:
  at point   40.598  33.458  37.434
  closest atom surface    5.513   O10 URE X    1
  2nd closest surface     5.514   C15 URE X    1
  found on step  988
  no. of rejections          339
 stored as   -33

 highest radius point found:
  at point   40.619  33.258  37.422
  closest atom surface    5.660   C15 URE X    1
  2nd closest surface     5.660   H25 URE X    1
  found on step  670
 current point:
  at point   40.630  33.258  37.415
  closest atom surface    5.660   O10 URE X    1
  2nd closest surface     5.660   H25 URE X    1
  found on step  888
  no. of rejections          335
 stored as   -34

 highest radius point found:
  at point   40.696  33.058  37.380
  closest atom surface    5.805   H25 URE X    1
  2nd closest surface     5.805   O10 URE X    1
  found on step   26
 current point:
  at point   40.905  33.058  37.293
  closest atom surface    5.789   H25 URE X    1
  2nd closest surface     5.789   O10 URE X    1
  found on step  922
  no. of rejections          317
 stored as   -35

 highest radius point found:
  at point   40.664  32.858  37.383
  closest atom surface    5.962   O10 URE X    1
  2nd closest surface     5.964   H25 URE X    1
  found on step  717
 current point:
  at point   41.133  32.858  37.189
  closest atom surface    5.934   O10 URE X    1
  2nd closest surface     5.934   H25 URE X    1
  found on step  930
  no. of rejections          337
 stored as   -36

 highest radius point found:
  at point   40.692  32.658  37.365
  closest atom surface    6.116   O10 URE X    1
  2nd closest surface     6.117   H25 URE X    1
  found on step  984
  this is also current point
  no. of rejections          306
 stored as   -37

 highest radius point found:
  at point   40.705  32.458  37.352
  closest atom surface    6.273   O10 URE X    1
  2nd closest surface     6.274   H25 URE X    1
  found on step  954
  this is also current point
  no. of rejections          319
 stored as   -38

 highest radius point found:
  at point   40.759  32.258  37.322
  closest atom surface    6.430   O10 URE X    1
  2nd closest surface     6.430   H25 URE X    1
  found on step  721
 current point:
  at point   41.214  32.258  37.133
  closest atom surface    6.410   O10 URE X    1
  2nd closest surface     6.411   H25 URE X    1
  found on step  981
  no. of rejections          313
 stored as   -39

 highest radius point found:
  at point   40.757  32.058  37.315
  closest atom surface    6.592   O10 URE X    1
  2nd closest surface     6.593   H25 URE X    1
  found on step  977
  this is also current point
  no. of rejections          300
 stored as   -40

 highest radius point found:
  at point   40.792  31.858  37.295
  closest atom surface    6.753   H25 URE X    1
  2nd closest surface     6.755   O10 URE X    1
  found on step  662
 current point:
  at point   41.282  31.858  37.091
  closest atom surface    6.738   H25 URE X    1
  2nd closest surface     6.738   O10 URE X    1
  found on step  867
  no. of rejections          307
 stored as   -41

 highest radius point found:
  at point   40.785  31.658  37.289
  closest atom surface    6.919   C15 URE X    1
  2nd closest surface     6.920   O10 URE X    1
  found on step   33
 current point:
  at point   41.005  31.658  37.199
  closest atom surface    6.908   H25 URE X    1
  2nd closest surface     6.909   O10 URE X    1
  found on step  984
  no. of rejections          291
 stored as   -42

 highest radius point found:
  at point   40.808  31.458  37.271
  closest atom surface    7.085   O10 URE X    1
  2nd closest surface     7.086   C15 URE X    1
  found on step  747
 current point:
  at point   40.859  31.458  37.253
  closest atom surface    7.082   H25 URE X    1
  2nd closest surface     7.084   O10 URE X    1
  found on step  914
  no. of rejections          306
 stored as   -43

 highest radius point found:
  at point   40.847  31.258  37.249
  closest atom surface    7.252   O10 URE X    1
  2nd closest surface     7.253   H25 URE X    1
  found on step  863
 current point:
  at point   40.881  31.258  37.236
  closest atom surface    7.250   H25 URE X    1
  2nd closest surface     7.251   O10 URE X    1
  found on step  915
  no. of rejections          327
 stored as   -44

 highest radius point found:
  at point   40.890  31.058  37.224
  closest atom surface    7.420   O10 URE X    1
  2nd closest surface     7.421   H25 URE X    1
  found on step  455
 current point:
  at point   41.051  31.058  37.158
  closest atom surface    7.414   H25 URE X    1
  2nd closest surface     7.414   O10 URE X    1
  found on step  967
  no. of rejections          303
 stored as   -45

 highest radius point found:
  at point   40.872  30.858  37.226
  closest atom surface    7.592   C15 URE X    1
  2nd closest surface     7.593   H25 URE X    1
  found on step  600
 current point:
  at point   41.157  30.858  37.107
  closest atom surface    7.583   O10 URE X    1
  2nd closest surface     7.584   H25 URE X    1
  found on step  956
  no. of rejections          301
 stored as   -46

 highest radius point found:
  at point   40.918  30.658  37.199
  closest atom surface    7.763   O10 URE X    1
  2nd closest surface     7.763   H25 URE X    1
  found on step  752
 current point:
  at point   41.224  30.658  37.073
  closest atom surface    7.756   O10 URE X    1
  2nd closest surface     7.756   H25 URE X    1
  found on step  904
  no. of rejections          301
 stored as   -47

 highest radius point found:
  at point   40.924  30.458  37.191
  closest atom surface    7.936   H25 URE X    1
  2nd closest surface     7.936   O10 URE X    1
  found on step  975
  this is also current point
  no. of rejections          268
 stored as   -48

 highest radius point found:
  at point   40.958  30.258  37.171
  closest atom surface    8.110   H25 URE X    1
  2nd closest surface     8.110   O10 URE X    1
  found on step  232
 current point:
  at point   41.193  30.258  37.073
  closest atom surface    8.105   H25 URE X    1
  2nd closest surface     8.105   O10 URE X    1
  found on step  927
  no. of rejections          288
 stored as   -49

 highest radius point found:
  at point   40.976  30.058  37.157
  closest atom surface    8.285   H25 URE X    1
  2nd closest surface     8.285   O10 URE X    1
  found on step  864
 current point:
  at point   40.966  30.058  37.162
  closest atom surface    8.285   H25 URE X    1
  2nd closest surface     8.286   O10 URE X    1
  found on step  946
  no. of rejections          302
 stored as   -50

 highest radius point found:
  at point   40.985  29.858  37.147
  closest atom surface    8.461   C15 URE X    1
  2nd closest surface     8.461   H25 URE X    1
  found on step  994
  this is also current point
  no. of rejections          294
 stored as   -51

 highest radius point found:
  at point   41.032  29.658  37.121
  closest atom surface    8.638   H25 URE X    1
  2nd closest surface     8.638   O10 URE X    1
  found on step  954
  this is also current point
  no. of rejections          317
 stored as   -52

 highest radius point found:
  at point   41.054  29.458  37.106
  closest atom surface    8.816   H25 URE X    1
  2nd closest surface     8.816   O10 URE X    1
  found on step  930
  this is also current point
  no. of rejections          299
 stored as   -53

 highest radius point found:
  at point   41.062  29.258  37.095
  closest atom surface    8.995   O10 URE X    1
  2nd closest surface     8.995   H25 URE X    1
  found on step  800
 current point:
  at point   41.057  29.258  37.099
  closest atom surface    8.995   H25 URE X    1
  2nd closest surface     8.995   O10 URE X    1
  found on step  956
  no. of rejections          287
 stored as   -54

 highest radius point found:
  at point   41.083  29.058  37.081
  closest atom surface    9.174   O10 URE X    1
  2nd closest surface     9.175   H25 URE X    1
  found on step  427
 current point:
  at point   41.086  29.058  37.081
  closest atom surface    9.174   H25 URE X    1
  2nd closest surface     9.175   O10 URE X    1
  found on step  994
  no. of rejections          263
 stored as   -55

 highest radius point found:
  at point   41.114  28.858  37.064
  closest atom surface    9.355   H25 URE X    1
  2nd closest surface     9.355   O10 URE X    1
  found on step  801
 current point:
  at point   41.101  28.858  37.070
  closest atom surface    9.354   H25 URE X    1
  2nd closest surface     9.356   O10 URE X    1
  found on step  936
  no. of rejections          293
 stored as   -56

 highest radius point found:
  at point   41.120  28.658  37.056
  closest atom surface    9.535   C15 URE X    1
  2nd closest surface     9.536   H25 URE X    1
  found on step  757
 current point:
  at point   41.122  28.658  37.049
  closest atom surface    9.535   O10 URE X    1
  2nd closest surface     9.536   O7  URE X    1
  found on step  932
  no. of rejections          289
 stored as   -57

 highest radius point found:
  at point   41.134  28.458  37.063
  closest atom surface    9.710   O7  URE X    1
  2nd closest surface     9.710   C15 URE X    1
  found on step  881
 current point:
  at point   41.134  28.458  37.060
  closest atom surface    9.710   O7  URE X    1
  2nd closest surface     9.710   C15 URE X    1
  found on step  891
  no. of rejections          288
 stored as   -58

 highest radius point found:
  at point   41.144  28.258  37.063
  closest atom surface    9.884   C15 URE X    1
  2nd closest surface     9.884   O7  URE X    1
  found on step  733
 current point:
  at point   41.139  28.258  37.038
  closest atom surface    9.884   O7  URE X    1
  2nd closest surface     9.884   C15 URE X    1
  found on step  933
  no. of rejections          275
 stored as   -59

 highest radius point found:
  at point   41.146  28.058  37.026
  closest atom surface   10.059   O7  URE X    1
  2nd closest surface    10.059   C15 URE X    1
  found on step  959
  this is also current point
  no. of rejections          267
 stored as   -60

 highest radius point found:
  at point   41.170  27.858  37.087
  closest atom surface   10.235   O7  URE X    1
  2nd closest surface    10.236   C15 URE X    1
  found on step  831
 current point:
  at point   41.154  27.858  37.015
  closest atom surface   10.234   O7  URE X    1
  2nd closest surface    10.234   C15 URE X    1
  found on step  985
  no. of rejections          273
 stored as   -61

 highest radius point found:
  at point   41.183  27.658  37.107
  closest atom surface   10.412   C15 URE X    1
  2nd closest surface    10.412   H25 URE X    1
  found on step  632
 current point:
  at point   41.159  27.658  36.994
  closest atom surface   10.411   O7  URE X    1
  2nd closest surface    10.411   C15 URE X    1
  found on step  928
  no. of rejections          283
 stored as   -62

 highest radius point found:
  at point   41.192  27.458  37.098
  closest atom surface   10.590   C15 URE X    1
  2nd closest surface    10.590   O7  URE X    1
  found on step  872
 current point:
  at point   41.182  27.458  37.055
  closest atom surface   10.589   C15 URE X    1
  2nd closest surface    10.589   O7  URE X    1
  found on step  995
  no. of rejections          264
 stored as   -63

 highest radius point found:
  at point   41.207  27.258  37.122
  closest atom surface   10.768   C15 URE X    1
  2nd closest surface    10.769   O7  URE X    1
  found on step  698
 current point:
  at point   41.146  27.258  36.848
  closest atom surface   10.765   C15 URE X    1
  2nd closest surface    10.765   O7  URE X    1
  found on step  999
  no. of rejections          256
 stored as   -64

 highest radius point found:
  at point   41.217  27.058  37.122
  closest atom surface   10.947   C15 URE X    1
  2nd closest surface    10.947   O7  URE X    1
  found on step  833
 current point:
  at point   41.192  27.058  37.004
  closest atom surface   10.945   O7  URE X    1
  2nd closest surface    10.945   C15 URE X    1
  found on step  893
  no. of rejections          249
 stored as   -65

 highest radius point found:
  at point   41.233  26.858  37.145
  closest atom surface   11.127   O7  URE X    1
  2nd closest surface    11.127   C15 URE X    1
  found on step  981
  this is also current point
  no. of rejections          246
 stored as   -66

 highest radius point found:
  at point   41.246  26.658  37.159
  closest atom surface   11.307   O7  URE X    1
  2nd closest surface    11.307   C15 URE X    1
  found on step  998
  this is also current point
  no. of rejections          271
 stored as   -67

 highest radius point found:
  at point   41.254  26.458  37.151
  closest atom surface   11.488   C15 URE X    1
  2nd closest surface    11.488   O7  URE X    1
  found on step  877
  this is also current point
  no. of rejections          278
 stored as   -68

 highest radius point found:
  at point   41.161  26.258  36.685
  closest atom surface   11.665   O7  URE X    1
  2nd closest surface    11.666   C15 URE X    1
  found on step  997
  this is also current point
  no. of rejections          282
 stored as   -69

 highest radius point found:
  at point   41.281  26.058  37.187
  closest atom surface   11.850   C15 URE X    1
  2nd closest surface    11.852   O7  URE X    1
  found on step  984
  this is also current point
  no. of rejections          260
 stored as   -70

 highest radius point found:
  at point   41.275  25.858  37.107
  closest atom surface   12.031   C15 URE X    1
  2nd closest surface    12.032   O7  URE X    1
  found on step  517
 current point:
  at point   41.163  25.858  36.607
  closest atom surface   12.030   C15 URE X    1
  2nd closest surface    12.030   O7  URE X    1
  found on step 1000
  no. of rejections          272
 stored as   -71

 highest radius point found:
  at point   41.173  25.658  36.604
  closest atom surface   12.213   O7  URE X    1
  2nd closest surface    12.213   C15 URE X    1
  found on step  798
 current point:
  at point   41.179  25.658  36.630
  closest atom surface   12.212   O7  URE X    1
  2nd closest surface    12.213   C15 URE X    1
  found on step  999
  no. of rejections          278
 stored as   -72

 highest radius point found:
  at point   41.176  25.458  36.577
  closest atom surface   12.396   C15 URE X    1
  2nd closest surface    12.397   O7  URE X    1
  found on step  860
 current point:
  at point   41.179  25.458  36.577
  closest atom surface   12.396   O7  URE X    1
  2nd closest surface    12.397   C15 URE X    1
  found on step  980
  no. of rejections          239
 stored as   -73

 highest radius point found:
  at point   41.330  25.258  37.217
  closest atom surface   12.583   O7  URE X    1
  2nd closest surface    12.584   C15 URE X    1
  found on step  990
  this is also current point
  no. of rejections          261
 stored as   -74

 highest radius point found:
  at point   41.175  25.058  36.476
  closest atom surface   12.766   O7  URE X    1
  2nd closest surface    12.766   C15 URE X    1
  found on step  819
 current point:
  at point   41.175  25.058  36.479
  closest atom surface   12.766   O7  URE X    1
  2nd closest surface    12.766   C15 URE X    1
  found on step  986
  no. of rejections          251
 stored as   -75

 highest radius point found:
  at point   41.176  24.858  36.440
  closest atom surface   12.951   C15 URE X    1
  2nd closest surface    12.951   O7  URE X    1
  found on step  813
 current point:
  at point   41.255  24.858  36.791
  closest atom surface   12.946   C15 URE X    1
  2nd closest surface    12.946   O7  URE X    1
  found on step  952
  no. of rejections          223
 stored as   -76

 highest radius point found:
  at point   41.181  24.658  36.414
  closest atom surface   13.137   C15 URE X    1
  2nd closest surface    13.137   O7  URE X    1
  found on step  976
  this is also current point
  no. of rejections          233
 stored as   -77

 highest radius point found:
  at point   41.183  24.458  36.378
  closest atom surface   13.323   C15 URE X    1
  2nd closest surface    13.323   O7  URE X    1
  found on step  724
 current point:
  at point   41.244  24.458  36.648
  closest atom surface   13.317   O7  URE X    1
  2nd closest surface    13.317   C15 URE X    1
  found on step  959
  no. of rejections          236
 stored as   -78

 highest radius point found:
  at point   41.184  24.258  36.334
  closest atom surface   13.510   O7  URE X    1
  2nd closest surface    13.510   C15 URE X    1
  found on step  914
  this is also current point
  no. of rejections          273
 stored as   -79

 highest radius point found:
  at point   41.186  24.058  36.296
  closest atom surface   13.696   O7  URE X    1
  2nd closest surface    13.697   O10 URE X    1
  found on step  952
  this is also current point
  no. of rejections          240
 stored as   -80

 highest radius point found:
  at point   41.186  23.858  36.261
  closest atom surface   13.883   O10 URE X    1
  2nd closest surface    13.883   C15 URE X    1
  found on step  987
  this is also current point
  no. of rejections          216
 stored as   -81

 highest radius point found:
  at point   41.194  23.658  36.246
  closest atom surface   14.071   C15 URE X    1
  2nd closest surface    14.071   O7  URE X    1
  found on step   15
 current point:
  at point   41.272  23.658  36.589
  closest atom surface   14.062   O7  URE X    1
  2nd closest surface    14.063   C15 URE X    1
  found on step  959
  no. of rejections          248
 stored as   -82

 highest radius point found:
  at point   41.197  23.458  36.217
  closest atom surface   14.259   C15 URE X    1
  2nd closest surface    14.259   O7  URE X    1
  found on step  955
  this is also current point
  no. of rejections          222
 stored as   -83

 highest radius point found:
  at point   41.202  23.258  36.185
  closest atom surface   14.447   O7  URE X    1
  2nd closest surface    14.448   C15 URE X    1
  found on step  967
  this is also current point
  no. of rejections          248
 stored as   -84

 highest radius point found:
  at point   41.201  23.058  36.138
  closest atom surface   14.637   C15 URE X    1
  2nd closest surface    14.637   O7  URE X    1
  found on step  962
  this is also current point
  no. of rejections          233
 stored as   -85

 highest radius point found:
  at point   41.202  22.858  36.099
  closest atom surface   14.826   C15 URE X    1
  2nd closest surface    14.826   O10 URE X    1
  found on step  991
  this is also current point
  no. of rejections          229
 stored as   -86

 highest radius point found:
  at point   41.206  22.658  36.065
  closest atom surface   15.015   O7  URE X    1
  2nd closest surface    15.016   O10 URE X    1
  found on step  762
 current point:
  at point   41.207  22.658  36.072
  closest atom surface   15.015   C15 URE X    1
  2nd closest surface    15.015   O7  URE X    1
  found on step  901
  no. of rejections          264
 stored as   -87

 highest radius point found:
  at point   41.209  22.458  36.031
  closest atom surface   15.205   O7  URE X    1
  2nd closest surface    15.205   O10 URE X    1
  found on step  989
  this is also current point
  no. of rejections          241
 stored as   -88

 highest radius point found:
  at point   41.213  22.258  35.998
  closest atom surface   15.395   O7  URE X    1
  2nd closest surface    15.395   O10 URE X    1
  found on step  986
  this is also current point
  no. of rejections          219
 stored as   -89

 highest radius point found:
  at point   41.219  22.058  35.972
  closest atom surface   15.584   O7  URE X    1
  2nd closest surface    15.586   C15 URE X    1
  found on step   27
 current point:
  at point   41.223  22.058  36.002
  closest atom surface   15.583   O7  URE X    1
  2nd closest surface    15.584   C15 URE X    1
  found on step  999
  no. of rejections          183
 stored as   -90

 highest radius point found:
  at point   41.219  21.858  35.933
  closest atom surface   15.776   O7  URE X    1
  2nd closest surface    15.776   O10 URE X    1
  found on step  932
  this is also current point
  no. of rejections          241
 stored as   -91

 highest radius point found:
  at point   41.223  21.658  35.890
  closest atom surface   15.966   O10 URE X    1
  2nd closest surface    15.966   O7  URE X    1
  found on step  941
  this is also current point
  no. of rejections          226
 stored as   -92

 highest radius point found:
  at point   41.237  21.458  35.841
  closest atom surface   16.154   O7  URE X    1
  2nd closest surface    16.155   O10 URE X    1
  found on step  995
  this is also current point
  no. of rejections          255
 stored as   -93

 highest radius point found:
  at point   41.246  21.258  35.787
  closest atom surface   16.344   O7  URE X    1
  2nd closest surface    16.344   O11 URE X    1
  found on step  896
  this is also current point
  no. of rejections          208
 stored as   -94

 highest radius point found:
  at point   41.259  21.058  35.729
  closest atom surface   16.533   O7  URE X    1
  2nd closest surface    16.533   O10 URE X    1
  found on step  987
  this is also current point
  no. of rejections          216
 stored as   -95

 highest radius point found:
  at point   41.284  20.858  35.659
  closest atom surface   16.719   O7  URE X    1
  2nd closest surface    16.722   O10 URE X    1
  found on step  990
  this is also current point
  no. of rejections          167
 stored as   -96

 highest radius point found:
  at point   41.284  20.658  35.618
  closest atom surface   16.912   O7  URE X    1
  2nd closest surface    16.913   O10 URE X    1
  found on step  930
  this is also current point
  no. of rejections          227
 stored as   -97

 highest radius point found:
  at point   41.333  20.458  35.593
  closest atom surface   17.093   O7  URE X    1
  2nd closest surface    17.106   O11 URE X    1
  found on step    3
 current point:
  at point   42.231  20.458  33.351
  closest atom surface   17.035   O10 URE X    1
  2nd closest surface    17.036   O7  URE X    1
  found on step  993
  no. of rejections          192
 stored as   -98

 highest radius point found:
  at point   41.299  20.258  35.510
  closest atom surface   17.292   O11 URE X    1
  2nd closest surface    17.293   O10 URE X    1
  found on step  973
  this is also current point
  no. of rejections          162
 stored as   -99

 highest radius point found:
  at point   41.317  20.058  35.454
  closest atom surface   17.485   O10 URE X    1
  2nd closest surface    17.486   O7  URE X    1
  found on step  957
  this is also current point
  no. of rejections          204
 stored as  -100

 highest radius point found:
  at point   41.327  19.858  35.396
  closest atom surface   17.676   O10 URE X    1
  2nd closest surface    17.678   O7  URE X    1
  found on step  973
  this is also current point
  no. of rejections          233
 stored as  -101

 highest radius point found:
  at point   41.344  19.658  35.349
  closest atom surface   17.868   O7  URE X    1
  2nd closest surface    17.869   O11 URE X    1
  found on step  672
 current point:
  at point   41.344  19.658  35.347
  closest atom surface   17.868   O7  URE X    1
  2nd closest surface    17.869   O10 URE X    1
  found on step  952
  no. of rejections          221
 stored as  -102

 highest radius point found:
  at point   41.354  19.458  35.292
  closest atom surface   18.061   O7  URE X    1
  2nd closest surface    18.061   O10 URE X    1
  found on step  968
  this is also current point
  no. of rejections          188
 stored as  -103

 highest radius point found:
  at point   41.365  19.258  35.235
  closest atom surface   18.253   O10 URE X    1
  2nd closest surface    18.254   O7  URE X    1
  found on step  971
  this is also current point
  no. of rejections          228
 stored as  -104

 highest radius point found:
  at point   41.374  19.058  35.179
  closest atom surface   18.446   O10 URE X    1
  2nd closest surface    18.446   O11 URE X    1
  found on step  981
  this is also current point
  no. of rejections          184
 stored as  -105

 highest radius point found:
  at point   41.388  18.858  35.125
  closest atom surface   18.639   O10 URE X    1
  2nd closest surface    18.639   O11 URE X    1
  found on step  977
  this is also current point
  no. of rejections          183
 stored as  -106

 highest radius point found:
  at point   41.403  18.658  35.074
  closest atom surface   18.832   O7  URE X    1
  2nd closest surface    18.833   O11 URE X    1
  found on step  921
  this is also current point
  no. of rejections          187
 stored as  -107

 highest radius point found:
  at point   41.508  18.458  34.785
  closest atom surface   19.013   O10 URE X    1
  2nd closest surface    19.015   O7  URE X    1
  found on step  994
  this is also current point
  no. of rejections          157
 stored as  -108

 highest radius point found:
  at point   43.213  18.258  30.662
  closest atom surface   19.484   O10 URE X    1
  2nd closest surface    19.495   O7  URE X    1
  found on step  998
  this is also current point
  no. of rejections          126
 stored as  -109

 highest radius point found:
  at point   46.100  18.058  23.801
  closest atom surface   22.076   O10 URE X    1
  2nd closest surface    22.088   O7  URE X    1
  found on step  998
  this is also current point
  no. of rejections          157
 This is an end! (radius above  22.0 angs)
 
 N.b. Graph information routine (HOGRAP) differs 
        markedly from previous versions!
       Information now is written from -ve end
       to +ve in one pass
 
 Explanation of the meaning of each column: 
 First column "cenxyz.cvec" is the coordinate in the
   direction of the channel vector i.e. if the channel
   vector is in z (0 0 1) then it is the z coordinate.
 The second column "radius" is the hole pore radius 
   (as defined in the Biophys J 1993) article).
 The third column "cen_line_D" is the distance 
   measured along the pore centre line - with the 
   first point found set to zero. This was the first
   thing that I used to measure the distance along a pore
   but "cenxyz.cvec" is a much better general measure. 
   However, by comparing changes in this distance to changes in '   "cenxyz.cvec" one can get a measure of how straight a 
   channel is.
 The fourth column "sum{s/(area)}" is useful in conductance
   prediction -
   basically it is the sum of the thickness of each slab
   divided by its area. HOLE uses this measure to estimate
   the macroscopic conductance of a channel.
 If any of this worries you one can see the "raw" results
   of a standard hole run by producing a sphpdb file and 
    directly looking at the results.
 cenxyz.cvec      radius  cen_line_D sum{s/(area point sourc
    18.25824    19.48397   -32.33954     0.00008   (sampled)
    18.35824    19.13013   -30.10615     0.00017 (mid-point)
    18.45824    19.01299   -27.87277     0.00026   (sampled)
    18.55824    18.92229   -27.68964     0.00035 (mid-point)
    18.65824    18.83248   -27.50652     0.00044   (sampled)
    18.75824    18.73581   -27.40295     0.00053 (mid-point)
    18.85824    18.63886   -27.29939     0.00062   (sampled)
    18.95824    18.54215   -27.19560     0.00071 (mid-point)
    19.05824    18.44551   -27.09181     0.00081   (sampled)
    19.15824    18.34922   -26.98796     0.00090 (mid-point)
    19.25824    18.25300   -26.88412     0.00100   (sampled)
    19.35824    18.15692   -26.77997     0.00109 (mid-point)
    19.45824    18.06086   -26.67582     0.00119   (sampled)
    19.55824    17.96450   -26.57171     0.00129 (mid-point)
    19.65824    17.86822   -26.46761     0.00139   (sampled)
    19.75824    17.77249   -26.36446     0.00149 (mid-point)
    19.85824    17.67589   -26.26131     0.00159   (sampled)
    19.95824    17.58040   -26.15711     0.00169 (mid-point)
    20.05824    17.48500   -26.05290     0.00180   (sampled)
    20.15824    17.38914   -25.94861     0.00190 (mid-point)
    20.25824    17.29210   -25.84432     0.00201   (sampled)
    20.35824    17.19446   -25.73469     0.00212 (mid-point)
    20.45824    17.09298   -25.62507     0.00223   (sampled)
    20.55824    17.00254   -25.52134     0.00234 (mid-point)
    20.65824    16.91224   -25.41760     0.00245   (sampled)
    20.75824    16.81560   -25.31549     0.00256 (mid-point)
    20.85824    16.71903   -25.21339     0.00267   (sampled)
    20.95824    16.62584   -25.10679     0.00279 (mid-point)
    21.05824    16.53281   -25.00020     0.00291   (sampled)
    21.15824    16.43817   -24.89590     0.00302 (mid-point)
    21.25824    16.34363   -24.79161     0.00314   (sampled)
    21.35824    16.24876   -24.68784     0.00326 (mid-point)
    21.45824    16.15398   -24.58407     0.00339   (sampled)
    21.55824    16.05995   -24.48089     0.00351 (mid-point)
    21.65824    15.96568   -24.37770     0.00363   (sampled)
    21.75824    15.87078   -24.27546     0.00376 (mid-point)
    21.85824    15.77562   -24.17322     0.00389   (sampled)
    21.95824    15.67988   -24.07128     0.00402 (mid-point)
    22.05824    15.58421   -23.96934     0.00415   (sampled)
    22.15824    15.48938   -23.86850     0.00428 (mid-point)
    22.25824    15.39462   -23.76765     0.00442   (sampled)
    22.35824    15.29974   -23.66623     0.00455 (mid-point)
    22.45824    15.20495   -23.56482     0.00469   (sampled)
    22.55824    15.11010   -23.46333     0.00483 (mid-point)
    22.65824    15.01533   -23.36185     0.00497   (sampled)
    22.75824    14.92060   -23.26045     0.00511 (mid-point)
    22.85824    14.82566   -23.15904     0.00526   (sampled)
    22.95824    14.73111   -23.05715     0.00540 (mid-point)
    23.05824    14.63665   -22.95526     0.00555   (sampled)
    23.15824    14.54191   -22.85256     0.00570 (mid-point)
    23.25824    14.44722   -22.74986     0.00586   (sampled)
    23.35824    14.35310   -22.64857     0.00601 (mid-point)
    23.45824    14.25872   -22.54729     0.00617   (sampled)
    23.55824    14.16485   -22.44619     0.00633 (mid-point)
    23.65824    14.07106   -22.34510     0.00649   (sampled)
    23.75824    13.97713   -22.24471     0.00665 (mid-point)
    23.85824    13.88317   -22.14432     0.00681   (sampled)
    23.95824    13.78981   -22.04281     0.00698 (mid-point)
    24.05824    13.69645   -21.94130     0.00715   (sampled)
    24.15824    13.60298   -21.83953     0.00732 (mid-point)
    24.25824    13.50961   -21.73776     0.00750   (sampled)
    24.35824    13.41608   -21.63533     0.00767 (mid-point)
    24.45824    13.32266   -21.53290     0.00785   (sampled)
    24.55824    13.22959   -21.43135     0.00804 (mid-point)
    24.65824    13.13663   -21.32980     0.00822   (sampled)
    24.75824    13.04380   -21.22893     0.00841 (mid-point)
    24.85824    12.95107   -21.12807     0.00860   (sampled)
    24.95824    12.85849   -21.02641     0.00879 (mid-point)
    25.05824    12.76587   -20.92476     0.00899   (sampled)
    25.15824    12.66958   -20.53338     0.00918 (mid-point)
    25.25824    12.58340   -20.14200     0.00938   (sampled)
    25.35824    12.48588   -19.79818     0.00959 (mid-point)
    25.45824    12.39584   -19.45436     0.00980   (sampled)
    25.55824    12.30430   -19.35345     0.01001 (mid-point)
    25.65824    12.21284   -19.25255     0.01022   (sampled)
    25.75824    12.11965   -18.97703     0.01044 (mid-point)
    25.85824    12.03126   -18.70151     0.01066   (sampled)
    25.95824    11.94067   -18.59381     0.01088 (mid-point)
    26.05824    11.85033   -18.48612     0.01111   (sampled)
    26.15824    11.75547   -18.20925     0.01134 (mid-point)
    26.25824    11.66539   -17.93238     0.01157   (sampled)
    26.35824    11.57428   -17.67453     0.01181 (mid-point)
    26.45824    11.48757   -17.41669     0.01205   (sampled)
    26.55824    11.39730   -17.31653     0.01229 (mid-point)
    26.65824    11.30714   -17.21638     0.01254   (sampled)
    26.75824    11.21685   -17.11592     0.01280 (mid-point)
    26.85824    11.12671   -17.01547     0.01305   (sampled)
    26.95824    11.03695   -16.91451     0.01331 (mid-point)
    27.05824    10.94678   -16.81355     0.01358   (sampled)
    27.15824    10.85736   -16.71342     0.01385 (mid-point)
    27.25824    10.76811   -16.61329     0.01412   (sampled)
    27.35824    10.67883   -16.51229     0.01440 (mid-point)
    27.45824    10.58974   -16.41129     0.01469   (sampled)
    27.55824    10.50073   -16.31108     0.01498 (mid-point)
    27.65824    10.41190   -16.21087     0.01527   (sampled)
    27.75824    10.32379   -16.11018     0.01557 (mid-point)
    27.85824    10.23542   -16.00949     0.01587   (sampled)
    27.95824    10.14682   -15.90426     0.01618 (mid-point)
    28.05824    10.05850   -15.79903     0.01650   (sampled)
    28.15824     9.97128   -15.69734     0.01682 (mid-point)
    28.25824     9.88397   -15.59564     0.01714   (sampled)
    28.35824     9.79689   -15.49553     0.01747 (mid-point)
    28.45824     9.70986   -15.39542     0.01781   (sampled)
    28.55824     9.62235   -15.29510     0.01816 (mid-point)
    28.65824     9.53489   -15.19477     0.01851   (sampled)
    28.75824     9.44506   -15.09464     0.01886 (mid-point)
    28.85824     9.35455   -14.99451     0.01923   (sampled)
    28.95824     9.26462   -14.89301     0.01960 (mid-point)
    29.05824     9.17429   -14.79151     0.01998   (sampled)
    29.15824     9.08439   -14.69069     0.02036 (mid-point)
    29.25824     8.99469   -14.58988     0.02075   (sampled)
    29.35824     8.90525   -14.48965     0.02116 (mid-point)
    29.45824     8.81556   -14.38943     0.02157   (sampled)
    29.55824     8.72650   -14.28854     0.02198 (mid-point)
    29.65824     8.63767   -14.18764     0.02241   (sampled)
    29.75824     8.54940   -14.08406     0.02285 (mid-point)
    29.85824     8.46105   -13.98047     0.02329   (sampled)
    29.95824     8.37310   -13.88026     0.02374 (mid-point)
    30.05824     8.28499   -13.78004     0.02421   (sampled)
    30.15824     8.19721   -13.67940     0.02468 (mid-point)
    30.25824     8.10971   -13.57877     0.02517   (sampled)
    30.35824     8.02288   -13.47686     0.02566 (mid-point)
    30.45824     7.93637   -13.37496     0.02617   (sampled)
    30.55824     7.84937   -13.27481     0.02668 (mid-point)
    30.65824     7.76257   -13.17467     0.02721   (sampled)
    30.75824     7.67737   -13.07126     0.02775 (mid-point)
    30.85824     7.59156   -12.96786     0.02830   (sampled)
    30.95824     7.50612   -12.86744     0.02887 (mid-point)
    31.05824     7.41997   -12.76703     0.02945   (sampled)
    31.15824     7.33575   -12.66393     0.03004 (mid-point)
    31.25824     7.25194   -12.56084     0.03064   (sampled)
    31.35824     7.16828   -12.45838     0.03126 (mid-point)
    31.45824     7.08502   -12.35591     0.03190   (sampled)
    31.55824     7.00230   -12.25486     0.03255 (mid-point)
    31.65824     6.91935   -12.15380     0.03321   (sampled)
    31.75824     6.83680   -12.05369     0.03389 (mid-point)
    31.85824     6.75334   -11.95358     0.03459   (sampled)
    31.95824     6.67291   -11.85163     0.03530 (mid-point)
    32.05824     6.59194   -11.74968     0.03604   (sampled)
    32.15824     6.51065   -11.64961     0.03679 (mid-point)
    32.25824     6.42978   -11.54954     0.03756   (sampled)
    32.35824     6.35133   -11.44495     0.03835 (mid-point)
    32.45824     6.27349   -11.34036     0.03916   (sampled)
    32.55824     6.19465   -11.23992     0.03998 (mid-point)
    32.65824     6.11631   -11.13948     0.04084   (sampled)
    32.75824     6.03871   -11.03809     0.04171 (mid-point)
    32.85824     5.96168   -10.93671     0.04260   (sampled)
    32.95824     5.88325   -10.83545     0.04352 (mid-point)
    33.05824     5.80537   -10.73418     0.04447   (sampled)
    33.15824     5.73239   -10.62494     0.04544 (mid-point)
    33.25824     5.66034   -10.51570     0.04643   (sampled)
    33.35824     5.58648   -10.41555     0.04745 (mid-point)
    33.45824     5.51282   -10.31539     0.04850   (sampled)
    33.55824     5.44061   -10.21409     0.04957 (mid-point)
    33.65824     5.36874   -10.11279     0.05068   (sampled)
    33.75824     5.29673   -10.01078     0.05181 (mid-point)
    33.85824     5.22555    -9.90877     0.05298   (sampled)
    33.95824     5.15806    -9.80841     0.05417 (mid-point)
    34.05824     5.09112    -9.70806     0.05540   (sampled)
    34.15824     5.02325    -9.60705     0.05666 (mid-point)
    34.25824     4.95595    -9.50604     0.05796   (sampled)
    34.35824     4.88964    -9.40546     0.05929 (mid-point)
    34.45824     4.82431    -9.30488     0.06066   (sampled)
    34.55824     4.76010    -9.20436     0.06206 (mid-point)
    34.65824     4.69693    -9.10384     0.06351   (sampled)
    34.75824     4.63507    -9.00343     0.06499 (mid-point)
    34.85824     4.57394    -8.90302     0.06651   (sampled)
    34.95824     4.50905    -8.80051     0.06807 (mid-point)
    35.05824     4.44519    -8.69800     0.06969   (sampled)
    35.15824     4.38130    -8.59693     0.07134 (mid-point)
    35.25824     4.31830    -8.49587     0.07305   (sampled)
    35.35824     4.25899    -8.38935     0.07481 (mid-point)
    35.45824     4.19937    -8.28283     0.07661   (sampled)
    35.55824     4.14318    -8.18167     0.07847 (mid-point)
    35.65824     4.08791    -8.08052     0.08037   (sampled)
    35.75824     4.03293    -7.97922     0.08233 (mid-point)
    35.85824     3.97893    -7.87792     0.08434   (sampled)
    35.95824     3.91706    -7.77702     0.08641 (mid-point)
    36.05824     3.85528    -7.67613     0.08855   (sampled)
    36.15824     3.78576    -7.57219     0.09077 (mid-point)
    36.25824     3.71732    -7.46826     0.09308   (sampled)
    36.35824     3.65270    -7.36494     0.09546 (mid-point)
    36.45824     3.58717    -7.26162     0.09794   (sampled)
    36.55824     3.52332    -7.15799     0.10050 (mid-point)
    36.65824     3.46064    -7.05437     0.10316   (sampled)
    36.75824     3.39509    -6.94714     0.10592 (mid-point)
    36.85824     3.33084    -6.83991     0.10879   (sampled)
    36.95824     3.26804    -6.73304     0.11177 (mid-point)
    37.05824     3.20648    -6.62618     0.11487   (sampled)
    37.15824     3.14602    -6.51994     0.11808 (mid-point)
    37.25824     3.08701    -6.41370     0.12142   (sampled)
    37.35824     3.03039    -6.30644     0.12489 (mid-point)
    37.45824     2.97549    -6.19918     0.12848   (sampled)
    37.55824     2.92207    -6.09262     0.13221 (mid-point)
    37.65824     2.87033    -5.98605     0.13608   (sampled)
    37.75824     2.82055    -5.87907     0.14008 (mid-point)
    37.85824     2.77259    -5.77209     0.14422   (sampled)
    37.95824     2.72850    -5.66434     0.14849 (mid-point)
    38.05824     2.68449    -5.55658     0.15291   (sampled)
    38.15824     2.63125    -5.44000     0.15751 (mid-point)
    38.25824     2.58045    -5.32342     0.16229   (sampled)
    38.35824     2.07413    -3.51909     0.16969 (mid-point)
    38.45824     2.25185    -1.71476     0.17596   (sampled)
    38.55824     2.23067    -1.60261     0.18236 (mid-point)
    38.65824     2.21231    -1.49046     0.18887   (sampled)
    38.75824     2.19529    -1.38379     0.19547 (mid-point)
    38.85824     2.18087    -1.27713     0.20216   (sampled)
    38.95824     2.16774    -1.16811     0.20894 (mid-point)
    39.05824     2.15754    -1.05910     0.21577   (sampled)
    39.15824     2.15271    -0.95401     0.22264 (mid-point)
    39.25824     2.15064    -0.84892     0.22953   (sampled)
    39.35824     2.14872    -0.74623     0.23642 (mid-point)
    39.45824     2.14943    -0.64353     0.24331   (sampled)
    39.55824     2.14407    -0.53921     0.25023 (mid-point)
    39.65824     2.14143    -0.43489     0.25718   (sampled)
    39.75824     2.13339    -0.32618     0.26417 (mid-point)
    39.85824     2.12832    -0.21747     0.27120   (sampled)
    39.95824     2.12582    -0.10874     0.27824 (mid-point)
    40.05824     2.12601     0.00000     0.28528   (sampled)
    40.15824     2.12603     0.10762     0.29232 (mid-point)
    40.25824     2.12868     0.21524     0.29935   (sampled)
    40.35824     2.13974     0.32539     0.30630 (mid-point)
    40.45824     2.14917     0.43555     0.31319   (sampled)
    40.55824     2.15057     0.54615     0.32008 (mid-point)
    40.65824     2.15503     0.65676     0.32693   (sampled)
    40.75824     2.16211     0.76571     0.33374 (mid-point)
    40.85824     2.17213     0.87466     0.34048   (sampled)
    40.95824     2.17913     0.99249     0.34719 (mid-point)
    41.05824     2.17816     1.11032     0.35390   (sampled)
    41.15824     2.20784     1.22090     0.36043 (mid-point)
    41.25824     2.22127     1.33148     0.36688   (sampled)
    41.35824     2.21962     1.43300     0.37334 (mid-point)
    41.45824     2.21956     1.53452     0.37980   (sampled)
    41.55824     2.22161     1.63599     0.38625 (mid-point)
    41.65824     2.22618     1.73745     0.39267   (sampled)
    41.75824     2.23469     1.83800     0.39905 (mid-point)
    41.85824     2.24565     1.93854     0.40536   (sampled)
    41.95824     2.25777     2.03977     0.41160 (mid-point)
    42.05824     2.27234     2.14100     0.41777   (sampled)
    42.15824     2.28874     2.24104     0.42384 (mid-point)
    42.25824     2.30722     2.34107     0.42982   (sampled)
    42.35824     2.33292     2.44220     0.43567 (mid-point)
    42.45824     2.36089     2.54333     0.44138   (sampled)
    42.55824     2.38749     2.64421     0.44697 (mid-point)
    42.65824     2.41631     2.74510     0.45242   (sampled)
    42.75824     2.44781     2.84525     0.45773 (mid-point)
    42.85824     2.48139     2.94540     0.46290   (sampled)
    42.95824     2.51944     3.04586     0.46792 (mid-point)
    43.05824     2.55831     3.14632     0.47278   (sampled)
    43.15824     2.59936     3.24653     0.47749 (mid-point)
    43.25824     2.64159     3.34675     0.48205   (sampled)
    43.35824     2.68547     3.44711     0.48647 (mid-point)
    43.45824     2.73113     3.54747     0.49073   (sampled)
    43.55824     2.77956     3.64764     0.49485 (mid-point)
    43.65824     2.82963     3.74781     0.49883   (sampled)
    43.75824     2.87290     3.84829     0.50269 (mid-point)
    43.85824     2.91813     3.94878     0.50642   (sampled)
    43.95824     2.96002     4.04965     0.51006 (mid-point)
    44.05824     3.00294     4.15053     0.51359   (sampled)
    44.15824     3.03564     4.25601     0.51704 (mid-point)
    44.25824     3.07005     4.36150     0.52042   (sampled)
    44.35824     3.10828     4.46607     0.52371 (mid-point)
    44.45824     3.14841     4.57063     0.52692   (sampled)
    44.55824     3.18838     4.67641     0.53006 (mid-point)
    44.65824     3.23015     4.78218     0.53311   (sampled)
    44.75824     3.27627     4.88630     0.53607 (mid-point)
    44.85824     3.32308     4.99041     0.53895   (sampled)
    44.95824     3.37167     5.09576     0.54175 (mid-point)
    45.05824     3.42096     5.20110     0.54447   (sampled)
    45.15824     3.47287     5.30588     0.54711 (mid-point)
    45.25824     3.52490     5.41066     0.54967   (sampled)
    45.35824     3.57431     5.51291     0.55217 (mid-point)
    45.45824     3.62364     5.61516     0.55459   (sampled)
    45.55824     3.67477     5.71761     0.55695 (mid-point)
    45.65824     3.72636     5.82005     0.55924   (sampled)
    45.75824     3.78175     5.92280     0.56147 (mid-point)
    45.85824     3.83846     6.02556     0.56363   (sampled)
    45.95824     3.89575     6.12818     0.56572 (mid-point)
    46.05824     3.95379     6.23081     0.56776   (sampled)
    46.15824     4.01303     6.33325     0.56974 (mid-point)
    46.25824     4.07296     6.43569     0.57166   (sampled)
    46.35824     4.13547     6.53829     0.57352 (mid-point)
    46.45824     4.19690     6.64088     0.57532   (sampled)
    46.55824     4.26241     6.74328     0.57708 (mid-point)
    46.65824     4.32705     6.84567     0.57878   (sampled)
    46.75824     4.38936     6.94714     0.58043 (mid-point)
    46.85824     4.45269     7.04861     0.58203   (sampled)
    46.95824     4.51817     7.15033     0.58359 (mid-point)
    47.05824     4.58346     7.25204     0.58511   (sampled)
    47.15824     4.64949     7.35415     0.58658 (mid-point)
    47.25824     4.71658     7.45626     0.58801   (sampled)
    47.35824     4.78567     7.55734     0.58940 (mid-point)
    47.45824     4.85455     7.65842     0.59075   (sampled)
    47.55824     4.92545     7.76061     0.59206 (mid-point)
    47.65824     4.99614     7.86279     0.59334   (sampled)
    47.75824     5.06846     7.96426     0.59458 (mid-point)
    47.85824     5.14161     8.06573     0.59578   (sampled)
    47.95824     5.21503     8.16751     0.59695 (mid-point)
    48.05824     5.28891     8.26928     0.59809   (sampled)
    48.15824     5.36370     8.37115     0.59920 (mid-point)
    48.25824     5.43915     8.47302     0.60027   (sampled)
    48.35824     5.51466     8.57442     0.60132 (mid-point)
    48.45824     5.59084     8.67582     0.60234   (sampled)
    48.55824     5.66887     8.77767     0.60333 (mid-point)
    48.65824     5.74708     8.87952     0.60429   (sampled)
    48.75824     5.82551     8.98222     0.60523 (mid-point)
    48.85824     5.90396     9.08492     0.60614   (sampled)
    48.95824     5.98472     9.18609     0.60703 (mid-point)
    49.05824     6.06596     9.28727     0.60790   (sampled)
    49.15824     6.14678     9.38906     0.60874 (mid-point)
    49.25824     6.22797     9.49085     0.60956   (sampled)
    49.35824     6.30937     9.59257     0.61036 (mid-point)
    49.45824     6.39122     9.69429     0.61114   (sampled)
    49.55824     6.47354     9.79660     0.61190 (mid-point)
    49.65824     6.55598     9.89891     0.61264   (sampled)
    49.75824     6.64186    10.00038     0.61336 (mid-point)
    49.85824     6.72419    10.10185     0.61406   (sampled)
    49.95824     6.80942    10.20394     0.61475 (mid-point)
    50.05824     6.89487    10.30602     0.61542   (sampled)
    50.15824     6.98016    10.40796     0.61607 (mid-point)
    50.25824     7.06579    10.50989     0.61671   (sampled)
    50.35824     7.15153    10.61167     0.61733 (mid-point)
    50.45824     7.23749    10.71345     0.61794   (sampled)
    50.55824     7.32389    10.81625     0.61853 (mid-point)
    50.65824     7.41033    10.91905     0.61911   (sampled)
    50.75824     7.49748    11.02018     0.61968 (mid-point)
    50.85824     7.58467    11.12132     0.62023   (sampled)
    50.95824     7.67059    11.22326     0.62078 (mid-point)
    51.05824     7.75681    11.32520     0.62130   (sampled)
    51.15824     7.84387    11.42667     0.62182 (mid-point)
    51.25824     7.93120    11.52814     0.62233   (sampled)
    51.35824     8.01815    11.62999     0.62282 (mid-point)
    51.45824     8.10537    11.73185     0.62331   (sampled)
    51.55824     8.19358    11.83343     0.62378 (mid-point)
    51.65824     8.28204    11.93502     0.62425   (sampled)
    51.75824     8.37028    12.03688     0.62470 (mid-point)
    51.85824     8.45838    12.13874     0.62514   (sampled)
    51.95824     8.54797    12.24029     0.62558 (mid-point)
    52.05824     8.63700    12.34183     0.62601   (sampled)
    52.15824     8.72628    12.44349     0.62642 (mid-point)
    52.25824     8.81578    12.54514     0.62683   (sampled)
    52.35824     8.90571    12.64703     0.62724 (mid-point)
    52.45824     8.99586    12.74893     0.62763   (sampled)
    52.55824     9.08690    12.85082     0.62801 (mid-point)
    52.65824     9.17683    12.95272     0.62839   (sampled)
    52.75824     9.26775    13.05451     0.62876 (mid-point)
    52.85824     9.35887    13.15631     0.62913   (sampled)
    52.95824     9.44916    13.25859     0.62948 (mid-point)
    53.05824     9.53947    13.36087     0.62983   (sampled)
    53.15824     9.63144    13.46241     0.63018 (mid-point)
    53.25824     9.72359    13.56395     0.63051   (sampled)
    53.35824     9.81581    13.66567     0.63084 (mid-point)
    53.45824     9.90820    13.76740     0.63117   (sampled)
    53.55824    10.00021    13.86938     0.63149 (mid-point)
    53.65824    10.09239    13.97137     0.63180   (sampled)
    53.75824    10.18497    14.07294     0.63210 (mid-point)
    53.85824    10.27771    14.17452     0.63241   (sampled)
    53.95824    10.37084    14.27615     0.63270 (mid-point)
    54.05824    10.46334    14.37778     0.63299   (sampled)
    54.15824    10.55585    14.47918     0.63328 (mid-point)
    54.25824    10.64815    14.58059     0.63356   (sampled)
    54.35824    10.73855    14.68137     0.63384 (mid-point)
    54.45824    10.82911    14.78216     0.63411   (sampled)
    54.55824    10.91978    14.88293     0.63437 (mid-point)
    54.65824    11.01059    14.98370     0.63464   (sampled)
    54.75824    11.10162    15.08449     0.63489 (mid-point)
    54.85824    11.19209    15.18528     0.63515   (sampled)
    54.95824    11.28342    15.28601     0.63540 (mid-point)
    55.05824    11.37488    15.38674     0.63564   (sampled)
    55.15824    11.46592    15.48746     0.63589 (mid-point)
    55.25824    11.55710    15.58817     0.63613   (sampled)
    55.35824    11.64939    15.68909     0.63636 (mid-point)
    55.45824    11.74180    15.79000     0.63659   (sampled)
    55.55824    11.83337    15.89085     0.63682 (mid-point)
    55.65824    11.92507    15.99170     0.63704   (sampled)
    55.75824    12.01735    16.09291     0.63726 (mid-point)
    55.85824    12.10946    16.19412     0.63748   (sampled)
    55.95824    12.20247    16.29450     0.63769 (mid-point)
    56.05824    12.29531    16.39487     0.63790   (sampled)
    56.15824    12.38784    16.49561     0.63811 (mid-point)
    56.25824    12.48048    16.59635     0.63832   (sampled)
    56.35824    12.57374    16.69715     0.63852 (mid-point)
    56.45824    12.66658    16.79795     0.63872   (sampled)
    56.55824    12.75971    16.89913     0.63891 (mid-point)
    56.65824    12.85230    17.00030     0.63910   (sampled)
    56.75824    12.94634    17.10072     0.63929 (mid-point)
    56.85824    13.03932    17.20113     0.63948   (sampled)
    56.95824    13.13335    17.30222     0.63967 (mid-point)
    57.05824    13.22693    17.40330     0.63985   (sampled)
    57.15824    13.32090    17.50394     0.64003 (mid-point)
    57.25824    13.41457    17.60458     0.64020   (sampled)
    57.35824    13.50771    17.70519     0.64038 (mid-point)
    57.45824    13.60081    17.80579     0.64055   (sampled)
    57.55824    13.69566    17.90722     0.64072 (mid-point)
    57.65824    13.79053    18.00865     0.64089   (sampled)
    57.75824    13.88447    18.10945     0.64105 (mid-point)
    57.85824    13.97850    18.21024     0.64121   (sampled)
    57.95824    14.07328    18.31094     0.64138 (mid-point)
    58.05824    14.16790    18.41165     0.64153   (sampled)
    58.15824    14.26254    18.51241     0.64169 (mid-point)
    58.25824    14.35707    18.61317     0.64185   (sampled)
    58.35824    14.45163    18.71409     0.64200 (mid-point)
    58.45824    14.54607    18.81501     0.64215   (sampled)
    58.55824    14.64102    18.91572     0.64230 (mid-point)
    58.65824    14.73605    19.01642     0.64244   (sampled)
    58.75824    14.83115    19.11711     0.64259 (mid-point)
    58.85824    14.92604    19.21781     0.64273   (sampled)
    58.95824    15.01634    19.32161     0.64287 (mid-point)
    59.05824    15.10624    19.42540     0.64301   (sampled)
    59.15824    15.20683    19.53097     0.64315 (mid-point)
    59.25824    15.30688    19.63653     0.64328   (sampled)
    59.35824    15.40203    19.73743     0.64342 (mid-point)
    59.45824    15.49725    19.83832     0.64355   (sampled)
    59.55824    15.59301    19.93880     0.64368 (mid-point)
    59.65824    15.68750    20.03927     0.64381   (sampled)
    59.75824    15.78414    20.14043     0.64394 (mid-point)
    59.85824    15.88004    20.24159     0.64407   (sampled)
    59.95824    15.97584    20.34225     0.64419 (mid-point)
    60.05824    16.07164    20.44292     0.64431   (sampled)
    60.15824    16.16688    20.54463     0.64444 (mid-point)
    60.25824    16.26218    20.64634     0.64456   (sampled)
    60.35824    16.35865    20.74657     0.64467 (mid-point)
    60.45824    16.45502    20.84680     0.64479   (sampled)
    60.55824    16.55105    20.94766     0.64491 (mid-point)
    60.65824    16.64670    21.04852     0.64502   (sampled)
    60.75824    16.74254    21.14911     0.64514 (mid-point)
    60.85824    16.83842    21.24970     0.64525   (sampled)
    60.95824    16.93432    21.35029     0.64536 (mid-point)
    61.05824    17.03016    21.45088     0.64547   (sampled)
    61.15824    17.12454    21.55207     0.64558 (mid-point)
    61.25824    17.21813    21.65326     0.64569   (sampled)
    61.35824    17.31652    21.75564     0.64579 (mid-point)
    61.45824    17.41434    21.85803     0.64590   (sampled)
    61.55824    17.51033    21.95868     0.64600 (mid-point)
    61.65824    17.60622    22.05933     0.64610   (sampled)
    61.75824    17.70295    22.15999     0.64621 (mid-point)
    61.85824    17.79867    22.26064     0.64631   (sampled)
    61.95824    17.89511    22.36123     0.64640 (mid-point)
    62.05824    17.99159    22.46181     0.64650   (sampled)
    62.15824    18.08793    22.56274     0.64660 (mid-point)
    62.25824    18.18431    22.66367     0.64670   (sampled)
    62.35824    18.28106    22.76404     0.64679 (mid-point)
    62.45824    18.37735    22.86441     0.64689   (sampled)
    62.55824    18.47400    22.96525     0.64698 (mid-point)
    62.65824    18.57052    23.06610     0.64707   (sampled)
    62.75824    18.66723    23.16699     0.64716 (mid-point)
    62.85824    18.76396    23.26789     0.64725   (sampled)
    62.95824    18.86005    23.36920     0.64734 (mid-point)
    63.05824    18.95616    23.47051     0.64743   (sampled)
    63.15824    19.05383    23.57060     0.64752 (mid-point)
    63.25824    19.15139    23.67070     0.64761   (sampled)
    63.35824    19.24826    23.77131     0.64769 (mid-point)
    63.45824    19.34516    23.87192     0.64778   (sampled)
    63.55824    19.44160    23.97295     0.64786 (mid-point)
    63.65824    19.53786    24.07398     0.64794   (sampled)
    63.75824    19.63516    24.17490     0.64803 (mid-point)
    63.85824    19.73249    24.27582     0.64811   (sampled)
    63.95824    19.83023    24.37582     0.64819 (mid-point)
    64.05824    19.92334    24.47582     0.64827   (sampled)
    64.15824    20.02410    24.57824     0.64835 (mid-point)
    64.25824    20.11941    24.68066     0.64843   (sampled)
    64.35824    20.21777    24.78127     0.64851 (mid-point)
    64.45824    20.31610    24.88189     0.64858   (sampled)
    64.55824    20.41334    24.98260     0.64866 (mid-point)
    64.65824    20.51061    25.08331     0.64874   (sampled)
    64.75824    20.60787    25.18396     0.64881 (mid-point)
    64.85824    20.70512    25.28461     0.64888   (sampled)
    64.95824    20.80280    25.38487     0.64896 (mid-point)
    65.05824    20.89938    25.48512     0.64903   (sampled)
    65.15824    20.99737    25.58596     0.64910 (mid-point)
    65.25824    21.09539    25.68680     0.64917   (sampled)
    65.35824    21.19228    25.78802     0.64925 (mid-point)
    65.45824    21.28919    25.88923     0.64932   (sampled)
    65.55824    21.38740    25.98950     0.64939 (mid-point)
    65.65824    21.48554    26.08976     0.64945   (sampled)
    65.75824    21.58319    26.19041     0.64952 (mid-point)
    65.85824    21.68084    26.29107     0.64959   (sampled)
    65.95824    21.77550    26.39172     0.64966 (mid-point)
    66.05824    21.87018    26.49237     0.64972   (sampled)

 Minimum radius found:      2.074 angstroms.



 For spherical probe approach, The geometric factor
         F= sum(ds/area) along channel is    0.650 angstroms**-1
 This yields a macroscopic predicted molar conductance of:
   (1/rho)*(100/F)= (150/rho) pS,
   where rho is the conductivity of 1M permeant ion in ohm m.
 N.B. this is a macroscopic conductance - an overestimate 
 Empirically corrected conductances currently only available
 With the CAPSULE option (although its not that stable!)
 For 1M KCl rho= 1/12 (ohm m), So Gmacro= 1800 pS/M.
  (TAG      1   Rmin=     2.07413   Gmacro=  1846.93812 Conn_Gmacro=    -1.00000 ).
 HOLE: normal completion
