 *** Program HOLE ***
 
 If results of this run are reported or published, please
 cite the publication listed below.
 For the HOLE program:
   Smart, O.S., Goodfellow, J.M., Wallace, B.A. (1993). 
   The pore dimensions of gramicidin A. 
   Biophys. J., 65, 2455-2460.
 
 Originally written by Oliver Smart at Birkbeck College from April 1992.
 Copyright 1993-2005 Oliver Smart
 Copyright 2014-2015 SmartSci Limited.
 Copyright 2016 Oliver Smart.
 
 For help on HOLE suite see  http://www.holeprogram.org/
 
 HOLE release 2.2.005 (07 August 2016) 
 
 usage subject to Apache License, Version 2.0 
 see http://www.apache.org/licenses/LICENSE-2.0 

 Control variables read:

! Input file for Oliver Smart's HOLE program
! written by MDAnalysis.analysis.hole2.HoleAnalysis
! for a Universe
! u = mda.Universe(host_160.mol2
!    host_160.mol2
!   )
! Frame 0

COORD  /tmp/tmppgkr813o.pdb
RADIUS simple2.rad
SPHPDB hole000.sph
SAMPLE 0.200000
ENDRAD 22.000000
IGNORE SOL WAT TIP HOH K   NA  CL
SHORTO 0
RASEED 31415
CPOINT 0.0703118213 0.0427204385 -0.0302795734


 WARNING have not found a CVECT record - will try to guess
 Input pdb filename read as:    '/tmp/tmppgkr813o.pdb'
 Input vdW radius file read as: 'simple2.rad'
 point in channel:    0.070   0.043  -0.030
 channel vector:   ************************
 sampling distance between planes:    0.200

 graphics conditions:
 binary plot output file name: NONE
 Dot density:    10
 Draw dots?           T
 Draw close contacts? F
 Draw centre line?    T
 Produce spikes rather than dots? F
 Seed for random number generator:     31415 (0 means value set by program)
 Radius above which a result is regarded as an 'end':  22.000
 Pdb format file for sphere centres: hole000.sph

 Monte Carlo conditions:
  no of steps:  1000
  maximum displacement   0.100 angs
  'kT' initial   0.100 angs
 The spherebox and capsule options are turned off.
 (No molqpt card so will not write qpt file of the molecule)
 IGNORE card read so will ignore residue types: SOL WAT TIP HOH K   NA  CL
 no SHORTO card read so will produce full textual output
 As no PEGRAT card was found will not produce PEG polymer exclusion graph
 (No 2DMAPS card specified so will not produce 2D property maps)
 Have not found a CUT card.  Normal calculation using
   Cutoff lists with a cutsize=       1.000
   (if you wish to turn off option use a CUT -1 card)

 Have read     7 bond radius records and
              16 vdW radius records.
 From file: simple2.rad

 Have read    93 atom records.
 From file: /tmp/tmppgkr813o.pdb
 Will not produce graphical output

 Have opened file for pdb format output of sphere centres:  hole000.sph

  Seed integer used by ran # generator on this run      31415

 
 S/R cguess will try to guess CPOINT and/or CVECT
 
 THESE GUESSES MAY WELL BE WRONG!!!!
 Routine relies on having a reasonably symmetric
 channel oriented along x, y or z vector
 YOU ARE STRONGLY ADVISED TO CHECK THE RESULTS
                       WITH MOLECULAR GRAPHICS
 testing points from cpoint in X, Y then Z direction
   point                   pore radius
direction     1
  -4.930   0.043  -0.030     0.722
  -3.930   0.043  -0.030     1.656
  -2.930   0.043  -0.030     2.337
  -1.930   0.043  -0.030     2.785
  -0.930   0.043  -0.030     2.280
   0.070   0.043  -0.030     1.915
   1.070   0.043  -0.030     1.184
   2.070   0.043  -0.030     0.455
   3.070   0.043  -0.030    -0.532
   4.070   0.043  -0.030    -1.299
   5.070   0.043  -0.030    -1.332
 Average pore radius along the line=      0.925
direction     2
   0.070  -4.957  -0.030    -1.111
   0.070  -3.957  -0.030    -0.174
   0.070  -2.957  -0.030     0.183
   0.070  -1.957  -0.030     0.881
   0.070  -0.957  -0.030     1.725
   0.070   0.043  -0.030     1.915
   0.070   1.043  -0.030     1.000
   0.070   2.043  -0.030     0.049
   0.070   3.043  -0.030    -0.805
   0.070   4.043  -0.030    -1.092
   0.070   5.043  -0.030    -0.990
 Average pore radius along the line=      0.144
direction     3
   0.070   0.043  -5.030     4.364
   0.070   0.043  -4.030     3.618
   0.070   0.043  -3.030     2.967
   0.070   0.043  -2.030     2.455
   0.070   0.043  -1.030     2.049
   0.070   0.043  -0.030     1.915
   0.070   0.043   0.970     2.076
   0.070   0.043   1.970     2.309
   0.070   0.043   2.970     2.748
   0.070   0.043   3.970     3.376
   0.070   0.043   4.970     4.124
 Average pore radius along the line=      2.909
 Best direction is found to be     3
(1=X,2=Y,3=Z)
 s/r cguess has produced initial values for cpoint &/or cvect:
CPOINT       0.0703      0.0427     -0.0303
CVECT        0.0000      0.0000      1.0000
 THESE GUESSES MAY WELL BE WRONG!!!!
 Routine relies on having a reasonably symmetric
 channel oriented along x, y or z vector
 YOU ARE STRONGLY ADVISED TO CHECK THE RESULTS
                       WITH MOLECULAR GRAPHICS
 
 
  Some routines (e.g. conn) need vectors normal to cvect: 
     EAST Zero degrees angle is along vector    1.000   0.000   0.000
     NORTH  90 degrees angle is along vector    0.000  -1.000   0.000
 highest radius point found:
  at point   -1.682  -0.512  -0.030
  closest atom surface    3.118   C29 160 X    0
  2nd closest surface     3.119   C12 160 X    0
  found on step  914
  this is also current point
  no. of rejections          411
 stored as     0

 highest radius point found:
  at point   -1.696  -0.515   0.170
  closest atom surface    3.126   C12 160 X    0
  2nd closest surface     3.126   C29 160 X    0
  found on step  957
  this is also current point
  no. of rejections          374
 stored as     1

 highest radius point found:
  at point   -1.713  -0.516   0.370
  closest atom surface    3.143   H23 160 X    0
  2nd closest surface     3.143   C12 160 X    0
  found on step  879
  this is also current point
  no. of rejections          438
 stored as     2

 highest radius point found:
  at point   -1.734  -0.512   0.570
  closest atom surface    3.166   C29 160 X    0
  2nd closest surface     3.166   H23 160 X    0
  found on step  724
 current point:
  at point   -1.729  -0.514   0.570
  closest atom surface    3.165   C29 160 X    0
  2nd closest surface     3.169   H20 160 X    0
  found on step  977
  no. of rejections          422
 stored as     3

 highest radius point found:
  at point   -1.738  -0.509   0.770
  closest atom surface    3.189   H20 160 X    0
  2nd closest surface     3.189   C29 160 X    0
  found on step  886
  this is also current point
  no. of rejections          404
 stored as     4

 highest radius point found:
  at point   -1.791  -0.477   0.970
  closest atom surface    3.219   H20 160 X    0
  2nd closest surface     3.219   C29 160 X    0
  found on step  996
  this is also current point
  no. of rejections          397
 stored as     5

 highest radius point found:
  at point   -1.862  -0.435   1.170
  closest atom surface    3.259   H20 160 X    0
  2nd closest surface     3.260   C29 160 X    0
  found on step  539
 current point:
  at point   -1.834  -0.451   1.170
  closest atom surface    3.259   H20 160 X    0
  2nd closest surface     3.259   C29 160 X    0
  found on step  973
  no. of rejections          377
 stored as     6

 highest radius point found:
  at point   -1.862  -0.435   1.370
  closest atom surface    3.306   C29 160 X    0
  2nd closest surface     3.306   H20 160 X    0
  found on step    1
 current point:
  at point   -1.772  -0.488   1.370
  closest atom surface    3.304   H20 160 X    0
  2nd closest surface     3.304   C29 160 X    0
  found on step  881
  no. of rejections          388
 stored as     7

 highest radius point found:
  at point   -1.917  -0.405   1.570
  closest atom surface    3.363   H20 160 X    0
  2nd closest surface     3.363   C29 160 X    0
  found on step  518
 current point:
  at point   -1.863  -0.436   1.570
  closest atom surface    3.361   C29 160 X    0
  2nd closest surface     3.361   H20 160 X    0
  found on step  946
  no. of rejections          380
 stored as     8

 highest radius point found:
  at point   -1.998  -0.360   1.770
  closest atom surface    3.430   C29 160 X    0
  2nd closest surface     3.431   H20 160 X    0
  found on step  744
 current point:
  at point   -1.988  -0.366   1.770
  closest atom surface    3.430   C29 160 X    0
  2nd closest surface     3.430   H20 160 X    0
  found on step  969
  no. of rejections          390
 stored as     9

 highest radius point found:
  at point   -2.051  -0.332   1.970
  closest atom surface    3.503   H23 160 X    0
  2nd closest surface     3.503   C29 160 X    0
  found on step  961
  this is also current point
  no. of rejections          376
 stored as    10

 highest radius point found:
  at point   -2.085  -0.316   2.170
  closest atom surface    3.583   C29 160 X    0
  2nd closest surface     3.584   H20 160 X    0
  found on step  541
 current point:
  at point   -1.808  -0.478   2.170
  closest atom surface    3.569   H20 160 X    0
  2nd closest surface     3.569   C29 160 X    0
  found on step  949
  no. of rejections          373
 stored as    11

 highest radius point found:
  at point   -2.131  -0.295   2.370
  closest atom surface    3.671   C29 160 X    0
  2nd closest surface     3.672   H20 160 X    0
  found on step  921
  this is also current point
  no. of rejections          367
 stored as    12

 highest radius point found:
  at point   -2.200  -0.259   2.570
  closest atom surface    3.766   H23 160 X    0
  2nd closest surface     3.767   C29 160 X    0
  found on step  959
  this is also current point
  no. of rejections          378
 stored as    13

 highest radius point found:
  at point   -2.151  -0.305   2.770
  closest atom surface    3.850   H37 160 X    0
  2nd closest surface     3.851   H20 160 X    0
  found on step  951
  this is also current point
  no. of rejections          389
 stored as    14

 highest radius point found:
  at point   -2.116  -0.347   2.970
  closest atom surface    3.937   H20 160 X    0
  2nd closest surface     3.938   C17 160 X    0
  found on step  959
  this is also current point
  no. of rejections          352
 stored as    15

 highest radius point found:
  at point   -2.067  -0.389   3.170
  closest atom surface    4.019   C17 160 X    0
  2nd closest surface     4.027   H37 160 X    0
  found on step  519
 current point:
  at point   -2.025  -0.404   3.170
  closest atom surface    4.014   H37 160 X    0
  2nd closest surface     4.026   C17 160 X    0
  found on step  998
  no. of rejections          391
 stored as    16

 highest radius point found:
  at point   -2.016  -0.422   3.370
  closest atom surface    4.114   C17 160 X    0
  2nd closest surface     4.114   H37 160 X    0
  found on step  839
 current point:
  at point   -1.987  -0.442   3.370
  closest atom surface    4.112   C17 160 X    0
  2nd closest surface     4.112   H37 160 X    0
  found on step  897
  no. of rejections          377
 stored as    17

 highest radius point found:
  at point   -1.962  -0.461   3.570
  closest atom surface    4.211   H37 160 X    0
  2nd closest surface     4.211   C17 160 X    0
  found on step  938
  this is also current point
  no. of rejections          372
 stored as    18

 highest radius point found:
  at point   -1.925  -0.489   3.770
  closest atom surface    4.308   C32 160 X    0
  2nd closest surface     4.309   C35 160 X    0
  found on step  877
  this is also current point
  no. of rejections          405
 stored as    19

 highest radius point found:
  at point   -1.989  -0.498   3.970
  closest atom surface    4.394   C32 160 X    0
  2nd closest surface     4.394   C17 160 X    0
  found on step  949
  this is also current point
  no. of rejections          381
 stored as    20

 highest radius point found:
  at point   -2.029  -0.507   4.170
  closest atom surface    4.483   C35 160 X    0
  2nd closest surface     4.484   C32 160 X    0
  found on step  961
  this is also current point
  no. of rejections          376
 stored as    21

 highest radius point found:
  at point   -2.083  -0.516   4.370
  closest atom surface    4.580   C35 160 X    0
  2nd closest surface     4.580   C32 160 X    0
  found on step  986
  this is also current point
  no. of rejections          372
 stored as    22

 highest radius point found:
  at point   -2.141  -0.526   4.570
  closest atom surface    4.682   C35 160 X    0
  2nd closest surface     4.682   C32 160 X    0
  found on step  613
 current point:
  at point   -2.155  -0.523   4.570
  closest atom surface    4.679   C17 160 X    0
  2nd closest surface     4.680   C32 160 X    0
  found on step  984
  no. of rejections          353
 stored as    23

 highest radius point found:
  at point   -2.199  -0.530   4.770
  closest atom surface    4.784   C32 160 X    0
  2nd closest surface     4.785   C34 160 X    0
  found on step  999
  this is also current point
  no. of rejections          335
 stored as    24

 highest radius point found:
  at point   -2.273  -0.534   4.970
  closest atom surface    4.892   C32 160 X    0
  2nd closest surface     4.892   C34 160 X    0
  found on step  958
  this is also current point
  no. of rejections          348
 stored as    25

 highest radius point found:
  at point   -2.354  -0.536   5.170
  closest atom surface    5.004   C32 160 X    0
  2nd closest surface     5.005   C17 160 X    0
  found on step  515
 current point:
  at point   -2.229  -0.540   5.170
  closest atom surface    4.997   C32 160 X    0
  2nd closest surface     4.998   C34 160 X    0
  found on step  996
  no. of rejections          369
 stored as    26

 highest radius point found:
  at point   -2.423  -0.542   5.370
  closest atom surface    5.122   C17 160 X    0
  2nd closest surface     5.122   C34 160 X    0
  found on step  545
 current point:
  at point   -2.301  -0.543   5.370
  closest atom surface    5.113   C32 160 X    0
  2nd closest surface     5.114   C34 160 X    0
  found on step  941
  no. of rejections          353
 stored as    27

 highest radius point found:
  at point   -2.480  -0.554   5.570
  closest atom surface    5.236   C34 160 X    0
  2nd closest surface     5.242   C17 160 X    0
  found on step    3
 current point:
  at point   -1.996  -0.530   5.570
  closest atom surface    5.196   C32 160 X    0
  2nd closest surface     5.197   C35 160 X    0
  found on step  996
  no. of rejections          339
 stored as    28

 highest radius point found:
  at point   -2.567  -0.548   5.770
  closest atom surface    5.369   C17 160 X    0
  2nd closest surface     5.369   C32 160 X    0
  found on step  890
  this is also current point
  no. of rejections          354
 stored as    29

 highest radius point found:
  at point   -2.645  -0.549   5.970
  closest atom surface    5.498   C32 160 X    0
  2nd closest surface     5.498   C17 160 X    0
  found on step  719
 current point:
  at point   -2.583  -0.553   5.970
  closest atom surface    5.494   C32 160 X    0
  2nd closest surface     5.494   C34 160 X    0
  found on step  967
  no. of rejections          341
 stored as    30

 highest radius point found:
  at point   -2.694  -0.557   6.170
  closest atom surface    5.631   C34 160 X    0
  2nd closest surface     5.632   C32 160 X    0
  found on step  819
 current point:
  at point   -2.685  -0.556   6.170
  closest atom surface    5.630   C32 160 X    0
  2nd closest surface     5.631   C34 160 X    0
  found on step  909
  no. of rejections          350
 stored as    31

 highest radius point found:
  at point   -2.741  -0.560   6.370
  closest atom surface    5.764   H26 160 X    0
  2nd closest surface     5.765   C34 160 X    0
  found on step  926
  this is also current point
  no. of rejections          337
 stored as    32

 highest radius point found:
  at point   -2.757  -0.564   6.570
  closest atom surface    5.899   C32 160 X    0
  2nd closest surface     5.900   C34 160 X    0
  found on step   83
 current point:
  at point   -2.763  -0.559   6.570
  closest atom surface    5.896   C32 160 X    0
  2nd closest surface     5.902   H26 160 X    0
  found on step  982
  no. of rejections          320
 stored as    33

 highest radius point found:
  at point   -2.788  -0.570   6.770
  closest atom surface    6.037   C34 160 X    0
  2nd closest surface     6.038   C32 160 X    0
  found on step  959
  this is also current point
  no. of rejections          350
 stored as    34

 highest radius point found:
  at point   -2.809  -0.575   6.970
  closest atom surface    6.177   C34 160 X    0
  2nd closest surface     6.178   C32 160 X    0
  found on step  929
  this is also current point
  no. of rejections          323
 stored as    35

 highest radius point found:
  at point   -2.848  -0.576   7.170
  closest atom surface    6.320   H26 160 X    0
  2nd closest surface     6.320   C32 160 X    0
  found on step  919
  this is also current point
  no. of rejections          338
 stored as    36

 highest radius point found:
  at point   -2.864  -0.585   7.370
  closest atom surface    6.466   C34 160 X    0
  2nd closest surface     6.467   C32 160 X    0
  found on step  963
  this is also current point
  no. of rejections          316
 stored as    37

 highest radius point found:
  at point   -2.897  -0.587   7.570
  closest atom surface    6.614   C32 160 X    0
  2nd closest surface     6.616   C34 160 X    0
  found on step  831
 current point:
  at point   -2.901  -0.588   7.570
  closest atom surface    6.614   H26 160 X    0
  2nd closest surface     6.615   C34 160 X    0
  found on step  966
  no. of rejections          344
 stored as    38

 highest radius point found:
  at point   -2.929  -0.594   7.770
  closest atom surface    6.764   H26 160 X    0
  2nd closest surface     6.764   C34 160 X    0
  found on step  679
 current point:
  at point   -2.917  -0.595   7.770
  closest atom surface    6.763   C34 160 X    0
  2nd closest surface     6.765   C32 160 X    0
  found on step  998
  no. of rejections          341
 stored as    39

 highest radius point found:
  at point   -2.945  -0.598   7.970
  closest atom surface    6.916   C34 160 X    0
  2nd closest surface     6.917   C32 160 X    0
  found on step  994
  this is also current point
  no. of rejections          339
 stored as    40

 highest radius point found:
  at point   -2.980  -0.602   8.170
  closest atom surface    7.071   C34 160 X    0
  2nd closest surface     7.072   C32 160 X    0
  found on step  993
  this is also current point
  no. of rejections          330
 stored as    41

 highest radius point found:
  at point   -3.012  -0.606   8.370
  closest atom surface    7.228   C32 160 X    0
  2nd closest surface     7.228   C34 160 X    0
  found on step  995
  this is also current point
  no. of rejections          323
 stored as    42

 highest radius point found:
  at point   -3.042  -0.612   8.570
  closest atom surface    7.385   C34 160 X    0
  2nd closest surface     7.386   H26 160 X    0
  found on step  977
  this is also current point
  no. of rejections          308
 stored as    43

 highest radius point found:
  at point   -3.060  -0.616   8.770
  closest atom surface    7.544   C34 160 X    0
  2nd closest surface     7.545   C32 160 X    0
  found on step  656
 current point:
  at point   -3.057  -0.616   8.770
  closest atom surface    7.544   C34 160 X    0
  2nd closest surface     7.544   C32 160 X    0
  found on step  984
  no. of rejections          340
 stored as    44

 highest radius point found:
  at point   -3.103  -0.622   8.970
  closest atom surface    7.706   C34 160 X    0
  2nd closest surface     7.706   H26 160 X    0
  found on step  993
  this is also current point
  no. of rejections          291
 stored as    45

 highest radius point found:
  at point   -3.122  -0.625   9.170
  closest atom surface    7.869   C32 160 X    0
  2nd closest surface     7.869   C34 160 X    0
  found on step  928
  this is also current point
  no. of rejections          324
 stored as    46

 highest radius point found:
  at point   -3.161  -0.630   9.370
  closest atom surface    8.034   C34 160 X    0
  2nd closest surface     8.035   H26 160 X    0
  found on step  982
  this is also current point
  no. of rejections          275
 stored as    47

 highest radius point found:
  at point   -3.192  -0.634   9.570
  closest atom surface    8.200   C34 160 X    0
  2nd closest surface     8.201   H26 160 X    0
  found on step  552
 current point:
  at point   -3.193  -0.632   9.570
  closest atom surface    8.200   C32 160 X    0
  2nd closest surface     8.201   H26 160 X    0
  found on step  998
  no. of rejections          299
 stored as    48

 highest radius point found:
  at point   -3.224  -0.638   9.770
  closest atom surface    8.367   H26 160 X    0
  2nd closest surface     8.368   C32 160 X    0
  found on step  952
  this is also current point
  no. of rejections          302
 stored as    49

 highest radius point found:
  at point   -3.254  -0.643   9.970
  closest atom surface    8.536   H26 160 X    0
  2nd closest surface     8.536   C34 160 X    0
  found on step  932
  this is also current point
  no. of rejections          279
 stored as    50

 highest radius point found:
  at point   -3.287  -0.645  10.170
  closest atom surface    8.705   C32 160 X    0
  2nd closest surface     8.706   H26 160 X    0
  found on step  954
  this is also current point
  no. of rejections          298
 stored as    51

 highest radius point found:
  at point   -3.317  -0.652  10.370
  closest atom surface    8.877   H26 160 X    0
  2nd closest surface     8.877   C34 160 X    0
  found on step  947
  this is also current point
  no. of rejections          283
 stored as    52

 highest radius point found:
  at point   -3.350  -0.660  10.570
  closest atom surface    9.047   C34 160 X    0
  2nd closest surface     9.048   H26 160 X    0
  found on step  978
  this is also current point
  no. of rejections          266
 stored as    53

 highest radius point found:
  at point   -3.378  -0.661  10.770
  closest atom surface    9.222   C34 160 X    0
  2nd closest surface     9.222   C32 160 X    0
  found on step  964
  this is also current point
  no. of rejections          296
 stored as    54

 highest radius point found:
  at point   -3.414  -0.667  10.970
  closest atom surface    9.395   H26 160 X    0
  2nd closest surface     9.396   C34 160 X    0
  found on step  958
  this is also current point
  no. of rejections          308
 stored as    55

 highest radius point found:
  at point   -3.445  -0.667  11.170
  closest atom surface    9.570   C32 160 X    0
  2nd closest surface     9.571   H26 160 X    0
  found on step  982
  this is also current point
  no. of rejections          277
 stored as    56

 highest radius point found:
  at point   -3.481  -0.674  11.370
  closest atom surface    9.745   H26 160 X    0
  2nd closest surface     9.748   C32 160 X    0
  found on step  935
  this is also current point
  no. of rejections          309
 stored as    57

 highest radius point found:
  at point   -3.511  -0.683  11.570
  closest atom surface    9.922   C34 160 X    0
  2nd closest surface     9.923   H26 160 X    0
  found on step  656
 current point:
  at point   -3.513  -0.687  11.570
  closest atom surface    9.921   C34 160 X    0
  2nd closest surface     9.922   H26 160 X    0
  found on step  905
  no. of rejections          292
 stored as    58

 highest radius point found:
  at point   -3.535  -0.684  11.770
  closest atom surface   10.101   C34 160 X    0
  2nd closest surface    10.101   C32 160 X    0
  found on step  775
 current point:
  at point   -3.541  -0.679  11.770
  closest atom surface   10.099   C32 160 X    0
  2nd closest surface    10.102   H26 160 X    0
  found on step  990
  no. of rejections          283
 stored as    59

 highest radius point found:
  at point   -3.579  -0.683  11.970
  closest atom surface   10.278   H26 160 X    0
  2nd closest surface    10.279   C32 160 X    0
  found on step  909
  this is also current point
  no. of rejections          274
 stored as    60

 highest radius point found:
  at point   -3.604  -0.691  12.170
  closest atom surface   10.458   C32 160 X    0
  2nd closest surface    10.460   C34 160 X    0
  found on step  905
  this is also current point
  no. of rejections          282
 stored as    61

 highest radius point found:
  at point   -3.640  -0.695  12.370
  closest atom surface   10.639   H26 160 X    0
  2nd closest surface    10.639   C32 160 X    0
  found on step  966
  this is also current point
  no. of rejections          270
 stored as    62

 highest radius point found:
  at point   -3.672  -0.700  12.570
  closest atom surface   10.819   C32 160 X    0
  2nd closest surface    10.820   H26 160 X    0
  found on step  779
 current point:
  at point   -3.674  -0.700  12.570
  closest atom surface   10.819   H26 160 X    0
  2nd closest surface    10.820   C32 160 X    0
  found on step  964
  no. of rejections          280
 stored as    63

 highest radius point found:
  at point   -3.705  -0.708  12.770
  closest atom surface   11.001   C34 160 X    0
  2nd closest surface    11.001   H26 160 X    0
  found on step  931
  this is also current point
  no. of rejections          252
 stored as    64

 highest radius point found:
  at point   -3.739  -0.708  12.970
  closest atom surface   11.182   C32 160 X    0
  2nd closest surface    11.183   H26 160 X    0
  found on step  925
  this is also current point
  no. of rejections          264
 stored as    65

 highest radius point found:
  at point   -3.765  -0.715  13.170
  closest atom surface   11.365   C32 160 X    0
  2nd closest surface    11.365   C34 160 X    0
  found on step  996
  this is also current point
  no. of rejections          241
 stored as    66

 highest radius point found:
  at point   -3.807  -0.721  13.370
  closest atom surface   11.548   H26 160 X    0
  2nd closest surface    11.549   C34 160 X    0
  found on step  858
 current point:
  at point   -3.799  -0.720  13.370
  closest atom surface   11.548   C34 160 X    0
  2nd closest surface    11.549   C32 160 X    0
  found on step  908
  no. of rejections          275
 stored as    67

 highest radius point found:
  at point   -3.837  -0.725  13.570
  closest atom surface   11.732   C34 160 X    0
  2nd closest surface    11.733   H26 160 X    0
  found on step  567
 current point:
  at point   -3.836  -0.728  13.570
  closest atom surface   11.731   C34 160 X    0
  2nd closest surface    11.733   H26 160 X    0
  found on step  995
  no. of rejections          264
 stored as    68

 highest radius point found:
  at point   -3.875  -0.725  13.770
  closest atom surface   11.916   H26 160 X    0
  2nd closest surface    11.916   C32 160 X    0
  found on step  214
 current point:
  at point   -3.875  -0.728  13.770
  closest atom surface   11.916   H26 160 X    0
  2nd closest surface    11.918   C34 160 X    0
  found on step  954
  no. of rejections          248
 stored as    69

 highest radius point found:
  at point   -3.906  -0.732  13.970
  closest atom surface   12.102   H26 160 X    0
  2nd closest surface    12.102   C32 160 X    0
  found on step  965
  this is also current point
  no. of rejections          279
 stored as    70

 highest radius point found:
  at point   -3.932  -0.736  14.170
  closest atom surface   12.286   C32 160 X    0
  2nd closest surface    12.287   C34 160 X    0
  found on step  936
  this is also current point
  no. of rejections          273
 stored as    71

 highest radius point found:
  at point   -3.974  -0.741  14.370
  closest atom surface   12.473   H26 160 X    0
  2nd closest surface    12.473   C32 160 X    0
  found on step  993
  this is also current point
  no. of rejections          245
 stored as    72

 highest radius point found:
  at point   -4.006  -0.748  14.570
  closest atom surface   12.659   C34 160 X    0
  2nd closest surface    12.659   H26 160 X    0
  found on step  991
  this is also current point
  no. of rejections          240
 stored as    73

 highest radius point found:
  at point   -4.042  -0.749  14.770
  closest atom surface   12.846   H26 160 X    0
  2nd closest surface    12.846   C32 160 X    0
  found on step  830
 current point:
  at point   -4.041  -0.753  14.770
  closest atom surface   12.846   C34 160 X    0
  2nd closest surface    12.846   H26 160 X    0
  found on step  976
  no. of rejections          251
 stored as    74

 highest radius point found:
  at point   -4.077  -0.758  14.970
  closest atom surface   13.033   H26 160 X    0
  2nd closest surface    13.033   C34 160 X    0
  found on step  999
  this is also current point
  no. of rejections          239
 stored as    75

 highest radius point found:
  at point   -4.112  -0.757  15.170
  closest atom surface   13.220   H26 160 X    0
  2nd closest surface    13.221   C32 160 X    0
  found on step  946
  this is also current point
  no. of rejections          239
 stored as    76

 highest radius point found:
  at point   -4.141  -0.764  15.370
  closest atom surface   13.409   C32 160 X    0
  2nd closest surface    13.409   C34 160 X    0
  found on step  986
  this is also current point
  no. of rejections          253
 stored as    77

 highest radius point found:
  at point   -4.177  -0.768  15.570
  closest atom surface   13.597   H26 160 X    0
  2nd closest surface    13.597   C32 160 X    0
  found on step  994
  this is also current point
  no. of rejections          240
 stored as    78

 highest radius point found:
  at point   -4.211  -0.773  15.770
  closest atom surface   13.786   H26 160 X    0
  2nd closest surface    13.786   C32 160 X    0
  found on step  866
 current point:
  at point   -4.211  -0.773  15.770
  closest atom surface   13.786   H26 160 X    0
  2nd closest surface    13.786   C32 160 X    0
  found on step  979
  no. of rejections          245
 stored as    79

 highest radius point found:
  at point   -4.243  -0.778  15.970
  closest atom surface   13.975   C34 160 X    0
  2nd closest surface    13.975   C32 160 X    0
  found on step  966
  this is also current point
  no. of rejections          219
 stored as    80

 highest radius point found:
  at point   -4.272  -0.783  16.170
  closest atom surface   14.164   C34 160 X    0
  2nd closest surface    14.164   C32 160 X    0
  found on step  942
  this is also current point
  no. of rejections          244
 stored as    81

 highest radius point found:
  at point   -4.315  -0.782  16.370
  closest atom surface   14.353   C32 160 X    0
  2nd closest surface    14.354   H26 160 X    0
  found on step  934
  this is also current point
  no. of rejections          195
 stored as    82

 highest radius point found:
  at point   -4.347  -0.791  16.570
  closest atom surface   14.544   C34 160 X    0
  2nd closest surface    14.545   H26 160 X    0
  found on step  950
  this is also current point
  no. of rejections          245
 stored as    83

 highest radius point found:
  at point   -4.380  -0.796  16.770
  closest atom surface   14.734   C34 160 X    0
  2nd closest surface    14.735   C32 160 X    0
  found on step  981
  this is also current point
  no. of rejections          217
 stored as    84

 highest radius point found:
  at point   -4.423  -0.802  16.970
  closest atom surface   14.925   H26 160 X    0
  2nd closest surface    14.926   C34 160 X    0
  found on step 1000
  this is also current point
  no. of rejections          203
 stored as    85

 highest radius point found:
  at point   -4.453  -0.806  17.170
  closest atom surface   15.116   C33 160 X    0
  2nd closest surface    15.116   H26 160 X    0
  found on step  977
  this is also current point
  no. of rejections          233
 stored as    86

 highest radius point found:
  at point   -4.492  -0.816  17.370
  closest atom surface   15.307   C34 160 X    0
  2nd closest surface    15.307   H26 160 X    0
  found on step  964
  this is also current point
  no. of rejections          194
 stored as    87

 highest radius point found:
  at point   -4.530  -0.827  17.570
  closest atom surface   15.497   C34 160 X    0
  2nd closest surface    15.498   H26 160 X    0
  found on step  990
  this is also current point
  no. of rejections          232
 stored as    88

 highest radius point found:
  at point   -4.577  -0.837  17.770
  closest atom surface   15.688   H26 160 X    0
  2nd closest surface    15.689   C34 160 X    0
  found on step 1000
  this is also current point
  no. of rejections          163
 stored as    89

 highest radius point found:
  at point   -4.616  -0.850  17.970
  closest atom surface   15.879   H26 160 X    0
  2nd closest surface    15.879   C34 160 X    0
  found on step 1000
  this is also current point
  no. of rejections          201
 stored as    90

 highest radius point found:
  at point   -4.657  -0.860  18.170
  closest atom surface   16.070   H26 160 X    0
  2nd closest surface    16.071   C34 160 X    0
  found on step  987
  this is also current point
  no. of rejections          229
 stored as    91

 highest radius point found:
  at point   -4.693  -0.867  18.370
  closest atom surface   16.263   H43 160 X    0
  2nd closest surface    16.263   H26 160 X    0
  found on step  813
 current point:
  at point   -4.691  -0.866  18.370
  closest atom surface   16.262   H43 160 X    0
  2nd closest surface    16.263   C34 160 X    0
  found on step  980
  no. of rejections          211
 stored as    92

 highest radius point found:
  at point   -4.730  -0.878  18.570
  closest atom surface   16.455   C34 160 X    0
  2nd closest surface    16.455   H43 160 X    0
  found on step  980
  this is also current point
  no. of rejections          209
 stored as    93

 highest radius point found:
  at point   -4.790  -0.894  18.770
  closest atom surface   16.645   H26 160 X    0
  2nd closest surface    16.648   C34 160 X    0
  found on step  987
  this is also current point
  no. of rejections          158
 stored as    94

 highest radius point found:
  at point   -4.816  -0.897  18.970
  closest atom surface   16.839   H43 160 X    0
  2nd closest surface    16.840   H26 160 X    0
  found on step   30
 current point:
  at point   -4.814  -0.901  18.970
  closest atom surface   16.839   C34 160 X    0
  2nd closest surface    16.840   H26 160 X    0
  found on step  956
  no. of rejections          186
 stored as    95

 highest radius point found:
  at point   -4.855  -0.909  19.170
  closest atom surface   17.033   H26 160 X    0
  2nd closest surface    17.033   H43 160 X    0
  found on step  997
  this is also current point
  no. of rejections          183
 stored as    96

 highest radius point found:
  at point   -4.901  -0.918  19.370
  closest atom surface   17.225   H26 160 X    0
  2nd closest surface    17.226   H43 160 X    0
  found on step  981
  this is also current point
  no. of rejections          224
 stored as    97

 highest radius point found:
  at point   -4.943  -0.934  19.570
  closest atom surface   17.418   H26 160 X    0
  2nd closest surface    17.419   C34 160 X    0
  found on step  991
  this is also current point
  no. of rejections          236
 stored as    98

 highest radius point found:
  at point   -4.981  -0.939  19.770
  closest atom surface   17.612   H26 160 X    0
  2nd closest surface    17.613   H43 160 X    0
  found on step    2
 current point:
  at point   -4.981  -0.946  19.770
  closest atom surface   17.612   C34 160 X    0
  2nd closest surface    17.612   H26 160 X    0
  found on step  987
  no. of rejections          166
 stored as    99

 highest radius point found:
  at point   -5.018  -0.950  19.970
  closest atom surface   17.806   H43 160 X    0
  2nd closest surface    17.806   H26 160 X    0
  found on step  999
  this is also current point
  no. of rejections          201
 stored as   100

 highest radius point found:
  at point   -5.061  -0.965  20.170
  closest atom surface   18.000   H26 160 X    0
  2nd closest surface    18.000   C34 160 X    0
  found on step  874
 current point:
  at point   -5.053  -0.960  20.170
  closest atom surface   18.000   H43 160 X    0
  2nd closest surface    18.000   C34 160 X    0
  found on step  990
  no. of rejections          197
 stored as   101

 highest radius point found:
  at point   -5.100  -0.971  20.370
  closest atom surface   18.195   H26 160 X    0
  2nd closest surface    18.195   H43 160 X    0
  found on step  983
  this is also current point
  no. of rejections          220
 stored as   102

 highest radius point found:
  at point   -5.143  -0.981  20.570
  closest atom surface   18.389   H26 160 X    0
  2nd closest surface    18.389   H43 160 X    0
  found on step  941
  this is also current point
  no. of rejections          174
 stored as   103

 highest radius point found:
  at point   -5.186  -0.989  20.770
  closest atom surface   18.583   H26 160 X    0
  2nd closest surface    18.583   H43 160 X    0
  found on step  958
  this is also current point
  no. of rejections          199
 stored as   104

 highest radius point found:
  at point   -5.233  -0.994  20.970
  closest atom surface   18.777   H43 160 X    0
  2nd closest surface    18.777   H26 160 X    0
  found on step  855
 current point:
  at point   -5.239  -0.994  20.970
  closest atom surface   18.777   H26 160 X    0
  2nd closest surface    18.777   H43 160 X    0
  found on step  934
  no. of rejections          233
 stored as   105

 highest radius point found:
  at point   -5.283  -1.009  21.170
  closest atom surface   18.972   H26 160 X    0
  2nd closest surface    18.972   H44 160 X    0
  found on step  970
  this is also current point
  no. of rejections          220
 stored as   106

 highest radius point found:
  at point   -5.329  -1.014  21.370
  closest atom surface   19.166   H26 160 X    0
  2nd closest surface    19.168   H44 160 X    0
  found on step  796
 current point:
  at point   -5.331  -1.020  21.370
  closest atom surface   19.166   H26 160 X    0
  2nd closest surface    19.166   H44 160 X    0
  found on step  946
  no. of rejections          197
 stored as   107

 highest radius point found:
  at point   -5.369  -1.020  21.570
  closest atom surface   19.362   H26 160 X    0
  2nd closest surface    19.362   H43 160 X    0
  found on step  999
  this is also current point
  no. of rejections          184
 stored as   108

 highest radius point found:
  at point   -5.415  -1.029  21.770
  closest atom surface   19.557   H26 160 X    0
  2nd closest surface    19.557   H44 160 X    0
  found on step  992
  this is also current point
  no. of rejections          199
 stored as   109

 highest radius point found:
  at point   -5.467  -1.036  21.970
  closest atom surface   19.752   H26 160 X    0
  2nd closest surface    19.753   H43 160 X    0
  found on step  978
  this is also current point
  no. of rejections          198
 stored as   110

 highest radius point found:
  at point   -5.508  -1.043  22.170
  closest atom surface   19.948   H26 160 X    0
  2nd closest surface    19.948   H43 160 X    0
  found on step  969
  this is also current point
  no. of rejections          163
 stored as   111

 highest radius point found:
  at point   -5.584  -1.070  22.370
  closest atom surface   20.142   H26 160 X    0
  2nd closest surface    20.144   H44 160 X    0
  found on step    9
 current point:
  at point   -5.767  -1.246  22.370
  closest atom surface   20.127   H44 160 X    0
  2nd closest surface    20.128   H26 160 X    0
  found on step 1000
  no. of rejections          149
 stored as   112

 highest radius point found:
  at point   -5.604  -1.057  22.570
  closest atom surface   20.340   H26 160 X    0
  2nd closest surface    20.340   H43 160 X    0
  found on step  522
 current point:
  at point   -5.603  -1.062  22.570
  closest atom surface   20.340   H26 160 X    0
  2nd closest surface    20.340   H44 160 X    0
  found on step  997
  no. of rejections          115
 stored as   113

 highest radius point found:
  at point   -5.646  -1.068  22.770
  closest atom surface   20.536   H26 160 X    0
  2nd closest surface    20.536   H44 160 X    0
  found on step  988
  this is also current point
  no. of rejections          164
 stored as   114

 highest radius point found:
  at point   -5.693  -1.072  22.970
  closest atom surface   20.732   H43 160 X    0
  2nd closest surface    20.732   H26 160 X    0
  found on step  986
  this is also current point
  no. of rejections          139
 stored as   115

 highest radius point found:
  at point   -5.750  -1.093  23.170
  closest atom surface   20.928   H26 160 X    0
  2nd closest surface    20.929   H44 160 X    0
  found on step  998
  this is also current point
  no. of rejections          178
 stored as   116

 highest radius point found:
  at point   -5.782  -1.090  23.370
  closest atom surface   21.126   H26 160 X    0
  2nd closest surface    21.126   H43 160 X    0
  found on step  474
 current point:
  at point   -5.783  -1.092  23.370
  closest atom surface   21.125   H44 160 X    0
  2nd closest surface    21.126   H26 160 X    0
  found on step  956
  no. of rejections          223
 stored as   117

 highest radius point found:
  at point   -5.862  -1.091  23.570
  closest atom surface   21.320   H26 160 X    0
  2nd closest surface    21.324   H43 160 X    0
  found on step   87
 current point:
  at point   -7.066  -0.479  23.570
  closest atom surface   21.299   H26 160 X    0
  2nd closest surface    21.301   H43 160 X    0
  found on step  994
  no. of rejections           99
 stored as   118

 highest radius point found:
  at point   -5.881  -1.111  23.770
  closest atom surface   21.519   H26 160 X    0
  2nd closest surface    21.520   H44 160 X    0
  found on step  979
  this is also current point
  no. of rejections          167
 stored as   119

 highest radius point found:
  at point   -5.946  -1.102  23.970
  closest atom surface   21.715   H26 160 X    0
  2nd closest surface    21.716   H43 160 X    0
  found on step   13
 current point:
  at point   -7.156  -0.496  23.970
  closest atom surface   21.698   H26 160 X    0
  2nd closest surface    21.699   H28 160 X    0
  found on step  989
  no. of rejections          145
 stored as   120

 highest radius point found:
  at point   -5.978  -1.125  24.170
  closest atom surface   21.913   H26 160 X    0
  2nd closest surface    21.915   H44 160 X    0
  found on step  997
  this is also current point
  no. of rejections          112
 stored as   121

 highest radius point found:
  at point   -6.013  -1.129  24.370
  closest atom surface   22.111   H26 160 X    0
  2nd closest surface    22.112   H44 160 X    0
  found on step  978
  this is also current point
  no. of rejections          208
 This is an end! (radius above  22.0 angs)
 highest radius point found:
  at point   -1.667  -0.512  -0.230
  closest atom surface    3.118   C29 160 X    0
  2nd closest surface     3.119   C12 160 X    0
  found on step  907
  this is also current point
  no. of rejections          396
 stored as    -1

 highest radius point found:
  at point   -1.660  -0.509  -0.430
  closest atom surface    3.129   H23 160 X    0
  2nd closest surface     3.129   C29 160 X    0
  found on step 1000
  this is also current point
  no. of rejections          427
 stored as    -2

 highest radius point found:
  at point   -1.644  -0.510  -0.630
  closest atom surface    3.146   C29 160 X    0
  2nd closest surface     3.147   C12 160 X    0
  found on step  986
  this is also current point
  no. of rejections          429
 stored as    -3

 highest radius point found:
  at point   -1.637  -0.508  -0.830
  closest atom surface    3.174   H23 160 X    0
  2nd closest surface     3.174   C29 160 X    0
  found on step 1000
  this is also current point
  no. of rejections          399
 stored as    -4

 highest radius point found:
  at point   -1.627  -0.510  -1.030
  closest atom surface    3.209   C12 160 X    0
  2nd closest surface     3.210   H23 160 X    0
  found on step  836
 current point:
  at point   -1.632  -0.507  -1.030
  closest atom surface    3.206   H23 160 X    0
  2nd closest surface     3.211   C29 160 X    0
  found on step  945
  no. of rejections          434
 stored as    -5

 highest radius point found:
  at point   -1.627  -0.497  -1.230
  closest atom surface    3.248   C29 160 X    0
  2nd closest surface     3.249   C14 160 X    0
  found on step  958
  this is also current point
  no. of rejections          399
 stored as    -6

 highest radius point found:
  at point   -1.644  -0.473  -1.430
  closest atom surface    3.289   C14 160 X    0
  2nd closest surface     3.289   H23 160 X    0
  found on step  978
  this is also current point
  no. of rejections          398
 stored as    -7

 highest radius point found:
  at point   -1.662  -0.444  -1.630
  closest atom surface    3.338   C29 160 X    0
  2nd closest surface     3.338   H23 160 X    0
  found on step  898
  this is also current point
  no. of rejections          417
 stored as    -8

 highest radius point found:
  at point   -1.678  -0.419  -1.830
  closest atom surface    3.395   C29 160 X    0
  2nd closest surface     3.396   C14 160 X    0
  found on step  833
 current point:
  at point   -1.677  -0.420  -1.830
  closest atom surface    3.395   C29 160 X    0
  2nd closest surface     3.395   C14 160 X    0
  found on step  952
  no. of rejections          378
 stored as    -9

 highest radius point found:
  at point   -1.697  -0.394  -2.030
  closest atom surface    3.458   H38 160 X    0
  2nd closest surface     3.459   C14 160 X    0
  found on step  979
  this is also current point
  no. of rejections          405
 stored as   -10

 highest radius point found:
  at point   -1.724  -0.379  -2.230
  closest atom surface    3.521   H23 160 X    0
  2nd closest surface     3.521   H38 160 X    0
  found on step  398
 current point:
  at point   -1.725  -0.378  -2.230
  closest atom surface    3.520   H38 160 X    0
  2nd closest surface     3.520   H23 160 X    0
  found on step  967
  no. of rejections          396
 stored as   -11

 highest radius point found:
  at point   -1.751  -0.361  -2.430
  closest atom surface    3.588   H38 160 X    0
  2nd closest surface     3.592   H23 160 X    0
  found on step  907
  this is also current point
  no. of rejections          375
 stored as   -12

 highest radius point found:
  at point   -1.785  -0.341  -2.630
  closest atom surface    3.665   H38 160 X    0
  2nd closest surface     3.666   H23 160 X    0
  found on step  979
  this is also current point
  no. of rejections          389
 stored as   -13

 highest radius point found:
  at point   -1.815  -0.318  -2.830
  closest atom surface    3.746   H38 160 X    0
  2nd closest surface     3.746   C15 160 X    0
  found on step  933
  this is also current point
  no. of rejections          372
 stored as   -14

 highest radius point found:
  at point   -1.849  -0.293  -3.030
  closest atom surface    3.833   H38 160 X    0
  2nd closest surface     3.835   C15 160 X    0
  found on step  963
  this is also current point
  no. of rejections          337
 stored as   -15

 highest radius point found:
  at point   -1.891  -0.267  -3.230
  closest atom surface    3.930   H38 160 X    0
  2nd closest surface     3.931   C15 160 X    0
  found on step  974
  this is also current point
  no. of rejections          375
 stored as   -16

 highest radius point found:
  at point   -1.926  -0.243  -3.430
  closest atom surface    4.029   C19 160 X    0
  2nd closest surface     4.029   C15 160 X    0
  found on step  995
  this is also current point
  no. of rejections          378
 stored as   -17

 highest radius point found:
  at point   -1.937  -0.220  -3.630
  closest atom surface    4.132   H38 160 X    0
  2nd closest surface     4.132   C19 160 X    0
  found on step  444
 current point:
  at point   -1.936  -0.219  -3.630
  closest atom surface    4.131   H38 160 X    0
  2nd closest surface     4.133   C15 160 X    0
  found on step  958
  no. of rejections          353
 stored as   -18

 highest radius point found:
  at point   -1.950  -0.198  -3.830
  closest atom surface    4.239   C19 160 X    0
  2nd closest surface     4.239   H38 160 X    0
  found on step  906
  this is also current point
  no. of rejections          340
 stored as   -19

 highest radius point found:
  at point   -1.962  -0.177  -4.030
  closest atom surface    4.351   C19 160 X    0
  2nd closest surface     4.351   H38 160 X    0
  found on step  933
  this is also current point
  no. of rejections          357
 stored as   -20

 highest radius point found:
  at point   -1.970  -0.155  -4.230
  closest atom surface    4.467   C15 160 X    0
  2nd closest surface     4.468   H38 160 X    0
  found on step  749
 current point:
  at point   -1.967  -0.156  -4.230
  closest atom surface    4.467   H38 160 X    0
  2nd closest surface     4.467   C15 160 X    0
  found on step  995
  no. of rejections          350
 stored as   -21

 highest radius point found:
  at point   -1.986  -0.130  -4.430
  closest atom surface    4.589   H38 160 X    0
  2nd closest surface     4.589   C19 160 X    0
  found on step  944
  this is also current point
  no. of rejections          363
 stored as   -22

 highest radius point found:
  at point   -1.992  -0.111  -4.630
  closest atom surface    4.713   C15 160 X    0
  2nd closest surface     4.715   H38 160 X    0
  found on step  702
 current point:
  at point   -2.000  -0.103  -4.630
  closest atom surface    4.713   H38 160 X    0
  2nd closest surface     4.714   C19 160 X    0
  found on step  979
  no. of rejections          349
 stored as   -23

 highest radius point found:
  at point   -2.005  -0.082  -4.830
  closest atom surface    4.842   H38 160 X    0
  2nd closest surface     4.847   C19 160 X    0
  found on step  771
 current point:
  at point   -1.989  -0.090  -4.830
  closest atom surface    4.841   C15 160 X    0
  2nd closest surface     4.841   H38 160 X    0
  found on step  999
  no. of rejections          351
 stored as   -24

 highest radius point found:
  at point   -2.015  -0.064  -5.030
  closest atom surface    4.976   C15 160 X    0
  2nd closest surface     4.978   H38 160 X    0
  found on step  322
 current point:
  at point   -2.021  -0.061  -5.030
  closest atom surface    4.976   C19 160 X    0
  2nd closest surface     4.978   H38 160 X    0
  found on step  936
  no. of rejections          359
 stored as   -25

 highest radius point found:
  at point   -2.018  -0.044  -5.230
  closest atom surface    5.109   C27 160 X    0
  2nd closest surface     5.110   C15 160 X    0
  found on step  729
 current point:
  at point   -2.005  -0.045  -5.230
  closest atom surface    5.108   C15 160 X    0
  2nd closest surface     5.110   C27 160 X    0
  found on step  949
  no. of rejections          353
 stored as   -26

 highest radius point found:
  at point   -2.040  -0.037  -5.430
  closest atom surface    5.234   C27 160 X    0
  2nd closest surface     5.236   C15 160 X    0
  found on step  382
 current point:
  at point   -2.038  -0.040  -5.430
  closest atom surface    5.234   C15 160 X    0
  2nd closest surface     5.236   C27 160 X    0
  found on step  986
  no. of rejections          373
 stored as   -27

 highest radius point found:
  at point   -2.074  -0.032  -5.630
  closest atom surface    5.364   C27 160 X    0
  2nd closest surface     5.365   C15 160 X    0
  found on step  890
 current point:
  at point   -2.069  -0.032  -5.630
  closest atom surface    5.364   C27 160 X    0
  2nd closest surface     5.365   C15 160 X    0
  found on step  922
  no. of rejections          362
 stored as   -28

 highest radius point found:
  at point   -2.087  -0.028  -5.830
  closest atom surface    5.496   C15 160 X    0
  2nd closest surface     5.496   C27 160 X    0
  found on step  985
  this is also current point
  no. of rejections          346
 stored as   -29

 highest radius point found:
  at point   -2.119  -0.026  -6.030
  closest atom surface    5.629   C15 160 X    0
  2nd closest surface     5.635   C27 160 X    0
  found on step   27
 current point:
  at point   -1.683  -0.038  -6.030
  closest atom surface    5.621   C15 160 X    0
  2nd closest surface     5.622   C27 160 X    0
  found on step  895
  no. of rejections          351
 stored as   -30

 highest radius point found:
  at point   -2.134  -0.015  -6.230
  closest atom surface    5.769   C27 160 X    0
  2nd closest surface     5.771   C15 160 X    0
  found on step  977
  this is also current point
  no. of rejections          341
 stored as   -31

 highest radius point found:
  at point   -2.134  -0.015  -6.430
  closest atom surface    5.908   C15 160 X    0
  2nd closest surface     5.912   C27 160 X    0
  found on step    1
 current point:
  at point   -1.890  -0.021  -6.430
  closest atom surface    5.900   C27 160 X    0
  2nd closest surface     5.901   C15 160 X    0
  found on step  996
  no. of rejections          344
 stored as   -32

 highest radius point found:
  at point   -2.104  -0.008  -6.630
  closest atom surface    6.050   C27 160 X    0
  2nd closest surface     6.051   C15 160 X    0
  found on step  666
 current point:
  at point   -1.787  -0.020  -6.630
  closest atom surface    6.041   C27 160 X    0
  2nd closest surface     6.042   C15 160 X    0
  found on step  895
  no. of rejections          342
 stored as   -33

 highest radius point found:
  at point   -2.218  -0.001  -6.830
  closest atom surface    6.201   C15 160 X    0
  2nd closest surface     6.202   C27 160 X    0
  found on step  700
 current point:
  at point   -2.149   0.001  -6.830
  closest atom surface    6.195   C27 160 X    0
  2nd closest surface     6.200   C15 160 X    0
  found on step  986
  no. of rejections          316
 stored as   -34

 highest radius point found:
  at point   -2.242   0.005  -7.030
  closest atom surface    6.350   C15 160 X    0
  2nd closest surface     6.350   C27 160 X    0
  found on step   61
 current point:
  at point   -2.236   0.008  -7.030
  closest atom surface    6.348   C27 160 X    0
  2nd closest surface     6.352   C15 160 X    0
  found on step  993
  no. of rejections          335
 stored as   -35

 highest radius point found:
  at point   -2.270   0.011  -7.230
  closest atom surface    6.500   C19 160 X    0
  2nd closest surface     6.501   C27 160 X    0
  found on step  968
  this is also current point
  no. of rejections          317
 stored as   -36

 highest radius point found:
  at point   -2.254   0.015  -7.430
  closest atom surface    6.651   C27 160 X    0
  2nd closest surface     6.651   C15 160 X    0
  found on step  437
 current point:
  at point   -2.245   0.016  -7.430
  closest atom surface    6.650   C27 160 X    0
  2nd closest surface     6.651   C15 160 X    0
  found on step  964
  no. of rejections          311
 stored as   -37

 highest radius point found:
  at point   -2.286   0.022  -7.630
  closest atom surface    6.806   C27 160 X    0
  2nd closest surface     6.807   C15 160 X    0
  found on step  678
 current point:
  at point   -1.695  -0.001  -7.630
  closest atom surface    6.788   C15 160 X    0
  2nd closest surface     6.788   C27 160 X    0
  found on step  897
  no. of rejections          332
 stored as   -38

 highest radius point found:
  at point   -2.290   0.025  -7.830
  closest atom surface    6.961   C26 160 X    0
  2nd closest surface     6.961   C15 160 X    0
  found on step  576
 current point:
  at point   -2.328   0.021  -7.830
  closest atom surface    6.961   C15 160 X    0
  2nd closest surface     6.961   C26 160 X    0
  found on step  991
  no. of rejections          318
 stored as   -39

 highest radius point found:
  at point   -2.295   0.026  -8.030
  closest atom surface    7.117   C15 160 X    0
  2nd closest surface     7.117   C26 160 X    0
  found on step  433
 current point:
  at point   -2.313   0.025  -8.030
  closest atom surface    7.116   C26 160 X    0
  2nd closest surface     7.117   C15 160 X    0
  found on step  994
  no. of rejections          311
 stored as   -40

 highest radius point found:
  at point   -2.279   0.031  -8.230
  closest atom surface    7.274   C26 160 X    0
  2nd closest surface     7.274   C15 160 X    0
  found on step  961
  this is also current point
  no. of rejections          318
 stored as   -41

 highest radius point found:
  at point   -2.279   0.031  -8.430
  closest atom surface    7.432   C15 160 X    0
  2nd closest surface     7.434   C26 160 X    0
  found on step    1
 current point:
  at point   -1.670   0.016  -8.430
  closest atom surface    7.419   C15 160 X    0
  2nd closest surface     7.421   C27 160 X    0
  found on step  902
  no. of rejections          330
 stored as   -42

 highest radius point found:
  at point   -2.215   0.041  -8.630
  closest atom surface    7.595   C27 160 X    0
  2nd closest surface     7.595   C26 160 X    0
  found on step  970
  this is also current point
  no. of rejections          292
 stored as   -43

 highest radius point found:
  at point   -2.215   0.041  -8.830
  closest atom surface    7.755   C15 160 X    0
  2nd closest surface     7.758   C26 160 X    0
  found on step    1
 current point:
  at point   -0.760   0.079  -8.830
  closest atom surface    7.746   C14 160 X    0
  2nd closest surface     7.746   C27 160 X    0
  found on step  985
  no. of rejections          310
 stored as   -44

 highest radius point found:
  at point   -2.166   0.052  -9.030
  closest atom surface    7.918   C27 160 X    0
  2nd closest surface     7.920   C26 160 X    0
  found on step  985
  this is also current point
  no. of rejections          302
 stored as   -45

 highest radius point found:
  at point   -2.166   0.052  -9.230
  closest atom surface    8.085   C15 160 X    0
  2nd closest surface     8.087   C26 160 X    0
  found on step    1
 current point:
  at point   -2.195   0.050  -9.230
  closest atom surface    8.085   C15 160 X    0
  2nd closest surface     8.086   C26 160 X    0
  found on step  977
  no. of rejections          305
 stored as   -46

 highest radius point found:
  at point   -2.166   0.052  -9.430
  closest atom surface    8.250   C15 160 X    0
  2nd closest surface     8.251   H18 160 X    0
  found on step    1
 current point:
  at point   -1.447   0.032  -9.430
  closest atom surface    8.247   C15 160 X    0
  2nd closest surface     8.247   C27 160 X    0
  found on step  947
  no. of rejections          295
 stored as   -47

 highest radius point found:
  at point   -2.110   0.060  -9.630
  closest atom surface    8.418   H18 160 X    0
  2nd closest surface     8.419   C27 160 X    0
  found on step  171
 current point:
  at point   -1.386   0.034  -9.630
  closest atom surface    8.417   C14 160 X    0
  2nd closest surface     8.417   C15 160 X    0
  found on step  930
  no. of rejections          302
 stored as   -48

 highest radius point found:
  at point   -2.050   0.064  -9.830
  closest atom surface    8.584   H18 160 X    0
  2nd closest surface     8.586   C27 160 X    0
  found on step  949
  this is also current point
  no. of rejections          297
 stored as   -49

 highest radius point found:
  at point   -1.393   0.046 -10.030
  closest atom surface    8.756   C27 160 X    0
  2nd closest surface     8.758   C15 160 X    0
  found on step  718
 current point:
  at point   -1.835   0.059 -10.030
  closest atom surface    8.752   C15 160 X    0
  2nd closest surface     8.753   C27 160 X    0
  found on step  934
  no. of rejections          274
 stored as   -50

 highest radius point found:
  at point   -1.328   0.049 -10.230
  closest atom surface    8.929   C14 160 X    0
  2nd closest surface     8.929   C27 160 X    0
  found on step  926
  this is also current point
  no. of rejections          280
 stored as   -51

 highest radius point found:
  at point   -1.387   0.053 -10.430
  closest atom surface    9.101   C15 160 X    0
  2nd closest surface     9.101   C27 160 X    0
  found on step  157
 current point:
  at point   -2.038   0.091 -10.430
  closest atom surface    9.094   H18 160 X    0
  2nd closest surface     9.094   C27 160 X    0
  found on step  972
  no. of rejections          301
 stored as   -52

 highest radius point found:
  at point   -1.335   0.056 -10.630
  closest atom surface    9.276   C27 160 X    0
  2nd closest surface     9.277   C15 160 X    0
  found on step  904
  this is also current point
  no. of rejections          291
 stored as   -53

 highest radius point found:
  at point   -1.335   0.056 -10.830
  closest atom surface    9.449   C15 160 X    0
  2nd closest surface     9.450   C14 160 X    0
  found on step    1
 current point:
  at point   -1.930   0.099 -10.830
  closest atom surface    9.438   H18 160 X    0
  2nd closest surface     9.438   C27 160 X    0
  found on step  993
  no. of rejections          278
 stored as   -54

 highest radius point found:
  at point   -1.290   0.071 -11.030
  closest atom surface    9.624   C27 160 X    0
  2nd closest surface     9.629   C14 160 X    0
  found on step  815
 current point:
  at point   -1.362   0.060 -11.030
  closest atom surface    9.623   C15 160 X    0
  2nd closest surface     9.627   C27 160 X    0
  found on step  998
  no. of rejections          286
 stored as   -55

 highest radius point found:
  at point   -1.287   0.070 -11.230
  closest atom surface    9.802   C27 160 X    0
  2nd closest surface     9.803   C14 160 X    0
  found on step  769
 current point:
  at point   -1.241   0.073 -11.230
  closest atom surface    9.802   C14 160 X    0
  2nd closest surface     9.802   C27 160 X    0
  found on step  970
  no. of rejections          282
 stored as   -56

 highest radius point found:
  at point   -1.287   0.070 -11.430
  closest atom surface    9.979   C14 160 X    0
  2nd closest surface     9.979   C15 160 X    0
  found on step    1
 current point:
  at point   -1.883   0.121 -11.430
  closest atom surface    9.961   C27 160 X    0
  2nd closest surface     9.962   H18 160 X    0
  found on step  950
  no. of rejections          285
 stored as   -57

 highest radius point found:
  at point   -1.268   0.077 -11.630
  closest atom surface   10.158   H17 160 X    0
  2nd closest surface    10.158   C14 160 X    0
  found on step  985
  this is also current point
  no. of rejections          273
 stored as   -58

 highest radius point found:
  at point   -1.227   0.092 -11.830
  closest atom surface   10.332   C27 160 X    0
  2nd closest surface    10.335   H17 160 X    0
  found on step  702
 current point:
  at point   -1.110   0.107 -11.830
  closest atom surface   10.330   H17 160 X    0
  2nd closest surface    10.330   C27 160 X    0
  found on step  953
  no. of rejections          269
 stored as   -59

 highest radius point found:
  at point   -1.227   0.092 -12.030
  closest atom surface   10.511   H17 160 X    0
  2nd closest surface    10.513   C27 160 X    0
  found on step    1
 current point:
  at point   -1.381   0.102 -12.030
  closest atom surface   10.506   H18 160 X    0
  2nd closest surface    10.506   C27 160 X    0
  found on step  995
  no. of rejections          272
 stored as   -60

 highest radius point found:
  at point   -1.267   0.102 -12.230
  closest atom surface   10.690   C27 160 X    0
  2nd closest surface    10.691   H18 160 X    0
  found on step   30
 current point:
  at point   -2.871   0.115 -12.230
  closest atom surface   10.648   H18 160 X    0
  2nd closest surface    10.649   C26 160 X    0
  found on step  936
  no. of rejections          283
 stored as   -61

 highest radius point found:
  at point   -1.241   0.107 -12.430
  closest atom surface   10.870   C27 160 X    0
  2nd closest surface    10.871   H18 160 X    0
  found on step  131
 current point:
  at point   -1.051   0.132 -12.430
  closest atom surface   10.866   C27 160 X    0
  2nd closest surface    10.866   H17 160 X    0
  found on step  994
  no. of rejections          284
 stored as   -62

 highest radius point found:
  at point   -1.230   0.114 -12.630
  closest atom surface   11.050   C27 160 X    0
  2nd closest surface    11.051   H18 160 X    0
  found on step   21
 current point:
  at point   -0.722   0.185 -12.630
  closest atom surface   11.042   H39 160 X    0
  2nd closest surface    11.043   H17 160 X    0
  found on step  996
  no. of rejections          229
 stored as   -63

 highest radius point found:
  at point   -1.161   0.127 -12.830
  closest atom surface   11.230   C27 160 X    0
  2nd closest surface    11.230   H17 160 X    0
  found on step   81
 current point:
  at point   -1.206   0.124 -12.830
  closest atom surface   11.230   C27 160 X    0
  2nd closest surface    11.233   H17 160 X    0
  found on step  982
  no. of rejections          258
 stored as   -64

 highest radius point found:
  at point   -1.212   0.128 -13.030
  closest atom surface   11.412   C27 160 X    0
  2nd closest surface    11.412   H18 160 X    0
  found on step    9
 current point:
  at point   -1.728   0.172 -13.030
  closest atom surface   11.392   H18 160 X    0
  2nd closest surface    11.392   C27 160 X    0
  found on step  975
  no. of rejections          255
 stored as   -65

 highest radius point found:
  at point   -1.206   0.132 -13.230
  closest atom surface   11.592   H18 160 X    0
  2nd closest surface    11.594   C27 160 X    0
  found on step  535
 current point:
  at point   -1.295   0.145 -13.230
  closest atom surface   11.588   C27 160 X    0
  2nd closest surface    11.590   H18 160 X    0
  found on step  973
  no. of rejections          254
 stored as   -66

 highest radius point found:
  at point   -1.173   0.140 -13.430
  closest atom surface   11.776   H17 160 X    0
  2nd closest surface    11.777   C27 160 X    0
  found on step  995
  this is also current point
  no. of rejections          269
 stored as   -67

 highest radius point found:
  at point   -1.130   0.153 -13.630
  closest atom surface   11.958   C27 160 X    0
  2nd closest surface    11.959   H17 160 X    0
  found on step  637
 current point:
  at point   -0.948   0.177 -13.630
  closest atom surface   11.954   H17 160 X    0
  2nd closest surface    11.956   C27 160 X    0
  found on step 1000
  no. of rejections          241
 stored as   -68

 highest radius point found:
  at point   -1.172   0.155 -13.830
  closest atom surface   12.142   H18 160 X    0
  2nd closest surface    12.142   C27 160 X    0
  found on step   40
 current point:
  at point   -0.863   0.192 -13.830
  closest atom surface   12.136   H17 160 X    0
  2nd closest surface    12.136   H36 160 X    0
  found on step  919
  no. of rejections          249
 stored as   -69

 highest radius point found:
  at point   -1.139   0.165 -14.030
  closest atom surface   12.325   C27 160 X    0
  2nd closest surface    12.328   H17 160 X    0
  found on step   33
 current point:
  at point    0.866  -0.132 -14.030
  closest atom surface   12.188   H39 160 X    0
  2nd closest surface    12.188   H17 160 X    0
  found on step  973
  no. of rejections          240
 stored as   -70

 highest radius point found:
  at point   -1.132   0.167 -14.230
  closest atom surface   12.511   H17 160 X    0
  2nd closest surface    12.511   C27 160 X    0
  found on step  873
 current point:
  at point   -1.056   0.179 -14.230
  closest atom surface   12.509   C27 160 X    0
  2nd closest surface    12.509   H17 160 X    0
  found on step  992
  no. of rejections          265
 stored as   -71

 highest radius point found:
  at point   -1.114   0.176 -14.430
  closest atom surface   12.695   C27 160 X    0
  2nd closest surface    12.695   H17 160 X    0
  found on step  260
 current point:
  at point   -0.726   0.213 -14.430
  closest atom surface   12.684   H17 160 X    0
  2nd closest surface    12.684   H36 160 X    0
  found on step  930
  no. of rejections          256
 stored as   -72

 highest radius point found:
  at point   -1.059   0.189 -14.630
  closest atom surface   12.878   H36 160 X    0
  2nd closest surface    12.879   C27 160 X    0
  found on step   26
 current point:
  at point   -1.000   0.186 -14.630
  closest atom surface   12.874   H17 160 X    0
  2nd closest surface    12.879   H36 160 X    0
  found on step  997
  no. of rejections          228
 stored as   -73

 highest radius point found:
  at point   -1.102   0.184 -14.830
  closest atom surface   13.065   H18 160 X    0
  2nd closest surface    13.065   H17 160 X    0
  found on step  982
  this is also current point
  no. of rejections          261
 stored as   -74

 highest radius point found:
  at point   -1.095   0.192 -15.030
  closest atom surface   13.251   H36 160 X    0
  2nd closest surface    13.251   H18 160 X    0
  found on step    3
 current point:
  at point   -1.120   0.195 -15.030
  closest atom surface   13.250   H18 160 X    0
  2nd closest surface    13.250   H36 160 X    0
  found on step  955
  no. of rejections          246
 stored as   -75

 highest radius point found:
  at point   -1.098   0.193 -15.230
  closest atom surface   13.434   H18 160 X    0
  2nd closest surface    13.437   H17 160 X    0
  found on step    2
 current point:
  at point   -0.805   0.223 -15.230
  closest atom surface   13.426   H36 160 X    0
  2nd closest surface    13.429   H17 160 X    0
  found on step  998
  no. of rejections          248
 stored as   -76

 highest radius point found:
  at point   -1.038   0.202 -15.430
  closest atom surface   13.621   H17 160 X    0
  2nd closest surface    13.621   H36 160 X    0
  found on step  728
 current point:
  at point   -1.412   0.236 -15.430
  closest atom surface   13.608   H18 160 X    0
  2nd closest surface    13.608   C27 160 X    0
  found on step  996
  no. of rejections          240
 stored as   -77

 highest radius point found:
  at point   -1.027   0.207 -15.630
  closest atom surface   13.807   H36 160 X    0
  2nd closest surface    13.807   H17 160 X    0
  found on step  360
 current point:
  at point   -0.757   0.231 -15.630
  closest atom surface   13.799   H36 160 X    0
  2nd closest surface    13.799   H17 160 X    0
  found on step  948
  no. of rejections          252
 stored as   -78

 highest radius point found:
  at point   -1.045   0.207 -15.830
  closest atom surface   13.994   H17 160 X    0
  2nd closest surface    13.994   H18 160 X    0
  found on step  865
 current point:
  at point   -1.049   0.210 -15.830
  closest atom surface   13.994   H36 160 X    0
  2nd closest surface    13.995   H18 160 X    0
  found on step  969
  no. of rejections          249
 stored as   -79

 highest radius point found:
  at point   -1.045   0.207 -16.030
  closest atom surface   14.179   H18 160 X    0
  2nd closest surface    14.180   H17 160 X    0
  found on step    1
 current point:
  at point   -0.841   0.228 -16.030
  closest atom surface   14.175   H17 160 X    0
  2nd closest surface    14.176   H36 160 X    0
  found on step  985
  no. of rejections          231
 stored as   -80

 highest radius point found:
  at point   -1.026   0.218 -16.230
  closest atom surface   14.368   H36 160 X    0
  2nd closest surface    14.369   H18 160 X    0
  found on step  974
  this is also current point
  no. of rejections          253
 stored as   -81

 highest radius point found:
  at point   -1.000   0.216 -16.430
  closest atom surface   14.554   H17 160 X    0
  2nd closest surface    14.556   H18 160 X    0
  found on step  378
 current point:
  at point   -1.355   0.268 -16.430
  closest atom surface   14.546   H18 160 X    0
  2nd closest surface    14.546   H36 160 X    0
  found on step  987
  no. of rejections          244
 stored as   -82

 highest radius point found:
  at point   -1.000   0.216 -16.630
  closest atom surface   14.741   H18 160 X    0
  2nd closest surface    14.741   H17 160 X    0
  found on step    1
 current point:
  at point   -1.318   0.271 -16.630
  closest atom surface   14.734   H36 160 X    0
  2nd closest surface    14.735   H18 160 X    0
  found on step  987
  no. of rejections          247
 stored as   -83

 highest radius point found:
  at point   -0.990   0.230 -16.830
  closest atom surface   14.931   H36 160 X    0
  2nd closest surface    14.933   H18 160 X    0
  found on step  962
  this is also current point
  no. of rejections          237
 stored as   -84

 highest radius point found:
  at point   -0.986   0.235 -17.030
  closest atom surface   15.119   H36 160 X    0
  2nd closest surface    15.121   H18 160 X    0
  found on step  935
  this is also current point
  no. of rejections          230
 stored as   -85

 highest radius point found:
  at point   -0.979   0.241 -17.230
  closest atom surface   15.308   H36 160 X    0
  2nd closest surface    15.310   H18 160 X    0
  found on step  420
 current point:
  at point   -1.419   0.300 -17.230
  closest atom surface   15.297   H18 160 X    0
  2nd closest surface    15.297   H36 160 X    0
  found on step  974
  no. of rejections          236
 stored as   -86

 highest radius point found:
  at point   -0.979   0.241 -17.430
  closest atom surface   15.496   H18 160 X    0
  2nd closest surface    15.498   H36 160 X    0
  found on step    1
 current point:
  at point   -0.635   0.270 -17.430
  closest atom surface   15.491   H36 160 X    0
  2nd closest surface    15.492   H17 160 X    0
  found on step  998
  no. of rejections          216
 stored as   -87

 highest radius point found:
  at point   -0.938   0.257 -17.630
  closest atom surface   15.683   H36 160 X    0
  2nd closest surface    15.691   H17 160 X    0
  found on step   31
 current point:
  at point   -0.504   0.285 -17.630
  closest atom surface   15.680   H36 160 X    0
  2nd closest surface    15.681   H17 160 X    0
  found on step  984
  no. of rejections          192
 stored as   -88

 highest radius point found:
  at point   -0.925   0.253 -17.830
  closest atom surface   15.875   H36 160 X    0
  2nd closest surface    15.878   H17 160 X    0
  found on step  571
 current point:
  at point   -0.542   0.284 -17.830
  closest atom surface   15.870   H36 160 X    0
  2nd closest surface    15.871   H17 160 X    0
  found on step  975
  no. of rejections          236
 stored as   -89

 highest radius point found:
  at point   -0.925   0.253 -18.030
  closest atom surface   16.066   H36 160 X    0
  2nd closest surface    16.066   H18 160 X    0
  found on step    1
 current point:
  at point   -1.866   0.282 -18.030
  closest atom surface   16.019   H35 160 X    0
  2nd closest surface    16.019   H18 160 X    0
  found on step  994
  no. of rejections          239
 stored as   -90

 highest radius point found:
  at point   -0.925   0.253 -18.230
  closest atom surface   16.254   H18 160 X    0
  2nd closest surface    16.256   H17 160 X    0
  found on step    1
 current point:
  at point   -0.611   0.284 -18.230
  closest atom surface   16.251   H36 160 X    0
  2nd closest surface    16.251   H17 160 X    0
  found on step  961
  no. of rejections          210
 stored as   -91

 highest radius point found:
  at point   -0.904   0.264 -18.430
  closest atom surface   16.446   H36 160 X    0
  2nd closest surface    16.447   H18 160 X    0
  found on step    8
 current point:
  at point   -0.500   0.296 -18.430
  closest atom surface   16.441   H17 160 X    0
  2nd closest surface    16.442   H36 160 X    0
  found on step  896
  no. of rejections          226
 stored as   -92

 highest radius point found:
  at point   -0.904   0.264 -18.630
  closest atom surface   16.635   H18 160 X    0
  2nd closest surface    16.637   H17 160 X    0
  found on step    1
 current point:
  at point   -0.718   0.281 -18.630
  closest atom surface   16.634   H36 160 X    0
  2nd closest surface    16.634   H17 160 X    0
  found on step  922
  no. of rejections          231
 stored as   -93

 highest radius point found:
  at point   -0.880   0.270 -18.830
  closest atom surface   16.828   H36 160 X    0
  2nd closest surface    16.828   H18 160 X    0
  found on step  996
  this is also current point
  no. of rejections          223
 stored as   -94

 highest radius point found:
  at point   -0.838   0.276 -19.030
  closest atom surface   17.018   H17 160 X    0
  2nd closest surface    17.018   H36 160 X    0
  found on step  100
 current point:
  at point    1.456  -0.101 -19.030
  closest atom surface   16.945   H17 160 X    0
  2nd closest surface    16.945   H39 160 X    0
  found on step  989
  no. of rejections          206
 stored as   -95

 highest radius point found:
  at point   -0.833   0.277 -19.230
  closest atom surface   17.208   H17 160 X    0
  2nd closest surface    17.210   H36 160 X    0
  found on step    2
 current point:
  at point   -1.111   0.316 -19.230
  closest atom surface   17.200   H36 160 X    0
  2nd closest surface    17.202   H18 160 X    0
  found on step  994
  no. of rejections          261
 stored as   -96

 highest radius point found:
  at point   -0.833   0.277 -19.430
  closest atom surface   17.399   H17 160 X    0
  2nd closest surface    17.400   H18 160 X    0
  found on step    1
 current point:
  at point   -0.600   0.304 -19.430
  closest atom surface   17.398   H36 160 X    0
  2nd closest surface    17.398   H17 160 X    0
  found on step  944
  no. of rejections          231
 stored as   -97

 highest radius point found:
  at point   -0.830   0.288 -19.630
  closest atom surface   17.592   H36 160 X    0
  2nd closest surface    17.593   H17 160 X    0
  found on step  325
 current point:
  at point   -0.534   0.314 -19.630
  closest atom surface   17.589   H36 160 X    0
  2nd closest surface    17.589   H17 160 X    0
  found on step  968
  no. of rejections          222
 stored as   -98

 highest radius point found:
  at point   -0.818   0.292 -19.830
  closest atom surface   17.784   H36 160 X    0
  2nd closest surface    17.784   H17 160 X    0
  found on step  994
  this is also current point
  no. of rejections          224
 stored as   -99

 highest radius point found:
  at point   -0.796   0.296 -20.030
  closest atom surface   17.976   H36 160 X    0
  2nd closest surface    17.976   H17 160 X    0
  found on step  925
  this is also current point
  no. of rejections          227
 stored as  -100

 highest radius point found:
  at point   -0.815   0.301 -20.230
  closest atom surface   18.167   H36 160 X    0
  2nd closest surface    18.168   H18 160 X    0
  found on step  861
 current point:
  at point   -0.872   0.308 -20.230
  closest atom surface   18.165   H18 160 X    0
  2nd closest surface    18.165   H36 160 X    0
  found on step  998
  no. of rejections          231
 stored as  -101

 highest radius point found:
  at point   -0.801   0.306 -20.430
  closest atom surface   18.359   H36 160 X    0
  2nd closest surface    18.360   H18 160 X    0
  found on step  825
 current point:
  at point   -0.459   0.332 -20.430
  closest atom surface   18.358   H36 160 X    0
  2nd closest surface    18.358   H17 160 X    0
  found on step  961
  no. of rejections          223
 stored as  -102

 highest radius point found:
  at point   -0.680   0.316 -20.630
  closest atom surface   18.551   H36 160 X    0
  2nd closest surface    18.551   H17 160 X    0
  found on step   19
 current point:
  at point   -0.374   0.343 -20.630
  closest atom surface   18.550   H36 160 X    0
  2nd closest surface    18.550   H17 160 X    0
  found on step  942
  no. of rejections          226
 stored as  -103

 highest radius point found:
  at point   -0.764   0.308 -20.830
  closest atom surface   18.744   H17 160 X    0
  2nd closest surface    18.744   H18 160 X    0
  found on step  418
 current point:
  at point   -0.349   0.349 -20.830
  closest atom surface   18.743   H36 160 X    0
  2nd closest surface    18.743   H17 160 X    0
  found on step  911
  no. of rejections          222
 stored as  -104

 highest radius point found:
  at point   -0.757   0.319 -21.030
  closest atom surface   18.937   H36 160 X    0
  2nd closest surface    18.939   H18 160 X    0
  found on step  778
 current point:
  at point   -0.750   0.320 -21.030
  closest atom surface   18.936   H36 160 X    0
  2nd closest surface    18.939   H17 160 X    0
  found on step  964
  no. of rejections          226
 stored as  -105

 highest radius point found:
  at point   -0.726   0.320 -21.230
  closest atom surface   19.130   H17 160 X    0
  2nd closest surface    19.130   H36 160 X    0
  found on step   24
 current point:
  at point   -0.380   0.352 -21.230
  closest atom surface   19.129   H36 160 X    0
  2nd closest surface    19.129   H17 160 X    0
  found on step 1000
  no. of rejections          231
 stored as  -106

 highest radius point found:
  at point   -0.237   0.367 -21.430
  closest atom surface   19.323   H39 160 X    0
  2nd closest surface    19.323   H36 160 X    0
  found on step  937
  this is also current point
  no. of rejections          216
 stored as  -107

 highest radius point found:
  at point   -0.237   0.367 -21.630
  closest atom surface   19.516   H17 160 X    0
  2nd closest surface    19.517   H36 160 X    0
  found on step    1
 current point:
  at point    0.906   0.113 -21.630
  closest atom surface   19.466   H17 160 X    0
  2nd closest surface    19.466   H39 160 X    0
  found on step  980
  no. of rejections          190
 stored as  -108

 highest radius point found:
  at point   -0.358   0.363 -21.830
  closest atom surface   19.709   H36 160 X    0
  2nd closest surface    19.709   H17 160 X    0
  found on step   70
 current point:
  at point   -0.191   0.372 -21.830
  closest atom surface   19.708   H39 160 X    0
  2nd closest surface    19.709   H17 160 X    0
  found on step  999
  no. of rejections          194
 stored as  -109

 highest radius point found:
  at point   -0.211   0.379 -22.030
  closest atom surface   19.904   H36 160 X    0
  2nd closest surface    19.904   H17 160 X    0
  found on step  951
  this is also current point
  no. of rejections          223
 stored as  -110

 highest radius point found:
  at point    2.861  -0.314 -22.230
  closest atom surface   20.115   H39 160 X    0
  2nd closest surface    20.115   H17 160 X    0
  found on step  968
  this is also current point
  no. of rejections          198
 stored as  -111

 highest radius point found:
  at point    2.852  -0.304 -22.430
  closest atom surface   20.308   H39 160 X    0
  2nd closest surface    20.309   H4  160 X    0
  found on step  961
  this is also current point
  no. of rejections          198
 stored as  -112

 highest radius point found:
  at point    2.842  -0.297 -22.630
  closest atom surface   20.502   H17 160 X    0
  2nd closest surface    20.502   H39 160 X    0
  found on step  957
  this is also current point
  no. of rejections          219
 stored as  -113

 highest radius point found:
  at point    2.826  -0.286 -22.830
  closest atom surface   20.695   H17 160 X    0
  2nd closest surface    20.695   H39 160 X    0
  found on step  998
  this is also current point
  no. of rejections          207
 stored as  -114

 highest radius point found:
  at point    2.826  -0.286 -23.030
  closest atom surface   20.888   H17 160 X    0
  2nd closest surface    20.888   H4  160 X    0
  found on step    1
 current point:
  at point    3.115  -0.689 -23.030
  closest atom surface   20.836   H4  160 X    0
  2nd closest surface    20.840   H17 160 X    0
  found on step  995
  no. of rejections          185
 stored as  -115

 highest radius point found:
  at point    2.775  -0.263 -23.230
  closest atom surface   21.080   H17 160 X    0
  2nd closest surface    21.081   H39 160 X    0
  found on step    5
 current point:
  at point    2.564  -0.212 -23.230
  closest atom surface   21.066   H39 160 X    0
  2nd closest surface    21.066   H17 160 X    0
  found on step  976
  no. of rejections          180
 stored as  -116

 highest radius point found:
  at point    2.802  -0.263 -23.430
  closest atom surface   21.277   H17 160 X    0
  2nd closest surface    21.277   H4  160 X    0
  found on step  933
  this is also current point
  no. of rejections          215
 stored as  -117

 highest radius point found:
  at point    2.791  -0.253 -23.630
  closest atom surface   21.471   H4  160 X    0
  2nd closest surface    21.471   H17 160 X    0
  found on step  863
 current point:
  at point    2.781  -0.249 -23.630
  closest atom surface   21.471   H39 160 X    0
  2nd closest surface    21.471   H17 160 X    0
  found on step  958
  no. of rejections          221
 stored as  -118

 highest radius point found:
  at point    2.766  -0.240 -23.830
  closest atom surface   21.665   H17 160 X    0
  2nd closest surface    21.665   H39 160 X    0
  found on step  984
  this is also current point
  no. of rejections          234
 stored as  -119

 highest radius point found:
  at point    2.769  -0.232 -24.030
  closest atom surface   21.860   H4  160 X    0
  2nd closest surface    21.860   H39 160 X    0
  found on step  986
  this is also current point
  no. of rejections          206
 stored as  -120

 highest radius point found:
  at point    2.756  -0.224 -24.230
  closest atom surface   22.054   H17 160 X    0
  2nd closest surface    22.055   H39 160 X    0
  found on step 1000
  this is also current point
  no. of rejections          196
 This is an end! (radius above  22.0 angs)
 
 N.b. Graph information routine (HOGRAP) differs 
        markedly from previous versions!
       Information now is written from -ve end
       to +ve in one pass
 
 Explanation of the meaning of each column: 
 First column "cenxyz.cvec" is the coordinate in the
   direction of the channel vector i.e. if the channel
   vector is in z (0 0 1) then it is the z coordinate.
 The second column "radius" is the hole pore radius 
   (as defined in the Biophys J 1993) article).
 The third column "cen_line_D" is the distance 
   measured along the pore centre line - with the 
   first point found set to zero. This was the first
   thing that I used to measure the distance along a pore
   but "cenxyz.cvec" is a much better general measure. 
   However, by comparing changes in this distance to changes in '   "cenxyz.cvec" one can get a measure of how straight a 
   channel is.
 The fourth column "sum{s/(area)}" is useful in conductance
   prediction -
   basically it is the sum of the thickness of each slab
   divided by its area. HOLE uses this measure to estimate
   the macroscopic conductance of a channel.
 If any of this worries you one can see the "raw" results
   of a standard hole run by producing a sphpdb file and 
    directly looking at the results.
 cenxyz.cvec      radius  cen_line_D sum{s/(area point sourc
   -24.03028    21.85998   -28.17821     0.00007   (sampled)
   -23.93028    21.76254   -28.07812     0.00013 (mid-point)
   -23.83028    21.66469   -27.97802     0.00020   (sampled)
   -23.73028    21.56801   -27.87703     0.00027 (mid-point)
   -23.63028    21.47130   -27.77603     0.00034   (sampled)
   -23.53028    21.37413   -27.67575     0.00041 (mid-point)
   -23.43028    21.27691   -27.57546     0.00048   (sampled)
   -23.33028    21.17857   -27.47456     0.00055 (mid-point)
   -23.23028    21.08026   -27.37367     0.00062   (sampled)
   -23.13028    20.98425   -27.26975     0.00069 (mid-point)
   -23.03028    20.88832   -27.16583     0.00077   (sampled)
   -22.93028    20.79175   -27.06583     0.00084 (mid-point)
   -22.83028    20.69521   -26.96583     0.00091   (sampled)
   -22.73028    20.59856   -26.86538     0.00099 (mid-point)
   -22.63028    20.50195   -26.76493     0.00107   (sampled)
   -22.53028    20.40508   -26.66474     0.00114 (mid-point)
   -22.43028    20.30815   -26.56455     0.00122   (sampled)
   -22.33028    20.21144   -26.46434     0.00130 (mid-point)
   -22.23028    20.11476   -26.36413     0.00138   (sampled)
   -22.13028    19.95018   -24.78652     0.00146 (mid-point)
   -22.03028    19.90360   -23.20890     0.00154   (sampled)
   -21.93028    19.80601   -23.08464     0.00162 (mid-point)
   -21.83028    19.70870   -22.96039     0.00170   (sampled)
   -21.73028    19.61209   -22.84360     0.00178 (mid-point)
   -21.63028    19.51560   -22.72682     0.00187   (sampled)
   -21.53028    19.41939   -22.62682     0.00195 (mid-point)
   -21.43028    19.32314   -22.52682     0.00204   (sampled)
   -21.33028    19.22510   -22.26180     0.00212 (mid-point)
   -21.23028    19.13000   -21.99678     0.00221   (sampled)
   -21.13028    19.03347   -21.89558     0.00230 (mid-point)
   -21.03028    18.93663   -21.79437     0.00239   (sampled)
   -20.93028    18.84112   -21.69416     0.00247 (mid-point)
   -20.83028    18.74413   -21.59395     0.00257   (sampled)
   -20.73028    18.64769   -21.48540     0.00266 (mid-point)
   -20.63028    18.55107   -21.37684     0.00275   (sampled)
   -20.53028    18.45497   -21.25990     0.00284 (mid-point)
   -20.43028    18.35909   -21.14297     0.00294   (sampled)
   -20.33028    18.26309   -21.04269     0.00303 (mid-point)
   -20.23028    18.16713   -20.94240     0.00313   (sampled)
   -20.13028    18.07133   -20.84191     0.00323 (mid-point)
   -20.03028    17.97557   -20.74141     0.00333   (sampled)
   -19.93028    17.87966   -20.64080     0.00342 (mid-point)
   -19.83028    17.78379   -20.54018     0.00353   (sampled)
   -19.73028    17.68793   -20.43996     0.00363 (mid-point)
   -19.63028    17.59210   -20.33974     0.00373   (sampled)
   -19.53028    17.49587   -20.23959     0.00383 (mid-point)
   -19.43028    17.39900   -20.13944     0.00394   (sampled)
   -19.33028    17.30369   -20.03944     0.00405 (mid-point)
   -19.23028    17.20842   -19.93944     0.00415   (sampled)
   -19.13028    17.11312   -19.83940     0.00426 (mid-point)
   -19.03028    17.01787   -19.73936     0.00437   (sampled)
   -18.93028    16.92290   -19.63724     0.00448 (mid-point)
   -18.83028    16.82760   -19.53511     0.00459   (sampled)
   -18.73028    16.73163   -19.43433     0.00471 (mid-point)
   -18.63028    16.63539   -19.33355     0.00482   (sampled)
   -18.53028    16.54130   -19.23355     0.00494 (mid-point)
   -18.43028    16.44595   -19.13355     0.00506   (sampled)
   -18.33028    16.35066   -19.03287     0.00518 (mid-point)
   -18.23028    16.25410   -18.93220     0.00530   (sampled)
   -18.13028    16.16025   -18.83220     0.00542 (mid-point)
   -18.03028    16.06639   -18.73220     0.00554   (sampled)
   -17.93028    15.97087   -18.63220     0.00567 (mid-point)
   -17.83028    15.87540   -18.53220     0.00579   (sampled)
   -17.73028    15.77939   -18.43197     0.00592 (mid-point)
   -17.63028    15.68343   -18.33173     0.00605   (sampled)
   -17.53028    15.59066   -18.22929     0.00618 (mid-point)
   -17.43028    15.49610   -18.12685     0.00631   (sampled)
   -17.33028    15.40279   -18.02685     0.00645 (mid-point)
   -17.23028    15.30771   -17.92685     0.00658   (sampled)
   -17.13028    15.21357   -17.82674     0.00672 (mid-point)
   -17.03028    15.11949   -17.72663     0.00686   (sampled)
   -16.93028    15.02537   -17.62658     0.00700 (mid-point)
   -16.83028    14.93133   -17.52653     0.00714   (sampled)
   -16.73028    14.83675   -17.42617     0.00729 (mid-point)
   -16.63028    14.74102   -17.32581     0.00744   (sampled)
   -16.53028    14.64743   -17.22581     0.00758 (mid-point)
   -16.43028    14.55390   -17.12581     0.00773   (sampled)
   -16.33028    14.46154   -17.02497     0.00789 (mid-point)
   -16.23028    14.36792   -16.92413     0.00804   (sampled)
   -16.13028    14.27371   -16.82355     0.00820 (mid-point)
   -16.03028    14.17864   -16.72297     0.00836   (sampled)
   -15.93028    14.08645   -16.62297     0.00852 (mid-point)
   -15.83028    13.99429   -16.52297     0.00868   (sampled)
   -15.73028    13.90058   -16.42258     0.00884 (mid-point)
   -15.63028    13.80665   -16.32219     0.00901   (sampled)
   -15.53028    13.71363   -16.22202     0.00918 (mid-point)
   -15.43028    13.62067   -16.12185     0.00935   (sampled)
   -15.33028    13.52871   -16.01734     0.00952 (mid-point)
   -15.23028    13.43363   -15.91282     0.00970   (sampled)
   -15.13028    13.34208   -15.81281     0.00988 (mid-point)
   -15.03028    13.25062   -15.71280     0.01006   (sampled)
   -14.93028    13.15754   -15.61266     0.01025 (mid-point)
   -14.83028    13.06454   -15.51252     0.01043   (sampled)
   -14.73028    12.97212   -15.41018     0.01062 (mid-point)
   -14.63028    12.87841   -15.30785     0.01081   (sampled)
   -14.53028    12.78689   -15.20383     0.01101 (mid-point)
   -14.43028    12.69493   -15.09982     0.01121   (sampled)
   -14.33028    12.60280   -14.99935     0.01141 (mid-point)
   -14.23028    12.51057   -14.89888     0.01161   (sampled)
   -14.13028    12.41790   -14.79881     0.01182 (mid-point)
   -14.03028    12.32513   -14.69874     0.01202   (sampled)
   -13.93028    12.23342   -14.59726     0.01224 (mid-point)
   -13.83028    12.14177   -14.49579     0.01245   (sampled)
   -13.73028    12.04996   -14.39361     0.01267 (mid-point)
   -13.63028    11.95823   -14.29143     0.01290   (sampled)
   -13.53028    11.86741   -14.18892     0.01312 (mid-point)
   -13.43028    11.77644   -14.08641     0.01335   (sampled)
   -13.33028    11.68471   -13.98502     0.01358 (mid-point)
   -13.23028    11.59236   -13.88364     0.01382   (sampled)
   -13.13028    11.50214   -13.78356     0.01406 (mid-point)
   -13.03028    11.41190   -13.68348     0.01431   (sampled)
   -12.93028    11.32082   -13.58020     0.01455 (mid-point)
   -12.83028    11.22992   -13.47692     0.01481   (sampled)
   -12.73028    11.13987   -13.37093     0.01506 (mid-point)
   -12.63028    11.05007   -13.26493     0.01532   (sampled)
   -12.53028    10.96000   -13.16470     0.01559 (mid-point)
   -12.43028    10.87009   -13.06448     0.01586   (sampled)
   -12.33028    10.77982   -12.96358     0.01613 (mid-point)
   -12.23028    10.68971   -12.86268     0.01641   (sampled)
   -12.13028    10.60137   -12.76058     0.01669 (mid-point)
   -12.03028    10.51094   -12.65848     0.01698   (sampled)
   -11.93028    10.42276   -12.55848     0.01727 (mid-point)
   -11.83028    10.33244   -12.45848     0.01757   (sampled)
   -11.73028    10.24504   -12.35617     0.01788 (mid-point)
   -11.63028    10.15760   -12.25385     0.01818   (sampled)
   -11.53028    10.06828   -12.15335     0.01850 (mid-point)
   -11.43028     9.97902   -12.05285     0.01882   (sampled)
   -11.33028     9.89100   -11.95285     0.01914 (mid-point)
   -11.23028     9.80238   -11.85285     0.01948   (sampled)
   -11.13028     9.71313   -11.75284     0.01981 (mid-point)
   -11.03028     9.62406   -11.65283     0.02016   (sampled)
   -10.93028     9.53825   -11.55005     0.02051 (mid-point)
   -10.83028     9.44867   -11.44728     0.02086   (sampled)
   -10.73028     9.36255   -11.34728     0.02123 (mid-point)
   -10.63028     9.27626   -11.24728     0.02160   (sampled)
   -10.53028     9.18868   -11.14390     0.02197 (mid-point)
   -10.43028     9.10123   -11.04052     0.02236   (sampled)
   -10.33028     9.01513   -10.93625     0.02275 (mid-point)
   -10.23028     8.92884   -10.83198     0.02315   (sampled)
   -10.13028     8.84240   -10.72685     0.02356 (mid-point)
   -10.03028     8.75591   -10.62172     0.02397   (sampled)
    -9.93028     8.66567   -10.27822     0.02439 (mid-point)
    -9.83028     8.58437    -9.93472     0.02483   (sampled)
    -9.73028     8.50094    -9.83023     0.02527 (mid-point)
    -9.63028     8.41793    -9.72575     0.02572   (sampled)
    -9.53028     8.33403    -9.62183     0.02617 (mid-point)
    -9.43028     8.25002    -9.51792     0.02664   (sampled)
    -9.33028     8.16758    -9.41792     0.02712 (mid-point)
    -9.23028     8.08545    -9.31792     0.02761   (sampled)
    -9.13028     8.00235    -9.21792     0.02810 (mid-point)
    -9.03028     7.91831    -9.11792     0.02861   (sampled)
    -8.93028     7.83855    -9.01485     0.02913 (mid-point)
    -8.83028     7.75528    -8.91179     0.02966   (sampled)
    -8.73028     7.67485    -8.81179     0.03020 (mid-point)
    -8.63028     7.59477    -8.71179     0.03075   (sampled)
    -8.53028     7.51309    -8.60664     0.03131 (mid-point)
    -8.43028     7.43186    -8.50148     0.03189   (sampled)
    -8.33028     7.35295    -8.40148     0.03248 (mid-point)
    -8.23028     7.27388    -8.30148     0.03308   (sampled)
    -8.13028     7.19510    -8.20116     0.03370 (mid-point)
    -8.03028     7.11650    -8.10083     0.03432   (sampled)
    -7.93028     7.03860    -8.00080     0.03497 (mid-point)
    -7.83028     6.96089    -7.90077     0.03562   (sampled)
    -7.73028     6.88368    -7.80074     0.03630 (mid-point)
    -7.63028     6.80562    -7.70071     0.03698   (sampled)
    -7.53028     6.72802    -7.59932     0.03769 (mid-point)
    -7.43028     6.65091    -7.49793     0.03841   (sampled)
    -7.33028     6.57550    -7.39757     0.03914 (mid-point)
    -7.23028     6.50021    -7.29721     0.03989   (sampled)
    -7.13028     6.42506    -7.19621     0.04067 (mid-point)
    -7.03028     6.34979    -7.09520     0.04146   (sampled)
    -6.93028     6.27510    -6.99444     0.04226 (mid-point)
    -6.83028     6.20099    -6.89369     0.04309   (sampled)
    -6.73028     6.12533    -6.77850     0.04394 (mid-point)
    -6.63028     6.05013    -6.66332     0.04481   (sampled)
    -6.53028     5.97875    -6.56216     0.04570 (mid-point)
    -6.43028     5.90751    -6.46100     0.04661   (sampled)
    -6.33028     5.83898    -6.36100     0.04755 (mid-point)
    -6.23028     5.76863    -6.26100     0.04850   (sampled)
    -6.13028     5.69964    -6.16055     0.04948 (mid-point)
    -6.03028     5.62881    -6.06011     0.05049   (sampled)
    -5.93028     5.56215    -5.95885     0.05152 (mid-point)
    -5.83028     5.49629    -5.85759     0.05257   (sampled)
    -5.73028     5.42974    -5.75734     0.05365 (mid-point)
    -5.63028     5.36395    -5.65709     0.05476   (sampled)
    -5.53028     5.29869    -5.55566     0.05589 (mid-point)
    -5.43028     5.23428    -5.45424     0.05705   (sampled)
    -5.33028     5.17142    -5.35356     0.05824 (mid-point)
    -5.23028     5.10944    -5.25289     0.05946   (sampled)
    -5.13028     5.04267    -5.15238     0.06071 (mid-point)
    -5.03028     4.97634    -5.05188     0.06200   (sampled)
    -4.93028     4.90929    -4.95135     0.06332 (mid-point)
    -4.83028     4.84157    -4.85081     0.06468   (sampled)
    -4.73028     4.77775    -4.74951     0.06607 (mid-point)
    -4.63028     4.71292    -4.64822     0.06750   (sampled)
    -4.53028     4.65128    -4.54773     0.06898 (mid-point)
    -4.43028     4.58862    -4.44725     0.07049   (sampled)
    -4.33028     4.52749    -4.34616     0.07204 (mid-point)
    -4.23028     4.46743    -4.24507     0.07363   (sampled)
    -4.13028     4.40881    -4.14442     0.07527 (mid-point)
    -4.03028     4.35070    -4.04377     0.07695   (sampled)
    -3.93028     4.29422    -3.94299     0.07868 (mid-point)
    -3.83028     4.23887    -3.84221     0.08045   (sampled)
    -3.73028     4.18467    -3.74144     0.08227 (mid-point)
    -3.63028     4.13166    -3.64068     0.08413   (sampled)
    -3.53028     4.08002    -3.53984     0.08605 (mid-point)
    -3.43028     4.02893    -3.43900     0.08801   (sampled)
    -3.33028     3.97921    -3.33684     0.09002 (mid-point)
    -3.23028     3.92986    -3.23468     0.09208   (sampled)
    -3.13028     3.88064    -3.13160     0.09419 (mid-point)
    -3.03028     3.83312    -3.02851     0.09636   (sampled)
    -2.93028     3.78847    -2.92634     0.09858 (mid-point)
    -2.83028     3.74561    -2.82418     0.10085   (sampled)
    -2.73028     3.70441    -2.72235     0.10316 (mid-point)
    -2.63028     3.66507    -2.62053     0.10553   (sampled)
    -2.53028     3.62581    -2.51862     0.10796 (mid-point)
    -2.43028     3.58849    -2.41672     0.11043   (sampled)
    -2.33028     3.55364    -2.31542     0.11295 (mid-point)
    -2.23028     3.52074    -2.21412     0.11552   (sampled)
    -2.13028     3.48851    -2.11294     0.11813 (mid-point)
    -2.03028     3.45829    -2.01176     0.12079   (sampled)
    -1.93028     3.42652    -1.91052     0.12350 (mid-point)
    -1.83028     3.39471    -1.80927     0.12627   (sampled)
    -1.73028     3.36524    -1.70820     0.12908 (mid-point)
    -1.63028     3.33758    -1.60713     0.13193   (sampled)
    -1.53028     3.31280    -1.50570     0.13484 (mid-point)
    -1.43028     3.28874    -1.40426     0.13778   (sampled)
    -1.33028     3.26811    -1.30321     0.14076 (mid-point)
    -1.23028     3.24783    -1.20217     0.14378   (sampled)
    -1.13028     3.22846    -1.10195     0.14683 (mid-point)
    -1.03028     3.20877    -1.00172     0.14992   (sampled)
    -0.93028     3.19099    -0.90157     0.15305 (mid-point)
    -0.83028     3.17419    -0.80142     0.15621   (sampled)
    -0.73028     3.15941    -0.70136     0.15940 (mid-point)
    -0.63028     3.14644    -0.60130     0.16261   (sampled)
    -0.53028     3.13667    -0.50100     0.16585 (mid-point)
    -0.43028     3.12851    -0.40070     0.16910   (sampled)
    -0.33028     3.12268    -0.30062     0.17236 (mid-point)
    -0.23028     3.11846    -0.20054     0.17564   (sampled)
    -0.13028     3.11701    -0.10027     0.17891 (mid-point)
    -0.03028     3.11758    -0.00000     0.18219   (sampled)
     0.06972     3.12089     0.10026     0.18546 (mid-point)
     0.16972     3.12598     0.20051     0.18871   (sampled)
     0.26972     3.13357     0.30087     0.19195 (mid-point)
     0.36972     3.14299     0.40122     0.19518   (sampled)
     0.46972     3.15332     0.50181     0.19838 (mid-point)
     0.56972     3.16562     0.60241     0.20155   (sampled)
     0.66972     3.17629     0.70244     0.20471 (mid-point)
     0.76972     3.18870     0.80246     0.20784   (sampled)
     0.86972     3.20270     0.90716     0.21094 (mid-point)
     0.96972     3.21926     1.01185     0.21401   (sampled)
     1.06972     3.23792     1.12001     0.21705 (mid-point)
     1.16972     3.25925     1.22817     0.22005   (sampled)
     1.26972     3.28177     1.32817     0.22300 (mid-point)
     1.36972     3.30615     1.42817     0.22591   (sampled)
     1.46972     3.33372     1.53303     0.22878 (mid-point)
     1.56972     3.36330     1.63790     0.23159   (sampled)
     1.66972     3.39560     1.74799     0.23435 (mid-point)
     1.76972     3.42996     1.85808     0.23706   (sampled)
     1.86972     3.46577     1.96252     0.23971 (mid-point)
     1.96972     3.50334     2.06696     0.24230   (sampled)
     2.06972     3.54246     2.16872     0.24484 (mid-point)
     2.16972     3.58316     2.27047     0.24732   (sampled)
     2.26972     3.62631     2.37356     0.24974 (mid-point)
     2.36972     3.67105     2.47666     0.25210   (sampled)
     2.46972     3.71808     2.58400     0.25440 (mid-point)
     2.56972     3.76621     2.69134     0.25665   (sampled)
     2.66972     3.80952     2.79684     0.25884 (mid-point)
     2.76972     3.85034     2.90235     0.26099   (sampled)
     2.86972     3.89331     3.00605     0.26309 (mid-point)
     2.96972     3.93746     3.10974     0.26514   (sampled)
     3.06972     3.97773     3.21474     0.26715 (mid-point)
     3.16972     4.01901     3.31975     0.26912   (sampled)
     3.26972     4.06555     3.42431     0.27105 (mid-point)
     3.36972     4.11356     3.52888     0.27293   (sampled)
     3.46972     4.16167     3.63422     0.27477 (mid-point)
     3.56972     4.21108     3.73956     0.27656   (sampled)
     3.66972     4.26082     3.84220     0.27832 (mid-point)
     3.76972     4.30846     3.94484     0.28003   (sampled)
     3.86972     4.35048     4.04996     0.28171 (mid-point)
     3.96972     4.39399     4.15507     0.28336   (sampled)
     4.06972     4.43832     4.25710     0.28498 (mid-point)
     4.16972     4.48339     4.35914     0.28656   (sampled)
     4.26972     4.53091     4.46282     0.28811 (mid-point)
     4.36972     4.57974     4.56650     0.28963   (sampled)
     4.46972     4.63000     4.67078     0.29111 (mid-point)
     4.56972     4.68153     4.77506     0.29257   (sampled)
     4.66972     4.73227     4.87917     0.29399 (mid-point)
     4.76972     4.78392     4.98327     0.29538   (sampled)
     4.86972     4.83718     5.08996     0.29674 (mid-point)
     4.96972     4.89171     5.19664     0.29807   (sampled)
     5.06972     4.94730     5.30450     0.29937 (mid-point)
     5.16972     5.00415     5.41236     0.30064   (sampled)
     5.26972     5.06270     5.51812     0.30188 (mid-point)
     5.36972     5.12163     5.62388     0.30310   (sampled)
     5.46972     5.17821     5.72815     0.30428 (mid-point)
     5.56972     5.23560     5.83242     0.30544   (sampled)
     5.66972     5.30244     5.94139     0.30658 (mid-point)
     5.76972     5.36887     6.05036     0.30768   (sampled)
     5.86972     5.43291     6.15777     0.30876 (mid-point)
     5.96972     5.49767     6.26518     0.30981   (sampled)
     6.06972     5.56447     6.36816     0.31084 (mid-point)
     6.16972     5.63064     6.47114     0.31185   (sampled)
     6.26972     5.69764     6.57391     0.31283 (mid-point)
     6.36972     5.76444     6.67667     0.31378   (sampled)
     6.46972     5.83188     6.77703     0.31472 (mid-point)
     6.56972     5.89873     6.87738     0.31563   (sampled)
     6.66972     5.96810     6.97857     0.31653 (mid-point)
     6.76972     6.03692     7.07976     0.31740   (sampled)
     6.86972     6.10675     7.18034     0.31825 (mid-point)
     6.96972     6.17723     7.28091     0.31909   (sampled)
     7.06972     6.24843     7.38281     0.31990 (mid-point)
     7.16972     6.31967     7.48471     0.32070   (sampled)
     7.26972     6.39312     7.58512     0.32148 (mid-point)
     7.36972     6.46553     7.68554     0.32224   (sampled)
     7.46972     6.54013     7.78695     0.32299 (mid-point)
     7.56972     6.61390     7.88837     0.32371   (sampled)
     7.66972     6.68958     7.98971     0.32442 (mid-point)
     7.76972     6.76374     8.09106     0.32512   (sampled)
     7.86972     6.83990     8.19140     0.32580 (mid-point)
     7.96972     6.91595     8.29173     0.32647   (sampled)
     8.06972     6.99328     8.39321     0.32712 (mid-point)
     8.16972     7.07109     8.49470     0.32775   (sampled)
     8.26972     7.14942     8.59600     0.32838 (mid-point)
     8.36972     7.22777     8.69729     0.32899   (sampled)
     8.46972     7.30659     8.79849     0.32958 (mid-point)
     8.56972     7.38541     8.89968     0.33017   (sampled)
     8.66972     7.46465     9.00009     0.33074 (mid-point)
     8.76972     7.54430     9.10050     0.33130   (sampled)
     8.86972     7.62509     9.20287     0.33184 (mid-point)
     8.96972     7.70628     9.30523     0.33238   (sampled)
     9.06972     7.78755     9.40567     0.33290 (mid-point)
     9.16972     7.86910     9.50611     0.33342   (sampled)
     9.26972     7.95154     9.60809     0.33392 (mid-point)
     9.36972     8.03428     9.71006     0.33442   (sampled)
     9.46972     8.11715     9.81126     0.33490 (mid-point)
     9.56972     8.20036     9.91246     0.33537   (sampled)
     9.66972     8.28389    10.01376     0.33584 (mid-point)
     9.76972     8.36742    10.11506     0.33629   (sampled)
     9.86972     8.45168    10.21621     0.33674 (mid-point)
     9.96972     8.53626    10.31737     0.33717   (sampled)
    10.06972     8.62067    10.41868     0.33760 (mid-point)
    10.16972     8.70496    10.51999     0.33802   (sampled)
    10.26972     8.79102    10.62119     0.33843 (mid-point)
    10.36972     8.87685    10.72238     0.33884   (sampled)
    10.46972     8.96198    10.82383     0.33923 (mid-point)
    10.56972     9.04729    10.92528     0.33962   (sampled)
    10.66972     9.13436    11.02623     0.34000 (mid-point)
    10.76972     9.22166    11.12718     0.34038   (sampled)
    10.86972     9.30863    11.22882     0.34075 (mid-point)
    10.96972     9.39527    11.33046     0.34111   (sampled)
    11.06972     9.48286    11.43171     0.34146 (mid-point)
    11.16972     9.57014    11.53295     0.34181   (sampled)
    11.26972     9.65794    11.63454     0.34215 (mid-point)
    11.36972     9.74546    11.73613     0.34248   (sampled)
    11.46972     9.83399    11.83737     0.34281 (mid-point)
    11.56972     9.92242    11.93860     0.34314   (sampled)
    11.66972    10.01146    12.03931     0.34345 (mid-point)
    11.76972    10.10068    12.14003     0.34377   (sampled)
    11.86972    10.18966    12.24244     0.34407 (mid-point)
    11.96972    10.27841    12.34486     0.34437   (sampled)
    12.06972    10.36839    12.44570     0.34467 (mid-point)
    12.16972    10.45835    12.54654     0.34496   (sampled)
    12.26972    10.54848    12.64821     0.34525 (mid-point)
    12.36972    10.63877    12.74988     0.34553   (sampled)
    12.46972    10.72906    12.85116     0.34580 (mid-point)
    12.56972    10.81949    12.95245     0.34608   (sampled)
    12.66972    10.91020    13.05390     0.34634 (mid-point)
    12.76972    11.00062    13.15536     0.34661   (sampled)
    12.86972    11.09171    13.25681     0.34687 (mid-point)
    12.96972    11.18224    13.35825     0.34712   (sampled)
    13.06972    11.27358    13.45915     0.34737 (mid-point)
    13.16972    11.36505    13.56006     0.34762   (sampled)
    13.26972    11.45677    13.66222     0.34786 (mid-point)
    13.36972    11.54817    13.76438     0.34810   (sampled)
    13.46972    11.64037    13.86556     0.34833 (mid-point)
    13.56972    11.73235    13.96675     0.34856   (sampled)
    13.66972    11.82434    14.06852     0.34879 (mid-point)
    13.76972    11.91613    14.17028     0.34902   (sampled)
    13.86972    12.00877    14.27152     0.34924 (mid-point)
    13.96972    12.10155    14.37277     0.34945   (sampled)
    14.06972    12.19382    14.47363     0.34967 (mid-point)
    14.16972    12.28593    14.57449     0.34988   (sampled)
    14.26972    12.37944    14.67672     0.35009 (mid-point)
    14.36972    12.47257    14.77896     0.35029   (sampled)
    14.46972    12.56581    14.88030     0.35049 (mid-point)
    14.56972    12.65894    14.98164     0.35069   (sampled)
    14.66972    12.75240    15.08318     0.35089 (mid-point)
    14.76972    12.84575    15.18472     0.35108   (sampled)
    14.86972    12.93910    15.28633     0.35127 (mid-point)
    14.96972    13.03256    15.38795     0.35146   (sampled)
    15.06972    13.12624    15.48952     0.35164 (mid-point)
    15.16972    13.22004    15.59109     0.35182   (sampled)
    15.26972    13.31453    15.69216     0.35200 (mid-point)
    15.36972    13.40871    15.79323     0.35218   (sampled)
    15.46972    13.50298    15.89490     0.35236 (mid-point)
    15.56972    13.59705    15.99657     0.35253   (sampled)
    15.66972    13.69147    16.09798     0.35270 (mid-point)
    15.76972    13.78598    16.19939     0.35287   (sampled)
    15.86972    13.88052    16.30073     0.35303 (mid-point)
    15.96972    13.97497    16.40207     0.35319   (sampled)
    16.06972    14.06923    16.50316     0.35335 (mid-point)
    16.16972    14.16359    16.60426     0.35351   (sampled)
    16.26972    14.25857    16.70650     0.35367 (mid-point)
    16.36972    14.35331    16.80874     0.35382   (sampled)
    16.46972    14.44901    16.91013     0.35398 (mid-point)
    16.56972    14.54439    17.01151     0.35413   (sampled)
    16.66972    14.63940    17.11285     0.35428 (mid-point)
    16.76972    14.73448    17.21419     0.35442   (sampled)
    16.86972    14.82996    17.31660     0.35457 (mid-point)
    16.96972    14.92457    17.41900     0.35471   (sampled)
    17.06972    15.02050    17.52010     0.35485 (mid-point)
    17.16972    15.11552    17.62120     0.35499   (sampled)
    17.26972    15.21162    17.72326     0.35513 (mid-point)
    17.36972    15.30676    17.82531     0.35526   (sampled)
    17.46972    15.40185    17.92722     0.35540 (mid-point)
    17.56972    15.49702    18.02912     0.35553   (sampled)
    17.66972    15.59271    18.13194     0.35566 (mid-point)
    17.76972    15.68769    18.23477     0.35579   (sampled)
    17.86972    15.78334    18.33683     0.35592 (mid-point)
    17.96972    15.87906    18.43890     0.35604   (sampled)
    18.06972    15.97473    18.54110     0.35617 (mid-point)
    18.16972    16.07048    18.64330     0.35629   (sampled)
    18.26972    16.16668    18.74499     0.35641 (mid-point)
    18.36972    16.26270    18.84669     0.35653   (sampled)
    18.46972    16.35868    18.94857     0.35665 (mid-point)
    18.56972    16.45457    19.05045     0.35677   (sampled)
    18.66972    16.55017    19.15507     0.35689 (mid-point)
    18.76972    16.64505    19.25968     0.35700   (sampled)
    18.86972    16.74234    19.36058     0.35712 (mid-point)
    18.96972    16.83931    19.46148     0.35723   (sampled)
    19.06972    16.93597    19.56355     0.35734 (mid-point)
    19.16972    17.03266    19.66562     0.35745   (sampled)
    19.26972    17.12885    19.76833     0.35756 (mid-point)
    19.36972    17.22511    19.87103     0.35766   (sampled)
    19.46972    17.32166    19.97345     0.35777 (mid-point)
    19.56972    17.41827    20.07588     0.35788   (sampled)
    19.66972    17.51519    20.17778     0.35798 (mid-point)
    19.76972    17.61216    20.27968     0.35808   (sampled)
    19.86972    17.70928    20.38145     0.35818 (mid-point)
    19.96972    17.80625    20.48323     0.35828   (sampled)
    20.06972    17.90320    20.58585     0.35838 (mid-point)
    20.16972    18.00003    20.68847     0.35848   (sampled)
    20.26972    18.09729    20.79034     0.35858 (mid-point)
    20.36972    18.19459    20.89220     0.35868   (sampled)
    20.46972    18.29164    20.99463     0.35877 (mid-point)
    20.56972    18.38876    21.09707     0.35886   (sampled)
    20.66972    18.48595    21.19942     0.35896 (mid-point)
    20.76972    18.58321    21.30178     0.35905   (sampled)
    20.86972    18.68007    21.40457     0.35914 (mid-point)
    20.96972    18.77699    21.50735     0.35923   (sampled)
    21.06972    18.87451    21.61071     0.35932 (mid-point)
    21.16972    18.97159    21.71407     0.35941   (sampled)
    21.26972    19.06900    21.81671     0.35950 (mid-point)
    21.36972    19.16645    21.91935     0.35958   (sampled)
    21.46972    19.26423    22.02135     0.35967 (mid-point)
    21.56972    19.36204    22.12336     0.35975   (sampled)
    21.66972    19.45961    22.22608     0.35984 (mid-point)
    21.76972    19.55723    22.32879     0.35992   (sampled)
    21.86972    19.65468    22.43212     0.36000 (mid-point)
    21.96972    19.75219    22.53545     0.36009   (sampled)
    22.06972    19.85016    22.63764     0.36017 (mid-point)
    22.16972    19.94816    22.73983     0.36025   (sampled)
    22.26972    20.04478    22.84760     0.36033 (mid-point)
    22.36972    20.14151    22.95537     0.36040   (sampled)
    22.46972    20.24059    23.05608     0.36048 (mid-point)
    22.56972    20.33969    23.15679     0.36056   (sampled)
    22.66972    20.43785    23.25914     0.36063 (mid-point)
    22.76972    20.53606    23.36150     0.36071   (sampled)
    22.86972    20.63416    23.46432     0.36078 (mid-point)
    22.96972    20.73215    23.56713     0.36086   (sampled)
    23.06972    20.83010    23.67163     0.36093 (mid-point)
    23.16972    20.92795    23.77613     0.36100   (sampled)
    23.26972    21.02678    23.87737     0.36108 (mid-point)
    23.36972    21.12562    23.97860     0.36115   (sampled)
    23.46972    21.22299    24.08642     0.36122 (mid-point)
    23.56972    21.32046    24.19425     0.36129   (sampled)
    23.66972    21.41967    24.29515     0.36136 (mid-point)
    23.76972    21.51889    24.39606     0.36143   (sampled)
    23.86972    21.61698    24.50136     0.36149 (mid-point)
    23.96972    21.71513    24.60666     0.36156   (sampled)
    24.06972    21.81406    24.70856     0.36163 (mid-point)
    24.16972    21.91302    24.81045     0.36170   (sampled)

 Minimum radius found:      3.117 angstroms.



 For spherical probe approach, The geometric factor
         F= sum(ds/area) along channel is    0.362 angstroms**-1
 This yields a macroscopic predicted molar conductance of:
   (1/rho)*(100/F)= (280/rho) pS,
   where rho is the conductivity of 1M permeant ion in ohm m.
 N.B. this is a macroscopic conductance - an overestimate 
 Empirically corrected conductances currently only available
 With the CAPSULE option (although its not that stable!)
 For 1M KCl rho= 1/12 (ohm m), So Gmacro= 3300 pS/M.
  (TAG      1   Rmin=     3.11701   Gmacro=  3317.70675 Conn_Gmacro=    -1.00000 ).
 HOLE: normal completion
