 *** Program HOLE ***
 
 If results of this run are reported or published, please
 cite the publication listed below.
 For the HOLE program:
   Smart, O.S., Goodfellow, J.M., Wallace, B.A. (1993). 
   The pore dimensions of gramicidin A. 
   Biophys. J., 65, 2455-2460.
 
 Originally written by Oliver Smart at Birkbeck College from April 1992.
 Copyright 1993-2005 Oliver Smart
 Copyright 2014-2015 SmartSci Limited.
 Copyright 2016 Oliver Smart.
 
 For help on HOLE suite see  http://www.holeprogram.org/
 
 HOLE release 2.2.005 (07 August 2016) 
 
 usage subject to Apache License, Version 2.0 
 see http://www.apache.org/licenses/LICENSE-2.0 

 Control variables read:

! Input file for Oliver Smart's HOLE program
! written by MDAnalysis.analysis.hole2.HoleAnalysis
! for a Universe
! u = mda.Universe(host_76.mol2
!    host_76.mol2
!   )
! Frame 0

COORD  /tmp/tmp864a0hkj.pdb
RADIUS simple2.rad
SPHPDB hole000.sph
SAMPLE 0.200000
ENDRAD 22.000000
IGNORE SOL WAT TIP HOH K   NA  CL
SHORTO 0
RASEED 31415
CPOINT 0.8515301188 -0.0083614595 -0.0097108418


 WARNING have not found a CVECT record - will try to guess
 Input pdb filename read as:    '/tmp/tmp864a0hkj.pdb'
 Input vdW radius file read as: 'simple2.rad'
 point in channel:    0.852  -0.008  -0.010
 channel vector:   ************************
 sampling distance between planes:    0.200

 graphics conditions:
 binary plot output file name: NONE
 Dot density:    10
 Draw dots?           T
 Draw close contacts? F
 Draw centre line?    T
 Produce spikes rather than dots? F
 Seed for random number generator:     31415 (0 means value set by program)
 Radius above which a result is regarded as an 'end':  22.000
 Pdb format file for sphere centres: hole000.sph

 Monte Carlo conditions:
  no of steps:  1000
  maximum displacement   0.100 angs
  'kT' initial   0.100 angs
 The spherebox and capsule options are turned off.
 (No molqpt card so will not write qpt file of the molecule)
 IGNORE card read so will ignore residue types: SOL WAT TIP HOH K   NA  CL
 no SHORTO card read so will produce full textual output
 As no PEGRAT card was found will not produce PEG polymer exclusion graph
 (No 2DMAPS card specified so will not produce 2D property maps)
 Have not found a CUT card.  Normal calculation using
   Cutoff lists with a cutsize=       1.000
   (if you wish to turn off option use a CUT -1 card)

 Have read     7 bond radius records and
              16 vdW radius records.
 From file: simple2.rad

 Have read    83 atom records.
 From file: /tmp/tmp864a0hkj.pdb
 Will not produce graphical output

 Have opened file for pdb format output of sphere centres:  hole000.sph

  Seed integer used by ran # generator on this run      31415

 
 S/R cguess will try to guess CPOINT and/or CVECT
 
 THESE GUESSES MAY WELL BE WRONG!!!!
 Routine relies on having a reasonably symmetric
 channel oriented along x, y or z vector
 YOU ARE STRONGLY ADVISED TO CHECK THE RESULTS
                       WITH MOLECULAR GRAPHICS
 testing points from cpoint in X, Y then Z direction
   point                   pore radius
direction     1
  -4.148  -0.008  -0.010    -0.892
  -3.148  -0.008  -0.010    -0.292
  -2.148  -0.008  -0.010     0.422
  -1.148  -0.008  -0.010     1.275
  -0.148  -0.008  -0.010     1.361
   0.852  -0.008  -0.010     1.269
   1.852  -0.008  -0.010     1.593
   2.852  -0.008  -0.010     1.819
   3.852  -0.008  -0.010     0.904
   4.852  -0.008  -0.010     0.119
   5.852  -0.008  -0.010    -0.483
 Average pore radius along the line=      0.645
direction     2
   0.852  -5.008  -0.010    -1.288
   0.852  -4.008  -0.010    -1.298
   0.852  -3.008  -0.010    -0.684
   0.852  -2.008  -0.010     0.251
   0.852  -1.008  -0.010     1.227
   0.852  -0.008  -0.010     1.269
   0.852   0.992  -0.010     0.305
   0.852   1.992  -0.010    -0.493
   0.852   2.992  -0.010    -1.007
   0.852   3.992  -0.010    -1.272
   0.852   4.992  -0.010    -0.827
 Average pore radius along the line=     -0.347
direction     3
   0.852  -0.008  -5.010     3.914
   0.852  -0.008  -4.010     3.125
   0.852  -0.008  -3.010     2.425
   0.852  -0.008  -2.010     1.782
   0.852  -0.008  -1.010     1.333
   0.852  -0.008  -0.010     1.269
   0.852  -0.008   0.990     1.619
   0.852  -0.008   1.990     2.140
   0.852  -0.008   2.990     2.731
   0.852  -0.008   3.990     3.372
   0.852  -0.008   4.990     4.103
 Average pore radius along the line=      2.529
 Best direction is found to be     3
(1=X,2=Y,3=Z)
 s/r cguess has produced initial values for cpoint &/or cvect:
CPOINT       0.8515     -0.0084     -0.0097
CVECT        0.0000      0.0000      1.0000
 THESE GUESSES MAY WELL BE WRONG!!!!
 Routine relies on having a reasonably symmetric
 channel oriented along x, y or z vector
 YOU ARE STRONGLY ADVISED TO CHECK THE RESULTS
                       WITH MOLECULAR GRAPHICS
 
 
  Some routines (e.g. conn) need vectors normal to cvect: 
     EAST Zero degrees angle is along vector    1.000   0.000   0.000
     NORTH  90 degrees angle is along vector    0.000  -1.000   0.000
 highest radius point found:
  at point    2.328  -0.472  -0.010
  closest atom surface    2.231   H3  76  X    0
  2nd closest surface     2.233   H28 76  X    0
  found on step  942
  this is also current point
  no. of rejections          391
 stored as     0

 highest radius point found:
  at point    2.325  -0.467   0.190
  closest atom surface    2.254   C6  76  X    0
  2nd closest surface     2.255   H28 76  X    0
  found on step  799
 current point:
  at point    2.325  -0.463   0.190
  closest atom surface    2.252   H28 76  X    0
  2nd closest surface     2.257   C6  76  X    0
  found on step  976
  no. of rejections          389
 stored as     1

 highest radius point found:
  at point    2.313  -0.455   0.390
  closest atom surface    2.279   C1  76  X    0
  2nd closest surface     2.279   H28 76  X    0
  found on step  985
  this is also current point
  no. of rejections          414
 stored as     2

 highest radius point found:
  at point    2.286  -0.448   0.590
  closest atom surface    2.311   H28 76  X    0
  2nd closest surface     2.311   C6  76  X    0
  found on step  749
 current point:
  at point    2.295  -0.440   0.590
  closest atom surface    2.309   H28 76  X    0
  2nd closest surface     2.315   C1  76  X    0
  found on step  999
  no. of rejections          383
 stored as     3

 highest radius point found:
  at point    2.275  -0.433   0.790
  closest atom surface    2.357   H28 76  X    0
  2nd closest surface     2.360   C1  76  X    0
  found on step  659
 current point:
  at point    2.277  -0.442   0.790
  closest atom surface    2.355   C6  76  X    0
  2nd closest surface     2.356   H10 76  X    0
  found on step  935
  no. of rejections          401
 stored as     4

 highest radius point found:
  at point    2.276  -0.393   0.990
  closest atom surface    2.398   H10 76  X    0
  2nd closest surface     2.400   H28 76  X    0
  found on step  965
  this is also current point
  no. of rejections          402
 stored as     5

 highest radius point found:
  at point    2.277  -0.346   1.190
  closest atom surface    2.449   H10 76  X    0
  2nd closest surface     2.450   H28 76  X    0
  found on step  977
  this is also current point
  no. of rejections          383
 stored as     6

 highest radius point found:
  at point    2.282  -0.298   1.390
  closest atom surface    2.510   C1  76  X    0
  2nd closest surface     2.512   H10 76  X    0
  found on step  947
  this is also current point
  no. of rejections          365
 stored as     7

 highest radius point found:
  at point    2.276  -0.255   1.590
  closest atom surface    2.584   H10 76  X    0
  2nd closest surface     2.584   H28 76  X    0
  found on step  986
  this is also current point
  no. of rejections          365
 stored as     8

 highest radius point found:
  at point    2.271  -0.213   1.790
  closest atom surface    2.664   H10 76  X    0
  2nd closest surface     2.666   H28 76  X    0
  found on step  986
  this is also current point
  no. of rejections          375
 stored as     9

 highest radius point found:
  at point    2.271  -0.168   1.990
  closest atom surface    2.752   C1  76  X    0
  2nd closest surface     2.754   C20 76  X    0
  found on step  871
 current point:
  at point    2.273  -0.164   1.990
  closest atom surface    2.751   C20 76  X    0
  2nd closest surface     2.752   C1  76  X    0
  found on step  922
  no. of rejections          388
 stored as    10

 highest radius point found:
  at point    2.275  -0.140   2.190
  closest atom surface    2.837   C20 76  X    0
  2nd closest surface     2.838   C1  76  X    0
  found on step  683
 current point:
  at point    2.262  -0.148   2.190
  closest atom surface    2.835   H10 76  X    0
  2nd closest surface     2.836   C20 76  X    0
  found on step  953
  no. of rejections          378
 stored as    11

 highest radius point found:
  at point    2.275  -0.116   2.390
  closest atom surface    2.928   C20 76  X    0
  2nd closest surface     2.929   H10 76  X    0
  found on step  973
  this is also current point
  no. of rejections          390
 stored as    12

 highest radius point found:
  at point    2.275  -0.097   2.590
  closest atom surface    3.020   H31 76  X    0
  2nd closest surface     3.022   H10 76  X    0
  found on step  933
  this is also current point
  no. of rejections          387
 stored as    13

 highest radius point found:
  at point    2.038  -0.171   2.790
  closest atom surface    3.098   H10 76  X    0
  2nd closest surface     3.100   H31 76  X    0
  found on step  991
  this is also current point
  no. of rejections          393
 stored as    14

 highest radius point found:
  at point    1.909  -0.215   2.990
  closest atom surface    3.189   H10 76  X    0
  2nd closest surface     3.189   H31 76  X    0
  found on step  662
 current point:
  at point    1.874  -0.225   2.990
  closest atom surface    3.188   H14 76  X    0
  2nd closest surface     3.191   H10 76  X    0
  found on step  985
  no. of rejections          360
 stored as    15

 highest radius point found:
  at point    1.829  -0.245   3.190
  closest atom surface    3.283   H14 76  X    0
  2nd closest surface     3.284   H31 76  X    0
  found on step  988
  this is also current point
  no. of rejections          350
 stored as    16

 highest radius point found:
  at point    1.798  -0.267   3.390
  closest atom surface    3.385   H10 76  X    0
  2nd closest surface     3.386   H31 76  X    0
  found on step  999
  this is also current point
  no. of rejections          359
 stored as    17

 highest radius point found:
  at point    1.760  -0.289   3.590
  closest atom surface    3.493   H10 76  X    0
  2nd closest surface     3.494   H31 76  X    0
  found on step  994
  this is also current point
  no. of rejections          372
 stored as    18

 highest radius point found:
  at point    1.712  -0.315   3.790
  closest atom surface    3.607   H10 76  X    0
  2nd closest surface     3.610   H31 76  X    0
  found on step  645
 current point:
  at point    2.128  -0.210   3.790
  closest atom surface    3.577   H31 76  X    0
  2nd closest surface     3.578   H10 76  X    0
  found on step  933
  no. of rejections          353
 stored as    19

 highest radius point found:
  at point    1.660  -0.338   3.990
  closest atom surface    3.730   H31 76  X    0
  2nd closest surface     3.730   H14 76  X    0
  found on step  763
 current point:
  at point    1.662  -0.337   3.990
  closest atom surface    3.729   H31 76  X    0
  2nd closest surface     3.731   H14 76  X    0
  found on step  904
  no. of rejections          370
 stored as    20

 highest radius point found:
  at point    1.613  -0.362   4.190
  closest atom surface    3.855   H14 76  X    0
  2nd closest surface     3.857   H31 76  X    0
  found on step  986
  this is also current point
  no. of rejections          335
 stored as    21

 highest radius point found:
  at point    1.582  -0.385   4.390
  closest atom surface    3.988   H10 76  X    0
  2nd closest surface     3.989   H31 76  X    0
  found on step  710
 current point:
  at point    1.573  -0.384   4.390
  closest atom surface    3.988   H31 76  X    0
  2nd closest surface     3.989   H14 76  X    0
  found on step  978
  no. of rejections          307
 stored as    22

 highest radius point found:
  at point    1.526  -0.406   4.590
  closest atom surface    4.125   H31 76  X    0
  2nd closest surface     4.126   H14 76  X    0
  found on step  968
  this is also current point
  no. of rejections          328
 stored as    23

 highest radius point found:
  at point    1.493  -0.432   4.790
  closest atom surface    4.267   H10 76  X    0
  2nd closest surface     4.268   H14 76  X    0
  found on step  456
 current point:
  at point    1.498  -0.430   4.790
  closest atom surface    4.267   H10 76  X    0
  2nd closest surface     4.267   H31 76  X    0
  found on step 1000
  no. of rejections          345
 stored as    24

 highest radius point found:
  at point    1.445  -0.455   4.990
  closest atom surface    4.413   H14 76  X    0
  2nd closest surface     4.413   H31 76  X    0
  found on step  902
  this is also current point
  no. of rejections          342
 stored as    25

 highest radius point found:
  at point    1.410  -0.477   5.190
  closest atom surface    4.562   H10 76  X    0
  2nd closest surface     4.562   H31 76  X    0
  found on step  604
 current point:
  at point    1.416  -0.476   5.190
  closest atom surface    4.561   H10 76  X    0
  2nd closest surface     4.561   H31 76  X    0
  found on step  979
  no. of rejections          314
 stored as    26

 highest radius point found:
  at point    1.363  -0.501   5.390
  closest atom surface    4.716   H31 76  X    0
  2nd closest surface     4.716   H10 76  X    0
  found on step  991
  this is also current point
  no. of rejections          341
 stored as    27

 highest radius point found:
  at point    1.256  -0.514   5.590
  closest atom surface    4.865   H31 76  X    0
  2nd closest surface     4.867   H14 76  X    0
  found on step   28
 current point:
  at point    2.243  -0.296   5.590
  closest atom surface    4.789   H10 76  X    0
  2nd closest surface     4.789   H31 76  X    0
  found on step  952
  no. of rejections          329
 stored as    28

 highest radius point found:
  at point    1.275  -0.547   5.790
  closest atom surface    5.031   H31 76  X    0
  2nd closest surface     5.032   H14 76  X    0
  found on step  788
 current point:
  at point    1.262  -0.550   5.790
  closest atom surface    5.028   H14 76  X    0
  2nd closest surface     5.033   H31 76  X    0
  found on step  956
  no. of rejections          320
 stored as    29

 highest radius point found:
  at point    1.234  -0.574   5.990
  closest atom surface    5.192   H10 76  X    0
  2nd closest surface     5.193   H14 76  X    0
  found on step  214
 current point:
  at point    1.226  -0.574   5.990
  closest atom surface    5.191   H14 76  X    0
  2nd closest surface     5.194   H10 76  X    0
  found on step  971
  no. of rejections          304
 stored as    30

 highest radius point found:
  at point    1.209  -0.590   6.190
  closest atom surface    5.354   H20 76  X    0
  2nd closest surface     5.354   H10 76  X    0
  found on step  988
  this is also current point
  no. of rejections          304
 stored as    31

 highest radius point found:
  at point    1.223  -0.598   6.390
  closest atom surface    5.510   H31 76  X    0
  2nd closest surface     5.511   H20 76  X    0
  found on step  606
 current point:
  at point    1.226  -0.601   6.390
  closest atom surface    5.509   H10 76  X    0
  2nd closest surface     5.511   H20 76  X    0
  found on step  992
  no. of rejections          307
 stored as    32

 highest radius point found:
  at point    1.223  -0.598   6.590
  closest atom surface    5.663   H31 76  X    0
  2nd closest surface     5.665   H20 76  X    0
  found on step    1
 current point:
  at point    1.439  -0.558   6.590
  closest atom surface    5.638   H31 76  X    0
  2nd closest surface     5.639   H10 76  X    0
  found on step  980
  no. of rejections          300
 stored as    33

 highest radius point found:
  at point    1.255  -0.617   6.790
  closest atom surface    5.830   H10 76  X    0
  2nd closest surface     5.830   H31 76  X    0
  found on step  983
  this is also current point
  no. of rejections          311
 stored as    34

 highest radius point found:
  at point    1.271  -0.626   6.990
  closest atom surface    5.992   H10 76  X    0
  2nd closest surface     5.994   H31 76  X    0
  found on step  992
  this is also current point
  no. of rejections          282
 stored as    35

 highest radius point found:
  at point    1.279  -0.633   7.190
  closest atom surface    6.157   H31 76  X    0
  2nd closest surface     6.158   H13 76  X    0
  found on step  881
 current point:
  at point    1.282  -0.634   7.190
  closest atom surface    6.157   H13 76  X    0
  2nd closest surface     6.158   H31 76  X    0
  found on step  988
  no. of rejections          302
 stored as    36

 highest radius point found:
  at point    1.324  -0.633   7.390
  closest atom surface    6.319   H13 76  X    0
  2nd closest surface     6.319   H31 76  X    0
  found on step  958
  this is also current point
  no. of rejections          289
 stored as    37

 highest radius point found:
  at point    1.303  -0.634   7.590
  closest atom surface    6.482   H13 76  X    0
  2nd closest surface     6.483   H31 76  X    0
  found on step  925
  this is also current point
  no. of rejections          299
 stored as    38

 highest radius point found:
  at point    1.298  -0.634   7.790
  closest atom surface    6.648   H31 76  X    0
  2nd closest surface     6.648   H13 76  X    0
  found on step  978
  this is also current point
  no. of rejections          256
 stored as    39

 highest radius point found:
  at point    1.482  -0.631   7.990
  closest atom surface    6.815   H31 76  X    0
  2nd closest surface     6.815   H13 76  X    0
  found on step  967
  this is also current point
  no. of rejections          310
 stored as    40

 highest radius point found:
  at point    1.524  -0.631   8.190
  closest atom surface    6.984   H13 76  X    0
  2nd closest surface     6.985   H31 76  X    0
  found on step  827
 current point:
  at point    1.565  -0.628   8.190
  closest atom surface    6.984   H31 76  X    0
  2nd closest surface     6.985   H10 76  X    0
  found on step  925
  no. of rejections          273
 stored as    41

 highest radius point found:
  at point    1.524  -0.631   8.390
  closest atom surface    7.154   H31 76  X    0
  2nd closest surface     7.154   H13 76  X    0
  found on step    1
 current point:
  at point    1.527  -0.631   8.390
  closest atom surface    7.154   H13 76  X    0
  2nd closest surface     7.155   H31 76  X    0
  found on step  962
  no. of rejections          279
 stored as    42

 highest radius point found:
  at point    1.664  -0.626   8.590
  closest atom surface    7.328   H31 76  X    0
  2nd closest surface     7.330   H10 76  X    0
  found on step  526
 current point:
  at point    1.574  -0.628   8.590
  closest atom surface    7.325   H31 76  X    0
  2nd closest surface     7.328   H13 76  X    0
  found on step  993
  no. of rejections          281
 stored as    43

 highest radius point found:
  at point    1.721  -0.631   8.790
  closest atom surface    7.502   H10 76  X    0
  2nd closest surface     7.503   H13 76  X    0
  found on step  195
 current point:
  at point    1.707  -0.631   8.790
  closest atom surface    7.502   H13 76  X    0
  2nd closest surface     7.504   H31 76  X    0
  found on step  989
  no. of rejections          292
 stored as    44

 highest radius point found:
  at point    1.721  -0.631   8.990
  closest atom surface    7.677   H13 76  X    0
  2nd closest surface     7.678   H31 76  X    0
  found on step    1
 current point:
  at point    1.701  -0.630   8.990
  closest atom surface    7.676   H13 76  X    0
  2nd closest surface     7.677   H31 76  X    0
  found on step  976
  no. of rejections          279
 stored as    45

 highest radius point found:
  at point    1.726  -0.629   9.190
  closest atom surface    7.852   H31 76  X    0
  2nd closest surface     7.852   H13 76  X    0
  found on step  834
 current point:
  at point    1.521  -0.632   9.190
  closest atom surface    7.846   H31 76  X    0
  2nd closest surface     7.847   H13 76  X    0
  found on step  978
  no. of rejections          300
 stored as    46

 highest radius point found:
  at point    1.795  -0.627   9.390
  closest atom surface    8.030   H31 76  X    0
  2nd closest surface     8.030   C4  76  X    0
  found on step  214
 current point:
  at point    1.380  -0.635   9.390
  closest atom surface    8.021   H31 76  X    0
  2nd closest surface     8.021   H13 76  X    0
  found on step  965
  no. of rejections          272
 stored as    47

 highest radius point found:
  at point    1.798  -0.629   9.590
  closest atom surface    8.207   H13 76  X    0
  2nd closest surface     8.208   H31 76  X    0
  found on step  195
 current point:
  at point    1.495  -0.634   9.590
  closest atom surface    8.199   H13 76  X    0
  2nd closest surface     8.199   H31 76  X    0
  found on step  916
  no. of rejections          264
 stored as    48

 highest radius point found:
  at point    1.799  -0.629   9.790
  closest atom surface    8.385   H13 76  X    0
  2nd closest surface     8.385   H31 76  X    0
  found on step  951
  this is also current point
  no. of rejections          271
 stored as    49

 highest radius point found:
  at point    1.799  -0.629   9.990
  closest atom surface    8.564   H31 76  X    0
  2nd closest surface     8.564   H13 76  X    0
  found on step    1
 current point:
  at point    1.496  -0.634   9.990
  closest atom surface    8.555   H31 76  X    0
  2nd closest surface     8.555   H13 76  X    0
  found on step  910
  no. of rejections          257
 stored as    50

 highest radius point found:
  at point    1.846  -0.631  10.190
  closest atom surface    8.745   H13 76  X    0
  2nd closest surface     8.746   H31 76  X    0
  found on step  870
 current point:
  at point    1.876  -0.623  10.190
  closest atom surface    8.744   C4  76  X    0
  2nd closest surface     8.745   H31 76  X    0
  found on step  959
  no. of rejections          275
 stored as    51

 highest radius point found:
  at point    1.884  -0.624  10.390
  closest atom surface    8.925   H31 76  X    0
  2nd closest surface     8.926   C4  76  X    0
  found on step  816
 current point:
  at point    1.906  -0.621  10.390
  closest atom surface    8.924   C4  76  X    0
  2nd closest surface     8.926   H31 76  X    0
  found on step  923
  no. of rejections          261
 stored as    52

 highest radius point found:
  at point    1.889  -0.627  10.590
  closest atom surface    9.107   H31 76  X    0
  2nd closest surface     9.108   C4  76  X    0
  found on step  957
  this is also current point
  no. of rejections          242
 stored as    53

 highest radius point found:
  at point    1.886  -0.631  10.790
  closest atom surface    9.289   H13 76  X    0
  2nd closest surface     9.290   H31 76  X    0
  found on step  735
 current point:
  at point    1.289  -0.639  10.790
  closest atom surface    9.277   H13 76  X    0
  2nd closest surface     9.277   H31 76  X    0
  found on step  946
  no. of rejections          263
 stored as    54

 highest radius point found:
  at point    1.886  -0.631  10.990
  closest atom surface    9.471   H13 76  X    0
  2nd closest surface     9.472   H31 76  X    0
  found on step    1
 current point:
  at point    1.267  -0.639  10.990
  closest atom surface    9.460   H31 76  X    0
  2nd closest surface     9.460   H13 76  X    0
  found on step  991
  no. of rejections          246
 stored as    55

 highest radius point found:
  at point    1.906  -0.627  11.190
  closest atom surface    9.655   H31 76  X    0
  2nd closest surface     9.656   H13 76  X    0
  found on step  984
  this is also current point
  no. of rejections          263
 stored as    56

 highest radius point found:
  at point    1.932  -0.629  11.390
  closest atom surface    9.840   H31 76  X    0
  2nd closest surface     9.840   H13 76  X    0
  found on step  950
  this is also current point
  no. of rejections          255
 stored as    57

 highest radius point found:
  at point    1.974  -0.625  11.590
  closest atom surface   10.025   C4  76  X    0
  2nd closest surface    10.025   H31 76  X    0
  found on step  458
 current point:
  at point    2.017  -0.615  11.590
  closest atom surface   10.022   C4  76  X    0
  2nd closest surface    10.024   H31 76  X    0
  found on step  996
  no. of rejections          250
 stored as    58

 highest radius point found:
  at point    1.963  -0.629  11.790
  closest atom surface   10.210   H31 76  X    0
  2nd closest surface    10.210   H13 76  X    0
  found on step  950
  this is also current point
  no. of rejections          270
 stored as    59

 highest radius point found:
  at point    1.963  -0.629  11.990
  closest atom surface   10.395   H31 76  X    0
  2nd closest surface    10.396   H13 76  X    0
  found on step    1
 current point:
  at point    2.071  -0.607  11.990
  closest atom surface   10.393   H6  76  X    0
  2nd closest surface    10.393   C4  76  X    0
  found on step  974
  no. of rejections          214
 stored as    60

 highest radius point found:
  at point    2.003  -0.632  12.190
  closest atom surface   10.581   C4  76  X    0
  2nd closest surface    10.582   H13 76  X    0
  found on step  615
 current point:
  at point    1.796  -0.636  12.190
  closest atom surface   10.572   H13 76  X    0
  2nd closest surface    10.575   H31 76  X    0
  found on step  993
  no. of rejections          230
 stored as    61

 highest radius point found:
  at point    2.014  -0.630  12.390
  closest atom surface   10.769   C4  76  X    0
  2nd closest surface    10.769   H13 76  X    0
  found on step  946
  this is also current point
  no. of rejections          237
 stored as    62

 highest radius point found:
  at point    2.028  -0.628  12.590
  closest atom surface   10.956   H31 76  X    0
  2nd closest surface    10.956   C4  76  X    0
  found on step  974
  this is also current point
  no. of rejections          223
 stored as    63

 highest radius point found:
  at point    2.028  -0.628  12.790
  closest atom surface   11.143   H31 76  X    0
  2nd closest surface    11.144   H13 76  X    0
  found on step    1
 current point:
  at point    1.262  -0.641  12.790
  closest atom surface   11.126   H31 76  X    0
  2nd closest surface    11.127   H13 76  X    0
  found on step  991
  no. of rejections          237
 stored as    64

 highest radius point found:
  at point    2.028  -0.628  12.990
  closest atom surface   11.330   H31 76  X    0
  2nd closest surface    11.331   H13 76  X    0
  found on step    1
 current point:
  at point    1.246  -0.644  12.990
  closest atom surface   11.313   H13 76  X    0
  2nd closest surface    11.314   H31 76  X    0
  found on step  925
  no. of rejections          251
 stored as    65

 highest radius point found:
  at point    2.028  -0.628  13.190
  closest atom surface   11.517   H31 76  X    0
  2nd closest surface    11.519   H13 76  X    0
  found on step    1
 current point:
  at point    1.247  -0.644  13.190
  closest atom surface   11.501   H13 76  X    0
  2nd closest surface    11.502   H31 76  X    0
  found on step  949
  no. of rejections          219
 stored as    66

 highest radius point found:
  at point    2.073  -0.630  13.390
  closest atom surface   11.709   H13 76  X    0
  2nd closest surface    11.709   H31 76  X    0
  found on step  979
  this is also current point
  no. of rejections          226
 stored as    67

 highest radius point found:
  at point    2.073  -0.630  13.590
  closest atom surface   11.897   H31 76  X    0
  2nd closest surface    11.897   H13 76  X    0
  found on step    1
 current point:
  at point    2.070  -0.628  13.590
  closest atom surface   11.896   H31 76  X    0
  2nd closest surface    11.897   H13 76  X    0
  found on step  992
  no. of rejections          229
 stored as    68

 highest radius point found:
  at point    2.073  -0.630  13.790
  closest atom surface   12.085   H31 76  X    0
  2nd closest surface    12.086   H13 76  X    0
  found on step    1
 current point:
  at point    1.246  -0.644  13.790
  closest atom surface   12.067   H31 76  X    0
  2nd closest surface    12.068   H13 76  X    0
  found on step  960
  no. of rejections          256
 stored as    69

 highest radius point found:
  at point    2.082  -0.630  13.990
  closest atom surface   12.275   H31 76  X    0
  2nd closest surface    12.275   H13 76  X    0
  found on step  989
  this is also current point
  no. of rejections          249
 stored as    70

 highest radius point found:
  at point    2.093  -0.631  14.190
  closest atom surface   12.465   H13 76  X    0
  2nd closest surface    12.465   H31 76  X    0
  found on step  971
  this is also current point
  no. of rejections          219
 stored as    71

 highest radius point found:
  at point    2.106  -0.629  14.390
  closest atom surface   12.655   H31 76  X    0
  2nd closest surface    12.655   H6  76  X    0
  found on step  991
  this is also current point
  no. of rejections          216
 stored as    72

 highest radius point found:
  at point    2.106  -0.629  14.590
  closest atom surface   12.844   H31 76  X    0
  2nd closest surface    12.846   H13 76  X    0
  found on step    1
 current point:
  at point    2.112  -0.633  14.590
  closest atom surface   12.844   H6  76  X    0
  2nd closest surface    12.845   H13 76  X    0
  found on step  943
  no. of rejections          223
 stored as    73

 highest radius point found:
  at point    2.116  -0.632  14.790
  closest atom surface   13.035   H6  76  X    0
  2nd closest surface    13.035   H13 76  X    0
  found on step  994
  this is also current point
  no. of rejections          229
 stored as    74

 highest radius point found:
  at point    2.116  -0.632  14.990
  closest atom surface   13.226   H13 76  X    0
  2nd closest surface    13.226   H31 76  X    0
  found on step    1
 current point:
  at point    1.243  -0.646  14.990
  closest atom surface   13.207   H13 76  X    0
  2nd closest surface    13.207   H31 76  X    0
  found on step  890
  no. of rejections          230
 stored as    75

 highest radius point found:
  at point    2.116  -0.632  15.190
  closest atom surface   13.417   H13 76  X    0
  2nd closest surface    13.417   H31 76  X    0
  found on step    1
 current point:
  at point    2.037  -0.635  15.190
  closest atom surface   13.412   H13 76  X    0
  2nd closest surface    13.414   H31 76  X    0
  found on step  980
  no. of rejections          237
 stored as    76

 highest radius point found:
  at point    2.116  -0.632  15.390
  closest atom surface   13.608   H13 76  X    0
  2nd closest surface    13.608   H31 76  X    0
  found on step    1
 current point:
  at point    1.202  -0.647  15.390
  closest atom surface   13.590   H31 76  X    0
  2nd closest surface    13.590   H13 76  X    0
  found on step  974
  no. of rejections          222
 stored as    77

 highest radius point found:
  at point    2.138  -0.632  15.590
  closest atom surface   13.800   H31 76  X    0
  2nd closest surface    13.800   H6  76  X    0
  found on step  914
  this is also current point
  no. of rejections          250
 stored as    78

 highest radius point found:
  at point    2.138  -0.632  15.790
  closest atom surface   13.991   H31 76  X    0
  2nd closest surface    13.992   H13 76  X    0
  found on step    1
 current point:
  at point    1.788  -0.636  15.790
  closest atom surface   13.977   H31 76  X    0
  2nd closest surface    13.978   H13 76  X    0
  found on step  979
  no. of rejections          208
 stored as    79

 highest radius point found:
  at point    2.148  -0.633  15.990
  closest atom surface   14.184   H31 76  X    0
  2nd closest surface    14.184   H13 76  X    0
  found on step  959
  this is also current point
  no. of rejections          224
 stored as    80

 highest radius point found:
  at point    2.158  -0.631  16.190
  closest atom surface   14.375   H31 76  X    0
  2nd closest surface    14.376   H6  76  X    0
  found on step  721
 current point:
  at point    2.167  -0.629  16.190
  closest atom surface   14.374   H6  76  X    0
  2nd closest surface    14.375   H31 76  X    0
  found on step  978
  no. of rejections          216
 stored as    81

 highest radius point found:
  at point    2.158  -0.631  16.390
  closest atom surface   14.567   H31 76  X    0
  2nd closest surface    14.569   H13 76  X    0
  found on step    1
 current point:
  at point    2.139  -0.633  16.390
  closest atom surface   14.567   H31 76  X    0
  2nd closest surface    14.567   H13 76  X    0
  found on step  996
  no. of rejections          203
 stored as    82

 highest radius point found:
  at point    2.164  -0.630  16.590
  closest atom surface   14.760   H31 76  X    0
  2nd closest surface    14.761   H13 76  X    0
  found on step   31
 current point:
  at point    1.236  -0.648  16.590
  closest atom surface   14.741   H13 76  X    0
  2nd closest surface    14.741   H31 76  X    0
  found on step  937
  no. of rejections          214
 stored as    83

 highest radius point found:
  at point    2.170  -0.635  16.790
  closest atom surface   14.953   H13 76  X    0
  2nd closest surface    14.954   H31 76  X    0
  found on step  967
  this is also current point
  no. of rejections          232
 stored as    84

 highest radius point found:
  at point    2.170  -0.635  16.990
  closest atom surface   15.145   H13 76  X    0
  2nd closest surface    15.146   H31 76  X    0
  found on step    1
 current point:
  at point    1.835  -0.639  16.990
  closest atom surface   15.133   H31 76  X    0
  2nd closest surface    15.133   H13 76  X    0
  found on step  999
  no. of rejections          205
 stored as    85

 highest radius point found:
  at point    2.175  -0.635  17.190
  closest atom surface   15.339   H13 76  X    0
  2nd closest surface    15.339   H31 76  X    0
  found on step  820
 current point:
  at point    2.171  -0.635  17.190
  closest atom surface   15.338   H13 76  X    0
  2nd closest surface    15.339   H31 76  X    0
  found on step  913
  no. of rejections          227
 stored as    86

 highest radius point found:
  at point    2.175  -0.635  17.390
  closest atom surface   15.532   H13 76  X    0
  2nd closest surface    15.532   H31 76  X    0
  found on step    1
 current point:
  at point    1.256  -0.650  17.390
  closest atom surface   15.513   H13 76  X    0
  2nd closest surface    15.513   H31 76  X    0
  found on step  920
  no. of rejections          223
 stored as    87

 highest radius point found:
  at point    2.179  -0.634  17.590
  closest atom surface   15.725   H31 76  X    0
  2nd closest surface    15.725   H13 76  X    0
  found on step  946
  this is also current point
  no. of rejections          203
 stored as    88

 highest radius point found:
  at point    2.205  -0.633  17.790
  closest atom surface   15.919   H6  76  X    0
  2nd closest surface    15.919   H31 76  X    0
  found on step  980
  this is also current point
  no. of rejections          207
 stored as    89

 highest radius point found:
  at point    2.207  -0.636  17.990
  closest atom surface   16.113   H13 76  X    0
  2nd closest surface    16.113   H6  76  X    0
  found on step  961
  this is also current point
  no. of rejections          178
 stored as    90

 highest radius point found:
  at point    2.215  -0.634  18.190
  closest atom surface   16.307   H31 76  X    0
  2nd closest surface    16.307   H6  76  X    0
  found on step  238
 current point:
  at point    1.980  -0.639  18.190
  closest atom surface   16.297   H31 76  X    0
  2nd closest surface    16.297   H13 76  X    0
  found on step  956
  no. of rejections          219
 stored as    91

 highest radius point found:
  at point    2.217  -0.635  18.390
  closest atom surface   16.501   H13 76  X    0
  2nd closest surface    16.501   H31 76  X    0
  found on step  983
  this is also current point
  no. of rejections          203
 stored as    92

 highest radius point found:
  at point    2.217  -0.635  18.590
  closest atom surface   16.695   H31 76  X    0
  2nd closest surface    16.695   H13 76  X    0
  found on step    1
 current point:
  at point    2.220  -0.634  18.590
  closest atom surface   16.694   H31 76  X    0
  2nd closest surface    16.695   H13 76  X    0
  found on step  998
  no. of rejections          185
 stored as    93

 highest radius point found:
  at point    2.232  -0.637  18.790
  closest atom surface   16.889   H6  76  X    0
  2nd closest surface    16.889   H13 76  X    0
  found on step  985
  this is also current point
  no. of rejections          224
 stored as    94

 highest radius point found:
  at point    2.232  -0.637  18.990
  closest atom surface   17.083   H13 76  X    0
  2nd closest surface    17.083   H31 76  X    0
  found on step    1
 current point:
  at point    2.231  -0.619  18.990
  closest atom surface   17.079   H31 76  X    0
  2nd closest surface    17.087   H6  76  X    0
  found on step  996
  no. of rejections          163
 stored as    95

 highest radius point found:
  at point    2.232  -0.637  19.190
  closest atom surface   17.278   H13 76  X    0
  2nd closest surface    17.278   H31 76  X    0
  found on step    1
 current point:
  at point    2.232  -0.638  19.190
  closest atom surface   17.277   H13 76  X    0
  2nd closest surface    17.278   H31 76  X    0
  found on step  961
  no. of rejections          187
 stored as    96

 highest radius point found:
  at point    2.248  -0.637  19.390
  closest atom surface   17.472   H6  76  X    0
  2nd closest surface    17.472   H13 76  X    0
  found on step  998
  this is also current point
  no. of rejections          205
 stored as    97

 highest radius point found:
  at point    2.248  -0.637  19.590
  closest atom surface   17.667   H13 76  X    0
  2nd closest surface    17.667   H31 76  X    0
  found on step    1
 current point:
  at point    2.527  -0.467  19.590
  closest atom surface   17.645   H31 76  X    0
  2nd closest surface    17.646   H6  76  X    0
  found on step  996
  no. of rejections          185
 stored as    98

 highest radius point found:
  at point    2.261  -0.636  19.790
  closest atom surface   17.862   H6  76  X    0
  2nd closest surface    17.862   H31 76  X    0
  found on step  983
  this is also current point
  no. of rejections          205
 stored as    99

 highest radius point found:
  at point    2.261  -0.636  19.990
  closest atom surface   18.057   H31 76  X    0
  2nd closest surface    18.057   H13 76  X    0
  found on step    1
 current point:
  at point    1.196  -0.654  19.990
  closest atom surface   18.037   H31 76  X    0
  2nd closest surface    18.037   H13 76  X    0
  found on step  964
  no. of rejections          195
 stored as   100

 highest radius point found:
  at point    2.272  -0.636  20.190
  closest atom surface   18.252   H31 76  X    0
  2nd closest surface    18.252   H6  76  X    0
  found on step  962
  this is also current point
  no. of rejections          178
 stored as   101

 highest radius point found:
  at point    2.274  -0.639  20.390
  closest atom surface   18.447   H13 76  X    0
  2nd closest surface    18.447   H6  76  X    0
  found on step   18
 current point:
  at point    2.258  -0.637  20.390
  closest atom surface   18.446   H31 76  X    0
  2nd closest surface    18.447   H13 76  X    0
  found on step  916
  no. of rejections          191
 stored as   102

 highest radius point found:
  at point    2.274  -0.639  20.590
  closest atom surface   18.642   H13 76  X    0
  2nd closest surface    18.643   H31 76  X    0
  found on step    1
 current point:
  at point    1.963  -0.643  20.590
  closest atom surface   18.630   H31 76  X    0
  2nd closest surface    18.631   H13 76  X    0
  found on step  984
  no. of rejections          194
 stored as   103

 highest radius point found:
  at point    2.285  -0.637  20.790
  closest atom surface   18.838   H31 76  X    0
  2nd closest surface    18.838   H13 76  X    0
  found on step  493
 current point:
  at point    2.283  -0.639  20.790
  closest atom surface   18.838   H13 76  X    0
  2nd closest surface    18.838   H31 76  X    0
  found on step  977
  no. of rejections          211
 stored as   104

 highest radius point found:
  at point    2.285  -0.637  20.990
  closest atom surface   19.033   H31 76  X    0
  2nd closest surface    19.033   H13 76  X    0
  found on step    1
 current point:
  at point    2.302  -0.633  20.990
  closest atom surface   19.033   H6  76  X    0
  2nd closest surface    19.033   H31 76  X    0
  found on step  971
  no. of rejections          189
 stored as   105

 highest radius point found:
  at point    2.285  -0.637  21.190
  closest atom surface   19.228   H31 76  X    0
  2nd closest surface    19.229   H13 76  X    0
  found on step    1
 current point:
  at point    1.162  -0.656  21.190
  closest atom surface   19.209   H31 76  X    0
  2nd closest surface    19.209   H13 76  X    0
  found on step  951
  no. of rejections          207
 stored as   106

 highest radius point found:
  at point    2.285  -0.637  21.390
  closest atom surface   19.423   H31 76  X    0
  2nd closest surface    19.424   H13 76  X    0
  found on step    1
 current point:
  at point    2.382  -0.574  21.390
  closest atom surface   19.415   H31 76  X    0
  2nd closest surface    19.421   H6  76  X    0
  found on step  999
  no. of rejections          184
 stored as   107

 highest radius point found:
  at point    2.285  -0.637  21.590
  closest atom surface   19.619   H31 76  X    0
  2nd closest surface    19.620   H13 76  X    0
  found on step    1
 current point:
  at point    2.498  -0.528  21.590
  closest atom surface   19.607   H6  76  X    0
  2nd closest surface    19.608   H31 76  X    0
  found on step  995
  no. of rejections          175
 stored as   108

 highest radius point found:
  at point    2.285  -0.637  21.790
  closest atom surface   19.814   H31 76  X    0
  2nd closest surface    19.815   H13 76  X    0
  found on step    1
 current point:
  at point    3.385   0.009  21.790
  closest atom surface   19.772   H6  76  X    0
  2nd closest surface    19.772   H2  76  X    0
  found on step  951
  no. of rejections          172
 stored as   109

 highest radius point found:
  at point    2.316  -0.638  21.990
  closest atom surface   20.011   H31 76  X    0
  2nd closest surface    20.012   H13 76  X    0
  found on step  977
  this is also current point
  no. of rejections          193
 stored as   110

 highest radius point found:
  at point    2.316  -0.638  22.190
  closest atom surface   20.207   H31 76  X    0
  2nd closest surface    20.208   H13 76  X    0
  found on step    1
 current point:
  at point    1.204  -0.657  22.190
  closest atom surface   20.187   H31 76  X    0
  2nd closest surface    20.187   H13 76  X    0
  found on step  954
  no. of rejections          203
 stored as   111

 highest radius point found:
  at point    2.334  -0.640  22.390
  closest atom surface   20.404   H13 76  X    0
  2nd closest surface    20.404   H6  76  X    0
  found on step  969
  this is also current point
  no. of rejections          201
 stored as   112

 highest radius point found:
  at point    2.334  -0.640  22.590
  closest atom surface   20.600   H13 76  X    0
  2nd closest surface    20.600   H31 76  X    0
  found on step    1
 current point:
  at point    2.488  -0.559  22.590
  closest atom surface   20.589   H6  76  X    0
  2nd closest surface    20.592   H31 76  X    0
  found on step  992
  no. of rejections          171
 stored as   113

 highest radius point found:
  at point    2.334  -0.640  22.790
  closest atom surface   20.796   H13 76  X    0
  2nd closest surface    20.796   H31 76  X    0
  found on step    1
 current point:
  at point    2.345  -0.643  22.790
  closest atom surface   20.796   H13 76  X    0
  2nd closest surface    20.796   H6  76  X    0
  found on step  955
  no. of rejections          186
 stored as   114

 highest radius point found:
  at point    2.358  -0.634  22.990
  closest atom surface   20.992   H31 76  X    0
  2nd closest surface    20.992   H6  76  X    0
  found on step  560
 current point:
  at point    1.146  -0.659  22.990
  closest atom surface   20.972   H31 76  X    0
  2nd closest surface    20.972   H13 76  X    0
  found on step  913
  no. of rejections          196
 stored as   115

 highest radius point found:
  at point    2.361  -0.637  23.190
  closest atom surface   21.188   H31 76  X    0
  2nd closest surface    21.188   H6  76  X    0
  found on step  982
  this is also current point
  no. of rejections          198
 stored as   116

 highest radius point found:
  at point    2.361  -0.637  23.390
  closest atom surface   21.384   H31 76  X    0
  2nd closest surface    21.386   H6  76  X    0
  found on step    1
 current point:
  at point    1.127  -0.660  23.390
  closest atom surface   21.365   H31 76  X    0
  2nd closest surface    21.365   H13 76  X    0
  found on step  951
  no. of rejections          188
 stored as   117

 highest radius point found:
  at point    2.369  -0.640  23.590
  closest atom surface   21.581   H31 76  X    0
  2nd closest surface    21.582   H6  76  X    0
  found on step  997
  this is also current point
  no. of rejections          202
 stored as   118

 highest radius point found:
  at point    2.369  -0.640  23.790
  closest atom surface   21.778   H31 76  X    0
  2nd closest surface    21.778   H13 76  X    0
  found on step    1
 current point:
  at point    2.351  -0.642  23.790
  closest atom surface   21.777   H13 76  X    0
  2nd closest surface    21.777   H31 76  X    0
  found on step  969
  no. of rejections          166
 stored as   119

 highest radius point found:
  at point    2.369  -0.640  23.990
  closest atom surface   21.974   H31 76  X    0
  2nd closest surface    21.974   H13 76  X    0
  found on step    1
 current point:
  at point    2.382  -0.647  23.990
  closest atom surface   21.974   H13 76  X    0
  2nd closest surface    21.974   H6  76  X    0
  found on step  963
  no. of rejections          180
 stored as   120

 highest radius point found:
  at point    2.369  -0.640  24.190
  closest atom surface   22.170   H31 76  X    0
  2nd closest surface    22.171   H13 76  X    0
  found on step    1
 current point:
  at point    3.380  -0.038  24.190
  closest atom surface   22.135   H31 76  X    0
  2nd closest surface    22.135   H6  76  X    0
  found on step  938
  no. of rejections          180
 This is an end! (radius above  22.0 angs)
 highest radius point found:
  at point    2.323  -0.481  -0.210
  closest atom surface    2.218   H3  76  X    0
  2nd closest surface     2.220   C6  76  X    0
  found on step  898
  this is also current point
  no. of rejections          407
 stored as    -1

 highest radius point found:
  at point    2.319  -0.487  -0.410
  closest atom surface    2.217   H3  76  X    0
  2nd closest surface     2.217   C6  76  X    0
  found on step  969
  this is also current point
  no. of rejections          414
 stored as    -2

 highest radius point found:
  at point    2.317  -0.484  -0.610
  closest atom surface    2.227   H3  76  X    0
  2nd closest surface     2.227   H28 76  X    0
  found on step  955
  this is also current point
  no. of rejections          364
 stored as    -3

 highest radius point found:
  at point    2.314  -0.490  -0.810
  closest atom surface    2.249   H3  76  X    0
  2nd closest surface     2.251   C6  76  X    0
  found on step  948
  this is also current point
  no. of rejections          436
 stored as    -4

 highest radius point found:
  at point    2.314  -0.490  -1.010
  closest atom surface    2.281   H3  76  X    0
  2nd closest surface     2.285   C6  76  X    0
  found on step    1
 current point:
  at point    2.312  -0.496  -1.010
  closest atom surface    2.278   C6  76  X    0
  2nd closest surface     2.283   H3  76  X    0
  found on step  918
  no. of rejections          393
 stored as    -5

 highest radius point found:
  at point    2.310  -0.488  -1.210
  closest atom surface    2.327   H28 76  X    0
  2nd closest surface     2.327   C6  76  X    0
  found on step  985
  this is also current point
  no. of rejections          409
 stored as    -6

 highest radius point found:
  at point    2.314  -0.485  -1.410
  closest atom surface    2.381   H3  76  X    0
  2nd closest surface     2.383   H28 76  X    0
  found on step  530
 current point:
  at point    2.311  -0.488  -1.410
  closest atom surface    2.380   C6  76  X    0
  2nd closest surface     2.383   H28 76  X    0
  found on step  959
  no. of rejections          409
 stored as    -7

 highest radius point found:
  at point    2.314  -0.479  -1.610
  closest atom surface    2.446   H28 76  X    0
  2nd closest surface     2.447   H3  76  X    0
  found on step  962
  this is also current point
  no. of rejections          403
 stored as    -8

 highest radius point found:
  at point    2.311  -0.477  -1.810
  closest atom surface    2.518   C6  76  X    0
  2nd closest surface     2.520   H28 76  X    0
  found on step  967
  this is also current point
  no. of rejections          387
 stored as    -9

 highest radius point found:
  at point    2.319  -0.471  -2.010
  closest atom surface    2.604   C6  76  X    0
  2nd closest surface     2.605   H3  76  X    0
  found on step  885
  this is also current point
  no. of rejections          375
 stored as   -10

 highest radius point found:
  at point    2.324  -0.462  -2.210
  closest atom surface    2.697   C6  76  X    0
  2nd closest surface     2.697   H3  76  X    0
  found on step  994
  this is also current point
  no. of rejections          370
 stored as   -11

 highest radius point found:
  at point    2.325  -0.452  -2.410
  closest atom surface    2.795   H28 76  X    0
  2nd closest surface     2.796   C6  76  X    0
  found on step  984
  this is also current point
  no. of rejections          354
 stored as   -12

 highest radius point found:
  at point    2.333  -0.442  -2.610
  closest atom surface    2.903   H28 76  X    0
  2nd closest surface     2.904   C6  76  X    0
  found on step  909
  this is also current point
  no. of rejections          373
 stored as   -13

 highest radius point found:
  at point    2.338  -0.434  -2.810
  closest atom surface    3.016   C6  76  X    0
  2nd closest surface     3.018   H28 76  X    0
  found on step  723
 current point:
  at point    2.341  -0.437  -2.810
  closest atom surface    3.015   C6  76  X    0
  2nd closest surface     3.016   H3  76  X    0
  found on step  984
  no. of rejections          399
 stored as   -14

 highest radius point found:
  at point    2.355  -0.409  -3.010
  closest atom surface    3.132   H3  76  X    0
  2nd closest surface     3.133   H15 76  X    0
  found on step  968
  this is also current point
  no. of rejections          369
 stored as   -15

 highest radius point found:
  at point    2.371  -0.382  -3.210
  closest atom surface    3.253   H3  76  X    0
  2nd closest surface     3.253   H15 76  X    0
  found on step  648
 current point:
  at point    2.370  -0.376  -3.210
  closest atom surface    3.252   H28 76  X    0
  2nd closest surface     3.254   H3  76  X    0
  found on step  956
  no. of rejections          358
 stored as   -16

 highest radius point found:
  at point    2.387  -0.349  -3.410
  closest atom surface    3.379   H28 76  X    0
  2nd closest surface     3.381   H3  76  X    0
  found on step  841
 current point:
  at point    2.391  -0.357  -3.410
  closest atom surface    3.377   H3  76  X    0
  2nd closest surface     3.379   H15 76  X    0
  found on step  870
  no. of rejections          335
 stored as   -17

 highest radius point found:
  at point    2.406  -0.316  -3.610
  closest atom surface    3.509   H7  76  X    0
  2nd closest surface     3.510   H28 76  X    0
  found on step  974
  this is also current point
  no. of rejections          365
 stored as   -18

 highest radius point found:
  at point    2.447  -0.271  -3.810
  closest atom surface    3.634   C20 76  X    0
  2nd closest surface     3.635   H3  76  X    0
  found on step  611
 current point:
  at point    2.408  -0.298  -3.810
  closest atom surface    3.634   C20 76  X    0
  2nd closest surface     3.634   H7  76  X    0
  found on step  990
  no. of rejections          378
 stored as   -19

 highest radius point found:
  at point    2.468  -0.250  -4.010
  closest atom surface    3.760   H7  76  X    0
  2nd closest surface     3.761   C20 76  X    0
  found on step  776
 current point:
  at point    2.445  -0.264  -4.010
  closest atom surface    3.759   C20 76  X    0
  2nd closest surface     3.760   H7  76  X    0
  found on step  950
  no. of rejections          350
 stored as   -20

 highest radius point found:
  at point    2.467  -0.241  -4.210
  closest atom surface    3.890   H7  76  X    0
  2nd closest surface     3.890   C20 76  X    0
  found on step  935
  this is also current point
  no. of rejections          361
 stored as   -21

 highest radius point found:
  at point    2.435  -0.253  -4.410
  closest atom surface    4.023   C20 76  X    0
  2nd closest surface     4.023   H7  76  X    0
  found on step  997
  this is also current point
  no. of rejections          369
 stored as   -22

 highest radius point found:
  at point    2.433  -0.246  -4.610
  closest atom surface    4.161   C20 76  X    0
  2nd closest surface     4.161   H7  76  X    0
  found on step  208
 current point:
  at point    2.417  -0.257  -4.610
  closest atom surface    4.160   H7  76  X    0
  2nd closest surface     4.161   C20 76  X    0
  found on step  954
  no. of rejections          361
 stored as   -23

 highest radius point found:
  at point    2.419  -0.247  -4.810
  closest atom surface    4.302   C20 76  X    0
  2nd closest surface     4.303   H7  76  X    0
  found on step  982
  this is also current point
  no. of rejections          339
 stored as   -24

 highest radius point found:
  at point    2.406  -0.245  -5.010
  closest atom surface    4.444   H43 76  X    0
  2nd closest surface     4.444   H15 76  X    0
  found on step  986
  this is also current point
  no. of rejections          314
 stored as   -25

 highest radius point found:
  at point    2.393  -0.237  -5.210
  closest atom surface    4.587   H15 76  X    0
  2nd closest surface     4.587   H43 76  X    0
  found on step  872
  this is also current point
  no. of rejections          369
 stored as   -26

 highest radius point found:
  at point    2.382  -0.226  -5.410
  closest atom surface    4.733   C20 76  X    0
  2nd closest surface     4.733   H43 76  X    0
  found on step  936
  this is also current point
  no. of rejections          352
 stored as   -27

 highest radius point found:
  at point    2.370  -0.222  -5.610
  closest atom surface    4.883   H43 76  X    0
  2nd closest surface     4.884   H15 76  X    0
  found on step  931
  this is also current point
  no. of rejections          340
 stored as   -28

 highest radius point found:
  at point    2.355  -0.215  -5.810
  closest atom surface    5.035   C20 76  X    0
  2nd closest surface     5.035   H15 76  X    0
  found on step  994
  this is also current point
  no. of rejections          323
 stored as   -29

 highest radius point found:
  at point    2.348  -0.210  -6.010
  closest atom surface    5.190   H43 76  X    0
  2nd closest surface     5.190   H15 76  X    0
  found on step  957
  this is also current point
  no. of rejections          330
 stored as   -30

 highest radius point found:
  at point    2.337  -0.200  -6.210
  closest atom surface    5.346   H43 76  X    0
  2nd closest surface     5.347   C20 76  X    0
  found on step  977
  this is also current point
  no. of rejections          314
 stored as   -31

 highest radius point found:
  at point    2.322  -0.196  -6.410
  closest atom surface    5.507   C20 76  X    0
  2nd closest surface     5.508   H15 76  X    0
  found on step  997
  this is also current point
  no. of rejections          322
 stored as   -32

 highest radius point found:
  at point    2.314  -0.189  -6.610
  closest atom surface    5.669   C20 76  X    0
  2nd closest surface     5.669   H43 76  X    0
  found on step  587
 current point:
  at point    2.319  -0.192  -6.610
  closest atom surface    5.667   H43 76  X    0
  2nd closest surface     5.670   H15 76  X    0
  found on step  922
  no. of rejections          324
 stored as   -33

 highest radius point found:
  at point    2.302  -0.183  -6.810
  closest atom surface    5.832   C20 76  X    0
  2nd closest surface     5.834   H43 76  X    0
  found on step  959
  this is also current point
  no. of rejections          319
 stored as   -34

 highest radius point found:
  at point    2.293  -0.176  -7.010
  closest atom surface    5.998   C20 76  X    0
  2nd closest surface     5.999   H43 76  X    0
  found on step  984
  this is also current point
  no. of rejections          287
 stored as   -35

 highest radius point found:
  at point    2.282  -0.175  -7.210
  closest atom surface    6.166   C20 76  X    0
  2nd closest surface     6.167   H43 76  X    0
  found on step  984
  this is also current point
  no. of rejections          295
 stored as   -36

 highest radius point found:
  at point    2.276  -0.176  -7.410
  closest atom surface    6.334   H15 76  X    0
  2nd closest surface     6.334   H43 76  X    0
  found on step  997
  this is also current point
  no. of rejections          299
 stored as   -37

 highest radius point found:
  at point    2.256  -0.166  -7.610
  closest atom surface    6.504   H15 76  X    0
  2nd closest surface     6.504   C20 76  X    0
  found on step  976
  this is also current point
  no. of rejections          295
 stored as   -38

 highest radius point found:
  at point    2.254  -0.159  -7.810
  closest atom surface    6.677   H43 76  X    0
  2nd closest surface     6.677   C20 76  X    0
  found on step  854
 current point:
  at point    2.256  -0.159  -7.810
  closest atom surface    6.676   H43 76  X    0
  2nd closest surface     6.678   C20 76  X    0
  found on step  979
  no. of rejections          283
 stored as   -39

 highest radius point found:
  at point    2.244  -0.157  -8.010
  closest atom surface    6.850   H15 76  X    0
  2nd closest surface     6.851   H43 76  X    0
  found on step  971
  this is also current point
  no. of rejections          276
 stored as   -40

 highest radius point found:
  at point    2.232  -0.150  -8.210
  closest atom surface    7.024   C20 76  X    0
  2nd closest surface     7.025   H43 76  X    0
  found on step  935
  this is also current point
  no. of rejections          276
 stored as   -41

 highest radius point found:
  at point    2.224  -0.148  -8.410
  closest atom surface    7.200   H15 76  X    0
  2nd closest surface     7.201   C20 76  X    0
  found on step  999
  this is also current point
  no. of rejections          273
 stored as   -42

 highest radius point found:
  at point    2.215  -0.143  -8.610
  closest atom surface    7.377   H43 76  X    0
  2nd closest surface     7.377   C20 76  X    0
  found on step  971
  this is also current point
  no. of rejections          263
 stored as   -43

 highest radius point found:
  at point    2.202  -0.141  -8.810
  closest atom surface    7.554   H15 76  X    0
  2nd closest surface     7.554   C20 76  X    0
  found on step  387
 current point:
  at point    2.202  -0.140  -8.810
  closest atom surface    7.554   C20 76  X    0
  2nd closest surface     7.554   H15 76  X    0
  found on step  999
  no. of rejections          250
 stored as   -44

 highest radius point found:
  at point    2.199  -0.140  -9.010
  closest atom surface    7.732   H15 76  X    0
  2nd closest surface     7.733   H43 76  X    0
  found on step  929
  this is also current point
  no. of rejections          268
 stored as   -45

 highest radius point found:
  at point    2.189  -0.134  -9.210
  closest atom surface    7.912   H43 76  X    0
  2nd closest surface     7.912   H15 76  X    0
  found on step  941
  this is also current point
  no. of rejections          256
 stored as   -46

 highest radius point found:
  at point    2.180  -0.130  -9.410
  closest atom surface    8.092   H43 76  X    0
  2nd closest surface     8.093   H15 76  X    0
  found on step  992
  this is also current point
  no. of rejections          255
 stored as   -47

 highest radius point found:
  at point    2.166  -0.122  -9.610
  closest atom surface    8.272   C20 76  X    0
  2nd closest surface     8.275   H15 76  X    0
  found on step 1000
  this is also current point
  no. of rejections          252
 stored as   -48

 highest radius point found:
  at point    2.163  -0.123  -9.810
  closest atom surface    8.455   H43 76  X    0
  2nd closest surface     8.456   H15 76  X    0
  found on step  990
  this is also current point
  no. of rejections          292
 stored as   -49

 highest radius point found:
  at point    2.151  -0.117 -10.010
  closest atom surface    8.638   C20 76  X    0
  2nd closest surface     8.638   H43 76  X    0
  found on step  966
  this is also current point
  no. of rejections          271
 stored as   -50

 highest radius point found:
  at point    2.143  -0.116 -10.210
  closest atom surface    8.821   H15 76  X    0
  2nd closest surface     8.822   H43 76  X    0
  found on step  991
  this is also current point
  no. of rejections          223
 stored as   -51

 highest radius point found:
  at point    2.135  -0.111 -10.410
  closest atom surface    9.005   H43 76  X    0
  2nd closest surface     9.005   C20 76  X    0
  found on step  829
 current point:
  at point    2.141  -0.121 -10.410
  closest atom surface    9.003   H15 76  X    0
  2nd closest surface     9.003   H43 76  X    0
  found on step  882
  no. of rejections          254
 stored as   -52

 highest radius point found:
  at point    2.123  -0.108 -10.610
  closest atom surface    9.189   C20 76  X    0
  2nd closest surface     9.190   H15 76  X    0
  found on step  985
  this is also current point
  no. of rejections          211
 stored as   -53

 highest radius point found:
  at point    2.107  -0.107 -10.810
  closest atom surface    9.373   H15 76  X    0
  2nd closest surface     9.373   C20 76  X    0
  found on step  956
  this is also current point
  no. of rejections          240
 stored as   -54

 highest radius point found:
  at point    2.108  -0.101 -11.010
  closest atom surface    9.560   C20 76  X    0
  2nd closest surface     9.560   H43 76  X    0
  found on step  966
  this is also current point
  no. of rejections          227
 stored as   -55

 highest radius point found:
  at point    2.094  -0.097 -11.210
  closest atom surface    9.745   C20 76  X    0
  2nd closest surface     9.747   H15 76  X    0
  found on step  978
  this is also current point
  no. of rejections          250
 stored as   -56

 highest radius point found:
  at point    2.091  -0.098 -11.410
  closest atom surface    9.933   H15 76  X    0
  2nd closest surface     9.933   H43 76  X    0
  found on step  960
  this is also current point
  no. of rejections          246
 stored as   -57

 highest radius point found:
  at point    2.086  -0.097 -11.610
  closest atom surface   10.119   H43 76  X    0
  2nd closest surface    10.119   H15 76  X    0
  found on step  920
  this is also current point
  no. of rejections          242
 stored as   -58

 highest radius point found:
  at point    2.075  -0.090 -11.810
  closest atom surface   10.307   H43 76  X    0
  2nd closest surface    10.307   C20 76  X    0
  found on step  979
  this is also current point
  no. of rejections          235
 stored as   -59

 highest radius point found:
  at point    2.063  -0.090 -12.010
  closest atom surface   10.494   H15 76  X    0
  2nd closest surface    10.495   C20 76  X    0
  found on step  999
  this is also current point
  no. of rejections          226
 stored as   -60

 highest radius point found:
  at point    2.050  -0.086 -12.210
  closest atom surface   10.682   C20 76  X    0
  2nd closest surface    10.682   H15 76  X    0
  found on step  931
  this is also current point
  no. of rejections          253
 stored as   -61

 highest radius point found:
  at point    2.047  -0.083 -12.410
  closest atom surface   10.872   C20 76  X    0
  2nd closest surface    10.872   H15 76  X    0
  found on step  991
  this is also current point
  no. of rejections          258
 stored as   -62

 highest radius point found:
  at point    2.041  -0.082 -12.610
  closest atom surface   11.061   H15 76  X    0
  2nd closest surface    11.061   C20 76  X    0
  found on step  887
  this is also current point
  no. of rejections          240
 stored as   -63

 highest radius point found:
  at point    2.034  -0.074 -12.810
  closest atom surface   11.250   C20 76  X    0
  2nd closest surface    11.250   H43 76  X    0
  found on step  955
  this is also current point
  no. of rejections          243
 stored as   -64

 highest radius point found:
  at point    2.025  -0.074 -13.010
  closest atom surface   11.440   C20 76  X    0
  2nd closest surface    11.440   H43 76  X    0
  found on step  983
  this is also current point
  no. of rejections          244
 stored as   -65

 highest radius point found:
  at point    2.017  -0.071 -13.210
  closest atom surface   11.630   C20 76  X    0
  2nd closest surface    11.630   H43 76  X    0
  found on step  968
  this is also current point
  no. of rejections          244
 stored as   -66

 highest radius point found:
  at point    2.002  -0.071 -13.410
  closest atom surface   11.820   H15 76  X    0
  2nd closest surface    11.820   C20 76  X    0
  found on step  970
  this is also current point
  no. of rejections          213
 stored as   -67

 highest radius point found:
  at point    1.999  -0.067 -13.610
  closest atom surface   12.011   C20 76  X    0
  2nd closest surface    12.011   H15 76  X    0
  found on step  966
  this is also current point
  no. of rejections          221
 stored as   -68

 highest radius point found:
  at point    1.996  -0.067 -13.810
  closest atom surface   12.201   H43 76  X    0
  2nd closest surface    12.202   H15 76  X    0
  found on step  952
  this is also current point
  no. of rejections          217
 stored as   -69

 highest radius point found:
  at point    1.989  -0.067 -14.010
  closest atom surface   12.392   H43 76  X    0
  2nd closest surface    12.393   H15 76  X    0
  found on step  373
 current point:
  at point    1.986  -0.055 -14.010
  closest atom surface   12.391   C20 76  X    0
  2nd closest surface    12.392   H43 76  X    0
  found on step  948
  no. of rejections          213
 stored as   -70

 highest radius point found:
  at point    1.972  -0.060 -14.210
  closest atom surface   12.584   C20 76  X    0
  2nd closest surface    12.584   H15 76  X    0
  found on step  919
  this is also current point
  no. of rejections          235
 stored as   -71

 highest radius point found:
  at point    1.968  -0.058 -14.410
  closest atom surface   12.776   C20 76  X    0
  2nd closest surface    12.776   H15 76  X    0
  found on step  741
 current point:
  at point    1.967  -0.059 -14.410
  closest atom surface   12.776   H15 76  X    0
  2nd closest surface    12.776   C20 76  X    0
  found on step  970
  no. of rejections          219
 stored as   -72

 highest radius point found:
  at point    1.959  -0.058 -14.610
  closest atom surface   12.967   H15 76  X    0
  2nd closest surface    12.968   C20 76  X    0
  found on step  211
 current point:
  at point    1.948  -0.057 -14.610
  closest atom surface   12.967   C20 76  X    0
  2nd closest surface    12.967   H15 76  X    0
  found on step  965
  no. of rejections          228
 stored as   -73

 highest radius point found:
  at point    1.953  -0.058 -14.810
  closest atom surface   13.159   H15 76  X    0
  2nd closest surface    13.160   H43 76  X    0
  found on step  971
  this is also current point
  no. of rejections          212
 stored as   -74

 highest radius point found:
  at point    1.946  -0.055 -15.010
  closest atom surface   13.352   H15 76  X    0
  2nd closest surface    13.352   H43 76  X    0
  found on step  963
  this is also current point
  no. of rejections          229
 stored as   -75

 highest radius point found:
  at point    1.931  -0.049 -15.210
  closest atom surface   13.544   C20 76  X    0
  2nd closest surface    13.544   H15 76  X    0
  found on step  945
  this is also current point
  no. of rejections          217
 stored as   -76

 highest radius point found:
  at point    1.931  -0.049 -15.410
  closest atom surface   13.737   H43 76  X    0
  2nd closest surface    13.737   H15 76  X    0
  found on step    1
 current point:
  at point    1.932  -0.050 -15.410
  closest atom surface   13.737   H43 76  X    0
  2nd closest surface    13.737   H15 76  X    0
  found on step  966
  no. of rejections          224
 stored as   -77

 highest radius point found:
  at point    1.919  -0.044 -15.610
  closest atom surface   13.930   C20 76  X    0
  2nd closest surface    13.931   H15 76  X    0
  found on step  924
  this is also current point
  no. of rejections          216
 stored as   -78

 highest radius point found:
  at point    1.914  -0.042 -15.810
  closest atom surface   14.123   C20 76  X    0
  2nd closest surface    14.124   H43 76  X    0
  found on step  922
  this is also current point
  no. of rejections          231
 stored as   -79

 highest radius point found:
  at point    1.906  -0.041 -16.010
  closest atom surface   14.317   H29 76  X    0
  2nd closest surface    14.317   H43 76  X    0
  found on step  927
  this is also current point
  no. of rejections          208
 stored as   -80

 highest radius point found:
  at point    1.902  -0.042 -16.210
  closest atom surface   14.509   H43 76  X    0
  2nd closest surface    14.509   H29 76  X    0
  found on step  974
  this is also current point
  no. of rejections          223
 stored as   -81

 highest radius point found:
  at point    1.899  -0.046 -16.410
  closest atom surface   14.702   H43 76  X    0
  2nd closest surface    14.702   H15 76  X    0
  found on step  998
  this is also current point
  no. of rejections          208
 stored as   -82

 highest radius point found:
  at point    1.895  -0.051 -16.610
  closest atom surface   14.895   H15 76  X    0
  2nd closest surface    14.895   H43 76  X    0
  found on step  971
  this is also current point
  no. of rejections          202
 stored as   -83

 highest radius point found:
  at point    1.886  -0.050 -16.810
  closest atom surface   15.088   H29 76  X    0
  2nd closest surface    15.088   H15 76  X    0
  found on step  937
  this is also current point
  no. of rejections          215
 stored as   -84

 highest radius point found:
  at point    1.886  -0.050 -17.010
  closest atom surface   15.281   H29 76  X    0
  2nd closest surface    15.281   H43 76  X    0
  found on step    1
 current point:
  at point    1.878  -0.054 -17.010
  closest atom surface   15.281   H29 76  X    0
  2nd closest surface    15.281   H15 76  X    0
  found on step  959
  no. of rejections          208
 stored as   -85

 highest radius point found:
  at point    1.875  -0.056 -17.210
  closest atom surface   15.475   H15 76  X    0
  2nd closest surface    15.475   H29 76  X    0
  found on step  960
  this is also current point
  no. of rejections          192
 stored as   -86

 highest radius point found:
  at point    1.876  -0.059 -17.410
  closest atom surface   15.669   H15 76  X    0
  2nd closest surface    15.669   H29 76  X    0
  found on step  922
  this is also current point
  no. of rejections          225
 stored as   -87

 highest radius point found:
  at point    1.876  -0.059 -17.610
  closest atom surface   15.862   H43 76  X    0
  2nd closest surface    15.863   H29 76  X    0
  found on step    1
 current point:
  at point    1.877  -0.056 -17.610
  closest atom surface   15.861   H43 76  X    0
  2nd closest surface    15.862   H29 76  X    0
  found on step  984
  no. of rejections          176
 stored as   -88

 highest radius point found:
  at point    1.869  -0.065 -17.810
  closest atom surface   16.056   H15 76  X    0
  2nd closest surface    16.056   H43 76  X    0
  found on step  933
  this is also current point
  no. of rejections          232
 stored as   -89

 highest radius point found:
  at point    1.861  -0.064 -18.010
  closest atom surface   16.250   H29 76  X    0
  2nd closest surface    16.251   H15 76  X    0
  found on step  999
  this is also current point
  no. of rejections          209
 stored as   -90

 highest radius point found:
  at point    1.860  -0.068 -18.210
  closest atom surface   16.445   H15 76  X    0
  2nd closest surface    16.445   H43 76  X    0
  found on step  918
  this is also current point
  no. of rejections          232
 stored as   -91

 highest radius point found:
  at point    1.856  -0.070 -18.410
  closest atom surface   16.639   H43 76  X    0
  2nd closest surface    16.639   H15 76  X    0
  found on step  971
  this is also current point
  no. of rejections          210
 stored as   -92

 highest radius point found:
  at point    1.851  -0.073 -18.610
  closest atom surface   16.834   H15 76  X    0
  2nd closest surface    16.834   H29 76  X    0
  found on step  943
  this is also current point
  no. of rejections          216
 stored as   -93

 highest radius point found:
  at point    1.851  -0.079 -18.810
  closest atom surface   17.028   H15 76  X    0
  2nd closest surface    17.028   H43 76  X    0
  found on step  965
  this is also current point
  no. of rejections          189
 stored as   -94

 highest radius point found:
  at point    1.849  -0.088 -19.010
  closest atom surface   17.221   H15 76  X    0
  2nd closest surface    17.222   H25 76  X    0
  found on step  998
  this is also current point
  no. of rejections          207
 stored as   -95

 highest radius point found:
  at point    1.855  -0.098 -19.210
  closest atom surface   17.415   H43 76  X    0
  2nd closest surface    17.415   H15 76  X    0
  found on step  971
  this is also current point
  no. of rejections          213
 stored as   -96

 highest radius point found:
  at point    1.854  -0.108 -19.410
  closest atom surface   17.609   H15 76  X    0
  2nd closest surface    17.609   H43 76  X    0
  found on step  972
  this is also current point
  no. of rejections          223
 stored as   -97

 highest radius point found:
  at point    1.853  -0.115 -19.610
  closest atom surface   17.803   H15 76  X    0
  2nd closest surface    17.804   H43 76  X    0
  found on step  986
  this is also current point
  no. of rejections          219
 stored as   -98

 highest radius point found:
  at point    1.855  -0.122 -19.810
  closest atom surface   17.998   H43 76  X    0
  2nd closest surface    17.998   H15 76  X    0
  found on step 1000
  this is also current point
  no. of rejections          206
 stored as   -99

 highest radius point found:
  at point    1.853  -0.131 -20.010
  closest atom surface   18.192   H15 76  X    0
  2nd closest surface    18.192   H25 76  X    0
  found on step  739
 current point:
  at point    1.854  -0.127 -20.010
  closest atom surface   18.192   H25 76  X    0
  2nd closest surface    18.193   H43 76  X    0
  found on step  970
  no. of rejections          206
 stored as  -100

 highest radius point found:
  at point    1.857  -0.135 -20.210
  closest atom surface   18.387   H25 76  X    0
  2nd closest surface    18.387   H43 76  X    0
  found on step  970
  this is also current point
  no. of rejections          212
 stored as  -101

 highest radius point found:
  at point    1.860  -0.148 -20.410
  closest atom surface   18.581   H43 76  X    0
  2nd closest surface    18.582   H15 76  X    0
  found on step  979
  this is also current point
  no. of rejections          196
 stored as  -102

 highest radius point found:
  at point    1.856  -0.161 -20.610
  closest atom surface   18.776   H15 76  X    0
  2nd closest surface    18.777   H25 76  X    0
  found on step  183
 current point:
  at point    2.136  -0.502 -20.610
  closest atom surface   18.733   C26 76  X    0
  2nd closest surface    18.734   H43 76  X    0
  found on step  999
  no. of rejections          183
 stored as  -103

 highest radius point found:
  at point    1.860  -0.165 -20.810
  closest atom surface   18.971   H43 76  X    0
  2nd closest surface    18.971   H15 76  X    0
  found on step  988
  this is also current point
  no. of rejections          198
 stored as  -104

 highest radius point found:
  at point    1.862  -0.168 -21.010
  closest atom surface   19.165   H25 76  X    0
  2nd closest surface    19.166   H43 76  X    0
  found on step  957
  this is also current point
  no. of rejections          203
 stored as  -105

 highest radius point found:
  at point    1.860  -0.186 -21.210
  closest atom surface   19.361   H15 76  X    0
  2nd closest surface    19.361   H25 76  X    0
  found on step  961
  this is also current point
  no. of rejections          197
 stored as  -106

 highest radius point found:
  at point    1.859  -0.198 -21.410
  closest atom surface   19.555   H15 76  X    0
  2nd closest surface    19.557   C26 76  X    0
  found on step  972
  this is also current point
  no. of rejections          203
 stored as  -107

 highest radius point found:
  at point    1.853  -0.205 -21.610
  closest atom surface   19.750   H25 76  X    0
  2nd closest surface    19.750   H15 76  X    0
  found on step  973
  this is also current point
  no. of rejections          204
 stored as  -108

 highest radius point found:
  at point    1.850  -0.214 -21.810
  closest atom surface   19.945   H25 76  X    0
  2nd closest surface    19.946   H15 76  X    0
  found on step  921
  this is also current point
  no. of rejections          201
 stored as  -109

 highest radius point found:
  at point    1.847  -0.225 -22.010
  closest atom surface   20.140   H25 76  X    0
  2nd closest surface    20.140   H15 76  X    0
  found on step  963
  this is also current point
  no. of rejections          183
 stored as  -110

 highest radius point found:
  at point    1.848  -0.235 -22.210
  closest atom surface   20.336   H15 76  X    0
  2nd closest surface    20.336   C26 76  X    0
  found on step  934
  this is also current point
  no. of rejections          195
 stored as  -111

 highest radius point found:
  at point    1.840  -0.249 -22.410
  closest atom surface   20.530   H15 76  X    0
  2nd closest surface    20.531   H25 76  X    0
  found on step  949
  this is also current point
  no. of rejections          201
 stored as  -112

 highest radius point found:
  at point    1.843  -0.249 -22.610
  closest atom surface   20.726   C26 76  X    0
  2nd closest surface    20.726   H25 76  X    0
  found on step  985
  this is also current point
  no. of rejections          204
 stored as  -113

 highest radius point found:
  at point    1.839  -0.262 -22.810
  closest atom surface   20.921   H25 76  X    0
  2nd closest surface    20.921   C26 76  X    0
  found on step  950
  this is also current point
  no. of rejections          196
 stored as  -114

 highest radius point found:
  at point    1.839  -0.262 -23.010
  closest atom surface   21.115   H25 76  X    0
  2nd closest surface    21.116   C26 76  X    0
  found on step    1
 current point:
  at point    2.620  -1.345 -23.010
  closest atom surface   21.028   H15 76  X    0
  2nd closest surface    21.029   C26 76  X    0
  found on step  987
  no. of rejections          158
 stored as  -115

 highest radius point found:
  at point    1.833  -0.284 -23.210
  closest atom surface   21.312   H25 76  X    0
  2nd closest surface    21.312   C26 76  X    0
  found on step  931
  this is also current point
  no. of rejections          210
 stored as  -116

 highest radius point found:
  at point    1.830  -0.298 -23.410
  closest atom surface   21.508   H15 76  X    0
  2nd closest surface    21.508   C26 76  X    0
  found on step  909
  this is also current point
  no. of rejections          197
 stored as  -117

 highest radius point found:
  at point    1.825  -0.307 -23.610
  closest atom surface   21.704   H25 76  X    0
  2nd closest surface    21.704   H15 76  X    0
  found on step  938
  this is also current point
  no. of rejections          164
 stored as  -118

 highest radius point found:
  at point    1.825  -0.307 -23.810
  closest atom surface   21.898   H25 76  X    0
  2nd closest surface    21.899   C26 76  X    0
  found on step    1
 current point:
  at point    1.816  -0.328 -23.810
  closest atom surface   21.898   H15 76  X    0
  2nd closest surface    21.900   H25 76  X    0
  found on step  968
  no. of rejections          166
 stored as  -119

 highest radius point found:
  at point    1.817  -0.329 -24.010
  closest atom surface   22.095   H15 76  X    0
  2nd closest surface    22.095   H25 76  X    0
  found on step  942
  this is also current point
  no. of rejections          194
 This is an end! (radius above  22.0 angs)
 
 N.b. Graph information routine (HOGRAP) differs 
        markedly from previous versions!
       Information now is written from -ve end
       to +ve in one pass
 
 Explanation of the meaning of each column: 
 First column "cenxyz.cvec" is the coordinate in the
   direction of the channel vector i.e. if the channel
   vector is in z (0 0 1) then it is the z coordinate.
 The second column "radius" is the hole pore radius 
   (as defined in the Biophys J 1993) article).
 The third column "cen_line_D" is the distance 
   measured along the pore centre line - with the 
   first point found set to zero. This was the first
   thing that I used to measure the distance along a pore
   but "cenxyz.cvec" is a much better general measure. 
   However, by comparing changes in this distance to changes in '   "cenxyz.cvec" one can get a measure of how straight a 
   channel is.
 The fourth column "sum{s/(area)}" is useful in conductance
   prediction -
   basically it is the sum of the thickness of each slab
   divided by its area. HOLE uses this measure to estimate
   the macroscopic conductance of a channel.
 If any of this worries you one can see the "raw" results
   of a standard hole run by producing a sphpdb file and 
    directly looking at the results.
 cenxyz.cvec      radius  cen_line_D sum{s/(area point sourc
   -23.80971    21.89834   -23.85545     0.00007   (sampled)
   -23.70971    21.80103   -23.75545     0.00013 (mid-point)
   -23.60971    21.70373   -23.65545     0.00020   (sampled)
   -23.50971    21.60588   -23.55532     0.00027 (mid-point)
   -23.40971    21.50801   -23.45518     0.00034   (sampled)
   -23.30971    21.41025   -23.35491     0.00041 (mid-point)
   -23.20971    21.31221   -23.25464     0.00048   (sampled)
   -23.10971    21.21380   -23.15404     0.00055 (mid-point)
   -23.00971    21.11540   -23.05343     0.00062   (sampled)
   -22.90971    21.01826   -22.95343     0.00069 (mid-point)
   -22.80971    20.92114   -22.85343     0.00076   (sampled)
   -22.70971    20.82332   -22.75319     0.00084 (mid-point)
   -22.60971    20.72550   -22.65295     0.00091   (sampled)
   -22.50971    20.62816   -22.55293     0.00099 (mid-point)
   -22.40971    20.53001   -22.45291     0.00106   (sampled)
   -22.30971    20.43281   -22.35260     0.00114 (mid-point)
   -22.20971    20.33564   -22.25229     0.00122   (sampled)
   -22.10971    20.23797   -22.15214     0.00129 (mid-point)
   -22.00971    20.14005   -22.05199     0.00137   (sampled)
   -21.90971    20.04260   -21.95183     0.00145 (mid-point)
   -21.80971    19.94518   -21.85168     0.00153   (sampled)
   -21.70971    19.84778   -21.75156     0.00161 (mid-point)
   -21.60971    19.75041   -21.65144     0.00169   (sampled)
   -21.50971    19.65279   -21.55135     0.00178 (mid-point)
   -21.40971    19.55517   -21.45125     0.00186   (sampled)
   -21.30971    19.45793   -21.35107     0.00194 (mid-point)
   -21.20971    19.36071   -21.25088     0.00203   (sampled)
   -21.10971    19.26341   -21.15047     0.00211 (mid-point)
   -21.00971    19.16539   -21.05005     0.00220   (sampled)
   -20.90971    19.06824   -20.95004     0.00229 (mid-point)
   -20.80971    18.97101   -20.85003     0.00238   (sampled)
   -20.70971    18.87345   -20.74998     0.00247 (mid-point)
   -20.60971    18.77558   -20.64993     0.00256   (sampled)
   -20.50971    18.67869   -20.54970     0.00265 (mid-point)
   -20.40971    18.58107   -20.44948     0.00274   (sampled)
   -20.30971    18.48383   -20.34928     0.00283 (mid-point)
   -20.20971    18.38660   -20.24908     0.00293   (sampled)
   -20.10971    18.28946   -20.14904     0.00302 (mid-point)
   -20.00971    18.19217   -20.04900     0.00312   (sampled)
   -19.90971    18.09507   -19.94889     0.00322 (mid-point)
   -19.80971    17.99797   -19.84878     0.00331   (sampled)
   -19.70971    17.90068   -19.74870     0.00341 (mid-point)
   -19.60971    17.80341   -19.64862     0.00351   (sampled)
   -19.50971    17.70614   -19.54857     0.00361 (mid-point)
   -19.40971    17.60890   -19.44852     0.00372   (sampled)
   -19.30971    17.51205   -19.34839     0.00382 (mid-point)
   -19.20971    17.41501   -19.24825     0.00393   (sampled)
   -19.10971    17.31830   -19.14808     0.00403 (mid-point)
   -19.00971    17.22138   -19.04791     0.00414   (sampled)
   -18.90971    17.12453   -18.94782     0.00425 (mid-point)
   -18.80971    17.02771   -18.84772     0.00436   (sampled)
   -18.70971    16.93070   -18.74767     0.00447 (mid-point)
   -18.60971    16.83372   -18.64761     0.00458   (sampled)
   -18.50971    16.73651   -18.54756     0.00470 (mid-point)
   -18.40971    16.63920   -18.44752     0.00481   (sampled)
   -18.30971    16.54206   -18.34749     0.00493 (mid-point)
   -18.20971    16.44486   -18.24747     0.00504   (sampled)
   -18.10971    16.34763   -18.14744     0.00516 (mid-point)
   -18.00971    16.25013   -18.04742     0.00528   (sampled)
   -17.90971    16.15359   -17.94733     0.00541 (mid-point)
   -17.80971    16.05630   -17.84725     0.00553   (sampled)
   -17.70971    15.95909   -17.74715     0.00565 (mid-point)
   -17.60971    15.86171   -17.64705     0.00578   (sampled)
   -17.50971    15.76540   -17.54705     0.00591 (mid-point)
   -17.40971    15.66867   -17.44705     0.00604   (sampled)
   -17.30971    15.57165   -17.34704     0.00617 (mid-point)
   -17.20971    15.47467   -17.24703     0.00630   (sampled)
   -17.10971    15.37809   -17.14685     0.00644 (mid-point)
   -17.00971    15.28134   -17.04666     0.00657   (sampled)
   -16.90971    15.18466   -16.94666     0.00671 (mid-point)
   -16.80971    15.08803   -16.84666     0.00685   (sampled)
   -16.70971    14.99149   -16.74657     0.00699 (mid-point)
   -16.60971    14.89475   -16.64648     0.00714   (sampled)
   -16.50971    14.79843   -16.54642     0.00728 (mid-point)
   -16.40971    14.70185   -16.44637     0.00743   (sampled)
   -16.30971    14.60552   -16.34634     0.00758 (mid-point)
   -16.20971    14.50924   -16.24631     0.00773   (sampled)
   -16.10971    14.41299   -16.14629     0.00788 (mid-point)
   -16.00971    14.31678   -16.04627     0.00804   (sampled)
   -15.90971    14.22008   -15.94619     0.00820 (mid-point)
   -15.80971    14.12337   -15.84611     0.00836   (sampled)
   -15.70971    14.02662   -15.74608     0.00852 (mid-point)
   -15.60971    13.92991   -15.64604     0.00868   (sampled)
   -15.50971    13.83392   -15.54580     0.00885 (mid-point)
   -15.40971    13.73701   -15.44556     0.00902   (sampled)
   -15.30971    13.64083   -15.34556     0.00919 (mid-point)
   -15.20971    13.54415   -15.24556     0.00936   (sampled)
   -15.10971    13.44803   -15.14528     0.00954 (mid-point)
   -15.00971    13.35167   -15.04500     0.00972   (sampled)
   -14.90971    13.25535   -14.94491     0.00990 (mid-point)
   -14.80971    13.15907   -14.84482     0.01008   (sampled)
   -14.70971    13.06322   -14.74478     0.01027 (mid-point)
   -14.60971    12.96743   -14.64473     0.01046   (sampled)
   -14.50971    12.87181   -14.54464     0.01065 (mid-point)
   -14.40971    12.77576   -14.44455     0.01084   (sampled)
   -14.30971    12.67964   -14.34452     0.01104 (mid-point)
   -14.20971    12.58356   -14.24450     0.01124   (sampled)
   -14.10971    12.48839   -14.14407     0.01145 (mid-point)
   -14.00971    12.39186   -14.04364     0.01165   (sampled)
   -13.90971    12.29643   -13.94358     0.01186 (mid-point)
   -13.80971    12.20106   -13.84353     0.01208   (sampled)
   -13.70971    12.10628   -13.74351     0.01229 (mid-point)
   -13.60971    12.01065   -13.64350     0.01252   (sampled)
   -13.50971    11.91519   -13.54346     0.01274 (mid-point)
   -13.40971    11.81955   -13.44343     0.01297   (sampled)
   -13.30971    11.72479   -13.34315     0.01320 (mid-point)
   -13.20971    11.62986   -13.24287     0.01343   (sampled)
   -13.10971    11.53476   -13.14279     0.01367 (mid-point)
   -13.00971    11.43973   -13.04271     0.01392   (sampled)
   -12.90971    11.34461   -12.94262     0.01416 (mid-point)
   -12.80971    11.24958   -12.84253     0.01442   (sampled)
   -12.70971    11.15540   -12.74240     0.01467 (mid-point)
   -12.60971    11.06072   -12.64226     0.01493   (sampled)
   -12.50971    10.96625   -12.54221     0.01520 (mid-point)
   -12.40971    10.87172   -12.44215     0.01547   (sampled)
   -12.30971    10.77696   -12.34213     0.01574 (mid-point)
   -12.20971    10.68229   -12.24211     0.01602   (sampled)
   -12.10971    10.58843   -12.14187     0.01630 (mid-point)
   -12.00971    10.49449   -12.04162     0.01659   (sampled)
   -11.90971    10.40107   -11.94144     0.01689 (mid-point)
   -11.80971    10.30697   -11.84125     0.01719   (sampled)
   -11.70971    10.21299   -11.74106     0.01749 (mid-point)
   -11.60971    10.11912   -11.64087     0.01780   (sampled)
   -11.50971    10.02594   -11.54082     0.01812 (mid-point)
   -11.40971     9.93264   -11.44078     0.01844   (sampled)
   -11.30971     9.83896   -11.34077     0.01877 (mid-point)
   -11.20971     9.74480   -11.24076     0.01910   (sampled)
   -11.10971     9.65228   -11.14050     0.01945 (mid-point)
   -11.00971     9.55990   -11.04024     0.01979   (sampled)
   -10.90971     9.46660   -10.94020     0.02015 (mid-point)
   -10.80971     9.37323   -10.84016     0.02051   (sampled)
   -10.70971     9.28113   -10.73986     0.02088 (mid-point)
   -10.60971     9.18898   -10.63957     0.02126   (sampled)
   -10.50971     9.09701   -10.53938     0.02164 (mid-point)
   -10.40971     9.00500   -10.43919     0.02204   (sampled)
   -10.30971     8.91317   -10.33907     0.02244 (mid-point)
   -10.20971     8.82133   -10.23895     0.02285   (sampled)
   -10.10971     8.72977   -10.13887     0.02326 (mid-point)
   -10.00971     8.63780   -10.03879     0.02369   (sampled)
    -9.90971     8.54657    -9.93857     0.02413 (mid-point)
    -9.80971     8.45484    -9.83835     0.02457   (sampled)
    -9.70971     8.36449    -9.73833     0.02503 (mid-point)
    -9.60971     8.27241    -9.63832     0.02549   (sampled)
    -9.50971     8.18294    -9.53801     0.02597 (mid-point)
    -9.40971     8.09227    -9.43771     0.02645   (sampled)
    -9.30971     8.00201    -9.33758     0.02695 (mid-point)
    -9.20971     7.91196    -9.23744     0.02746   (sampled)
    -9.10971     7.82210    -9.13729     0.02798 (mid-point)
    -9.00971     7.73217    -9.03715     0.02851   (sampled)
    -8.90971     7.64297    -8.93713     0.02906 (mid-point)
    -8.80971     7.55401    -8.83711     0.02961   (sampled)
    -8.70971     7.46563    -8.73689     0.03018 (mid-point)
    -8.60971     7.37681    -8.63667     0.03077   (sampled)
    -8.50971     7.28865    -8.53655     0.03137 (mid-point)
    -8.40971     7.20042    -8.43643     0.03198   (sampled)
    -8.30971     7.11226    -8.33634     0.03261 (mid-point)
    -8.20971     7.02401    -8.23624     0.03326   (sampled)
    -8.10971     6.93754    -8.13601     0.03392 (mid-point)
    -8.00971     6.85049    -8.03578     0.03460   (sampled)
    -7.90971     6.76343    -7.93564     0.03529 (mid-point)
    -7.80971     6.67662    -7.83550     0.03601   (sampled)
    -7.70971     6.59065    -7.73543     0.03674 (mid-point)
    -7.60971     6.50426    -7.63536     0.03749   (sampled)
    -7.50971     6.41876    -7.53472     0.03826 (mid-point)
    -7.40971     6.33366    -7.43408     0.03906   (sampled)
    -7.30971     6.24995    -7.33404     0.03987 (mid-point)
    -7.20971     6.16635    -7.23399     0.04071   (sampled)
    -7.10971     6.08182    -7.13385     0.04157 (mid-point)
    -7.00971     5.99766    -7.03371     0.04246   (sampled)
    -6.90971     5.91478    -6.93354     0.04337 (mid-point)
    -6.80971     5.83230    -6.83337     0.04430   (sampled)
    -6.70971     5.75052    -6.73316     0.04526 (mid-point)
    -6.60971     5.66919    -6.63294     0.04625   (sampled)
    -6.50971     5.58789    -6.53280     0.04727 (mid-point)
    -6.40971     5.50706    -6.43265     0.04832   (sampled)
    -6.30971     5.42702    -6.33236     0.04940 (mid-point)
    -6.20971     5.34649    -6.23207     0.05052   (sampled)
    -6.10971     5.26788    -6.13178     0.05166 (mid-point)
    -6.00971     5.18990    -6.03149     0.05285   (sampled)
    -5.90971     5.11254    -5.93141     0.05406 (mid-point)
    -5.80971     5.03456    -5.83133     0.05532   (sampled)
    -5.70971     4.95887    -5.73097     0.05661 (mid-point)
    -5.60971     4.88278    -5.63060     0.05795   (sampled)
    -5.50971     4.80750    -5.53042     0.05933 (mid-point)
    -5.40971     4.73267    -5.43023     0.06075   (sampled)
    -5.30971     4.65976    -5.32991     0.06221 (mid-point)
    -5.20971     4.58721    -5.22960     0.06373   (sampled)
    -5.10971     4.51521    -5.12932     0.06529 (mid-point)
    -5.00971     4.44394    -5.02903     0.06690   (sampled)
    -4.90971     4.37286    -4.92883     0.06856 (mid-point)
    -4.80971     4.30174    -4.82862     0.07028   (sampled)
    -4.70971     4.23083    -4.72837     0.07206 (mid-point)
    -4.60971     4.16075    -4.62812     0.07390   (sampled)
    -4.50971     4.09127    -4.52806     0.07580 (mid-point)
    -4.40971     4.02267    -4.42800     0.07777   (sampled)
    -4.30971     3.95588    -4.32658     0.07980 (mid-point)
    -4.20971     3.88967    -4.22515     0.08191   (sampled)
    -4.10971     3.82425    -4.12506     0.08408 (mid-point)
    -4.00971     3.76004    -4.02498     0.08634   (sampled)
    -3.90971     3.69665    -3.92381     0.08867 (mid-point)
    -3.80971     3.63390    -3.82265     0.09108   (sampled)
    -3.70971     3.57166    -3.71822     0.09357 (mid-point)
    -3.60971     3.50931    -3.61378     0.09616   (sampled)
    -3.50971     3.44382    -3.51193     0.09884 (mid-point)
    -3.40971     3.37927    -3.41007     0.10163   (sampled)
    -3.30971     3.31605    -3.30847     0.10452 (mid-point)
    -3.20971     3.25277    -3.20687     0.10753   (sampled)
    -3.10971     3.19177    -3.10557     0.11065 (mid-point)
    -3.00971     3.13234    -3.00427     0.11390   (sampled)
    -2.90971     3.07466    -2.90320     0.11727 (mid-point)
    -2.80971     3.01647    -2.80214     0.12076   (sampled)
    -2.70971     2.95962    -2.70201     0.12440 (mid-point)
    -2.60971     2.90311    -2.60188     0.12818   (sampled)
    -2.50971     2.84799    -2.50168     0.13210 (mid-point)
    -2.40971     2.79471    -2.40148     0.13618   (sampled)
    -2.30971     2.74502    -2.30136     0.14040 (mid-point)
    -2.20971     2.69664    -2.20123     0.14478   (sampled)
    -2.10971     2.64931    -2.10111     0.14931 (mid-point)
    -2.00971     2.60373    -2.00099     0.15401   (sampled)
    -1.90971     2.56013    -1.90087     0.15886 (mid-point)
    -1.80971     2.51839    -1.80074     0.16388   (sampled)
    -1.70971     2.48148    -1.70072     0.16905 (mid-point)
    -1.60971     2.44579    -1.60070     0.17437   (sampled)
    -1.50971     2.41278    -1.50066     0.17984 (mid-point)
    -1.40971     2.38076    -1.40063     0.18546   (sampled)
    -1.30971     2.35338    -1.30060     0.19120 (mid-point)
    -1.20971     2.32705    -1.20057     0.19708   (sampled)
    -1.10971     2.30370    -1.10055     0.20308 (mid-point)
    -1.00971     2.28148    -1.00053     0.20920   (sampled)
    -0.90971     2.26388    -0.90053     0.21541 (mid-point)
    -0.80971     2.24928    -0.80053     0.22170   (sampled)
    -0.70971     2.23661    -0.70048     0.22806 (mid-point)
    -0.60971     2.22699    -0.60043     0.23448   (sampled)
    -0.50971     2.22039    -0.50041     0.24094 (mid-point)
    -0.40971     2.21688    -0.40040     0.24741   (sampled)
    -0.30971     2.21591    -0.30034     0.25389 (mid-point)
    -0.20971     2.21805    -0.20028     0.26036   (sampled)
    -0.10971     2.22301    -0.10014     0.26681 (mid-point)
    -0.00971     2.23107     0.00000     0.27320   (sampled)
     0.09029     2.24263     0.10005     0.27953 (mid-point)
     0.19029     2.25401     0.20010     0.28580   (sampled)
     0.29029     2.26566     0.30044     0.29200 (mid-point)
     0.39029     2.27888     0.40078     0.29813   (sampled)
     0.49029     2.29345     0.50177     0.30418 (mid-point)
     0.59029     2.31062     0.60276     0.31014   (sampled)
     0.69029     2.33226     0.70316     0.31599 (mid-point)
     0.79029     2.35676     0.80357     0.32172   (sampled)
     0.89029     2.37690     0.90556     0.32736 (mid-point)
     0.99029     2.39757     1.00755     0.33289   (sampled)
     1.09029     2.42207     1.11030     0.33832 (mid-point)
     1.19029     2.44945     1.21305     0.34362   (sampled)
     1.29029     2.47942     1.31585     0.34880 (mid-point)
     1.39029     2.51033     1.41865     0.35385   (sampled)
     1.49029     2.54660     1.52098     0.35876 (mid-point)
     1.59029     2.58368     1.62331     0.36353   (sampled)
     1.69029     2.62286     1.72557     0.36816 (mid-point)
     1.79029     2.66449     1.82782     0.37264   (sampled)
     1.89029     2.70876     1.93025     0.37698 (mid-point)
     1.99029     2.75243     2.03268     0.38118   (sampled)
     2.09029     2.79431     2.13367     0.38526 (mid-point)
     2.19029     2.83731     2.23467     0.38921   (sampled)
     2.29029     2.88192     2.33541     0.39304 (mid-point)
     2.39029     2.92824     2.43615     0.39676   (sampled)
     2.49029     2.97431     2.53658     0.40035 (mid-point)
     2.59029     3.02011     2.63702     0.40384   (sampled)
     2.69029     3.05684     2.79657     0.40725 (mid-point)
     2.79029     3.09794     2.95612     0.41057   (sampled)
     2.89029     3.14192     3.07715     0.41379 (mid-point)
     2.99029     3.18893     3.19819     0.41692   (sampled)
     3.09029     3.23563     3.30691     0.41996 (mid-point)
     3.19029     3.28280     3.41563     0.42292   (sampled)
     3.29029     3.33419     3.51747     0.42578 (mid-point)
     3.39029     3.38549     3.61931     0.42856   (sampled)
     3.49029     3.43844     3.72166     0.43125 (mid-point)
     3.59029     3.49309     3.82402     0.43386   (sampled)
     3.69029     3.54946     3.92766     0.43638 (mid-point)
     3.79029     3.60746     4.03130     0.43883   (sampled)
     3.89029     3.66902     4.13526     0.44119 (mid-point)
     3.99029     3.72980     4.23922     0.44348   (sampled)
     4.09029     3.79191     4.34265     0.44570 (mid-point)
     4.19029     3.85525     4.44608     0.44784   (sampled)
     4.29029     3.92260     4.54787     0.44991 (mid-point)
     4.39029     3.98830     4.64967     0.45191   (sampled)
     4.49029     4.05630     4.75415     0.45384 (mid-point)
     4.59029     4.12452     4.85863     0.45571   (sampled)
     4.69029     4.19594     4.96078     0.45752 (mid-point)
     4.79029     4.26701     5.06293     0.45927   (sampled)
     4.89029     4.34011     5.16642     0.46096 (mid-point)
     4.99029     4.41303     5.26991     0.46259   (sampled)
     5.09029     4.48736     5.37202     0.46417 (mid-point)
     5.19029     4.56203     5.47414     0.46570   (sampled)
     5.29029     4.63845     5.57756     0.46718 (mid-point)
     5.39029     4.71557     5.68098     0.46862   (sampled)
     5.49029     4.78943     5.79465     0.47000 (mid-point)
     5.59029     4.86456     5.90832     0.47135   (sampled)
     5.69029     4.94726     6.01015     0.47265 (mid-point)
     5.79029     5.03056     6.11198     0.47391   (sampled)
     5.89029     5.11136     6.21489     0.47512 (mid-point)
     5.99029     5.19158     6.31781     0.47631   (sampled)
     6.09029     5.27250     6.41893     0.47745 (mid-point)
     6.19029     5.35358     6.52006     0.47856   (sampled)
     6.29029     5.43173     6.62042     0.47964 (mid-point)
     6.39029     5.51003     6.72077     0.48069   (sampled)
     6.49029     5.58636     6.82077     0.48171 (mid-point)
     6.59029     5.66332     6.92077     0.48270   (sampled)
     6.69029     5.74647     7.02245     0.48366 (mid-point)
     6.79029     5.82986     7.12413     0.48460   (sampled)
     6.89029     5.91091     7.22455     0.48551 (mid-point)
     6.99029     5.99246     7.32497     0.48640   (sampled)
     7.09029     6.07509     7.42511     0.48726 (mid-point)
     7.19029     6.15702     7.52525     0.48810   (sampled)
     7.29029     6.23761     7.62773     0.48892 (mid-point)
     7.39029     6.31865     7.73022     0.48972   (sampled)
     7.49029     6.40032     7.83077     0.49049 (mid-point)
     7.59029     6.48246     7.93131     0.49125   (sampled)
     7.69029     6.56496     8.03135     0.49199 (mid-point)
     7.79029     6.64780     8.13138     0.49271   (sampled)
     7.89029     6.73079     8.26722     0.49341 (mid-point)
     7.99029     6.81526     8.40305     0.49410   (sampled)
     8.09029     6.89956     8.50521     0.49477 (mid-point)
     8.19029     6.98427     8.60737     0.49542   (sampled)
     8.29029     7.06912     8.70737     0.49606 (mid-point)
     8.39029     7.15432     8.80737     0.49668   (sampled)
     8.49029     7.24062     8.92954     0.49729 (mid-point)
     8.59029     7.32783     9.05171     0.49788   (sampled)
     8.69029     7.41616     9.15571     0.49846 (mid-point)
     8.79029     7.50243     9.25970     0.49902   (sampled)
     8.89029     7.58951     9.35970     0.49957 (mid-point)
     8.99029     7.67651     9.45970     0.50011   (sampled)
     9.09029     7.76425     9.55974     0.50064 (mid-point)
     9.19029     7.85224     9.65977     0.50116   (sampled)
     9.29029     7.94106     9.76561     0.50166 (mid-point)
     9.39029     8.03025     9.87146     0.50216   (sampled)
     9.49029     8.11907     9.97147     0.50264 (mid-point)
     9.59029     8.20733    10.07149     0.50311   (sampled)
     9.69029     8.29621    10.17149     0.50358 (mid-point)
     9.79029     8.38531    10.27149     0.50403   (sampled)
     9.89029     8.47445    10.37149     0.50447 (mid-point)
     9.99029     8.56373    10.47149     0.50491   (sampled)
    10.09029     8.65409    10.57427     0.50533 (mid-point)
    10.19029     8.74451    10.67705     0.50575   (sampled)
    10.29029     8.83559    10.77885     0.50615 (mid-point)
    10.39029     8.92528    10.88064     0.50655   (sampled)
    10.49029     9.01624    10.98068     0.50695 (mid-point)
    10.59029     9.10738    11.08072     0.50733   (sampled)
    10.69029     9.19884    11.18075     0.50771 (mid-point)
    10.79029     9.28879    11.28079     0.50807   (sampled)
    10.89029     9.37986    11.38079     0.50844 (mid-point)
    10.99029     9.47109    11.48079     0.50879   (sampled)
    11.09029     9.56349    11.58128     0.50914 (mid-point)
    11.19029     9.65467    11.68178     0.50948   (sampled)
    11.29029     9.74734    11.78263     0.50982 (mid-point)
    11.39029     9.84016    11.88348     0.51014   (sampled)
    11.49029     9.93246    11.98573     0.51047 (mid-point)
    11.59029    10.02468    12.08798     0.51078   (sampled)
    11.69029    10.11746    12.18816     0.51109 (mid-point)
    11.79029    10.21010    12.28834     0.51140   (sampled)
    11.89029    10.30248    12.38834     0.51170 (mid-point)
    11.99029    10.39499    12.48834     0.51199   (sampled)
    12.09029    10.48874    12.59032     0.51228 (mid-point)
    12.19029    10.58131    12.69231     0.51257   (sampled)
    12.29029    10.67495    12.79246     0.51285 (mid-point)
    12.39029    10.76869    12.89261     0.51312   (sampled)
    12.49029    10.86245    12.99288     0.51339 (mid-point)
    12.59029    10.95599    13.09315     0.51366   (sampled)
    12.69029    11.04929    13.19315     0.51392 (mid-point)
    12.79029    11.14269    13.29315     0.51417   (sampled)
    12.89029    11.23620    13.39315     0.51443 (mid-point)
    12.99029    11.32981    13.49315     0.51467   (sampled)
    13.09029    11.42352    13.59315     0.51492 (mid-point)
    13.19029    11.51733    13.69315     0.51516   (sampled)
    13.29029    11.61291    13.79564     0.51539 (mid-point)
    13.39029    11.70854    13.89812     0.51563   (sampled)
    13.49029    11.80267    13.99812     0.51585 (mid-point)
    13.59029    11.89682    14.09813     0.51608   (sampled)
    13.69029    11.99106    14.19813     0.51630 (mid-point)
    13.79029    12.08538    14.29813     0.51652   (sampled)
    13.89029    12.18003    14.39823     0.51673 (mid-point)
    13.99029    12.27475    14.49834     0.51694   (sampled)
    14.09029    12.36983    14.59849     0.51715 (mid-point)
    14.19029    12.46487    14.69864     0.51736   (sampled)
    14.29029    12.55980    14.79884     0.51756 (mid-point)
    14.39029    12.65469    14.89904     0.51776   (sampled)
    14.49029    12.74956    14.99904     0.51795 (mid-point)
    14.59029    12.84449    15.09904     0.51815   (sampled)
    14.69029    12.94027    15.19919     0.51834 (mid-point)
    14.79029    13.03524    15.29934     0.51852   (sampled)
    14.89029    13.13071    15.39934     0.51871 (mid-point)
    14.99029    13.22601    15.49934     0.51889   (sampled)
    15.09029    13.32137    15.59934     0.51907 (mid-point)
    15.19029    13.41679    15.69934     0.51925   (sampled)
    15.29029    13.51227    15.79934     0.51942 (mid-point)
    15.39029    13.60782    15.89934     0.51959   (sampled)
    15.49029    13.70389    15.99994     0.51976 (mid-point)
    15.59029    13.79996    16.10054     0.51993   (sampled)
    15.69029    13.89559    16.20054     0.52009 (mid-point)
    15.79029    13.99127    16.30054     0.52026   (sampled)
    15.89029    14.08740    16.40065     0.52042 (mid-point)
    15.99029    14.18357    16.50076     0.52058   (sampled)
    16.09029    14.27947    16.60090     0.52073 (mid-point)
    16.19029    14.37543    16.70104     0.52089   (sampled)
    16.29029    14.47138    16.80104     0.52104 (mid-point)
    16.39029    14.56737    16.90104     0.52119   (sampled)
    16.49029    14.66343    17.00109     0.52134 (mid-point)
    16.59029    14.75954    17.10113     0.52148   (sampled)
    16.69029    14.85657    17.20120     0.52163 (mid-point)
    16.79029    14.95277    17.30128     0.52177   (sampled)
    16.89029    15.04909    17.40128     0.52191 (mid-point)
    16.99029    15.14545    17.50128     0.52205   (sampled)
    17.09029    15.24206    17.60131     0.52219 (mid-point)
    17.19029    15.33870    17.70135     0.52232   (sampled)
    17.29029    15.43519    17.80135     0.52245 (mid-point)
    17.39029    15.53172    17.90135     0.52259   (sampled)
    17.49029    15.62833    18.00138     0.52272 (mid-point)
    17.59029    15.72493    18.10140     0.52285   (sampled)
    17.69029    15.82207    18.20222     0.52297 (mid-point)
    17.79029    15.91890    18.30303     0.52310   (sampled)
    17.89029    16.01591    18.40304     0.52322 (mid-point)
    17.99029    16.11268    18.50306     0.52334   (sampled)
    18.09029    16.20982    18.60316     0.52347 (mid-point)
    18.19029    16.30663    18.70325     0.52359   (sampled)
    18.29029    16.40370    18.80326     0.52370 (mid-point)
    18.39029    16.50077    18.90327     0.52382   (sampled)
    18.49029    16.59767    19.00327     0.52394 (mid-point)
    18.59029    16.69456    19.10327     0.52405   (sampled)
    18.69029    16.79187    19.20355     0.52416 (mid-point)
    18.79029    16.88881    19.30383     0.52427   (sampled)
    18.89029    16.98617    19.40383     0.52439 (mid-point)
    18.99029    17.08326    19.50383     0.52449   (sampled)
    19.09029    17.18039    19.60383     0.52460 (mid-point)
    19.19029    17.27755    19.70383     0.52471   (sampled)
    19.29029    17.37499    19.80416     0.52481 (mid-point)
    19.39029    17.47243    19.90449     0.52492   (sampled)
    19.49029    17.56971    20.00449     0.52502 (mid-point)
    19.59029    17.66699    20.10449     0.52512   (sampled)
    19.69029    17.76473    20.20472     0.52522 (mid-point)
    19.79029    17.86190    20.30494     0.52532   (sampled)
    19.89029    17.95947    20.40494     0.52542 (mid-point)
    19.99029    18.05679    20.50494     0.52552   (sampled)
    20.09029    18.15434    20.60507     0.52562 (mid-point)
    20.19029    18.25192    20.70521     0.52571   (sampled)
    20.29029    18.34973    20.80523     0.52581 (mid-point)
    20.39029    18.44686    20.90526     0.52590   (sampled)
    20.49029    18.54438    21.00526     0.52599 (mid-point)
    20.59029    18.64192    21.10526     0.52608   (sampled)
    20.69029    18.73996    21.20541     0.52618 (mid-point)
    20.79029    18.83767    21.30555     0.52627   (sampled)
    20.89029    18.93521    21.40555     0.52635 (mid-point)
    20.99029    19.03278    21.50555     0.52644   (sampled)
    21.09029    19.13038    21.60555     0.52653 (mid-point)
    21.19029    19.22799    21.70555     0.52662   (sampled)
    21.29029    19.32563    21.80555     0.52670 (mid-point)
    21.39029    19.42330    21.90555     0.52678   (sampled)
    21.49029    19.52098    22.00555     0.52687 (mid-point)
    21.59029    19.61869    22.10555     0.52695   (sampled)
    21.69029    19.71642    22.20555     0.52703 (mid-point)
    21.79029    19.81417    22.30555     0.52711   (sampled)
    21.89029    19.91273    22.40676     0.52719 (mid-point)
    21.99029    20.01131    22.50798     0.52727   (sampled)
    22.09029    20.10911    22.60798     0.52735 (mid-point)
    22.19029    20.20694    22.70798     0.52743   (sampled)
    22.29029    20.30547    22.80837     0.52751 (mid-point)
    22.39029    20.40375    22.90875     0.52758   (sampled)
    22.49029    20.50170    23.00875     0.52766 (mid-point)
    22.59029    20.59966    23.10875     0.52773   (sampled)
    22.69029    20.69764    23.20875     0.52781 (mid-point)
    22.79029    20.79564    23.30875     0.52788   (sampled)
    22.89029    20.89362    23.40951     0.52796 (mid-point)
    22.99029    20.99160    23.51026     0.52803   (sampled)
    23.09029    21.08997    23.61029     0.52810 (mid-point)
    23.19029    21.18836    23.71032     0.52817   (sampled)
    23.29029    21.28638    23.81032     0.52824 (mid-point)
    23.39029    21.38442    23.91032     0.52831   (sampled)
    23.49029    21.48294    24.01040     0.52838 (mid-point)
    23.59029    21.58147    24.11048     0.52845   (sampled)
    23.69029    21.67956    24.21048     0.52852 (mid-point)
    23.79029    21.77766    24.31048     0.52858   (sampled)
    23.89029    21.87579    24.41048     0.52865 (mid-point)
    23.99029    21.97393    24.51048     0.52871   (sampled)

 Minimum radius found:      2.216 angstroms.



 For spherical probe approach, The geometric factor
         F= sum(ds/area) along channel is    0.529 angstroms**-1
 This yields a macroscopic predicted molar conductance of:
   (1/rho)*(100/F)= (190/rho) pS,
   where rho is the conductivity of 1M permeant ion in ohm m.
 N.B. this is a macroscopic conductance - an overestimate 
 Empirically corrected conductances currently only available
 With the CAPSULE option (although its not that stable!)
 For 1M KCl rho= 1/12 (ohm m), So Gmacro= 2300 pS/M.
  (TAG      1   Rmin=     2.21591   Gmacro=  2269.65544 Conn_Gmacro=    -1.00000 ).
 HOLE: normal completion
