 *** Program HOLE ***
 
 If results of this run are reported or published, please
 cite the publication listed below.
 For the HOLE program:
   Smart, O.S., Goodfellow, J.M., Wallace, B.A. (1993). 
   The pore dimensions of gramicidin A. 
   Biophys. J., 65, 2455-2460.
 
 Originally written by Oliver Smart at Birkbeck College from April 1992.
 Copyright 1993-2005 Oliver Smart
 Copyright 2014-2015 SmartSci Limited.
 Copyright 2016 Oliver Smart.
 
 For help on HOLE suite see  http://www.holeprogram.org/
 
 HOLE release 2.2.005 (07 August 2016) 
 
 usage subject to Apache License, Version 2.0 
 see http://www.apache.org/licenses/LICENSE-2.0 

 Control variables read:

! Input file for Oliver Smart's HOLE program
! written by MDAnalysis.analysis.hole2.HoleAnalysis
! for a Universe
! u = mda.Universe(host_71.mol2
!    host_71.mol2
!   )
! Frame 0

COORD  /tmp/tmphzw544j1.pdb
RADIUS simple2.rad
SPHPDB hole000.sph
SAMPLE 0.200000
ENDRAD 22.000000
IGNORE SOL WAT TIP HOH K   NA  CL
SHORTO 0
RASEED 31415
CPOINT -0.0030416660 0.0002222086 -0.0112500020


 WARNING have not found a CVECT record - will try to guess
 Input pdb filename read as:    '/tmp/tmphzw544j1.pdb'
 Input vdW radius file read as: 'simple2.rad'
 point in channel:   -0.003   0.000  -0.011
 channel vector:   ************************
 sampling distance between planes:    0.200

 graphics conditions:
 binary plot output file name: NONE
 Dot density:    10
 Draw dots?           T
 Draw close contacts? F
 Draw centre line?    T
 Produce spikes rather than dots? F
 Seed for random number generator:     31415 (0 means value set by program)
 Radius above which a result is regarded as an 'end':  22.000
 Pdb format file for sphere centres: hole000.sph

 Monte Carlo conditions:
  no of steps:  1000
  maximum displacement   0.100 angs
  'kT' initial   0.100 angs
 The spherebox and capsule options are turned off.
 (No molqpt card so will not write qpt file of the molecule)
 IGNORE card read so will ignore residue types: SOL WAT TIP HOH K   NA  CL
 no SHORTO card read so will produce full textual output
 As no PEGRAT card was found will not produce PEG polymer exclusion graph
 (No 2DMAPS card specified so will not produce 2D property maps)
 Have not found a CUT card.  Normal calculation using
   Cutoff lists with a cutsize=       1.000
   (if you wish to turn off option use a CUT -1 card)

 Have read     7 bond radius records and
              16 vdW radius records.
 From file: simple2.rad

 Have read    72 atom records.
 From file: /tmp/tmphzw544j1.pdb
 Will not produce graphical output

 Have opened file for pdb format output of sphere centres:  hole000.sph

  Seed integer used by ran # generator on this run      31415

 
 S/R cguess will try to guess CPOINT and/or CVECT
 
 THESE GUESSES MAY WELL BE WRONG!!!!
 Routine relies on having a reasonably symmetric
 channel oriented along x, y or z vector
 YOU ARE STRONGLY ADVISED TO CHECK THE RESULTS
                       WITH MOLECULAR GRAPHICS
 testing points from cpoint in X, Y then Z direction
   point                   pore radius
direction     1
  -5.003   0.000  -0.011    -1.752
  -4.003   0.000  -0.011    -0.879
  -3.003   0.000  -0.011    -0.035
  -2.003   0.000  -0.011     0.961
  -1.003   0.000  -0.011     1.725
  -0.003   0.000  -0.011     1.824
   0.997   0.000  -0.011     1.677
   1.997   0.000  -0.011     0.970
   2.997   0.000  -0.011    -0.027
   3.997   0.000  -0.011    -0.897
   4.997   0.000  -0.011    -1.734
 Average pore radius along the line=      0.167
direction     2
  -0.003  -5.000  -0.011    -1.309
  -0.003  -4.000  -0.011    -0.939
  -0.003  -3.000  -0.011    -0.290
  -0.003  -2.000  -0.011     0.139
  -0.003  -1.000  -0.011     0.907
  -0.003   0.000  -0.011     1.824
  -0.003   1.000  -0.011     1.149
  -0.003   2.000  -0.011     0.433
  -0.003   3.000  -0.011    -0.088
  -0.003   4.000  -0.011    -0.946
  -0.003   5.000  -0.011    -1.315
 Average pore radius along the line=     -0.040
direction     3
  -0.003   0.000  -5.011     4.098
  -0.003   0.000  -4.011     3.407
  -0.003   0.000  -3.011     2.752
  -0.003   0.000  -2.011     2.232
  -0.003   0.000  -1.011     1.969
  -0.003   0.000  -0.011     1.824
  -0.003   0.000   0.989     1.936
  -0.003   0.000   1.989     2.319
  -0.003   0.000   2.989     2.785
  -0.003   0.000   3.989     3.402
  -0.003   0.000   4.989     4.124
 Average pore radius along the line=      2.804
 Best direction is found to be     3
(1=X,2=Y,3=Z)
 s/r cguess has produced initial values for cpoint &/or cvect:
CPOINT      -0.0030      0.0002     -0.0113
CVECT        0.0000      0.0000      1.0000
 THESE GUESSES MAY WELL BE WRONG!!!!
 Routine relies on having a reasonably symmetric
 channel oriented along x, y or z vector
 YOU ARE STRONGLY ADVISED TO CHECK THE RESULTS
                       WITH MOLECULAR GRAPHICS
 
 
  Some routines (e.g. conn) need vectors normal to cvect: 
     EAST Zero degrees angle is along vector    1.000   0.000   0.000
     NORTH  90 degrees angle is along vector    0.000  -1.000   0.000
 highest radius point found:
  at point   -0.299   0.004  -0.011
  closest atom surface    1.936   H23 71  X    0
  2nd closest surface     1.941   H28 71  X    0
  found on step  970
  this is also current point
  no. of rejections          397
 stored as     0

 highest radius point found:
  at point   -0.353   0.021   0.189
  closest atom surface    1.968   H6  71  X    0
  2nd closest surface     1.968   H23 71  X    0
  found on step  978
  this is also current point
  no. of rejections          374
 stored as     1

 highest radius point found:
  at point   -0.404   0.035   0.389
  closest atom surface    2.011   H23 71  X    0
  2nd closest surface     2.011   H6  71  X    0
  found on step  797
 current point:
  at point   -0.373   0.046   0.389
  closest atom surface    2.007   H6  71  X    0
  2nd closest surface     2.008   H23 71  X    0
  found on step  924
  no. of rejections          395
 stored as     2

 highest radius point found:
  at point   -0.450   0.050   0.589
  closest atom surface    2.066   H23 71  X    0
  2nd closest surface     2.066   H6  71  X    0
  found on step  969
  this is also current point
  no. of rejections          383
 stored as     3

 highest radius point found:
  at point   -0.499   0.063   0.789
  closest atom surface    2.133   H23 71  X    0
  2nd closest surface     2.136   H6  71  X    0
  found on step  832
 current point:
  at point   -0.472   0.075   0.789
  closest atom surface    2.130   H6  71  X    0
  2nd closest surface     2.131   H23 71  X    0
  found on step  931
  no. of rejections          388
 stored as     4

 highest radius point found:
  at point   -0.552   0.079   0.989
  closest atom surface    2.215   H6  71  X    0
  2nd closest surface     2.216   H23 71  X    0
  found on step  905
  this is also current point
  no. of rejections          368
 stored as     5

 highest radius point found:
  at point   -0.509   0.125   1.189
  closest atom surface    2.288   H13 71  X    0
  2nd closest surface     2.289   N   71  X    0
  found on step  979
  this is also current point
  no. of rejections          396
 stored as     6

 highest radius point found:
  at point   -0.521   0.113   1.389
  closest atom surface    2.356   H23 71  X    0
  2nd closest surface     2.358   H13 71  X    0
  found on step  963
  this is also current point
  no. of rejections          369
 stored as     7

 highest radius point found:
  at point   -0.534   0.106   1.589
  closest atom surface    2.433   H23 71  X    0
  2nd closest surface     2.434   N   71  X    0
  found on step   99
 current point:
  at point   -0.540   0.100   1.589
  closest atom surface    2.431   H23 71  X    0
  2nd closest surface     2.433   N   71  X    0
  found on step  919
  no. of rejections          362
 stored as     8

 highest radius point found:
  at point   -0.543   0.099   1.789
  closest atom surface    2.519   H23 71  X    0
  2nd closest surface     2.519   N   71  X    0
  found on step  994
  this is also current point
  no. of rejections          378
 stored as     9

 highest radius point found:
  at point   -0.553   0.096   1.989
  closest atom surface    2.608   C15 71  X    0
  2nd closest surface     2.610   N   71  X    0
  found on step  756
 current point:
  at point   -0.560   0.091   1.989
  closest atom surface    2.607   N   71  X    0
  2nd closest surface     2.608   C15 71  X    0
  found on step  971
  no. of rejections          383
 stored as    10

 highest radius point found:
  at point   -0.560   0.111   2.189
  closest atom surface    2.698   C15 71  X    0
  2nd closest surface     2.698   H13 71  X    0
  found on step  969
  this is also current point
  no. of rejections          364
 stored as    11

 highest radius point found:
  at point   -0.575   0.123   2.389
  closest atom surface    2.793   N   71  X    0
  2nd closest surface     2.794   C15 71  X    0
  found on step  801
 current point:
  at point   -0.568   0.129   2.389
  closest atom surface    2.791   H13 71  X    0
  2nd closest surface     2.794   N   71  X    0
  found on step  923
  no. of rejections          391
 stored as    12

 highest radius point found:
  at point   -0.579   0.141   2.589
  closest atom surface    2.897   C15 71  X    0
  2nd closest surface     2.897   N   71  X    0
  found on step  934
  this is also current point
  no. of rejections          375
 stored as    13

 highest radius point found:
  at point   -0.600   0.147   2.789
  closest atom surface    3.002   N   71  X    0
  2nd closest surface     3.003   C4  71  X    0
  found on step  910
  this is also current point
  no. of rejections          362
 stored as    14

 highest radius point found:
  at point   -0.613   0.147   2.989
  closest atom surface    3.109   C   71  X    0
  2nd closest surface     3.109   C4  71  X    0
  found on step  630
 current point:
  at point   -0.652   0.125   2.989
  closest atom surface    3.107   C   71  X    0
  2nd closest surface     3.109   C15 71  X    0
  found on step  984
  no. of rejections          358
 stored as    15

 highest radius point found:
  at point   -0.638   0.138   3.189
  closest atom surface    3.218   C15 71  X    0
  2nd closest surface     3.219   C   71  X    0
  found on step  480
 current point:
  at point   -0.698   0.105   3.189
  closest atom surface    3.217   C   71  X    0
  2nd closest surface     3.218   C15 71  X    0
  found on step  949
  no. of rejections          358
 stored as    16

 highest radius point found:
  at point   -0.786   0.062   3.389
  closest atom surface    3.333   C   71  X    0
  2nd closest surface     3.334   C15 71  X    0
  found on step  719
 current point:
  at point   -0.666   0.128   3.389
  closest atom surface    3.333   C15 71  X    0
  2nd closest surface     3.334   C   71  X    0
  found on step  972
  no. of rejections          351
 stored as    17

 highest radius point found:
  at point   -0.868   0.021   3.589
  closest atom surface    3.455   N   71  X    0
  2nd closest surface     3.456   C15 71  X    0
  found on step  980
  this is also current point
  no. of rejections          327
 stored as    18

 highest radius point found:
  at point   -0.929  -0.009   3.789
  closest atom surface    3.583   C15 71  X    0
  2nd closest surface     3.585   N   71  X    0
  found on step  692
 current point:
  at point   -0.653   0.146   3.789
  closest atom surface    3.579   C15 71  X    0
  2nd closest surface     3.580   C4  71  X    0
  found on step  943
  no. of rejections          338
 stored as    19

 highest radius point found:
  at point   -0.994  -0.037   3.989
  closest atom surface    3.717   C   71  X    0
  2nd closest surface     3.717   C15 71  X    0
  found on step  520
 current point:
  at point   -0.816   0.062   3.989
  closest atom surface    3.710   C   71  X    0
  2nd closest surface     3.710   C15 71  X    0
  found on step  981
  no. of rejections          317
 stored as    20

 highest radius point found:
  at point   -1.075  -0.074   4.189
  closest atom surface    3.853   N   71  X    0
  2nd closest surface     3.854   C   71  X    0
  found on step  769
 current point:
  at point   -0.985  -0.029   4.189
  closest atom surface    3.848   C15 71  X    0
  2nd closest surface     3.851   C   71  X    0
  found on step  971
  no. of rejections          348
 stored as    21

 highest radius point found:
  at point   -1.120  -0.096   4.389
  closest atom surface    3.997   C   71  X    0
  2nd closest surface     3.997   C15 71  X    0
  found on step  922
  this is also current point
  no. of rejections          320
 stored as    22

 highest radius point found:
  at point   -1.099  -0.077   4.589
  closest atom surface    4.133   H5  71  X    0
  2nd closest surface     4.134   C   71  X    0
  found on step  847
 current point:
  at point   -1.071  -0.065   4.589
  closest atom surface    4.132   H5  71  X    0
  2nd closest surface     4.132   C15 71  X    0
  found on step  990
  no. of rejections          343
 stored as    23

 highest radius point found:
  at point   -1.041  -0.056   4.789
  closest atom surface    4.265   H5  71  X    0
  2nd closest surface     4.266   C15 71  X    0
  found on step  990
  this is also current point
  no. of rejections          347
 stored as    24

 highest radius point found:
  at point   -1.030  -0.058   4.989
  closest atom surface    4.404   H5  71  X    0
  2nd closest surface     4.405   C15 71  X    0
  found on step  935
  this is also current point
  no. of rejections          321
 stored as    25

 highest radius point found:
  at point   -0.977  -0.039   5.189
  closest atom surface    4.542   C15 71  X    0
  2nd closest surface     4.546   H5  71  X    0
  found on step  533
 current point:
  at point   -0.652   0.132   5.189
  closest atom surface    4.530   C15 71  X    0
  2nd closest surface     4.530   H5  71  X    0
  found on step  973
  no. of rejections          311
 stored as    26

 highest radius point found:
  at point   -0.977  -0.039   5.389
  closest atom surface    4.689   H5  71  X    0
  2nd closest surface     4.689   H27 71  X    0
  found on step    1
 current point:
  at point   -0.643   0.131   5.389
  closest atom surface    4.677   H5  71  X    0
  2nd closest surface     4.677   C15 71  X    0
  found on step  872
  no. of rejections          348
 stored as    27

 highest radius point found:
  at point   -0.923  -0.020   5.589
  closest atom surface    4.836   C15 71  X    0
  2nd closest surface     4.837   H5  71  X    0
  found on step  570
 current point:
  at point   -0.887  -0.001   5.589
  closest atom surface    4.834   C15 71  X    0
  2nd closest surface     4.835   H5  71  X    0
  found on step  913
  no. of rejections          332
 stored as    28

 highest radius point found:
  at point   -0.919  -0.021   5.789
  closest atom surface    4.987   H27 71  X    0
  2nd closest surface     4.988   H5  71  X    0
  found on step  942
  this is also current point
  no. of rejections          347
 stored as    29

 highest radius point found:
  at point   -0.877  -0.007   5.989
  closest atom surface    5.141   C15 71  X    0
  2nd closest surface     5.142   H5  71  X    0
  found on step  989
  this is also current point
  no. of rejections          301
 stored as    30

 highest radius point found:
  at point   -0.849   0.003   6.189
  closest atom surface    5.298   C15 71  X    0
  2nd closest surface     5.298   H5  71  X    0
  found on step  915
  this is also current point
  no. of rejections          307
 stored as    31

 highest radius point found:
  at point   -0.832   0.010   6.389
  closest atom surface    5.456   H5  71  X    0
  2nd closest surface     5.457   H27 71  X    0
  found on step  158
 current point:
  at point   -1.462  -0.114   6.389
  closest atom surface    5.400   H5  71  X    0
  2nd closest surface     5.401   H27 71  X    0
  found on step  987
  no. of rejections          285
 stored as    32

 highest radius point found:
  at point   -0.781   0.030   6.589
  closest atom surface    5.617   H5  71  X    0
  2nd closest surface     5.617   C15 71  X    0
  found on step  952
  this is also current point
  no. of rejections          308
 stored as    33

 highest radius point found:
  at point   -0.759   0.038   6.789
  closest atom surface    5.780   C15 71  X    0
  2nd closest surface     5.780   H5  71  X    0
  found on step  999
  this is also current point
  no. of rejections          302
 stored as    34

 highest radius point found:
  at point   -0.731   0.049   6.989
  closest atom surface    5.945   H5  71  X    0
  2nd closest surface     5.945   C15 71  X    0
  found on step  825
 current point:
  at point   -0.743   0.042   6.989
  closest atom surface    5.945   C15 71  X    0
  2nd closest surface     5.946   H5  71  X    0
  found on step  994
  no. of rejections          286
 stored as    35

 highest radius point found:
  at point   -0.731   0.049   7.189
  closest atom surface    6.110   H5  71  X    0
  2nd closest surface     6.114   C15 71  X    0
  found on step    1
 current point:
  at point   -0.816   0.028   7.189
  closest atom surface    6.101   H5  71  X    0
  2nd closest surface     6.101   H27 71  X    0
  found on step 1000
  no. of rejections          299
 stored as    36

 highest radius point found:
  at point   -0.685   0.067   7.389
  closest atom surface    6.280   H5  71  X    0
  2nd closest surface     6.281   C15 71  X    0
  found on step   21
 current point:
  at point   -0.579   0.122   7.389
  closest atom surface    6.280   C15 71  X    0
  2nd closest surface     6.280   H5  71  X    0
  found on step  893
  no. of rejections          306
 stored as    37

 highest radius point found:
  at point   -0.704   0.061   7.589
  closest atom surface    6.447   H5  71  X    0
  2nd closest surface     6.448   H22 71  X    0
  found on step  921
  this is also current point
  no. of rejections          300
 stored as    38

 highest radius point found:
  at point   -0.712   0.063   7.789
  closest atom surface    6.614   H5  71  X    0
  2nd closest surface     6.615   H22 71  X    0
  found on step  801
 current point:
  at point   -0.625   0.109   7.789
  closest atom surface    6.614   H22 71  X    0
  2nd closest surface     6.614   H5  71  X    0
  found on step  985
  no. of rejections          280
 stored as    39

 highest radius point found:
  at point   -0.699   0.077   7.989
  closest atom surface    6.783   H5  71  X    0
  2nd closest surface     6.783   H22 71  X    0
  found on step  742
 current point:
  at point   -0.549   0.157   7.989
  closest atom surface    6.782   H5  71  X    0
  2nd closest surface     6.783   H22 71  X    0
  found on step  998
  no. of rejections          290
 stored as    40

 highest radius point found:
  at point   -0.747   0.060   8.189
  closest atom surface    6.952   H27 71  X    0
  2nd closest surface     6.953   H5  71  X    0
  found on step  795
 current point:
  at point   -0.529   0.174   8.189
  closest atom surface    6.951   C4  71  X    0
  2nd closest surface     6.953   H22 71  X    0
  found on step  937
  no. of rejections          292
 stored as    41

 highest radius point found:
  at point   -0.743   0.071   8.389
  closest atom surface    7.124   H5  71  X    0
  2nd closest surface     7.127   H22 71  X    0
  found on step  774
 current point:
  at point   -0.541   0.177   8.389
  closest atom surface    7.123   H5  71  X    0
  2nd closest surface     7.126   H22 71  X    0
  found on step  922
  no. of rejections          270
 stored as    42

 highest radius point found:
  at point   -0.752   0.069   8.589
  closest atom surface    7.299   H22 71  X    0
  2nd closest surface     7.299   H5  71  X    0
  found on step    3
 current point:
  at point   -1.901  -0.159   8.589
  closest atom surface    7.244   H27 71  X    0
  2nd closest surface     7.245   H5  71  X    0
  found on step  995
  no. of rejections          264
 stored as    43

 highest radius point found:
  at point   -0.762   0.071   8.789
  closest atom surface    7.473   H5  71  X    0
  2nd closest surface     7.473   H22 71  X    0
  found on step  999
  this is also current point
  no. of rejections          302
 stored as    44

 highest radius point found:
  at point   -0.770   0.074   8.989
  closest atom surface    7.648   H5  71  X    0
  2nd closest surface     7.649   H22 71  X    0
  found on step    2
 current point:
  at point   -0.771   0.071   8.989
  closest atom surface    7.647   H22 71  X    0
  2nd closest surface     7.648   H27 71  X    0
  found on step  912
  no. of rejections          274
 stored as    45

 highest radius point found:
  at point   -0.764   0.082   9.189
  closest atom surface    7.824   H22 71  X    0
  2nd closest surface     7.825   H5  71  X    0
  found on step  569
 current point:
  at point   -0.729   0.102   9.189
  closest atom surface    7.824   H22 71  X    0
  2nd closest surface     7.824   H5  71  X    0
  found on step  995
  no. of rejections          277
 stored as    46

 highest radius point found:
  at point   -0.796   0.078   9.389
  closest atom surface    8.000   H5  71  X    0
  2nd closest surface     8.003   H27 71  X    0
  found on step   26
 current point:
  at point   -1.385  -0.039   9.389
  closest atom surface    7.958   H5  71  X    0
  2nd closest surface     7.960   H27 71  X    0
  found on step  952
  no. of rejections          263
 stored as    47

 highest radius point found:
  at point   -0.796   0.078   9.589
  closest atom surface    8.180   H22 71  X    0
  2nd closest surface     8.180   H27 71  X    0
  found on step    1
 current point:
  at point   -0.652   0.156   9.589
  closest atom surface    8.178   H22 71  X    0
  2nd closest surface     8.178   H5  71  X    0
  found on step  969
  no. of rejections          261
 stored as    48

 highest radius point found:
  at point   -0.532   0.227   9.789
  closest atom surface    8.358   H22 71  X    0
  2nd closest surface     8.358   H5  71  X    0
  found on step  988
  this is also current point
  no. of rejections          289
 stored as    49

 highest radius point found:
  at point   -0.815   0.085   9.989
  closest atom surface    8.539   H5  71  X    0
  2nd closest surface     8.540   H27 71  X    0
  found on step  568
 current point:
  at point   -0.763   0.111   9.989
  closest atom surface    8.538   H22 71  X    0
  2nd closest surface     8.538   H5  71  X    0
  found on step  992
  no. of rejections          249
 stored as    50

 highest radius point found:
  at point   -0.773   0.113  10.189
  closest atom surface    8.719   H5  71  X    0
  2nd closest surface     8.719   H22 71  X    0
  found on step  940
  this is also current point
  no. of rejections          265
 stored as    51

 highest radius point found:
  at point   -0.818   0.096  10.389
  closest atom surface    8.901   H5  71  X    0
  2nd closest surface     8.902   H22 71  X    0
  found on step  968
  this is also current point
  no. of rejections          254
 stored as    52

 highest radius point found:
  at point   -0.818   0.096  10.589
  closest atom surface    9.081   H22 71  X    0
  2nd closest surface     9.086   H5  71  X    0
  found on step    1
 current point:
  at point   -2.035  -0.142  10.589
  closest atom surface    9.049   H5  71  X    0
  2nd closest surface     9.051   H27 71  X    0
  found on step  993
  no. of rejections          229
 stored as    53

 highest radius point found:
  at point   -0.841   0.100  10.789
  closest atom surface    9.266   H5  71  X    0
  2nd closest surface     9.268   H22 71  X    0
  found on step  508
 current point:
  at point   -1.332  -0.002  10.789
  closest atom surface    9.237   H5  71  X    0
  2nd closest surface     9.237   H27 71  X    0
  found on step  997
  no. of rejections          251
 stored as    54

 highest radius point found:
  at point   -0.841   0.106  10.989
  closest atom surface    9.450   H5  71  X    0
  2nd closest surface     9.451   H22 71  X    0
  found on step  344
 current point:
  at point   -0.502   0.284  10.989
  closest atom surface    9.449   H22 71  X    0
  2nd closest surface     9.449   H5  71  X    0
  found on step  909
  no. of rejections          257
 stored as    55

 highest radius point found:
  at point   -2.588  -0.239  11.189
  closest atom surface    9.636   H5  71  X    0
  2nd closest surface     9.637   C26 71  X    0
  found on step  892
  this is also current point
  no. of rejections          259
 stored as    56

 highest radius point found:
  at point   -2.588  -0.239  11.389
  closest atom surface    9.821   H27 71  X    0
  2nd closest surface     9.823   H5  71  X    0
  found on step    1
 current point:
  at point   -0.869   0.102  11.389
  closest atom surface    9.819   H22 71  X    0
  2nd closest surface     9.820   H5  71  X    0
  found on step  996
  no. of rejections          245
 stored as    57

 highest radius point found:
  at point   -2.607  -0.229  11.589
  closest atom surface   10.007   H5  71  X    0
  2nd closest surface    10.012   H27 71  X    0
  found on step  119
 current point:
  at point   -0.878   0.104  11.589
  closest atom surface   10.005   H22 71  X    0
  2nd closest surface    10.005   H5  71  X    0
  found on step  931
  no. of rejections          246
 stored as    58

 highest radius point found:
  at point   -2.695  -0.252  11.789
  closest atom surface   10.203   H27 71  X    0
  2nd closest surface    10.203   C26 71  X    0
  found on step  975
  this is also current point
  no. of rejections          236
 stored as    59

 highest radius point found:
  at point   -2.727  -0.254  11.989
  closest atom surface   10.393   H27 71  X    0
  2nd closest surface    10.393   C26 71  X    0
  found on step  972
  this is also current point
  no. of rejections          246
 stored as    60

 highest radius point found:
  at point   -2.750  -0.253  12.189
  closest atom surface   10.582   H27 71  X    0
  2nd closest surface    10.582   H5  71  X    0
  found on step  988
  this is also current point
  no. of rejections          173
 stored as    61

 highest radius point found:
  at point   -2.793  -0.258  12.389
  closest atom surface   10.773   H27 71  X    0
  2nd closest surface    10.774   H5  71  X    0
  found on step  953
  this is also current point
  no. of rejections          266
 stored as    62

 highest radius point found:
  at point   -2.820  -0.251  12.589
  closest atom surface   10.961   H5  71  X    0
  2nd closest surface    10.966   C26 71  X    0
  found on step  146
 current point:
  at point   -2.618  -0.198  12.589
  closest atom surface   10.939   H5  71  X    0
  2nd closest surface    10.953   H27 71  X    0
  found on step  980
  no. of rejections          224
 stored as    63

 highest radius point found:
  at point   -2.881  -0.256  12.789
  closest atom surface   11.153   C26 71  X    0
  2nd closest surface    11.154   H5  71  X    0
  found on step    3
 current point:
  at point   -3.368  -0.724  12.789
  closest atom surface   11.102   C26 71  X    0
  2nd closest surface    11.110   H27 71  X    0
  found on step  993
  no. of rejections          172
 stored as    64

 highest radius point found:
  at point   -2.908  -0.259  12.989
  closest atom surface   11.346   H5  71  X    0
  2nd closest surface    11.346   C26 71  X    0
  found on step  998
  this is also current point
  no. of rejections          197
 stored as    65

 highest radius point found:
  at point   -2.934  -0.265  13.189
  closest atom surface   11.539   H5  71  X    0
  2nd closest surface    11.539   C26 71  X    0
  found on step    3
 current point:
  at point   -2.527  -0.189  13.189
  closest atom surface   11.506   H5  71  X    0
  2nd closest surface    11.506   H27 71  X    0
  found on step  939
  no. of rejections          197
 stored as    66

 highest radius point found:
  at point   -2.965  -0.271  13.389
  closest atom surface   11.732   H27 71  X    0
  2nd closest surface    11.732   H5  71  X    0
  found on step  960
  this is also current point
  no. of rejections          200
 stored as    67

 highest radius point found:
  at point   -2.965  -0.271  13.589
  closest atom surface   11.920   H27 71  X    0
  2nd closest surface    11.922   H5  71  X    0
  found on step    1
 current point:
  at point   -3.401  -0.655  13.589
  closest atom surface   11.887   C26 71  X    0
  2nd closest surface    11.888   H27 71  X    0
  found on step  999
  no. of rejections          190
 stored as    68

 highest radius point found:
  at point   -3.036  -0.276  13.789
  closest atom surface   12.117   C26 71  X    0
  2nd closest surface    12.118   H5  71  X    0
  found on step  971
  this is also current point
  no. of rejections          212
 stored as    69

 highest radius point found:
  at point   -3.066  -0.276  13.989
  closest atom surface   12.310   H5  71  X    0
  2nd closest surface    12.311   C26 71  X    0
  found on step  999
  this is also current point
  no. of rejections          157
 stored as    70

 highest radius point found:
  at point   -3.099  -0.282  14.189
  closest atom surface   12.504   H5  71  X    0
  2nd closest surface    12.504   H27 71  X    0
  found on step  979
  this is also current point
  no. of rejections          221
 stored as    71

 highest radius point found:
  at point   -3.139  -0.289  14.389
  closest atom surface   12.698   C26 71  X    0
  2nd closest surface    12.698   H27 71  X    0
  found on step  987
  this is also current point
  no. of rejections          187
 stored as    72

 highest radius point found:
  at point   -3.166  -0.286  14.589
  closest atom surface   12.892   H5  71  X    0
  2nd closest surface    12.892   C26 71  X    0
  found on step  988
  this is also current point
  no. of rejections          147
 stored as    73

 highest radius point found:
  at point   -3.202  -0.288  14.789
  closest atom surface   13.086   H5  71  X    0
  2nd closest surface    13.086   C26 71  X    0
  found on step  929
  this is also current point
  no. of rejections          220
 stored as    74

 highest radius point found:
  at point   -3.237  -0.294  14.989
  closest atom surface   13.281   C26 71  X    0
  2nd closest surface    13.281   H27 71  X    0
  found on step  995
  this is also current point
  no. of rejections          128
 stored as    75

 highest radius point found:
  at point   -3.271  -0.293  15.189
  closest atom surface   13.475   C26 71  X    0
  2nd closest surface    13.476   H5  71  X    0
  found on step  148
 current point:
  at point   -3.263  -0.296  15.189
  closest atom surface   13.475   H27 71  X    0
  2nd closest surface    13.476   H5  71  X    0
  found on step  991
  no. of rejections          181
 stored as    76

 highest radius point found:
  at point   -3.297  -0.290  15.389
  closest atom surface   13.669   H5  71  X    0
  2nd closest surface    13.671   C26 71  X    0
  found on step  118
 current point:
  at point   -3.521  -0.507  15.389
  closest atom surface   13.654   C26 71  X    0
  2nd closest surface    13.655   H27 71  X    0
  found on step 1000
  no. of rejections          148
 stored as    77

 highest radius point found:
  at point   -3.340  -0.307  15.589
  closest atom surface   13.865   C26 71  X    0
  2nd closest surface    13.865   H27 71  X    0
  found on step  997
  this is also current point
  no. of rejections          188
 stored as    78

 highest radius point found:
  at point   -3.412  -0.296  15.789
  closest atom surface   14.056   C26 71  X    0
  2nd closest surface    14.063   H5  71  X    0
  found on step    4
 current point:
  at point   -3.888  -0.808  15.789
  closest atom surface   14.035   H27 71  X    0
  2nd closest surface    14.036   C26 71  X    0
  found on step 1000
  no. of rejections          161
 stored as    79

 highest radius point found:
  at point   -3.400  -0.305  15.989
  closest atom surface   14.257   C26 71  X    0
  2nd closest surface    14.257   H5  71  X    0
  found on step  124
 current point:
  at point   -3.351  -0.303  15.989
  closest atom surface   14.250   H27 71  X    0
  2nd closest surface    14.254   H5  71  X    0
  found on step  994
  no. of rejections          201
 stored as    80

 highest radius point found:
  at point   -3.431  -0.308  16.189
  closest atom surface   14.452   H27 71  X    0
  2nd closest surface    14.453   H5  71  X    0
  found on step  980
  this is also current point
  no. of rejections          185
 stored as    81

 highest radius point found:
  at point   -3.431  -0.308  16.389
  closest atom surface   14.644   H27 71  X    0
  2nd closest surface    14.646   H5  71  X    0
  found on step    1
 current point:
  at point   -3.735  -0.557  16.389
  closest atom surface   14.633   C26 71  X    0
  2nd closest surface    14.637   H27 71  X    0
  found on step  997
  no. of rejections          142
 stored as    82

 highest radius point found:
  at point   -3.537  -0.298  16.589
  closest atom surface   14.841   C26 71  X    0
  2nd closest surface    14.844   H5  71  X    0
  found on step  679
 current point:
  at point   -3.594  -0.400  16.589
  closest atom surface   14.838   C26 71  X    0
  2nd closest surface    14.840   H27 71  X    0
  found on step 1000
  no. of rejections          146
 stored as    83

 highest radius point found:
  at point   -3.530  -0.313  16.789
  closest atom surface   15.040   H5  71  X    0
  2nd closest surface    15.041   C26 71  X    0
  found on step  313
 current point:
  at point   -3.526  -0.314  16.789
  closest atom surface   15.040   H5  71  X    0
  2nd closest surface    15.040   H27 71  X    0
  found on step  983
  no. of rejections          175
 stored as    84

 highest radius point found:
  at point   -3.567  -0.321  16.989
  closest atom surface   15.237   C26 71  X    0
  2nd closest surface    15.237   H27 71  X    0
  found on step  923
  this is also current point
  no. of rejections          191
 stored as    85

 highest radius point found:
  at point   -3.604  -0.315  17.189
  closest atom surface   15.433   C26 71  X    0
  2nd closest surface    15.433   H5  71  X    0
  found on step  998
  this is also current point
  no. of rejections          150
 stored as    86

 highest radius point found:
  at point   -3.631  -0.325  17.389
  closest atom surface   15.630   H27 71  X    0
  2nd closest surface    15.630   C26 71  X    0
  found on step  983
  this is also current point
  no. of rejections          166
 stored as    87

 highest radius point found:
  at point   -3.668  -0.330  17.589
  closest atom surface   15.827   C26 71  X    0
  2nd closest surface    15.827   H27 71  X    0
  found on step  975
  this is also current point
  no. of rejections          163
 stored as    88

 highest radius point found:
  at point   -3.677  -0.322  17.789
  closest atom surface   16.022   H5  71  X    0
  2nd closest surface    16.023   H27 71  X    0
  found on step    3
 current point:
  at point   -3.800  -0.419  17.789
  closest atom surface   16.019   C26 71  X    0
  2nd closest surface    16.021   H27 71  X    0
  found on step  995
  no. of rejections          125
 stored as    89

 highest radius point found:
  at point   -3.677  -0.322  17.989
  closest atom surface   16.215   H27 71  X    0
  2nd closest surface    16.216   H5  71  X    0
  found on step    1
 current point:
  at point   -4.196  -0.803  17.989
  closest atom surface   16.200   C21 71  X    0
  2nd closest surface    16.206   H27 71  X    0
  found on step  998
  no. of rejections          127
 stored as    90

 highest radius point found:
  at point   -3.752  -0.332  18.189
  closest atom surface   16.417   H27 71  X    0
  2nd closest surface    16.418   H5  71  X    0
  found on step  182
 current point:
  at point   -4.086  -0.649  18.189
  closest atom surface   16.408   C26 71  X    0
  2nd closest surface    16.409   H27 71  X    0
  found on step  976
  no. of rejections          111
 stored as    91

 highest radius point found:
  at point   -3.805  -0.340  18.389
  closest atom surface   16.615   C26 71  X    0
  2nd closest surface    16.617   H27 71  X    0
  found on step  990
  this is also current point
  no. of rejections          138
 stored as    92

 highest radius point found:
  at point   -3.821  -0.339  18.589
  closest atom surface   16.812   H27 71  X    0
  2nd closest surface    16.813   C26 71  X    0
  found on step  987
  this is also current point
  no. of rejections          201
 stored as    93

 highest radius point found:
  at point   -3.851  -0.343  18.789
  closest atom surface   17.009   H27 71  X    0
  2nd closest surface    17.011   H5  71  X    0
  found on step   30
 current point:
  at point   -3.968  -0.450  18.789
  closest atom surface   17.006   H27 71  X    0
  2nd closest surface    17.007   C26 71  X    0
  found on step  993
  no. of rejections          151
 stored as    94

 highest radius point found:
  at point   -3.895  -0.348  18.989
  closest atom surface   17.208   H27 71  X    0
  2nd closest surface    17.208   C26 71  X    0
  found on step  998
  this is also current point
  no. of rejections          177
 stored as    95

 highest radius point found:
  at point   -3.927  -0.349  19.189
  closest atom surface   17.406   C26 71  X    0
  2nd closest surface    17.406   H27 71  X    0
  found on step 1000
  this is also current point
  no. of rejections          187
 stored as    96

 highest radius point found:
  at point   -3.986  -0.324  19.389
  closest atom surface   17.602   C26 71  X    0
  2nd closest surface    17.602   H5  71  X    0
  found on step    4
 current point:
  at point   -4.272  -0.168  19.389
  closest atom surface   17.585   C26 71  X    0
  2nd closest surface    17.595   H5  71  X    0
  found on step  999
  no. of rejections          132
 stored as    97

 highest radius point found:
  at point   -3.997  -0.351  19.589
  closest atom surface   17.801   C26 71  X    0
  2nd closest surface    17.803   H5  71  X    0
  found on step  944
  this is also current point
  no. of rejections          166
 stored as    98

 highest radius point found:
  at point   -4.042  -0.370  19.789
  closest atom surface   17.999   C26 71  X    0
  2nd closest surface    18.000   H27 71  X    0
  found on step  997
  this is also current point
  no. of rejections          139
 stored as    99

 highest radius point found:
  at point   -4.062  -0.366  19.989
  closest atom surface   18.197   H27 71  X    0
  2nd closest surface    18.198   C26 71  X    0
  found on step   30
 current point:
  at point   -4.298  -0.625  19.989
  closest atom surface   18.188   C21 71  X    0
  2nd closest surface    18.189   H27 71  X    0
  found on step  994
  no. of rejections          163
 stored as   100

 highest radius point found:
  at point   -4.137  -0.380  20.189
  closest atom surface   18.394   C26 71  X    0
  2nd closest surface    18.400   H27 71  X    0
  found on step  665
 current point:
  at point   -4.222  -0.486  20.189
  closest atom surface   18.393   C26 71  X    0
  2nd closest surface    18.394   H27 71  X    0
  found on step  960
  no. of rejections          145
 stored as   101

 highest radius point found:
  at point   -4.125  -0.366  20.389
  closest atom surface   18.594   C26 71  X    0
  2nd closest surface    18.595   H27 71  X    0
  found on step  977
  this is also current point
  no. of rejections          163
 stored as   102

 highest radius point found:
  at point   -4.153  -0.363  20.589
  closest atom surface   18.793   C26 71  X    0
  2nd closest surface    18.793   H27 71  X    0
  found on step  949
  this is also current point
  no. of rejections          169
 stored as   103

 highest radius point found:
  at point   -4.195  -0.376  20.789
  closest atom surface   18.991   C26 71  X    0
  2nd closest surface    18.991   H27 71  X    0
  found on step  981
  this is also current point
  no. of rejections          188
 stored as   104

 highest radius point found:
  at point   -4.222  -0.375  20.989
  closest atom surface   19.190   C26 71  X    0
  2nd closest surface    19.190   H27 71  X    0
  found on step  958
  this is also current point
  no. of rejections          191
 stored as   105

 highest radius point found:
  at point   -4.262  -0.385  21.189
  closest atom surface   19.388   C26 71  X    0
  2nd closest surface    19.388   H27 71  X    0
  found on step  963
  this is also current point
  no. of rejections          186
 stored as   106

 highest radius point found:
  at point   -4.349  -0.337  21.389
  closest atom surface   19.584   C26 71  X    0
  2nd closest surface    19.588   H5  71  X    0
  found on step    9
 current point:
  at point   -3.733  -0.260  21.389
  closest atom surface   19.525   H5  71  X    0
  2nd closest surface    19.526   H27 71  X    0
  found on step 1000
  no. of rejections          188
 stored as   107

 highest radius point found:
  at point   -4.311  -0.372  21.589
  closest atom surface   19.786   C26 71  X    0
  2nd closest surface    19.786   H5  71  X    0
  found on step  997
  this is also current point
  no. of rejections          154
 stored as   108

 highest radius point found:
  at point   -4.341  -0.375  21.789
  closest atom surface   19.985   C26 71  X    0
  2nd closest surface    19.985   H5  71  X    0
  found on step 1000
  this is also current point
  no. of rejections          150
 stored as   109

 highest radius point found:
  at point   -4.373  -0.376  21.989
  closest atom surface   20.183   C21 71  X    0
  2nd closest surface    20.184   C26 71  X    0
  found on step  100
 current point:
  at point   -3.675  -0.234  21.989
  closest atom surface   20.105   H5  71  X    0
  2nd closest surface    20.107   H27 71  X    0
  found on step  999
  no. of rejections          160
 stored as   110

 highest radius point found:
  at point   -4.402  -0.379  22.189
  closest atom surface   20.381   C21 71  X    0
  2nd closest surface    20.382   H27 71  X    0
  found on step  973
  this is also current point
  no. of rejections          159
 stored as   111

 highest radius point found:
  at point   -4.436  -0.379  22.389
  closest atom surface   20.578   C21 71  X    0
  2nd closest surface    20.581   H5  71  X    0
  found on step  353
 current point:
  at point   -4.894  -1.215  22.389
  closest atom surface   20.533   H27 71  X    0
  2nd closest surface    20.533   C22 71  X    0
  found on step  996
  no. of rejections          158
 stored as   112

 highest radius point found:
  at point   -4.443  -0.380  22.589
  closest atom surface   20.777   C21 71  X    0
  2nd closest surface    20.777   H27 71  X    0
  found on step  960
  this is also current point
  no. of rejections          197
 stored as   113

 highest radius point found:
  at point   -4.499  -0.391  22.789
  closest atom surface   20.973   C21 71  X    0
  2nd closest surface    20.979   H27 71  X    0
  found on step  107
 current point:
  at point   -5.985  -3.335  22.789
  closest atom surface   20.968   C22 71  X    0
  2nd closest surface    20.969   H27 71  X    0
  found on step  986
  no. of rejections          140
 stored as   114

 highest radius point found:
  at point   -4.494  -0.383  22.989
  closest atom surface   21.174   C21 71  X    0
  2nd closest surface    21.174   H27 71  X    0
  found on step  831
 current point:
  at point   -4.490  -0.378  22.989
  closest atom surface   21.173   H5  71  X    0
  2nd closest surface    21.174   C21 71  X    0
  found on step  963
  no. of rejections          176
 stored as   115

 highest radius point found:
  at point   -4.514  -0.383  23.189
  closest atom surface   21.372   H27 71  X    0
  2nd closest surface    21.372   C21 71  X    0
  found on step  989
  this is also current point
  no. of rejections          187
 stored as   116

 highest radius point found:
  at point   -4.541  -0.380  23.389
  closest atom surface   21.570   C21 71  X    0
  2nd closest surface    21.570   H5  71  X    0
  found on step  984
  this is also current point
  no. of rejections          160
 stored as   117

 highest radius point found:
  at point   -4.541  -0.380  23.589
  closest atom surface   21.766   H27 71  X    0
  2nd closest surface    21.766   H5  71  X    0
  found on step    1
 current point:
  at point   -4.707  -0.670  23.589
  closest atom surface   21.747   C22 71  X    0
  2nd closest surface    21.747   H27 71  X    0
  found on step  993
  no. of rejections          148
 stored as   118

 highest radius point found:
  at point   -4.571  -0.379  23.789
  closest atom surface   21.965   H5  71  X    0
  2nd closest surface    21.965   H27 71  X    0
  found on step  982
  this is also current point
  no. of rejections          180
 stored as   119

 highest radius point found:
  at point   -4.589  -0.381  23.989
  closest atom surface   22.162   C22 71  X    0
  2nd closest surface    22.163   H27 71  X    0
  found on step  995
  this is also current point
  no. of rejections          145
 This is an end! (radius above  22.0 angs)
 highest radius point found:
  at point   -0.251  -0.007  -0.211
  closest atom surface    1.925   H23 71  X    0
  2nd closest surface     1.926   H6  71  X    0
  found on step  945
  this is also current point
  no. of rejections          396
 stored as    -1

 highest radius point found:
  at point    0.189   0.117  -0.411
  closest atom surface    1.928   H6  71  X    0
  2nd closest surface     1.933   H23 71  X    0
  found on step  262
 current point:
  at point   -0.207  -0.023  -0.411
  closest atom surface    1.925   H28 71  X    0
  2nd closest surface     1.926   H6  71  X    0
  found on step  981
  no. of rejections          391
 stored as    -2

 highest radius point found:
  at point    0.275   0.113  -0.611
  closest atom surface    1.955   H6  71  X    0
  2nd closest surface     1.956   H23 71  X    0
  found on step  909
  this is also current point
  no. of rejections          391
 stored as    -3

 highest radius point found:
  at point    0.386   0.119  -0.811
  closest atom surface    1.998   H13 71  X    0
  2nd closest surface     1.999   H23 71  X    0
  found on step  978
  this is also current point
  no. of rejections          369
 stored as    -4

 highest radius point found:
  at point    0.481   0.118  -1.011
  closest atom surface    2.054   H13 71  X    0
  2nd closest surface     2.054   H23 71  X    0
  found on step  929
  this is also current point
  no. of rejections          400
 stored as    -5

 highest radius point found:
  at point    0.566   0.118  -1.211
  closest atom surface    2.127   H13 71  X    0
  2nd closest surface     2.127   H23 71  X    0
  found on step  936
  this is also current point
  no. of rejections          368
 stored as    -6

 highest radius point found:
  at point    0.661   0.116  -1.411
  closest atom surface    2.210   H23 71  X    0
  2nd closest surface     2.211   H13 71  X    0
  found on step  959
  this is also current point
  no. of rejections          372
 stored as    -7

 highest radius point found:
  at point    0.747   0.118  -1.611
  closest atom surface    2.308   H13 71  X    0
  2nd closest surface     2.309   H23 71  X    0
  found on step  654
 current point:
  at point    0.752   0.116  -1.611
  closest atom surface    2.308   H23 71  X    0
  2nd closest surface     2.308   H13 71  X    0
  found on step  956
  no. of rejections          378
 stored as    -8

 highest radius point found:
  at point    0.833   0.119  -1.811
  closest atom surface    2.415   H6  71  X    0
  2nd closest surface     2.416   H13 71  X    0
  found on step  681
 current point:
  at point    0.857   0.114  -1.811
  closest atom surface    2.414   H23 71  X    0
  2nd closest surface     2.416   H13 71  X    0
  found on step  956
  no. of rejections          374
 stored as    -9

 highest radius point found:
  at point    0.878   0.102  -2.011
  closest atom surface    2.522   N2  71  X    0
  2nd closest surface     2.522   H6  71  X    0
  found on step  929
  this is also current point
  no. of rejections          382
 stored as   -10

 highest radius point found:
  at point    0.865   0.074  -2.211
  closest atom surface    2.616   H6  71  X    0
  2nd closest surface     2.617   N2  71  X    0
  found on step  949
  this is also current point
  no. of rejections          364
 stored as   -11

 highest radius point found:
  at point    0.816   0.015  -2.411
  closest atom surface    2.722   H23 71  X    0
  2nd closest surface     2.723   N2  71  X    0
  found on step  982
  this is also current point
  no. of rejections          351
 stored as   -12

 highest radius point found:
  at point    0.795  -0.017  -2.611
  closest atom surface    2.833   H6  71  X    0
  2nd closest surface     2.835   N2  71  X    0
  found on step  630
 current point:
  at point    0.779  -0.030  -2.611
  closest atom surface    2.833   H23 71  X    0
  2nd closest surface     2.835   H6  71  X    0
  found on step  984
  no. of rejections          347
 stored as   -13

 highest radius point found:
  at point    0.750  -0.068  -2.811
  closest atom surface    2.954   H6  71  X    0
  2nd closest surface     2.956   H23 71  X    0
  found on step  167
 current point:
  at point    0.749  -0.073  -2.811
  closest atom surface    2.953   H23 71  X    0
  2nd closest surface     2.955   N2  71  X    0
  found on step  996
  no. of rejections          359
 stored as   -14

 highest radius point found:
  at point    0.715  -0.114  -3.011
  closest atom surface    3.081   H6  71  X    0
  2nd closest surface     3.082   H23 71  X    0
  found on step  976
  this is also current point
  no. of rejections          350
 stored as   -15

 highest radius point found:
  at point    0.680  -0.156  -3.211
  closest atom surface    3.213   H6  71  X    0
  2nd closest surface     3.214   N2  71  X    0
  found on step  951
  this is also current point
  no. of rejections          369
 stored as   -16

 highest radius point found:
  at point    0.704  -0.152  -3.411
  closest atom surface    3.340   N2  71  X    0
  2nd closest surface     3.343   H6  71  X    0
  found on step  977
  this is also current point
  no. of rejections          327
 stored as   -17

 highest radius point found:
  at point    0.724  -0.144  -3.611
  closest atom surface    3.473   H6  71  X    0
  2nd closest surface     3.474   N2  71  X    0
  found on step    7
 current point:
  at point    0.726  -0.147  -3.611
  closest atom surface    3.472   N2  71  X    0
  2nd closest surface     3.475   H6  71  X    0
  found on step  999
  no. of rejections          326
 stored as   -18

 highest radius point found:
  at point    0.744  -0.140  -3.811
  closest atom surface    3.610   H6  71  X    0
  2nd closest surface     3.611   N2  71  X    0
  found on step  940
  this is also current point
  no. of rejections          337
 stored as   -19

 highest radius point found:
  at point    0.774  -0.126  -4.011
  closest atom surface    3.751   H6  71  X    0
  2nd closest surface     3.751   N2  71  X    0
  found on step  946
  this is also current point
  no. of rejections          317
 stored as   -20

 highest radius point found:
  at point    0.796  -0.124  -4.211
  closest atom surface    3.889   C14 71  X    0
  2nd closest surface     3.890   C1  71  X    0
  found on step  983
  this is also current point
  no. of rejections          349
 stored as   -21

 highest radius point found:
  at point    0.806  -0.130  -4.411
  closest atom surface    4.023   H10 71  X    0
  2nd closest surface     4.024   C14 71  X    0
  found on step  930
  this is also current point
  no. of rejections          348
 stored as   -22

 highest radius point found:
  at point    0.823  -0.147  -4.611
  closest atom surface    4.154   H10 71  X    0
  2nd closest surface     4.155   C14 71  X    0
  found on step  891
  this is also current point
  no. of rejections          348
 stored as   -23

 highest radius point found:
  at point    0.837  -0.163  -4.811
  closest atom surface    4.289   H10 71  X    0
  2nd closest surface     4.290   C14 71  X    0
  found on step  946
  this is also current point
  no. of rejections          332
 stored as   -24

 highest radius point found:
  at point    0.861  -0.176  -5.011
  closest atom surface    4.427   C14 71  X    0
  2nd closest surface     4.427   H10 71  X    0
  found on step  941
  this is also current point
  no. of rejections          326
 stored as   -25

 highest radius point found:
  at point    0.870  -0.192  -5.211
  closest atom surface    4.570   H10 71  X    0
  2nd closest surface     4.570   C14 71  X    0
  found on step  960
  this is also current point
  no. of rejections          325
 stored as   -26

 highest radius point found:
  at point    0.878  -0.206  -5.411
  closest atom surface    4.715   H10 71  X    0
  2nd closest surface     4.716   C18 71  X    0
  found on step  992
  this is also current point
  no. of rejections          336
 stored as   -27

 highest radius point found:
  at point    0.890  -0.221  -5.611
  closest atom surface    4.864   C18 71  X    0
  2nd closest surface     4.864   H10 71  X    0
  found on step  946
  this is also current point
  no. of rejections          353
 stored as   -28

 highest radius point found:
  at point    0.914  -0.236  -5.811
  closest atom surface    5.016   C14 71  X    0
  2nd closest surface     5.017   H10 71  X    0
  found on step  951
  this is also current point
  no. of rejections          329
 stored as   -29

 highest radius point found:
  at point    0.926  -0.253  -6.011
  closest atom surface    5.169   C14 71  X    0
  2nd closest surface     5.170   C18 71  X    0
  found on step  987
  this is also current point
  no. of rejections          321
 stored as   -30

 highest radius point found:
  at point    0.940  -0.262  -6.211
  closest atom surface    5.327   H10 71  X    0
  2nd closest surface     5.328   C14 71  X    0
  found on step  986
  this is also current point
  no. of rejections          316
 stored as   -31

 highest radius point found:
  at point    0.937  -0.270  -6.411
  closest atom surface    5.482   H20 71  X    0
  2nd closest surface     5.482   H10 71  X    0
  found on step  888
  this is also current point
  no. of rejections          311
 stored as   -32

 highest radius point found:
  at point    0.931  -0.282  -6.611
  closest atom surface    5.636   C18 71  X    0
  2nd closest surface     5.637   H20 71  X    0
  found on step  235
 current point:
  at point    1.013  -0.266  -6.611
  closest atom surface    5.625   H20 71  X    0
  2nd closest surface     5.634   H10 71  X    0
  found on step  999
  no. of rejections          328
 stored as   -33

 highest radius point found:
  at point    0.931  -0.283  -6.811
  closest atom surface    5.798   H20 71  X    0
  2nd closest surface     5.798   H10 71  X    0
  found on step  959
  this is also current point
  no. of rejections          291
 stored as   -34

 highest radius point found:
  at point    0.937  -0.287  -7.011
  closest atom surface    5.958   H10 71  X    0
  2nd closest surface     5.959   H20 71  X    0
  found on step  985
  this is also current point
  no. of rejections          293
 stored as   -35

 highest radius point found:
  at point    0.922  -0.298  -7.211
  closest atom surface    6.123   C18 71  X    0
  2nd closest surface     6.123   H20 71  X    0
  found on step  857
 current point:
  at point    0.920  -0.296  -7.211
  closest atom surface    6.122   H10 71  X    0
  2nd closest surface     6.123   C18 71  X    0
  found on step  897
  no. of rejections          310
 stored as   -36

 highest radius point found:
  at point    0.929  -0.302  -7.411
  closest atom surface    6.287   H20 71  X    0
  2nd closest surface     6.287   H10 71  X    0
  found on step  915
  this is also current point
  no. of rejections          299
 stored as   -37

 highest radius point found:
  at point    0.921  -0.311  -7.611
  closest atom surface    6.454   H20 71  X    0
  2nd closest surface     6.455   C18 71  X    0
  found on step  894
  this is also current point
  no. of rejections          314
 stored as   -38

 highest radius point found:
  at point    0.919  -0.317  -7.811
  closest atom surface    6.623   H20 71  X    0
  2nd closest surface     6.623   C18 71  X    0
  found on step  991
  this is also current point
  no. of rejections          303
 stored as   -39

 highest radius point found:
  at point    0.918  -0.322  -8.011
  closest atom surface    6.793   H10 71  X    0
  2nd closest surface     6.793   H20 71  X    0
  found on step  993
  this is also current point
  no. of rejections          275
 stored as   -40

 highest radius point found:
  at point    0.929  -0.328  -8.211
  closest atom surface    6.961   H20 71  X    0
  2nd closest surface     6.964   H10 71  X    0
  found on step    2
 current point:
  at point    1.896  -0.103  -8.211
  closest atom surface    6.912   H20 71  X    0
  2nd closest surface     6.912   H10 71  X    0
  found on step  910
  no. of rejections          290
 stored as   -41

 highest radius point found:
  at point    0.915  -0.334  -8.411
  closest atom surface    7.136   H10 71  X    0
  2nd closest surface     7.137   H20 71  X    0
  found on step  873
 current point:
  at point    0.907  -0.335  -8.411
  closest atom surface    7.135   C18 71  X    0
  2nd closest surface     7.136   H10 71  X    0
  found on step  970
  no. of rejections          304
 stored as   -42

 highest radius point found:
  at point    0.911  -0.341  -8.611
  closest atom surface    7.309   C18 71  X    0
  2nd closest surface     7.310   H10 71  X    0
  found on step  999
  this is also current point
  no. of rejections          281
 stored as   -43

 highest radius point found:
  at point    0.915  -0.347  -8.811
  closest atom surface    7.485   H10 71  X    0
  2nd closest surface     7.485   H20 71  X    0
  found on step  877
  this is also current point
  no. of rejections          271
 stored as   -44

 highest radius point found:
  at point    0.914  -0.356  -9.011
  closest atom surface    7.660   H20 71  X    0
  2nd closest surface     7.660   C18 71  X    0
  found on step  478
 current point:
  at point    0.920  -0.354  -9.011
  closest atom surface    7.659   H20 71  X    0
  2nd closest surface     7.661   H10 71  X    0
  found on step  909
  no. of rejections          296
 stored as   -45

 highest radius point found:
  at point    0.922  -0.358  -9.211
  closest atom surface    7.837   H10 71  X    0
  2nd closest surface     7.837   H20 71  X    0
  found on step  888
  this is also current point
  no. of rejections          291
 stored as   -46

 highest radius point found:
  at point    0.922  -0.358  -9.411
  closest atom surface    8.012   H10 71  X    0
  2nd closest surface     8.017   H20 71  X    0
  found on step    1
 current point:
  at point    2.337  -0.036  -9.411
  closest atom surface    7.984   C12 71  X    0
  2nd closest surface     7.984   H10 71  X    0
  found on step  979
  no. of rejections          272
 stored as   -47

 highest radius point found:
  at point    0.925  -0.369  -9.611
  closest atom surface    8.193   H10 71  X    0
  2nd closest surface     8.193   H20 71  X    0
  found on step  965
  this is also current point
  no. of rejections          269
 stored as   -48

 highest radius point found:
  at point    0.915  -0.378  -9.811
  closest atom surface    8.373   H20 71  X    0
  2nd closest surface     8.374   C18 71  X    0
  found on step    3
 current point:
  at point    0.929  -0.373  -9.811
  closest atom surface    8.372   H10 71  X    0
  2nd closest surface     8.373   H20 71  X    0
  found on step  996
  no. of rejections          265
 stored as   -49

 highest radius point found:
  at point    0.921  -0.384 -10.011
  closest atom surface    8.553   H20 71  X    0
  2nd closest surface     8.553   H29 71  X    0
  found on step  851
 current point:
  at point    0.929  -0.382 -10.011
  closest atom surface    8.552   H20 71  X    0
  2nd closest surface     8.553   H10 71  X    0
  found on step  992
  no. of rejections          276
 stored as   -50

 highest radius point found:
  at point    0.950  -0.383 -10.211
  closest atom surface    8.732   H20 71  X    0
  2nd closest surface     8.732   H10 71  X    0
  found on step  856
 current point:
  at point    0.944  -0.388 -10.211
  closest atom surface    8.731   H20 71  X    0
  2nd closest surface     8.735   H10 71  X    0
  found on step  970
  no. of rejections          281
 stored as   -51

 highest radius point found:
  at point    0.940  -0.387 -10.411
  closest atom surface    8.913   H29 71  X    0
  2nd closest surface     8.913   H10 71  X    0
  found on step  905
  this is also current point
  no. of rejections          262
 stored as   -52

 highest radius point found:
  at point    0.958  -0.395 -10.611
  closest atom surface    9.094   H29 71  X    0
  2nd closest surface     9.095   H20 71  X    0
  found on step  919
  this is also current point
  no. of rejections          273
 stored as   -53

 highest radius point found:
  at point    0.971  -0.395 -10.811
  closest atom surface    9.277   H29 71  X    0
  2nd closest surface     9.278   H10 71  X    0
  found on step  956
  this is also current point
  no. of rejections          258
 stored as   -54

 highest radius point found:
  at point    0.983  -0.399 -11.011
  closest atom surface    9.460   H29 71  X    0
  2nd closest surface     9.461   H20 71  X    0
  found on step  696
 current point:
  at point    0.978  -0.396 -11.011
  closest atom surface    9.459   H29 71  X    0
  2nd closest surface     9.460   H10 71  X    0
  found on step  944
  no. of rejections          267
 stored as   -55

 highest radius point found:
  at point    1.000  -0.401 -11.211
  closest atom surface    9.644   H20 71  X    0
  2nd closest surface     9.644   H29 71  X    0
  found on step  500
 current point:
  at point    1.001  -0.401 -11.211
  closest atom surface    9.644   H20 71  X    0
  2nd closest surface     9.644   H10 71  X    0
  found on step  970
  no. of rejections          242
 stored as   -56

 highest radius point found:
  at point    1.009  -0.403 -11.411
  closest atom surface    9.828   H29 71  X    0
  2nd closest surface     9.828   H10 71  X    0
  found on step  743
 current point:
  at point    1.409  -0.315 -11.411
  closest atom surface    9.804   H20 71  X    0
  2nd closest surface     9.806   H10 71  X    0
  found on step  997
  no. of rejections          263
 stored as   -57

 highest radius point found:
  at point    1.009  -0.401 -11.611
  closest atom surface   10.011   H10 71  X    0
  2nd closest surface    10.011   H29 71  X    0
  found on step  979
  this is also current point
  no. of rejections          239
 stored as   -58

 highest radius point found:
  at point    1.074  -0.403 -11.811
  closest atom surface   10.195   H20 71  X    0
  2nd closest surface    10.196   H10 71  X    0
  found on step  341
 current point:
  at point    1.121  -0.392 -11.811
  closest atom surface   10.192   H20 71  X    0
  2nd closest surface    10.193   H10 71  X    0
  found on step  966
  no. of rejections          240
 stored as   -59

 highest radius point found:
  at point    1.057  -0.415 -12.011
  closest atom surface   10.382   H20 71  X    0
  2nd closest surface    10.384   H29 71  X    0
  found on step   22
 current point:
  at point    1.142  -0.389 -12.011
  closest atom surface   10.376   H10 71  X    0
  2nd closest surface    10.379   H20 71  X    0
  found on step  986
  no. of rejections          251
 stored as   -60

 highest radius point found:
  at point    1.072  -0.414 -12.211
  closest atom surface   10.570   H20 71  X    0
  2nd closest surface    10.570   H10 71  X    0
  found on step  921
  this is also current point
  no. of rejections          243
 stored as   -61

 highest radius point found:
  at point    1.084  -0.418 -12.411
  closest atom surface   10.756   H20 71  X    0
  2nd closest surface    10.757   H10 71  X    0
  found on step  993
  this is also current point
  no. of rejections          246
 stored as   -62

 highest radius point found:
  at point    1.092  -0.422 -12.611
  closest atom surface   10.944   H10 71  X    0
  2nd closest surface    10.944   H29 71  X    0
  found on step  981
  this is also current point
  no. of rejections          264
 stored as   -63

 highest radius point found:
  at point    1.124  -0.421 -12.811
  closest atom surface   11.130   H20 71  X    0
  2nd closest surface    11.130   H10 71  X    0
  found on step  970
  this is also current point
  no. of rejections          237
 stored as   -64

 highest radius point found:
  at point    1.123  -0.426 -13.011
  closest atom surface   11.319   H10 71  X    0
  2nd closest surface    11.319   H20 71  X    0
  found on step  986
  this is also current point
  no. of rejections          232
 stored as   -65

 highest radius point found:
  at point    3.071   0.017 -13.211
  closest atom surface   11.550   C12 71  X    0
  2nd closest surface    11.551   H10 71  X    0
  found on step  999
  this is also current point
  no. of rejections          246
 stored as   -66

 highest radius point found:
  at point    3.117   0.023 -13.411
  closest atom surface   11.742   C12 71  X    0
  2nd closest surface    11.744   H10 71  X    0
  found on step    4
 current point:
  at point    1.168  -0.428 -13.411
  closest atom surface   11.695   H10 71  X    0
  2nd closest surface    11.695   H20 71  X    0
  found on step  947
  no. of rejections          235
 stored as   -67

 highest radius point found:
  at point    3.144   0.022 -13.611
  closest atom surface   11.936   H20 71  X    0
  2nd closest surface    11.936   C12 71  X    0
  found on step  934
  this is also current point
  no. of rejections          221
 stored as   -68

 highest radius point found:
  at point    3.185   0.023 -13.811
  closest atom surface   12.129   C12 71  X    0
  2nd closest surface    12.129   H20 71  X    0
  found on step  998
  this is also current point
  no. of rejections          226
 stored as   -69

 highest radius point found:
  at point    3.218   0.027 -14.011
  closest atom surface   12.322   H20 71  X    0
  2nd closest surface    12.322   H10 71  X    0
  found on step  974
  this is also current point
  no. of rejections          204
 stored as   -70

 highest radius point found:
  at point    3.218   0.027 -14.211
  closest atom surface   12.510   H10 71  X    0
  2nd closest surface    12.514   H20 71  X    0
  found on step    1
 current point:
  at point    3.554  -0.150 -14.211
  closest atom surface   12.482   C12 71  X    0
  2nd closest surface    12.482   H20 71  X    0
  found on step 1000
  no. of rejections          125
 stored as   -71

 highest radius point found:
  at point    3.292   0.032 -14.411
  closest atom surface   12.710   H10 71  X    0
  2nd closest surface    12.710   H20 71  X    0
  found on step  897
  this is also current point
  no. of rejections          215
 stored as   -72

 highest radius point found:
  at point    3.327   0.035 -14.611
  closest atom surface   12.904   H10 71  X    0
  2nd closest surface    12.904   H20 71  X    0
  found on step  932
  this is also current point
  no. of rejections          204
 stored as   -73

 highest radius point found:
  at point    3.371   0.040 -14.811
  closest atom surface   13.099   C12 71  X    0
  2nd closest surface    13.099   H10 71  X    0
  found on step  984
  this is also current point
  no. of rejections          176
 stored as   -74

 highest radius point found:
  at point    3.409   0.043 -15.011
  closest atom surface   13.293   C12 71  X    0
  2nd closest surface    13.294   H10 71  X    0
  found on step  843
 current point:
  at point    3.417   0.040 -15.011
  closest atom surface   13.292   C12 71  X    0
  2nd closest surface    13.294   H20 71  X    0
  found on step  954
  no. of rejections          225
 stored as   -75

 highest radius point found:
  at point    3.445   0.045 -15.211
  closest atom surface   13.488   C12 71  X    0
  2nd closest surface    13.489   H10 71  X    0
  found on step  990
  this is also current point
  no. of rejections          203
 stored as   -76

 highest radius point found:
  at point    3.477   0.044 -15.411
  closest atom surface   13.684   H20 71  X    0
  2nd closest surface    13.684   C12 71  X    0
  found on step  971
  this is also current point
  no. of rejections          200
 stored as   -77

 highest radius point found:
  at point    3.516   0.048 -15.611
  closest atom surface   13.879   C12 71  X    0
  2nd closest surface    13.879   H10 71  X    0
  found on step  984
  this is also current point
  no. of rejections          136
 stored as   -78

 highest radius point found:
  at point    3.555   0.053 -15.811
  closest atom surface   14.075   C12 71  X    0
  2nd closest surface    14.075   H10 71  X    0
  found on step   44
 current point:
  at point    4.383  -0.470 -15.811
  closest atom surface   14.022   C12 71  X    0
  2nd closest surface    14.023   H20 71  X    0
  found on step  990
  no. of rejections          105
 stored as   -79

 highest radius point found:
  at point    3.592   0.050 -16.011
  closest atom surface   14.270   C12 71  X    0
  2nd closest surface    14.271   H20 71  X    0
  found on step  993
  this is also current point
  no. of rejections          205
 stored as   -80

 highest radius point found:
  at point    3.625   0.052 -16.211
  closest atom surface   14.466   H20 71  X    0
  2nd closest surface    14.467   C12 71  X    0
  found on step  969
  this is also current point
  no. of rejections          217
 stored as   -81

 highest radius point found:
  at point    3.675   0.078 -16.411
  closest atom surface   14.660   H10 71  X    0
  2nd closest surface    14.662   C12 71  X    0
  found on step    3
 current point:
  at point    3.220  -0.043 -16.411
  closest atom surface   14.616   H10 71  X    0
  2nd closest surface    14.616   H20 71  X    0
  found on step  998
  no. of rejections          197
 stored as   -82

 highest radius point found:
  at point    3.702   0.065 -16.611
  closest atom surface   14.859   H10 71  X    0
  2nd closest surface    14.859   C12 71  X    0
  found on step  945
  this is also current point
  no. of rejections          218
 stored as   -83

 highest radius point found:
  at point    3.754   0.091 -16.811
  closest atom surface   15.052   H10 71  X    0
  2nd closest surface    15.054   C12 71  X    0
  found on step   31
 current point:
  at point    4.104  -0.060 -16.811
  closest atom surface   15.030   C12 71  X    0
  2nd closest surface    15.056   H20 71  X    0
  found on step  998
  no. of rejections          107
 stored as   -84

 highest radius point found:
  at point    3.785   0.089 -17.011
  closest atom surface   15.249   H10 71  X    0
  2nd closest surface    15.251   C12 71  X    0
  found on step   11
 current point:
  at point    4.527   0.840 -17.011
  closest atom surface   15.237   C12 71  X    0
  2nd closest surface    15.238   H10 71  X    0
  found on step  960
  no. of rejections          134
 stored as   -85

 highest radius point found:
  at point    3.810   0.067 -17.211
  closest atom surface   15.449   C12 71  X    0
  2nd closest surface    15.450   H20 71  X    0
  found on step    5
 current point:
  at point    4.546   0.826 -17.211
  closest atom surface   15.436   H10 71  X    0
  2nd closest surface    15.436   C12 71  X    0
  found on step  989
  no. of rejections          177
 stored as   -86

 highest radius point found:
  at point    3.848   0.075 -17.411
  closest atom surface   15.646   H10 71  X    0
  2nd closest surface    15.646   C12 71  X    0
  found on step  887
 current point:
  at point    3.851   0.077 -17.411
  closest atom surface   15.646   C12 71  X    0
  2nd closest surface    15.646   H10 71  X    0
  found on step  911
  no. of rejections          200
 stored as   -87

 highest radius point found:
  at point    3.960   0.087 -17.611
  closest atom surface   15.838   C12 71  X    0
  2nd closest surface    15.853   H20 71  X    0
  found on step   10
 current point:
  at point    4.578   0.786 -17.611
  closest atom surface   15.832   C12 71  X    0
  2nd closest surface    15.833   H10 71  X    0
  found on step  993
  no. of rejections          142
 stored as   -88

 highest radius point found:
  at point    3.920   0.076 -17.811
  closest atom surface   16.040   C12 71  X    0
  2nd closest surface    16.041   H10 71  X    0
  found on step  955
  this is also current point
  no. of rejections          170
 stored as   -89

 highest radius point found:
  at point    3.950   0.076 -18.011
  closest atom surface   16.238   H10 71  X    0
  2nd closest surface    16.238   C12 71  X    0
  found on step  991
  this is also current point
  no. of rejections          186
 stored as   -90

 highest radius point found:
  at point    3.994   0.084 -18.211
  closest atom surface   16.435   C12 71  X    0
  2nd closest surface    16.436   H10 71  X    0
  found on step  995
  this is also current point
  no. of rejections          142
 stored as   -91

 highest radius point found:
  at point    6.976   4.043 -18.411
  closest atom surface   16.786   C6  71  X    0
  2nd closest surface    16.795   C8  71  X    0
  found on step 1000
  this is also current point
  no. of rejections          113
 stored as   -92

 highest radius point found:
  at point    9.522   8.208 -18.611
  closest atom surface   17.973   O   71  X    0
  2nd closest surface    18.188   C6  71  X    0
  found on step 1000
  this is also current point
  no. of rejections          118
 stored as   -93

 highest radius point found:
  at point   16.047  14.124 -18.811
  closest atom surface   22.329   O   71  X    0
  2nd closest surface    22.730   C8  71  X    0
  found on step 1000
  this is also current point
  no. of rejections          178
 This is an end! (radius above  22.0 angs)
 
 N.b. Graph information routine (HOGRAP) differs 
        markedly from previous versions!
       Information now is written from -ve end
       to +ve in one pass
 
 Explanation of the meaning of each column: 
 First column "cenxyz.cvec" is the coordinate in the
   direction of the channel vector i.e. if the channel
   vector is in z (0 0 1) then it is the z coordinate.
 The second column "radius" is the hole pore radius 
   (as defined in the Biophys J 1993) article).
 The third column "cen_line_D" is the distance 
   measured along the pore centre line - with the 
   first point found set to zero. This was the first
   thing that I used to measure the distance along a pore
   but "cenxyz.cvec" is a much better general measure. 
   However, by comparing changes in this distance to changes in '   "cenxyz.cvec" one can get a measure of how straight a 
   channel is.
 The fourth column "sum{s/(area)}" is useful in conductance
   prediction -
   basically it is the sum of the thickness of each slab
   divided by its area. HOLE uses this measure to estimate
   the macroscopic conductance of a channel.
 If any of this worries you one can see the "raw" results
   of a standard hole run by producing a sphpdb file and 
    directly looking at the results.
 cenxyz.cvec      radius  cen_line_D sum{s/(area point sourc
   -18.61125    17.97315   -30.52450     0.00010   (sampled)
   -18.51125    17.26908   -28.08151     0.00021 (mid-point)
   -18.41125    16.78649   -25.63851     0.00032   (sampled)
   -18.31125    16.51834   -23.15852     0.00043 (mid-point)
   -18.21125    16.43514   -20.67852     0.00055   (sampled)
   -18.11125    16.33655   -20.57607     0.00067 (mid-point)
   -18.01125    16.23782   -20.47363     0.00079   (sampled)
   -17.91125    16.13912   -20.37245     0.00091 (mid-point)
   -17.81125    16.04027   -20.27128     0.00104   (sampled)
   -17.71125    15.93928   -20.16914     0.00116 (mid-point)
   -17.61125    15.83829   -20.06700     0.00129   (sampled)
   -17.51125    15.74196   -19.95222     0.00142 (mid-point)
   -17.41125    15.64565   -19.83743     0.00155   (sampled)
   -17.31125    15.54736   -19.73557     0.00168 (mid-point)
   -17.21125    15.44891   -19.63370     0.00181   (sampled)
   -17.11125    15.34959   -19.53231     0.00195 (mid-point)
   -17.01125    15.24927   -19.43093     0.00209   (sampled)
   -16.91125    15.15084   -19.32973     0.00223 (mid-point)
   -16.81125    15.05244   -19.22852     0.00237   (sampled)
   -16.71125    14.95555   -19.12438     0.00251 (mid-point)
   -16.61125    14.85876   -19.02025     0.00265   (sampled)
   -16.51125    14.75945   -18.91914     0.00280 (mid-point)
   -16.41125    14.66017   -18.81802     0.00295   (sampled)
   -16.31125    14.56373   -18.71408     0.00310 (mid-point)
   -16.21125    14.46635   -18.61014     0.00325   (sampled)
   -16.11125    14.36836   -18.50883     0.00340 (mid-point)
   -16.01125    14.27020   -18.40751     0.00356   (sampled)
   -15.91125    14.17234   -18.30574     0.00372 (mid-point)
   -15.81125    14.07453   -18.20398     0.00388   (sampled)
   -15.71125    13.97678   -18.10208     0.00404 (mid-point)
   -15.61125    13.87908   -18.00019     0.00421   (sampled)
   -15.51125    13.78145   -17.89830     0.00437 (mid-point)
   -15.41125    13.68365   -17.79641     0.00454   (sampled)
   -15.31125    13.58602   -17.69515     0.00472 (mid-point)
   -15.21125    13.48821   -17.59389     0.00489   (sampled)
   -15.11125    13.39064   -17.49227     0.00507 (mid-point)
   -15.01125    13.29313   -17.39066     0.00525   (sampled)
   -14.91125    13.19581   -17.28882     0.00543 (mid-point)
   -14.81125    13.09855   -17.18698     0.00562   (sampled)
   -14.71125    13.00141   -17.08457     0.00581 (mid-point)
   -14.61125    12.90399   -16.98216     0.00600   (sampled)
   -14.51125    12.80697   -16.88063     0.00619 (mid-point)
   -14.41125    12.71002   -16.77911     0.00639   (sampled)
   -14.31125    12.61014   -16.67243     0.00659 (mid-point)
   -14.21125    12.51037   -16.56575     0.00679   (sampled)
   -14.11125    12.41636   -16.46575     0.00700 (mid-point)
   -14.01125    12.32233   -16.36575     0.00721   (sampled)
   -13.91125    12.22546   -16.26440     0.00742 (mid-point)
   -13.81125    12.12860   -16.16305     0.00764   (sampled)
   -13.71125    12.03216   -16.06098     0.00786 (mid-point)
   -13.61125    11.93576   -15.95890     0.00808   (sampled)
   -13.51125    11.83885   -15.85796     0.00831 (mid-point)
   -13.41125    11.74179   -15.75702     0.00854   (sampled)
   -13.31125    11.64604   -15.65443     0.00877 (mid-point)
   -13.21125    11.55040   -15.55185     0.00901   (sampled)
   -13.11125    11.39468   -14.54757     0.00926 (mid-point)
   -13.01125    11.31874   -13.54328     0.00951   (sampled)
   -12.91125    11.22448   -13.44325     0.00976 (mid-point)
   -12.81125    11.13005   -13.34321     0.01001   (sampled)
   -12.71125    11.03688   -13.24190     0.01028 (mid-point)
   -12.61125    10.94378   -13.14060     0.01054   (sampled)
   -12.51125    10.84994   -13.04050     0.01081 (mid-point)
   -12.41125    10.75615   -12.94040     0.01109   (sampled)
   -12.31125    10.66278   -12.84022     0.01137 (mid-point)
   -12.21125    10.56953   -12.74003     0.01165   (sampled)
   -12.11125    10.47586   -12.63975     0.01194 (mid-point)
   -12.01125    10.38229   -12.53948     0.01224   (sampled)
   -11.91125    10.28862   -12.43895     0.01254 (mid-point)
   -11.81125    10.19506   -12.33842     0.01284   (sampled)
   -11.71125    10.10327   -12.23333     0.01316 (mid-point)
   -11.61125    10.01055   -12.12824     0.01347   (sampled)
   -11.51125     9.91911   -12.02823     0.01380 (mid-point)
   -11.41125     9.82757   -11.92823     0.01413   (sampled)
   -11.31125     9.73581   -11.82813     0.01446 (mid-point)
   -11.21125     9.64399   -11.72802     0.01481   (sampled)
   -11.11125     9.55185   -11.62767     0.01515 (mid-point)
   -11.01125     9.45964   -11.52732     0.01551   (sampled)
   -10.91125     9.36836   -11.42712     0.01587 (mid-point)
   -10.81125     9.27724   -11.32691     0.01624   (sampled)
   -10.71125     9.18549   -11.22669     0.01662 (mid-point)
   -10.61125     9.09391   -11.12647     0.01700   (sampled)
   -10.51125     9.00337   -11.02598     0.01740 (mid-point)
   -10.41125     8.91303   -10.92550     0.01780   (sampled)
   -10.31125     8.82280   -10.82536     0.01821 (mid-point)
   -10.21125     8.73161   -10.72522     0.01862   (sampled)
   -10.11125     8.64205   -10.62420     0.01905 (mid-point)
   -10.01125     8.55272   -10.52319     0.01949   (sampled)
    -9.91125     8.46296   -10.42309     0.01993 (mid-point)
    -9.81125     8.37342   -10.32300     0.02038   (sampled)
    -9.71125     8.28310   -10.22277     0.02085 (mid-point)
    -9.61125     8.19290   -10.12254     0.02132   (sampled)
    -9.51125     8.10210   -10.02236     0.02181 (mid-point)
    -9.41125     8.01151    -9.92219     0.02230   (sampled)
    -9.31125     7.92391    -9.82219     0.02281 (mid-point)
    -9.21125     7.83656    -9.72219     0.02333   (sampled)
    -9.11125     7.74805    -9.62210     0.02386 (mid-point)
    -9.01125     7.65973    -9.52200     0.02440   (sampled)
    -8.91125     7.57208    -9.42191     0.02496 (mid-point)
    -8.81125     7.48465    -9.32182     0.02552   (sampled)
    -8.71125     7.39715    -9.22176     0.02611 (mid-point)
    -8.61125     7.30943    -9.12170     0.02670   (sampled)
    -8.51125     7.22278    -9.02162     0.02731 (mid-point)
    -8.41125     7.13593    -8.92154     0.02794   (sampled)
    -8.31125     7.04885    -8.82127     0.02858 (mid-point)
    -8.21125     6.96132    -8.72099     0.02923   (sampled)
    -8.11125     6.87683    -8.62080     0.02991 (mid-point)
    -8.01125     6.79254    -8.52061     0.03060   (sampled)
    -7.91125     6.70747    -8.42058     0.03131 (mid-point)
    -7.81125     6.62258    -8.32054     0.03203   (sampled)
    -7.71125     6.53810    -8.22049     0.03278 (mid-point)
    -7.61125     6.45400    -8.12044     0.03354   (sampled)
    -7.51125     6.37029    -8.02024     0.03432 (mid-point)
    -7.41125     6.28700    -7.92004     0.03513   (sampled)
    -7.31125     6.20473    -7.81996     0.03596 (mid-point)
    -7.21125     6.12251    -7.71988     0.03681   (sampled)
    -7.11125     6.04054    -7.61947     0.03768 (mid-point)
    -7.01125     5.95804    -7.51905     0.03857   (sampled)
    -6.91125     5.87795    -7.41898     0.03950 (mid-point)
    -6.81125     5.79814    -7.31891     0.04044   (sampled)
    -6.71125     5.71734    -7.21891     0.04142 (mid-point)
    -6.61125     5.63649    -7.11891     0.04242   (sampled)
    -6.51125     5.55924    -7.01867     0.04345 (mid-point)
    -6.41125     5.48202    -6.91844     0.04451   (sampled)
    -6.31125     5.40437    -6.81836     0.04560 (mid-point)
    -6.21125     5.32723    -6.71828     0.04672   (sampled)
    -6.11125     5.24801    -6.61790     0.04787 (mid-point)
    -6.01125     5.16905    -6.51753     0.04907   (sampled)
    -5.91125     5.09213    -6.41699     0.05029 (mid-point)
    -5.81125     5.01581    -6.31645     0.05156   (sampled)
    -5.71125     4.94019    -6.21547     0.05286 (mid-point)
    -5.61125     4.86389    -6.11449     0.05421   (sampled)
    -5.51125     4.78959    -6.01403     0.05560 (mid-point)
    -5.41125     4.71549    -5.91357     0.05703   (sampled)
    -5.31125     4.64233    -5.81325     0.05850 (mid-point)
    -5.21125     4.57002    -5.71293     0.06003   (sampled)
    -5.11125     4.49805    -5.61252     0.06160 (mid-point)
    -5.01125     4.42660    -5.51211     0.06323   (sampled)
    -4.91125     4.35769    -5.41114     0.06490 (mid-point)
    -4.81125     4.28933    -5.31017     0.06663   (sampled)
    -4.71125     4.22118    -5.20961     0.06842 (mid-point)
    -4.61125     4.15409    -5.10904     0.07026   (sampled)
    -4.51125     4.08792    -5.00838     0.07217 (mid-point)
    -4.41125     4.02291    -4.90772     0.07414   (sampled)
    -4.31125     3.95627    -4.80754     0.07617 (mid-point)
    -4.21125     3.88937    -4.70735     0.07827   (sampled)
    -4.11125     3.82156    -4.60676     0.08045 (mid-point)
    -4.01125     3.75060    -4.50616     0.08272   (sampled)
    -3.91125     3.67989    -4.40484     0.08507 (mid-point)
    -3.81125     3.61031    -4.30351     0.08751   (sampled)
    -3.71125     3.54105    -4.20298     0.09005 (mid-point)
    -3.61125     3.47298    -4.10245     0.09269   (sampled)
    -3.51125     3.40628    -4.00186     0.09543 (mid-point)
    -3.41125     3.33977    -3.90127     0.09828   (sampled)
    -3.31125     3.27645    -3.80055     0.10125 (mid-point)
    -3.21125     3.21329    -3.69983     0.10433   (sampled)
    -3.11125     3.14648    -3.59621     0.10755 (mid-point)
    -3.01125     3.08121    -3.49259     0.11090   (sampled)
    -2.91125     3.01652    -3.38849     0.11440 (mid-point)
    -2.81125     2.95351    -3.28439     0.11805   (sampled)
    -2.71125     2.89240    -3.17875     0.12185 (mid-point)
    -2.61125     2.83323    -3.07310     0.12582   (sampled)
    -2.51125     2.77728    -2.97129     0.12994 (mid-point)
    -2.41125     2.72212    -2.86948     0.13424   (sampled)
    -2.31125     2.66842    -2.76248     0.13871 (mid-point)
    -2.21125     2.61590    -2.65548     0.14336   (sampled)
    -2.11125     2.56770    -2.55426     0.14819 (mid-point)
    -2.01125     2.52174    -2.45304     0.15319   (sampled)
    -1.91125     2.46711    -2.35022     0.15842 (mid-point)
    -1.81125     2.41470    -2.24740     0.16388   (sampled)
    -1.71125     2.36036    -2.13846     0.16960 (mid-point)
    -1.61125     2.30778    -2.02951     0.17557   (sampled)
    -1.51125     2.25802    -1.92076     0.18182 (mid-point)
    -1.41125     2.20996    -1.81201     0.18833   (sampled)
    -1.31125     2.16693    -1.70118     0.19511 (mid-point)
    -1.21125     2.12655    -1.59035     0.20215   (sampled)
    -1.11125     2.08875    -1.48187     0.20945 (mid-point)
    -1.01125     2.05433    -1.37338     0.21699   (sampled)
    -0.91125     2.02440    -1.26267     0.22476 (mid-point)
    -0.81125     1.99826    -1.15197     0.23273   (sampled)
    -0.71125     1.97522    -1.03742     0.24089 (mid-point)
    -0.61125     1.95495    -0.92286     0.24922   (sampled)
    -0.51125     1.93939    -0.81402     0.25768 (mid-point)
    -0.41125     1.92781    -0.70517     0.26624   (sampled)
    -0.31125     1.91620    -0.45558     0.27491 (mid-point)
    -0.21125     1.92502    -0.20599     0.28350   (sampled)
    -0.11125     1.92877    -0.10300     0.29206 (mid-point)
    -0.01125     1.93614    -0.00000     0.30055   (sampled)
     0.08875     1.95051     0.10395     0.30892 (mid-point)
     0.18875     1.96818     0.20791     0.31713   (sampled)
     0.28875     1.98783     0.31127     0.32519 (mid-point)
     0.38875     2.01063     0.41464     0.33306   (sampled)
     0.48875     2.03674     0.51761     0.34074 (mid-point)
     0.58875     2.06607     0.62059     0.34819   (sampled)
     0.68875     2.09820     0.72377     0.35542 (mid-point)
     0.78875     2.13340     0.82696     0.36242   (sampled)
     0.88875     2.17310     0.93060     0.36916 (mid-point)
     0.98875     2.21476     1.03424     0.37565   (sampled)
     1.08875     2.25223     1.13904     0.38192 (mid-point)
     1.18875     2.28839     1.24383     0.38800   (sampled)
     1.28875     2.32178     1.34417     0.39391 (mid-point)
     1.38875     2.35558     1.44450     0.39964   (sampled)
     1.48875     2.39311     1.54477     0.40520 (mid-point)
     1.58875     2.43316     1.64504     0.41058   (sampled)
     1.68875     2.47477     1.74522     0.41577 (mid-point)
     1.78875     2.51874     1.84541     0.42079   (sampled)
     1.88875     2.56370     1.94553     0.42563 (mid-point)
     1.98875     2.60814     2.04565     0.43031   (sampled)
     2.08875     2.65204     2.14603     0.43484 (mid-point)
     2.18875     2.69772     2.24641     0.43921   (sampled)
     2.28875     2.74497     2.34685     0.44344 (mid-point)
     2.38875     2.79270     2.44730     0.44752   (sampled)
     2.48875     2.84416     2.54770     0.45145 (mid-point)
     2.58875     2.89716     2.64811     0.45525   (sampled)
     2.68875     2.94901     2.74874     0.45891 (mid-point)
     2.78875     3.00236     2.84938     0.46244   (sampled)
     2.88875     3.05532     2.94958     0.46585 (mid-point)
     2.98875     3.10868     3.04979     0.46914   (sampled)
     3.08875     3.16296     3.15063     0.47232 (mid-point)
     3.18875     3.21836     3.25148     0.47540   (sampled)
     3.28875     3.27472     3.38179     0.47836 (mid-point)
     3.38875     3.33344     3.51210     0.48123   (sampled)
     3.48875     3.39423     3.62195     0.48399 (mid-point)
     3.58875     3.45496     3.73180     0.48666   (sampled)
     3.68875     3.51866     3.83753     0.48923 (mid-point)
     3.78875     3.58268     3.94326     0.49171   (sampled)
     3.88875     3.64922     4.04922     0.49410 (mid-point)
     3.98875     3.71698     4.15517     0.49640   (sampled)
     4.08875     3.78508     4.26480     0.49863 (mid-point)
     4.18875     3.85316     4.37443     0.50077   (sampled)
     4.28875     3.92510     4.47748     0.50284 (mid-point)
     4.38875     3.99670     4.58053     0.50483   (sampled)
     4.48875     4.06507     4.68152     0.50675 (mid-point)
     4.58875     4.13268     4.78251     0.50862   (sampled)
     4.68875     4.19831     4.88716     0.51042 (mid-point)
     4.78875     4.26519     4.99180     0.51217   (sampled)
     4.88875     4.33433     5.09196     0.51387 (mid-point)
     4.98875     4.40443     5.19211     0.51551   (sampled)
     5.08875     4.47283     5.29601     0.51710 (mid-point)
     5.18875     4.54207     5.39990     0.51864   (sampled)
     5.28875     4.61669     5.49990     0.52014 (mid-point)
     5.38875     4.68861     5.59990     0.52158   (sampled)
     5.48875     4.76227     5.70393     0.52299 (mid-point)
     5.58875     4.83639     5.80796     0.52435   (sampled)
     5.68875     4.91198     5.90797     0.52567 (mid-point)
     5.78875     4.98658     6.00799     0.52695   (sampled)
     5.88875     5.06458     6.11040     0.52819 (mid-point)
     5.98875     5.14147     6.21280     0.52939   (sampled)
     6.08875     5.21930     6.31394     0.53056 (mid-point)
     6.18875     5.29772     6.41509     0.53170   (sampled)
     6.28875     5.37685     6.51551     0.53280 (mid-point)
     6.38875     5.45620     6.61594     0.53387   (sampled)
     6.48875     5.53622     6.71959     0.53490 (mid-point)
     6.58875     5.61689     6.82324     0.53591   (sampled)
     6.68875     5.69822     6.92391     0.53689 (mid-point)
     6.78875     5.78003     7.02458     0.53785   (sampled)
     6.88875     5.86224     7.12571     0.53877 (mid-point)
     6.98875     5.94491     7.22684     0.53967   (sampled)
     7.08875     6.02744     7.32684     0.54055 (mid-point)
     7.18875     6.11042     7.42684     0.54140   (sampled)
     7.28875     6.19482     7.52993     0.54223 (mid-point)
     7.38875     6.27970     7.63301     0.54304   (sampled)
     7.48875     6.36313     7.73351     0.54383 (mid-point)
     7.58875     6.44698     7.83402     0.54459   (sampled)
     7.68875     6.53054     7.93410     0.54534 (mid-point)
     7.78875     6.61449     8.03419     0.54606   (sampled)
     7.88875     6.69862     8.13463     0.54677 (mid-point)
     7.98875     6.78314     8.23507     0.54747   (sampled)
     8.08875     6.86806     8.33825     0.54814 (mid-point)
     8.18875     6.95241     8.44143     0.54880   (sampled)
     8.28875     7.03859     8.54160     0.54944 (mid-point)
     8.38875     7.12412     8.64177     0.55007   (sampled)
     8.48875     7.21139     8.74189     0.55068 (mid-point)
     8.58875     7.29850     8.84201     0.55128   (sampled)
     8.68875     7.38560     8.94214     0.55186 (mid-point)
     8.78875     7.47294     9.04227     0.55243   (sampled)
     8.88875     7.56029     9.14235     0.55299 (mid-point)
     8.98875     7.64791     9.24244     0.55353   (sampled)
     9.08875     7.73606     9.34255     0.55407 (mid-point)
     9.18875     7.82377     9.44265     0.55459   (sampled)
     9.28875     7.91235     9.54391     0.55509 (mid-point)
     9.38875     8.00020     9.64518     0.55559   (sampled)
     9.48875     8.09047     9.74518     0.55608 (mid-point)
     9.58875     8.17964     9.84518     0.55655   (sampled)
     9.68875     8.26727    10.02671     0.55702 (mid-point)
     9.78875     8.35761    10.20825     0.55747   (sampled)
     9.88875     8.44685    10.39560     0.55792 (mid-point)
     9.98875     8.53885    10.58296     0.55836   (sampled)
    10.08875     8.62885    10.68605     0.55878 (mid-point)
    10.18875     8.71912    10.78913     0.55920   (sampled)
    10.28875     8.81016    10.89192     0.55961 (mid-point)
    10.38875     8.90143    10.99471     0.56002   (sampled)
    10.48875     8.99144    11.09471     0.56041 (mid-point)
    10.58875     9.08128    11.19471     0.56079   (sampled)
    10.68875     9.17456    11.29541     0.56117 (mid-point)
    10.78875     9.26602    11.39610     0.56154   (sampled)
    10.88875     9.35769    11.49616     0.56191 (mid-point)
    10.98875     9.44951    11.59622     0.56226   (sampled)
    11.08875     9.50519    12.49264     0.56262 (mid-point)
    11.18875     9.63639    13.38906     0.56296   (sampled)
    11.28875     9.72946    13.48906     0.56330 (mid-point)
    11.38875     9.82144    13.58906     0.56363   (sampled)
    11.48875     9.91492    13.68961     0.56395 (mid-point)
    11.58875    10.00692    13.79017     0.56427   (sampled)
    11.68875    10.10539    13.90012     0.56458 (mid-point)
    11.78875    10.20292    14.01007     0.56488   (sampled)
    11.88875    10.29771    14.11135     0.56518 (mid-point)
    11.98875    10.39260    14.21263     0.56548   (sampled)
    12.08875    10.48717    14.31325     0.56577 (mid-point)
    12.18875    10.58185    14.41388     0.56605   (sampled)
    12.28875    10.67748    14.51620     0.56633 (mid-point)
    12.38875    10.77323    14.61853     0.56661   (sampled)
    12.48875    10.86733    14.71954     0.56688 (mid-point)
    12.58875    10.96120    14.82054     0.56714   (sampled)
    12.68875    11.05761    14.92510     0.56740 (mid-point)
    12.78875    11.15305    15.02965     0.56766   (sampled)
    12.88875    11.24951    15.13054     0.56791 (mid-point)
    12.98875    11.34582    15.23143     0.56816   (sampled)
    13.08875    11.44220    15.33231     0.56840 (mid-point)
    13.18875    11.53866    15.43318     0.56864   (sampled)
    13.28875    11.63530    15.53443     0.56887 (mid-point)
    13.38875    11.73200    15.63568     0.56910   (sampled)
    13.48875    11.82599    15.73568     0.56933 (mid-point)
    13.58875    11.92008    15.83568     0.56956   (sampled)
    13.68875    12.01924    15.94185     0.56978 (mid-point)
    13.78875    12.11742    16.04803     0.56999   (sampled)
    13.88875    12.21377    16.14913     0.57021 (mid-point)
    13.98875    12.31001    16.25023     0.57042   (sampled)
    14.08875    12.40718    16.35164     0.57062 (mid-point)
    14.18875    12.50442    16.45305     0.57083   (sampled)
    14.28875    12.60123    16.55515     0.57103 (mid-point)
    14.38875    12.69778    16.65725     0.57122   (sampled)
    14.48875    12.79512    16.75818     0.57142 (mid-point)
    14.58875    12.89201    16.85910     0.57161   (sampled)
    14.68875    12.98914    16.96070     0.57180 (mid-point)
    14.78875    13.08633    17.06230     0.57199   (sampled)
    14.88875    13.18367    17.16379     0.57217 (mid-point)
    14.98875    13.28093    17.26528     0.57235   (sampled)
    15.08875    13.37818    17.36673     0.57253 (mid-point)
    15.18875    13.47548    17.46818     0.57270   (sampled)
    15.28875    13.57211    17.56906     0.57287 (mid-point)
    15.38875    13.66867    17.66995     0.57305   (sampled)
    15.48875    13.76822    17.77261     0.57321 (mid-point)
    15.58875    13.86546    17.87528     0.57338   (sampled)
    15.68875    13.96089    17.98171     0.57354 (mid-point)
    15.78875    14.05646    18.08815     0.57370   (sampled)
    15.88875    14.15666    18.18845     0.57386 (mid-point)
    15.98875    14.25687    18.28876     0.57402   (sampled)
    16.08875    14.35470    18.38998     0.57417 (mid-point)
    16.18875    14.45239    18.49120     0.57433   (sampled)
    16.28875    14.54795    18.59120     0.57448 (mid-point)
    16.38875    14.64357    18.69120     0.57462   (sampled)
    16.48875    14.74465    18.80450     0.57477 (mid-point)
    16.58875    14.84065    18.91781     0.57492   (sampled)
    16.68875    14.94073    19.01817     0.57506 (mid-point)
    16.78875    15.04033    19.11854     0.57520   (sampled)
    16.88875    15.13883    19.22034     0.57534 (mid-point)
    16.98875    15.23689    19.32213     0.57547   (sampled)
    17.08875    15.33488    19.42382     0.57561 (mid-point)
    17.18875    15.43292    19.52550     0.57574   (sampled)
    17.28875    15.53155    19.62654     0.57588 (mid-point)
    17.38875    15.63011    19.72758     0.57601   (sampled)
    17.48875    15.72846    19.82929     0.57613 (mid-point)
    17.58875    15.82676    19.93100     0.57626   (sampled)
    17.68875    15.92471    20.03121     0.57639 (mid-point)
    17.78875    16.02167    20.13142     0.57651   (sampled)
    17.88875    16.11871    20.23142     0.57663 (mid-point)
    17.98875    16.21489    20.33142     0.57675   (sampled)
    18.08875    16.31604    20.43823     0.57687 (mid-point)
    18.18875    16.41725    20.54504     0.57699   (sampled)
    18.28875    16.51675    20.64862     0.57711 (mid-point)
    18.38875    16.61479    20.75221     0.57722   (sampled)
    18.48875    16.71400    20.85252     0.57734 (mid-point)
    18.58875    16.81212    20.95284     0.57745   (sampled)
    18.68875    16.91052    21.05396     0.57756 (mid-point)
    18.78875    17.00894    21.15507     0.57767   (sampled)
    18.88875    17.10841    21.25747     0.57778 (mid-point)
    18.98875    17.20792    21.35987     0.57789   (sampled)
    19.08875    17.30680    21.46119     0.57799 (mid-point)
    19.18875    17.40567    21.56252     0.57810   (sampled)
    19.28875    17.50356    21.66739     0.57820 (mid-point)
    19.38875    17.60152    21.77225     0.57831   (sampled)
    19.48875    17.70134    21.87326     0.57841 (mid-point)
    19.58875    17.80118    21.97427     0.57851   (sampled)
    19.68875    17.90003    22.07731     0.57861 (mid-point)
    19.78875    17.99893    22.18034     0.57871   (sampled)
    19.88875    18.09825    22.28085     0.57880 (mid-point)
    19.98875    18.19735    22.38136     0.57890   (sampled)
    20.08875    18.29583    22.48831     0.57899 (mid-point)
    20.18875    18.39417    22.59526     0.57909   (sampled)
    20.28875    18.49413    22.69569     0.57918 (mid-point)
    20.38875    18.59410    22.79612     0.57927   (sampled)
    20.48875    18.69334    22.89712     0.57936 (mid-point)
    20.58875    18.79259    22.99811     0.57945   (sampled)
    20.68875    18.89174    23.10040     0.57954 (mid-point)
    20.78875    18.99092    23.20270     0.57963   (sampled)
    20.88875    19.09027    23.30362     0.57972 (mid-point)
    20.98875    19.18963    23.40454     0.57981   (sampled)
    21.08875    19.28888    23.50662     0.57989 (mid-point)
    21.18875    19.38816    23.60870     0.57998   (sampled)
    21.28875    19.48602    23.72030     0.58006 (mid-point)
    21.38875    19.58402    23.83190     0.58014   (sampled)
    21.48875    19.68490    23.93512     0.58023 (mid-point)
    21.58875    19.78581    24.03833     0.58031   (sampled)
    21.68875    19.88527    24.13948     0.58039 (mid-point)
    21.78875    19.98474    24.24062     0.58047   (sampled)
    21.88875    20.08419    24.34188     0.58055 (mid-point)
    21.98875    20.18348    24.44314     0.58062   (sampled)
    22.08875    20.28223    24.54422     0.58070 (mid-point)
    22.18875    20.38101    24.64529     0.58078   (sampled)
    22.28875    20.47972    24.74667     0.58085 (mid-point)
    22.38875    20.57845    24.84804     0.58093   (sampled)
    22.48875    20.67796    24.94812     0.58100 (mid-point)
    22.58875    20.77748    25.04820     0.58108   (sampled)
    22.68875    20.87542    25.15218     0.58115 (mid-point)
    22.78875    20.97341    25.25617     0.58122   (sampled)
    22.88875    21.07347    25.35629     0.58129 (mid-point)
    22.98875    21.17354    25.45642     0.58137   (sampled)
    23.08875    21.27276    25.55691     0.58144 (mid-point)
    23.18875    21.37170    25.65740     0.58151   (sampled)
    23.28875    21.47110    25.75834     0.58157 (mid-point)
    23.38875    21.57021    25.85928     0.58164   (sampled)
    23.48875    21.66834    25.95928     0.58171 (mid-point)
    23.58875    21.76586    26.05928     0.58178   (sampled)
    23.68875    21.86559    26.16036     0.58184 (mid-point)
    23.78875    21.96508    26.26144     0.58191   (sampled)

 Minimum radius found:      1.916 angstroms.



 For spherical probe approach, The geometric factor
         F= sum(ds/area) along channel is    0.582 angstroms**-1
 This yields a macroscopic predicted molar conductance of:
   (1/rho)*(100/F)= (170/rho) pS,
   where rho is the conductivity of 1M permeant ion in ohm m.
 N.B. this is a macroscopic conductance - an overestimate 
 Empirically corrected conductances currently only available
 With the CAPSULE option (although its not that stable!)
 For 1M KCl rho= 1/12 (ohm m), So Gmacro= 2100 pS/M.
  (TAG      1   Rmin=     1.91620   Gmacro=  2062.17384 Conn_Gmacro=    -1.00000 ).
 HOLE: normal completion
