 *** Program HOLE ***
 
 If results of this run are reported or published, please
 cite the publication listed below.
 For the HOLE program:
   Smart, O.S., Goodfellow, J.M., Wallace, B.A. (1993). 
   The pore dimensions of gramicidin A. 
   Biophys. J., 65, 2455-2460.
 
 Originally written by Oliver Smart at Birkbeck College from April 1992.
 Copyright 1993-2005 Oliver Smart
 Copyright 2014-2015 SmartSci Limited.
 Copyright 2016 Oliver Smart.
 
 For help on HOLE suite see  http://www.holeprogram.org/
 
 HOLE release 2.2.005 (07 August 2016) 
 
 usage subject to Apache License, Version 2.0 
 see http://www.apache.org/licenses/LICENSE-2.0 

 Control variables read:

! Input file for Oliver Smart's HOLE program
! written by MDAnalysis.analysis.hole2.HoleAnalysis
! for a Universe
! u = mda.Universe(host_119.mol2
!    host_119.mol2
!   )
! Frame 0

COORD  /tmp/tmp3r9933p2.pdb
RADIUS simple2.rad
SPHPDB hole000.sph
SAMPLE 0.200000
ENDRAD 22.000000
IGNORE SOL WAT TIP HOH K   NA  CL
SHORTO 0
RASEED 31415
CPOINT -0.0010889083 0.0052111107 -0.0156888870


 WARNING have not found a CVECT record - will try to guess
 Input pdb filename read as:    '/tmp/tmp3r9933p2.pdb'
 Input vdW radius file read as: 'simple2.rad'
 point in channel:   -0.001   0.005  -0.016
 channel vector:   ************************
 sampling distance between planes:    0.200

 graphics conditions:
 binary plot output file name: NONE
 Dot density:    10
 Draw dots?           T
 Draw close contacts? F
 Draw centre line?    T
 Produce spikes rather than dots? F
 Seed for random number generator:     31415 (0 means value set by program)
 Radius above which a result is regarded as an 'end':  22.000
 Pdb format file for sphere centres: hole000.sph

 Monte Carlo conditions:
  no of steps:  1000
  maximum displacement   0.100 angs
  'kT' initial   0.100 angs
 The spherebox and capsule options are turned off.
 (No molqpt card so will not write qpt file of the molecule)
 IGNORE card read so will ignore residue types: SOL WAT TIP HOH K   NA  CL
 no SHORTO card read so will produce full textual output
 As no PEGRAT card was found will not produce PEG polymer exclusion graph
 (No 2DMAPS card specified so will not produce 2D property maps)
 Have not found a CUT card.  Normal calculation using
   Cutoff lists with a cutsize=       1.000
   (if you wish to turn off option use a CUT -1 card)

 Have read     7 bond radius records and
              16 vdW radius records.
 From file: simple2.rad

 Have read    90 atom records.
 From file: /tmp/tmp3r9933p2.pdb
 Will not produce graphical output

 Have opened file for pdb format output of sphere centres:  hole000.sph

  Seed integer used by ran # generator on this run      31415

 
 S/R cguess will try to guess CPOINT and/or CVECT
 
 THESE GUESSES MAY WELL BE WRONG!!!!
 Routine relies on having a reasonably symmetric
 channel oriented along x, y or z vector
 YOU ARE STRONGLY ADVISED TO CHECK THE RESULTS
                       WITH MOLECULAR GRAPHICS
 testing points from cpoint in X, Y then Z direction
   point                   pore radius
direction     1
  -5.001   0.005  -0.016    -1.330
  -4.001   0.005  -0.016    -0.519
  -3.001   0.005  -0.016    -0.008
  -2.001   0.005  -0.016     0.555
  -1.001   0.005  -0.016     1.340
  -0.001   0.005  -0.016     1.898
   0.999   0.005  -0.016     1.107
   1.999   0.005  -0.016     0.309
   2.999   0.005  -0.016    -0.245
   3.999   0.005  -0.016    -0.505
   4.999   0.005  -0.016    -1.300
 Average pore radius along the line=      0.118
direction     2
  -0.001  -4.995  -0.016    -1.561
  -0.001  -3.995  -0.016    -1.058
  -0.001  -2.995  -0.016    -0.069
  -0.001  -1.995  -0.016     0.928
  -0.001  -0.995  -0.016     1.380
  -0.001   0.005  -0.016     1.898
  -0.001   1.005  -0.016     1.628
  -0.001   2.005  -0.016     0.916
  -0.001   3.005  -0.016    -0.079
  -0.001   4.005  -0.016    -1.063
  -0.001   5.005  -0.016    -1.527
 Average pore radius along the line=      0.127
direction     3
  -0.001   0.005  -5.016     4.588
  -0.001   0.005  -4.016     4.027
  -0.001   0.005  -3.016     3.488
  -0.001   0.005  -2.016     2.863
  -0.001   0.005  -1.016     2.289
  -0.001   0.005  -0.016     1.898
  -0.001   0.005   0.984     1.751
  -0.001   0.005   1.984     1.876
  -0.001   0.005   2.984     2.248
  -0.001   0.005   3.984     2.788
  -0.001   0.005   4.984     3.447
 Average pore radius along the line=      2.842
 Best direction is found to be     3
(1=X,2=Y,3=Z)
 s/r cguess has produced initial values for cpoint &/or cvect:
CPOINT      -0.0011      0.0052     -0.0157
CVECT        0.0000      0.0000      1.0000
 THESE GUESSES MAY WELL BE WRONG!!!!
 Routine relies on having a reasonably symmetric
 channel oriented along x, y or z vector
 YOU ARE STRONGLY ADVISED TO CHECK THE RESULTS
                       WITH MOLECULAR GRAPHICS
 
 
  Some routines (e.g. conn) need vectors normal to cvect: 
     EAST Zero degrees angle is along vector    1.000   0.000   0.000
     NORTH  90 degrees angle is along vector    0.000  -1.000   0.000
 highest radius point found:
  at point    0.075   0.292  -0.016
  closest atom surface    2.028   C40 119 X    0
  2nd closest surface     2.030   C41 119 X    0
  found on step   85
 current point:
  at point    0.364   0.816  -0.016
  closest atom surface    2.014   C41 119 X    0
  2nd closest surface     2.014   C38 119 X    0
  found on step  998
  no. of rejections          390
 stored as     0

 highest radius point found:
  at point    0.084   0.294   0.184
  closest atom surface    1.975   C40 119 X    0
  2nd closest surface     1.975   C38 119 X    0
  found on step  134
 current point:
  at point   -0.124   0.045   0.184
  closest atom surface    1.964   C38 119 X    0
  2nd closest surface     1.964   C40 119 X    0
  found on step  902
  no. of rejections          374
 stored as     1

 highest radius point found:
  at point    0.092   0.298   0.384
  closest atom surface    1.930   C38 119 X    0
  2nd closest surface     1.932   C40 119 X    0
  found on step  843
 current point:
  at point    0.075   0.277   0.384
  closest atom surface    1.929   C38 119 X    0
  2nd closest surface     1.930   C40 119 X    0
  found on step  971
  no. of rejections          393
 stored as     2

 highest radius point found:
  at point    0.088   0.281   0.584
  closest atom surface    1.895   C40 119 X    0
  2nd closest surface     1.896   C38 119 X    0
  found on step  460
 current point:
  at point   -0.277  -0.165   0.584
  closest atom surface    1.892   C40 119 X    0
  2nd closest surface     1.895   C39 119 X    0
  found on step  991
  no. of rejections          385
 stored as     3

 highest radius point found:
  at point    0.116   0.306   0.784
  closest atom surface    1.874   C40 119 X    0
  2nd closest surface     1.875   C38 119 X    0
  found on step  721
 current point:
  at point    0.210   0.472   0.784
  closest atom surface    1.863   C38 119 X    0
  2nd closest surface     1.864   C41 119 X    0
  found on step  981
  no. of rejections          390
 stored as     4

 highest radius point found:
  at point    0.121   0.305   0.984
  closest atom surface    1.860   C38 119 X    0
  2nd closest surface     1.863   C40 119 X    0
  found on step  671
 current point:
  at point   -0.281  -0.183   0.984
  closest atom surface    1.859   C39 119 X    0
  2nd closest surface     1.859   C40 119 X    0
  found on step  893
  no. of rejections          375
 stored as     5

 highest radius point found:
  at point    0.158   0.349   1.184
  closest atom surface    1.858   C38 119 X    0
  2nd closest surface     1.863   C41 119 X    0
  found on step   30
 current point:
  at point   -0.377  -0.360   1.184
  closest atom surface    1.841   C39 119 X    0
  2nd closest surface     1.845   C40 119 X    0
  found on step  973
  no. of rejections          392
 stored as     6

 highest radius point found:
  at point    0.165   0.339   1.384
  closest atom surface    1.870   C41 119 X    0
  2nd closest surface     1.871   C40 119 X    0
  found on step  873
 current point:
  at point    0.163   0.334   1.384
  closest atom surface    1.870   C40 119 X    0
  2nd closest surface     1.870   C41 119 X    0
  found on step  958
  no. of rejections          398
 stored as     7

 highest radius point found:
  at point    0.170   0.335   1.584
  closest atom surface    1.890   C40 119 X    0
  2nd closest surface     1.892   C38 119 X    0
  found on step  954
  this is also current point
  no. of rejections          375
 stored as     8

 highest radius point found:
  at point    0.192   0.358   1.784
  closest atom surface    1.922   C38 119 X    0
  2nd closest surface     1.922   C41 119 X    0
  found on step  588
 current point:
  at point    0.184   0.343   1.784
  closest atom surface    1.922   C40 119 X    0
  2nd closest surface     1.922   C38 119 X    0
  found on step  984
  no. of rejections          393
 stored as     9

 highest radius point found:
  at point    0.203   0.357   1.984
  closest atom surface    1.963   C41 119 X    0
  2nd closest surface     1.964   C40 119 X    0
  found on step  603
 current point:
  at point    0.349   0.626   1.984
  closest atom surface    1.953   C38 119 X    0
  2nd closest surface     1.954   C41 119 X    0
  found on step  973
  no. of rejections          394
 stored as    10

 highest radius point found:
  at point    0.199   0.344   2.184
  closest atom surface    2.013   C40 119 X    0
  2nd closest surface     2.013   C38 119 X    0
  found on step   12
 current point:
  at point   -0.299  -0.257   2.184
  closest atom surface    2.009   C38 119 X    0
  2nd closest surface     2.010   C40 119 X    0
  found on step  996
  no. of rejections          362
 stored as    11

 highest radius point found:
  at point    0.234   0.383   2.384
  closest atom surface    2.074   C41 119 X    0
  2nd closest surface     2.074   C38 119 X    0
  found on step  992
  this is also current point
  no. of rejections          369
 stored as    12

 highest radius point found:
  at point    0.244   0.385   2.584
  closest atom surface    2.144   C38 119 X    0
  2nd closest surface     2.144   C41 119 X    0
  found on step  935
  this is also current point
  no. of rejections          364
 stored as    13

 highest radius point found:
  at point    0.254   0.383   2.784
  closest atom surface    2.222   C41 119 X    0
  2nd closest surface     2.224   C40 119 X    0
  found on step  179
 current point:
  at point    0.338   0.539   2.784
  closest atom surface    2.217   C38 119 X    0
  2nd closest surface     2.217   C41 119 X    0
  found on step  991
  no. of rejections          384
 stored as    14

 highest radius point found:
  at point    0.253   0.377   2.984
  closest atom surface    2.307   C38 119 X    0
  2nd closest surface     2.311   C40 119 X    0
  found on step   23
 current point:
  at point   -0.314  -0.275   2.984
  closest atom surface    2.281   C38 119 X    0
  2nd closest surface     2.281   H36 119 X    0
  found on step  980
  no. of rejections          372
 stored as    15

 highest radius point found:
  at point    0.284   0.410   3.184
  closest atom surface    2.402   C38 119 X    0
  2nd closest surface     2.405   C41 119 X    0
  found on step  620
 current point:
  at point    0.381   0.584   3.184
  closest atom surface    2.399   C38 119 X    0
  2nd closest surface     2.399   C41 119 X    0
  found on step  965
  no. of rejections          356
 stored as    16

 highest radius point found:
  at point    0.291   0.400   3.384
  closest atom surface    2.504   C41 119 X    0
  2nd closest surface     2.506   C40 119 X    0
  found on step    2
 current point:
  at point    0.309   0.438   3.384
  closest atom surface    2.504   C38 119 X    0
  2nd closest surface     2.504   C41 119 X    0
  found on step  949
  no. of rejections          377
 stored as    17

 highest radius point found:
  at point    0.291   0.400   3.584
  closest atom surface    2.602   H34 119 X    0
  2nd closest surface     2.609   C38 119 X    0
  found on step    1
 current point:
  at point    0.108   0.171   3.584
  closest atom surface    2.590   C40 119 X    0
  2nd closest surface     2.590   C38 119 X    0
  found on step  992
  no. of rejections          377
 stored as    18

 highest radius point found:
  at point    0.316   0.391   3.784
  closest atom surface    2.715   H34 119 X    0
  2nd closest surface     2.716   C40 119 X    0
  found on step  994
  this is also current point
  no. of rejections          347
 stored as    19

 highest radius point found:
  at point    0.341   0.394   3.984
  closest atom surface    2.828   C40 119 X    0
  2nd closest surface     2.829   H34 119 X    0
  found on step  669
 current point:
  at point    0.350   0.407   3.984
  closest atom surface    2.828   H34 119 X    0
  2nd closest surface     2.828   C41 119 X    0
  found on step  944
  no. of rejections          346
 stored as    20

 highest radius point found:
  at point    0.363   0.397   4.184
  closest atom surface    2.948   C40 119 X    0
  2nd closest surface     2.948   H34 119 X    0
  found on step  983
  this is also current point
  no. of rejections          337
 stored as    21

 highest radius point found:
  at point    0.389   0.406   4.384
  closest atom surface    3.072   C41 119 X    0
  2nd closest surface     3.074   H34 119 X    0
  found on step   21
 current point:
  at point   -0.398  -0.374   4.384
  closest atom surface    3.051   C39 119 X    0
  2nd closest surface     3.051   H36 119 X    0
  found on step  949
  no. of rejections          347
 stored as    22

 highest radius point found:
  at point    0.401   0.405   4.584
  closest atom surface    3.201   H34 119 X    0
  2nd closest surface     3.206   C41 119 X    0
  found on step  408
 current point:
  at point    0.030   0.037   4.584
  closest atom surface    3.187   H36 119 X    0
  2nd closest surface     3.188   H34 119 X    0
  found on step  982
  no. of rejections          345
 stored as    23

 highest radius point found:
  at point    0.185   0.155   4.784
  closest atom surface    3.327   C40 119 X    0
  2nd closest surface     3.331   H34 119 X    0
  found on step  230
 current point:
  at point   -0.396  -0.385   4.784
  closest atom surface    3.324   H36 119 X    0
  2nd closest surface     3.324   C38 119 X    0
  found on step  990
  no. of rejections          334
 stored as    24

 highest radius point found:
  at point    0.383   0.346   4.984
  closest atom surface    3.474   C40 119 X    0
  2nd closest surface     3.474   H34 119 X    0
  found on step  558
 current point:
  at point   -0.341  -0.337   4.984
  closest atom surface    3.464   H36 119 X    0
  2nd closest surface     3.465   C38 119 X    0
  found on step  990
  no. of rejections          334
 stored as    25

 highest radius point found:
  at point    0.412   0.353   5.184
  closest atom surface    3.615   C40 119 X    0
  2nd closest surface     3.622   H34 119 X    0
  found on step    6
 current point:
  at point    0.212   0.151   5.184
  closest atom surface    3.611   C40 119 X    0
  2nd closest surface     3.612   H34 119 X    0
  found on step  966
  no. of rejections          334
 stored as    26

 highest radius point found:
  at point    0.477   0.414   5.384
  closest atom surface    3.770   H34 119 X    0
  2nd closest surface     3.770   C41 119 X    0
  found on step  960
  this is also current point
  no. of rejections          331
 stored as    27

 highest radius point found:
  at point   -0.425  -0.450   5.584
  closest atom surface    3.921   C39 119 X    0
  2nd closest surface     3.922   C38 119 X    0
  found on step  974
  this is also current point
  no. of rejections          333
 stored as    28

 highest radius point found:
  at point   -0.444  -0.495   5.784
  closest atom surface    4.075   H36 119 X    0
  2nd closest surface     4.079   C39 119 X    0
  found on step  119
 current point:
  at point    0.495   0.402   5.784
  closest atom surface    4.074   C40 119 X    0
  2nd closest surface     4.075   H34 119 X    0
  found on step  957
  no. of rejections          311
 stored as    29

 highest radius point found:
  at point   -0.444  -0.495   5.984
  closest atom surface    4.237   C39 119 X    0
  2nd closest surface     4.239   C14 119 X    0
  found on step    1
 current point:
  at point    0.514   0.409   5.984
  closest atom surface    4.232   C40 119 X    0
  2nd closest surface     4.232   H34 119 X    0
  found on step  932
  no. of rejections          326
 stored as    30

 highest radius point found:
  at point   -0.411  -0.474   6.184
  closest atom surface    4.398   H36 119 X    0
  2nd closest surface     4.402   C38 119 X    0
  found on step   61
 current point:
  at point    0.519   0.402   6.184
  closest atom surface    4.391   H34 119 X    0
  2nd closest surface     4.391   C40 119 X    0
  found on step  969
  no. of rejections          287
 stored as    31

 highest radius point found:
  at point   -0.424  -0.496   6.384
  closest atom surface    4.565   H36 119 X    0
  2nd closest surface     4.566   C38 119 X    0
  found on step  981
  this is also current point
  no. of rejections          293
 stored as    32

 highest radius point found:
  at point   -0.424  -0.496   6.584
  closest atom surface    4.728   C38 119 X    0
  2nd closest surface     4.732   C14 119 X    0
  found on step    1
 current point:
  at point    0.010  -0.128   6.584
  closest atom surface    4.706   H36 119 X    0
  2nd closest surface     4.706   H34 119 X    0
  found on step  933
  no. of rejections          286
 stored as    33

 highest radius point found:
  at point   -0.409  -0.504   6.784
  closest atom surface    4.900   H36 119 X    0
  2nd closest surface     4.901   C38 119 X    0
  found on step  211
 current point:
  at point   -0.403  -0.496   6.784
  closest atom surface    4.900   C38 119 X    0
  2nd closest surface     4.900   H36 119 X    0
  found on step  944
  no. of rejections          293
 stored as    34

 highest radius point found:
  at point   -0.409  -0.504   6.984
  closest atom surface    5.066   C38 119 X    0
  2nd closest surface     5.068   C14 119 X    0
  found on step    1
 current point:
  at point    0.530   0.366   6.984
  closest atom surface    5.048   H34 119 X    0
  2nd closest surface     5.050   C40 119 X    0
  found on step  987
  no. of rejections          262
 stored as    35

 highest radius point found:
  at point   -0.388  -0.513   7.184
  closest atom surface    5.240   H36 119 X    0
  2nd closest surface     5.242   C14 119 X    0
  found on step  953
  this is also current point
  no. of rejections          278
 stored as    36

 highest radius point found:
  at point   -0.368  -0.508   7.384
  closest atom surface    5.412   H36 119 X    0
  2nd closest surface     5.413   H34 119 X    0
  found on step  998
  this is also current point
  no. of rejections          281
 stored as    37

 highest radius point found:
  at point   -0.363  -0.534   7.584
  closest atom surface    5.583   H36 119 X    0
  2nd closest surface     5.584   H13 119 X    0
  found on step  443
 current point:
  at point   -0.127  -0.317   7.584
  closest atom surface    5.568   H34 119 X    0
  2nd closest surface     5.569   H36 119 X    0
  found on step  997
  no. of rejections          272
 stored as    38

 highest radius point found:
  at point   -0.349  -0.521   7.784
  closest atom surface    5.762   H36 119 X    0
  2nd closest surface     5.762   H34 119 X    0
  found on step  980
  this is also current point
  no. of rejections          279
 stored as    39

 highest radius point found:
  at point   -0.330  -0.525   7.984
  closest atom surface    5.937   H36 119 X    0
  2nd closest surface     5.939   H13 119 X    0
  found on step  992
  this is also current point
  no. of rejections          265
 stored as    40

 highest radius point found:
  at point   -0.318  -0.524   8.184
  closest atom surface    6.116   H13 119 X    0
  2nd closest surface     6.116   H36 119 X    0
  found on step  939
  this is also current point
  no. of rejections          273
 stored as    41

 highest radius point found:
  at point   -0.294  -0.520   8.384
  closest atom surface    6.293   H36 119 X    0
  2nd closest surface     6.295   H34 119 X    0
  found on step   35
 current point:
  at point   -0.060  -0.315   8.384
  closest atom surface    6.277   H34 119 X    0
  2nd closest surface     6.278   C40 119 X    0
  found on step  985
  no. of rejections          265
 stored as    42

 highest radius point found:
  at point   -0.277  -0.519   8.584
  closest atom surface    6.474   H34 119 X    0
  2nd closest surface     6.474   H36 119 X    0
  found on step  995
  this is also current point
  no. of rejections          246
 stored as    43

 highest radius point found:
  at point   -0.277  -0.519   8.784
  closest atom surface    6.650   H34 119 X    0
  2nd closest surface     6.654   H13 119 X    0
  found on step    1
 current point:
  at point    0.554   0.296   8.784
  closest atom surface    6.625   H34 119 X    0
  2nd closest surface     6.625   C40 119 X    0
  found on step  982
  no. of rejections          262
 stored as    44

 highest radius point found:
  at point   -0.251  -0.526   8.984
  closest atom surface    6.836   H34 119 X    0
  2nd closest surface     6.837   H13 119 X    0
  found on step  944
  this is also current point
  no. of rejections          259
 stored as    45

 highest radius point found:
  at point   -0.226  -0.520   9.184
  closest atom surface    7.019   H34 119 X    0
  2nd closest surface     7.019   H36 119 X    0
  found on step 1000
  this is also current point
  no. of rejections          255
 stored as    46

 highest radius point found:
  at point   -0.221  -0.525   9.384
  closest atom surface    7.201   H34 119 X    0
  2nd closest surface     7.201   C40 119 X    0
  found on step  822
 current point:
  at point   -0.219  -0.522   9.384
  closest atom surface    7.200   H34 119 X    0
  2nd closest surface     7.201   C40 119 X    0
  found on step  999
  no. of rejections          260
 stored as    47

 highest radius point found:
  at point   -0.196  -0.509   9.584
  closest atom surface    7.381   H34 119 X    0
  2nd closest surface     7.381   C40 119 X    0
  found on step  936
  this is also current point
  no. of rejections          256
 stored as    48

 highest radius point found:
  at point   -0.205  -0.524   9.784
  closest atom surface    7.565   H34 119 X    0
  2nd closest surface     7.567   C40 119 X    0
  found on step  830
 current point:
  at point   -0.197  -0.520   9.784
  closest atom surface    7.565   C40 119 X    0
  2nd closest surface     7.566   H34 119 X    0
  found on step  996
  no. of rejections          246
 stored as    49

 highest radius point found:
  at point   -0.197  -0.525   9.984
  closest atom surface    7.749   H34 119 X    0
  2nd closest surface     7.750   C40 119 X    0
  found on step  964
  this is also current point
  no. of rejections          246
 stored as    50

 highest radius point found:
  at point   -0.184  -0.523  10.184
  closest atom surface    7.934   C40 119 X    0
  2nd closest surface     7.934   H34 119 X    0
  found on step  968
  this is also current point
  no. of rejections          253
 stored as    51

 highest radius point found:
  at point   -0.184  -0.523  10.384
  closest atom surface    8.117   H34 119 X    0
  2nd closest surface     8.119   H13 119 X    0
  found on step    1
 current point:
  at point    0.496   0.165  10.384
  closest atom surface    8.090   C40 119 X    0
  2nd closest surface     8.090   H34 119 X    0
  found on step  980
  no. of rejections          250
 stored as    52

 highest radius point found:
  at point   -0.184  -0.523  10.584
  closest atom surface    8.301   H34 119 X    0
  2nd closest surface     8.302   H13 119 X    0
  found on step    1
 current point:
  at point    0.524   0.186  10.584
  closest atom surface    8.277   C40 119 X    0
  2nd closest surface     8.277   H34 119 X    0
  found on step  927
  no. of rejections          250
 stored as    53

 highest radius point found:
  at point   -0.160  -0.522  10.784
  closest atom surface    8.490   H34 119 X    0
  2nd closest surface     8.491   C40 119 X    0
  found on step  928
  this is also current point
  no. of rejections          245
 stored as    54

 highest radius point found:
  at point   -0.155  -0.525  10.984
  closest atom surface    8.678   H34 119 X    0
  2nd closest surface     8.678   H13 119 X    0
  found on step  986
  this is also current point
  no. of rejections          261
 stored as    55

 highest radius point found:
  at point   -0.145  -0.526  11.184
  closest atom surface    8.864   C40 119 X    0
  2nd closest surface     8.865   H13 119 X    0
  found on step  925
  this is also current point
  no. of rejections          228
 stored as    56

 highest radius point found:
  at point   -0.126  -0.511  11.384
  closest atom surface    9.051   H34 119 X    0
  2nd closest surface     9.052   C40 119 X    0
  found on step  162
 current point:
  at point    0.486   0.115  11.384
  closest atom surface    9.027   H34 119 X    0
  2nd closest surface     9.028   C40 119 X    0
  found on step  987
  no. of rejections          249
 stored as    57

 highest radius point found:
  at point   -0.128  -0.526  11.584
  closest atom surface    9.240   C40 119 X    0
  2nd closest surface     9.241   H13 119 X    0
  found on step    2
 current point:
  at point   -0.121  -0.515  11.584
  closest atom surface    9.240   H34 119 X    0
  2nd closest surface     9.240   C40 119 X    0
  found on step  999
  no. of rejections          231
 stored as    58

 highest radius point found:
  at point   -0.120  -0.521  11.784
  closest atom surface    9.429   H34 119 X    0
  2nd closest surface     9.429   C40 119 X    0
  found on step  985
  this is also current point
  no. of rejections          236
 stored as    59

 highest radius point found:
  at point   -0.110  -0.528  11.984
  closest atom surface    9.617   C40 119 X    0
  2nd closest surface     9.619   H13 119 X    0
  found on step  189
 current point:
  at point    0.088  -0.324  11.984
  closest atom surface    9.602   C40 119 X    0
  2nd closest surface     9.605   H34 119 X    0
  found on step  995
  no. of rejections          219
 stored as    60

 highest radius point found:
  at point   -0.105  -0.522  12.184
  closest atom surface    9.808   C40 119 X    0
  2nd closest surface     9.808   H34 119 X    0
  found on step  932
  this is also current point
  no. of rejections          231
 stored as    61

 highest radius point found:
  at point   -0.096  -0.524  12.384
  closest atom surface    9.997   C40 119 X    0
  2nd closest surface     9.998   H13 119 X    0
  found on step  811
 current point:
  at point   -0.091  -0.515  12.384
  closest atom surface    9.997   H34 119 X    0
  2nd closest surface     9.997   C40 119 X    0
  found on step  985
  no. of rejections          238
 stored as    62

 highest radius point found:
  at point   -0.094  -0.523  12.584
  closest atom surface   10.187   H13 119 X    0
  2nd closest surface    10.187   H34 119 X    0
  found on step  949
  this is also current point
  no. of rejections          238
 stored as    63

 highest radius point found:
  at point   -0.074  -0.518  12.784
  closest atom surface   10.377   C40 119 X    0
  2nd closest surface    10.378   H34 119 X    0
  found on step 1000
  this is also current point
  no. of rejections          208
 stored as    64

 highest radius point found:
  at point   -0.076  -0.521  12.984
  closest atom surface   10.568   H34 119 X    0
  2nd closest surface    10.569   C40 119 X    0
  found on step  987
  this is also current point
  no. of rejections          207
 stored as    65

 highest radius point found:
  at point   -0.065  -0.527  13.184
  closest atom surface   10.758   C40 119 X    0
  2nd closest surface    10.760   H13 119 X    0
  found on step  521
 current point:
  at point    0.108  -0.340  13.184
  closest atom surface   10.748   H34 119 X    0
  2nd closest surface    10.748   C40 119 X    0
  found on step  972
  no. of rejections          237
 stored as    66

 highest radius point found:
  at point   -0.061  -0.524  13.384
  closest atom surface   10.951   C40 119 X    0
  2nd closest surface    10.951   H13 119 X    0
  found on step  922
  this is also current point
  no. of rejections          217
 stored as    67

 highest radius point found:
  at point   -0.055  -0.523  13.584
  closest atom surface   11.142   H13 119 X    0
  2nd closest surface    11.143   C40 119 X    0
  found on step  992
  this is also current point
  no. of rejections          221
 stored as    68

 highest radius point found:
  at point   -0.045  -0.522  13.784
  closest atom surface   11.334   C40 119 X    0
  2nd closest surface    11.335   H13 119 X    0
  found on step  990
  this is also current point
  no. of rejections          221
 stored as    69

 highest radius point found:
  at point   -0.045  -0.522  13.984
  closest atom surface   11.525   H13 119 X    0
  2nd closest surface    11.526   H34 119 X    0
  found on step    1
 current point:
  at point    0.149  -0.330  13.984
  closest atom surface   11.516   C40 119 X    0
  2nd closest surface    11.516   H34 119 X    0
  found on step  977
  no. of rejections          207
 stored as    70

 highest radius point found:
  at point   -0.021  -0.509  14.184
  closest atom surface   11.718   H34 119 X    0
  2nd closest surface    11.718   C40 119 X    0
  found on step  990
  this is also current point
  no. of rejections          215
 stored as    71

 highest radius point found:
  at point   -0.023  -0.520  14.384
  closest atom surface   11.912   C40 119 X    0
  2nd closest surface    11.912   H34 119 X    0
  found on step    3
 current point:
  at point   -0.013  -0.508  14.384
  closest atom surface   11.911   H34 119 X    0
  2nd closest surface    11.911   C40 119 X    0
  found on step  966
  no. of rejections          220
 stored as    72

 highest radius point found:
  at point   -0.018  -0.522  14.584
  closest atom surface   12.104   H13 119 X    0
  2nd closest surface    12.105   C40 119 X    0
  found on step  975
  this is also current point
  no. of rejections          190
 stored as    73

 highest radius point found:
  at point   -0.018  -0.522  14.784
  closest atom surface   12.296   H13 119 X    0
  2nd closest surface    12.297   H34 119 X    0
  found on step    1
 current point:
  at point    0.298  -0.206  14.784
  closest atom surface   12.284   C40 119 X    0
  2nd closest surface    12.284   H34 119 X    0
  found on step 1000
  no. of rejections          197
 stored as    74

 highest radius point found:
  at point   -0.003  -0.520  14.984
  closest atom surface   12.491   H13 119 X    0
  2nd closest surface    12.491   H34 119 X    0
  found on step  949
  this is also current point
  no. of rejections          215
 stored as    75

 highest radius point found:
  at point   -0.003  -0.520  15.184
  closest atom surface   12.683   H13 119 X    0
  2nd closest surface    12.683   H34 119 X    0
  found on step    1
 current point:
  at point    0.095  -1.062  15.184
  closest atom surface   12.610   H13 119 X    0
  2nd closest surface    12.611   C40 119 X    0
  found on step  999
  no. of rejections          161
 stored as    76

 highest radius point found:
  at point    0.012  -0.519  15.384
  closest atom surface   12.878   C40 119 X    0
  2nd closest surface    12.878   H13 119 X    0
  found on step  944
  this is also current point
  no. of rejections          223
 stored as    77

 highest radius point found:
  at point    0.019  -0.517  15.584
  closest atom surface   13.071   H34 119 X    0
  2nd closest surface    13.072   C40 119 X    0
  found on step  392
 current point:
  at point    0.026  -0.514  15.584
  closest atom surface   13.071   C40 119 X    0
  2nd closest surface    13.072   H34 119 X    0
  found on step  992
  no. of rejections          218
 stored as    78

 highest radius point found:
  at point    0.019  -0.517  15.784
  closest atom surface   13.264   H34 119 X    0
  2nd closest surface    13.264   H13 119 X    0
  found on step    1
 current point:
  at point    0.212  -1.623  15.784
  closest atom surface   13.142   C40 119 X    0
  2nd closest surface    13.143   H13 119 X    0
  found on step  999
  no. of rejections          177
 stored as    79

 highest radius point found:
  at point    0.019  -0.517  15.984
  closest atom surface   13.457   H13 119 X    0
  2nd closest surface    13.457   H34 119 X    0
  found on step    1
 current point:
  at point    0.244  -0.299  15.984
  closest atom surface   13.450   H34 119 X    0
  2nd closest surface    13.451   C40 119 X    0
  found on step 1000
  no. of rejections          147
 stored as    80

 highest radius point found:
  at point    0.042  -0.516  16.184
  closest atom surface   13.654   C40 119 X    0
  2nd closest surface    13.654   H34 119 X    0
  found on step  912
  this is also current point
  no. of rejections          219
 stored as    81

 highest radius point found:
  at point    0.050  -0.515  16.384
  closest atom surface   13.848   C40 119 X    0
  2nd closest surface    13.848   H34 119 X    0
  found on step  924
  this is also current point
  no. of rejections          202
 stored as    82

 highest radius point found:
  at point    0.052  -0.518  16.584
  closest atom surface   14.043   H13 119 X    0
  2nd closest surface    14.043   H34 119 X    0
  found on step  509
 current point:
  at point    0.063  -0.509  16.584
  closest atom surface   14.042   C40 119 X    0
  2nd closest surface    14.043   H34 119 X    0
  found on step  997
  no. of rejections          177
 stored as    83

 highest radius point found:
  at point    0.067  -0.507  16.784
  closest atom surface   14.237   H34 119 X    0
  2nd closest surface    14.238   C40 119 X    0
  found on step  315
 current point:
  at point    0.260  -0.313  16.784
  closest atom surface   14.229   C40 119 X    0
  2nd closest surface    14.229   H34 119 X    0
  found on step  973
  no. of rejections          194
 stored as    84

 highest radius point found:
  at point    0.068  -0.516  16.984
  closest atom surface   14.432   C40 119 X    0
  2nd closest surface    14.433   H34 119 X    0
  found on step  977
  this is also current point
  no. of rejections          199
 stored as    85

 highest radius point found:
  at point    0.068  -0.516  17.184
  closest atom surface   14.626   H13 119 X    0
  2nd closest surface    14.627   H34 119 X    0
  found on step    1
 current point:
  at point    0.176  -0.404  17.184
  closest atom surface   14.621   H34 119 X    0
  2nd closest surface    14.624   C40 119 X    0
  found on step  975
  no. of rejections          200
 stored as    86

 highest radius point found:
  at point    0.084  -0.516  17.384
  closest atom surface   14.822   C40 119 X    0
  2nd closest surface    14.823   H13 119 X    0
  found on step  876
 current point:
  at point    0.084  -0.519  17.384
  closest atom surface   14.822   C40 119 X    0
  2nd closest surface    14.823   H13 119 X    0
  found on step  982
  no. of rejections          192
 stored as    87

 highest radius point found:
  at point    0.091  -0.512  17.584
  closest atom surface   15.018   H34 119 X    0
  2nd closest surface    15.018   C40 119 X    0
  found on step  964
  this is also current point
  no. of rejections          197
 stored as    88

 highest radius point found:
  at point    0.104  -0.504  17.784
  closest atom surface   15.212   H34 119 X    0
  2nd closest surface    15.213   C40 119 X    0
  found on step   52
 current point:
  at point    0.111  -0.500  17.784
  closest atom surface   15.212   C40 119 X    0
  2nd closest surface    15.213   H34 119 X    0
  found on step  949
  no. of rejections          198
 stored as    89

 highest radius point found:
  at point    0.104  -0.516  17.984
  closest atom surface   15.408   C40 119 X    0
  2nd closest surface    15.409   H13 119 X    0
  found on step  830
 current point:
  at point    0.114  -0.507  17.984
  closest atom surface   15.407   C40 119 X    0
  2nd closest surface    15.409   H34 119 X    0
  found on step  951
  no. of rejections          180
 stored as    90

 highest radius point found:
  at point    0.114  -0.511  18.184
  closest atom surface   15.604   C40 119 X    0
  2nd closest surface    15.604   H34 119 X    0
  found on step  999
  this is also current point
  no. of rejections          208
 stored as    91

 highest radius point found:
  at point    0.116  -0.515  18.384
  closest atom surface   15.800   C40 119 X    0
  2nd closest surface    15.800   H13 119 X    0
  found on step  872
 current point:
  at point    0.120  -0.508  18.384
  closest atom surface   15.799   H34 119 X    0
  2nd closest surface    15.800   C40 119 X    0
  found on step  891
  no. of rejections          202
 stored as    92

 highest radius point found:
  at point    0.116  -0.515  18.584
  closest atom surface   15.994   H13 119 X    0
  2nd closest surface    15.995   H34 119 X    0
  found on step    1
 current point:
  at point    0.115  -0.511  18.584
  closest atom surface   15.994   H34 119 X    0
  2nd closest surface    15.995   H13 119 X    0
  found on step  995
  no. of rejections          179
 stored as    93

 highest radius point found:
  at point    0.137  -0.505  18.784
  closest atom surface   16.191   C40 119 X    0
  2nd closest surface    16.191   H34 119 X    0
  found on step  990
  this is also current point
  no. of rejections          211
 stored as    94

 highest radius point found:
  at point    0.159  -0.488  18.984
  closest atom surface   16.386   H34 119 X    0
  2nd closest surface    16.386   C40 119 X    0
  found on step  960
  this is also current point
  no. of rejections          183
 stored as    95

 highest radius point found:
  at point    0.141  -0.513  19.184
  closest atom surface   16.583   H13 119 X    0
  2nd closest surface    16.583   H34 119 X    0
  found on step  939
  this is also current point
  no. of rejections          192
 stored as    96

 highest radius point found:
  at point    0.156  -0.505  19.384
  closest atom surface   16.779   H34 119 X    0
  2nd closest surface    16.779   C40 119 X    0
  found on step  970
  this is also current point
  no. of rejections          195
 stored as    97

 highest radius point found:
  at point    0.157  -0.511  19.584
  closest atom surface   16.976   C40 119 X    0
  2nd closest surface    16.976   H34 119 X    0
  found on step  995
  this is also current point
  no. of rejections          152
 stored as    98

 highest radius point found:
  at point    0.172  -0.501  19.784
  closest atom surface   17.172   H34 119 X    0
  2nd closest surface    17.172   C40 119 X    0
  found on step  988
  this is also current point
  no. of rejections          166
 stored as    99

 highest radius point found:
  at point    0.177  -0.504  19.984
  closest atom surface   17.368   C40 119 X    0
  2nd closest surface    17.368   H34 119 X    0
  found on step  975
  this is also current point
  no. of rejections          185
 stored as   100

 highest radius point found:
  at point    0.187  -0.498  20.184
  closest atom surface   17.564   H34 119 X    0
  2nd closest surface    17.565   C40 119 X    0
  found on step  984
  this is also current point
  no. of rejections          189
 stored as   101

 highest radius point found:
  at point    0.201  -0.491  20.384
  closest atom surface   17.761   H34 119 X    0
  2nd closest surface    17.761   C40 119 X    0
  found on step  962
  this is also current point
  no. of rejections          170
 stored as   102

 highest radius point found:
  at point    0.208  -0.492  20.584
  closest atom surface   17.957   C40 119 X    0
  2nd closest surface    17.958   H34 119 X    0
  found on step  976
  this is also current point
  no. of rejections          178
 stored as   103

 highest radius point found:
  at point    0.207  -0.498  20.784
  closest atom surface   18.154   C40 119 X    0
  2nd closest surface    18.155   H34 119 X    0
  found on step  993
  this is also current point
  no. of rejections          201
 stored as   104

 highest radius point found:
  at point    0.203  -0.508  20.984
  closest atom surface   18.351   H34 119 X    0
  2nd closest surface    18.352   C40 119 X    0
  found on step  913
  this is also current point
  no. of rejections          155
 stored as   105

 highest radius point found:
  at point    0.215  -0.503  21.184
  closest atom surface   18.548   H34 119 X    0
  2nd closest surface    18.548   C40 119 X    0
  found on step  998
  this is also current point
  no. of rejections          173
 stored as   106

 highest radius point found:
  at point    0.216  -0.508  21.384
  closest atom surface   18.745   C40 119 X    0
  2nd closest surface    18.745   H34 119 X    0
  found on step  874
 current point:
  at point    0.218  -0.509  21.384
  closest atom surface   18.745   C40 119 X    0
  2nd closest surface    18.745   H13 119 X    0
  found on step  957
  no. of rejections          177
 stored as   107

 highest radius point found:
  at point    0.223  -0.512  21.584
  closest atom surface   18.942   H13 119 X    0
  2nd closest surface    18.942   C40 119 X    0
  found on step  894
  this is also current point
  no. of rejections          194
 stored as   108

 highest radius point found:
  at point    0.233  -0.502  21.784
  closest atom surface   19.139   H34 119 X    0
  2nd closest surface    19.139   C40 119 X    0
  found on step  985
  this is also current point
  no. of rejections          183
 stored as   109

 highest radius point found:
  at point    0.245  -0.500  21.984
  closest atom surface   19.336   C40 119 X    0
  2nd closest surface    19.336   H31 119 X    0
  found on step  982
  this is also current point
  no. of rejections          198
 stored as   110

 highest radius point found:
  at point    0.243  -0.514  22.184
  closest atom surface   19.533   H13 119 X    0
  2nd closest surface    19.533   C40 119 X    0
  found on step  951
  this is also current point
  no. of rejections          175
 stored as   111

 highest radius point found:
  at point    0.243  -0.514  22.384
  closest atom surface   19.729   H31 119 X    0
  2nd closest surface    19.729   H13 119 X    0
  found on step    1
 current point:
  at point    0.240  -0.483  22.384
  closest atom surface   19.726   H34 119 X    0
  2nd closest surface    19.726   C38 119 X    0
  found on step  980
  no. of rejections          157
 stored as   112

 highest radius point found:
  at point    0.242  -0.516  22.584
  closest atom surface   19.925   H13 119 X    0
  2nd closest surface    19.925   H31 119 X    0
  found on step  955
  this is also current point
  no. of rejections          190
 stored as   113

 highest radius point found:
  at point    0.236  -0.509  22.784
  closest atom surface   20.121   H13 119 X    0
  2nd closest surface    20.121   H31 119 X    0
  found on step  937
  this is also current point
  no. of rejections          181
 stored as   114

 highest radius point found:
  at point    0.236  -0.509  22.984
  closest atom surface   20.317   H31 119 X    0
  2nd closest surface    20.317   H13 119 X    0
  found on step    1
 current point:
  at point    0.241  -0.520  22.984
  closest atom surface   20.317   H13 119 X    0
  2nd closest surface    20.317   H31 119 X    0
  found on step  959
  no. of rejections          179
 stored as   115

 highest radius point found:
  at point    0.236  -0.511  23.184
  closest atom surface   20.513   H31 119 X    0
  2nd closest surface    20.514   H13 119 X    0
  found on step    2
 current point:
  at point    0.237  -0.514  23.184
  closest atom surface   20.513   H13 119 X    0
  2nd closest surface    20.513   H31 119 X    0
  found on step  972
  no. of rejections          175
 stored as   116

 highest radius point found:
  at point    0.236  -0.511  23.384
  closest atom surface   20.709   H31 119 X    0
  2nd closest surface    20.710   H13 119 X    0
  found on step    1
 current point:
  at point    0.242  -0.528  23.384
  closest atom surface   20.709   H13 119 X    0
  2nd closest surface    20.710   H31 119 X    0
  found on step  992
  no. of rejections          182
 stored as   117

 highest radius point found:
  at point    0.236  -0.511  23.584
  closest atom surface   20.906   H31 119 X    0
  2nd closest surface    20.907   C38 119 X    0
  found on step    1
 current point:
  at point    0.245  -0.532  23.584
  closest atom surface   20.905   H31 119 X    0
  2nd closest surface    20.905   H13 119 X    0
  found on step  999
  no. of rejections          189
 stored as   118

 highest radius point found:
  at point    0.236  -0.511  23.784
  closest atom surface   21.102   H31 119 X    0
  2nd closest surface    21.103   C38 119 X    0
  found on step    1
 current point:
  at point    0.250  -0.542  23.784
  closest atom surface   21.101   H31 119 X    0
  2nd closest surface    21.102   H13 119 X    0
  found on step  927
  no. of rejections          203
 stored as   119

 highest radius point found:
  at point    0.239  -0.526  23.984
  closest atom surface   21.299   H13 119 X    0
  2nd closest surface    21.299   H31 119 X    0
  found on step  250
 current point:
  at point    0.230  -0.508  23.984
  closest atom surface   21.299   C38 119 X    0
  2nd closest surface    21.299   H31 119 X    0
  found on step  926
  no. of rejections          185
 stored as   120

 highest radius point found:
  at point    0.229  -0.514  24.184
  closest atom surface   21.496   H13 119 X    0
  2nd closest surface    21.496   C38 119 X    0
  found on step  977
  this is also current point
  no. of rejections          174
 stored as   121

 highest radius point found:
  at point    0.229  -0.515  24.384
  closest atom surface   21.692   H31 119 X    0
  2nd closest surface    21.692   H13 119 X    0
  found on step  958
  this is also current point
  no. of rejections          193
 stored as   122

 highest radius point found:
  at point    0.229  -0.515  24.584
  closest atom surface   21.889   H31 119 X    0
  2nd closest surface    21.889   C38 119 X    0
  found on step    1
 current point:
  at point    0.230  -0.516  24.584
  closest atom surface   21.889   H31 119 X    0
  2nd closest surface    21.889   H13 119 X    0
  found on step  993
  no. of rejections          168
 stored as   123

 highest radius point found:
  at point    0.229  -0.515  24.784
  closest atom surface   22.085   H31 119 X    0
  2nd closest surface    22.086   C38 119 X    0
  found on step    1
 current point:
  at point    0.285  -0.616  24.784
  closest atom surface   22.082   H13 119 X    0
  2nd closest surface    22.083   H31 119 X    0
  found on step  982
  no. of rejections          184
 This is an end! (radius above  22.0 angs)
 highest radius point found:
  at point    0.069   0.299  -0.216
  closest atom surface    2.091   C38 119 X    0
  2nd closest surface     2.091   C41 119 X    0
  found on step  983
  this is also current point
  no. of rejections          387
 stored as    -1

 highest radius point found:
  at point    0.035   0.263  -0.416
  closest atom surface    2.162   C40 119 X    0
  2nd closest surface     2.163   C38 119 X    0
  found on step    4
 current point:
  at point   -0.143   0.048  -0.416
  closest atom surface    2.155   C40 119 X    0
  2nd closest surface     2.156   C38 119 X    0
  found on step  940
  no. of rejections          386
 stored as    -2

 highest radius point found:
  at point    0.051   0.292  -0.616
  closest atom surface    2.240   C41 119 X    0
  2nd closest surface     2.245   C38 119 X    0
  found on step  348
 current point:
  at point    0.277   0.709  -0.616
  closest atom surface    2.222   C38 119 X    0
  2nd closest surface     2.223   C41 119 X    0
  found on step  967
  no. of rejections          370
 stored as    -3

 highest radius point found:
  at point    0.027   0.271  -0.816
  closest atom surface    2.333   C40 119 X    0
  2nd closest surface     2.333   C41 119 X    0
  found on step  708
 current point:
  at point    0.025   0.271  -0.816
  closest atom surface    2.332   C38 119 X    0
  2nd closest surface     2.334   C40 119 X    0
  found on step  942
  no. of rejections          370
 stored as    -4

 highest radius point found:
  at point    0.011   0.261  -1.016
  closest atom surface    2.429   C40 119 X    0
  2nd closest surface     2.429   C38 119 X    0
  found on step  929
  this is also current point
  no. of rejections          368
 stored as    -5

 highest radius point found:
  at point   -0.001   0.257  -1.216
  closest atom surface    2.532   C38 119 X    0
  2nd closest surface     2.533   C40 119 X    0
  found on step  915
  this is also current point
  no. of rejections          368
 stored as    -6

 highest radius point found:
  at point   -0.010   0.253  -1.416
  closest atom surface    2.642   C40 119 X    0
  2nd closest surface     2.642   C41 119 X    0
  found on step  660
 current point:
  at point   -0.027   0.233  -1.416
  closest atom surface    2.641   C40 119 X    0
  2nd closest surface     2.642   C38 119 X    0
  found on step  976
  no. of rejections          362
 stored as    -7

 highest radius point found:
  at point   -0.030   0.238  -1.616
  closest atom surface    2.758   C40 119 X    0
  2nd closest surface     2.758   C38 119 X    0
  found on step  967
  this is also current point
  no. of rejections          356
 stored as    -8

 highest radius point found:
  at point   -0.203   0.039  -1.816
  closest atom surface    2.877   C38 119 X    0
  2nd closest surface     2.878   C40 119 X    0
  found on step  918
  this is also current point
  no. of rejections          336
 stored as    -9

 highest radius point found:
  at point   -0.218   0.029  -2.016
  closest atom surface    3.005   C40 119 X    0
  2nd closest surface     3.005   C38 119 X    0
  found on step  931
  this is also current point
  no. of rejections          372
 stored as   -10

 highest radius point found:
  at point   -0.243  -0.005  -2.216
  closest atom surface    3.131   C39 119 X    0
  2nd closest surface     3.132   C40 119 X    0
  found on step  385
 current point:
  at point   -0.245  -0.008  -2.216
  closest atom surface    3.130   C39 119 X    0
  2nd closest surface     3.132   C40 119 X    0
  found on step  992
  no. of rejections          352
 stored as   -11

 highest radius point found:
  at point   -0.253  -0.043  -2.416
  closest atom surface    3.243   N1  119 X    0
  2nd closest surface     3.243   N4  119 X    0
  found on step  572
 current point:
  at point   -0.253  -0.044  -2.416
  closest atom surface    3.243   N1  119 X    0
  2nd closest surface     3.243   N4  119 X    0
  found on step  993
  no. of rejections          394
 stored as   -12

 highest radius point found:
  at point   -0.253  -0.043  -2.616
  closest atom surface    3.323   N1  119 X    0
  2nd closest surface     3.325   N2  119 X    0
  found on step    1
 current point:
  at point   -0.208  -0.031  -2.616
  closest atom surface    3.322   N4  119 X    0
  2nd closest surface     3.323   N1  119 X    0
  found on step  988
  no. of rejections          362
 stored as   -13

 highest radius point found:
  at point   -0.219  -0.034  -2.816
  closest atom surface    3.410   N1  119 X    0
  2nd closest surface     3.411   N4  119 X    0
  found on step  745
 current point:
  at point   -0.161  -0.020  -2.816
  closest atom surface    3.408   N1  119 X    0
  2nd closest surface     3.409   N4  119 X    0
  found on step  975
  no. of rejections          364
 stored as   -14

 highest radius point found:
  at point   -0.225  -0.034  -3.016
  closest atom surface    3.505   N1  119 X    0
  2nd closest surface     3.505   N4  119 X    0
  found on step  711
 current point:
  at point   -0.156  -0.017  -3.016
  closest atom surface    3.502   N1  119 X    0
  2nd closest surface     3.503   N4  119 X    0
  found on step  944
  no. of rejections          402
 stored as   -15

 highest radius point found:
  at point   -0.191  -0.025  -3.216
  closest atom surface    3.603   N1  119 X    0
  2nd closest surface     3.604   N4  119 X    0
  found on step  427
 current point:
  at point   -0.068   0.005  -3.216
  closest atom surface    3.600   N1  119 X    0
  2nd closest surface     3.601   N4  119 X    0
  found on step  901
  no. of rejections          383
 stored as   -16

 highest radius point found:
  at point   -0.197  -0.024  -3.416
  closest atom surface    3.708   N4  119 X    0
  2nd closest surface     3.709   N2  119 X    0
  found on step  944
  this is also current point
  no. of rejections          361
 stored as   -17

 highest radius point found:
  at point   -0.157  -0.014  -3.616
  closest atom surface    3.818   N1  119 X    0
  2nd closest surface     3.818   N4  119 X    0
  found on step   49
 current point:
  at point   -0.134  -0.010  -3.616
  closest atom surface    3.817   N1  119 X    0
  2nd closest surface     3.818   N4  119 X    0
  found on step  977
  no. of rejections          364
 stored as   -18

 highest radius point found:
  at point   -0.144  -0.010  -3.816
  closest atom surface    3.933   N1  119 X    0
  2nd closest surface     3.934   N4  119 X    0
  found on step  949
  this is also current point
  no. of rejections          359
 stored as   -19

 highest radius point found:
  at point   -0.125  -0.009  -4.016
  closest atom surface    4.044   H26 119 X    0
  2nd closest surface     4.045   H9  119 X    0
  found on step  529
 current point:
  at point   -0.051   0.011  -4.016
  closest atom surface    4.043   H26 119 X    0
  2nd closest surface     4.043   H9  119 X    0
  found on step  942
  no. of rejections          405
 stored as   -20

 highest radius point found:
  at point   -0.139  -0.013  -4.216
  closest atom surface    4.151   H9  119 X    0
  2nd closest surface     4.153   H26 119 X    0
  found on step  469
 current point:
  at point   -0.067   0.007  -4.216
  closest atom surface    4.151   H9  119 X    0
  2nd closest surface     4.151   H26 119 X    0
  found on step  896
  no. of rejections          389
 stored as   -21

 highest radius point found:
  at point   -0.133  -0.011  -4.416
  closest atom surface    4.264   H9  119 X    0
  2nd closest surface     4.266   H26 119 X    0
  found on step  707
 current point:
  at point   -0.076   0.006  -4.416
  closest atom surface    4.264   H26 119 X    0
  2nd closest surface     4.264   H9  119 X    0
  found on step  906
  no. of rejections          354
 stored as   -22

 highest radius point found:
  at point   -0.105  -0.001  -4.616
  closest atom surface    4.381   H9  119 X    0
  2nd closest surface     4.382   H26 119 X    0
  found on step  678
 current point:
  at point   -0.081   0.006  -4.616
  closest atom surface    4.381   H26 119 X    0
  2nd closest surface     4.382   H9  119 X    0
  found on step  978
  no. of rejections          402
 stored as   -23

 highest radius point found:
  at point   -0.103   0.000  -4.816
  closest atom surface    4.504   H9  119 X    0
  2nd closest surface     4.504   H26 119 X    0
  found on step  532
 current point:
  at point   -0.087   0.005  -4.816
  closest atom surface    4.504   H26 119 X    0
  2nd closest surface     4.504   H9  119 X    0
  found on step  996
  no. of rejections          381
 stored as   -24

 highest radius point found:
  at point   -0.102   0.002  -5.016
  closest atom surface    4.631   H26 119 X    0
  2nd closest surface     4.631   H9  119 X    0
  found on step  928
  this is also current point
  no. of rejections          347
 stored as   -25

 highest radius point found:
  at point   -0.110   0.001  -5.216
  closest atom surface    4.762   H9  119 X    0
  2nd closest surface     4.763   H26 119 X    0
  found on step  842
 current point:
  at point   -0.107   0.001  -5.216
  closest atom surface    4.762   H9  119 X    0
  2nd closest surface     4.763   H26 119 X    0
  found on step  986
  no. of rejections          363
 stored as   -26

 highest radius point found:
  at point   -0.095   0.004  -5.416
  closest atom surface    4.896   H9  119 X    0
  2nd closest surface     4.896   H10 119 X    0
  found on step  102
 current point:
  at point   -0.082   0.004  -5.416
  closest atom surface    4.893   H9  119 X    0
  2nd closest surface     4.895   C37 119 X    0
  found on step  934
  no. of rejections          365
 stored as   -27

 highest radius point found:
  at point   -0.098   0.010  -5.616
  closest atom surface    5.031   H10 119 X    0
  2nd closest surface     5.032   C37 119 X    0
  found on step  696
 current point:
  at point   -0.093   0.007  -5.616
  closest atom surface    5.030   C37 119 X    0
  2nd closest surface     5.030   H10 119 X    0
  found on step  969
  no. of rejections          353
 stored as   -28

 highest radius point found:
  at point   -0.099   0.010  -5.816
  closest atom surface    5.166   C37 119 X    0
  2nd closest surface     5.166   H10 119 X    0
  found on step  986
  this is also current point
  no. of rejections          340
 stored as   -29

 highest radius point found:
  at point   -0.100   0.011  -6.016
  closest atom surface    5.303   C37 119 X    0
  2nd closest surface     5.303   C17 119 X    0
  found on step  754
 current point:
  at point   -0.100   0.009  -6.016
  closest atom surface    5.302   C17 119 X    0
  2nd closest surface     5.303   C37 119 X    0
  found on step  950
  no. of rejections          350
 stored as   -30

 highest radius point found:
  at point   -0.100   0.011  -6.216
  closest atom surface    5.442   C37 119 X    0
  2nd closest surface     5.443   C17 119 X    0
  found on step    1
 current point:
  at point   -0.102   0.012  -6.216
  closest atom surface    5.442   C17 119 X    0
  2nd closest surface     5.443   C37 119 X    0
  found on step  992
  no. of rejections          348
 stored as   -31

 highest radius point found:
  at point   -0.095  -0.000  -6.416
  closest atom surface    5.585   C18 119 X    0
  2nd closest surface     5.585   H10 119 X    0
  found on step  969
  this is also current point
  no. of rejections          331
 stored as   -32

 highest radius point found:
  at point   -0.095  -0.000  -6.616
  closest atom surface    5.730   C36 119 X    0
  2nd closest surface     5.730   C18 119 X    0
  found on step    1
 current point:
  at point   -0.094  -0.002  -6.616
  closest atom surface    5.730   C36 119 X    0
  2nd closest surface     5.730   C18 119 X    0
  found on step  962
  no. of rejections          353
 stored as   -33

 highest radius point found:
  at point   -0.098   0.004  -6.816
  closest atom surface    5.877   C17 119 X    0
  2nd closest surface     5.877   C36 119 X    0
  found on step  995
  this is also current point
  no. of rejections          336
 stored as   -34

 highest radius point found:
  at point   -0.101   0.009  -7.016
  closest atom surface    6.027   C36 119 X    0
  2nd closest surface     6.027   C37 119 X    0
  found on step  923
  this is also current point
  no. of rejections          321
 stored as   -35

 highest radius point found:
  at point   -0.100   0.004  -7.216
  closest atom surface    6.179   C36 119 X    0
  2nd closest surface     6.179   C17 119 X    0
  found on step  641
 current point:
  at point   -0.100   0.005  -7.216
  closest atom surface    6.179   C17 119 X    0
  2nd closest surface     6.179   C36 119 X    0
  found on step  988
  no. of rejections          312
 stored as   -36

 highest radius point found:
  at point   -0.100   0.004  -7.416
  closest atom surface    6.332   C36 119 X    0
  2nd closest surface     6.333   C17 119 X    0
  found on step    1
 current point:
  at point   -0.113   0.028  -7.416
  closest atom surface    6.331   C37 119 X    0
  2nd closest surface     6.331   C17 119 X    0
  found on step  903
  no. of rejections          342
 stored as   -37

 highest radius point found:
  at point   -0.106   0.014  -7.616
  closest atom surface    6.488   C17 119 X    0
  2nd closest surface     6.488   C36 119 X    0
  found on step  958
  this is also current point
  no. of rejections          279
 stored as   -38

 highest radius point found:
  at point   -0.109   0.020  -7.816
  closest atom surface    6.646   C17 119 X    0
  2nd closest surface     6.646   C37 119 X    0
  found on step  974
  this is also current point
  no. of rejections          305
 stored as   -39

 highest radius point found:
  at point   -0.109   0.020  -8.016
  closest atom surface    6.805   C36 119 X    0
  2nd closest surface     6.805   C37 119 X    0
  found on step    1
 current point:
  at point   -0.104   0.011  -8.016
  closest atom surface    6.805   C36 119 X    0
  2nd closest surface     6.806   C17 119 X    0
  found on step  993
  no. of rejections          299
 stored as   -40

 highest radius point found:
  at point   -0.110   0.020  -8.216
  closest atom surface    6.966   C17 119 X    0
  2nd closest surface     6.966   C36 119 X    0
  found on step  233
 current point:
  at point   -0.131   0.055  -8.216
  closest atom surface    6.964   C37 119 X    0
  2nd closest surface     6.964   C17 119 X    0
  found on step  968
  no. of rejections          282
 stored as   -41

 highest radius point found:
  at point   -0.100  -0.004  -8.416
  closest atom surface    7.129   C36 119 X    0
  2nd closest surface     7.129   C18 119 X    0
  found on step  991
  this is also current point
  no. of rejections          307
 stored as   -42

 highest radius point found:
  at point   -0.110   0.014  -8.616
  closest atom surface    7.293   C17 119 X    0
  2nd closest surface     7.293   C36 119 X    0
  found on step  891
  this is also current point
  no. of rejections          320
 stored as   -43

 highest radius point found:
  at point   -0.110   0.014  -8.816
  closest atom surface    7.459   C36 119 X    0
  2nd closest surface     7.459   C17 119 X    0
  found on step    1
 current point:
  at point   -0.105  -0.001  -8.816
  closest atom surface    7.458   C17 119 X    0
  2nd closest surface     7.458   C18 119 X    0
  found on step  958
  no. of rejections          289
 stored as   -44

 highest radius point found:
  at point   -0.116   0.026  -9.016
  closest atom surface    7.625   C36 119 X    0
  2nd closest surface     7.626   C17 119 X    0
  found on step  953
  this is also current point
  no. of rejections          301
 stored as   -45

 highest radius point found:
  at point   -0.107   0.005  -9.216
  closest atom surface    7.793   C36 119 X    0
  2nd closest surface     7.793   C17 119 X    0
  found on step  995
  this is also current point
  no. of rejections          308
 stored as   -46

 highest radius point found:
  at point   -0.115   0.020  -9.416
  closest atom surface    7.963   C17 119 X    0
  2nd closest surface     7.963   C36 119 X    0
  found on step  623
 current point:
  at point   -0.128   0.050  -9.416
  closest atom surface    7.962   C37 119 X    0
  2nd closest surface     7.963   C17 119 X    0
  found on step  966
  no. of rejections          291
 stored as   -47

 highest radius point found:
  at point   -0.118   0.026  -9.616
  closest atom surface    8.133   C36 119 X    0
  2nd closest surface     8.133   C17 119 X    0
  found on step  927
  this is also current point
  no. of rejections          288
 stored as   -48

 highest radius point found:
  at point   -0.125   0.042  -9.816
  closest atom surface    8.305   C36 119 X    0
  2nd closest surface     8.305   C37 119 X    0
  found on step  786
 current point:
  at point   -0.119   0.024  -9.816
  closest atom surface    8.304   C17 119 X    0
  2nd closest surface     8.305   C36 119 X    0
  found on step  948
  no. of rejections          294
 stored as   -49

 highest radius point found:
  at point   -0.107  -0.004 -10.016
  closest atom surface    8.477   C36 119 X    0
  2nd closest surface     8.477   C17 119 X    0
  found on step 1000
  this is also current point
  no. of rejections          294
 stored as   -50

 highest radius point found:
  at point   -0.107  -0.004 -10.216
  closest atom surface    8.650   C36 119 X    0
  2nd closest surface     8.651   C17 119 X    0
  found on step    1
 current point:
  at point   -0.157   0.101 -10.216
  closest atom surface    8.645   C37 119 X    0
  2nd closest surface     8.650   C17 119 X    0
  found on step 1000
  no. of rejections          289
 stored as   -51

 highest radius point found:
  at point   -0.108  -0.003 -10.416
  closest atom surface    8.825   C36 119 X    0
  2nd closest surface     8.825   C17 119 X    0
  found on step  941
  this is also current point
  no. of rejections          270
 stored as   -52

 highest radius point found:
  at point   -0.115   0.010 -10.616
  closest atom surface    9.000   C17 119 X    0
  2nd closest surface     9.000   C36 119 X    0
  found on step  730
 current point:
  at point   -0.264   0.270 -10.616
  closest atom surface    8.990   C37 119 X    0
  2nd closest surface     8.990   C17 119 X    0
  found on step  964
  no. of rejections          281
 stored as   -53

 highest radius point found:
  at point   -0.134   0.052 -10.816
  closest atom surface    9.177   C17 119 X    0
  2nd closest surface     9.177   C36 119 X    0
  found on step  947
  this is also current point
  no. of rejections          270
 stored as   -54

 highest radius point found:
  at point   -0.134   0.052 -11.016
  closest atom surface    9.354   C36 119 X    0
  2nd closest surface     9.354   C17 119 X    0
  found on step    1
 current point:
  at point   -0.142   0.065 -11.016
  closest atom surface    9.353   C17 119 X    0
  2nd closest surface     9.353   C37 119 X    0
  found on step  949
  no. of rejections          256
 stored as   -55

 highest radius point found:
  at point   -0.134   0.046 -11.216
  closest atom surface    9.531   C17 119 X    0
  2nd closest surface     9.532   C36 119 X    0
  found on step  982
  this is also current point
  no. of rejections          264
 stored as   -56

 highest radius point found:
  at point   -0.134   0.046 -11.416
  closest atom surface    9.710   C17 119 X    0
  2nd closest surface     9.710   C36 119 X    0
  found on step    1
 current point:
  at point   -0.113  -0.002 -11.416
  closest atom surface    9.709   C17 119 X    0
  2nd closest surface     9.710   C36 119 X    0
  found on step  981
  no. of rejections          266
 stored as   -57

 highest radius point found:
  at point   -0.126   0.026 -11.616
  closest atom surface    9.889   C17 119 X    0
  2nd closest surface     9.889   C36 119 X    0
  found on step  712
 current point:
  at point   -0.112  -0.004 -11.616
  closest atom surface    9.888   C36 119 X    0
  2nd closest surface     9.889   C17 119 X    0
  found on step  996
  no. of rejections          277
 stored as   -58

 highest radius point found:
  at point   -0.145   0.068 -11.816
  closest atom surface   10.069   C37 119 X    0
  2nd closest surface    10.069   C17 119 X    0
  found on step   34
 current point:
  at point   -0.398   0.488 -11.816
  closest atom surface   10.056   C37 119 X    0
  2nd closest surface    10.056   C17 119 X    0
  found on step  954
  no. of rejections          253
 stored as   -59

 highest radius point found:
  at point   -0.145   0.068 -12.016
  closest atom surface   10.249   C36 119 X    0
  2nd closest surface    10.249   C37 119 X    0
  found on step    1
 current point:
  at point   -0.149   0.076 -12.016
  closest atom surface   10.249   C37 119 X    0
  2nd closest surface    10.250   C17 119 X    0
  found on step  955
  no. of rejections          254
 stored as   -60

 highest radius point found:
  at point   -0.139   0.051 -12.216
  closest atom surface   10.430   C17 119 X    0
  2nd closest surface    10.431   C36 119 X    0
  found on step  730
 current point:
  at point   -0.161   0.093 -12.216
  closest atom surface   10.429   C17 119 X    0
  2nd closest surface    10.429   C37 119 X    0
  found on step  995
  no. of rejections          254
 stored as   -61

 highest radius point found:
  at point   -0.139   0.051 -12.416
  closest atom surface   10.612   C36 119 X    0
  2nd closest surface    10.612   C17 119 X    0
  found on step    1
 current point:
  at point   -0.156   0.083 -12.416
  closest atom surface   10.612   C17 119 X    0
  2nd closest surface    10.612   C37 119 X    0
  found on step  966
  no. of rejections          270
 stored as   -62

 highest radius point found:
  at point   -0.143   0.058 -12.616
  closest atom surface   10.794   C36 119 X    0
  2nd closest surface    10.794   C17 119 X    0
  found on step  200
 current point:
  at point   -0.143   0.056 -12.616
  closest atom surface   10.794   C17 119 X    0
  2nd closest surface    10.794   C36 119 X    0
  found on step  927
  no. of rejections          275
 stored as   -63

 highest radius point found:
  at point   -0.143   0.058 -12.816
  closest atom surface   10.976   C36 119 X    0
  2nd closest surface    10.977   C17 119 X    0
  found on step    1
 current point:
  at point   -0.120   0.005 -12.816
  closest atom surface   10.976   C36 119 X    0
  2nd closest surface    10.977   C17 119 X    0
  found on step  984
  no. of rejections          236
 stored as   -64

 highest radius point found:
  at point   -0.155   0.076 -13.016
  closest atom surface   11.160   C17 119 X    0
  2nd closest surface    11.161   C36 119 X    0
  found on step  995
  this is also current point
  no. of rejections          268
 stored as   -65

 highest radius point found:
  at point   -0.155   0.076 -13.216
  closest atom surface   11.344   C17 119 X    0
  2nd closest surface    11.344   C36 119 X    0
  found on step    1
 current point:
  at point   -0.157   0.081 -13.216
  closest atom surface   11.344   C17 119 X    0
  2nd closest surface    11.344   C36 119 X    0
  found on step 1000
  no. of rejections          245
 stored as   -66

 highest radius point found:
  at point   -0.155   0.076 -13.416
  closest atom surface   11.528   C17 119 X    0
  2nd closest surface    11.528   C36 119 X    0
  found on step    1
 current point:
  at point   -0.025  -0.164 -13.416
  closest atom surface   11.519   C18 119 X    0
  2nd closest surface    11.519   C36 119 X    0
  found on step  994
  no. of rejections          219
 stored as   -67

 highest radius point found:
  at point   -0.155   0.076 -13.616
  closest atom surface   11.713   C36 119 X    0
  2nd closest surface    11.713   C17 119 X    0
  found on step    1
 current point:
  at point    0.179  -0.505 -13.616
  closest atom surface   11.693   C36 119 X    0
  2nd closest surface    11.693   C18 119 X    0
  found on step  980
  no. of rejections          223
 stored as   -68

 highest radius point found:
  at point   -0.155   0.076 -13.816
  closest atom surface   11.897   C36 119 X    0
  2nd closest surface    11.898   C17 119 X    0
  found on step    1
 current point:
  at point   -0.629   0.865 -13.816
  closest atom surface   11.892   C17 119 X    0
  2nd closest surface    11.893   C37 119 X    0
  found on step  917
  no. of rejections          242
 stored as   -69

 highest radius point found:
  at point   -0.155   0.076 -14.016
  closest atom surface   12.083   C36 119 X    0
  2nd closest surface    12.084   C17 119 X    0
  found on step    1
 current point:
  at point    0.001  -0.212 -14.016
  closest atom surface   12.072   C18 119 X    0
  2nd closest surface    12.073   C36 119 X    0
  found on step  997
  no. of rejections          267
 stored as   -70

 highest radius point found:
  at point   -0.155   0.076 -14.216
  closest atom surface   12.268   C36 119 X    0
  2nd closest surface    12.270   C17 119 X    0
  found on step    1
 current point:
  at point   -0.658   0.915 -14.216
  closest atom surface   12.266   C37 119 X    0
  2nd closest surface    12.266   H27 119 X    0
  found on step  992
  no. of rejections          253
 stored as   -71

 highest radius point found:
  at point   -0.135   0.022 -14.416
  closest atom surface   12.455   C17 119 X    0
  2nd closest surface    12.455   C36 119 X    0
  found on step  897
  this is also current point
  no. of rejections          241
 stored as   -72

 highest radius point found:
  at point   -0.134   0.020 -14.616
  closest atom surface   12.641   C36 119 X    0
  2nd closest surface    12.642   C17 119 X    0
  found on step  796
 current point:
  at point   -0.184   0.128 -14.616
  closest atom surface   12.640   C37 119 X    0
  2nd closest surface    12.642   C17 119 X    0
  found on step  993
  no. of rejections          222
 stored as   -73

 highest radius point found:
  at point   -0.171   0.101 -14.816
  closest atom surface   12.829   C17 119 X    0
  2nd closest surface    12.829   C37 119 X    0
  found on step   51
 current point:
  at point   -0.130   0.008 -14.816
  closest atom surface   12.828   C36 119 X    0
  2nd closest surface    12.828   C17 119 X    0
  found on step  900
  no. of rejections          235
 stored as   -74

 highest radius point found:
  at point   -0.171   0.101 -15.016
  closest atom surface   13.016   C17 119 X    0
  2nd closest surface    13.017   C36 119 X    0
  found on step    1
 current point:
  at point   -0.176   0.111 -15.016
  closest atom surface   13.016   C37 119 X    0
  2nd closest surface    13.016   C17 119 X    0
  found on step  969
  no. of rejections          248
 stored as   -75

 highest radius point found:
  at point   -0.171   0.101 -15.216
  closest atom surface   13.204   C36 119 X    0
  2nd closest surface    13.204   C17 119 X    0
  found on step    1
 current point:
  at point   -0.012  -0.188 -15.216
  closest atom surface   13.193   C36 119 X    0
  2nd closest surface    13.197   C18 119 X    0
  found on step  994
  no. of rejections          226
 stored as   -76

 highest radius point found:
  at point   -0.752   1.057 -15.416
  closest atom surface   13.394   C17 119 X    0
  2nd closest surface    13.395   H27 119 X    0
  found on step  997
  this is also current point
  no. of rejections          226
 stored as   -77

 highest radius point found:
  at point   -0.772   1.093 -15.616
  closest atom surface   13.583   H27 119 X    0
  2nd closest surface    13.584   C17 119 X    0
  found on step   84
 current point:
  at point   -0.152   0.051 -15.616
  closest atom surface   13.580   C36 119 X    0
  2nd closest surface    13.580   C17 119 X    0
  found on step  912
  no. of rejections          245
 stored as   -78

 highest radius point found:
  at point   -0.772   1.093 -15.816
  closest atom surface   13.773   C17 119 X    0
  2nd closest surface    13.775   C37 119 X    0
  found on step    1
 current point:
  at point   -0.235   0.208 -15.816
  closest atom surface   13.765   C37 119 X    0
  2nd closest surface    13.766   C17 119 X    0
  found on step 1000
  no. of rejections          245
 stored as   -79

 highest radius point found:
  at point   -0.786   1.120 -16.016
  closest atom surface   13.964   C17 119 X    0
  2nd closest surface    13.964   C37 119 X    0
  found on step  800
 current point:
  at point   -0.784   1.117 -16.016
  closest atom surface   13.964   C37 119 X    0
  2nd closest surface    13.964   C17 119 X    0
  found on step  923
  no. of rejections          227
 stored as   -80

 highest radius point found:
  at point   -0.786   1.120 -16.216
  closest atom surface   14.153   C37 119 X    0
  2nd closest surface    14.153   C17 119 X    0
  found on step    1
 current point:
  at point   -0.217   0.173 -16.216
  closest atom surface   14.145   C17 119 X    0
  2nd closest surface    14.145   C37 119 X    0
  found on step  997
  no. of rejections          237
 stored as   -81

 highest radius point found:
  at point   -0.817   1.169 -16.416
  closest atom surface   14.345   C17 119 X    0
  2nd closest surface    14.345   C37 119 X    0
  found on step  954
  this is also current point
  no. of rejections          220
 stored as   -82

 highest radius point found:
  at point   -0.817   1.169 -16.616
  closest atom surface   14.534   C17 119 X    0
  2nd closest surface    14.535   C37 119 X    0
  found on step    1
 current point:
  at point   -0.204   0.153 -16.616
  closest atom surface   14.525   C37 119 X    0
  2nd closest surface    14.525   C17 119 X    0
  found on step  955
  no. of rejections          228
 stored as   -83

 highest radius point found:
  at point   -0.841   1.207 -16.816
  closest atom surface   14.726   C17 119 X    0
  2nd closest surface    14.727   C37 119 X    0
  found on step   12
 current point:
  at point   -0.731   1.022 -16.816
  closest atom surface   14.717   C17 119 X    0
  2nd closest surface    14.719   C37 119 X    0
  found on step  993
  no. of rejections          213
 stored as   -84

 highest radius point found:
  at point   -0.841   1.207 -17.016
  closest atom surface   14.916   C17 119 X    0
  2nd closest surface    14.917   C37 119 X    0
  found on step    1
 current point:
  at point    0.355  -0.821 -17.016
  closest atom surface   14.890   C18 119 X    0
  2nd closest surface    14.890   C36 119 X    0
  found on step  992
  no. of rejections          208
 stored as   -85

 highest radius point found:
  at point   -0.883   1.274 -17.216
  closest atom surface   15.110   H27 119 X    0
  2nd closest surface    15.110   C17 119 X    0
  found on step  985
  this is also current point
  no. of rejections          209
 stored as   -86

 highest radius point found:
  at point   -0.897   1.297 -17.416
  closest atom surface   15.302   C17 119 X    0
  2nd closest surface    15.302   H27 119 X    0
  found on step  995
  this is also current point
  no. of rejections          210
 stored as   -87

 highest radius point found:
  at point   -0.917   1.325 -17.616
  closest atom surface   15.494   C17 119 X    0
  2nd closest surface    15.494   H27 119 X    0
  found on step    3
 current point:
  at point   -0.827   1.188 -17.616
  closest atom surface   15.487   C37 119 X    0
  2nd closest surface    15.488   C17 119 X    0
  found on step  981
  no. of rejections          216
 stored as   -88

 highest radius point found:
  at point   -0.917   1.325 -17.816
  closest atom surface   15.685   C17 119 X    0
  2nd closest surface    15.687   C37 119 X    0
  found on step    1
 current point:
  at point   -0.140   0.002 -17.816
  closest atom surface   15.667   C17 119 X    0
  2nd closest surface    15.668   C36 119 X    0
  found on step  996
  no. of rejections          257
 stored as   -89

 highest radius point found:
  at point   -0.936   1.367 -18.016
  closest atom surface   15.879   C37 119 X    0
  2nd closest surface    15.879   H27 119 X    0
  found on step  975
  this is also current point
  no. of rejections          192
 stored as   -90

 highest radius point found:
  at point   -0.961   1.398 -18.216
  closest atom surface   16.072   C17 119 X    0
  2nd closest surface    16.072   H27 119 X    0
  found on step  995
  this is also current point
  no. of rejections          198
 stored as   -91

 highest radius point found:
  at point   -0.981   1.428 -18.416
  closest atom surface   16.265   H27 119 X    0
  2nd closest surface    16.265   C17 119 X    0
  found on step  923
  this is also current point
  no. of rejections          213
 stored as   -92

 highest radius point found:
  at point   -0.981   1.428 -18.616
  closest atom surface   16.456   C17 119 X    0
  2nd closest surface    16.459   C37 119 X    0
  found on step    1
 current point:
  at point   -0.871   1.268 -18.616
  closest atom surface   16.446   C37 119 X    0
  2nd closest surface    16.450   C17 119 X    0
  found on step 1000
  no. of rejections          223
 stored as   -93

 highest radius point found:
  at point   -0.999   1.466 -18.816
  closest atom surface   16.652   H27 119 X    0
  2nd closest surface    16.652   C17 119 X    0
  found on step  793
 current point:
  at point   -1.000   1.467 -18.816
  closest atom surface   16.652   H27 119 X    0
  2nd closest surface    16.652   C17 119 X    0
  found on step  982
  no. of rejections          195
 stored as   -94

 highest radius point found:
  at point   -1.006   1.479 -19.016
  closest atom surface   16.844   C37 119 X    0
  2nd closest surface    16.845   C17 119 X    0
  found on step  821
 current point:
  at point   -0.999   1.467 -19.016
  closest atom surface   16.844   C37 119 X    0
  2nd closest surface    16.844   C17 119 X    0
  found on step  987
  no. of rejections          183
 stored as   -95

 highest radius point found:
  at point   -1.020   1.498 -19.216
  closest atom surface   17.038   C26 119 X    0
  2nd closest surface    17.038   C17 119 X    0
  found on step  990
  this is also current point
  no. of rejections          206
 stored as   -96

 highest radius point found:
  at point   -1.030   1.514 -19.416
  closest atom surface   17.231   C26 119 X    0
  2nd closest surface    17.231   C17 119 X    0
  found on step  997
  this is also current point
  no. of rejections          209
 stored as   -97

 highest radius point found:
  at point   -1.039   1.538 -19.616
  closest atom surface   17.424   C26 119 X    0
  2nd closest surface    17.424   C37 119 X    0
  found on step  985
  this is also current point
  no. of rejections          184
 stored as   -98

 highest radius point found:
  at point   -1.051   1.547 -19.816
  closest atom surface   17.617   C26 119 X    0
  2nd closest surface    17.618   C17 119 X    0
  found on step  848
 current point:
  at point   -1.051   1.541 -19.816
  closest atom surface   17.617   C17 119 X    0
  2nd closest surface    17.618   C26 119 X    0
  found on step  970
  no. of rejections          201
 stored as   -99

 highest radius point found:
  at point   -1.051   1.547 -20.016
  closest atom surface   17.811   C17 119 X    0
  2nd closest surface    17.811   C37 119 X    0
  found on step    1
 current point:
  at point   -1.059   1.600 -20.016
  closest atom surface   17.809   C37 119 X    0
  2nd closest surface    17.810   C26 119 X    0
  found on step  972
  no. of rejections          212
 stored as  -100

 highest radius point found:
  at point   -1.068   1.570 -20.216
  closest atom surface   18.005   C17 119 X    0
  2nd closest surface    18.005   C26 119 X    0
  found on step  970
  this is also current point
  no. of rejections          205
 stored as  -101

 highest radius point found:
  at point   -1.077   1.590 -20.416
  closest atom surface   18.200   C26 119 X    0
  2nd closest surface    18.200   C17 119 X    0
  found on step  953
  this is also current point
  no. of rejections          218
 stored as  -102

 highest radius point found:
  at point   -1.085   1.602 -20.616
  closest atom surface   18.394   C17 119 X    0
  2nd closest surface    18.394   C37 119 X    0
  found on step  950
  this is also current point
  no. of rejections          203
 stored as  -103

 highest radius point found:
  at point   -1.085   1.602 -20.816
  closest atom surface   18.587   C17 119 X    0
  2nd closest surface    18.587   C37 119 X    0
  found on step    1
 current point:
  at point   -0.788   1.109 -20.816
  closest atom surface   18.560   C17 119 X    0
  2nd closest surface    18.560   C37 119 X    0
  found on step  972
  no. of rejections          204
 stored as  -104

 highest radius point found:
  at point   -1.105   1.636 -21.016
  closest atom surface   18.782   C26 119 X    0
  2nd closest surface    18.783   C17 119 X    0
  found on step  945
  this is also current point
  no. of rejections          214
 stored as  -105

 highest radius point found:
  at point   -1.119   1.650 -21.216
  closest atom surface   18.976   C26 119 X    0
  2nd closest surface    18.976   C17 119 X    0
  found on step  978
  this is also current point
  no. of rejections          228
 stored as  -106

 highest radius point found:
  at point   -1.119   1.650 -21.416
  closest atom surface   19.170   C17 119 X    0
  2nd closest surface    19.172   C37 119 X    0
  found on step    1
 current point:
  at point    0.700  -1.375 -21.416
  closest atom surface   19.132   H10 119 X    0
  2nd closest surface    19.132   C36 119 X    0
  found on step  963
  no. of rejections          210
 stored as  -107

 highest radius point found:
  at point   -1.134   1.693 -21.616
  closest atom surface   19.366   C26 119 X    0
  2nd closest surface    19.366   C37 119 X    0
  found on step  289
 current point:
  at point   -1.129   1.684 -21.616
  closest atom surface   19.365   C37 119 X    0
  2nd closest surface    19.367   C26 119 X    0
  found on step  982
  no. of rejections          190
 stored as  -108

 highest radius point found:
  at point   -1.147   1.694 -21.816
  closest atom surface   19.560   C17 119 X    0
  2nd closest surface    19.560   C26 119 X    0
  found on step  997
  this is also current point
  no. of rejections          217
 stored as  -109

 highest radius point found:
  at point   -1.153   1.713 -22.016
  closest atom surface   19.756   C26 119 X    0
  2nd closest surface    19.756   C37 119 X    0
  found on step  958
  this is also current point
  no. of rejections          182
 stored as  -110

 highest radius point found:
  at point   -1.161   1.727 -22.216
  closest atom surface   19.951   C37 119 X    0
  2nd closest surface    19.951   C26 119 X    0
  found on step  999
  this is also current point
  no. of rejections          190
 stored as  -111

 highest radius point found:
  at point   -1.163   1.728 -22.416
  closest atom surface   20.145   C17 119 X    0
  2nd closest surface    20.145   C37 119 X    0
  found on step  996
  this is also current point
  no. of rejections          190
 stored as  -112

 highest radius point found:
  at point   -1.186   1.777 -22.616
  closest atom surface   20.340   C26 119 X    0
  2nd closest surface    20.342   C37 119 X    0
  found on step  994
  this is also current point
  no. of rejections          215
 stored as  -113

 highest radius point found:
  at point   -1.190   1.772 -22.816
  closest atom surface   20.537   C26 119 X    0
  2nd closest surface    20.537   C37 119 X    0
  found on step  921
  this is also current point
  no. of rejections          210
 stored as  -114

 highest radius point found:
  at point   -1.198   1.794 -23.016
  closest atom surface   20.732   C37 119 X    0
  2nd closest surface    20.732   C26 119 X    0
  found on step  658
 current point:
  at point   -1.200   1.782 -23.016
  closest atom surface   20.732   C17 119 X    0
  2nd closest surface    20.732   C26 119 X    0
  found on step  996
  no. of rejections          191
 stored as  -115

 highest radius point found:
  at point   -1.209   1.806 -23.216
  closest atom surface   20.928   C37 119 X    0
  2nd closest surface    20.928   C26 119 X    0
  found on step  989
  this is also current point
  no. of rejections          197
 stored as  -116

 highest radius point found:
  at point   -1.209   1.806 -23.416
  closest atom surface   21.122   C37 119 X    0
  2nd closest surface    21.123   C17 119 X    0
  found on step    1
 current point:
  at point   -1.225   1.861 -23.416
  closest atom surface   21.122   C26 119 X    0
  2nd closest surface    21.123   C37 119 X    0
  found on step  994
  no. of rejections          165
 stored as  -117

 highest radius point found:
  at point   -1.229   1.835 -23.616
  closest atom surface   21.319   C26 119 X    0
  2nd closest surface    21.319   C37 119 X    0
  found on step  978
  this is also current point
  no. of rejections          199
 stored as  -118

 highest radius point found:
  at point   -1.229   1.835 -23.816
  closest atom surface   21.514   C37 119 X    0
  2nd closest surface    21.514   C17 119 X    0
  found on step    1
 current point:
  at point   -0.149  -0.032 -23.816
  closest atom surface   21.466   C17 119 X    0
  2nd closest surface    21.467   C18 119 X    0
  found on step  961
  no. of rejections          188
 stored as  -119

 highest radius point found:
  at point   -1.256   1.885 -24.016
  closest atom surface   21.709   C26 119 X    0
  2nd closest surface    21.712   C37 119 X    0
  found on step  696
 current point:
  at point   -1.295   2.282 -24.016
  closest atom surface   21.701   C26 119 X    0
  2nd closest surface    21.701   C37 119 X    0
  found on step  930
  no. of rejections          196
 stored as  -120

 highest radius point found:
  at point   -1.256   1.885 -24.216
  closest atom surface   21.906   C37 119 X    0
  2nd closest surface    21.907   C26 119 X    0
  found on step    1
 current point:
  at point   -1.290   2.139 -24.216
  closest atom surface   21.900   C26 119 X    0
  2nd closest surface    21.901   C37 119 X    0
  found on step  990
  no. of rejections          177
 stored as  -121

 highest radius point found:
  at point   -1.256   1.885 -24.416
  closest atom surface   22.101   C37 119 X    0
  2nd closest surface    22.103   C17 119 X    0
  found on step    1
 current point:
  at point   -1.176   1.698 -24.416
  closest atom surface   22.085   C17 119 X    0
  2nd closest surface    22.095   C37 119 X    0
  found on step  992
  no. of rejections          185
 This is an end! (radius above  22.0 angs)
 
 N.b. Graph information routine (HOGRAP) differs 
        markedly from previous versions!
       Information now is written from -ve end
       to +ve in one pass
 
 Explanation of the meaning of each column: 
 First column "cenxyz.cvec" is the coordinate in the
   direction of the channel vector i.e. if the channel
   vector is in z (0 0 1) then it is the z coordinate.
 The second column "radius" is the hole pore radius 
   (as defined in the Biophys J 1993) article).
 The third column "cen_line_D" is the distance 
   measured along the pore centre line - with the 
   first point found set to zero. This was the first
   thing that I used to measure the distance along a pore
   but "cenxyz.cvec" is a much better general measure. 
   However, by comparing changes in this distance to changes in '   "cenxyz.cvec" one can get a measure of how straight a 
   channel is.
 The fourth column "sum{s/(area)}" is useful in conductance
   prediction -
   basically it is the sum of the thickness of each slab
   divided by its area. HOLE uses this measure to estimate
   the macroscopic conductance of a channel.
 If any of this worries you one can see the "raw" results
   of a standard hole run by producing a sphpdb file and 
    directly looking at the results.
 cenxyz.cvec      radius  cen_line_D sum{s/(area point sourc
   -24.21569    21.90633   -25.45905     0.00007   (sampled)
   -24.11569    21.80822   -25.35905     0.00013 (mid-point)
   -24.01569    21.70940   -25.25905     0.00020   (sampled)
   -23.91569    21.61270   -25.15503     0.00027 (mid-point)
   -23.81569    21.51385   -25.05101     0.00034   (sampled)
   -23.71569    21.41655   -24.95101     0.00041 (mid-point)
   -23.61569    21.31917   -24.85101     0.00048   (sampled)
   -23.51569    21.22071   -24.74951     0.00055 (mid-point)
   -23.41569    21.12216   -24.64801     0.00062   (sampled)
   -23.31569    21.02494   -24.54801     0.00069 (mid-point)
   -23.21569    20.92775   -24.44801     0.00076   (sampled)
   -23.11569    20.82968   -24.34768     0.00084 (mid-point)
   -23.01569    20.73163   -24.24734     0.00091   (sampled)
   -22.91569    20.63426   -24.14668     0.00099 (mid-point)
   -22.81569    20.53688   -24.04603     0.00106   (sampled)
   -22.71569    20.43853   -23.94598     0.00114 (mid-point)
   -22.61569    20.34019   -23.84593     0.00121   (sampled)
   -22.51569    20.24343   -23.74235     0.00129 (mid-point)
   -22.41569    20.14532   -23.63877     0.00137   (sampled)
   -22.31569    20.04811   -23.53876     0.00145 (mid-point)
   -22.21569    19.95091   -23.43876     0.00153   (sampled)
   -22.11569    19.85350   -23.33840     0.00161 (mid-point)
   -22.01569    19.75593   -23.23805     0.00169   (sampled)
   -21.91569    19.65817   -23.13760     0.00177 (mid-point)
   -21.81569    19.56019   -23.03715     0.00186   (sampled)
   -21.71569    19.46307   -22.93696     0.00194 (mid-point)
   -21.61569    19.36573   -22.83677     0.00203   (sampled)
   -21.51569    19.26863   -22.73426     0.00211 (mid-point)
   -21.41569    19.16971   -22.63176     0.00220   (sampled)
   -21.31569    19.07290   -22.53176     0.00229 (mid-point)
   -21.21569    18.97606   -22.43176     0.00237   (sampled)
   -21.11569    18.87914   -22.33129     0.00246 (mid-point)
   -21.01569    18.78225   -22.23082     0.00255   (sampled)
   -20.91569    18.68465   -22.12889     0.00265 (mid-point)
   -20.81569    18.58680   -22.02696     0.00274   (sampled)
   -20.71569    18.49017   -21.92696     0.00283 (mid-point)
   -20.61569    18.39357   -21.82696     0.00293   (sampled)
   -20.51569    18.29659   -21.72667     0.00302 (mid-point)
   -20.41569    18.19953   -21.62638     0.00312   (sampled)
   -20.31569    18.10206   -21.52579     0.00321 (mid-point)
   -20.21569    18.00451   -21.42520     0.00331   (sampled)
   -20.11569    17.90765   -21.32420     0.00341 (mid-point)
   -20.01569    17.81084   -21.22320     0.00351   (sampled)
   -19.91569    17.71446   -21.12320     0.00361 (mid-point)
   -19.81569    17.61730   -21.02320     0.00372   (sampled)
   -19.71569    17.52063   -20.92291     0.00382 (mid-point)
   -19.61569    17.42400   -20.82262     0.00392   (sampled)
   -19.51569    17.32740   -20.72182     0.00403 (mid-point)
   -19.41569    17.23085   -20.62102     0.00414   (sampled)
   -19.31569    17.13425   -20.52058     0.00425 (mid-point)
   -19.21569    17.03770   -20.42015     0.00435   (sampled)
   -19.11569    16.94121   -20.31945     0.00447 (mid-point)
   -19.01569    16.84428   -20.21876     0.00458   (sampled)
   -18.91569    16.74809   -20.11849     0.00469 (mid-point)
   -18.81569    16.65155   -20.01823     0.00481   (sampled)
   -18.71569    16.55409   -19.91599     0.00492 (mid-point)
   -18.61569    16.45649   -19.81375     0.00504   (sampled)
   -18.51569    16.36064   -19.71375     0.00516 (mid-point)
   -18.41569    16.26453   -19.61375     0.00528   (sampled)
   -18.31569    16.16817   -19.51213     0.00540 (mid-point)
   -18.21569    16.07172   -19.41050     0.00552   (sampled)
   -18.11569    15.97541   -19.30859     0.00565 (mid-point)
   -18.01569    15.87897   -19.20668     0.00578   (sampled)
   -17.91569    15.78214   -19.10411     0.00590 (mid-point)
   -17.81569    15.68468   -19.00154     0.00603   (sampled)
   -17.71569    15.58917   -18.90154     0.00616 (mid-point)
   -17.61569    15.49371   -18.80154     0.00630   (sampled)
   -17.51569    15.39775   -18.70006     0.00643 (mid-point)
   -17.41569    15.30186   -18.59858     0.00657   (sampled)
   -17.31569    15.20592   -18.49768     0.00670 (mid-point)
   -17.21569    15.11001   -18.39677     0.00684   (sampled)
   -17.11569    15.01305   -18.28912     0.00698 (mid-point)
   -17.01569    14.91620   -18.18147     0.00713   (sampled)
   -16.91569    14.82109   -18.08147     0.00727 (mid-point)
   -16.81569    14.72603   -17.98147     0.00742   (sampled)
   -16.71569    14.63022   -17.87900     0.00757 (mid-point)
   -16.61569    14.53449   -17.77654     0.00772   (sampled)
   -16.51569    14.43960   -17.67654     0.00787 (mid-point)
   -16.41569    14.34478   -17.57654     0.00803   (sampled)
   -16.31569    14.24890   -17.47235     0.00818 (mid-point)
   -16.21569    14.15308   -17.36817     0.00834   (sampled)
   -16.11569    14.05847   -17.26817     0.00850 (mid-point)
   -16.01569    13.96389   -17.16817     0.00867   (sampled)
   -15.91569    13.86840   -17.06705     0.00883 (mid-point)
   -15.81569    13.77298   -16.96593     0.00900   (sampled)
   -15.71569    13.67859   -16.86593     0.00917 (mid-point)
   -15.61569    13.58287   -16.76593     0.00934   (sampled)
   -15.51569    13.48898   -16.66389     0.00952 (mid-point)
   -15.41569    13.39378   -16.56185     0.00969   (sampled)
   -15.31569    13.28864   -15.99339     0.00987 (mid-point)
   -15.21569    13.20391   -15.42494     0.01006   (sampled)
   -15.11569    13.11019   -15.32494     0.01024 (mid-point)
   -15.01569    13.01639   -15.22494     0.01043   (sampled)
   -14.91569    12.92258   -15.12494     0.01062 (mid-point)
   -14.81569    12.82886   -15.02494     0.01081   (sampled)
   -14.71569    12.73507   -14.91545     0.01101 (mid-point)
   -14.61569    12.64148   -14.80596     0.01121   (sampled)
   -14.51569    12.54815   -14.70595     0.01141 (mid-point)
   -14.41569    12.45489   -14.60594     0.01162   (sampled)
   -14.31569    12.36144   -14.50190     0.01183 (mid-point)
   -14.21569    12.26811   -14.39786     0.01204   (sampled)
   -14.11569    12.17526   -14.29786     0.01225 (mid-point)
   -14.01569    12.08251   -14.19786     0.01247   (sampled)
   -13.91569    11.98986   -14.09786     0.01269 (mid-point)
   -13.81569    11.89731   -13.99786     0.01292   (sampled)
   -13.71569    11.80487   -13.89786     0.01314 (mid-point)
   -13.61569    11.71253   -13.79786     0.01338   (sampled)
   -13.51569    11.62031   -13.69786     0.01361 (mid-point)
   -13.41569    11.52810   -13.59786     0.01385   (sampled)
   -13.31569    11.43582   -13.49786     0.01410 (mid-point)
   -13.21569    11.34366   -13.39786     0.01434   (sampled)
   -13.11569    11.25162   -13.29786     0.01459 (mid-point)
   -13.01569    11.15969   -13.19786     0.01485   (sampled)
   -12.91569    11.06841   -13.09727     0.01511 (mid-point)
   -12.81569    10.97649   -12.99669     0.01537   (sampled)
   -12.71569    10.88522   -12.89669     0.01564 (mid-point)
   -12.61569    10.79407   -12.79669     0.01592   (sampled)
   -12.51569    10.70292   -12.69661     0.01619 (mid-point)
   -12.41569    10.61190   -12.59653     0.01648   (sampled)
   -12.31569    10.52096   -12.49653     0.01676 (mid-point)
   -12.21569    10.43008   -12.39653     0.01706   (sampled)
   -12.11569    10.33978   -12.29612     0.01735 (mid-point)
   -12.01569    10.24929   -12.19572     0.01766   (sampled)
   -11.91569    10.15906   -12.09572     0.01797 (mid-point)
   -11.81569    10.06891   -11.99572     0.01828   (sampled)
   -11.71569     9.97872   -11.89313     0.01860 (mid-point)
   -11.61569     9.88872   -11.79054     0.01892   (sampled)
   -11.51569     9.79921   -11.68996     0.01926 (mid-point)
   -11.41569     9.70988   -11.58938     0.01959   (sampled)
   -11.31569     9.62042   -11.48938     0.01994 (mid-point)
   -11.21569     9.53113   -11.38938     0.02029   (sampled)
   -11.11569     9.44247   -11.28934     0.02064 (mid-point)
   -11.01569     9.35361   -11.18929     0.02101   (sampled)
   -10.91569     9.26520   -11.08929     0.02138 (mid-point)
   -10.81569     9.17673   -10.98929     0.02176   (sampled)
   -10.71569     9.08841   -10.88665     0.02214 (mid-point)
   -10.61569     9.00035   -10.78400     0.02254   (sampled)
   -10.51569     8.91256   -10.68371     0.02294 (mid-point)
   -10.41569     8.82495   -10.58342     0.02335   (sampled)
   -10.31569     8.73745   -10.48341     0.02376 (mid-point)
   -10.21569     8.65018   -10.38341     0.02419   (sampled)
   -10.11569     8.56348   -10.28341     0.02462 (mid-point)
   -10.01569     8.47703   -10.18341     0.02506   (sampled)
    -9.91569     8.39070   -10.08040     0.02552 (mid-point)
    -9.81569     8.30467    -9.97740     0.02598   (sampled)
    -9.71569     8.21877    -9.87700     0.02645 (mid-point)
    -9.61569     8.13313    -9.77660     0.02693   (sampled)
    -9.51569     8.04785    -9.67655     0.02742 (mid-point)
    -9.41569     7.96264    -9.57651     0.02792   (sampled)
    -9.31569     7.87792    -9.47615     0.02844 (mid-point)
    -9.21569     7.79330    -9.37580     0.02896   (sampled)
    -9.11569     7.70919    -9.27518     0.02950 (mid-point)
    -9.01569     7.62539    -9.17456     0.03004   (sampled)
    -8.91569     7.54181    -9.07436     0.03060 (mid-point)
    -8.81569     7.45855    -8.97416     0.03118   (sampled)
    -8.71569     7.37545    -8.87416     0.03176 (mid-point)
    -8.61569     7.29267    -8.77416     0.03236   (sampled)
    -8.51569     7.21067    -8.67364     0.03297 (mid-point)
    -8.41569     7.12868    -8.57311     0.03360   (sampled)
    -8.31569     7.04737    -8.47229     0.03424 (mid-point)
    -8.21569     6.96637    -8.37146     0.03489   (sampled)
    -8.11569     6.88556    -8.27146     0.03557 (mid-point)
    -8.01569     6.80504    -8.17145     0.03625   (sampled)
    -7.91569     6.72535    -8.07145     0.03696 (mid-point)
    -7.81569     6.64593    -7.97145     0.03768   (sampled)
    -7.71569     6.56689    -7.87140     0.03842 (mid-point)
    -7.61569     6.48831    -7.77135     0.03917   (sampled)
    -7.51569     6.40994    -7.67119     0.03995 (mid-point)
    -7.41569     6.33201    -7.57102     0.04074   (sampled)
    -7.31569     6.25507    -7.47102     0.04155 (mid-point)
    -7.21569     6.17863    -7.37102     0.04239   (sampled)
    -7.11569     6.10246    -7.27100     0.04324 (mid-point)
    -7.01569     6.02681    -7.17097     0.04412   (sampled)
    -6.91569     5.95183    -7.07092     0.04502 (mid-point)
    -6.81569     5.87735    -6.97088     0.04594   (sampled)
    -6.71569     5.80324    -6.87085     0.04688 (mid-point)
    -6.61569     5.72966    -6.77081     0.04785   (sampled)
    -6.51569     5.65698    -6.67081     0.04885 (mid-point)
    -6.41569     5.58467    -6.57081     0.04987   (sampled)
    -6.31569     5.51363    -6.47062     0.05092 (mid-point)
    -6.21569     5.44198    -6.37043     0.05199   (sampled)
    -6.11569     5.37190    -6.27043     0.05309 (mid-point)
    -6.01569     5.30253    -6.17043     0.05423   (sampled)
    -5.91569     5.23372    -6.07042     0.05539 (mid-point)
    -5.81569     5.16566    -5.97042     0.05658   (sampled)
    -5.71569     5.09810    -5.87042     0.05781 (mid-point)
    -5.61569     5.03102    -5.77042     0.05906   (sampled)
    -5.51569     4.96298    -5.67036     0.06036 (mid-point)
    -5.41569     4.89578    -5.57030     0.06168   (sampled)
    -5.31569     4.82861    -5.47002     0.06305 (mid-point)
    -5.21569     4.76239    -5.36975     0.06445   (sampled)
    -5.11569     4.69634    -5.26967     0.06590 (mid-point)
    -5.01569     4.63106    -5.16960     0.06738   (sampled)
    -4.91569     4.56718    -5.06960     0.06891 (mid-point)
    -4.81569     4.50424    -4.96959     0.07048   (sampled)
    -4.71569     4.44226    -4.86959     0.07209 (mid-point)
    -4.61569     4.38143    -4.76958     0.07375   (sampled)
    -4.51569     4.32199    -4.66852     0.07545 (mid-point)
    -4.41569     4.26383    -4.56746     0.07720   (sampled)
    -4.31569     4.20687    -4.46739     0.07900 (mid-point)
    -4.21569     4.15123    -4.36733     0.08085   (sampled)
    -4.11569     4.09721    -4.26706     0.08274 (mid-point)
    -4.01569     4.04440    -4.16679     0.08469   (sampled)
    -3.91569     3.99096    -4.06636     0.08669 (mid-point)
    -3.81569     3.93349    -3.96593     0.08874   (sampled)
    -3.71569     3.87535    -3.86567     0.09086 (mid-point)
    -3.61569     3.81840    -3.76541     0.09305   (sampled)
    -3.51569     3.76278    -3.66335     0.09530 (mid-point)
    -3.41569     3.70846    -3.56129     0.09761   (sampled)
    -3.31569     3.65548    -3.46125     0.09999 (mid-point)
    -3.21569     3.60326    -3.36121     0.10244   (sampled)
    -3.11569     3.55332    -3.25973     0.10497 (mid-point)
    -3.01569     3.50487    -3.15824     0.10756   (sampled)
    -2.91569     3.45683    -3.05820     0.11022 (mid-point)
    -2.81569     3.41028    -2.95816     0.11296   (sampled)
    -2.71569     3.36600    -2.85662     0.11577 (mid-point)
    -2.61569     3.32337    -2.75508     0.11865   (sampled)
    -2.51569     3.28229    -2.65508     0.12160 (mid-point)
    -2.41569     3.24287    -2.55508     0.12463   (sampled)
    -2.31569     3.18773    -2.45309     0.12776 (mid-point)
    -2.21569     3.13082    -2.35111     0.13101   (sampled)
    -2.11569     3.06808    -2.24894     0.13439 (mid-point)
    -2.01569     3.00516    -2.14677     0.13792   (sampled)
    -1.91569     2.94076    -2.04635     0.14160 (mid-point)
    -1.81569     2.87747    -1.94593     0.14544   (sampled)
    -1.71569     2.81524    -1.78041     0.14946 (mid-point)
    -1.61569     2.75791    -1.61489     0.15364   (sampled)
    -1.51569     2.69935    -1.51413     0.15801 (mid-point)
    -1.41569     2.64229    -1.41337     0.16257   (sampled)
    -1.31569     2.58679    -1.31324     0.16733 (mid-point)
    -1.21569     2.53233    -1.21312     0.17229   (sampled)
    -1.11569     2.47999    -1.11292     0.17747 (mid-point)
    -1.01569     2.42916    -1.01273     0.18286   (sampled)
    -0.91569     2.38013    -0.91230     0.18848 (mid-point)
    -0.81569     2.33294    -0.81187     0.19433   (sampled)
    -0.71569     2.28579    -0.71058     0.20042 (mid-point)
    -0.61569     2.24036    -0.60928     0.20676   (sampled)
    -0.51569     2.20289    -0.50787     0.21332 (mid-point)
    -0.41569     2.16247    -0.40645     0.22013   (sampled)
    -0.31569     2.12560    -0.30333     0.22717 (mid-point)
    -0.21569     2.09093    -0.20020     0.23445   (sampled)
    -0.11569     2.05917    -0.10010     0.24196 (mid-point)
    -0.01569     2.02826     0.00000     0.24970   (sampled)
     0.08431     2.00032     0.10011     0.25765 (mid-point)
     0.18431     1.97480     0.20022     0.26582   (sampled)
     0.28431     1.95142     0.30032     0.27417 (mid-point)
     0.38431     1.92985     0.40042     0.28272   (sampled)
     0.48431     1.91168     0.50082     0.29143 (mid-point)
     0.58431     1.89477     0.60121     0.30030   (sampled)
     0.68431     1.88300     0.70305     0.30927 (mid-point)
     0.78431     1.87398     0.80489     0.31834   (sampled)
     0.88431     1.86637     0.90491     0.32748 (mid-point)
     0.98431     1.86027     1.00494     0.33668   (sampled)
     1.08431     1.85791     1.10904     0.34590 (mid-point)
     1.18431     1.85848     1.21314     0.35511   (sampled)
     1.28431     1.86437     1.31335     0.36427 (mid-point)
     1.38431     1.87025     1.41356     0.37337   (sampled)
     1.48431     1.87954     1.51360     0.38238 (mid-point)
     1.58431     1.89029     1.61364     0.39129   (sampled)
     1.68431     1.90550     1.71490     0.40006 (mid-point)
     1.78431     1.92179     1.81616     0.40867   (sampled)
     1.88431     1.94108     1.91629     0.41712 (mid-point)
     1.98431     1.96252     2.01642     0.42539   (sampled)
     2.08431     1.98695     2.11666     0.43345 (mid-point)
     2.18431     2.01251     2.21689     0.44131   (sampled)
     2.28431     2.04220     2.32029     0.44894 (mid-point)
     2.38431     2.07404     2.42368     0.45634   (sampled)
     2.48431     2.10806     2.52382     0.46350 (mid-point)
     2.58431     2.14421     2.62396     0.47043   (sampled)
     2.68431     2.18204     2.72408     0.47711 (mid-point)
     2.78431     2.22189     2.82420     0.48356   (sampled)
     2.88431     2.26470     2.92426     0.48977 (mid-point)
     2.98431     2.30684     3.02431     0.49575   (sampled)
     3.08431     2.35355     3.12686     0.50149 (mid-point)
     3.18431     2.40222     3.22941     0.50701   (sampled)
     3.28431     2.45362     3.32959     0.51230 (mid-point)
     3.38431     2.50440     3.42978     0.51737   (sampled)
     3.48431     2.55729     3.52978     0.52224 (mid-point)
     3.58431     2.60176     3.62978     0.52694   (sampled)
     3.68431     2.65766     3.73068     0.53145 (mid-point)
     3.78431     2.71545     3.83158     0.53577   (sampled)
     3.88431     2.77148     3.93235     0.53991 (mid-point)
     3.98431     2.82842     4.03311     0.54389   (sampled)
     4.08431     2.88753     4.13374     0.54771 (mid-point)
     4.18431     2.94802     4.23436     0.55137   (sampled)
     4.28431     3.00994     4.33532     0.55488 (mid-point)
     4.38431     3.07211     4.43628     0.55826   (sampled)
     4.48431     3.13660     4.53647     0.56149 (mid-point)
     4.58431     3.20081     4.63665     0.56460   (sampled)
     4.68431     3.26178     4.82996     0.56759 (mid-point)
     4.78431     3.32729     5.02327     0.57046   (sampled)
     4.88431     3.39840     5.19314     0.57322 (mid-point)
     4.98431     3.47398     5.36300     0.57586   (sampled)
     5.08431     3.54402     5.46415     0.57839 (mid-point)
     5.18431     3.61504     5.56529     0.58083   (sampled)
     5.28431     3.69259     5.67473     0.58316 (mid-point)
     5.38431     3.77025     5.78417     0.58540   (sampled)
     5.48431     3.81952     6.41652     0.58758 (mid-point)
     5.58431     3.92135     7.04887     0.58965   (sampled)
     5.68431     3.99779     7.15182     0.59165 (mid-point)
     5.78431     4.07498     7.25477     0.59356   (sampled)
     5.88431     4.15658     7.35477     0.59541 (mid-point)
     5.98431     4.23676     7.45477     0.59718   (sampled)
     6.08431     4.31807     7.55673     0.59889 (mid-point)
     6.18431     4.39810     7.65869     0.60053   (sampled)
     6.28431     4.48141     7.75951     0.60212 (mid-point)
     6.38431     4.56530     7.86032     0.60364   (sampled)
     6.48431     4.64657     7.96032     0.60512 (mid-point)
     6.58431     4.72759     8.06032     0.60654   (sampled)
     6.68431     4.81391     8.16071     0.60792 (mid-point)
     6.78431     4.89997     8.26110     0.60924   (sampled)
     6.88431     4.98301     8.36110     0.61052 (mid-point)
     6.98431     5.06587     8.46110     0.61176   (sampled)
     7.08431     5.15476     8.56173     0.61296 (mid-point)
     7.18431     5.24039     8.66236     0.61412   (sampled)
     7.28431     5.32615     8.76292     0.61524 (mid-point)
     7.38431     5.41235     8.86347     0.61633   (sampled)
     7.48431     5.49727     8.96437     0.61738 (mid-point)
     7.58431     5.58265     9.06527     0.61840   (sampled)
     7.68431     5.67218     9.16573     0.61939 (mid-point)
     7.78431     5.76202     9.26618     0.62035   (sampled)
     7.88431     5.84920     9.36663     0.62128 (mid-point)
     7.98431     5.93674     9.46708     0.62219   (sampled)
     8.08431     6.02618     9.56728     0.62306 (mid-point)
     8.18431     6.11552     9.66748     0.62391   (sampled)
     8.28431     6.20449     9.76823     0.62474 (mid-point)
     8.38431     6.29338     9.86898     0.62554   (sampled)
     8.48431     6.38339     9.96931     0.62632 (mid-point)
     8.58431     6.47356    10.06965     0.62708   (sampled)
     8.68431     6.56158    10.16965     0.62782 (mid-point)
     8.78431     6.64990    10.26965     0.62854   (sampled)
     8.88431     6.74299    10.37053     0.62924 (mid-point)
     8.98431     6.83627    10.47141     0.62992   (sampled)
     9.08431     6.92731    10.57224     0.63059 (mid-point)
     9.18431     7.01859    10.67307     0.63123   (sampled)
     9.28431     7.10961    10.77313     0.63186 (mid-point)
     9.38431     7.20085    10.87320     0.63248   (sampled)
     9.48431     7.29084    10.97429     0.63308 (mid-point)
     9.58431     7.38108    11.07539     0.63366   (sampled)
     9.68431     7.47312    11.17576     0.63423 (mid-point)
     9.78431     7.56536    11.27613     0.63479   (sampled)
     9.88431     7.65722    11.37621     0.63533 (mid-point)
     9.98431     7.74926    11.47629     0.63586   (sampled)
    10.08431     7.84158    11.57650     0.63638 (mid-point)
    10.18431     7.93372    11.67671     0.63688   (sampled)
    10.28431     8.02558    11.77671     0.63738 (mid-point)
    10.38431     8.11726    11.87671     0.63786   (sampled)
    10.48431     8.20912    11.97671     0.63833 (mid-point)
    10.58431     8.30115    12.07671     0.63879   (sampled)
    10.68431     8.39576    12.17742     0.63925 (mid-point)
    10.78431     8.49049    12.27813     0.63969   (sampled)
    10.88431     8.58398    12.37818     0.64012 (mid-point)
    10.98431     8.67760    12.47822     0.64054   (sampled)
    11.08431     8.77103    12.57835     0.64096 (mid-point)
    11.18431     8.86432    12.67848     0.64136   (sampled)
    11.28431     8.95797    12.77919     0.64176 (mid-point)
    11.38431     9.05091    12.87991     0.64215   (sampled)
    11.48431     9.14585    12.98019     0.64253 (mid-point)
    11.58431     9.24007    13.08048     0.64290   (sampled)
    11.68431     9.33462    13.18059     0.64327 (mid-point)
    11.78431     9.42893    13.28071     0.64362   (sampled)
    11.88431     9.52297    13.38087     0.64397 (mid-point)
    11.98431     9.61679    13.48104     0.64432   (sampled)
    12.08431     9.71211    13.58112     0.64466 (mid-point)
    12.18431     9.80751    13.68121     0.64499   (sampled)
    12.28431     9.90207    13.78130     0.64531 (mid-point)
    12.38431     9.99671    13.88139     0.64563   (sampled)
    12.48431    10.09238    13.98141     0.64594 (mid-point)
    12.58431    10.18714    14.08142     0.64625   (sampled)
    12.68431    10.28228    14.18191     0.64655 (mid-point)
    12.78431    10.37653    14.28241     0.64685   (sampled)
    12.88431    10.47276    14.38242     0.64714 (mid-point)
    12.98431    10.56824    14.48243     0.64742   (sampled)
    13.08431    10.66366    14.58264     0.64770 (mid-point)
    13.18431    10.75835    14.68284     0.64798   (sampled)
    13.28431    10.85452    14.78288     0.64825 (mid-point)
    13.38431    10.95076    14.88291     0.64851   (sampled)
    13.48431    11.04654    14.98295     0.64877 (mid-point)
    13.58431    11.14228    15.08300     0.64903   (sampled)
    13.68431    11.23853    15.18312     0.64928 (mid-point)
    13.78431    11.33427    15.28325     0.64953   (sampled)
    13.88431    11.43004    15.38325     0.64977 (mid-point)
    13.98431    11.52530    15.48325     0.65001   (sampled)
    14.08431    11.62207    15.58418     0.65025 (mid-point)
    14.18431    11.71822    15.68511     0.65048   (sampled)
    14.28431    11.81495    15.78525     0.65071 (mid-point)
    14.38431    11.91150    15.88538     0.65093   (sampled)
    14.48431    12.00799    15.98542     0.65115 (mid-point)
    14.58431    12.10408    16.08545     0.65137   (sampled)
    14.68431    12.19978    16.18545     0.65158 (mid-point)
    14.78431    12.29554    16.28545     0.65179   (sampled)
    14.88431    12.39311    16.38573     0.65200 (mid-point)
    14.98431    12.49072    16.48602     0.65221   (sampled)
    15.08431    12.58664    16.58602     0.65241 (mid-point)
    15.18431    12.68262    16.68602     0.65260   (sampled)
    15.28431    12.78023    16.78629     0.65280 (mid-point)
    15.38431    12.87774    16.88657     0.65299   (sampled)
    15.48431    12.97462    16.98664     0.65318 (mid-point)
    15.58431    13.07135    17.08671     0.65337   (sampled)
    15.68431    13.16779    17.18671     0.65355 (mid-point)
    15.78431    13.26428    17.28671     0.65373   (sampled)
    15.88431    13.36082    17.38671     0.65391 (mid-point)
    15.98431    13.45719    17.48671     0.65409   (sampled)
    16.08431    13.55563    17.58738     0.65426 (mid-point)
    16.18431    13.65379    17.68805     0.65443   (sampled)
    16.28431    13.75091    17.78813     0.65460 (mid-point)
    16.38431    13.84806    17.88821     0.65476   (sampled)
    16.48431    13.94560    17.98822     0.65493 (mid-point)
    16.58431    14.04257    18.08823     0.65509   (sampled)
    16.68431    14.13966    18.18866     0.65525 (mid-point)
    16.78431    14.23659    18.28909     0.65541   (sampled)
    16.88431    14.33454    18.38920     0.65556 (mid-point)
    16.98431    14.43243    18.48930     0.65571   (sampled)
    17.08431    14.52952    18.58930     0.65586 (mid-point)
    17.18431    14.62648    18.68930     0.65601   (sampled)
    17.28431    14.72474    18.78962     0.65616 (mid-point)
    17.38431    14.82204    18.88993     0.65630   (sampled)
    17.48431    14.91989    18.99001     0.65645 (mid-point)
    17.58431    15.01751    19.09009     0.65659   (sampled)
    17.68431    15.11499    19.19039     0.65673 (mid-point)
    17.78431    15.21250    19.29068     0.65687   (sampled)
    17.88431    15.31045    19.39087     0.65700 (mid-point)
    17.98431    15.40812    19.49105     0.65713   (sampled)
    18.08431    15.50589    19.59121     0.65727 (mid-point)
    18.18431    15.60368    19.69138     0.65740   (sampled)
    18.28431    15.70168    19.79140     0.65753 (mid-point)
    18.38431    15.79970    19.89142     0.65765   (sampled)
    18.48431    15.89702    19.99142     0.65778 (mid-point)
    18.58431    15.99431    20.09142     0.65791   (sampled)
    18.68431    16.09300    20.19212     0.65803 (mid-point)
    18.78431    16.19108    20.29283     0.65815   (sampled)
    18.88431    16.28868    20.39378     0.65827 (mid-point)
    18.98431    16.38630    20.49472     0.65839   (sampled)
    19.08431    16.48480    20.59592     0.65850 (mid-point)
    19.18431    16.58312    20.69712     0.65862   (sampled)
    19.28431    16.68128    20.79748     0.65874 (mid-point)
    19.38431    16.77925    20.89784     0.65885   (sampled)
    19.48431    16.87754    20.99789     0.65896 (mid-point)
    19.58431    16.97576    21.09795     0.65907   (sampled)
    19.68431    17.07374    21.19835     0.65918 (mid-point)
    19.78431    17.17165    21.29875     0.65929   (sampled)
    19.88431    17.26996    21.39880     0.65939 (mid-point)
    19.98431    17.36810    21.49884     0.65950   (sampled)
    20.08431    17.46635    21.59902     0.65960 (mid-point)
    20.18431    17.56443    21.69920     0.65971   (sampled)
    20.28431    17.66261    21.79949     0.65981 (mid-point)
    20.38431    17.76081    21.89977     0.65991   (sampled)
    20.48431    17.85909    21.99983     0.66001 (mid-point)
    20.58431    17.95734    22.09989     0.66011   (sampled)
    20.68431    18.05584    22.19994     0.66021 (mid-point)
    20.78431    18.15435    22.29999     0.66030   (sampled)
    20.88431    18.25296    22.40013     0.66040 (mid-point)
    20.98431    18.35150    22.50026     0.66049   (sampled)
    21.08431    18.44983    22.60047     0.66059 (mid-point)
    21.18431    18.54818    22.70067     0.66068   (sampled)
    21.28431    18.64669    22.80071     0.66077 (mid-point)
    21.38431    18.74519    22.90075     0.66086   (sampled)
    21.48431    18.84346    23.00083     0.66095 (mid-point)
    21.58431    18.94172    23.10090     0.66104   (sampled)
    21.68431    19.04044    23.20116     0.66113 (mid-point)
    21.78431    19.13899    23.30142     0.66121   (sampled)
    21.88431    19.23747    23.40160     0.66130 (mid-point)
    21.98431    19.33581    23.50177     0.66139   (sampled)
    22.08431    19.43428    23.60202     0.66147 (mid-point)
    22.18431    19.53265    23.70226     0.66155   (sampled)
    22.28431    19.63073    23.80226     0.66164 (mid-point)
    22.38431    19.72872    23.90226     0.66172   (sampled)
    22.48431    19.82674    24.00226     0.66180 (mid-point)
    22.58431    19.92468    24.10227     0.66188   (sampled)
    22.68431    20.02283    24.20237     0.66196 (mid-point)
    22.78431    20.12101    24.30247     0.66204   (sampled)
    22.88431    20.21919    24.40247     0.66211 (mid-point)
    22.98431    20.31718    24.50247     0.66219   (sampled)
    23.08431    20.41524    24.60247     0.66227 (mid-point)
    23.18431    20.51332    24.70247     0.66234   (sampled)
    23.28431    20.61134    24.80247     0.66242 (mid-point)
    23.38431    20.70939    24.90247     0.66249   (sampled)
    23.48431    20.80745    25.00247     0.66257 (mid-point)
    23.58431    20.90552    25.10247     0.66264   (sampled)
    23.68431    21.00362    25.20247     0.66271 (mid-point)
    23.78431    21.10173    25.30247     0.66278   (sampled)
    23.88431    21.20017    25.40279     0.66285 (mid-point)
    23.98431    21.29862    25.50310     0.66292   (sampled)
    24.08431    21.39712    25.60341     0.66299 (mid-point)
    24.18431    21.49564    25.70371     0.66306   (sampled)
    24.28431    21.59395    25.80372     0.66313 (mid-point)
    24.38431    21.69220    25.90372     0.66320   (sampled)
    24.48431    21.79042    26.00372     0.66327 (mid-point)
    24.58431    21.88865    26.10372     0.66333   (sampled)

 Minimum radius found:      1.858 angstroms.



 For spherical probe approach, The geometric factor
         F= sum(ds/area) along channel is    0.663 angstroms**-1
 This yields a macroscopic predicted molar conductance of:
   (1/rho)*(100/F)= (150/rho) pS,
   where rho is the conductivity of 1M permeant ion in ohm m.
 N.B. this is a macroscopic conductance - an overestimate 
 Empirically corrected conductances currently only available
 With the CAPSULE option (although its not that stable!)
 For 1M KCl rho= 1/12 (ohm m), So Gmacro= 1800 pS/M.
  (TAG      1   Rmin=     1.85791   Gmacro=  1809.04999 Conn_Gmacro=    -1.00000 ).
 HOLE: normal completion
