 *** Program HOLE ***
 
 If results of this run are reported or published, please
 cite the publication listed below.
 For the HOLE program:
   Smart, O.S., Goodfellow, J.M., Wallace, B.A. (1993). 
   The pore dimensions of gramicidin A. 
   Biophys. J., 65, 2455-2460.
 
 Originally written by Oliver Smart at Birkbeck College from April 1992.
 Copyright 1993-2005 Oliver Smart
 Copyright 2014-2015 SmartSci Limited.
 Copyright 2016 Oliver Smart.
 
 For help on HOLE suite see  http://www.holeprogram.org/
 
 HOLE release 2.2.005 (07 August 2016) 
 
 usage subject to Apache License, Version 2.0 
 see http://www.apache.org/licenses/LICENSE-2.0 

 Control variables read:

! Input file for Oliver Smart's HOLE program
! written by MDAnalysis.analysis.hole2.HoleAnalysis
! for a Universe
! u = mda.Universe(host_asb29+neutral.mol2
!    host_asb29+neutral.mol2
!   )
! Frame 0

COORD  /tmp/tmpiw5vz20t.pdb
RADIUS simple2.rad
SPHPDB hole000.sph
SAMPLE 0.200000
ENDRAD 22.000000
IGNORE SOL WAT TIP HOH K   NA  CL
SHORTO 0
RASEED 31415
CPOINT 0.0003775586 0.0007142843 0.0001836710


 WARNING have not found a CVECT record - will try to guess
 Input pdb filename read as:    '/tmp/tmpiw5vz20t.pdb'
 Input vdW radius file read as: 'simple2.rad'
 point in channel:    0.000   0.001   0.000
 channel vector:   ************************
 sampling distance between planes:    0.200

 graphics conditions:
 binary plot output file name: NONE
 Dot density:    10
 Draw dots?           T
 Draw close contacts? F
 Draw centre line?    T
 Produce spikes rather than dots? F
 Seed for random number generator:     31415 (0 means value set by program)
 Radius above which a result is regarded as an 'end':  22.000
 Pdb format file for sphere centres: hole000.sph

 Monte Carlo conditions:
  no of steps:  1000
  maximum displacement   0.100 angs
  'kT' initial   0.100 angs
 The spherebox and capsule options are turned off.
 (No molqpt card so will not write qpt file of the molecule)
 IGNORE card read so will ignore residue types: SOL WAT TIP HOH K   NA  CL
 no SHORTO card read so will produce full textual output
 As no PEGRAT card was found will not produce PEG polymer exclusion graph
 (No 2DMAPS card specified so will not produce 2D property maps)
 Have not found a CUT card.  Normal calculation using
   Cutoff lists with a cutsize=       1.000
   (if you wish to turn off option use a CUT -1 card)

 Have read     7 bond radius records and
              16 vdW radius records.
 From file: simple2.rad

 Have read    98 atom records.
 From file: /tmp/tmpiw5vz20t.pdb
 Will not produce graphical output

 Have opened file for pdb format output of sphere centres:  hole000.sph

  Seed integer used by ran # generator on this run      31415

 
 S/R cguess will try to guess CPOINT and/or CVECT
 
 THESE GUESSES MAY WELL BE WRONG!!!!
 Routine relies on having a reasonably symmetric
 channel oriented along x, y or z vector
 YOU ARE STRONGLY ADVISED TO CHECK THE RESULTS
                       WITH MOLECULAR GRAPHICS
 testing points from cpoint in X, Y then Z direction
   point                   pore radius
direction     1
  -5.000   0.001   0.000    -0.680
  -4.000   0.001   0.000     0.316
  -3.000   0.001   0.000     1.315
  -2.000   0.001   0.000     2.203
  -1.000   0.001   0.000     2.982
   0.000   0.001   0.000     3.103
   1.000   0.001   0.000     2.971
   2.000   0.001   0.000     2.192
   3.000   0.001   0.000     1.316
   4.000   0.001   0.000     0.316
   5.000   0.001   0.000    -0.684
 Average pore radius along the line=      1.395
direction     2
   0.000  -4.999   0.000    -1.357
   0.000  -3.999   0.000    -0.796
   0.000  -2.999   0.000     0.144
   0.000  -1.999   0.000     1.124
   0.000  -0.999   0.000     2.114
   0.000   0.001   0.000     3.103
   0.000   1.001   0.000     2.109
   0.000   2.001   0.000     1.119
   0.000   3.001   0.000     0.140
   0.000   4.001   0.000    -0.800
   0.000   5.001   0.000    -1.353
 Average pore radius along the line=      0.504
direction     3
   0.000   0.001  -5.000     4.443
   0.000   0.001  -4.000     3.888
   0.000   0.001  -3.000     3.465
   0.000   0.001  -2.000     3.206
   0.000   0.001  -1.000     3.139
   0.000   0.001   0.000     3.103
   0.000   0.001   1.000     3.141
   0.000   0.001   2.000     3.199
   0.000   0.001   3.000     3.448
   0.000   0.001   4.000     3.863
   0.000   0.001   5.000     4.413
 Average pore radius along the line=      3.573
 Best direction is found to be     3
(1=X,2=Y,3=Z)
 s/r cguess has produced initial values for cpoint &/or cvect:
CPOINT       0.0004      0.0007      0.0002
CVECT        0.0000      0.0000      1.0000
 THESE GUESSES MAY WELL BE WRONG!!!!
 Routine relies on having a reasonably symmetric
 channel oriented along x, y or z vector
 YOU ARE STRONGLY ADVISED TO CHECK THE RESULTS
                       WITH MOLECULAR GRAPHICS
 
 
  Some routines (e.g. conn) need vectors normal to cvect: 
     EAST Zero degrees angle is along vector    1.000   0.000   0.000
     NORTH  90 degrees angle is along vector    0.000  -1.000   0.000
 highest radius point found:
  at point    0.491  -0.050   0.000
  closest atom surface    3.129   C36 ASB X    0
  2nd closest surface     3.130   C15 ASB X    0
  found on step  905
  this is also current point
  no. of rejections          430
 stored as     0

 highest radius point found:
  at point    0.491  -0.050   0.200
  closest atom surface    3.132   C36 ASB X    0
  2nd closest surface     3.134   C15 ASB X    0
  found on step    1
 current point:
  at point    0.044  -0.006   0.200
  closest atom surface    3.109   C36 ASB X    0
  2nd closest surface     3.109   C15 ASB X    0
  found on step  908
  no. of rejections          359
 stored as     1

 highest radius point found:
  at point   -0.519   0.047   0.400
  closest atom surface    3.145   C33 ASB X    0
  2nd closest surface     3.145   C15 ASB X    0
  found on step  955
  this is also current point
  no. of rejections          372
 stored as     2

 highest radius point found:
  at point   -0.236   0.021   0.600
  closest atom surface    3.144   C45 ASB X    0
  2nd closest surface     3.144   C36 ASB X    0
  found on step  332
 current point:
  at point   -0.467   0.061   0.600
  closest atom surface    3.144   C45 ASB X    0
  2nd closest surface     3.144   C36 ASB X    0
  found on step  981
  no. of rejections          392
 stored as     3

 highest radius point found:
  at point    0.209  -0.025   0.800
  closest atom surface    3.170   C15 ASB X    0
  2nd closest surface     3.172   C36 ASB X    0
  found on step   82
 current point:
  at point    0.117  -0.015   0.800
  closest atom surface    3.167   C15 ASB X    0
  2nd closest surface     3.167   C45 ASB X    0
  found on step  939
  no. of rejections          404
 stored as     4

 highest radius point found:
  at point    0.271  -0.019   1.000
  closest atom surface    3.193   C43 ASB X    0
  2nd closest surface     3.194   C45 ASB X    0
  found on step  915
  this is also current point
  no. of rejections          398
 stored as     5

 highest radius point found:
  at point    0.271  -0.019   1.200
  closest atom surface    3.187   C43 ASB X    0
  2nd closest surface     3.189   C45 ASB X    0
  found on step    1
 current point:
  at point    0.234  -0.012   1.200
  closest atom surface    3.185   C45 ASB X    0
  2nd closest surface     3.187   C43 ASB X    0
  found on step  979
  no. of rejections          401
 stored as     6

 highest radius point found:
  at point    0.273  -0.021   1.400
  closest atom surface    3.190   C43 ASB X    0
  2nd closest surface     3.191   C45 ASB X    0
  found on step    3
 current point:
  at point   -0.284   0.115   1.400
  closest atom surface    3.188   C43 ASB X    0
  2nd closest surface     3.192   C45 ASB X    0
  found on step  993
  no. of rejections          392
 stored as     7

 highest radius point found:
  at point    0.280  -0.023   1.600
  closest atom surface    3.201   C43 ASB X    0
  2nd closest surface     3.202   C13 ASB X    0
  found on step   69
 current point:
  at point    0.267  -0.020   1.600
  closest atom surface    3.201   C43 ASB X    0
  2nd closest surface     3.202   C45 ASB X    0
  found on step  986
  no. of rejections          382
 stored as     8

 highest radius point found:
  at point    0.280  -0.023   1.800
  closest atom surface    3.219   C43 ASB X    0
  2nd closest surface     3.221   C13 ASB X    0
  found on step    1
 current point:
  at point    0.312  -0.018   1.800
  closest atom surface    3.209   C43 ASB X    0
  2nd closest surface     3.217   C13 ASB X    0
  found on step  995
  no. of rejections          366
 stored as     9

 highest radius point found:
  at point    0.280  -0.023   2.000
  closest atom surface    3.245   C43 ASB X    0
  2nd closest surface     3.247   C13 ASB X    0
  found on step    1
 current point:
  at point    0.281  -0.026   2.000
  closest atom surface    3.245   C13 ASB X    0
  2nd closest surface     3.247   C45 ASB X    0
  found on step  963
  no. of rejections          375
 stored as    10

 highest radius point found:
  at point   -0.306   0.113   2.200
  closest atom surface    3.279   C45 ASB X    0
  2nd closest surface     3.283   C43 ASB X    0
  found on step  963
  this is also current point
  no. of rejections          387
 stored as    11

 highest radius point found:
  at point   -0.307   0.114   2.400
  closest atom surface    3.322   C43 ASB X    0
  2nd closest surface     3.323   C45 ASB X    0
  found on step  963
  this is also current point
  no. of rejections          386
 stored as    12

 highest radius point found:
  at point   -0.319   0.117   2.600
  closest atom surface    3.372   C43 ASB X    0
  2nd closest surface     3.373   C45 ASB X    0
  found on step  990
  this is also current point
  no. of rejections          404
 stored as    13

 highest radius point found:
  at point   -0.333   0.119   2.800
  closest atom surface    3.429   C34 ASB X    0
  2nd closest surface     3.429   C45 ASB X    0
  found on step  934
  this is also current point
  no. of rejections          385
 stored as    14

 highest radius point found:
  at point   -0.333   0.119   3.000
  closest atom surface    3.491   C43 ASB X    0
  2nd closest surface     3.492   C45 ASB X    0
  found on step    1
 current point:
  at point   -0.341   0.122   3.000
  closest atom surface    3.489   C34 ASB X    0
  2nd closest surface     3.491   C43 ASB X    0
  found on step  980
  no. of rejections          374
 stored as    15

 highest radius point found:
  at point   -0.333   0.119   3.200
  closest atom surface    3.560   C43 ASB X    0
  2nd closest surface     3.563   C45 ASB X    0
  found on step    1
 current point:
  at point    0.218  -0.015   3.200
  closest atom surface    3.557   C45 ASB X    0
  2nd closest surface     3.557   C43 ASB X    0
  found on step  943
  no. of rejections          378
 stored as    16

 highest radius point found:
  at point   -0.325   0.114   3.400
  closest atom surface    3.636   C45 ASB X    0
  2nd closest surface     3.638   C43 ASB X    0
  found on step  749
 current point:
  at point   -0.128   0.068   3.400
  closest atom surface    3.629   C43 ASB X    0
  2nd closest surface     3.629   C45 ASB X    0
  found on step  987
  no. of rejections          371
 stored as    17

 highest radius point found:
  at point   -0.325   0.114   3.600
  closest atom surface    3.719   C45 ASB X    0
  2nd closest surface     3.719   C43 ASB X    0
  found on step    1
 current point:
  at point   -0.290   0.106   3.600
  closest atom surface    3.717   C43 ASB X    0
  2nd closest surface     3.717   C45 ASB X    0
  found on step  976
  no. of rejections          375
 stored as    18

 highest radius point found:
  at point   -0.325   0.114   3.800
  closest atom surface    3.807   C43 ASB X    0
  2nd closest surface     3.807   C45 ASB X    0
  found on step    1
 current point:
  at point    0.257  -0.026   3.800
  closest atom surface    3.805   C43 ASB X    0
  2nd closest surface     3.805   C45 ASB X    0
  found on step  918
  no. of rejections          404
 stored as    19

 highest radius point found:
  at point   -0.355   0.120   4.000
  closest atom surface    3.902   C45 ASB X    0
  2nd closest surface     3.903   C43 ASB X    0
  found on step  998
  this is also current point
  no. of rejections          354
 stored as    20

 highest radius point found:
  at point   -0.355   0.120   4.200
  closest atom surface    4.001   C43 ASB X    0
  2nd closest surface     4.002   C45 ASB X    0
  found on step    1
 current point:
  at point    0.214  -0.017   4.200
  closest atom surface    3.995   C43 ASB X    0
  2nd closest surface     3.997   C45 ASB X    0
  found on step  981
  no. of rejections          365
 stored as    21

 highest radius point found:
  at point   -0.355   0.120   4.400
  closest atom surface    4.104   C43 ASB X    0
  2nd closest surface     4.107   C45 ASB X    0
  found on step    1
 current point:
  at point    0.241  -0.024   4.400
  closest atom surface    4.100   C43 ASB X    0
  2nd closest surface     4.102   C45 ASB X    0
  found on step  953
  no. of rejections          342
 stored as    22

 highest radius point found:
  at point   -0.378   0.123   4.600
  closest atom surface    4.216   C45 ASB X    0
  2nd closest surface     4.216   C43 ASB X    0
  found on step  947
  this is also current point
  no. of rejections          366
 stored as    23

 highest radius point found:
  at point   -0.378   0.123   4.800
  closest atom surface    4.328   C43 ASB X    0
  2nd closest surface     4.330   C45 ASB X    0
  found on step    1
 current point:
  at point   -0.372   0.123   4.800
  closest atom surface    4.327   C43 ASB X    0
  2nd closest surface     4.330   C45 ASB X    0
  found on step  989
  no. of rejections          348
 stored as    24

 highest radius point found:
  at point   -0.392   0.125   5.000
  closest atom surface    4.447   C45 ASB X    0
  2nd closest surface     4.448   C34 ASB X    0
  found on step  958
  this is also current point
  no. of rejections          353
 stored as    25

 highest radius point found:
  at point   -0.392   0.125   5.200
  closest atom surface    4.569   C43 ASB X    0
  2nd closest surface     4.569   C45 ASB X    0
  found on step    1
 current point:
  at point   -0.387   0.123   5.200
  closest atom surface    4.569   C43 ASB X    0
  2nd closest surface     4.569   C45 ASB X    0
  found on step  983
  no. of rejections          370
 stored as    26

 highest radius point found:
  at point   -0.405   0.125   5.400
  closest atom surface    4.694   C45 ASB X    0
  2nd closest surface     4.696   C34 ASB X    0
  found on step    8
 current point:
  at point   -0.413   0.125   5.400
  closest atom surface    4.693   C45 ASB X    0
  2nd closest surface     4.694   C34 ASB X    0
  found on step  993
  no. of rejections          355
 stored as    27

 highest radius point found:
  at point   -0.405   0.125   5.600
  closest atom surface    4.824   C45 ASB X    0
  2nd closest surface     4.826   C43 ASB X    0
  found on step    1
 current point:
  at point    0.015   0.026   5.600
  closest atom surface    4.812   C43 ASB X    0
  2nd closest surface     4.814   C45 ASB X    0
  found on step  890
  no. of rejections          362
 stored as    28

 highest radius point found:
  at point   -0.407   0.126   5.800
  closest atom surface    4.957   C43 ASB X    0
  2nd closest surface     4.958   C45 ASB X    0
  found on step  902
  this is also current point
  no. of rejections          357
 stored as    29

 highest radius point found:
  at point   -0.407   0.126   6.000
  closest atom surface    5.093   C43 ASB X    0
  2nd closest surface     5.094   C45 ASB X    0
  found on step    1
 current point:
  at point    0.255  -0.034   6.000
  closest atom surface    5.087   C13 ASB X    0
  2nd closest surface     5.087   C43 ASB X    0
  found on step  976
  no. of rejections          348
 stored as    30

 highest radius point found:
  at point   -0.421   0.126   6.200
  closest atom surface    5.232   C45 ASB X    0
  2nd closest surface     5.234   C43 ASB X    0
  found on step  390
 current point:
  at point   -0.129   0.058   6.200
  closest atom surface    5.222   C43 ASB X    0
  2nd closest surface     5.222   C45 ASB X    0
  found on step  986
  no. of rejections          312
 stored as    31

 highest radius point found:
  at point   -0.423   0.127   6.400
  closest atom surface    5.375   C45 ASB X    0
  2nd closest surface     5.375   C43 ASB X    0
  found on step  970
  this is also current point
  no. of rejections          323
 stored as    32

 highest radius point found:
  at point   -0.423   0.127   6.600
  closest atom surface    5.519   C43 ASB X    0
  2nd closest surface     5.520   C45 ASB X    0
  found on step    1
 current point:
  at point    0.255  -0.035   6.600
  closest atom surface    5.512   C13 ASB X    0
  2nd closest surface     5.512   C43 ASB X    0
  found on step  930
  no. of rejections          319
 stored as    33

 highest radius point found:
  at point   -0.423   0.127   6.800
  closest atom surface    5.666   C43 ASB X    0
  2nd closest surface     5.667   C45 ASB X    0
  found on step    1
 current point:
  at point   -0.667   0.120   6.800
  closest atom surface    5.638   C34 ASB X    0
  2nd closest surface     5.642   C45 ASB X    0
  found on step  999
  no. of rejections          300
 stored as    34

 highest radius point found:
  at point   -0.443   0.133   7.000
  closest atom surface    5.815   C43 ASB X    0
  2nd closest surface     5.816   C34 ASB X    0
  found on step   45
 current point:
  at point    0.231  -0.034   7.000
  closest atom surface    5.808   C45 ASB X    0
  2nd closest surface     5.810   C43 ASB X    0
  found on step  957
  no. of rejections          318
 stored as    35

 highest radius point found:
  at point   -0.440   0.126   7.200
  closest atom surface    5.966   C45 ASB X    0
  2nd closest surface     5.970   C43 ASB X    0
  found on step    7
 current point:
  at point    0.241  -0.035   7.200
  closest atom surface    5.961   C45 ASB X    0
  2nd closest surface     5.961   C43 ASB X    0
  found on step  997
  no. of rejections          340
 stored as    36

 highest radius point found:
  at point   -0.440   0.126   7.400
  closest atom surface    6.121   C45 ASB X    0
  2nd closest surface     6.124   C43 ASB X    0
  found on step    1
 current point:
  at point    0.080   0.003   7.400
  closest atom surface    6.111   C43 ASB X    0
  2nd closest surface     6.111   C45 ASB X    0
  found on step  902
  no. of rejections          311
 stored as    37

 highest radius point found:
  at point   -0.473   0.132   7.600
  closest atom surface    6.278   C34 ASB X    0
  2nd closest surface     6.278   C45 ASB X    0
  found on step   62
 current point:
  at point   -1.263   0.089   7.600
  closest atom surface    6.220   C34 ASB X    0
  2nd closest surface     6.220   C45 ASB X    0
  found on step  995
  no. of rejections          336
 stored as    38

 highest radius point found:
  at point   -0.473   0.132   7.800
  closest atom surface    6.436   C45 ASB X    0
  2nd closest surface     6.437   C34 ASB X    0
  found on step    1
 current point:
  at point   -1.377   0.083   7.800
  closest atom surface    6.378   C44 ASB X    0
  2nd closest surface     6.378   C34 ASB X    0
  found on step  950
  no. of rejections          320
 stored as    39

 highest radius point found:
  at point   -0.474   0.134   8.000
  closest atom surface    6.596   C34 ASB X    0
  2nd closest surface     6.597   C43 ASB X    0
  found on step    4
 current point:
  at point    0.981  -0.002   8.000
  closest atom surface    6.515   C13 ASB X    0
  2nd closest surface     6.518   C43 ASB X    0
  found on step  992
  no. of rejections          318
 stored as    40

 highest radius point found:
  at point   -0.474   0.134   8.200
  closest atom surface    6.758   C43 ASB X    0
  2nd closest surface     6.758   C45 ASB X    0
  found on step    1
 current point:
  at point    0.168  -0.023   8.200
  closest atom surface    6.747   C45 ASB X    0
  2nd closest surface     6.748   C43 ASB X    0
  found on step  999
  no. of rejections          313
 stored as    41

 highest radius point found:
  at point   -0.474   0.134   8.400
  closest atom surface    6.920   C43 ASB X    0
  2nd closest surface     6.922   C45 ASB X    0
  found on step    1
 current point:
  at point    0.156  -0.019   8.400
  closest atom surface    6.910   C43 ASB X    0
  2nd closest surface     6.910   C45 ASB X    0
  found on step  910
  no. of rejections          312
 stored as    42

 highest radius point found:
  at point   -0.474   0.134   8.600
  closest atom surface    7.084   C43 ASB X    0
  2nd closest surface     7.086   C45 ASB X    0
  found on step    1
 current point:
  at point   -0.133   0.049   8.600
  closest atom surface    7.073   C45 ASB X    0
  2nd closest surface     7.074   C43 ASB X    0
  found on step  960
  no. of rejections          305
 stored as    43

 highest radius point found:
  at point   -0.474   0.134   8.800
  closest atom surface    7.249   C43 ASB X    0
  2nd closest surface     7.252   C45 ASB X    0
  found on step    1
 current point:
  at point    0.217  -0.035   8.800
  closest atom surface    7.242   C43 ASB X    0
  2nd closest surface     7.242   C45 ASB X    0
  found on step  984
  no. of rejections          330
 stored as    44

 highest radius point found:
  at point   -0.512   0.137   9.000
  closest atom surface    7.417   C34 ASB X    0
  2nd closest surface     7.419   C45 ASB X    0
  found on step  973
  this is also current point
  no. of rejections          272
 stored as    45

 highest radius point found:
  at point   -0.512   0.137   9.200
  closest atom surface    7.587   C34 ASB X    0
  2nd closest surface     7.587   C45 ASB X    0
  found on step    1
 current point:
  at point    0.139  -0.018   9.200
  closest atom surface    7.576   C43 ASB X    0
  2nd closest surface     7.576   C45 ASB X    0
  found on step  944
  no. of rejections          279
 stored as    46

 highest radius point found:
  at point   -0.512   0.137   9.400
  closest atom surface    7.757   C45 ASB X    0
  2nd closest surface     7.757   C34 ASB X    0
  found on step    1
 current point:
  at point   -0.498   0.134   9.400
  closest atom surface    7.757   C43 ASB X    0
  2nd closest surface     7.757   C45 ASB X    0
  found on step  991
  no. of rejections          307
 stored as    47

 highest radius point found:
  at point   -0.512   0.137   9.600
  closest atom surface    7.928   C43 ASB X    0
  2nd closest surface     7.928   C45 ASB X    0
  found on step    1
 current point:
  at point   -0.515   0.138   9.600
  closest atom surface    7.928   C43 ASB X    0
  2nd closest surface     7.928   C34 ASB X    0
  found on step  940
  no. of rejections          287
 stored as    48

 highest radius point found:
  at point   -0.512   0.137   9.800
  closest atom surface    8.099   C43 ASB X    0
  2nd closest surface     8.100   C45 ASB X    0
  found on step    1
 current point:
  at point   -1.397   0.091   9.800
  closest atom surface    8.056   C34 ASB X    0
  2nd closest surface     8.056   C45 ASB X    0
  found on step  899
  no. of rejections          326
 stored as    49

 highest radius point found:
  at point   -0.512   0.137  10.000
  closest atom surface    8.272   C43 ASB X    0
  2nd closest surface     8.273   C45 ASB X    0
  found on step    1
 current point:
  at point   -1.945   0.138  10.000
  closest atom surface    8.205   C34 ASB X    0
  2nd closest surface     8.205   C44 ASB X    0
  found on step  968
  no. of rejections          269
 stored as    50

 highest radius point found:
  at point   -0.512   0.137  10.200
  closest atom surface    8.445   C43 ASB X    0
  2nd closest surface     8.448   C45 ASB X    0
  found on step    1
 current point:
  at point   -2.154   0.155  10.200
  closest atom surface    8.379   C44 ASB X    0
  2nd closest surface     8.379   C35 ASB X    0
  found on step  941
  no. of rejections          286
 stored as    51

 highest radius point found:
  at point   -0.532   0.139  10.400
  closest atom surface    8.622   C45 ASB X    0
  2nd closest surface     8.622   C43 ASB X    0
  found on step  890
  this is also current point
  no. of rejections          264
 stored as    52

 highest radius point found:
  at point   -0.532   0.139  10.600
  closest atom surface    8.797   C43 ASB X    0
  2nd closest surface     8.798   C45 ASB X    0
  found on step    1
 current point:
  at point   -1.315   0.099  10.600
  closest atom surface    8.759   C34 ASB X    0
  2nd closest surface     8.760   C45 ASB X    0
  found on step  984
  no. of rejections          270
 stored as    53

 highest radius point found:
  at point   -0.549   0.144  10.800
  closest atom surface    8.974   C34 ASB X    0
  2nd closest surface     8.974   C43 ASB X    0
  found on step  843
 current point:
  at point   -0.545   0.138  10.800
  closest atom surface    8.974   C45 ASB X    0
  2nd closest surface     8.976   C43 ASB X    0
  found on step  953
  no. of rejections          283
 stored as    54

 highest radius point found:
  at point   -0.549   0.144  11.000
  closest atom surface    9.151   C43 ASB X    0
  2nd closest surface     9.152   C34 ASB X    0
  found on step    1
 current point:
  at point   -1.448   0.095  11.000
  closest atom surface    9.112   C44 ASB X    0
  2nd closest surface     9.114   C34 ASB X    0
  found on step  995
  no. of rejections          273
 stored as    55

 highest radius point found:
  at point   -0.549   0.140  11.200
  closest atom surface    9.330   C43 ASB X    0
  2nd closest surface     9.330   C45 ASB X    0
  found on step  919
  this is also current point
  no. of rejections          277
 stored as    56

 highest radius point found:
  at point   -0.549   0.140  11.400
  closest atom surface    9.508   C43 ASB X    0
  2nd closest surface     9.509   C45 ASB X    0
  found on step    1
 current point:
  at point   -1.254   0.105  11.400
  closest atom surface    9.476   C45 ASB X    0
  2nd closest surface     9.476   C34 ASB X    0
  found on step  981
  no. of rejections          279
 stored as    57

 highest radius point found:
  at point   -0.556   0.136  11.600
  closest atom surface    9.687   C45 ASB X    0
  2nd closest surface     9.688   H29 ASB X    0
  found on step  944
  this is also current point
  no. of rejections          288
 stored as    58

 highest radius point found:
  at point   -0.539   0.135  11.800
  closest atom surface    9.867   H29 ASB X    0
  2nd closest surface     9.868   C45 ASB X    0
  found on step  974
  this is also current point
  no. of rejections          261
 stored as    59

 highest radius point found:
  at point   -0.544   0.132  12.000
  closest atom surface   10.046   H29 ASB X    0
  2nd closest surface    10.047   C45 ASB X    0
  found on step   27
 current point:
  at point   -1.235   0.108  12.000
  closest atom surface   10.020   C45 ASB X    0
  2nd closest surface    10.021   C34 ASB X    0
  found on step  931
  no. of rejections          266
 stored as    60

 highest radius point found:
  at point   -0.544   0.132  12.200
  closest atom surface   10.226   H29 ASB X    0
  2nd closest surface    10.229   C45 ASB X    0
  found on step    1
 current point:
  at point   -0.454   0.111  12.200
  closest atom surface   10.225   C45 ASB X    0
  2nd closest surface    10.227   C43 ASB X    0
  found on step  983
  no. of rejections          237
 stored as    61

 highest radius point found:
  at point   -0.500   0.127  12.400
  closest atom surface   10.409   C43 ASB X    0
  2nd closest surface    10.410   H29 ASB X    0
  found on step  384
 current point:
  at point   -0.498   0.117  12.400
  closest atom surface   10.407   C45 ASB X    0
  2nd closest surface    10.411   H39 ASB X    0
  found on step  995
  no. of rejections          252
 stored as    62

 highest radius point found:
  at point   -0.484   0.119  12.600
  closest atom surface   10.592   H39 ASB X    0
  2nd closest surface    10.592   C43 ASB X    0
  found on step   53
 current point:
  at point    0.039   0.024  12.600
  closest atom surface   10.571   H39 ASB X    0
  2nd closest surface    10.571   C43 ASB X    0
  found on step  976
  no. of rejections          260
 stored as    63

 highest radius point found:
  at point   -0.484   0.119  12.800
  closest atom surface   10.772   H39 ASB X    0
  2nd closest surface    10.775   C43 ASB X    0
  found on step    1
 current point:
  at point   -1.912   0.143  12.800
  closest atom surface   10.733   C34 ASB X    0
  2nd closest surface    10.734   C44 ASB X    0
  found on step  990
  no. of rejections          256
 stored as    64

 highest radius point found:
  at point   -0.484   0.119  13.000
  closest atom surface   10.954   H39 ASB X    0
  2nd closest surface    10.958   H29 ASB X    0
  found on step    1
 current point:
  at point   -0.634   0.121  13.000
  closest atom surface   10.948   H29 ASB X    0
  2nd closest surface    10.952   C45 ASB X    0
  found on step  996
  no. of rejections          258
 stored as    65

 highest radius point found:
  at point   -0.484   0.119  13.200
  closest atom surface   11.135   H39 ASB X    0
  2nd closest surface    11.140   H29 ASB X    0
  found on step    1
 current point:
  at point    1.659  -0.067  13.200
  closest atom surface   11.046   C42 ASB X    0
  2nd closest surface    11.046   C13 ASB X    0
  found on step  941
  no. of rejections          251
 stored as    66

 highest radius point found:
  at point   -0.484   0.119  13.400
  closest atom surface   11.318   H39 ASB X    0
  2nd closest surface    11.323   H29 ASB X    0
  found on step    1
 current point:
  at point    0.070   0.029  13.400
  closest atom surface   11.302   H39 ASB X    0
  2nd closest surface    11.302   C43 ASB X    0
  found on step  996
  no. of rejections          260
 stored as    67

 highest radius point found:
  at point   -0.484   0.119  13.600
  closest atom surface   11.501   H39 ASB X    0
  2nd closest surface    11.506   H29 ASB X    0
  found on step    1
 current point:
  at point   -1.442   0.105  13.600
  closest atom surface   11.492   H29 ASB X    0
  2nd closest surface    11.492   C34 ASB X    0
  found on step  976
  no. of rejections          257
 stored as    68

 highest radius point found:
  at point   -0.484   0.119  13.800
  closest atom surface   11.684   H39 ASB X    0
  2nd closest surface    11.690   H29 ASB X    0
  found on step    1
 current point:
  at point   -2.778   0.202  13.800
  closest atom surface   11.631   H38 ASB X    0
  2nd closest surface    11.632   C35 ASB X    0
  found on step  986
  no. of rejections          249
 stored as    69

 highest radius point found:
  at point   -0.482   0.133  14.000
  closest atom surface   11.869   H29 ASB X    0
  2nd closest surface    11.869   H37 ASB X    0
  found on step    3
 current point:
  at point    0.060   0.041  14.000
  closest atom surface   11.855   C43 ASB X    0
  2nd closest surface    11.857   H39 ASB X    0
  found on step  968
  no. of rejections          253
 stored as    70

 highest radius point found:
  at point   -0.482   0.133  14.200
  closest atom surface   12.053   H37 ASB X    0
  2nd closest surface    12.053   H29 ASB X    0
  found on step    1
 current point:
  at point   -0.045   0.061  14.200
  closest atom surface   12.042   C43 ASB X    0
  2nd closest surface    12.043   H39 ASB X    0
  found on step  984
  no. of rejections          254
 stored as    71

 highest radius point found:
  at point   -0.483   0.128  14.400
  closest atom surface   12.240   H37 ASB X    0
  2nd closest surface    12.240   H39 ASB X    0
  found on step  864
 current point:
  at point   -0.485   0.128  14.400
  closest atom surface   12.240   H37 ASB X    0
  2nd closest surface    12.240   H29 ASB X    0
  found on step  998
  no. of rejections          254
 stored as    72

 highest radius point found:
  at point   -0.484   0.127  14.600
  closest atom surface   12.425   H39 ASB X    0
  2nd closest surface    12.425   H37 ASB X    0
  found on step    2
 current point:
  at point   -0.312   0.106  14.600
  closest atom surface   12.420   H37 ASB X    0
  2nd closest surface    12.421   H39 ASB X    0
  found on step  986
  no. of rejections          242
 stored as    73

 highest radius point found:
  at point   -0.484   0.127  14.800
  closest atom surface   12.611   H37 ASB X    0
  2nd closest surface    12.611   H39 ASB X    0
  found on step    1
 current point:
  at point   -1.709   0.126  14.800
  closest atom surface   12.601   H29 ASB X    0
  2nd closest surface    12.602   H38 ASB X    0
  found on step  966
  no. of rejections          270
 stored as    74

 highest radius point found:
  at point   -0.484   0.127  15.000
  closest atom surface   12.797   H37 ASB X    0
  2nd closest surface    12.797   H39 ASB X    0
  found on step    1
 current point:
  at point   -1.478   0.091  15.000
  closest atom surface   12.794   H29 ASB X    0
  2nd closest surface    12.796   C44 ASB X    0
  found on step  996
  no. of rejections          231
 stored as    75

 highest radius point found:
  at point   -0.507   0.130  15.200
  closest atom surface   12.984   H37 ASB X    0
  2nd closest surface    12.984   H29 ASB X    0
  found on step  778
 current point:
  at point   -0.371   0.112  15.200
  closest atom surface   12.980   H37 ASB X    0
  2nd closest surface    12.980   H39 ASB X    0
  found on step  991
  no. of rejections          243
 stored as    76

 highest radius point found:
  at point   -0.507   0.130  15.400
  closest atom surface   13.170   H37 ASB X    0
  2nd closest surface    13.171   H39 ASB X    0
  found on step    1
 current point:
  at point   -0.624   0.125  15.400
  closest atom surface   13.167   H29 ASB X    0
  2nd closest surface    13.168   H39 ASB X    0
  found on step  971
  no. of rejections          263
 stored as    77

 highest radius point found:
  at point   -0.507   0.130  15.600
  closest atom surface   13.357   H37 ASB X    0
  2nd closest surface    13.358   H39 ASB X    0
  found on step    1
 current point:
  at point    0.095   0.050  15.600
  closest atom surface   13.349   H39 ASB X    0
  2nd closest surface    13.349   C43 ASB X    0
  found on step  948
  no. of rejections          234
 stored as    78

 highest radius point found:
  at point   -1.472   0.078  15.800
  closest atom surface   13.548   H38 ASB X    0
  2nd closest surface    13.548   C45 ASB X    0
  found on step  982
  this is also current point
  no. of rejections          233
 stored as    79

 highest radius point found:
  at point   -1.464   0.078  16.000
  closest atom surface   13.736   H29 ASB X    0
  2nd closest surface    13.737   H39 ASB X    0
  found on step  982
  this is also current point
  no. of rejections          236
 stored as    80

 highest radius point found:
  at point   -1.464   0.078  16.200
  closest atom surface   13.925   H39 ASB X    0
  2nd closest surface    13.925   H29 ASB X    0
  found on step    1
 current point:
  at point   -2.287   0.239  16.200
  closest atom surface   13.908   H29 ASB X    0
  2nd closest surface    13.909   C34 ASB X    0
  found on step  983
  no. of rejections          243
 stored as    81

 highest radius point found:
  at point   -1.464   0.078  16.400
  closest atom surface   14.113   H39 ASB X    0
  2nd closest surface    14.114   H29 ASB X    0
  found on step    1
 current point:
  at point   -1.477   0.081  16.400
  closest atom surface   14.113   H29 ASB X    0
  2nd closest surface    14.114   H38 ASB X    0
  found on step  998
  no. of rejections          236
 stored as    82

 highest radius point found:
  at point   -1.457   0.080  16.600
  closest atom surface   14.302   H39 ASB X    0
  2nd closest surface    14.302   H29 ASB X    0
  found on step  978
  this is also current point
  no. of rejections          229
 stored as    83

 highest radius point found:
  at point   -1.457   0.080  16.800
  closest atom surface   14.491   H39 ASB X    0
  2nd closest surface    14.491   H29 ASB X    0
  found on step    1
 current point:
  at point   -3.322   0.208  16.800
  closest atom surface   14.447   H30 ASB X    0
  2nd closest surface    14.447   H38 ASB X    0
  found on step  986
  no. of rejections          236
 stored as    84

 highest radius point found:
  at point   -1.478   0.076  17.000
  closest atom surface   14.680   H39 ASB X    0
  2nd closest surface    14.680   H38 ASB X    0
  found on step  484
 current point:
  at point   -0.550   0.132  17.000
  closest atom surface   14.677   H39 ASB X    0
  2nd closest surface    14.677   H37 ASB X    0
  found on step  987
  no. of rejections          224
 stored as    85

 highest radius point found:
  at point   -1.478   0.076  17.200
  closest atom surface   14.870   H39 ASB X    0
  2nd closest surface    14.870   H38 ASB X    0
  found on step    1
 current point:
  at point   -0.317   0.102  17.200
  closest atom surface   14.861   H37 ASB X    0
  2nd closest surface    14.861   H39 ASB X    0
  found on step  965
  no. of rejections          232
 stored as    86

 highest radius point found:
  at point   -1.478   0.076  17.400
  closest atom surface   15.059   H39 ASB X    0
  2nd closest surface    15.060   H38 ASB X    0
  found on step    1
 current point:
  at point   -1.950   0.172  17.400
  closest atom surface   15.047   H29 ASB X    0
  2nd closest surface    15.047   H38 ASB X    0
  found on step  978
  no. of rejections          240
 stored as    87

 highest radius point found:
  at point   -1.478   0.076  17.600
  closest atom surface   15.249   H39 ASB X    0
  2nd closest surface    15.251   H38 ASB X    0
  found on step    1
 current point:
  at point   -0.617   0.129  17.600
  closest atom surface   15.245   H39 ASB X    0
  2nd closest surface    15.246   H29 ASB X    0
  found on step  990
  no. of rejections          239
 stored as    88

 highest radius point found:
  at point   -1.474   0.083  17.800
  closest atom surface   15.441   H29 ASB X    0
  2nd closest surface    15.441   H39 ASB X    0
  found on step  958
  this is also current point
  no. of rejections          224
 stored as    89

 highest radius point found:
  at point   -1.474   0.083  18.000
  closest atom surface   15.632   H39 ASB X    0
  2nd closest surface    15.632   H29 ASB X    0
  found on step    1
 current point:
  at point   -2.463   0.272  18.000
  closest atom surface   15.621   H30 ASB X    0
  2nd closest surface    15.621   H29 ASB X    0
  found on step  967
  no. of rejections          219
 stored as    90

 highest radius point found:
  at point   -1.495   0.080  18.200
  closest atom surface   15.822   H38 ASB X    0
  2nd closest surface    15.823   H39 ASB X    0
  found on step  989
  this is also current point
  no. of rejections          228
 stored as    91

 highest radius point found:
  at point   -1.495   0.080  18.400
  closest atom surface   16.014   H39 ASB X    0
  2nd closest surface    16.014   H38 ASB X    0
  found on step    1
 current point:
  at point   -1.398   0.083  18.400
  closest atom surface   16.010   H39 ASB X    0
  2nd closest surface    16.013   H29 ASB X    0
  found on step  989
  no. of rejections          222
 stored as    92

 highest radius point found:
  at point   -1.495   0.080  18.600
  closest atom surface   16.205   H39 ASB X    0
  2nd closest surface    16.205   H38 ASB X    0
  found on step    1
 current point:
  at point   -0.045   0.065  18.600
  closest atom surface   16.191   H39 ASB X    0
  2nd closest surface    16.192   H37 ASB X    0
  found on step  993
  no. of rejections          248
 stored as    93

 highest radius point found:
  at point   -1.495   0.080  18.800
  closest atom surface   16.396   H39 ASB X    0
  2nd closest surface    16.397   H38 ASB X    0
  found on step    1
 current point:
  at point   -2.479   0.275  18.800
  closest atom surface   16.387   H29 ASB X    0
  2nd closest surface    16.387   H38 ASB X    0
  found on step  927
  no. of rejections          227
 stored as    94

 highest radius point found:
  at point   -1.496   0.085  19.000
  closest atom surface   16.589   H29 ASB X    0
  2nd closest surface    16.589   H39 ASB X    0
  found on step  941
  this is also current point
  no. of rejections          224
 stored as    95

 highest radius point found:
  at point   -1.496   0.085  19.200
  closest atom surface   16.780   H39 ASB X    0
  2nd closest surface    16.781   H29 ASB X    0
  found on step    1
 current point:
  at point   -0.784   0.125  19.200
  closest atom surface   16.773   H39 ASB X    0
  2nd closest surface    16.773   H29 ASB X    0
  found on step  953
  no. of rejections          231
 stored as    96

 highest radius point found:
  at point   -1.504   0.086  19.400
  closest atom surface   16.973   H29 ASB X    0
  2nd closest surface    16.973   H39 ASB X    0
  found on step  985
  this is also current point
  no. of rejections          242
 stored as    97

 highest radius point found:
  at point   -1.504   0.086  19.600
  closest atom surface   17.165   H39 ASB X    0
  2nd closest surface    17.165   H29 ASB X    0
  found on step    1
 current point:
  at point   -0.069   0.067  19.600
  closest atom surface   17.150   H37 ASB X    0
  2nd closest surface    17.150   H39 ASB X    0
  found on step  978
  no. of rejections          225
 stored as    98

 highest radius point found:
  at point   -1.504   0.086  19.800
  closest atom surface   17.357   H39 ASB X    0
  2nd closest surface    17.358   H29 ASB X    0
  found on step    1
 current point:
  at point   -2.536   0.282  19.800
  closest atom surface   17.348   H38 ASB X    0
  2nd closest surface    17.350   H30 ASB X    0
  found on step  972
  no. of rejections          215
 stored as    99

 highest radius point found:
  at point   -1.504   0.086  20.000
  closest atom surface   17.550   H39 ASB X    0
  2nd closest surface    17.550   H29 ASB X    0
  found on step    1
 current point:
  at point   -1.872   0.156  20.000
  closest atom surface   17.541   H38 ASB X    0
  2nd closest surface    17.541   H29 ASB X    0
  found on step  971
  no. of rejections          210
 stored as   100

 highest radius point found:
  at point   -1.504   0.086  20.200
  closest atom surface   17.742   H39 ASB X    0
  2nd closest surface    17.743   H29 ASB X    0
  found on step    1
 current point:
  at point   -1.963   0.174  20.200
  closest atom surface   17.732   H38 ASB X    0
  2nd closest surface    17.732   H29 ASB X    0
  found on step  949
  no. of rejections          219
 stored as   101

 highest radius point found:
  at point   -1.513   0.088  20.400
  closest atom surface   17.936   H39 ASB X    0
  2nd closest surface    17.936   H29 ASB X    0
  found on step  929
  this is also current point
  no. of rejections          224
 stored as   102

 highest radius point found:
  at point   -1.513   0.088  20.600
  closest atom surface   18.128   H39 ASB X    0
  2nd closest surface    18.129   H29 ASB X    0
  found on step    1
 current point:
  at point   -0.814   0.128  20.600
  closest atom surface   18.121   H29 ASB X    0
  2nd closest surface    18.121   H39 ASB X    0
  found on step  965
  no. of rejections          212
 stored as   103

 highest radius point found:
  at point   -1.522   0.090  20.800
  closest atom surface   18.321   H29 ASB X    0
  2nd closest surface    18.322   H39 ASB X    0
  found on step  610
 current point:
  at point   -1.558   0.093  20.800
  closest atom surface   18.320   H38 ASB X    0
  2nd closest surface    18.321   H29 ASB X    0
  found on step 1000
  no. of rejections          229
 stored as   104

 highest radius point found:
  at point   -1.522   0.090  21.000
  closest atom surface   18.515   H29 ASB X    0
  2nd closest surface    18.516   H39 ASB X    0
  found on step    1
 current point:
  at point   -1.203   0.106  21.000
  closest atom surface   18.508   H39 ASB X    0
  2nd closest surface    18.509   H29 ASB X    0
  found on step  998
  no. of rejections          218
 stored as   105

 highest radius point found:
  at point   -4.999   0.147  21.200
  closest atom surface   18.751   H38 ASB X    0
  2nd closest surface    18.752   H30 ASB X    0
  found on step  994
  this is also current point
  no. of rejections          225
 stored as   106

 highest radius point found:
  at point   -8.326  -0.053  21.400
  closest atom surface   19.484   H38 ASB X    0
  2nd closest surface    19.484   H19 ASB X    0
  found on step  957
  this is also current point
  no. of rejections          205
 stored as   107

 highest radius point found:
  at point   -8.356  -0.041  21.600
  closest atom surface   19.679   H19 ASB X    0
  2nd closest surface    19.679   H30 ASB X    0
  found on step  908
  this is also current point
  no. of rejections          210
 stored as   108

 highest radius point found:
  at point   -8.380  -0.044  21.800
  closest atom surface   19.874   H19 ASB X    0
  2nd closest surface    19.874   H30 ASB X    0
  found on step  992
  this is also current point
  no. of rejections          206
 stored as   109

 highest radius point found:
  at point   -8.403  -0.047  22.000
  closest atom surface   20.069   H19 ASB X    0
  2nd closest surface    20.070   H30 ASB X    0
  found on step  717
 current point:
  at point   -8.403  -0.051  22.000
  closest atom surface   20.069   H19 ASB X    0
  2nd closest surface    20.069   H38 ASB X    0
  found on step  922
  no. of rejections          236
 stored as   110

 highest radius point found:
  at point   -8.428  -0.048  22.200
  closest atom surface   20.265   H19 ASB X    0
  2nd closest surface    20.265   H30 ASB X    0
  found on step  602
 current point:
  at point   -8.426  -0.048  22.200
  closest atom surface   20.264   H38 ASB X    0
  2nd closest surface    20.265   H30 ASB X    0
  found on step  999
  no. of rejections          179
 stored as   111

 highest radius point found:
  at point   -8.505  -0.036  22.400
  closest atom surface   20.454   H19 ASB X    0
  2nd closest surface    20.469   H30 ASB X    0
  found on step    5
 current point:
  at point   -9.367  -1.769  22.400
  closest atom surface   20.410   H19 ASB X    0
  2nd closest surface    20.411   H38 ASB X    0
  found on step  993
  no. of rejections          161
 stored as   112

 highest radius point found:
  at point   -8.481  -0.047  22.600
  closest atom surface   20.655   H19 ASB X    0
  2nd closest surface    20.656   H38 ASB X    0
  found on step  954
  this is also current point
  no. of rejections          147
 stored as   113

 highest radius point found:
  at point   -8.514  -0.060  22.800
  closest atom surface   20.850   H19 ASB X    0
  2nd closest surface    20.851   H38 ASB X    0
  found on step  983
  this is also current point
  no. of rejections          163
 stored as   114

 highest radius point found:
  at point   -8.570  -0.014  23.000
  closest atom surface   21.043   H19 ASB X    0
  2nd closest surface    21.049   H30 ASB X    0
  found on step  596
 current point:
  at point   -8.878   0.457  23.000
  closest atom surface   21.023   H30 ASB X    0
  2nd closest surface    21.024   H19 ASB X    0
  found on step  988
  no. of rejections          178
 stored as   115

 highest radius point found:
  at point   -8.554  -0.045  23.200
  closest atom surface   21.242   H30 ASB X    0
  2nd closest surface    21.243   H38 ASB X    0
  found on step  646
 current point:
  at point   -8.561  -0.053  23.200
  closest atom surface   21.242   H19 ASB X    0
  2nd closest surface    21.243   H38 ASB X    0
  found on step  971
  no. of rejections          195
 stored as   116

 highest radius point found:
  at point   -8.584  -0.043  23.400
  closest atom surface   21.438   H19 ASB X    0
  2nd closest surface    21.439   H30 ASB X    0
  found on step  993
  this is also current point
  no. of rejections          175
 stored as   117

 highest radius point found:
  at point   -8.612  -0.034  23.600
  closest atom surface   21.634   H30 ASB X    0
  2nd closest surface    21.634   H19 ASB X    0
  found on step  986
  this is also current point
  no. of rejections          178
 stored as   118

 highest radius point found:
  at point  -10.392   2.511  23.800
  closest atom surface   21.890   H30 ASB X    0
  2nd closest surface    21.896   H19 ASB X    0
  found on step  990
  this is also current point
  no. of rejections          139
 stored as   119

 highest radius point found:
  at point  -12.213   3.827  24.000
  closest atom surface   22.290   H22 ASB X    0
  2nd closest surface    22.317   H19 ASB X    0
  found on step 1000
  this is also current point
  no. of rejections          136
 This is an end! (radius above  22.0 angs)
 highest radius point found:
  at point    0.491  -0.050  -0.200
  closest atom surface    3.134   C36 ASB X    0
  2nd closest surface     3.135   C15 ASB X    0
  found on step    1
 current point:
  at point   -0.129   0.011  -0.200
  closest atom surface    3.112   C36 ASB X    0
  2nd closest surface     3.112   C15 ASB X    0
  found on step  953
  no. of rejections          399
 stored as    -1

 highest radius point found:
  at point    0.491  -0.050  -0.400
  closest atom surface    3.147   C15 ASB X    0
  2nd closest surface     3.147   C36 ASB X    0
  found on step    1
 current point:
  at point    0.496  -0.049  -0.400
  closest atom surface    3.146   C37 ASB X    0
  2nd closest surface     3.146   C36 ASB X    0
  found on step  998
  no. of rejections          396
 stored as    -2

 highest radius point found:
  at point   -0.597   0.039  -0.600
  closest atom surface    3.160   C15 ASB X    0
  2nd closest surface     3.163   C33 ASB X    0
  found on step  712
 current point:
  at point   -0.784   0.031  -0.600
  closest atom surface    3.160   C33 ASB X    0
  2nd closest surface     3.160   C15 ASB X    0
  found on step  941
  no. of rejections          426
 stored as    -3

 highest radius point found:
  at point   -0.495   0.045  -0.800
  closest atom surface    3.193   C33 ASB X    0
  2nd closest surface     3.194   C15 ASB X    0
  found on step  989
  this is also current point
  no. of rejections          375
 stored as    -4

 highest radius point found:
  at point   -0.483   0.069  -1.000
  closest atom surface    3.207   C33 ASB X    0
  2nd closest surface     3.209   C16 ASB X    0
  found on step  170
 current point:
  at point    1.035  -0.136  -1.000
  closest atom surface    3.128   C12 ASB X    0
  2nd closest surface     3.128   C37 ASB X    0
  found on step  920
  no. of rejections          393
 stored as    -5

 highest radius point found:
  at point   -0.483   0.069  -1.200
  closest atom surface    3.205   C16 ASB X    0
  2nd closest surface     3.212   C37 ASB X    0
  found on step    1
 current point:
  at point    0.058  -0.061  -1.200
  closest atom surface    3.181   C16 ASB X    0
  2nd closest surface     3.183   C37 ASB X    0
  found on step  924
  no. of rejections          353
 stored as    -6

 highest radius point found:
  at point   -0.528   0.081  -1.400
  closest atom surface    3.215   C16 ASB X    0
  2nd closest surface     3.216   C32 ASB X    0
  found on step  906
  this is also current point
  no. of rejections          393
 stored as    -7

 highest radius point found:
  at point   -0.513   0.079  -1.600
  closest atom surface    3.227   C16 ASB X    0
  2nd closest surface     3.231   C37 ASB X    0
  found on step  158
 current point:
  at point   -0.468   0.069  -1.600
  closest atom surface    3.224   C16 ASB X    0
  2nd closest surface     3.225   C37 ASB X    0
  found on step  999
  no. of rejections          404
 stored as    -8

 highest radius point found:
  at point   -0.513   0.079  -1.800
  closest atom surface    3.247   C16 ASB X    0
  2nd closest surface     3.249   C32 ASB X    0
  found on step    1
 current point:
  at point    0.522  -0.172  -1.800
  closest atom surface    3.246   C37 ASB X    0
  2nd closest surface     3.247   C16 ASB X    0
  found on step  985
  no. of rejections          385
 stored as    -9

 highest radius point found:
  at point   -0.503   0.082  -2.000
  closest atom surface    3.275   C32 ASB X    0
  2nd closest surface     3.275   C37 ASB X    0
  found on step  443
 current point:
  at point   -0.486   0.076  -2.000
  closest atom surface    3.274   C37 ASB X    0
  2nd closest surface     3.276   C16 ASB X    0
  found on step  992
  no. of rejections          411
 stored as   -10

 highest radius point found:
  at point   -0.492   0.077  -2.200
  closest atom surface    3.311   C16 ASB X    0
  2nd closest surface     3.312   C37 ASB X    0
  found on step  808
 current point:
  at point   -0.457   0.063  -2.200
  closest atom surface    3.301   C16 ASB X    0
  2nd closest surface     3.314   C37 ASB X    0
  found on step  999
  no. of rejections          399
 stored as   -11

 highest radius point found:
  at point   -0.492   0.077  -2.400
  closest atom surface    3.353   C16 ASB X    0
  2nd closest surface     3.356   C32 ASB X    0
  found on step    1
 current point:
  at point   -0.467   0.073  -2.400
  closest atom surface    3.352   C37 ASB X    0
  2nd closest surface     3.352   C16 ASB X    0
  found on step  888
  no. of rejections          367
 stored as   -12

 highest radius point found:
  at point    0.531  -0.171  -2.600
  closest atom surface    3.405   C37 ASB X    0
  2nd closest surface     3.405   C11 ASB X    0
  found on step  930
  this is also current point
  no. of rejections          386
 stored as   -13

 highest radius point found:
  at point    0.531  -0.171  -2.800
  closest atom surface    3.463   C16 ASB X    0
  2nd closest surface     3.463   C11 ASB X    0
  found on step    1
 current point:
  at point    0.531  -0.170  -2.800
  closest atom surface    3.462   C37 ASB X    0
  2nd closest surface     3.463   C16 ASB X    0
  found on step  957
  no. of rejections          386
 stored as   -14

 highest radius point found:
  at point    0.536  -0.171  -3.000
  closest atom surface    3.527   C11 ASB X    0
  2nd closest surface     3.527   C37 ASB X    0
  found on step  952
  this is also current point
  no. of rejections          365
 stored as   -15

 highest radius point found:
  at point    0.536  -0.171  -3.200
  closest atom surface    3.598   C11 ASB X    0
  2nd closest surface     3.599   C16 ASB X    0
  found on step    1
 current point:
  at point   -0.454   0.073  -3.200
  closest atom surface    3.594   C37 ASB X    0
  2nd closest surface     3.595   C16 ASB X    0
  found on step  963
  no. of rejections          372
 stored as   -16

 highest radius point found:
  at point    0.536  -0.171  -3.400
  closest atom surface    3.675   C16 ASB X    0
  2nd closest surface     3.676   C11 ASB X    0
  found on step    1
 current point:
  at point   -0.394   0.060  -3.400
  closest atom surface    3.665   C37 ASB X    0
  2nd closest surface     3.668   C16 ASB X    0
  found on step  977
  no. of rejections          376
 stored as   -17

 highest radius point found:
  at point    0.536  -0.169  -3.600
  closest atom surface    3.759   C37 ASB X    0
  2nd closest surface     3.760   C16 ASB X    0
  found on step  965
  this is also current point
  no. of rejections          361
 stored as   -18

 highest radius point found:
  at point    0.536  -0.169  -3.800
  closest atom surface    3.848   C16 ASB X    0
  2nd closest surface     3.849   C37 ASB X    0
  found on step    1
 current point:
  at point   -0.454   0.075  -3.800
  closest atom surface    3.845   C37 ASB X    0
  2nd closest surface     3.845   C32 ASB X    0
  found on step  990
  no. of rejections          408
 stored as   -19

 highest radius point found:
  at point    0.540  -0.168  -4.000
  closest atom surface    3.943   C37 ASB X    0
  2nd closest surface     3.944   C16 ASB X    0
  found on step  992
  this is also current point
  no. of rejections          352
 stored as   -20

 highest radius point found:
  at point    0.540  -0.168  -4.200
  closest atom surface    4.044   C16 ASB X    0
  2nd closest surface     4.044   C37 ASB X    0
  found on step    1
 current point:
  at point   -0.436   0.072  -4.200
  closest atom surface    4.038   C16 ASB X    0
  2nd closest surface     4.038   C37 ASB X    0
  found on step  971
  no. of rejections          370
 stored as   -21

 highest radius point found:
  at point    0.540  -0.168  -4.400
  closest atom surface    4.148   C16 ASB X    0
  2nd closest surface     4.149   C37 ASB X    0
  found on step    1
 current point:
  at point    0.549  -0.170  -4.400
  closest atom surface    4.147   C11 ASB X    0
  2nd closest surface     4.148   C16 ASB X    0
  found on step  995
  no. of rejections          382
 stored as   -22

 highest radius point found:
  at point    0.540  -0.168  -4.600
  closest atom surface    4.257   C16 ASB X    0
  2nd closest surface     4.260   C37 ASB X    0
  found on step    1
 current point:
  at point   -0.428   0.071  -4.600
  closest atom surface    4.252   C16 ASB X    0
  2nd closest surface     4.252   C37 ASB X    0
  found on step  992
  no. of rejections          365
 stored as   -23

 highest radius point found:
  at point    0.540  -0.168  -4.800
  closest atom surface    4.371   C16 ASB X    0
  2nd closest surface     4.375   C37 ASB X    0
  found on step    1
 current point:
  at point   -0.428   0.077  -4.800
  closest atom surface    4.363   C32 ASB X    0
  2nd closest surface     4.363   C37 ASB X    0
  found on step  986
  no. of rejections          375
 stored as   -24

 highest radius point found:
  at point    0.541  -0.167  -5.000
  closest atom surface    4.490   C16 ASB X    0
  2nd closest surface     4.493   C37 ASB X    0
  found on step   63
 current point:
  at point   -0.002  -0.031  -5.000
  closest atom surface    4.468   C37 ASB X    0
  2nd closest surface     4.469   C16 ASB X    0
  found on step  987
  no. of rejections          353
 stored as   -25

 highest radius point found:
  at point    0.541  -0.167  -5.200
  closest atom surface    4.612   C16 ASB X    0
  2nd closest surface     4.616   C37 ASB X    0
  found on step    1
 current point:
  at point    1.436  -0.122  -5.200
  closest atom surface    4.549   C37 ASB X    0
  2nd closest surface     4.551   C38 ASB X    0
  found on step  997
  no. of rejections          337
 stored as   -26

 highest radius point found:
  at point    0.551  -0.166  -5.400
  closest atom surface    4.741   C37 ASB X    0
  2nd closest surface     4.741   C16 ASB X    0
  found on step  929
  this is also current point
  no. of rejections          379
 stored as   -27

 highest radius point found:
  at point    0.551  -0.166  -5.600
  closest atom surface    4.870   C16 ASB X    0
  2nd closest surface     4.871   C37 ASB X    0
  found on step    1
 current point:
  at point    1.425  -0.124  -5.600
  closest atom surface    4.810   C37 ASB X    0
  2nd closest surface     4.811   C11 ASB X    0
  found on step  991
  no. of rejections          339
 stored as   -28

 highest radius point found:
  at point    0.551  -0.166  -5.800
  closest atom surface    5.003   C16 ASB X    0
  2nd closest surface     5.005   C37 ASB X    0
  found on step    1
 current point:
  at point    0.168  -0.069  -5.800
  closest atom surface    4.983   C37 ASB X    0
  2nd closest surface     4.984   C16 ASB X    0
  found on step  997
  no. of rejections          314
 stored as   -29

 highest radius point found:
  at point    0.554  -0.164  -6.000
  closest atom surface    5.140   C16 ASB X    0
  2nd closest surface     5.141   C37 ASB X    0
  found on step  919
  this is also current point
  no. of rejections          343
 stored as   -30

 highest radius point found:
  at point    0.548  -0.162  -6.200
  closest atom surface    5.279   C37 ASB X    0
  2nd closest surface     5.279   C16 ASB X    0
  found on step    2
 current point:
  at point    0.545  -0.162  -6.200
  closest atom surface    5.279   C16 ASB X    0
  2nd closest surface     5.279   C37 ASB X    0
  found on step  924
  no. of rejections          352
 stored as   -31

 highest radius point found:
  at point    0.548  -0.162  -6.400
  closest atom surface    5.421   C16 ASB X    0
  2nd closest surface     5.422   C37 ASB X    0
  found on step    1
 current point:
  at point    0.423  -0.130  -6.400
  closest atom surface    5.413   C37 ASB X    0
  2nd closest surface     5.413   C16 ASB X    0
  found on step  991
  no. of rejections          338
 stored as   -32

 highest radius point found:
  at point    0.548  -0.162  -6.600
  closest atom surface    5.566   C16 ASB X    0
  2nd closest surface     5.567   C37 ASB X    0
  found on step    1
 current point:
  at point   -0.380   0.066  -6.600
  closest atom surface    5.557   C16 ASB X    0
  2nd closest surface     5.559   C32 ASB X    0
  found on step  941
  no. of rejections          336
 stored as   -33

 highest radius point found:
  at point    0.562  -0.164  -6.800
  closest atom surface    5.715   C16 ASB X    0
  2nd closest surface     5.715   C37 ASB X    0
  found on step  950
  this is also current point
  no. of rejections          318
 stored as   -34

 highest radius point found:
  at point    0.572  -0.164  -7.000
  closest atom surface    5.865   C37 ASB X    0
  2nd closest surface     5.865   C11 ASB X    0
  found on step  701
 current point:
  at point    0.561  -0.161  -7.000
  closest atom surface    5.864   C37 ASB X    0
  2nd closest surface     5.865   C16 ASB X    0
  found on step  994
  no. of rejections          318
 stored as   -35

 highest radius point found:
  at point    0.572  -0.164  -7.200
  closest atom surface    6.017   C11 ASB X    0
  2nd closest surface     6.017   C37 ASB X    0
  found on step    1
 current point:
  at point   -0.122   0.006  -7.200
  closest atom surface    5.998   C37 ASB X    0
  2nd closest surface     5.999   C16 ASB X    0
  found on step  988
  no. of rejections          317
 stored as   -36

 highest radius point found:
  at point    0.572  -0.164  -7.400
  closest atom surface    6.171   C16 ASB X    0
  2nd closest surface     6.172   C11 ASB X    0
  found on step    1
 current point:
  at point   -0.362   0.065  -7.400
  closest atom surface    6.160   C32 ASB X    0
  2nd closest surface     6.161   C16 ASB X    0
  found on step  909
  no. of rejections          326
 stored as   -37

 highest radius point found:
  at point    0.572  -0.164  -7.600
  closest atom surface    6.327   C16 ASB X    0
  2nd closest surface     6.328   C11 ASB X    0
  found on step    1
 current point:
  at point    0.568  -0.160  -7.600
  closest atom surface    6.327   C37 ASB X    0
  2nd closest surface     6.328   C16 ASB X    0
  found on step  964
  no. of rejections          312
 stored as   -38

 highest radius point found:
  at point    0.572  -0.164  -7.800
  closest atom surface    6.484   C16 ASB X    0
  2nd closest surface     6.486   C11 ASB X    0
  found on step    1
 current point:
  at point   -0.324   0.058  -7.800
  closest atom surface    6.474   C37 ASB X    0
  2nd closest surface     6.474   C16 ASB X    0
  found on step  995
  no. of rejections          298
 stored as   -39

 highest radius point found:
  at point    0.572  -0.164  -8.000
  closest atom surface    6.644   C16 ASB X    0
  2nd closest surface     6.646   C11 ASB X    0
  found on step    1
 current point:
  at point    0.782  -0.153  -8.000
  closest atom surface    6.627   C11 ASB X    0
  2nd closest surface     6.627   C37 ASB X    0
  found on step  981
  no. of rejections          298
 stored as   -40

 highest radius point found:
  at point    0.563  -0.157  -8.200
  closest atom surface    6.806   C37 ASB X    0
  2nd closest surface     6.807   C16 ASB X    0
  found on step  263
 current point:
  at point   -0.334   0.062  -8.200
  closest atom surface    6.796   C16 ASB X    0
  2nd closest surface     6.796   C37 ASB X    0
  found on step  910
  no. of rejections          326
 stored as   -41

 highest radius point found:
  at point    0.589  -0.163  -8.400
  closest atom surface    6.969   C11 ASB X    0
  2nd closest surface     6.970   C37 ASB X    0
  found on step  989
  this is also current point
  no. of rejections          312
 stored as   -42

 highest radius point found:
  at point    0.589  -0.163  -8.600
  closest atom surface    7.134   C11 ASB X    0
  2nd closest surface     7.135   C37 ASB X    0
  found on step    1
 current point:
  at point   -0.322   0.061  -8.600
  closest atom surface    7.123   C37 ASB X    0
  2nd closest surface     7.124   C16 ASB X    0
  found on step  993
  no. of rejections          304
 stored as   -43

 highest radius point found:
  at point    0.584  -0.160  -8.800
  closest atom surface    7.301   C37 ASB X    0
  2nd closest surface     7.301   C16 ASB X    0
  found on step  981
  this is also current point
  no. of rejections          291
 stored as   -44

 highest radius point found:
  at point    0.584  -0.160  -9.000
  closest atom surface    7.468   C16 ASB X    0
  2nd closest surface     7.468   C37 ASB X    0
  found on step    1
 current point:
  at point   -0.291   0.055  -9.000
  closest atom surface    7.456   C37 ASB X    0
  2nd closest surface     7.456   C16 ASB X    0
  found on step  999
  no. of rejections          287
 stored as   -45

 highest radius point found:
  at point    0.584  -0.160  -9.200
  closest atom surface    7.636   C16 ASB X    0
  2nd closest surface     7.637   C37 ASB X    0
  found on step    1
 current point:
  at point    1.620  -0.118  -9.200
  closest atom surface    7.595   C11 ASB X    0
  2nd closest surface     7.596   C38 ASB X    0
  found on step  972
  no. of rejections          288
 stored as   -46

 highest radius point found:
  at point    0.584  -0.160  -9.400
  closest atom surface    7.805   C16 ASB X    0
  2nd closest surface     7.807   C37 ASB X    0
  found on step    1
 current point:
  at point   -0.277   0.052  -9.400
  closest atom surface    7.794   C16 ASB X    0
  2nd closest surface     7.794   C37 ASB X    0
  found on step  932
  no. of rejections          316
 stored as   -47

 highest radius point found:
  at point    0.584  -0.160  -9.600
  closest atom surface    7.976   C16 ASB X    0
  2nd closest surface     7.978   C37 ASB X    0
  found on step    1
 current point:
  at point   -0.296   0.058  -9.600
  closest atom surface    7.966   C16 ASB X    0
  2nd closest surface     7.966   C37 ASB X    0
  found on step  986
  no. of rejections          291
 stored as   -48

 highest radius point found:
  at point    0.594  -0.158  -9.800
  closest atom surface    8.149   C37 ASB X    0
  2nd closest surface     8.150   C16 ASB X    0
  found on step  944
  this is also current point
  no. of rejections          277
 stored as   -49

 highest radius point found:
  at point    0.598  -0.159 -10.000
  closest atom surface    8.322   C37 ASB X    0
  2nd closest surface     8.323   C11 ASB X    0
  found on step  956
  this is also current point
  no. of rejections          283
 stored as   -50

 highest radius point found:
  at point    0.598  -0.159 -10.200
  closest atom surface    8.496   C37 ASB X    0
  2nd closest surface     8.497   C16 ASB X    0
  found on step    1
 current point:
  at point   -0.316   0.054 -10.200
  closest atom surface    8.480   C16 ASB X    0
  2nd closest surface     8.481   H31 ASB X    0
  found on step  993
  no. of rejections          295
 stored as   -51

 highest radius point found:
  at point    0.598  -0.159 -10.400
  closest atom surface    8.671   C16 ASB X    0
  2nd closest surface     8.672   C37 ASB X    0
  found on step    1
 current point:
  at point   -0.108   0.011 -10.400
  closest atom surface    8.654   H31 ASB X    0
  2nd closest surface     8.654   C16 ASB X    0
  found on step  929
  no. of rejections          284
 stored as   -52

 highest radius point found:
  at point    0.598  -0.159 -10.600
  closest atom surface    8.847   C16 ASB X    0
  2nd closest surface     8.848   C37 ASB X    0
  found on step    1
 current point:
  at point    0.417  -0.121 -10.600
  closest atom surface    8.835   C16 ASB X    0
  2nd closest surface     8.842   C37 ASB X    0
  found on step  985
  no. of rejections          269
 stored as   -53

 highest radius point found:
  at point    0.598  -0.159 -10.800
  closest atom surface    9.023   C16 ASB X    0
  2nd closest surface     9.025   C11 ASB X    0
  found on step    1
 current point:
  at point    1.625  -0.108 -10.800
  closest atom surface    8.991   C38 ASB X    0
  2nd closest surface     8.991   C37 ASB X    0
  found on step  954
  no. of rejections          282
 stored as   -54

 highest radius point found:
  at point    0.606  -0.158 -11.000
  closest atom surface    9.201   C37 ASB X    0
  2nd closest surface     9.202   C16 ASB X    0
  found on step  994
  this is also current point
  no. of rejections          272
 stored as   -55

 highest radius point found:
  at point    0.606  -0.158 -11.200
  closest atom surface    9.379   C16 ASB X    0
  2nd closest surface     9.380   C37 ASB X    0
  found on step    1
 current point:
  at point   -0.379   0.046 -11.200
  closest atom surface    9.355   C16 ASB X    0
  2nd closest surface     9.356   C32 ASB X    0
  found on step  963
  no. of rejections          280
 stored as   -56

 highest radius point found:
  at point    0.607  -0.157 -11.400
  closest atom surface    9.559   C37 ASB X    0
  2nd closest surface     9.559   C16 ASB X    0
  found on step  990
  this is also current point
  no. of rejections          287
 stored as   -57

 highest radius point found:
  at point    0.607  -0.157 -11.600
  closest atom surface    9.738   C16 ASB X    0
  2nd closest surface     9.738   C37 ASB X    0
  found on step    1
 current point:
  at point   -0.391   0.045 -11.600
  closest atom surface    9.711   H31 ASB X    0
  2nd closest surface     9.712   C16 ASB X    0
  found on step  979
  no. of rejections          271
 stored as   -58

 highest radius point found:
  at point    0.606  -0.155 -11.800
  closest atom surface    9.918   C37 ASB X    0
  2nd closest surface     9.918   C16 ASB X    0
  found on step  995
  this is also current point
  no. of rejections          252
 stored as   -59

 highest radius point found:
  at point    0.606  -0.155 -12.000
  closest atom surface   10.099   C16 ASB X    0
  2nd closest surface    10.099   C37 ASB X    0
  found on step    1
 current point:
  at point    0.066  -0.049 -12.000
  closest atom surface   10.073   C16 ASB X    0
  2nd closest surface    10.073   H31 ASB X    0
  found on step  998
  no. of rejections          261
 stored as   -60

 highest radius point found:
  at point    0.620  -0.157 -12.200
  closest atom surface   10.280   H13 ASB X    0
  2nd closest surface    10.280   C11 ASB X    0
  found on step  478
 current point:
  at point    0.897  -0.143 -12.200
  closest atom surface   10.265   C11 ASB X    0
  2nd closest surface    10.265   C37 ASB X    0
  found on step  977
  no. of rejections          265
 stored as   -61

 highest radius point found:
  at point    0.639  -0.158 -12.400
  closest atom surface   10.460   C11 ASB X    0
  2nd closest surface    10.461   H13 ASB X    0
  found on step  943
  this is also current point
  no. of rejections          247
 stored as   -62

 highest radius point found:
  at point    0.677  -0.156 -12.600
  closest atom surface   10.640   H31 ASB X    0
  2nd closest surface    10.641   C11 ASB X    0
  found on step  258
 current point:
  at point    0.687  -0.153 -12.600
  closest atom surface   10.639   H31 ASB X    0
  2nd closest surface    10.641   C11 ASB X    0
  found on step  947
  no. of rejections          282
 stored as   -63

 highest radius point found:
  at point    0.676  -0.159 -12.800
  closest atom surface   10.822   H31 ASB X    0
  2nd closest surface    10.823   C11 ASB X    0
  found on step  512
 current point:
  at point    0.187  -0.083 -12.800
  closest atom surface   10.801   H31 ASB X    0
  2nd closest surface    10.802   C16 ASB X    0
  found on step  995
  no. of rejections          279
 stored as   -64

 highest radius point found:
  at point    0.676  -0.159 -13.000
  closest atom surface   11.003   H31 ASB X    0
  2nd closest surface    11.005   H13 ASB X    0
  found on step    1
 current point:
  at point    1.669  -0.104 -13.000
  closest atom surface   10.987   C10 ASB X    0
  2nd closest surface    10.987   C37 ASB X    0
  found on step  981
  no. of rejections          270
 stored as   -65

 highest radius point found:
  at point    0.715  -0.163 -13.200
  closest atom surface   11.187   C11 ASB X    0
  2nd closest surface    11.187   H31 ASB X    0
  found on step  849
 current point:
  at point    0.732  -0.162 -13.200
  closest atom surface   11.186   C11 ASB X    0
  2nd closest surface    11.186   H31 ASB X    0
  found on step  975
  no. of rejections          256
 stored as   -66

 highest radius point found:
  at point    0.726  -0.164 -13.400
  closest atom surface   11.369   H31 ASB X    0
  2nd closest surface    11.370   C11 ASB X    0
  found on step  628
 current point:
  at point    0.703  -0.165 -13.400
  closest atom surface   11.369   H13 ASB X    0
  2nd closest surface    11.370   H31 ASB X    0
  found on step  997
  no. of rejections          262
 stored as   -67

 highest radius point found:
  at point    0.731  -0.166 -13.600
  closest atom surface   11.553   H31 ASB X    0
  2nd closest surface    11.554   H13 ASB X    0
  found on step  528
 current point:
  at point    0.762  -0.163 -13.600
  closest atom surface   11.552   H31 ASB X    0
  2nd closest surface    11.553   C11 ASB X    0
  found on step  961
  no. of rejections          243
 stored as   -68

 highest radius point found:
  at point    0.745  -0.169 -13.800
  closest atom surface   11.738   H31 ASB X    0
  2nd closest surface    11.738   H13 ASB X    0
  found on step  779
 current point:
  at point    0.737  -0.165 -13.800
  closest atom surface   11.736   H31 ASB X    0
  2nd closest surface    11.738   H13 ASB X    0
  found on step  966
  no. of rejections          278
 stored as   -69

 highest radius point found:
  at point    0.745  -0.169 -14.000
  closest atom surface   11.921   H13 ASB X    0
  2nd closest surface    11.921   H31 ASB X    0
  found on step    1
 current point:
  at point    0.781  -0.166 -14.000
  closest atom surface   11.920   H31 ASB X    0
  2nd closest surface    11.922   C11 ASB X    0
  found on step  994
  no. of rejections          249
 stored as   -70

 highest radius point found:
  at point    0.775  -0.175 -14.200
  closest atom surface   12.106   C11 ASB X    0
  2nd closest surface    12.106   H13 ASB X    0
  found on step   42
 current point:
  at point    1.634  -0.106 -14.200
  closest atom surface   12.101   C11 ASB X    0
  2nd closest surface    12.101   C37 ASB X    0
  found on step  991
  no. of rejections          215
 stored as   -71

 highest radius point found:
  at point    0.775  -0.175 -14.400
  closest atom surface   12.291   H13 ASB X    0
  2nd closest surface    12.293   H31 ASB X    0
  found on step    1
 current point:
  at point    3.111  -0.090 -14.400
  closest atom surface   12.223   H32 ASB X    0
  2nd closest surface    12.223   C10 ASB X    0
  found on step  961
  no. of rejections          228
 stored as   -72

 highest radius point found:
  at point    0.830  -0.170 -14.600
  closest atom surface   12.476   H31 ASB X    0
  2nd closest surface    12.479   C11 ASB X    0
  found on step  554
 current point:
  at point    1.062  -0.151 -14.600
  closest atom surface   12.473   H31 ASB X    0
  2nd closest surface    12.473   C11 ASB X    0
  found on step  936
  no. of rejections          256
 stored as   -73

 highest radius point found:
  at point    0.809  -0.174 -14.800
  closest atom surface   12.663   H31 ASB X    0
  2nd closest surface    12.665   H13 ASB X    0
  found on step   61
 current point:
  at point    1.623  -0.105 -14.800
  closest atom surface   12.663   C11 ASB X    0
  2nd closest surface    12.663   C37 ASB X    0
  found on step  983
  no. of rejections          247
 stored as   -74

 highest radius point found:
  at point    0.838  -0.178 -15.000
  closest atom surface   12.851   H31 ASB X    0
  2nd closest surface    12.851   C11 ASB X    0
  found on step  933
  this is also current point
  no. of rejections          255
 stored as   -75

 highest radius point found:
  at point    1.639  -0.103 -15.200
  closest atom surface   13.039   C37 ASB X    0
  2nd closest surface    13.040   C11 ASB X    0
  found on step  740
 current point:
  at point    1.451  -0.121 -15.200
  closest atom surface   13.036   H31 ASB X    0
  2nd closest surface    13.036   C11 ASB X    0
  found on step  934
  no. of rejections          269
 stored as   -76

 highest radius point found:
  at point    1.650  -0.104 -15.400
  closest atom surface   13.228   C11 ASB X    0
  2nd closest surface    13.228   C10 ASB X    0
  found on step  557
 current point:
  at point    0.899  -0.178 -15.400
  closest atom surface   13.224   H31 ASB X    0
  2nd closest surface    13.225   C11 ASB X    0
  found on step  947
  no. of rejections          239
 stored as   -77

 highest radius point found:
  at point    1.650  -0.104 -15.600
  closest atom surface   13.415   H31 ASB X    0
  2nd closest surface    13.417   C11 ASB X    0
  found on step    1
 current point:
  at point    3.563  -0.078 -15.600
  closest atom surface   13.354   H32 ASB X    0
  2nd closest surface    13.354   H9  ASB X    0
  found on step  996
  no. of rejections          246
 stored as   -78

 highest radius point found:
  at point    1.685  -0.100 -15.800
  closest atom surface   13.603   H31 ASB X    0
  2nd closest surface    13.604   C10 ASB X    0
  found on step    5
 current point:
  at point    1.614  -0.113 -15.800
  closest atom surface   13.603   H31 ASB X    0
  2nd closest surface    13.603   C11 ASB X    0
  found on step  960
  no. of rejections          241
 stored as   -79

 highest radius point found:
  at point    1.657  -0.111 -16.000
  closest atom surface   13.793   C10 ASB X    0
  2nd closest surface    13.793   H31 ASB X    0
  found on step  952
  this is also current point
  no. of rejections          234
 stored as   -80

 highest radius point found:
  at point    1.657  -0.111 -16.200
  closest atom surface   13.981   H31 ASB X    0
  2nd closest surface    13.982   C10 ASB X    0
  found on step    1
 current point:
  at point    0.949  -0.182 -16.200
  closest atom surface   13.977   H31 ASB X    0
  2nd closest surface    13.978   C11 ASB X    0
  found on step  978
  no. of rejections          229
 stored as   -81

 highest radius point found:
  at point    1.617  -0.122 -16.400
  closest atom surface   14.169   C11 ASB X    0
  2nd closest surface    14.170   H31 ASB X    0
  found on step  652
 current point:
  at point    1.408  -0.143 -16.400
  closest atom surface   14.166   C11 ASB X    0
  2nd closest surface    14.166   H31 ASB X    0
  found on step  979
  no. of rejections          224
 stored as   -82

 highest radius point found:
  at point    1.618  -0.123 -16.600
  closest atom surface   14.359   C11 ASB X    0
  2nd closest surface    14.359   H31 ASB X    0
  found on step   15
 current point:
  at point    0.944  -0.187 -16.600
  closest atom surface   14.355   H31 ASB X    0
  2nd closest surface    14.357   C11 ASB X    0
  found on step  985
  no. of rejections          246
 stored as   -83

 highest radius point found:
  at point    1.698  -0.110 -16.800
  closest atom surface   14.549   H31 ASB X    0
  2nd closest surface    14.550   C10 ASB X    0
  found on step  289
 current point:
  at point    0.958  -0.191 -16.800
  closest atom surface   14.545   H31 ASB X    0
  2nd closest surface    14.546   C11 ASB X    0
  found on step  988
  no. of rejections          220
 stored as   -84

 highest radius point found:
  at point    1.706  -0.113 -17.000
  closest atom surface   14.739   C10 ASB X    0
  2nd closest surface    14.739   H31 ASB X    0
  found on step  961
  this is also current point
  no. of rejections          207
 stored as   -85

 highest radius point found:
  at point    1.662  -0.122 -17.200
  closest atom surface   14.929   H31 ASB X    0
  2nd closest surface    14.930   C10 ASB X    0
  found on step  867
 current point:
  at point    1.661  -0.129 -17.200
  closest atom surface   14.929   C10 ASB X    0
  2nd closest surface    14.930   C11 ASB X    0
  found on step  999
  no. of rejections          212
 stored as   -86

 highest radius point found:
  at point    1.617  -0.134 -17.400
  closest atom surface   15.119   H31 ASB X    0
  2nd closest surface    15.120   C11 ASB X    0
  found on step  356
 current point:
  at point    1.405  -0.155 -17.400
  closest atom surface   15.115   H31 ASB X    0
  2nd closest surface    15.116   C11 ASB X    0
  found on step  983
  no. of rejections          218
 stored as   -87

 highest radius point found:
  at point    1.692  -0.126 -17.600
  closest atom surface   15.309   C10 ASB X    0
  2nd closest surface    15.311   H31 ASB X    0
  found on step    3
 current point:
  at point    1.817  -0.093 -17.600
  closest atom surface   15.309   C10 ASB X    0
  2nd closest surface    15.309   H31 ASB X    0
  found on step  919
  no. of rejections          231
 stored as   -88

 highest radius point found:
  at point    1.692  -0.126 -17.800
  closest atom surface   15.501   C10 ASB X    0
  2nd closest surface    15.501   H31 ASB X    0
  found on step    1
 current point:
  at point    1.510  -0.150 -17.800
  closest atom surface   15.499   C11 ASB X    0
  2nd closest surface    15.499   H31 ASB X    0
  found on step  879
  no. of rejections          215
 stored as   -89

 highest radius point found:
  at point    1.638  -0.139 -18.000
  closest atom surface   15.692   H31 ASB X    0
  2nd closest surface    15.693   C11 ASB X    0
  found on step   12
 current point:
  at point    2.769  -0.094 -18.000
  closest atom surface   15.644   H32 ASB X    0
  2nd closest surface    15.647   H9  ASB X    0
  found on step  997
  no. of rejections          206
 stored as   -90

 highest radius point found:
  at point    1.639  -0.142 -18.200
  closest atom surface   15.884   H31 ASB X    0
  2nd closest surface    15.884   C11 ASB X    0
  found on step  993
  this is also current point
  no. of rejections          237
 stored as   -91

 highest radius point found:
  at point    1.675  -0.137 -18.400
  closest atom surface   16.075   H31 ASB X    0
  2nd closest surface    16.075   C10 ASB X    0
  found on step  995
  this is also current point
  no. of rejections          224
 stored as   -92

 highest radius point found:
  at point    1.675  -0.137 -18.600
  closest atom surface   16.266   H31 ASB X    0
  2nd closest surface    16.267   C10 ASB X    0
  found on step    1
 current point:
  at point    1.322  -0.179 -18.600
  closest atom surface   16.262   H31 ASB X    0
  2nd closest surface    16.262   C11 ASB X    0
  found on step  931
  no. of rejections          257
 stored as   -93

 highest radius point found:
  at point    1.641  -0.148 -18.800
  closest atom surface   16.458   H31 ASB X    0
  2nd closest surface    16.459   C11 ASB X    0
  found on step  712
 current point:
  at point    1.358  -0.178 -18.800
  closest atom surface   16.454   C11 ASB X    0
  2nd closest surface    16.454   H31 ASB X    0
  found on step  932
  no. of rejections          204
 stored as   -94

 highest radius point found:
  at point    1.641  -0.152 -19.000
  closest atom surface   16.651   H31 ASB X    0
  2nd closest surface    16.651   C11 ASB X    0
  found on step  998
  this is also current point
  no. of rejections          201
 stored as   -95

 highest radius point found:
  at point    1.633  -0.155 -19.200
  closest atom surface   16.843   C11 ASB X    0
  2nd closest surface    16.843   H31 ASB X    0
  found on step  960
  this is also current point
  no. of rejections          222
 stored as   -96

 highest radius point found:
  at point    1.644  -0.159 -19.400
  closest atom surface   17.034   C11 ASB X    0
  2nd closest surface    17.035   C10 ASB X    0
  found on step    2
 current point:
  at point    1.883  -0.100 -19.400
  closest atom surface   17.033   C10 ASB X    0
  2nd closest surface    17.033   H32 ASB X    0
  found on step  933
  no. of rejections          221
 stored as   -97

 highest radius point found:
  at point    1.644  -0.159 -19.600
  closest atom surface   17.228   C11 ASB X    0
  2nd closest surface    17.228   C10 ASB X    0
  found on step    1
 current point:
  at point    1.409  -0.183 -19.600
  closest atom surface   17.224   C11 ASB X    0
  2nd closest surface    17.224   H31 ASB X    0
  found on step  920
  no. of rejections          247
 stored as   -98

 highest radius point found:
  at point    1.644  -0.159 -19.800
  closest atom surface   17.420   H31 ASB X    0
  2nd closest surface    17.421   C10 ASB X    0
  found on step    1
 current point:
  at point    1.131  -0.213 -19.800
  closest atom surface   17.415   C11 ASB X    0
  2nd closest surface    17.415   H13 ASB X    0
  found on step  900
  no. of rejections          241
 stored as   -99

 highest radius point found:
  at point    1.644  -0.159 -20.000
  closest atom surface   17.612   H31 ASB X    0
  2nd closest surface    17.614   C10 ASB X    0
  found on step    1
 current point:
  at point    1.904  -0.103 -20.000
  closest atom surface   17.611   H32 ASB X    0
  2nd closest surface    17.611   C10 ASB X    0
  found on step  943
  no. of rejections          213
 stored as  -100

 highest radius point found:
  at point    1.644  -0.159 -20.200
  closest atom surface   17.804   H31 ASB X    0
  2nd closest surface    17.808   C10 ASB X    0
  found on step    1
 current point:
  at point    1.997  -0.112 -20.200
  closest atom surface   17.797   C10 ASB X    0
  2nd closest surface    17.800   H32 ASB X    0
  found on step  995
  no. of rejections          200
 stored as  -101

 highest radius point found:
  at point    1.742  -0.145 -20.400
  closest atom surface   17.998   C10 ASB X    0
  2nd closest surface    17.998   H31 ASB X    0
  found on step  924
  this is also current point
  no. of rejections          220
 stored as  -102

 highest radius point found:
  at point    1.614  -0.174 -20.600
  closest atom surface   18.192   H31 ASB X    0
  2nd closest surface    18.192   C11 ASB X    0
  found on step  997
  this is also current point
  no. of rejections          221
 stored as  -103

 highest radius point found:
  at point    1.614  -0.174 -20.800
  closest atom surface   18.384   H31 ASB X    0
  2nd closest surface    18.386   C11 ASB X    0
  found on step    1
 current point:
  at point    1.801  -0.136 -20.800
  closest atom surface   18.384   C10 ASB X    0
  2nd closest surface    18.384   H31 ASB X    0
  found on step  897
  no. of rejections          204
 stored as  -104

 highest radius point found:
  at point    1.624  -0.180 -21.000
  closest atom surface   18.578   C11 ASB X    0
  2nd closest surface    18.579   H31 ASB X    0
  found on step  115
 current point:
  at point    1.518  -0.188 -21.000
  closest atom surface   18.577   C11 ASB X    0
  2nd closest surface    18.577   H31 ASB X    0
  found on step  995
  no. of rejections          238
 stored as  -105

 highest radius point found:
  at point    1.624  -0.180 -21.200
  closest atom surface   18.772   H31 ASB X    0
  2nd closest surface    18.772   C11 ASB X    0
  found on step    1
 current point:
  at point    1.866  -0.123 -21.200
  closest atom surface   18.771   H31 ASB X    0
  2nd closest surface    18.771   C10 ASB X    0
  found on step  967
  no. of rejections          209
 stored as  -106

 highest radius point found:
  at point    1.660  -0.178 -21.400
  closest atom surface   18.966   C10 ASB X    0
  2nd closest surface    18.967   H31 ASB X    0
  found on step    8
 current point:
  at point    1.810  -0.140 -21.400
  closest atom surface   18.965   H31 ASB X    0
  2nd closest surface    18.965   C10 ASB X    0
  found on step  976
  no. of rejections          198
 stored as  -107

 highest radius point found:
  at point    1.660  -0.178 -21.600
  closest atom surface   19.160   H31 ASB X    0
  2nd closest surface    19.160   C10 ASB X    0
  found on step    1
 current point:
  at point    1.694  -0.170 -21.600
  closest atom surface   19.160   H31 ASB X    0
  2nd closest surface    19.160   C10 ASB X    0
  found on step  989
  no. of rejections          213
 stored as  -108

 highest radius point found:
  at point    1.639  -0.186 -21.800
  closest atom surface   19.354   C11 ASB X    0
  2nd closest surface    19.354   C10 ASB X    0
  found on step  234
 current point:
  at point    1.633  -0.186 -21.800
  closest atom surface   19.354   C11 ASB X    0
  2nd closest surface    19.354   H31 ASB X    0
  found on step  919
  no. of rejections          214
 stored as  -109

 highest radius point found:
  at point    1.639  -0.186 -22.000
  closest atom surface   19.548   H31 ASB X    0
  2nd closest surface    19.549   C10 ASB X    0
  found on step    1
 current point:
  at point    1.216  -0.226 -22.000
  closest atom surface   19.541   H13 ASB X    0
  2nd closest surface    19.543   H31 ASB X    0
  found on step  999
  no. of rejections          201
 stored as  -110

 highest radius point found:
  at point    5.438   0.052 -22.200
  closest atom surface   19.794   H9  ASB X    0
  2nd closest surface    19.797   H32 ASB X    0
  found on step  999
  this is also current point
  no. of rejections          196
 stored as  -111

 highest radius point found:
  at point    8.597   0.216 -22.400
  closest atom surface   20.530   C1  ASB X    0
  2nd closest surface    20.531   H32 ASB X    0
  found on step  990
  this is also current point
  no. of rejections          175
 stored as  -112

 highest radius point found:
  at point    9.624   1.055 -22.600
  closest atom surface   20.739   C1  ASB X    0
  2nd closest surface    20.739   H3  ASB X    0
  found on step  939
  this is also current point
  no. of rejections          148
 stored as  -113

 highest radius point found:
  at point   15.078  -2.363 -22.800
  closest atom surface   21.485   C   ASB X    0
  2nd closest surface    21.532   H5  ASB X    0
  found on step 1000
  this is also current point
  no. of rejections           89
 stored as  -114

 highest radius point found:
  at point   18.805  -4.875 -23.000
  closest atom surface   23.053   H5  ASB X    0
  2nd closest surface    23.056   C   ASB X    0
  found on step 1000
  this is also current point
  no. of rejections          173
 This is an end! (radius above  22.0 angs)
 
 N.b. Graph information routine (HOGRAP) differs 
        markedly from previous versions!
       Information now is written from -ve end
       to +ve in one pass
 
 Explanation of the meaning of each column: 
 First column "cenxyz.cvec" is the coordinate in the
   direction of the channel vector i.e. if the channel
   vector is in z (0 0 1) then it is the z coordinate.
 The second column "radius" is the hole pore radius 
   (as defined in the Biophys J 1993) article).
 The third column "cen_line_D" is the distance 
   measured along the pore centre line - with the 
   first point found set to zero. This was the first
   thing that I used to measure the distance along a pore
   but "cenxyz.cvec" is a much better general measure. 
   However, by comparing changes in this distance to changes in '   "cenxyz.cvec" one can get a measure of how straight a 
   channel is.
 The fourth column "sum{s/(area)}" is useful in conductance
   prediction -
   basically it is the sum of the thickness of each slab
   divided by its area. HOLE uses this measure to estimate
   the macroscopic conductance of a channel.
 If any of this worries you one can see the "raw" results
   of a standard hole run by producing a sphpdb file and 
    directly looking at the results.
 cenxyz.cvec      radius  cen_line_D sum{s/(area point sourc
   -22.79982    21.48476   -39.36410     0.00007   (sampled)
   -22.69982    20.88875   -36.14445     0.00014 (mid-point)
   -22.59982    20.73945   -32.92480     0.00022   (sampled)
   -22.49982    20.62489   -32.25424     0.00029 (mid-point)
   -22.39982    20.52985   -31.58367     0.00037   (sampled)
   -22.29982    20.10692   -29.99892     0.00044 (mid-point)
   -22.19982    19.79356   -28.41416     0.00053   (sampled)
   -22.09982    19.58757   -26.50848     0.00061 (mid-point)
   -21.99982    19.54789   -24.60280     0.00069   (sampled)
   -21.89982    19.45112   -24.50280     0.00078 (mid-point)
   -21.79982    19.35431   -24.40280     0.00086   (sampled)
   -21.69982    19.25712   -24.30219     0.00095 (mid-point)
   -21.59982    19.15990   -24.20158     0.00103   (sampled)
   -21.49982    19.06312   -24.10158     0.00112 (mid-point)
   -21.39982    18.96595   -24.00158     0.00121   (sampled)
   -21.29982    18.86950   -23.90000     0.00130 (mid-point)
   -21.19982    18.77242   -23.79843     0.00139   (sampled)
   -21.09982    18.67535   -23.69843     0.00148 (mid-point)
   -20.99982    18.57827   -23.59843     0.00157   (sampled)
   -20.89982    18.48191   -23.49825     0.00167 (mid-point)
   -20.79982    18.38443   -23.39808     0.00176   (sampled)
   -20.69982    18.28804   -23.29808     0.00186 (mid-point)
   -20.59982    18.19168   -23.19808     0.00195   (sampled)
   -20.49982    18.09470   -23.07846     0.00205 (mid-point)
   -20.39982    17.99794   -22.95884     0.00215   (sampled)
   -20.29982    17.90101   -22.84715     0.00225 (mid-point)
   -20.19982    17.80419   -22.73546     0.00235   (sampled)
   -20.09982    17.70801   -22.63546     0.00245 (mid-point)
   -19.99982    17.61188   -22.53546     0.00255   (sampled)
   -19.89982    17.51579   -22.43546     0.00266 (mid-point)
   -19.79982    17.41973   -22.33546     0.00276   (sampled)
   -19.69982    17.32372   -22.23546     0.00287 (mid-point)
   -19.59982    17.22760   -22.13546     0.00297   (sampled)
   -19.49982    17.13102   -22.03546     0.00308 (mid-point)
   -19.39982    17.03448   -21.93546     0.00319   (sampled)
   -19.29982    16.93851   -21.83529     0.00330 (mid-point)
   -19.19982    16.84260   -21.73511     0.00341   (sampled)
   -19.09982    16.74656   -21.63502     0.00353 (mid-point)
   -18.99982    16.65055   -21.53493     0.00364   (sampled)
   -18.89982    16.55440   -21.43492     0.00376 (mid-point)
   -18.79982    16.45830   -21.33490     0.00388   (sampled)
   -18.69982    16.36195   -21.23329     0.00400 (mid-point)
   -18.59982    16.26567   -21.13168     0.00412   (sampled)
   -18.49982    16.17019   -21.03168     0.00424 (mid-point)
   -18.39982    16.07477   -20.93168     0.00436   (sampled)
   -18.29982    15.97920   -20.83001     0.00449 (mid-point)
   -18.19982    15.88370   -20.72834     0.00461   (sampled)
   -18.09982    15.78787   -20.62833     0.00474 (mid-point)
   -17.99982    15.69208   -20.52831     0.00487   (sampled)
   -17.89982    15.59655   -20.42452     0.00500 (mid-point)
   -17.79982    15.50094   -20.32073     0.00513   (sampled)
   -17.69982    15.40516   -20.22073     0.00527 (mid-point)
   -17.59982    15.30942   -20.12073     0.00540   (sampled)
   -17.49982    15.21513   -20.01378     0.00554 (mid-point)
   -17.39982    15.11931   -19.90683     0.00568   (sampled)
   -17.29982    15.02403   -19.80408     0.00582 (mid-point)
   -17.19982    14.92885   -19.70133     0.00596   (sampled)
   -17.09982    14.83392   -19.59884     0.00611 (mid-point)
   -16.99982    14.73876   -19.49636     0.00625   (sampled)
   -16.89982    14.64385   -19.39626     0.00640 (mid-point)
   -16.79982    14.54868   -19.29616     0.00655   (sampled)
   -16.69982    14.45393   -19.18837     0.00670 (mid-point)
   -16.59982    14.35927   -19.08057     0.00686   (sampled)
   -16.49982    14.26431   -18.98057     0.00702 (mid-point)
   -16.39982    14.16942   -18.88056     0.00717   (sampled)
   -16.29982    14.07548   -18.77841     0.00733 (mid-point)
   -16.19982    13.98074   -18.67626     0.00750   (sampled)
   -16.09982    13.88674   -18.57626     0.00766 (mid-point)
   -15.99982    13.79264   -18.47626     0.00783   (sampled)
   -15.89982    13.69802   -18.37515     0.00800 (mid-point)
   -15.79982    13.60332   -18.27403     0.00817   (sampled)
   -15.69982    13.50918   -18.17250     0.00835 (mid-point)
   -15.59982    13.41514   -18.07098     0.00852   (sampled)
   -15.49982    13.32161   -17.97098     0.00870 (mid-point)
   -15.39982    13.22782   -17.87098     0.00888   (sampled)
   -15.29982    13.13366   -17.77083     0.00907 (mid-point)
   -15.19982    13.03925   -17.67069     0.00926   (sampled)
   -15.09982    12.93973   -17.25583     0.00945 (mid-point)
   -14.99982    12.85089   -16.84097     0.00964   (sampled)
   -14.89982    12.75699   -16.73995     0.00983 (mid-point)
   -14.79982    12.66319   -16.63893     0.01003   (sampled)
   -14.69982    12.56963   -16.53838     0.01023 (mid-point)
   -14.59982    12.47617   -16.43783     0.01044   (sampled)
   -14.49982    12.38429   -16.33415     0.01065 (mid-point)
   -14.39982    12.29076   -16.23047     0.01086   (sampled)
   -14.29982    12.19847   -16.13047     0.01107 (mid-point)
   -14.19982    12.10621   -16.03047     0.01129   (sampled)
   -14.09982    12.01365   -15.92928     0.01151 (mid-point)
   -13.99982    11.92114   -15.82809     0.01173   (sampled)
   -13.89982    11.82931   -15.72809     0.01196 (mid-point)
   -13.79982    11.73754   -15.62809     0.01219   (sampled)
   -13.69982    11.64514   -15.52782     0.01243 (mid-point)
   -13.59982    11.55286   -15.42755     0.01266   (sampled)
   -13.49982    11.46110   -15.32752     0.01291 (mid-point)
   -13.39982    11.36947   -15.22749     0.01315   (sampled)
   -13.29982    11.27796   -15.12734     0.01340 (mid-point)
   -13.19982    11.18655   -15.02719     0.01366   (sampled)
   -13.09982    11.09492   -14.92531     0.01392 (mid-point)
   -12.99982    11.00342   -14.82343     0.01418   (sampled)
   -12.89982    10.91278   -14.72343     0.01445 (mid-point)
   -12.79982    10.82229   -14.62343     0.01472   (sampled)
   -12.69982    10.73131   -14.52342     0.01499 (mid-point)
   -12.59982    10.64049   -14.42341     0.01528   (sampled)
   -12.49982    10.55050   -14.32165     0.01556 (mid-point)
   -12.39982    10.46045   -14.21988     0.01585   (sampled)
   -12.29982    10.37007   -14.11941     0.01615 (mid-point)
   -12.19982    10.27974   -14.01895     0.01645   (sampled)
   -12.09982    10.18985   -13.91872     0.01676 (mid-point)
   -11.99982    10.09894   -13.81849     0.01707   (sampled)
   -11.89982    10.00842   -13.71849     0.01739 (mid-point)
   -11.79982     9.91793   -13.61849     0.01771   (sampled)
   -11.69982     9.82802   -13.51848     0.01804 (mid-point)
   -11.59982     9.73776   -13.41848     0.01838   (sampled)
   -11.49982     9.64807   -13.31848     0.01872 (mid-point)
   -11.39982     9.55852   -13.21848     0.01907   (sampled)
   -11.29982     9.46890   -13.11847     0.01942 (mid-point)
   -11.19982     9.37942   -13.01846     0.01978   (sampled)
   -11.09982     9.29043   -12.91846     0.02015 (mid-point)
   -10.99982     9.20135   -12.81846     0.02053   (sampled)
   -10.89982     9.11220   -12.71840     0.02091 (mid-point)
   -10.79982     9.02295   -12.61833     0.02130   (sampled)
   -10.69982     8.93473   -12.51833     0.02170 (mid-point)
   -10.59982     8.84672   -12.41833     0.02211   (sampled)
   -10.49982     8.75892   -12.31833     0.02252 (mid-point)
   -10.39982     8.67134   -12.21833     0.02295   (sampled)
   -10.29982     8.58393   -12.11833     0.02338 (mid-point)
   -10.19982     8.49644   -12.01833     0.02382   (sampled)
   -10.09982     8.40919   -11.91833     0.02427 (mid-point)
    -9.99982     8.32216   -11.81833     0.02473   (sampled)
    -9.89982     8.23526   -11.71830     0.02520 (mid-point)
    -9.79982     8.14860   -11.61827     0.02568   (sampled)
    -9.69982     8.06298   -11.51814     0.02617 (mid-point)
    -9.59982     7.97577   -11.41801     0.02667   (sampled)
    -9.49982     7.89039   -11.31801     0.02718 (mid-point)
    -9.39982     7.80529   -11.21801     0.02770   (sampled)
    -9.29982     7.72048   -11.11801     0.02823 (mid-point)
    -9.19982     7.63596   -11.01801     0.02878   (sampled)
    -9.09982     7.55175   -10.91801     0.02934 (mid-point)
    -8.99982     7.46785   -10.81801     0.02991   (sampled)
    -8.89982     7.38422   -10.71801     0.03049 (mid-point)
    -8.79982     7.30056   -10.61801     0.03109   (sampled)
    -8.69982     7.21760   -10.51796     0.03170 (mid-point)
    -8.59982     7.13398   -10.41791     0.03233   (sampled)
    -8.49982     7.05147   -10.31791     0.03297 (mid-point)
    -8.39982     6.96932   -10.21791     0.03362   (sampled)
    -8.29982     6.88763   -10.11703     0.03429 (mid-point)
    -8.19982     6.80556   -10.01615     0.03498   (sampled)
    -8.09982     6.72499    -9.91598     0.03568 (mid-point)
    -7.99982     6.64372    -9.81582     0.03641   (sampled)
    -7.89982     6.56384    -9.71582     0.03714 (mid-point)
    -7.79982     6.48440    -9.61582     0.03790   (sampled)
    -7.69982     6.40540    -9.51582     0.03868 (mid-point)
    -7.59982     6.32686    -9.41582     0.03947   (sampled)
    -7.49982     6.24879    -9.31582     0.04029 (mid-point)
    -7.39982     6.17122    -9.21582     0.04112   (sampled)
    -7.29982     6.09412    -9.11582     0.04198 (mid-point)
    -7.19982     6.01723    -9.01582     0.04286   (sampled)
    -7.09982     5.94086    -8.91582     0.04376 (mid-point)
    -6.99982     5.86490    -8.81582     0.04469   (sampled)
    -6.89982     5.78988    -8.71569     0.04564 (mid-point)
    -6.79982     5.71453    -8.61557     0.04661   (sampled)
    -6.69982     5.63978    -8.51530     0.04761 (mid-point)
    -6.59982     5.56564    -8.41504     0.04864   (sampled)
    -6.49982     5.49310    -8.31504     0.04969 (mid-point)
    -6.39982     5.42121    -8.21504     0.05078   (sampled)
    -6.29982     5.35000    -8.11504     0.05189 (mid-point)
    -6.19982     5.27922    -8.01504     0.05303   (sampled)
    -6.09982     5.20950    -7.91499     0.05420 (mid-point)
    -5.99982     5.14025    -7.81494     0.05541   (sampled)
    -5.89982     5.07113    -7.71493     0.05665 (mid-point)
    -5.79982     5.00277    -7.61492     0.05792   (sampled)
    -5.69982     4.93601    -7.51492     0.05923 (mid-point)
    -5.59982     4.87007    -7.41492     0.06057   (sampled)
    -5.49982     4.80498    -7.31492     0.06195 (mid-point)
    -5.39982     4.74061    -7.21492     0.06336   (sampled)
    -5.29982     4.67577    -7.11480     0.06482 (mid-point)
    -5.19982     4.61167    -7.01468     0.06632   (sampled)
    -5.09982     4.55020    -6.91468     0.06785 (mid-point)
    -4.99982     4.48972    -6.81468     0.06943   (sampled)
    -4.89982     4.42969    -6.71468     0.07105 (mid-point)
    -4.79982     4.37069    -6.61467     0.07272   (sampled)
    -4.69982     4.31331    -6.51467     0.07443 (mid-point)
    -4.59982     4.25703    -6.41467     0.07619   (sampled)
    -4.49982     4.20188    -6.31467     0.07799 (mid-point)
    -4.39982     4.14789    -6.21467     0.07984   (sampled)
    -4.29982     4.09509    -6.11467     0.08174 (mid-point)
    -4.19982     4.04352    -6.01467     0.08369   (sampled)
    -4.09982     3.99287    -5.91467     0.08568 (mid-point)
    -3.99982     3.94320    -5.81467     0.08773   (sampled)
    -3.89982     3.89548    -5.71465     0.08983 (mid-point)
    -3.79982     3.84812    -5.61463     0.09198   (sampled)
    -3.69982     3.80314    -5.51463     0.09418 (mid-point)
    -3.59982     3.75929    -5.41463     0.09643   (sampled)
    -3.49982     3.71664    -5.31463     0.09873 (mid-point)
    -3.39982     3.67517    -5.21462     0.10109   (sampled)
    -3.29982     3.63607    -5.11462     0.10350 (mid-point)
    -3.19982     3.59814    -5.01462     0.10596   (sampled)
    -3.09982     3.56170    -4.91462     0.10847 (mid-point)
    -2.99982     3.52687    -4.81462     0.11102   (sampled)
    -2.89982     3.49407    -4.71459     0.11363 (mid-point)
    -2.79982     3.46260    -4.61456     0.11629   (sampled)
    -2.69982     3.43315    -4.51456     0.11899 (mid-point)
    -2.59982     3.40488    -4.41456     0.12173   (sampled)
    -2.49982     3.35208    -3.87868     0.12457 (mid-point)
    -2.39982     3.35337    -3.34281     0.12740   (sampled)
    -2.29982     3.33117    -3.24281     0.13027 (mid-point)
    -2.19982     3.31081    -3.14281     0.13317   (sampled)
    -2.09982     3.29257    -3.04266     0.13611 (mid-point)
    -1.99982     3.27462    -2.94250     0.13907   (sampled)
    -1.89982     3.26103    -2.84236     0.14207 (mid-point)
    -1.79982     3.24689    -2.74222     0.14509   (sampled)
    -1.69982     3.23603    -2.64222     0.14813 (mid-point)
    -1.59982     3.22712    -2.54222     0.15118   (sampled)
    -1.49982     3.22022    -2.44194     0.15425 (mid-point)
    -1.39982     3.21530    -2.34167     0.15733   (sampled)
    -1.29982     3.20906    -2.23907     0.16042 (mid-point)
    -1.19982     3.20489    -2.13647     0.16352   (sampled)
    -1.09982     3.20582    -2.03647     0.16662 (mid-point)
    -0.99982     3.20666    -1.93647     0.16971   (sampled)
    -0.89982     3.19883    -1.83564     0.17282 (mid-point)
    -0.79982     3.19301    -1.73481     0.17595   (sampled)
    -0.69982     3.17606    -1.62246     0.17910 (mid-point)
    -0.59982     3.16040    -1.51011     0.18229   (sampled)
    -0.49982     3.12288    -0.95505     0.18555 (mid-point)
    -0.39982     3.14712    -0.40000     0.18877   (sampled)
    -0.29982     3.13981    -0.30000     0.19200 (mid-point)
    -0.19982     3.13426    -0.20000     0.19524   (sampled)
    -0.09982     3.13071    -0.10000     0.19848 (mid-point)
     0.00018     3.12917    -0.00000     0.20173   (sampled)
     0.10018     3.12964     0.10000     0.20498 (mid-point)
     0.20018     3.13211     0.20000     0.20823   (sampled)
     0.30018     3.11238     0.71739     0.21152 (mid-point)
     0.40018     3.14473     1.23478     0.21473   (sampled)
     0.50018     3.14214     1.40884     0.21796 (mid-point)
     0.60018     3.14366     1.58289     0.22118   (sampled)
     0.70018     3.15157     1.82756     0.22438 (mid-point)
     0.80018     3.16961     2.07223     0.22755   (sampled)
     0.90018     3.18376     2.17702     0.23069 (mid-point)
     1.00018     3.19285     2.28181     0.23381   (sampled)
     1.10018     3.18893     2.38181     0.23694 (mid-point)
     1.20018     3.18699     2.48181     0.24008   (sampled)
     1.30018     3.18774     2.58182     0.24321 (mid-point)
     1.40018     3.19048     2.68183     0.24634   (sampled)
     1.50018     3.19493     2.78191     0.24946 (mid-point)
     1.60018     3.20136     2.88199     0.25256   (sampled)
     1.70018     3.20931     2.98199     0.25565 (mid-point)
     1.80018     3.21923     3.08199     0.25872   (sampled)
     1.90018     3.23109     3.18199     0.26177 (mid-point)
     2.00018     3.24489     3.28199     0.26480   (sampled)
     2.10018     3.25395     3.59928     0.26780 (mid-point)
     2.20018     3.27918     3.91658     0.27076   (sampled)
     2.30018     3.29996     4.01659     0.27369 (mid-point)
     2.40018     3.32242     4.11659     0.27657   (sampled)
     2.50018     3.34606     4.21679     0.27941 (mid-point)
     2.60018     3.37150     4.31698     0.28221   (sampled)
     2.70018     3.39940     4.41723     0.28497 (mid-point)
     2.80018     3.42881     4.51747     0.28767   (sampled)
     2.90018     3.45931     4.61747     0.29033 (mid-point)
     3.00018     3.49127     4.71747     0.29295   (sampled)
     3.10018     3.52491     4.81747     0.29551 (mid-point)
     3.20018     3.56018     4.91747     0.29802   (sampled)
     3.30018     3.59821     5.01757     0.30048 (mid-point)
     3.40018     3.63604     5.11767     0.30289   (sampled)
     3.50018     3.67669     5.21767     0.30524 (mid-point)
     3.60018     3.71883     5.31767     0.30754   (sampled)
     3.70018     3.76225     5.41767     0.30979 (mid-point)
     3.80018     3.80666     5.51767     0.31199   (sampled)
     3.90018     3.85389     5.61883     0.31413 (mid-point)
     4.00018     3.90243     5.71998     0.31622   (sampled)
     4.10018     3.95102     5.81998     0.31826 (mid-point)
     4.20018     4.00083     5.91998     0.32025   (sampled)
     4.30018     4.05192     6.01998     0.32219 (mid-point)
     4.40018     4.10425     6.11998     0.32408   (sampled)
     4.50018     4.15937     6.22065     0.32592 (mid-point)
     4.60018     4.21557     6.32131     0.32771   (sampled)
     4.70018     4.27149     6.42131     0.32945 (mid-point)
     4.80018     4.32844     6.52131     0.33115   (sampled)
     4.90018     4.38762     6.62157     0.33280 (mid-point)
     5.00018     4.44720     6.72184     0.33441   (sampled)
     5.10018     4.50786     6.82184     0.33598 (mid-point)
     5.20018     4.56902     6.92184     0.33751   (sampled)
     5.30018     4.63139     7.02202     0.33899 (mid-point)
     5.40018     4.69422     7.12220     0.34043   (sampled)
     5.50018     4.75867     7.22220     0.34184 (mid-point)
     5.60018     4.82399     7.32220     0.34321   (sampled)
     5.70018     4.89041     7.42221     0.34454 (mid-point)
     5.80018     4.95740     7.52222     0.34583   (sampled)
     5.90018     5.02467     7.62222     0.34709 (mid-point)
     6.00018     5.09273     7.72222     0.34832   (sampled)
     6.10018     5.16277     7.82248     0.34952 (mid-point)
     6.20018     5.23226     7.92275     0.35068   (sampled)
     6.30018     5.30314     8.02275     0.35181 (mid-point)
     6.40018     5.37470     8.12276     0.35291   (sampled)
     6.50018     5.44681     8.22276     0.35399 (mid-point)
     6.60018     5.51911     8.32276     0.35503   (sampled)
     6.70018     5.59206     8.42276     0.35605 (mid-point)
     6.80018     5.66563     8.52276     0.35704   (sampled)
     6.90018     5.73999     8.62330     0.35801 (mid-point)
     7.00018     5.81494     8.72385     0.35895   (sampled)
     7.10018     5.89233     8.82393     0.35986 (mid-point)
     7.20018     5.96644     8.92401     0.36076   (sampled)
     7.30018     6.04331     9.02401     0.36163 (mid-point)
     7.40018     6.12069     9.12401     0.36248   (sampled)
     7.50018     6.19914     9.22536     0.36331 (mid-point)
     7.60018     6.27753     9.32671     0.36412   (sampled)
     7.70018     6.35688     9.42671     0.36490 (mid-point)
     7.80018     6.43621     9.52671     0.36567   (sampled)
     7.90018     6.51635     9.62671     0.36642 (mid-point)
     8.00018     6.59646     9.72672     0.36715   (sampled)
     8.10018     6.67700     9.82672     0.36787 (mid-point)
     8.20018     6.75756     9.92672     0.36856   (sampled)
     8.30018     6.83853    10.02672     0.36924 (mid-point)
     8.40018     6.91989    10.12672     0.36991   (sampled)
     8.50018     7.00164    10.22672     0.37056 (mid-point)
     8.60018     7.08375    10.32672     0.37119   (sampled)
     8.70018     7.16623    10.42672     0.37181 (mid-point)
     8.80018     7.24905    10.52672     0.37242   (sampled)
     8.90018     7.33475    10.62854     0.37301 (mid-point)
     9.00018     7.41693    10.73036     0.37359   (sampled)
     9.10018     7.50158    10.83036     0.37415 (mid-point)
     9.20018     7.58653    10.93036     0.37471   (sampled)
     9.30018     7.67177    11.03036     0.37525 (mid-point)
     9.40018     7.75719    11.13036     0.37578   (sampled)
     9.50018     7.84256    11.23036     0.37629 (mid-point)
     9.60018     7.92802    11.33036     0.37680   (sampled)
     9.70018     8.01357    11.43036     0.37730 (mid-point)
     9.80018     8.09940    11.53036     0.37778   (sampled)
     9.90018     8.18549    11.63036     0.37826 (mid-point)
    10.00018     8.27183    11.73036     0.37872   (sampled)
    10.10018     8.35842    11.83036     0.37918 (mid-point)
    10.20018     8.44525    11.93036     0.37962   (sampled)
    10.30018     8.53357    12.03087     0.38006 (mid-point)
    10.40018     8.62207    12.13139     0.38049   (sampled)
    10.50018     8.70962    12.23139     0.38091 (mid-point)
    10.60018     8.79735    12.33139     0.38132   (sampled)
    10.70018     8.88543    12.43177     0.38172 (mid-point)
    10.80018     8.97359    12.53214     0.38212   (sampled)
    10.90018     9.06208    12.63214     0.38251 (mid-point)
    11.00018     9.15063    12.73214     0.38289   (sampled)
    11.10018     9.24025    12.83217     0.38326 (mid-point)
    11.20018     9.33004    12.93219     0.38363   (sampled)
    11.30018     9.41915    13.03219     0.38398 (mid-point)
    11.40018     9.50844    13.13219     0.38434   (sampled)
    11.50018     9.59782    13.23227     0.38468 (mid-point)
    11.60018     9.68662    13.33236     0.38502   (sampled)
    11.70018     9.77701    13.43273     0.38535 (mid-point)
    11.80018     9.86693    13.53309     0.38568   (sampled)
    11.90018     9.95657    13.63313     0.38600 (mid-point)
    12.00018    10.04639    13.73317     0.38632   (sampled)
    12.10018    10.13589    13.83317     0.38663 (mid-point)
    12.20018    10.22556    13.93317     0.38693   (sampled)
    12.30018    10.31779    14.03562     0.38723 (mid-point)
    12.40018    10.40883    14.13807     0.38752   (sampled)
    12.50018    10.50028    14.23847     0.38781 (mid-point)
    12.60018    10.59180    14.33888     0.38810   (sampled)
    12.70018    10.68201    14.43888     0.38838 (mid-point)
    12.80018    10.77237    14.53888     0.38865   (sampled)
    12.90018    10.86289    14.63888     0.38892 (mid-point)
    13.00018    10.95356    14.73888     0.38919   (sampled)
    13.10018    11.04438    14.83888     0.38945 (mid-point)
    13.20018    11.13534    14.93888     0.38970   (sampled)
    13.30018    11.22645    15.03888     0.38996 (mid-point)
    13.40018    11.31769    15.13888     0.39020   (sampled)
    13.50018    11.40906    15.23888     0.39045 (mid-point)
    13.60018    11.50057    15.33888     0.39069   (sampled)
    13.70018    11.59221    15.43888     0.39093 (mid-point)
    13.80018    11.68397    15.53888     0.39116   (sampled)
    13.90018    11.77859    15.63912     0.39139 (mid-point)
    14.00018    11.86869    15.73937     0.39161   (sampled)
    14.10018    11.96100    15.83937     0.39184 (mid-point)
    14.20018    12.05313    15.93937     0.39206   (sampled)
    14.30018    12.14642    16.03940     0.39227 (mid-point)
    14.40018    12.23981    16.13944     0.39248   (sampled)
    14.50018    12.33248    16.23944     0.39269 (mid-point)
    14.60018    12.42514    16.33945     0.39290   (sampled)
    14.70018    12.51791    16.43945     0.39310 (mid-point)
    14.80018    12.61069    16.53945     0.39330   (sampled)
    14.90018    12.70356    16.63945     0.39350 (mid-point)
    15.00018    12.79653    16.73945     0.39369   (sampled)
    15.10018    12.89001    16.84011     0.39389 (mid-point)
    15.20018    12.98359    16.94076     0.39408   (sampled)
    15.30018    13.07684    17.04076     0.39426 (mid-point)
    15.40018    13.17018    17.14076     0.39444   (sampled)
    15.50018    13.26361    17.24076     0.39463 (mid-point)
    15.60018    13.35713    17.34076     0.39480   (sampled)
    15.70018    13.44519    17.83406     0.39498 (mid-point)
    15.80018    13.54784    18.32735     0.39515   (sampled)
    15.90018    13.64221    18.42742     0.39532 (mid-point)
    16.00018    13.73632    18.52749     0.39549   (sampled)
    16.10018    13.83052    18.62749     0.39566 (mid-point)
    16.20018    13.92460    18.72749     0.39582   (sampled)
    16.30018    14.01876    18.82749     0.39599 (mid-point)
    16.40018    14.11300    18.92749     0.39615   (sampled)
    16.50018    14.20740    19.02756     0.39630 (mid-point)
    16.60018    14.30188    19.12762     0.39646   (sampled)
    16.70018    14.39633    19.22762     0.39661 (mid-point)
    16.80018    14.49085    19.32762     0.39676   (sampled)
    16.90018    14.58546    19.42817     0.39691 (mid-point)
    17.00018    14.68014    19.52873     0.39706   (sampled)
    17.10018    14.77486    19.62873     0.39721 (mid-point)
    17.20018    14.86965    19.72873     0.39735   (sampled)
    17.30018    14.96450    19.82873     0.39749 (mid-point)
    17.40018    15.05941    19.92873     0.39763   (sampled)
    17.50018    15.15438    20.02873     0.39777 (mid-point)
    17.60018    15.24941    20.12873     0.39791   (sampled)
    17.70018    15.34534    20.22880     0.39804 (mid-point)
    17.80018    15.44116    20.32886     0.39818   (sampled)
    17.90018    15.53652    20.42886     0.39831 (mid-point)
    18.00018    15.63178    20.52886     0.39844   (sampled)
    18.10018    15.72725    20.62940     0.39857 (mid-point)
    18.20018    15.82246    20.72994     0.39870   (sampled)
    18.30018    15.91806    20.82994     0.39882 (mid-point)
    18.40018    16.01366    20.92994     0.39895   (sampled)
    18.50018    16.10918    21.02994     0.39907 (mid-point)
    18.60018    16.20475    21.12994     0.39919   (sampled)
    18.70018    16.30037    21.22994     0.39931 (mid-point)
    18.80018    16.39604    21.32994     0.39943   (sampled)
    18.90018    16.49241    21.42997     0.39954 (mid-point)
    19.00018    16.58877    21.52999     0.39966   (sampled)
    19.10018    16.68463    21.62999     0.39977 (mid-point)
    19.20018    16.78048    21.72999     0.39989   (sampled)
    19.30018    16.87673    21.83009     0.40000 (mid-point)
    19.40018    16.97276    21.93019     0.40011   (sampled)
    19.50018    17.06890    22.03019     0.40022 (mid-point)
    19.60018    17.16504    22.13019     0.40033   (sampled)
    19.70018    17.26111    22.23019     0.40043 (mid-point)
    19.80018    17.35722    22.33019     0.40054   (sampled)
    19.90018    17.45337    22.43019     0.40064 (mid-point)
    20.00018    17.54957    22.53019     0.40075   (sampled)
    20.10018    17.64580    22.63019     0.40085 (mid-point)
    20.20018    17.74207    22.73019     0.40095   (sampled)
    20.30018    17.83882    22.83029     0.40105 (mid-point)
    20.40018    17.93561    22.93039     0.40115   (sampled)
    20.50018    18.03199    23.03039     0.40125 (mid-point)
    20.60018    18.12841    23.13039     0.40134   (sampled)
    20.70018    18.22507    23.23049     0.40144 (mid-point)
    20.80018    18.32141    23.33059     0.40154   (sampled)
    20.90018    18.41809    23.43059     0.40163 (mid-point)
    21.00018    18.51480    23.53059     0.40172   (sampled)
    21.10018    18.55638    25.27236     0.40181 (mid-point)
    21.20018    18.75080    27.01413     0.40191   (sampled)
    21.30018    19.05132    28.68344     0.40199 (mid-point)
    21.40018    19.48391    30.35276     0.40208   (sampled)
    21.50018    19.58139    30.45411     0.40216 (mid-point)
    21.60018    19.67864    30.55546     0.40224   (sampled)
    21.70018    19.77622    30.65619     0.40232 (mid-point)
    21.80018    19.87383    30.75691     0.40240   (sampled)
    21.90018    19.97156    30.85755     0.40248 (mid-point)
    22.00018    20.06931    30.95820     0.40256   (sampled)
    22.10018    20.16694    31.05900     0.40264 (mid-point)
    22.20018    20.26460    31.15980     0.40272   (sampled)
    22.30018    20.35928    31.26706     0.40280 (mid-point)
    22.40018    20.45408    31.37433     0.40287   (sampled)
    22.50018    20.55467    31.47519     0.40295 (mid-point)
    22.60018    20.65527    31.57605     0.40302   (sampled)
    22.70018    20.75254    31.67756     0.40310 (mid-point)
    22.80018    20.84986    31.77908     0.40317   (sampled)
    22.90018    20.94634    31.88538     0.40324 (mid-point)
    23.00018    21.04291    31.99168     0.40331   (sampled)
    23.10018    21.14291    32.09316     0.40338 (mid-point)
    23.20018    21.24219    32.19463     0.40345   (sampled)
    23.30018    21.34043    32.29574     0.40352 (mid-point)
    23.40018    21.43842    32.39685     0.40359   (sampled)
    23.50018    21.53609    32.49794     0.40366 (mid-point)
    23.60018    21.63352    32.59904     0.40373   (sampled)
    23.70018    21.70878    34.15493     0.40380 (mid-point)
    23.80018    21.88980    35.71082     0.40386   (sampled)

 Minimum radius found:      3.112 angstroms.



 For spherical probe approach, The geometric factor
         F= sum(ds/area) along channel is    0.404 angstroms**-1
 This yields a macroscopic predicted molar conductance of:
   (1/rho)*(100/F)= (250/rho) pS,
   where rho is the conductivity of 1M permeant ion in ohm m.
 N.B. this is a macroscopic conductance - an overestimate 
 Empirically corrected conductances currently only available
 With the CAPSULE option (although its not that stable!)
 For 1M KCl rho= 1/12 (ohm m), So Gmacro= 3000 pS/M.
  (TAG      1   Rmin=     3.11238   Gmacro=  2971.29394 Conn_Gmacro=    -1.00000 ).
 HOLE: normal completion
