 *** Program HOLE ***
 
 If results of this run are reported or published, please
 cite the publication listed below.
 For the HOLE program:
   Smart, O.S., Goodfellow, J.M., Wallace, B.A. (1993). 
   The pore dimensions of gramicidin A. 
   Biophys. J., 65, 2455-2460.
 
 Originally written by Oliver Smart at Birkbeck College from April 1992.
 Copyright 1993-2005 Oliver Smart
 Copyright 2014-2015 SmartSci Limited.
 Copyright 2016 Oliver Smart.
 
 For help on HOLE suite see  http://www.holeprogram.org/
 
 HOLE release 2.2.005 (07 August 2016) 
 
 usage subject to Apache License, Version 2.0 
 see http://www.apache.org/licenses/LICENSE-2.0 

 Control variables read:

! Input file for Oliver Smart's HOLE program
! written by MDAnalysis.analysis.hole2.HoleAnalysis
! for a Universe
! u = mda.Universe(host_asb19.mol2
!    host_asb19.mol2
!   )
! Frame 0

COORD  /tmp/tmpsr2dlks7.pdb
RADIUS simple2.rad
SPHPDB hole000.sph
SAMPLE 0.200000
ENDRAD 22.000000
IGNORE SOL WAT TIP HOH K   NA  CL
SHORTO 0
RASEED 31415
CPOINT 0.0005892872 -0.0001249853 -0.0013839295


 WARNING have not found a CVECT record - will try to guess
 Input pdb filename read as:    '/tmp/tmpsr2dlks7.pdb'
 Input vdW radius file read as: 'simple2.rad'
 point in channel:    0.001  -0.000  -0.001
 channel vector:   ************************
 sampling distance between planes:    0.200

 graphics conditions:
 binary plot output file name: NONE
 Dot density:    10
 Draw dots?           T
 Draw close contacts? F
 Draw centre line?    T
 Produce spikes rather than dots? F
 Seed for random number generator:     31415 (0 means value set by program)
 Radius above which a result is regarded as an 'end':  22.000
 Pdb format file for sphere centres: hole000.sph

 Monte Carlo conditions:
  no of steps:  1000
  maximum displacement   0.100 angs
  'kT' initial   0.100 angs
 The spherebox and capsule options are turned off.
 (No molqpt card so will not write qpt file of the molecule)
 IGNORE card read so will ignore residue types: SOL WAT TIP HOH K   NA  CL
 no SHORTO card read so will produce full textual output
 As no PEGRAT card was found will not produce PEG polymer exclusion graph
 (No 2DMAPS card specified so will not produce 2D property maps)
 Have not found a CUT card.  Normal calculation using
   Cutoff lists with a cutsize=       1.000
   (if you wish to turn off option use a CUT -1 card)

 Have read     7 bond radius records and
              16 vdW radius records.
 From file: simple2.rad

 Have read   112 atom records.
 From file: /tmp/tmpsr2dlks7.pdb
 Will not produce graphical output

 Have opened file for pdb format output of sphere centres:  hole000.sph

  Seed integer used by ran # generator on this run      31415

 
 S/R cguess will try to guess CPOINT and/or CVECT
 
 THESE GUESSES MAY WELL BE WRONG!!!!
 Routine relies on having a reasonably symmetric
 channel oriented along x, y or z vector
 YOU ARE STRONGLY ADVISED TO CHECK THE RESULTS
                       WITH MOLECULAR GRAPHICS
 testing points from cpoint in X, Y then Z direction
   point                   pore radius
direction     1
  -4.999  -0.000  -0.001    -1.754
  -3.999  -0.000  -0.001    -0.937
  -2.999  -0.000  -0.001     0.063
  -1.999  -0.000  -0.001     1.063
  -0.999  -0.000  -0.001     2.063
   0.001  -0.000  -0.001     3.022
   1.001  -0.000  -0.001     2.065
   2.001  -0.000  -0.001     1.065
   3.001  -0.000  -0.001     0.065
   4.001  -0.000  -0.001    -0.934
   5.001  -0.000  -0.001    -1.745
 Average pore radius along the line=      0.367
direction     2
   0.001  -5.000  -0.001    -1.329
   0.001  -4.000  -0.001    -0.867
   0.001  -3.000  -0.001     0.063
   0.001  -2.000  -0.001     1.040
   0.001  -1.000  -0.001     2.029
   0.001  -0.000  -0.001     3.022
   0.001   1.000  -0.001     2.030
   0.001   2.000  -0.001     1.041
   0.001   3.000  -0.001     0.064
   0.001   4.000  -0.001    -0.866
   0.001   5.000  -0.001    -1.326
 Average pore radius along the line=      0.446
direction     3
   0.001  -0.000  -5.001     4.369
   0.001  -0.000  -4.001     3.819
   0.001  -0.000  -3.001     3.403
   0.001  -0.000  -2.001     3.155
   0.001  -0.000  -1.001     3.101
   0.001  -0.000  -0.001     3.022
   0.001  -0.000   0.999     3.057
   0.001  -0.000   1.999     3.116
   0.001  -0.000   2.999     3.370
   0.001  -0.000   3.999     3.792
   0.001  -0.000   4.999     4.348
 Average pore radius along the line=      3.505
 Best direction is found to be     3
(1=X,2=Y,3=Z)
 s/r cguess has produced initial values for cpoint &/or cvect:
CPOINT       0.0006     -0.0001     -0.0014
CVECT        0.0000      0.0000      1.0000
 THESE GUESSES MAY WELL BE WRONG!!!!
 Routine relies on having a reasonably symmetric
 channel oriented along x, y or z vector
 YOU ARE STRONGLY ADVISED TO CHECK THE RESULTS
                       WITH MOLECULAR GRAPHICS
 
 
  Some routines (e.g. conn) need vectors normal to cvect: 
     EAST Zero degrees angle is along vector    1.000   0.000   0.000
     NORTH  90 degrees angle is along vector    0.000  -1.000   0.000
 highest radius point found:
  at point    0.042   0.005  -0.001
  closest atom surface    3.023   C40 ASB X    0
  2nd closest surface     3.023   C31 ASB X    0
  found on step  697
 current point:
  at point   -0.032  -0.003  -0.001
  closest atom surface    3.023   C40 ASB X    0
  2nd closest surface     3.023   C17 ASB X    0
  found on step  885
  no. of rejections          441
 stored as     0

 highest radius point found:
  at point   -0.002   0.000   0.199
  closest atom surface    3.027   C17 ASB X    0
  2nd closest surface     3.027   C40 ASB X    0
  found on step  890
  this is also current point
  no. of rejections          383
 stored as     1

 highest radius point found:
  at point   -0.033  -0.003   0.399
  closest atom surface    3.040   C40 ASB X    0
  2nd closest surface     3.040   C17 ASB X    0
  found on step  933
  this is also current point
  no. of rejections          414
 stored as     2

 highest radius point found:
  at point   -0.033  -0.003   0.599
  closest atom surface    3.061   C17 ASB X    0
  2nd closest surface     3.061   C40 ASB X    0
  found on step    1
 current point:
  at point   -0.025  -0.002   0.599
  closest atom surface    3.061   C17 ASB X    0
  2nd closest surface     3.061   C40 ASB X    0
  found on step  999
  no. of rejections          411
 stored as     3

 highest radius point found:
  at point   -0.042   0.003   0.799
  closest atom surface    3.083   C40 ASB X    0
  2nd closest surface     3.083   C18 ASB X    0
  found on step  964
  this is also current point
  no. of rejections          410
 stored as     4

 highest radius point found:
  at point    0.017   0.034   0.999
  closest atom surface    3.086   C18 ASB X    0
  2nd closest surface     3.086   C41 ASB X    0
  found on step  660
 current point:
  at point   -0.015   0.026   0.999
  closest atom surface    3.086   C41 ASB X    0
  2nd closest surface     3.087   C18 ASB X    0
  found on step  994
  no. of rejections          400
 stored as     5

 highest radius point found:
  at point   -0.127  -0.001   1.199
  closest atom surface    3.083   C41 ASB X    0
  2nd closest surface     3.084   C18 ASB X    0
  found on step   71
 current point:
  at point    0.038   0.040   1.199
  closest atom surface    3.082   C41 ASB X    0
  2nd closest surface     3.083   C18 ASB X    0
  found on step  935
  no. of rejections          382
 stored as     6

 highest radius point found:
  at point    0.160   0.071   1.399
  closest atom surface    3.090   C18 ASB X    0
  2nd closest surface     3.090   C41 ASB X    0
  found on step  632
 current point:
  at point    0.148   0.068   1.399
  closest atom surface    3.089   C41 ASB X    0
  2nd closest surface     3.090   C18 ASB X    0
  found on step  974
  no. of rejections          399
 stored as     7

 highest radius point found:
  at point    0.205   0.082   1.599
  closest atom surface    3.104   C18 ASB X    0
  2nd closest surface     3.105   C41 ASB X    0
  found on step    5
 current point:
  at point    0.063   0.048   1.599
  closest atom surface    3.099   C41 ASB X    0
  2nd closest surface     3.100   C18 ASB X    0
  found on step  971
  no. of rejections          389
 stored as     8

 highest radius point found:
  at point    0.251   0.095   1.799
  closest atom surface    3.127   C18 ASB X    0
  2nd closest surface     3.127   C41 ASB X    0
  found on step  868
 current point:
  at point    0.251   0.094   1.799
  closest atom surface    3.126   C18 ASB X    0
  2nd closest surface     3.127   C41 ASB X    0
  found on step  941
  no. of rejections          396
 stored as     9

 highest radius point found:
  at point    0.296   0.106   1.999
  closest atom surface    3.158   C18 ASB X    0
  2nd closest surface     3.158   C41 ASB X    0
  found on step  223
 current point:
  at point    0.275   0.100   1.999
  closest atom surface    3.155   C18 ASB X    0
  2nd closest surface     3.158   C41 ASB X    0
  found on step  950
  no. of rejections          403
 stored as    10

 highest radius point found:
  at point   -0.367  -0.060   2.199
  closest atom surface    3.195   C18 ASB X    0
  2nd closest surface     3.198   C41 ASB X    0
  found on step  743
 current point:
  at point    0.110   0.060   2.199
  closest atom surface    3.185   C41 ASB X    0
  2nd closest surface     3.185   C18 ASB X    0
  found on step  935
  no. of rejections          391
 stored as    11

 highest radius point found:
  at point    0.391   0.129   2.399
  closest atom surface    3.243   C18 ASB X    0
  2nd closest surface     3.247   C41 ASB X    0
  found on step  800
 current point:
  at point    0.377   0.131   2.399
  closest atom surface    3.241   C41 ASB X    0
  2nd closest surface     3.246   C18 ASB X    0
  found on step  938
  no. of rejections          407
 stored as    12

 highest radius point found:
  at point   -0.472  -0.080   2.599
  closest atom surface    3.296   C41 ASB X    0
  2nd closest surface     3.300   C   ASB X    0
  found on step  231
 current point:
  at point    0.374   0.128   2.599
  closest atom surface    3.294   C41 ASB X    0
  2nd closest surface     3.295   C18 ASB X    0
  found on step  892
  no. of rejections          377
 stored as    13

 highest radius point found:
  at point   -0.484  -0.087   2.799
  closest atom surface    3.359   C18 ASB X    0
  2nd closest surface     3.360   C41 ASB X    0
  found on step  977
  this is also current point
  no. of rejections          411
 stored as    14

 highest radius point found:
  at point   -0.506  -0.093   2.999
  closest atom surface    3.425   C13 ASB X    0
  2nd closest surface     3.425   C18 ASB X    0
  found on step  711
 current point:
  at point   -0.519  -0.091   2.999
  closest atom surface    3.424   C13 ASB X    0
  2nd closest surface     3.424   C41 ASB X    0
  found on step  902
  no. of rejections          358
 stored as    15

 highest radius point found:
  at point   -0.506  -0.093   3.199
  closest atom surface    3.496   C18 ASB X    0
  2nd closest surface     3.497   C13 ASB X    0
  found on step    1
 current point:
  at point   -0.239  -0.028   3.199
  closest atom surface    3.476   C18 ASB X    0
  2nd closest surface     3.483   C41 ASB X    0
  found on step  952
  no. of rejections          363
 stored as    16

 highest radius point found:
  at point   -0.505  -0.089   3.399
  closest atom surface    3.575   C41 ASB X    0
  2nd closest surface     3.577   C18 ASB X    0
  found on step  961
  this is also current point
  no. of rejections          370
 stored as    17

 highest radius point found:
  at point   -0.505  -0.089   3.599
  closest atom surface    3.660   C41 ASB X    0
  2nd closest surface     3.661   C18 ASB X    0
  found on step    1
 current point:
  at point    0.263   0.102   3.599
  closest atom surface    3.644   C18 ASB X    0
  2nd closest surface     3.646   C41 ASB X    0
  found on step  934
  no. of rejections          383
 stored as    18

 highest radius point found:
  at point   -0.509  -0.090   3.799
  closest atom surface    3.751   C41 ASB X    0
  2nd closest surface     3.751   C18 ASB X    0
  found on step  899
  this is also current point
  no. of rejections          376
 stored as    19

 highest radius point found:
  at point   -0.509  -0.090   3.999
  closest atom surface    3.846   C18 ASB X    0
  2nd closest surface     3.847   C41 ASB X    0
  found on step    1
 current point:
  at point   -0.485  -0.084   3.999
  closest atom surface    3.845   C18 ASB X    0
  2nd closest surface     3.845   C41 ASB X    0
  found on step  995
  no. of rejections          373
 stored as    20

 highest radius point found:
  at point   -0.509  -0.090   4.199
  closest atom surface    3.947   C18 ASB X    0
  2nd closest surface     3.949   C41 ASB X    0
  found on step    1
 current point:
  at point   -0.351  -0.049   4.199
  closest atom surface    3.936   C41 ASB X    0
  2nd closest surface     3.936   C18 ASB X    0
  found on step  995
  no. of rejections          364
 stored as    21

 highest radius point found:
  at point   -0.509  -0.090   4.399
  closest atom surface    4.053   C18 ASB X    0
  2nd closest surface     4.055   C41 ASB X    0
  found on step    1
 current point:
  at point   -0.499  -0.088   4.399
  closest atom surface    4.052   C18 ASB X    0
  2nd closest surface     4.055   C41 ASB X    0
  found on step  923
  no. of rejections          363
 stored as    22

 highest radius point found:
  at point   -0.515  -0.091   4.599
  closest atom surface    4.164   C18 ASB X    0
  2nd closest surface     4.165   C13 ASB X    0
  found on step  997
  this is also current point
  no. of rejections          345
 stored as    23

 highest radius point found:
  at point   -0.519  -0.090   4.799
  closest atom surface    4.281   C13 ASB X    0
  2nd closest surface     4.281   C41 ASB X    0
  found on step  961
  this is also current point
  no. of rejections          364
 stored as    24

 highest radius point found:
  at point   -0.519  -0.090   4.999
  closest atom surface    4.401   C18 ASB X    0
  2nd closest surface     4.401   C13 ASB X    0
  found on step    1
 current point:
  at point   -0.496  -0.084   4.999
  closest atom surface    4.399   C18 ASB X    0
  2nd closest surface     4.400   C41 ASB X    0
  found on step  926
  no. of rejections          326
 stored as    25

 highest radius point found:
  at point   -0.519  -0.090   5.199
  closest atom surface    4.524   C18 ASB X    0
  2nd closest surface     4.525   C13 ASB X    0
  found on step    1
 current point:
  at point    0.347   0.126   5.199
  closest atom surface    4.513   C18 ASB X    0
  2nd closest surface     4.516   C41 ASB X    0
  found on step  976
  no. of rejections          360
 stored as    26

 highest radius point found:
  at point   -0.515  -0.086   5.399
  closest atom surface    4.651   C41 ASB X    0
  2nd closest surface     4.652   C18 ASB X    0
  found on step 1000
  this is also current point
  no. of rejections          364
 stored as    27

 highest radius point found:
  at point   -0.515  -0.086   5.599
  closest atom surface    4.783   C18 ASB X    0
  2nd closest surface     4.783   C41 ASB X    0
  found on step    1
 current point:
  at point   -0.517  -0.086   5.599
  closest atom surface    4.783   C41 ASB X    0
  2nd closest surface     4.784   C18 ASB X    0
  found on step  903
  no. of rejections          359
 stored as    28

 highest radius point found:
  at point   -0.526  -0.090   5.799
  closest atom surface    4.918   C18 ASB X    0
  2nd closest surface     4.918   C13 ASB X    0
  found on step  997
  this is also current point
  no. of rejections          339
 stored as    29

 highest radius point found:
  at point   -0.534  -0.089   5.999
  closest atom surface    5.055   C13 ASB X    0
  2nd closest surface     5.055   C41 ASB X    0
  found on step  871
 current point:
  at point   -0.514  -0.085   5.999
  closest atom surface    5.055   C41 ASB X    0
  2nd closest surface     5.055   C18 ASB X    0
  found on step  932
  no. of rejections          333
 stored as    30

 highest radius point found:
  at point   -0.534  -0.089   6.199
  closest atom surface    5.196   C13 ASB X    0
  2nd closest surface     5.196   C41 ASB X    0
  found on step    1
 current point:
  at point   -0.522  -0.087   6.199
  closest atom surface    5.196   C18 ASB X    0
  2nd closest surface     5.197   C41 ASB X    0
  found on step  983
  no. of rejections          327
 stored as    31

 highest radius point found:
  at point   -0.534  -0.089   6.399
  closest atom surface    5.340   C13 ASB X    0
  2nd closest surface     5.340   C41 ASB X    0
  found on step    1
 current point:
  at point   -0.532  -0.090   6.399
  closest atom surface    5.339   C13 ASB X    0
  2nd closest surface     5.340   C18 ASB X    0
  found on step  906
  no. of rejections          306
 stored as    32

 highest radius point found:
  at point   -0.534  -0.089   6.599
  closest atom surface    5.486   C13 ASB X    0
  2nd closest surface     5.487   C18 ASB X    0
  found on step    1
 current point:
  at point    0.393   0.142   6.599
  closest atom surface    5.479   C18 ASB X    0
  2nd closest surface     5.480   C41 ASB X    0
  found on step  949
  no. of rejections          330
 stored as    33

 highest radius point found:
  at point   -0.534  -0.089   6.799
  closest atom surface    5.635   C18 ASB X    0
  2nd closest surface     5.635   C13 ASB X    0
  found on step    1
 current point:
  at point   -0.509  -0.082   6.799
  closest atom surface    5.633   C18 ASB X    0
  2nd closest surface     5.634   C41 ASB X    0
  found on step  998
  no. of rejections          332
 stored as    34

 highest radius point found:
  at point   -0.531  -0.087   6.999
  closest atom surface    5.785   C18 ASB X    0
  2nd closest surface     5.786   C41 ASB X    0
  found on step  652
 current point:
  at point    0.387   0.144   6.999
  closest atom surface    5.779   C41 ASB X    0
  2nd closest surface     5.779   C18 ASB X    0
  found on step  986
  no. of rejections          322
 stored as    35

 highest radius point found:
  at point   -0.531  -0.087   7.199
  closest atom surface    5.938   C18 ASB X    0
  2nd closest surface     5.940   C41 ASB X    0
  found on step    1
 current point:
  at point   -1.450  -0.043   7.199
  closest atom surface    5.885   C41 ASB X    0
  2nd closest surface     5.886   C13 ASB X    0
  found on step  976
  no. of rejections          327
 stored as    36

 highest radius point found:
  at point   -0.536  -0.085   7.399
  closest atom surface    6.094   C41 ASB X    0
  2nd closest surface     6.095   C18 ASB X    0
  found on step  818
 current point:
  at point   -0.546  -0.086   7.399
  closest atom surface    6.093   C41 ASB X    0
  2nd closest surface     6.095   C13 ASB X    0
  found on step  905
  no. of rejections          306
 stored as    37

 highest radius point found:
  at point   -0.536  -0.085   7.599
  closest atom surface    6.251   C41 ASB X    0
  2nd closest surface     6.252   C18 ASB X    0
  found on step    1
 current point:
  at point   -1.270  -0.052   7.599
  closest atom surface    6.203   C13 ASB X    0
  2nd closest surface     6.203   C41 ASB X    0
  found on step  986
  no. of rejections          325
 stored as    38

 highest radius point found:
  at point   -0.536  -0.085   7.799
  closest atom surface    6.411   C41 ASB X    0
  2nd closest surface     6.411   C18 ASB X    0
  found on step    1
 current point:
  at point   -1.472  -0.042   7.799
  closest atom surface    6.361   C13 ASB X    0
  2nd closest surface     6.361   C42 ASB X    0
  found on step  979
  no. of rejections          301
 stored as    39

 highest radius point found:
  at point   -0.536  -0.085   7.999
  closest atom surface    6.571   C18 ASB X    0
  2nd closest surface     6.572   C41 ASB X    0
  found on step    1
 current point:
  at point    0.390   0.147   7.999
  closest atom surface    6.565   C36 ASB X    0
  2nd closest surface     6.565   C41 ASB X    0
  found on step  994
  no. of rejections          322
 stored as    40

 highest radius point found:
  at point   -0.547  -0.088   8.199
  closest atom surface    6.734   C13 ASB X    0
  2nd closest surface     6.734   C18 ASB X    0
  found on step  940
  this is also current point
  no. of rejections          279
 stored as    41

 highest radius point found:
  at point   -0.547  -0.088   8.399
  closest atom surface    6.898   C13 ASB X    0
  2nd closest surface     6.898   C18 ASB X    0
  found on step    1
 current point:
  at point    0.374   0.145   8.399
  closest atom surface    6.891   C41 ASB X    0
  2nd closest surface     6.891   C18 ASB X    0
  found on step  967
  no. of rejections          305
 stored as    42

 highest radius point found:
  at point   -0.547  -0.088   8.599
  closest atom surface    7.063   C18 ASB X    0
  2nd closest surface     7.063   C13 ASB X    0
  found on step    1
 current point:
  at point   -0.545  -0.088   8.599
  closest atom surface    7.063   C18 ASB X    0
  2nd closest surface     7.064   C13 ASB X    0
  found on step  998
  no. of rejections          289
 stored as    43

 highest radius point found:
  at point   -0.552  -0.088   8.799
  closest atom surface    7.230   C13 ASB X    0
  2nd closest surface     7.231   C18 ASB X    0
  found on step    2
 current point:
  at point    0.368   0.142   8.799
  closest atom surface    7.222   C18 ASB X    0
  2nd closest surface     7.224   C41 ASB X    0
  found on step  960
  no. of rejections          327
 stored as    44

 highest radius point found:
  at point   -0.550  -0.087   8.999
  closest atom surface    7.399   C18 ASB X    0
  2nd closest surface     7.399   C13 ASB X    0
  found on step  966
  this is also current point
  no. of rejections          292
 stored as    45

 highest radius point found:
  at point   -0.550  -0.087   9.199
  closest atom surface    7.568   C18 ASB X    0
  2nd closest surface     7.569   C13 ASB X    0
  found on step    1
 current point:
  at point   -0.560  -0.083   9.199
  closest atom surface    7.567   C41 ASB X    0
  2nd closest surface     7.569   C13 ASB X    0
  found on step  988
  no. of rejections          295
 stored as    46

 highest radius point found:
  at point   -0.554  -0.085   9.399
  closest atom surface    7.739   C41 ASB X    0
  2nd closest surface     7.739   C18 ASB X    0
  found on step  970
  this is also current point
  no. of rejections          285
 stored as    47

 highest radius point found:
  at point   -0.554  -0.085   9.599
  closest atom surface    7.910   H19 ASB X    0
  2nd closest surface     7.911   C18 ASB X    0
  found on step    1
 current point:
  at point   -0.566  -0.087   9.599
  closest atom surface    7.909   C13 ASB X    0
  2nd closest surface     7.910   H19 ASB X    0
  found on step  985
  no. of rejections          292
 stored as    48

 highest radius point found:
  at point   -0.540  -0.079   9.799
  closest atom surface    8.079   H19 ASB X    0
  2nd closest surface     8.082   C41 ASB X    0
  found on step   21
 current point:
  at point    0.373   0.148   9.799
  closest atom surface    8.076   C36 ASB X    0
  2nd closest surface     8.077   C41 ASB X    0
  found on step  941
  no. of rejections          301
 stored as    49

 highest radius point found:
  at point   -0.596  -0.083   9.999
  closest atom surface    8.254   H19 ASB X    0
  2nd closest surface     8.254   C41 ASB X    0
  found on step  872
 current point:
  at point   -0.498  -0.063   9.999
  closest atom surface    8.251   H19 ASB X    0
  2nd closest surface     8.251   C41 ASB X    0
  found on step  900
  no. of rejections          287
 stored as    50

 highest radius point found:
  at point   -0.596  -0.083  10.199
  closest atom surface    8.424   H19 ASB X    0
  2nd closest surface     8.429   C41 ASB X    0
  found on step    1
 current point:
  at point   -1.466  -0.041  10.199
  closest atom surface    8.394   C13 ASB X    0
  2nd closest surface     8.394   C41 ASB X    0
  found on step  972
  no. of rejections          288
 stored as    51

 highest radius point found:
  at point   -0.631  -0.079  10.399
  closest atom surface    8.602   C41 ASB X    0
  2nd closest surface     8.602   H19 ASB X    0
  found on step  594
 current point:
  at point   -0.460  -0.047  10.399
  closest atom surface    8.597   C41 ASB X    0
  2nd closest surface     8.597   H19 ASB X    0
  found on step  896
  no. of rejections          274
 stored as    52

 highest radius point found:
  at point   -0.636  -0.077  10.599
  closest atom surface    8.777   H19 ASB X    0
  2nd closest surface     8.777   C41 ASB X    0
  found on step  992
  this is also current point
  no. of rejections          270
 stored as    53

 highest radius point found:
  at point   -0.650  -0.075  10.799
  closest atom surface    8.953   H19 ASB X    0
  2nd closest surface     8.953   C41 ASB X    0
  found on step  959
  this is also current point
  no. of rejections          293
 stored as    54

 highest radius point found:
  at point   -0.687  -0.078  10.999
  closest atom surface    9.131   H19 ASB X    0
  2nd closest surface     9.131   C41 ASB X    0
  found on step  992
  this is also current point
  no. of rejections          265
 stored as    55

 highest radius point found:
  at point   -0.687  -0.078  11.199
  closest atom surface    9.306   H19 ASB X    0
  2nd closest surface     9.310   C41 ASB X    0
  found on step    1
 current point:
  at point   -1.292  -0.049  11.199
  closest atom surface    9.285   C41 ASB X    0
  2nd closest surface     9.285   C13 ASB X    0
  found on step  985
  no. of rejections          267
 stored as    56

 highest radius point found:
  at point   -0.705  -0.072  11.399
  closest atom surface    9.487   C41 ASB X    0
  2nd closest surface     9.487   H19 ASB X    0
  found on step  295
 current point:
  at point   -0.049   0.052  11.399
  closest atom surface    9.481   H19 ASB X    0
  2nd closest surface     9.482   C41 ASB X    0
  found on step  996
  no. of rejections          286
 stored as    57

 highest radius point found:
  at point   -0.750  -0.075  11.599
  closest atom surface    9.667   C13 ASB X    0
  2nd closest surface     9.667   C41 ASB X    0
  found on step  969
  this is also current point
  no. of rejections          272
 stored as    58

 highest radius point found:
  at point   -0.750  -0.075  11.799
  closest atom surface    9.847   H19 ASB X    0
  2nd closest surface     9.848   C13 ASB X    0
  found on step    1
 current point:
  at point   -0.951  -0.065  11.799
  closest atom surface    9.838   C41 ASB X    0
  2nd closest surface     9.838   C13 ASB X    0
  found on step  980
  no. of rejections          267
 stored as    59

 highest radius point found:
  at point   -0.758  -0.069  11.999
  closest atom surface   10.027   C41 ASB X    0
  2nd closest surface    10.028   H19 ASB X    0
  found on step  331
 current point:
  at point   -0.721  -0.060  11.999
  closest atom surface   10.025   C41 ASB X    0
  2nd closest surface    10.028   H19 ASB X    0
  found on step  958
  no. of rejections          259
 stored as    60

 highest radius point found:
  at point   -0.758  -0.069  12.199
  closest atom surface   10.208   H19 ASB X    0
  2nd closest surface    10.210   C41 ASB X    0
  found on step    1
 current point:
  at point   -1.453  -0.040  12.199
  closest atom surface   10.192   C41 ASB X    0
  2nd closest surface    10.192   C13 ASB X    0
  found on step  903
  no. of rejections          260
 stored as    61

 highest radius point found:
  at point   -0.804  -0.073  12.399
  closest atom surface   10.392   C13 ASB X    0
  2nd closest surface    10.392   H19 ASB X    0
  found on step  518
 current point:
  at point   -0.818  -0.071  12.399
  closest atom surface   10.391   C41 ASB X    0
  2nd closest surface    10.392   C13 ASB X    0
  found on step  979
  no. of rejections          277
 stored as    62

 highest radius point found:
  at point   -0.833  -0.068  12.599
  closest atom surface   10.573   C41 ASB X    0
  2nd closest surface    10.575   C13 ASB X    0
  found on step    6
 current point:
  at point    0.461   0.135  12.599
  closest atom surface   10.568   H43 ASB X    0
  2nd closest surface    10.569   C18 ASB X    0
  found on step  956
  no. of rejections          274
 stored as    63

 highest radius point found:
  at point   -0.833  -0.071  12.799
  closest atom surface   10.758   H19 ASB X    0
  2nd closest surface    10.758   C13 ASB X    0
  found on step  985
  this is also current point
  no. of rejections          254
 stored as    64

 highest radius point found:
  at point   -0.848  -0.070  12.999
  closest atom surface   10.942   H19 ASB X    0
  2nd closest surface    10.942   C13 ASB X    0
  found on step  942
  this is also current point
  no. of rejections          260
 stored as    65

 highest radius point found:
  at point   -0.848  -0.070  13.199
  closest atom surface   11.124   H19 ASB X    0
  2nd closest surface    11.127   C13 ASB X    0
  found on step    1
 current point:
  at point    0.516   0.142  13.199
  closest atom surface   11.117   H43 ASB X    0
  2nd closest surface    11.117   H19 ASB X    0
  found on step  975
  no. of rejections          251
 stored as    66

 highest radius point found:
  at point   -0.885  -0.068  13.399
  closest atom surface   11.310   C13 ASB X    0
  2nd closest surface    11.311   C41 ASB X    0
  found on step  993
  this is also current point
  no. of rejections          247
 stored as    67

 highest radius point found:
  at point   -0.885  -0.068  13.599
  closest atom surface   11.495   H19 ASB X    0
  2nd closest surface    11.496   C13 ASB X    0
  found on step    1
 current point:
  at point   -0.622  -0.013  13.599
  closest atom surface   11.486   H43 ASB X    0
  2nd closest surface    11.486   C41 ASB X    0
  found on step  992
  no. of rejections          248
 stored as    68

 highest radius point found:
  at point   -0.922  -0.068  13.799
  closest atom surface   11.680   C13 ASB X    0
  2nd closest surface    11.682   C41 ASB X    0
  found on step  324
 current point:
  at point   -1.044  -0.057  13.799
  closest atom surface   11.676   C41 ASB X    0
  2nd closest surface    11.678   C13 ASB X    0
  found on step  984
  no. of rejections          244
 stored as    69

 highest radius point found:
  at point   -0.925  -0.066  13.999
  closest atom surface   11.868   C13 ASB X    0
  2nd closest surface    11.868   C41 ASB X    0
  found on step  807
 current point:
  at point   -0.844  -0.051  13.999
  closest atom surface   11.864   H19 ASB X    0
  2nd closest surface    11.865   C41 ASB X    0
  found on step  996
  no. of rejections          268
 stored as    70

 highest radius point found:
  at point   -0.938  -0.066  14.199
  closest atom surface   12.054   C13 ASB X    0
  2nd closest surface    12.055   H19 ASB X    0
  found on step  960
  this is also current point
  no. of rejections          243
 stored as    71

 highest radius point found:
  at point   -0.939  -0.061  14.399
  closest atom surface   12.241   C41 ASB X    0
  2nd closest surface    12.241   H19 ASB X    0
  found on step  989
  this is also current point
  no. of rejections          235
 stored as    72

 highest radius point found:
  at point   -0.939  -0.061  14.599
  closest atom surface   12.427   H19 ASB X    0
  2nd closest surface    12.428   C41 ASB X    0
  found on step    1
 current point:
  at point   -1.530  -0.033  14.599
  closest atom surface   12.420   C41 ASB X    0
  2nd closest surface    12.422   C13 ASB X    0
  found on step  988
  no. of rejections          259
 stored as    73

 highest radius point found:
  at point   -0.977  -0.063  14.799
  closest atom surface   12.616   C13 ASB X    0
  2nd closest surface    12.616   H19 ASB X    0
  found on step   19
 current point:
  at point   -1.080  -0.057  14.799
  closest atom surface   12.613   C41 ASB X    0
  2nd closest surface    12.613   C13 ASB X    0
  found on step  981
  no. of rejections          250
 stored as    74

 highest radius point found:
  at point   -0.977  -0.063  14.999
  closest atom surface   12.802   H19 ASB X    0
  2nd closest surface    12.803   H16 ASB X    0
  found on step    1
 current point:
  at point   -1.593  -0.032  14.999
  closest atom surface   12.798   C42 ASB X    0
  2nd closest surface    12.798   C41 ASB X    0
  found on step  956
  no. of rejections          238
 stored as    75

 highest radius point found:
  at point   -1.076  -0.056  15.199
  closest atom surface   12.990   C41 ASB X    0
  2nd closest surface    12.990   H43 ASB X    0
  found on step   15
 current point:
  at point   -2.509  -0.065  15.199
  closest atom surface   12.933   H15 ASB X    0
  2nd closest surface    12.938   C12 ASB X    0
  found on step  998
  no. of rejections          251
 stored as    76

 highest radius point found:
  at point   -1.109  -0.056  15.399
  closest atom surface   13.179   H43 ASB X    0
  2nd closest surface    13.179   H16 ASB X    0
  found on step  871
 current point:
  at point   -1.160  -0.054  15.399
  closest atom surface   13.178   C13 ASB X    0
  2nd closest surface    13.178   C41 ASB X    0
  found on step  997
  no. of rejections          247
 stored as    77

 highest radius point found:
  at point   -1.164  -0.054  15.599
  closest atom surface   13.367   C13 ASB X    0
  2nd closest surface    13.367   H16 ASB X    0
  found on step    5
 current point:
  at point   -1.357  -0.044  15.599
  closest atom surface   13.365   C13 ASB X    0
  2nd closest surface    13.365   C41 ASB X    0
  found on step  893
  no. of rejections          252
 stored as    78

 highest radius point found:
  at point   -1.273  -0.047  15.799
  closest atom surface   13.555   C41 ASB X    0
  2nd closest surface    13.555   C13 ASB X    0
  found on step  824
 current point:
  at point   -1.395  -0.042  15.799
  closest atom surface   13.554   C13 ASB X    0
  2nd closest surface    13.554   C41 ASB X    0
  found on step  961
  no. of rejections          246
 stored as    79

 highest radius point found:
  at point   -1.606  -0.031  15.999
  closest atom surface   13.745   C41 ASB X    0
  2nd closest surface    13.745   C13 ASB X    0
  found on step  985
  this is also current point
  no. of rejections          250
 stored as    80

 highest radius point found:
  at point   -1.606  -0.031  16.199
  closest atom surface   13.935   C13 ASB X    0
  2nd closest surface    13.935   C41 ASB X    0
  found on step    1
 current point:
  at point   -1.378  -0.042  16.199
  closest atom surface   13.934   C41 ASB X    0
  2nd closest surface    13.934   C13 ASB X    0
  found on step  941
  no. of rejections          233
 stored as    81

 highest radius point found:
  at point   -1.606  -0.031  16.399
  closest atom surface   14.125   C13 ASB X    0
  2nd closest surface    14.125   C41 ASB X    0
  found on step    1
 current point:
  at point   -1.566  -0.033  16.399
  closest atom surface   14.125   C41 ASB X    0
  2nd closest surface    14.125   C13 ASB X    0
  found on step  917
  no. of rejections          222
 stored as    82

 highest radius point found:
  at point   -1.606  -0.031  16.599
  closest atom surface   14.316   C13 ASB X    0
  2nd closest surface    14.316   C41 ASB X    0
  found on step    1
 current point:
  at point   -1.821  -0.062  16.599
  closest atom surface   14.307   C13 ASB X    0
  2nd closest surface    14.308   H44 ASB X    0
  found on step  998
  no. of rejections          226
 stored as    83

 highest radius point found:
  at point   -1.606  -0.031  16.799
  closest atom surface   14.506   C13 ASB X    0
  2nd closest surface    14.507   C41 ASB X    0
  found on step    1
 current point:
  at point   -1.089  -0.056  16.799
  closest atom surface   14.497   H43 ASB X    0
  2nd closest surface    14.497   H16 ASB X    0
  found on step  999
  no. of rejections          248
 stored as    84

 highest radius point found:
  at point   -1.606  -0.031  16.999
  closest atom surface   14.698   C13 ASB X    0
  2nd closest surface    14.698   H44 ASB X    0
  found on step    1
 current point:
  at point   -2.451  -0.053  16.999
  closest atom surface   14.644   H44 ASB X    0
  2nd closest surface    14.644   H15 ASB X    0
  found on step  970
  no. of rejections          217
 stored as    85

 highest radius point found:
  at point   -1.586  -0.032  17.199
  closest atom surface   14.889   C13 ASB X    0
  2nd closest surface    14.889   H43 ASB X    0
  found on step  981
  this is also current point
  no. of rejections          244
 stored as    86

 highest radius point found:
  at point   -1.602  -0.034  17.399
  closest atom surface   15.079   C13 ASB X    0
  2nd closest surface    15.079   H16 ASB X    0
  found on step  932
  this is also current point
  no. of rejections          253
 stored as    87

 highest radius point found:
  at point   -1.598  -0.032  17.599
  closest atom surface   15.270   H43 ASB X    0
  2nd closest surface    15.270   H44 ASB X    0
  found on step  989
  this is also current point
  no. of rejections          215
 stored as    88

 highest radius point found:
  at point   -1.605  -0.032  17.799
  closest atom surface   15.460   H44 ASB X    0
  2nd closest surface    15.460   H43 ASB X    0
  found on step  900
  this is also current point
  no. of rejections          207
 stored as    89

 highest radius point found:
  at point   -1.605  -0.032  17.999
  closest atom surface   15.651   H43 ASB X    0
  2nd closest surface    15.651   H44 ASB X    0
  found on step    1
 current point:
  at point   -1.633  -0.039  17.999
  closest atom surface   15.650   H16 ASB X    0
  2nd closest surface    15.651   H44 ASB X    0
  found on step  977
  no. of rejections          233
 stored as    90

 highest radius point found:
  at point   -1.605  -0.032  18.199
  closest atom surface   15.842   H43 ASB X    0
  2nd closest surface    15.842   H16 ASB X    0
  found on step    1
 current point:
  at point   -1.584  -0.034  18.199
  closest atom surface   15.841   H16 ASB X    0
  2nd closest surface    15.841   H43 ASB X    0
  found on step  935
  no. of rejections          220
 stored as    91

 highest radius point found:
  at point   -1.615  -0.032  18.399
  closest atom surface   16.033   H44 ASB X    0
  2nd closest surface    16.033   H43 ASB X    0
  found on step  987
  this is also current point
  no. of rejections          229
 stored as    92

 highest radius point found:
  at point   -1.615  -0.032  18.599
  closest atom surface   16.224   H43 ASB X    0
  2nd closest surface    16.225   H44 ASB X    0
  found on step    1
 current point:
  at point   -1.636  -0.036  18.599
  closest atom surface   16.224   H16 ASB X    0
  2nd closest surface    16.224   H44 ASB X    0
  found on step  976
  no. of rejections          250
 stored as    93

 highest radius point found:
  at point   -1.615  -0.032  18.799
  closest atom surface   16.416   H43 ASB X    0
  2nd closest surface    16.416   H16 ASB X    0
  found on step    1
 current point:
  at point   -0.288   0.041  18.799
  closest atom surface   16.376   H43 ASB X    0
  2nd closest surface    16.376   H19 ASB X    0
  found on step  991
  no. of rejections          229
 stored as    94

 highest radius point found:
  at point   -1.615  -0.032  18.999
  closest atom surface   16.607   H43 ASB X    0
  2nd closest surface    16.608   H16 ASB X    0
  found on step    1
 current point:
  at point   -1.599  -0.035  18.999
  closest atom surface   16.606   H16 ASB X    0
  2nd closest surface    16.607   H43 ASB X    0
  found on step  987
  no. of rejections          205
 stored as    95

 highest radius point found:
  at point   -1.615  -0.032  19.199
  closest atom surface   16.799   H43 ASB X    0
  2nd closest surface    16.799   H16 ASB X    0
  found on step    1
 current point:
  at point   -1.081  -0.057  19.199
  closest atom surface   16.787   H16 ASB X    0
  2nd closest surface    16.787   H43 ASB X    0
  found on step  961
  no. of rejections          231
 stored as    96

 highest radius point found:
  at point   -1.629  -0.032  19.399
  closest atom surface   16.992   H16 ASB X    0
  2nd closest surface    16.992   H43 ASB X    0
  found on step  987
  this is also current point
  no. of rejections          219
 stored as    97

 highest radius point found:
  at point   -1.629  -0.032  19.599
  closest atom surface   17.184   H16 ASB X    0
  2nd closest surface    17.184   H43 ASB X    0
  found on step    1
 current point:
  at point   -1.627  -0.032  19.599
  closest atom surface   17.184   H16 ASB X    0
  2nd closest surface    17.184   H43 ASB X    0
  found on step  981
  no. of rejections          229
 stored as    98

 highest radius point found:
  at point   -1.629  -0.032  19.799
  closest atom surface   17.376   H16 ASB X    0
  2nd closest surface    17.376   H43 ASB X    0
  found on step    1
 current point:
  at point   -1.621  -0.033  19.799
  closest atom surface   17.376   H16 ASB X    0
  2nd closest surface    17.376   H43 ASB X    0
  found on step  988
  no. of rejections          227
 stored as    99

 highest radius point found:
  at point   -1.629  -0.032  19.999
  closest atom surface   17.569   H16 ASB X    0
  2nd closest surface    17.569   H43 ASB X    0
  found on step    1
 current point:
  at point   -1.669  -0.037  19.999
  closest atom surface   17.568   H44 ASB X    0
  2nd closest surface    17.568   H16 ASB X    0
  found on step  988
  no. of rejections          219
 stored as   100

 highest radius point found:
  at point   -1.629  -0.032  20.199
  closest atom surface   17.761   H16 ASB X    0
  2nd closest surface    17.761   H43 ASB X    0
  found on step    1
 current point:
  at point   -1.611  -0.032  20.199
  closest atom surface   17.761   H16 ASB X    0
  2nd closest surface    17.761   H43 ASB X    0
  found on step  957
  no. of rejections          234
 stored as   101

 highest radius point found:
  at point   -1.629  -0.032  20.399
  closest atom surface   17.954   H16 ASB X    0
  2nd closest surface    17.954   H43 ASB X    0
  found on step    1
 current point:
  at point   -1.248  -0.049  20.399
  closest atom surface   17.944   H43 ASB X    0
  2nd closest surface    17.944   H16 ASB X    0
  found on step  993
  no. of rejections          208
 stored as   102

 highest radius point found:
  at point   -1.665  -0.034  20.599
  closest atom surface   18.147   H44 ASB X    0
  2nd closest surface    18.147   H16 ASB X    0
  found on step  997
  this is also current point
  no. of rejections          211
 stored as   103

 highest radius point found:
  at point   -1.665  -0.034  20.799
  closest atom surface   18.340   H16 ASB X    0
  2nd closest surface    18.341   H44 ASB X    0
  found on step    1
 current point:
  at point   -1.918  -0.070  20.799
  closest atom surface   18.332   H44 ASB X    0
  2nd closest surface    18.332   H15 ASB X    0
  found on step  983
  no. of rejections          201
 stored as   104

 highest radius point found:
  at point   -1.665  -0.034  20.999
  closest atom surface   18.534   H16 ASB X    0
  2nd closest surface    18.534   H44 ASB X    0
  found on step    1
 current point:
  at point   -1.059  -0.057  20.999
  closest atom surface   18.521   H43 ASB X    0
  2nd closest surface    18.522   H16 ASB X    0
  found on step  998
  no. of rejections          224
 stored as   105

 highest radius point found:
  at point   -5.000   0.089  21.199
  closest atom surface   18.732   H44 ASB X    0
  2nd closest surface    18.735   H15 ASB X    0
  found on step  999
  this is also current point
  no. of rejections          214
 stored as   106

 highest radius point found:
  at point   -8.916   0.467  21.399
  closest atom surface   19.555   C3  ASB X    0
  2nd closest surface    19.555   C6  ASB X    0
  found on step  955
  this is also current point
  no. of rejections          200
 stored as   107

 highest radius point found:
  at point   -8.916   0.467  21.599
  closest atom surface   19.754   C6  ASB X    0
  2nd closest surface    19.754   C3  ASB X    0
  found on step    1
 current point:
  at point   -8.924   0.482  21.599
  closest atom surface   19.754   C3  ASB X    0
  2nd closest surface    19.754   C5  ASB X    0
  found on step  997
  no. of rejections          182
 stored as   108

 highest radius point found:
  at point  -11.947   3.419  21.799
  closest atom surface   20.133   C4  ASB X    0
  2nd closest surface    20.142   C5  ASB X    0
  found on step 1000
  this is also current point
  no. of rejections          103
 stored as   109

 highest radius point found:
  at point  -14.592   7.925  21.999
  closest atom surface   21.402   C4  ASB X    0
  2nd closest surface    21.549   H5  ASB X    0
  found on step 1000
  this is also current point
  no. of rejections          129
 stored as   110

 highest radius point found:
  at point  -20.287  14.178  22.199
  closest atom surface   25.507   C4  ASB X    0
  2nd closest surface    25.703   H5  ASB X    0
  found on step  997
  this is also current point
  no. of rejections          179
 This is an end! (radius above  22.0 angs)
 highest radius point found:
  at point    0.003   0.000  -0.201
  closest atom surface    3.026   C17 ASB X    0
  2nd closest surface     3.027   C40 ASB X    0
  found on step  715
 current point:
  at point   -0.033  -0.003  -0.201
  closest atom surface    3.026   C40 ASB X    0
  2nd closest surface     3.027   C17 ASB X    0
  found on step  933
  no. of rejections          398
 stored as    -1

 highest radius point found:
  at point   -0.014  -0.002  -0.401
  closest atom surface    3.038   C17 ASB X    0
  2nd closest surface     3.038   C40 ASB X    0
  found on step  502
 current point:
  at point   -0.039  -0.004  -0.401
  closest atom surface    3.038   C40 ASB X    0
  2nd closest surface     3.039   C17 ASB X    0
  found on step  945
  no. of rejections          400
 stored as    -2

 highest radius point found:
  at point    0.017   0.001  -0.601
  closest atom surface    3.058   C17 ASB X    0
  2nd closest surface     3.059   C40 ASB X    0
  found on step  854
 current point:
  at point    0.014   0.000  -0.601
  closest atom surface    3.058   C17 ASB X    0
  2nd closest surface     3.059   C40 ASB X    0
  found on step  980
  no. of rejections          397
 stored as    -3

 highest radius point found:
  at point    0.050   0.004  -0.801
  closest atom surface    3.087   C17 ASB X    0
  2nd closest surface     3.087   C40 ASB X    0
  found on step  714
 current point:
  at point    0.024   0.002  -0.801
  closest atom surface    3.086   C40 ASB X    0
  2nd closest surface     3.087   C17 ASB X    0
  found on step  986
  no. of rejections          399
 stored as    -4

 highest radius point found:
  at point    0.060   0.000  -1.001
  closest atom surface    3.115   C47 ASB X    0
  2nd closest surface     3.117   C31 ASB X    0
  found on step  710
 current point:
  at point    0.064   0.001  -1.001
  closest atom surface    3.113   C31 ASB X    0
  2nd closest surface     3.115   C47 ASB X    0
  found on step  957
  no. of rejections          421
 stored as    -5

 highest radius point found:
  at point    0.029  -0.025  -1.201
  closest atom surface    3.126   C47 ASB X    0
  2nd closest surface     3.126   C49 ASB X    0
  found on step  843
 current point:
  at point    0.037  -0.023  -1.201
  closest atom surface    3.126   C47 ASB X    0
  2nd closest surface     3.126   C49 ASB X    0
  found on step  930
  no. of rejections          401
 stored as    -6

 highest radius point found:
  at point   -0.116  -0.061  -1.401
  closest atom surface    3.132   C49 ASB X    0
  2nd closest surface     3.132   C47 ASB X    0
  found on step  970
  this is also current point
  no. of rejections          418
 stored as    -7

 highest radius point found:
  at point   -0.156  -0.072  -1.601
  closest atom surface    3.144   C47 ASB X    0
  2nd closest surface     3.144   C49 ASB X    0
  found on step    2
 current point:
  at point    0.105  -0.007  -1.601
  closest atom surface    3.142   C47 ASB X    0
  2nd closest surface     3.142   C49 ASB X    0
  found on step  910
  no. of rejections          382
 stored as    -8

 highest radius point found:
  at point   -0.215  -0.086  -1.801
  closest atom surface    3.165   C47 ASB X    0
  2nd closest surface     3.167   C49 ASB X    0
  found on step  496
 current point:
  at point   -0.074  -0.052  -1.801
  closest atom surface    3.161   C49 ASB X    0
  2nd closest surface     3.162   C47 ASB X    0
  found on step  999
  no. of rejections          376
 stored as    -9

 highest radius point found:
  at point    0.302   0.042  -2.001
  closest atom surface    3.195   C47 ASB X    0
  2nd closest surface     3.197   C31 ASB X    0
  found on step  840
 current point:
  at point    0.283   0.036  -2.001
  closest atom surface    3.195   C47 ASB X    0
  2nd closest surface     3.196   C49 ASB X    0
  found on step  993
  no. of rejections          361
 stored as   -10

 highest radius point found:
  at point    0.315   0.043  -2.201
  closest atom surface    3.232   C49 ASB X    0
  2nd closest surface     3.232   C47 ASB X    0
  found on step  998
  this is also current point
  no. of rejections          411
 stored as   -11

 highest radius point found:
  at point    0.315   0.043  -2.401
  closest atom surface    3.274   C47 ASB X    0
  2nd closest surface     3.275   C49 ASB X    0
  found on step    1
 current point:
  at point    0.206   0.015  -2.401
  closest atom surface    3.269   C49 ASB X    0
  2nd closest surface     3.269   C47 ASB X    0
  found on step  967
  no. of rejections          391
 stored as   -12

 highest radius point found:
  at point    0.315   0.043  -2.601
  closest atom surface    3.324   C47 ASB X    0
  2nd closest surface     3.325   C49 ASB X    0
  found on step    1
 current point:
  at point   -0.203  -0.087  -2.601
  closest atom surface    3.320   C49 ASB X    0
  2nd closest surface     3.321   C47 ASB X    0
  found on step  971
  no. of rejections          384
 stored as   -13

 highest radius point found:
  at point    0.315   0.043  -2.801
  closest atom surface    3.380   C47 ASB X    0
  2nd closest surface     3.383   C49 ASB X    0
  found on step    1
 current point:
  at point   -0.075  -0.055  -2.801
  closest atom surface    3.373   C49 ASB X    0
  2nd closest surface     3.374   C47 ASB X    0
  found on step  943
  no. of rejections          400
 stored as   -14

 highest radius point found:
  at point    0.315   0.043  -3.001
  closest atom surface    3.444   C47 ASB X    0
  2nd closest surface     3.448   C49 ASB X    0
  found on step    1
 current point:
  at point   -0.100  -0.062  -3.001
  closest atom surface    3.438   C47 ASB X    0
  2nd closest surface     3.438   C49 ASB X    0
  found on step  990
  no. of rejections          369
 stored as   -15

 highest radius point found:
  at point    0.299   0.035  -3.201
  closest atom surface    3.515   C49 ASB X    0
  2nd closest surface     3.516   C47 ASB X    0
  found on step  441
 current point:
  at point   -0.221  -0.093  -3.201
  closest atom surface    3.513   C49 ASB X    0
  2nd closest surface     3.513   C47 ASB X    0
  found on step  877
  no. of rejections          383
 stored as   -16

 highest radius point found:
  at point    0.299   0.035  -3.401
  closest atom surface    3.592   C49 ASB X    0
  2nd closest surface     3.593   C47 ASB X    0
  found on step    1
 current point:
  at point   -0.215  -0.092  -3.401
  closest atom surface    3.590   C49 ASB X    0
  2nd closest surface     3.590   C47 ASB X    0
  found on step  979
  no. of rejections          386
 stored as   -17

 highest radius point found:
  at point    0.313   0.038  -3.601
  closest atom surface    3.677   C49 ASB X    0
  2nd closest surface     3.677   C47 ASB X    0
  found on step  310
 current point:
  at point    0.167   0.002  -3.601
  closest atom surface    3.670   C49 ASB X    0
  2nd closest surface     3.671   C47 ASB X    0
  found on step  938
  no. of rejections          363
 stored as   -18

 highest radius point found:
  at point    0.313   0.038  -3.801
  closest atom surface    3.765   C47 ASB X    0
  2nd closest surface     3.766   C49 ASB X    0
  found on step    1
 current point:
  at point   -0.111  -0.066  -3.801
  closest atom surface    3.759   C47 ASB X    0
  2nd closest surface     3.760   C49 ASB X    0
  found on step  980
  no. of rejections          386
 stored as   -19

 highest radius point found:
  at point    0.337   0.044  -4.001
  closest atom surface    3.861   C47 ASB X    0
  2nd closest surface     3.862   C38 ASB X    0
  found on step  554
 current point:
  at point   -0.232  -0.098  -4.001
  closest atom surface    3.858   C49 ASB X    0
  2nd closest surface     3.858   C47 ASB X    0
  found on step  899
  no. of rejections          362
 stored as   -20

 highest radius point found:
  at point    0.332   0.042  -4.201
  closest atom surface    3.962   C47 ASB X    0
  2nd closest surface     3.962   C49 ASB X    0
  found on step  714
 current point:
  at point    0.235   0.017  -4.201
  closest atom surface    3.957   C49 ASB X    0
  2nd closest surface     3.957   C47 ASB X    0
  found on step  986
  no. of rejections          386
 stored as   -21

 highest radius point found:
  at point    0.337   0.042  -4.401
  closest atom surface    4.067   C49 ASB X    0
  2nd closest surface     4.068   C47 ASB X    0
  found on step   47
 current point:
  at point    0.319   0.038  -4.401
  closest atom surface    4.066   C49 ASB X    0
  2nd closest surface     4.066   C47 ASB X    0
  found on step  896
  no. of rejections          371
 stored as   -22

 highest radius point found:
  at point    0.339   0.042  -4.601
  closest atom surface    4.177   C49 ASB X    0
  2nd closest surface     4.177   C47 ASB X    0
  found on step  894
  this is also current point
  no. of rejections          371
 stored as   -23

 highest radius point found:
  at point    0.339   0.042  -4.801
  closest atom surface    4.292   C47 ASB X    0
  2nd closest surface     4.292   C49 ASB X    0
  found on step    1
 current point:
  at point    0.244   0.018  -4.801
  closest atom surface    4.287   C49 ASB X    0
  2nd closest surface     4.288   C47 ASB X    0
  found on step  995
  no. of rejections          362
 stored as   -24

 highest radius point found:
  at point    0.339   0.042  -5.001
  closest atom surface    4.410   C47 ASB X    0
  2nd closest surface     4.412   C49 ASB X    0
  found on step    1
 current point:
  at point    0.100  -0.018  -5.001
  closest atom surface    4.402   C47 ASB X    0
  2nd closest surface     4.403   C49 ASB X    0
  found on step  989
  no. of rejections          355
 stored as   -25

 highest radius point found:
  at point    0.348   0.042  -5.201
  closest atom surface    4.534   C49 ASB X    0
  2nd closest surface     4.534   C47 ASB X    0
  found on step  899
  this is also current point
  no. of rejections          351
 stored as   -26

 highest radius point found:
  at point    0.348   0.042  -5.401
  closest atom surface    4.661   C47 ASB X    0
  2nd closest surface     4.661   C49 ASB X    0
  found on step    1
 current point:
  at point   -0.110  -0.072  -5.401
  closest atom surface    4.653   C49 ASB X    0
  2nd closest surface     4.653   C47 ASB X    0
  found on step  920
  no. of rejections          349
 stored as   -27

 highest radius point found:
  at point    0.348   0.042  -5.601
  closest atom surface    4.791   C47 ASB X    0
  2nd closest surface     4.792   C49 ASB X    0
  found on step    1
 current point:
  at point   -0.200  -0.095  -5.601
  closest atom surface    4.786   C49 ASB X    0
  2nd closest surface     4.786   C47 ASB X    0
  found on step  930
  no. of rejections          342
 stored as   -28

 highest radius point found:
  at point    0.358   0.043  -5.801
  closest atom surface    4.925   C49 ASB X    0
  2nd closest surface     4.926   C47 ASB X    0
  found on step  848
 current point:
  at point    0.350   0.042  -5.801
  closest atom surface    4.925   C47 ASB X    0
  2nd closest surface     4.925   C49 ASB X    0
  found on step 1000
  no. of rejections          348
 stored as   -29

 highest radius point found:
  at point    0.358   0.043  -6.001
  closest atom surface    5.062   C47 ASB X    0
  2nd closest surface     5.062   C49 ASB X    0
  found on step    1
 current point:
  at point    0.341   0.039  -6.001
  closest atom surface    5.061   C47 ASB X    0
  2nd closest surface     5.062   C49 ASB X    0
  found on step  955
  no. of rejections          308
 stored as   -30

 highest radius point found:
  at point    0.366   0.045  -6.201
  closest atom surface    5.202   C47 ASB X    0
  2nd closest surface     5.202   C38 ASB X    0
  found on step  979
  this is also current point
  no. of rejections          334
 stored as   -31

 highest radius point found:
  at point    0.366   0.045  -6.401
  closest atom surface    5.344   C47 ASB X    0
  2nd closest surface     5.345   C38 ASB X    0
  found on step    1
 current point:
  at point    0.120  -0.018  -6.401
  closest atom surface    5.337   C49 ASB X    0
  2nd closest surface     5.338   C47 ASB X    0
  found on step  939
  no. of rejections          341
 stored as   -32

 highest radius point found:
  at point    0.362   0.043  -6.601
  closest atom surface    5.490   C47 ASB X    0
  2nd closest surface     5.492   C49 ASB X    0
  found on step    2
 current point:
  at point    0.600   0.033  -6.601
  closest atom surface    5.461   C49 ASB X    0
  2nd closest surface     5.461   C38 ASB X    0
  found on step  970
  no. of rejections          336
 stored as   -33

 highest radius point found:
  at point    0.360   0.040  -6.801
  closest atom surface    5.638   C49 ASB X    0
  2nd closest surface     5.639   C47 ASB X    0
  found on step  438
 current point:
  at point    0.288   0.023  -6.801
  closest atom surface    5.635   C47 ASB X    0
  2nd closest surface     5.635   C49 ASB X    0
  found on step  986
  no. of rejections          337
 stored as   -34

 highest radius point found:
  at point    0.360   0.040  -7.001
  closest atom surface    5.789   C49 ASB X    0
  2nd closest surface     5.789   C47 ASB X    0
  found on step    1
 current point:
  at point    0.525   0.037  -7.001
  closest atom surface    5.770   C38 ASB X    0
  2nd closest surface     5.770   C49 ASB X    0
  found on step  970
  no. of rejections          333
 stored as   -35

 highest radius point found:
  at point    0.360   0.040  -7.201
  closest atom surface    5.941   C47 ASB X    0
  2nd closest surface     5.942   C49 ASB X    0
  found on step    1
 current point:
  at point    0.384   0.043  -7.201
  closest atom surface    5.941   C49 ASB X    0
  2nd closest surface     5.942   C38 ASB X    0
  found on step  945
  no. of rejections          309
 stored as   -36

 highest radius point found:
  at point    0.374   0.043  -7.401
  closest atom surface    6.096   C47 ASB X    0
  2nd closest surface     6.097   C49 ASB X    0
  found on step  639
 current point:
  at point    0.312   0.027  -7.401
  closest atom surface    6.094   C47 ASB X    0
  2nd closest surface     6.094   C49 ASB X    0
  found on step  962
  no. of rejections          327
 stored as   -37

 highest radius point found:
  at point    0.374   0.043  -7.601
  closest atom surface    6.253   C47 ASB X    0
  2nd closest surface     6.254   C49 ASB X    0
  found on step    1
 current point:
  at point   -0.040  -0.060  -7.601
  closest atom surface    6.245   C47 ASB X    0
  2nd closest surface     6.246   C49 ASB X    0
  found on step  959
  no. of rejections          307
 stored as   -38

 highest radius point found:
  at point    0.385   0.045  -7.801
  closest atom surface    6.412   C47 ASB X    0
  2nd closest surface     6.413   C38 ASB X    0
  found on step   70
 current point:
  at point    0.318   0.027  -7.801
  closest atom surface    6.409   C49 ASB X    0
  2nd closest surface     6.410   C47 ASB X    0
  found on step  985
  no. of rejections          326
 stored as   -39

 highest radius point found:
  at point    0.385   0.045  -8.001
  closest atom surface    6.572   C47 ASB X    0
  2nd closest surface     6.573   C49 ASB X    0
  found on step    1
 current point:
  at point   -0.164  -0.093  -8.001
  closest atom surface    6.566   C49 ASB X    0
  2nd closest surface     6.566   C47 ASB X    0
  found on step  923
  no. of rejections          327
 stored as   -40

 highest radius point found:
  at point    0.392   0.045  -8.201
  closest atom surface    6.734   C47 ASB X    0
  2nd closest surface     6.734   C38 ASB X    0
  found on step  799
 current point:
  at point    0.312   0.025  -8.201
  closest atom surface    6.731   C47 ASB X    0
  2nd closest surface     6.732   C49 ASB X    0
  found on step  975
  no. of rejections          328
 stored as   -41

 highest radius point found:
  at point    0.392   0.045  -8.401
  closest atom surface    6.898   C47 ASB X    0
  2nd closest surface     6.898   C38 ASB X    0
  found on step    1
 current point:
  at point   -0.072  -0.072  -8.401
  closest atom surface    6.890   C49 ASB X    0
  2nd closest surface     6.891   C47 ASB X    0
  found on step  922
  no. of rejections          301
 stored as   -42

 highest radius point found:
  at point    0.392   0.045  -8.601
  closest atom surface    7.062   C47 ASB X    0
  2nd closest surface     7.064   C38 ASB X    0
  found on step    1
 current point:
  at point    1.732   0.016  -8.601
  closest atom surface    6.985   C38 ASB X    0
  2nd closest surface     6.985   C48 ASB X    0
  found on step  967
  no. of rejections          318
 stored as   -43

 highest radius point found:
  at point    0.392   0.045  -8.801
  closest atom surface    7.228   C47 ASB X    0
  2nd closest surface     7.231   C38 ASB X    0
  found on step    1
 current point:
  at point    1.777   0.019  -8.801
  closest atom surface    7.151   C48 ASB X    0
  2nd closest surface     7.152   C38 ASB X    0
  found on step  985
  no. of rejections          293
 stored as   -44

 highest radius point found:
  at point    0.396   0.043  -9.001
  closest atom surface    7.398   C49 ASB X    0
  2nd closest surface     7.398   C47 ASB X    0
  found on step  706
 current point:
  at point    0.366   0.035  -9.001
  closest atom surface    7.396   C49 ASB X    0
  2nd closest surface     7.397   C47 ASB X    0
  found on step  983
  no. of rejections          321
 stored as   -45

 highest radius point found:
  at point    0.401   0.044  -9.201
  closest atom surface    7.567   C49 ASB X    0
  2nd closest surface     7.567   C47 ASB X    0
  found on step  520
 current point:
  at point    0.152  -0.018  -9.201
  closest atom surface    7.560   C47 ASB X    0
  2nd closest surface     7.560   C49 ASB X    0
  found on step  951
  no. of rejections          297
 stored as   -46

 highest radius point found:
  at point    0.402   0.043  -9.401
  closest atom surface    7.737   C47 ASB X    0
  2nd closest surface     7.737   C49 ASB X    0
  found on step  994
  this is also current point
  no. of rejections          313
 stored as   -47

 highest radius point found:
  at point    0.402   0.043  -9.601
  closest atom surface    7.908   C47 ASB X    0
  2nd closest surface     7.909   C49 ASB X    0
  found on step    1
 current point:
  at point   -1.064  -0.063  -9.601
  closest atom surface    7.832   C15 ASB X    0
  2nd closest surface     7.832   C47 ASB X    0
  found on step  952
  no. of rejections          279
 stored as   -48

 highest radius point found:
  at point    0.402   0.043  -9.801
  closest atom surface    8.080   C47 ASB X    0
  2nd closest surface     8.081   C49 ASB X    0
  found on step    1
 current point:
  at point   -0.076  -0.076  -9.801
  closest atom surface    8.073   C47 ASB X    0
  2nd closest surface     8.074   C49 ASB X    0
  found on step  999
  no. of rejections          303
 stored as   -49

 highest radius point found:
  at point    0.412   0.046 -10.001
  closest atom surface    8.253   C47 ASB X    0
  2nd closest surface     8.254   C38 ASB X    0
  found on step   76
 current point:
  at point   -0.154  -0.096 -10.001
  closest atom surface    8.248   C47 ASB X    0
  2nd closest surface     8.248   C49 ASB X    0
  found on step  970
  no. of rejections          275
 stored as   -50

 highest radius point found:
  at point    0.412   0.046 -10.201
  closest atom surface    8.427   C47 ASB X    0
  2nd closest surface     8.429   C38 ASB X    0
  found on step    1
 current point:
  at point    0.058  -0.044 -10.201
  closest atom surface    8.421   C47 ASB X    0
  2nd closest surface     8.421   C49 ASB X    0
  found on step  899
  no. of rejections          300
 stored as   -51

 highest radius point found:
  at point    0.411   0.042 -10.401
  closest atom surface    8.604   C49 ASB X    0
  2nd closest surface     8.604   C47 ASB X    0
  found on step  921
  this is also current point
  no. of rejections          302
 stored as   -52

 highest radius point found:
  at point    0.421   0.045 -10.601
  closest atom surface    8.780   C47 ASB X    0
  2nd closest surface     8.781   C38 ASB X    0
  found on step  346
 current point:
  at point    0.240   0.000 -10.601
  closest atom surface    8.775   C47 ASB X    0
  2nd closest surface     8.775   C49 ASB X    0
  found on step  998
  no. of rejections          269
 stored as   -53

 highest radius point found:
  at point    0.421   0.045 -10.801
  closest atom surface    8.957   C47 ASB X    0
  2nd closest surface     8.958   C38 ASB X    0
  found on step    1
 current point:
  at point   -0.183  -0.105 -10.801
  closest atom surface    8.951   C47 ASB X    0
  2nd closest surface     8.952   C49 ASB X    0
  found on step  893
  no. of rejections          264
 stored as   -54

 highest radius point found:
  at point    0.421   0.045 -11.001
  closest atom surface    9.134   H41 ASB X    0
  2nd closest surface     9.134   C47 ASB X    0
  found on step    1
 current point:
  at point    0.372   0.030 -11.001
  closest atom surface    9.133   C49 ASB X    0
  2nd closest surface     9.134   C47 ASB X    0
  found on step  993
  no. of rejections          282
 stored as   -55

 highest radius point found:
  at point    0.423   0.037 -11.201
  closest atom surface    9.311   C49 ASB X    0
  2nd closest surface     9.313   H41 ASB X    0
  found on step    7
 current point:
  at point    0.050  -0.049 -11.201
  closest atom surface    9.306   C47 ASB X    0
  2nd closest surface     9.306   C49 ASB X    0
  found on step  940
  no. of rejections          271
 stored as   -56

 highest radius point found:
  at point    0.341   0.020 -11.401
  closest atom surface    9.489   C49 ASB X    0
  2nd closest surface     9.490   H49 ASB X    0
  found on step  950
  this is also current point
  no. of rejections          273
 stored as   -57

 highest radius point found:
  at point    0.423   0.032 -11.601
  closest atom surface    9.668   H41 ASB X    0
  2nd closest surface     9.669   H49 ASB X    0
  found on step  692
 current point:
  at point    0.186  -0.017 -11.601
  closest atom surface    9.667   C49 ASB X    0
  2nd closest surface     9.667   C47 ASB X    0
  found on step  929
  no. of rejections          256
 stored as   -58

 highest radius point found:
  at point    0.344   0.014 -11.801
  closest atom surface    9.847   H49 ASB X    0
  2nd closest surface     9.848   C49 ASB X    0
  found on step  600
 current point:
  at point    0.602   0.029 -11.801
  closest atom surface    9.836   H41 ASB X    0
  2nd closest surface     9.838   C49 ASB X    0
  found on step 1000
  no. of rejections          264
 stored as   -59

 highest radius point found:
  at point   -0.102  -0.089 -12.001
  closest atom surface   10.028   C47 ASB X    0
  2nd closest surface    10.029   C49 ASB X    0
  found on step  814
 current point:
  at point    0.212  -0.016 -12.001
  closest atom surface   10.027   H49 ASB X    0
  2nd closest surface    10.027   C49 ASB X    0
  found on step  912
  no. of rejections          279
 stored as   -60

 highest radius point found:
  at point   -0.147  -0.102 -12.201
  closest atom surface   10.211   C49 ASB X    0
  2nd closest surface    10.211   C47 ASB X    0
  found on step  837
 current point:
  at point   -0.133  -0.099 -12.201
  closest atom surface   10.210   C49 ASB X    0
  2nd closest surface    10.211   C47 ASB X    0
  found on step  916
  no. of rejections          252
 stored as   -61

 highest radius point found:
  at point   -0.147  -0.102 -12.401
  closest atom surface   10.392   H17 ASB X    0
  2nd closest surface    10.393   H51 ASB X    0
  found on step    1
 current point:
  at point   -0.033  -0.073 -12.401
  closest atom surface   10.392   C47 ASB X    0
  2nd closest surface    10.392   C49 ASB X    0
  found on step  907
  no. of rejections          258
 stored as   -62

 highest radius point found:
  at point   -0.147  -0.102 -12.601
  closest atom surface   10.572   H17 ASB X    0
  2nd closest surface    10.573   H51 ASB X    0
  found on step    1
 current point:
  at point    0.805   0.009 -12.601
  closest atom surface   10.552   C49 ASB X    0
  2nd closest surface    10.555   H41 ASB X    0
  found on step  999
  no. of rejections          267
 stored as   -63

 highest radius point found:
  at point   -0.117  -0.090 -12.801
  closest atom surface   10.757   H51 ASB X    0
  2nd closest surface    10.757   C47 ASB X    0
  found on step  916
  this is also current point
  no. of rejections          256
 stored as   -64

 highest radius point found:
  at point   -0.117  -0.090 -13.001
  closest atom surface   10.939   H51 ASB X    0
  2nd closest surface    10.940   H49 ASB X    0
  found on step    1
 current point:
  at point   -0.474  -0.089 -13.001
  closest atom surface   10.916   C47 ASB X    0
  2nd closest surface    10.917   H17 ASB X    0
  found on step  978
  no. of rejections          264
 stored as   -65

 highest radius point found:
  at point   -0.117  -0.090 -13.201
  closest atom surface   11.121   H51 ASB X    0
  2nd closest surface    11.122   H49 ASB X    0
  found on step    1
 current point:
  at point    0.309  -0.022 -13.201
  closest atom surface   11.119   C49 ASB X    0
  2nd closest surface    11.120   H49 ASB X    0
  found on step  905
  no. of rejections          253
 stored as   -66

 highest radius point found:
  at point   -0.117  -0.090 -13.401
  closest atom surface   11.304   H51 ASB X    0
  2nd closest surface    11.304   H49 ASB X    0
  found on step    1
 current point:
  at point   -0.039  -0.080 -13.401
  closest atom surface   11.303   H51 ASB X    0
  2nd closest surface    11.304   H49 ASB X    0
  found on step  996
  no. of rejections          270
 stored as   -67

 highest radius point found:
  at point   -0.117  -0.090 -13.601
  closest atom surface   11.487   H51 ASB X    0
  2nd closest surface    11.487   H49 ASB X    0
  found on step    1
 current point:
  at point   -0.126  -0.089 -13.601
  closest atom surface   11.486   H49 ASB X    0
  2nd closest surface    11.488   H51 ASB X    0
  found on step  956
  no. of rejections          269
 stored as   -68

 highest radius point found:
  at point    0.404  -0.014 -13.801
  closest atom surface   11.673   C49 ASB X    0
  2nd closest surface    11.673   H49 ASB X    0
  found on step  874
 current point:
  at point    0.400  -0.015 -13.801
  closest atom surface   11.673   C49 ASB X    0
  2nd closest surface    11.673   H49 ASB X    0
  found on step  968
  no. of rejections          266
 stored as   -69

 highest radius point found:
  at point    0.433  -0.014 -14.001
  closest atom surface   11.858   C49 ASB X    0
  2nd closest surface    11.859   H49 ASB X    0
  found on step  689
 current point:
  at point   -0.150  -0.090 -14.001
  closest atom surface   11.853   H49 ASB X    0
  2nd closest surface    11.854   H17 ASB X    0
  found on step  996
  no. of rejections          242
 stored as   -70

 highest radius point found:
  at point    0.433  -0.014 -14.201
  closest atom surface   12.044   H49 ASB X    0
  2nd closest surface    12.044   C49 ASB X    0
  found on step    1
 current point:
  at point    1.281  -0.010 -14.201
  closest atom surface   12.024   H41 ASB X    0
  2nd closest surface    12.024   C49 ASB X    0
  found on step  943
  no. of rejections          258
 stored as   -71

 highest radius point found:
  at point    0.453  -0.012 -14.401
  closest atom surface   12.229   H41 ASB X    0
  2nd closest surface    12.230   H49 ASB X    0
  found on step    2
 current point:
  at point   -0.128  -0.094 -14.401
  closest atom surface   12.223   H17 ASB X    0
  2nd closest surface    12.224   H51 ASB X    0
  found on step  999
  no. of rejections          254
 stored as   -72

 highest radius point found:
  at point    0.453  -0.012 -14.601
  closest atom surface   12.415   H49 ASB X    0
  2nd closest surface    12.415   H41 ASB X    0
  found on step    1
 current point:
  at point    0.956  -0.014 -14.601
  closest atom surface   12.398   H41 ASB X    0
  2nd closest surface    12.400   C49 ASB X    0
  found on step  995
  no. of rejections          246
 stored as   -73

 highest radius point found:
  at point    0.453  -0.012 -14.801
  closest atom surface   12.601   H49 ASB X    0
  2nd closest surface    12.601   H41 ASB X    0
  found on step    1
 current point:
  at point    1.566  -0.017 -14.801
  closest atom surface   12.589   C48 ASB X    0
  2nd closest surface    12.589   H41 ASB X    0
  found on step  979
  no. of rejections          250
 stored as   -74

 highest radius point found:
  at point    0.455  -0.016 -15.001
  closest atom surface   12.788   H51 ASB X    0
  2nd closest surface    12.788   H49 ASB X    0
  found on step  943
  this is also current point
  no. of rejections          241
 stored as   -75

 highest radius point found:
  at point    0.455  -0.016 -15.201
  closest atom surface   12.975   H49 ASB X    0
  2nd closest surface    12.975   H51 ASB X    0
  found on step    1
 current point:
  at point    0.534  -0.022 -15.201
  closest atom surface   12.972   H51 ASB X    0
  2nd closest surface    12.974   H41 ASB X    0
  found on step  975
  no. of rejections          241
 stored as   -76

 highest radius point found:
  at point    0.470  -0.016 -15.401
  closest atom surface   13.161   H51 ASB X    0
  2nd closest surface    13.162   H41 ASB X    0
  found on step  410
 current point:
  at point   -0.098  -0.091 -15.401
  closest atom surface   13.156   H51 ASB X    0
  2nd closest surface    13.156   H49 ASB X    0
  found on step  905
  no. of rejections          256
 stored as   -77

 highest radius point found:
  at point    0.462  -0.017 -15.601
  closest atom surface   13.349   H51 ASB X    0
  2nd closest surface    13.349   H49 ASB X    0
  found on step  937
  this is also current point
  no. of rejections          261
 stored as   -78

 highest radius point found:
  at point    0.462  -0.017 -15.801
  closest atom surface   13.537   H51 ASB X    0
  2nd closest surface    13.537   H49 ASB X    0
  found on step    1
 current point:
  at point   -0.077  -0.089 -15.801
  closest atom surface   13.531   H51 ASB X    0
  2nd closest surface    13.531   H49 ASB X    0
  found on step  912
  no. of rejections          229
 stored as   -79

 highest radius point found:
  at point    0.462  -0.017 -16.001
  closest atom surface   13.725   H51 ASB X    0
  2nd closest surface    13.725   H49 ASB X    0
  found on step    1
 current point:
  at point   -0.080  -0.090 -16.001
  closest atom surface   13.719   H49 ASB X    0
  2nd closest surface    13.719   H51 ASB X    0
  found on step  902
  no. of rejections          234
 stored as   -80

 highest radius point found:
  at point    0.462  -0.017 -16.201
  closest atom surface   13.913   H49 ASB X    0
  2nd closest surface    13.913   H51 ASB X    0
  found on step    1
 current point:
  at point    1.854   0.004 -16.201
  closest atom surface   13.906   H41 ASB X    0
  2nd closest surface    13.906   C48 ASB X    0
  found on step  898
  no. of rejections          237
 stored as   -81

 highest radius point found:
  at point    0.471  -0.018 -16.401
  closest atom surface   14.101   H51 ASB X    0
  2nd closest surface    14.102   H49 ASB X    0
  found on step  343
 current point:
  at point    1.594  -0.037 -16.401
  closest atom surface   14.099   H41 ASB X    0
  2nd closest surface    14.099   C48 ASB X    0
  found on step  956
  no. of rejections          255
 stored as   -82

 highest radius point found:
  at point    0.471  -0.018 -16.601
  closest atom surface   14.290   H51 ASB X    0
  2nd closest surface    14.291   H49 ASB X    0
  found on step    1
 current point:
  at point    0.485  -0.013 -16.601
  closest atom surface   14.290   H41 ASB X    0
  2nd closest surface    14.291   H49 ASB X    0
  found on step  990
  no. of rejections          230
 stored as   -83

 highest radius point found:
  at point    0.471  -0.018 -16.801
  closest atom surface   14.480   H51 ASB X    0
  2nd closest surface    14.480   H49 ASB X    0
  found on step    1
 current point:
  at point    0.542  -0.019 -16.801
  closest atom surface   14.478   H51 ASB X    0
  2nd closest surface    14.478   H41 ASB X    0
  found on step  959
  no. of rejections          225
 stored as   -84

 highest radius point found:
  at point    0.471  -0.018 -17.001
  closest atom surface   14.669   H51 ASB X    0
  2nd closest surface    14.669   H49 ASB X    0
  found on step    1
 current point:
  at point    0.443  -0.022 -17.001
  closest atom surface   14.668   H51 ASB X    0
  2nd closest surface    14.669   H49 ASB X    0
  found on step  998
  no. of rejections          250
 stored as   -85

 highest radius point found:
  at point    0.471  -0.018 -17.201
  closest atom surface   14.859   H49 ASB X    0
  2nd closest surface    14.859   H51 ASB X    0
  found on step    1
 current point:
  at point    0.547  -0.019 -17.201
  closest atom surface   14.858   H51 ASB X    0
  2nd closest surface    14.858   H41 ASB X    0
  found on step  970
  no. of rejections          230
 stored as   -86

 highest radius point found:
  at point    0.471  -0.018 -17.401
  closest atom surface   15.049   H49 ASB X    0
  2nd closest surface    15.049   H51 ASB X    0
  found on step    1
 current point:
  at point   -0.157  -0.091 -17.401
  closest atom surface   15.040   H17 ASB X    0
  2nd closest surface    15.040   H49 ASB X    0
  found on step 1000
  no. of rejections          230
 stored as   -87

 highest radius point found:
  at point    0.486  -0.016 -17.601
  closest atom surface   15.239   H49 ASB X    0
  2nd closest surface    15.240   H41 ASB X    0
  found on step  894
 current point:
  at point    0.479  -0.017 -17.601
  closest atom surface   15.239   H49 ASB X    0
  2nd closest surface    15.239   H51 ASB X    0
  found on step  968
  no. of rejections          222
 stored as   -88

 highest radius point found:
  at point    0.486  -0.016 -17.801
  closest atom surface   15.430   H49 ASB X    0
  2nd closest surface    15.430   H41 ASB X    0
  found on step    1
 current point:
  at point    0.474  -0.017 -17.801
  closest atom surface   15.429   H49 ASB X    0
  2nd closest surface    15.430   H51 ASB X    0
  found on step  925
  no. of rejections          226
 stored as   -89

 highest radius point found:
  at point    0.486  -0.016 -18.001
  closest atom surface   15.620   H49 ASB X    0
  2nd closest surface    15.621   H41 ASB X    0
  found on step    1
 current point:
  at point   -0.043  -0.089 -18.001
  closest atom surface   15.614   H49 ASB X    0
  2nd closest surface    15.615   H51 ASB X    0
  found on step  926
  no. of rejections          221
 stored as   -90

 highest radius point found:
  at point    0.498  -0.017 -18.201
  closest atom surface   15.811   H51 ASB X    0
  2nd closest surface    15.812   H41 ASB X    0
  found on step  960
  this is also current point
  no. of rejections          222
 stored as   -91

 highest radius point found:
  at point    1.589  -0.065 -18.401
  closest atom surface   16.008   H41 ASB X    0
  2nd closest surface    16.009   C49 ASB X    0
  found on step  995
  this is also current point
  no. of rejections          231
 stored as   -92

 highest radius point found:
  at point    1.595  -0.069 -18.601
  closest atom surface   16.201   C49 ASB X    0
  2nd closest surface    16.201   H41 ASB X    0
  found on step  984
  this is also current point
  no. of rejections          208
 stored as   -93

 highest radius point found:
  at point    1.595  -0.069 -18.801
  closest atom surface   16.392   H41 ASB X    0
  2nd closest surface    16.393   H51 ASB X    0
  found on step    1
 current point:
  at point    1.928  -0.003 -18.801
  closest atom surface   16.385   H50 ASB X    0
  2nd closest surface    16.385   H41 ASB X    0
  found on step  952
  no. of rejections          246
 stored as   -94

 highest radius point found:
  at point    1.595  -0.069 -19.001
  closest atom surface   16.584   H41 ASB X    0
  2nd closest surface    16.585   H51 ASB X    0
  found on step    1
 current point:
  at point    0.506  -0.021 -19.001
  closest atom surface   16.576   H51 ASB X    0
  2nd closest surface    16.578   H41 ASB X    0
  found on step  967
  no. of rejections          223
 stored as   -95

 highest radius point found:
  at point    1.595  -0.069 -19.201
  closest atom surface   16.776   H41 ASB X    0
  2nd closest surface    16.777   H51 ASB X    0
  found on step    1
 current point:
  at point    1.882  -0.015 -19.201
  closest atom surface   16.769   H50 ASB X    0
  2nd closest surface    16.770   H41 ASB X    0
  found on step  983
  no. of rejections          206
 stored as   -96

 highest radius point found:
  at point    1.609  -0.072 -19.401
  closest atom surface   16.968   H50 ASB X    0
  2nd closest surface    16.968   H51 ASB X    0
  found on step  897
  this is also current point
  no. of rejections          213
 stored as   -97

 highest radius point found:
  at point    1.608  -0.071 -19.601
  closest atom surface   17.161   H51 ASB X    0
  2nd closest surface    17.161   H41 ASB X    0
  found on step  970
  this is also current point
  no. of rejections          213
 stored as   -98

 highest radius point found:
  at point    1.608  -0.071 -19.801
  closest atom surface   17.353   H51 ASB X    0
  2nd closest surface    17.353   H41 ASB X    0
  found on step    1
 current point:
  at point    3.811  -0.054 -19.801
  closest atom surface   17.307   H50 ASB X    0
  2nd closest surface    17.307   H42 ASB X    0
  found on step  980
  no. of rejections          221
 stored as   -99

 highest radius point found:
  at point    1.610  -0.070 -20.001
  closest atom surface   17.546   H41 ASB X    0
  2nd closest surface    17.546   H51 ASB X    0
  found on step  976
  this is also current point
  no. of rejections          212
 stored as  -100

 highest radius point found:
  at point    1.610  -0.070 -20.201
  closest atom surface   17.739   H41 ASB X    0
  2nd closest surface    17.739   H51 ASB X    0
  found on step    1
 current point:
  at point    1.606  -0.070 -20.201
  closest atom surface   17.739   H41 ASB X    0
  2nd closest surface    17.739   H51 ASB X    0
  found on step  997
  no. of rejections          219
 stored as  -101

 highest radius point found:
  at point    1.610  -0.070 -20.401
  closest atom surface   17.932   H41 ASB X    0
  2nd closest surface    17.932   H51 ASB X    0
  found on step    1
 current point:
  at point    1.905  -0.013 -20.401
  closest atom surface   17.926   H41 ASB X    0
  2nd closest surface    17.926   H50 ASB X    0
  found on step  995
  no. of rejections          212
 stored as  -102

 highest radius point found:
  at point    1.610  -0.070 -20.601
  closest atom surface   18.124   H41 ASB X    0
  2nd closest surface    18.125   H51 ASB X    0
  found on step    1
 current point:
  at point    2.126   0.032 -20.601
  closest atom surface   18.117   H41 ASB X    0
  2nd closest surface    18.117   H50 ASB X    0
  found on step  944
  no. of rejections          220
 stored as  -103

 highest radius point found:
  at point    1.610  -0.070 -20.801
  closest atom surface   18.318   H41 ASB X    0
  2nd closest surface    18.318   H51 ASB X    0
  found on step    1
 current point:
  at point    0.502  -0.019 -20.801
  closest atom surface   18.309   H49 ASB X    0
  2nd closest surface    18.310   H51 ASB X    0
  found on step  990
  no. of rejections          226
 stored as  -104

 highest radius point found:
  at point    1.610  -0.070 -21.001
  closest atom surface   18.511   H41 ASB X    0
  2nd closest surface    18.511   H51 ASB X    0
  found on step    1
 current point:
  at point   -0.443  -0.077 -21.001
  closest atom surface   18.485   H17 ASB X    0
  2nd closest surface    18.485   H49 ASB X    0
  found on step  948
  no. of rejections          227
 stored as  -105

 highest radius point found:
  at point    1.610  -0.070 -21.201
  closest atom surface   18.704   H41 ASB X    0
  2nd closest surface    18.704   H51 ASB X    0
  found on step    1
 current point:
  at point    3.194  -0.018 -21.201
  closest atom surface   18.660   H42 ASB X    0
  2nd closest surface    18.660   H50 ASB X    0
  found on step  934
  no. of rejections          213
 stored as  -106

 highest radius point found:
  at point    1.610  -0.070 -21.401
  closest atom surface   18.898   H41 ASB X    0
  2nd closest surface    18.898   H51 ASB X    0
  found on step    1
 current point:
  at point    0.583  -0.018 -21.401
  closest atom surface   18.889   H41 ASB X    0
  2nd closest surface    18.890   H51 ASB X    0
  found on step  999
  no. of rejections          207
 stored as  -107

 highest radius point found:
  at point    1.629  -0.071 -21.601
  closest atom surface   19.092   H51 ASB X    0
  2nd closest surface    19.092   H41 ASB X    0
  found on step  110
 current point:
  at point    1.639  -0.070 -21.601
  closest atom surface   19.092   H41 ASB X    0
  2nd closest surface    19.093   H50 ASB X    0
  found on step  915
  no. of rejections          201
 stored as  -108

 highest radius point found:
  at point    1.629  -0.071 -21.801
  closest atom surface   19.286   H51 ASB X    0
  2nd closest surface    19.286   H41 ASB X    0
  found on step    1
 current point:
  at point    2.105   0.024 -21.801
  closest atom surface   19.279   H50 ASB X    0
  2nd closest surface    19.279   H41 ASB X    0
  found on step  982
  no. of rejections          219
 stored as  -109

 highest radius point found:
  at point    1.629  -0.071 -22.001
  closest atom surface   19.480   H51 ASB X    0
  2nd closest surface    19.480   H41 ASB X    0
  found on step    1
 current point:
  at point    1.526  -0.066 -22.001
  closest atom surface   19.476   H41 ASB X    0
  2nd closest surface    19.477   H51 ASB X    0
  found on step  985
  no. of rejections          219
 stored as  -110

 highest radius point found:
  at point    1.629  -0.071 -22.201
  closest atom surface   19.674   H51 ASB X    0
  2nd closest surface    19.674   H41 ASB X    0
  found on step    1
 current point:
  at point    1.642  -0.075 -22.201
  closest atom surface   19.674   H51 ASB X    0
  2nd closest surface    19.674   H50 ASB X    0
  found on step  909
  no. of rejections          212
 stored as  -111

 highest radius point found:
  at point    1.629  -0.071 -22.401
  closest atom surface   19.868   H51 ASB X    0
  2nd closest surface    19.868   H41 ASB X    0
  found on step    1
 current point:
  at point    1.225  -0.052 -22.401
  closest atom surface   19.858   H51 ASB X    0
  2nd closest surface    19.859   H41 ASB X    0
  found on step  979
  no. of rejections          202
 stored as  -112

 highest radius point found:
  at point    1.629  -0.071 -22.601
  closest atom surface   20.062   H51 ASB X    0
  2nd closest surface    20.062   H41 ASB X    0
  found on step    1
 current point:
  at point    0.531  -0.020 -22.601
  closest atom surface   20.054   H51 ASB X    0
  2nd closest surface    20.054   H49 ASB X    0
  found on step 1000
  no. of rejections          198
 stored as  -113

 highest radius point found:
  at point    1.629  -0.071 -22.801
  closest atom surface   20.256   H51 ASB X    0
  2nd closest surface    20.257   H41 ASB X    0
  found on step    1
 current point:
  at point    0.983  -0.039 -22.801
  closest atom surface   20.245   H41 ASB X    0
  2nd closest surface    20.245   H51 ASB X    0
  found on step  997
  no. of rejections          210
 stored as  -114

 highest radius point found:
  at point    1.629  -0.071 -23.001
  closest atom surface   20.451   H51 ASB X    0
  2nd closest surface    20.451   H41 ASB X    0
  found on step    1
 current point:
  at point    2.137   0.026 -23.001
  closest atom surface   20.445   H50 ASB X    0
  2nd closest surface    20.446   H41 ASB X    0
  found on step  972
  no. of rejections          186
 stored as  -115

 highest radius point found:
  at point    1.648  -0.073 -23.201
  closest atom surface   20.646   H51 ASB X    0
  2nd closest surface    20.646   H41 ASB X    0
  found on step   79
 current point:
  at point    1.048  -0.042 -23.201
  closest atom surface   20.635   H41 ASB X    0
  2nd closest surface    20.635   H51 ASB X    0
  found on step  966
  no. of rejections          191
 stored as  -116

 highest radius point found:
  at point    1.648  -0.073 -23.401
  closest atom surface   20.841   H51 ASB X    0
  2nd closest surface    20.841   H41 ASB X    0
  found on step    1
 current point:
  at point    1.145  -0.047 -23.401
  closest atom surface   20.830   H41 ASB X    0
  2nd closest surface    20.830   H51 ASB X    0
  found on step  955
  no. of rejections          191
 stored as  -117

 highest radius point found:
  at point    1.651  -0.072 -23.601
  closest atom surface   21.036   H51 ASB X    0
  2nd closest surface    21.036   H41 ASB X    0
  found on step  697
 current point:
  at point    2.061   0.009 -23.601
  closest atom surface   21.030   H41 ASB X    0
  2nd closest surface    21.030   H50 ASB X    0
  found on step  933
  no. of rejections          200
 stored as  -118

 highest radius point found:
  at point    1.651  -0.072 -23.801
  closest atom surface   21.230   H51 ASB X    0
  2nd closest surface    21.230   H41 ASB X    0
  found on step    1
 current point:
  at point    0.553  -0.019 -23.801
  closest atom surface   21.222   H49 ASB X    0
  2nd closest surface    21.222   H51 ASB X    0
  found on step  966
  no. of rejections          191
 stored as  -119

 highest radius point found:
  at point    4.873  -0.095 -24.001
  closest atom surface   21.439   H42 ASB X    0
  2nd closest surface    21.440   H50 ASB X    0
  found on step  987
  this is also current point
  no. of rejections          191
 stored as  -120

 highest radius point found:
  at point    8.772  -0.286 -24.201
  closest atom surface   22.220   H27 ASB X    0
  2nd closest surface    22.220   H42 ASB X    0
  found on step  921
  this is also current point
  no. of rejections          193
 This is an end! (radius above  22.0 angs)
 
 N.b. Graph information routine (HOGRAP) differs 
        markedly from previous versions!
       Information now is written from -ve end
       to +ve in one pass
 
 Explanation of the meaning of each column: 
 First column "cenxyz.cvec" is the coordinate in the
   direction of the channel vector i.e. if the channel
   vector is in z (0 0 1) then it is the z coordinate.
 The second column "radius" is the hole pore radius 
   (as defined in the Biophys J 1993) article).
 The third column "cen_line_D" is the distance 
   measured along the pore centre line - with the 
   first point found set to zero. This was the first
   thing that I used to measure the distance along a pore
   but "cenxyz.cvec" is a much better general measure. 
   However, by comparing changes in this distance to changes in '   "cenxyz.cvec" one can get a measure of how straight a 
   channel is.
 The fourth column "sum{s/(area)}" is useful in conductance
   prediction -
   basically it is the sum of the thickness of each slab
   divided by its area. HOLE uses this measure to estimate
   the macroscopic conductance of a channel.
 If any of this worries you one can see the "raw" results
   of a standard hole run by producing a sphpdb file and 
    directly looking at the results.
 cenxyz.cvec      radius  cen_line_D sum{s/(area point sourc
   -24.00138    21.43937   -29.11811     0.00007   (sampled)
   -23.90138    21.27780   -27.50417     0.00014 (mid-point)
   -23.80138    21.23046   -25.89023     0.00021   (sampled)
   -23.70138    21.13304   -25.79023     0.00028 (mid-point)
   -23.60138    21.03564   -25.69023     0.00035   (sampled)
   -23.50138    20.93811   -25.59022     0.00043 (mid-point)
   -23.40138    20.84060   -25.49020     0.00050   (sampled)
   -23.30138    20.74327   -25.39020     0.00057 (mid-point)
   -23.20138    20.64596   -25.29020     0.00065   (sampled)
   -23.10138    20.54844   -25.18978     0.00072 (mid-point)
   -23.00138    20.45094   -25.08936     0.00080   (sampled)
   -22.90138    20.35370   -24.98936     0.00088 (mid-point)
   -22.80138    20.25649   -24.88936     0.00095   (sampled)
   -22.70138    20.15931   -24.78936     0.00103 (mid-point)
   -22.60138    20.06215   -24.68936     0.00111   (sampled)
   -22.50138    19.96502   -24.58936     0.00119 (mid-point)
   -22.40138    19.86792   -24.48936     0.00127   (sampled)
   -22.30138    19.77085   -24.38936     0.00135 (mid-point)
   -22.20138    19.67380   -24.28936     0.00144   (sampled)
   -22.10138    19.57678   -24.18936     0.00152 (mid-point)
   -22.00138    19.47979   -24.08936     0.00160   (sampled)
   -21.90138    19.38283   -23.98936     0.00169 (mid-point)
   -21.80138    19.28590   -23.88936     0.00177   (sampled)
   -21.70138    19.18900   -23.78936     0.00186 (mid-point)
   -21.60138    19.09213   -23.68936     0.00195   (sampled)
   -21.50138    18.99498   -23.58890     0.00203 (mid-point)
   -21.40138    18.89786   -23.48845     0.00212   (sampled)
   -21.30138    18.80107   -23.38845     0.00221 (mid-point)
   -21.20138    18.70432   -23.28845     0.00230   (sampled)
   -21.10138    18.60760   -23.18845     0.00240 (mid-point)
   -21.00138    18.51091   -23.08845     0.00249   (sampled)
   -20.90138    18.41425   -22.98845     0.00258 (mid-point)
   -20.80138    18.31763   -22.88845     0.00268   (sampled)
   -20.70138    18.22105   -22.78845     0.00277 (mid-point)
   -20.60138    18.12450   -22.68845     0.00287   (sampled)
   -20.50138    18.02798   -22.58845     0.00297 (mid-point)
   -20.40138    17.93151   -22.48845     0.00307   (sampled)
   -20.30138    17.83506   -22.38845     0.00317 (mid-point)
   -20.20138    17.73866   -22.28845     0.00327   (sampled)
   -20.10138    17.64229   -22.18845     0.00337 (mid-point)
   -20.00138    17.54596   -22.08845     0.00347   (sampled)
   -19.90138    17.44966   -21.98845     0.00358 (mid-point)
   -19.80138    17.35331   -21.88844     0.00369   (sampled)
   -19.70138    17.25711   -21.78844     0.00379 (mid-point)
   -19.60138    17.16094   -21.68844     0.00390   (sampled)
   -19.50138    17.06461   -21.58843     0.00401 (mid-point)
   -19.40138    16.96823   -21.48843     0.00412   (sampled)
   -19.30138    16.87242   -21.38816     0.00423 (mid-point)
   -19.20138    16.77602   -21.28790     0.00434   (sampled)
   -19.10138    16.68006   -21.18790     0.00446 (mid-point)
   -19.00138    16.58415   -21.08790     0.00458   (sampled)
   -18.90138    16.48828   -20.98790     0.00469 (mid-point)
   -18.80138    16.39246   -20.88790     0.00481   (sampled)
   -18.70138    16.29669   -20.78790     0.00493 (mid-point)
   -18.60138    16.20052   -20.68790     0.00505   (sampled)
   -18.50138    16.10456   -20.58784     0.00517 (mid-point)
   -18.40138    16.00848   -20.48778     0.00530   (sampled)
   -18.30138    15.90125   -19.93240     0.00542 (mid-point)
   -18.20138    15.81144   -19.37701     0.00555   (sampled)
   -18.10138    15.71614   -19.27685     0.00568 (mid-point)
   -18.00138    15.62021   -19.17668     0.00581   (sampled)
   -17.90138    15.52493   -19.07668     0.00594 (mid-point)
   -17.80138    15.42970   -18.97668     0.00608   (sampled)
   -17.70138    15.33452   -18.87668     0.00621 (mid-point)
   -17.60138    15.23941   -18.77668     0.00635   (sampled)
   -17.50138    15.14410   -18.67640     0.00649 (mid-point)
   -17.40138    15.04884   -18.57611     0.00663   (sampled)
   -17.30138    14.95391   -18.47611     0.00677 (mid-point)
   -17.20138    14.85903   -18.37611     0.00692   (sampled)
   -17.10138    14.76417   -18.27611     0.00706 (mid-point)
   -17.00138    14.66930   -18.17611     0.00721   (sampled)
   -16.90138    14.57449   -18.07611     0.00736 (mid-point)
   -16.80138    14.47975   -17.97611     0.00751   (sampled)
   -16.70138    14.38508   -17.87611     0.00766 (mid-point)
   -16.60138    14.29048   -17.77611     0.00782   (sampled)
   -16.50138    14.19594   -17.67611     0.00798 (mid-point)
   -16.40138    14.10147   -17.57611     0.00814   (sampled)
   -16.30138    14.00730   -17.47601     0.00830 (mid-point)
   -16.20138    13.91298   -17.37590     0.00847   (sampled)
   -16.10138    13.81886   -17.27590     0.00863 (mid-point)
   -16.00138    13.72479   -17.17590     0.00880   (sampled)
   -15.90138    13.63070   -17.07590     0.00897 (mid-point)
   -15.80138    13.53669   -16.97590     0.00915   (sampled)
   -15.70138    13.44275   -16.87590     0.00932 (mid-point)
   -15.60138    13.34891   -16.77590     0.00950   (sampled)
   -15.50138    13.25514   -16.67582     0.00968 (mid-point)
   -15.40138    13.16146   -16.57575     0.00987   (sampled)
   -15.30138    13.06809   -16.47545     0.01005 (mid-point)
   -15.20138    12.97456   -16.37516     0.01024   (sampled)
   -15.10138    12.88128   -16.27516     0.01043 (mid-point)
   -15.00138    12.78810   -16.17516     0.01063   (sampled)
   -14.90138    12.69430   -16.07513     0.01083 (mid-point)
   -14.80138    12.60059   -15.97511     0.01103   (sampled)
   -14.70138    12.50769   -15.87511     0.01123 (mid-point)
   -14.60138    12.41490   -15.77511     0.01144   (sampled)
   -14.50138    12.32220   -15.67511     0.01165 (mid-point)
   -14.40138    12.22950   -15.57511     0.01186   (sampled)
   -14.30138    12.13670   -15.47464     0.01207 (mid-point)
   -14.20138    12.04390   -15.37416     0.01229   (sampled)
   -14.10138    11.95094   -15.27416     0.01252 (mid-point)
   -14.00138    11.85752   -15.17416     0.01274   (sampled)
   -13.90138    11.76506   -15.07309     0.01297 (mid-point)
   -13.80138    11.67273   -14.97201     0.01321   (sampled)
   -13.70138    11.57732   -14.69030     0.01344 (mid-point)
   -13.60138    11.48715   -14.40859     0.01369   (sampled)
   -13.50138    11.39543   -14.30859     0.01393 (mid-point)
   -13.40138    11.30385   -14.20859     0.01418   (sampled)
   -13.30138    11.21239   -14.10859     0.01443 (mid-point)
   -13.20138    11.12108   -14.00859     0.01469   (sampled)
   -13.10138    11.02990   -13.90859     0.01495 (mid-point)
   -13.00138    10.93886   -13.80859     0.01522   (sampled)
   -12.90138    10.84797   -13.70859     0.01549 (mid-point)
   -12.80138    10.75722   -13.60859     0.01576   (sampled)
   -12.70138    10.66525   -13.50734     0.01604 (mid-point)
   -12.60138    10.57223   -13.40608     0.01633   (sampled)
   -12.50138    10.48207   -13.30608     0.01662 (mid-point)
   -12.40138    10.39208   -13.20608     0.01691   (sampled)
   -12.30138    10.30182   -13.10608     0.01721 (mid-point)
   -12.20138    10.21055   -13.00608     0.01752   (sampled)
   -12.10138    10.11940   -12.90344     0.01783 (mid-point)
   -12.00138    10.02796   -12.80080     0.01814   (sampled)
   -11.90138     9.93595   -12.55083     0.01847 (mid-point)
   -11.80138     9.84650   -12.30086     0.01880   (sampled)
   -11.70138     9.75733   -12.19307     0.01913 (mid-point)
   -11.60138     9.66817   -12.08528     0.01947   (sampled)
   -11.50138     9.57883   -11.97704     0.01982 (mid-point)
   -11.40138     9.48943   -11.86880     0.02017   (sampled)
   -11.30138     9.40011   -11.76033     0.02053 (mid-point)
   -11.20138     9.31113   -11.65186     0.02090   (sampled)
   -11.10138     9.22303   -11.55176     0.02127 (mid-point)
   -11.00138     9.13351   -11.45167     0.02165   (sampled)
   -10.90138     9.04560   -11.35167     0.02204 (mid-point)
   -10.80138     8.95695   -11.25167     0.02244   (sampled)
   -10.70138     8.86849   -11.15167     0.02284 (mid-point)
   -10.60138     8.78024   -11.05167     0.02326   (sampled)
   -10.50138     8.69206   -10.95153     0.02368 (mid-point)
   -10.40138     8.60397   -10.85139     0.02411   (sampled)
   -10.30138     8.51565   -10.75137     0.02455 (mid-point)
   -10.20138     8.42741   -10.65135     0.02500   (sampled)
   -10.10138     8.34024   -10.55135     0.02545 (mid-point)
   -10.00138     8.25331   -10.45135     0.02592   (sampled)
    -9.90138     8.16653   -10.35120     0.02640 (mid-point)
    -9.80138     8.08000   -10.25106     0.02689   (sampled)
    -9.70138     7.99382   -10.15106     0.02738 (mid-point)
    -9.60138     7.90791   -10.05106     0.02789   (sampled)
    -9.50138     7.82226    -9.95106     0.02841 (mid-point)
    -9.40138     7.73690    -9.85106     0.02894   (sampled)
    -9.30138     7.65170    -9.75106     0.02949 (mid-point)
    -9.20138     7.56670    -9.65105     0.03004   (sampled)
    -9.10138     7.48197    -9.55102     0.03061 (mid-point)
    -9.00138     7.39755    -9.45098     0.03119   (sampled)
    -8.90138     7.31276    -9.35096     0.03179 (mid-point)
    -8.80138     7.22828    -9.25094     0.03240   (sampled)
    -8.70138     7.14506    -9.15094     0.03302 (mid-point)
    -8.60138     7.06219    -9.05094     0.03366   (sampled)
    -8.50138     6.97967    -8.95094     0.03431 (mid-point)
    -8.40138     6.89751    -8.85094     0.03498   (sampled)
    -8.30138     6.81573    -8.75094     0.03567 (mid-point)
    -8.20138     6.73433    -8.65094     0.03637   (sampled)
    -8.10138     6.65289    -8.55088     0.03709 (mid-point)
    -8.00138     6.57185    -8.45082     0.03783   (sampled)
    -7.90138     6.49167    -8.35082     0.03858 (mid-point)
    -7.80138     6.41192    -8.25082     0.03936   (sampled)
    -7.70138     6.33210    -8.15066     0.04015 (mid-point)
    -7.60138     6.25273    -8.05050     0.04096   (sampled)
    -7.50138     6.17435    -7.95050     0.04180 (mid-point)
    -7.40138     6.09645    -7.85050     0.04266   (sampled)
    -7.30138     6.01850    -7.75022     0.04353 (mid-point)
    -7.20138     5.94105    -7.64995     0.04444   (sampled)
    -7.10138     5.86469    -7.54995     0.04536 (mid-point)
    -7.00138     5.78869    -7.44995     0.04631   (sampled)
    -6.90138     5.71304    -7.34995     0.04729 (mid-point)
    -6.80138     5.63797    -7.24995     0.04829   (sampled)
    -6.70138     5.56399    -7.14993     0.04932 (mid-point)
    -6.60138     5.48965    -7.04991     0.05037   (sampled)
    -6.50138     5.41657    -6.94988     0.05146 (mid-point)
    -6.40138     5.34414    -6.84985     0.05257   (sampled)
    -6.30138     5.27261    -6.74985     0.05372 (mid-point)
    -6.20138     5.20177    -6.64985     0.05489   (sampled)
    -6.10138     5.13163    -6.54976     0.05610 (mid-point)
    -6.00138     5.06223    -6.44967     0.05734   (sampled)
    -5.90138     4.99342    -6.34967     0.05862 (mid-point)
    -5.80138     4.92514    -6.24967     0.05993   (sampled)
    -5.70138     4.85778    -6.14953     0.06128 (mid-point)
    -5.60138     4.79062    -6.04939     0.06267   (sampled)
    -5.50138     4.72524    -5.94939     0.06409 (mid-point)
    -5.40138     4.66074    -5.84939     0.06556   (sampled)
    -5.30138     4.59697    -5.74939     0.06707 (mid-point)
    -5.20138     4.53385    -5.64939     0.06861   (sampled)
    -5.10138     4.47172    -5.54931     0.07021 (mid-point)
    -5.00138     4.40993    -5.44922     0.07184   (sampled)
    -4.90138     4.35022    -5.34922     0.07353 (mid-point)
    -4.80138     4.29155    -5.24922     0.07525   (sampled)
    -4.70138     4.23396    -5.14922     0.07703 (mid-point)
    -4.60138     4.17746    -5.04922     0.07885   (sampled)
    -4.50138     4.12155    -4.94922     0.08073 (mid-point)
    -4.40138     4.06681    -4.84921     0.08265   (sampled)
    -4.30138     4.01380    -4.74918     0.08463 (mid-point)
    -4.20138     3.96169    -4.64914     0.08666   (sampled)
    -4.10138     3.91076    -4.54910     0.08874 (mid-point)
    -4.00138     3.86112    -4.44906     0.09087   (sampled)
    -3.90138     3.81260    -4.34832     0.09306 (mid-point)
    -3.80138     3.76546    -4.24757     0.09531   (sampled)
    -3.70138     3.72040    -4.14757     0.09761 (mid-point)
    -3.60138     3.67651    -4.04757     0.09996   (sampled)
    -3.50138     3.63361    -3.94732     0.10237 (mid-point)
    -3.40138     3.59223    -3.84706     0.10484   (sampled)
    -3.30138     3.55259    -3.74706     0.10736 (mid-point)
    -3.20138     3.51452    -3.64706     0.10994   (sampled)
    -3.10138     3.47916    -3.54669     0.11257 (mid-point)
    -3.00138     3.44373    -3.44631     0.11525   (sampled)
    -2.90138     3.41113    -3.34631     0.11799 (mid-point)
    -2.80138     3.38024    -3.24631     0.12077   (sampled)
    -2.70138     3.35109    -3.14631     0.12361 (mid-point)
    -2.60138     3.32371    -3.04631     0.12649   (sampled)
    -2.50138     3.29812    -2.94631     0.12942 (mid-point)
    -2.40138     3.27436    -2.84631     0.13238   (sampled)
    -2.30138     3.25239    -2.74631     0.13539 (mid-point)
    -2.20138     3.23178    -2.64631     0.13844   (sampled)
    -2.10138     3.21271    -2.54611     0.14153 (mid-point)
    -2.00138     3.19492    -2.44591     0.14464   (sampled)
    -1.90138     3.17209    -2.16122     0.14781 (mid-point)
    -1.80138     3.16534    -1.87652     0.15098   (sampled)
    -1.70138     3.15366    -1.77204     0.15418 (mid-point)
    -1.60138     3.14414    -1.66755     0.15740   (sampled)
    -1.50138     3.13680    -1.56534     0.16064 (mid-point)
    -1.40138     3.13151    -1.46313     0.16389   (sampled)
    -1.30138     3.12735    -1.33856     0.16714 (mid-point)
    -1.20138     3.12627    -1.21398     0.17040   (sampled)
    -1.10138     3.11981    -1.11197     0.17367 (mid-point)
    -1.00138     3.11544    -1.00995     0.17695   (sampled)
    -0.90138     3.10140    -0.90979     0.18026 (mid-point)
    -0.80138     3.08663    -0.80962     0.18360   (sampled)
    -0.70138     3.07154    -0.70829     0.18697 (mid-point)
    -0.60138     3.05850    -0.60696     0.19037   (sampled)
    -0.50138     3.04739    -0.50577     0.19380 (mid-point)
    -0.40138     3.03835    -0.40459     0.19725   (sampled)
    -0.30138     3.03134    -0.30424     0.20071 (mid-point)
    -0.20138     3.02639    -0.20389     0.20419   (sampled)
    -0.10138     3.02351    -0.10194     0.20767 (mid-point)
    -0.00138     3.02265    -0.00000     0.21115   (sampled)
     0.09862     3.02381     0.10244     0.21464 (mid-point)
     0.19862     3.02711     0.20489     0.21811   (sampled)
     0.29862     3.03231     0.30611     0.22157 (mid-point)
     0.39862     3.03959     0.40733     0.22502   (sampled)
     0.49862     3.04908     0.50733     0.22844 (mid-point)
     0.59862     3.06057     0.60733     0.23184   (sampled)
     0.69862     3.07083     0.70746     0.23521 (mid-point)
     0.79862     3.08307     0.80759     0.23856   (sampled)
     0.89862     3.08372     0.91296     0.24191 (mid-point)
     0.99862     3.08627     1.01833     0.24525   (sampled)
     1.09862     3.08315     1.14288     0.24860 (mid-point)
     1.19862     3.08311     1.26743     0.25195   (sampled)
     1.29862     3.08333     1.44612     0.25530 (mid-point)
     1.39862     3.08978     1.62480     0.25863   (sampled)
     1.49862     3.09573     1.72747     0.26195 (mid-point)
     1.59862     3.10379     1.83014     0.26526   (sampled)
     1.69862     3.11423     1.93289     0.26854 (mid-point)
     1.79862     3.12676     2.03563     0.27180   (sampled)
     1.89862     3.14121     2.13828     0.27502 (mid-point)
     1.99862     3.15772     2.24094     0.27821   (sampled)
     2.09862     3.16401     2.59680     0.28139 (mid-point)
     2.19862     3.19546     2.95267     0.28451   (sampled)
     2.29862     3.20302     3.35595     0.28761 (mid-point)
     2.39862     3.24261     3.75922     0.29064   (sampled)
     2.49862     3.25135     4.21439     0.29365 (mid-point)
     2.59862     3.29636     4.66955     0.29658   (sampled)
     2.69862     3.32733     4.76982     0.29946 (mid-point)
     2.79862     3.35881     4.87009     0.30228   (sampled)
     2.89862     3.39107     4.97070     0.30505 (mid-point)
     2.99862     3.42466     5.07131     0.30776   (sampled)
     3.09862     3.45985     5.17131     0.31042 (mid-point)
     3.19862     3.49629     5.27131     0.31302   (sampled)
     3.29862     3.53602     5.37134     0.31557 (mid-point)
     3.39862     3.57519     5.47136     0.31806   (sampled)
     3.49862     3.61685     5.57136     0.32049 (mid-point)
     3.59862     3.66000     5.67136     0.32287   (sampled)
     3.69862     3.70481     5.77138     0.32519 (mid-point)
     3.79862     3.75104     5.87140     0.32745   (sampled)
     3.89862     3.79812     5.97140     0.32966 (mid-point)
     3.99862     3.84645     6.07140     0.33181   (sampled)
     4.09862     3.89612     6.17140     0.33390 (mid-point)
     4.19862     3.94709     6.27140     0.33595   (sampled)
     4.29862     3.99932     6.37140     0.33794 (mid-point)
     4.39862     4.05279     6.47140     0.33988   (sampled)
     4.49862     4.10800     6.57146     0.34176 (mid-point)
     4.59862     4.16438     6.67152     0.34360   (sampled)
     4.69862     4.22235     6.77154     0.34538 (mid-point)
     4.79862     4.28122     6.87156     0.34712   (sampled)
     4.89862     4.34051     6.97156     0.34881 (mid-point)
     4.99862     4.40066     7.07156     0.35045   (sampled)
     5.09862     4.46182     7.17156     0.35205 (mid-point)
     5.19862     4.52396     7.27156     0.35361   (sampled)
     5.29862     4.58764     7.37160     0.35512 (mid-point)
     5.39862     4.65144     7.47165     0.35659   (sampled)
     5.49862     4.71677     7.57165     0.35802 (mid-point)
     5.59862     4.78292     7.67165     0.35941   (sampled)
     5.69862     4.84984     7.77182     0.36077 (mid-point)
     5.79862     4.91758     7.87198     0.36208   (sampled)
     5.89862     4.98621     7.97207     0.36336 (mid-point)
     5.99862     5.05522     8.07216     0.36461   (sampled)
     6.09862     5.12530     8.17216     0.36582 (mid-point)
     6.19862     5.19610     8.27216     0.36700   (sampled)
     6.29862     5.26760     8.37216     0.36815 (mid-point)
     6.39862     5.33978     8.47216     0.36926   (sampled)
     6.49862     5.41262     8.57216     0.37035 (mid-point)
     6.59862     5.48610     8.67216     0.37141   (sampled)
     6.69862     5.56020     8.77216     0.37244 (mid-point)
     6.79862     5.63476     8.87216     0.37344   (sampled)
     6.89862     5.70976     8.97217     0.37442 (mid-point)
     6.99862     5.78533     9.07219     0.37537   (sampled)
     7.09862     5.86146     9.17219     0.37629 (mid-point)
     7.19862     5.93813     9.27219     0.37720   (sampled)
     7.29862     6.01643     9.37222     0.37807 (mid-point)
     7.39862     6.09385     9.47226     0.37893   (sampled)
     7.49862     6.17238     9.57226     0.37977 (mid-point)
     7.59862     6.25137     9.67226     0.38058   (sampled)
     7.69862     6.33083     9.77226     0.38138 (mid-point)
     7.79862     6.41073     9.87226     0.38215   (sampled)
     7.89862     6.49075     9.97226     0.38291 (mid-point)
     7.99862     6.57119    10.07226     0.38364   (sampled)
     8.09862     6.65249    10.17242     0.38436 (mid-point)
     8.19862     6.73366    10.27258     0.38506   (sampled)
     8.29862     6.81556    10.37258     0.38575 (mid-point)
     8.39862     6.89784    10.47258     0.38642   (sampled)
     8.49862     6.98025    10.57258     0.38707 (mid-point)
     8.59862     7.06300    10.67258     0.38771   (sampled)
     8.69862     7.14651    10.77261     0.38833 (mid-point)
     8.79862     7.22988    10.87265     0.38894   (sampled)
     8.89862     7.31429    10.97265     0.38954 (mid-point)
     8.99862     7.39859    11.07266     0.39012   (sampled)
     9.09862     7.48299    11.17266     0.39069 (mid-point)
     9.19862     7.56769    11.27266     0.39124   (sampled)
     9.29862     7.65340    11.37268     0.39179 (mid-point)
     9.39862     7.73928    11.47270     0.39232   (sampled)
     9.49862     7.82495    11.57270     0.39284 (mid-point)
     9.59862     7.90951    11.67270     0.39335   (sampled)
     9.69862     7.99416    11.77297     0.39385 (mid-point)
     9.79862     8.07913    11.87325     0.39433   (sampled)
     9.89862     8.16638    11.97711     0.39481 (mid-point)
     9.99862     8.25397    12.08097     0.39528   (sampled)
    10.09862     8.33905    12.18097     0.39573 (mid-point)
    10.19862     8.42443    12.28097     0.39618   (sampled)
    10.29862     8.51315    12.38243     0.39662 (mid-point)
    10.39862     8.60168    12.48390     0.39705   (sampled)
    10.49862     8.68923    12.58395     0.39747 (mid-point)
    10.59862     8.77669    12.68399     0.39789   (sampled)
    10.69862     8.86461    12.78424     0.39829 (mid-point)
    10.79862     8.95277    12.88448     0.39869   (sampled)
    10.89862     9.04160    12.98619     0.39908 (mid-point)
    10.99862     9.13067    13.08790     0.39946   (sampled)
    11.09862     9.21824    13.18790     0.39984 (mid-point)
    11.19862     9.30604    13.28790     0.40020   (sampled)
    11.29862     9.39650    13.38833     0.40056 (mid-point)
    11.39862     9.48691    13.48876     0.40092   (sampled)
    11.49862     9.57674    13.59136     0.40126 (mid-point)
    11.59862     9.66661    13.69397     0.40161   (sampled)
    11.69862     9.75712    13.79397     0.40194 (mid-point)
    11.79862     9.84651    13.89397     0.40227   (sampled)
    11.89862     9.93742    13.99408     0.40259 (mid-point)
    11.99862    10.02715    14.09420     0.40291   (sampled)
    12.09862    10.11798    14.19420     0.40322 (mid-point)
    12.19862    10.20765    14.29420     0.40352   (sampled)
    12.29862    10.29954    14.39683     0.40382 (mid-point)
    12.39862    10.39154    14.49946     0.40412   (sampled)
    12.49862    10.48285    14.60050     0.40441 (mid-point)
    12.59862    10.57330    14.70153     0.40469   (sampled)
    12.69862    10.66574    14.80153     0.40497 (mid-point)
    12.79862    10.75772    14.90154     0.40525   (sampled)
    12.89862    10.84959    15.00180     0.40552 (mid-point)
    12.99862    10.94161    15.10207     0.40578   (sampled)
    13.09862    11.03262    15.20207     0.40605 (mid-point)
    13.19862    11.12377    15.30207     0.40630   (sampled)
    13.29862    11.21766    15.40379     0.40656 (mid-point)
    13.39862    11.31046    15.50552     0.40680   (sampled)
    13.49862    11.40320    15.60552     0.40705 (mid-point)
    13.59862    11.49486    15.70552     0.40729   (sampled)
    13.69862    11.58824    15.80727     0.40753 (mid-point)
    13.79862    11.68033    15.90902     0.40776   (sampled)
    13.89862    11.77396    16.00903     0.40799 (mid-point)
    13.99862    11.86767    16.10905     0.40822   (sampled)
    14.09862    11.96076    16.20927     0.40844 (mid-point)
    14.19862    12.05394    16.30950     0.40866   (sampled)
    14.29862    12.14766    16.40952     0.40887 (mid-point)
    14.39862    12.24068    16.50954     0.40909   (sampled)
    14.49862    12.33380    16.60954     0.40929 (mid-point)
    14.59862    12.42655    16.70954     0.40950   (sampled)
    14.69862    12.52131    16.81131     0.40970 (mid-point)
    14.79862    12.61597    16.91307     0.40990   (sampled)
    14.89862    12.70920    17.01307     0.41010 (mid-point)
    14.99862    12.80232    17.11307     0.41030   (sampled)
    15.09862    12.89710    17.22469     0.41049 (mid-point)
    15.19862    12.99004    17.33631     0.41068   (sampled)
    15.29862    13.08437    17.43772     0.41086 (mid-point)
    15.39862    13.17852    17.53913     0.41104   (sampled)
    15.49862    13.27262    17.64282     0.41123 (mid-point)
    15.59862    13.36669    17.74651     0.41140   (sampled)
    15.69862    13.46072    17.86047     0.41158 (mid-point)
    15.79862    13.55487    17.97442     0.41175   (sampled)
    15.89862    13.64883    18.16872     0.41192 (mid-point)
    15.99862    13.74465    18.36301     0.41209   (sampled)
    16.09862    13.83968    18.46301     0.41226 (mid-point)
    16.19862    13.93476    18.56301     0.41242   (sampled)
    16.29862    14.02991    18.66301     0.41258 (mid-point)
    16.39862    14.12511    18.76301     0.41274   (sampled)
    16.49862    14.22037    18.86301     0.41290 (mid-point)
    16.59862    14.31569    18.96301     0.41306   (sampled)
    16.69862    14.41107    19.06301     0.41321 (mid-point)
    16.79862    14.50650    19.16301     0.41336   (sampled)
    16.89862    14.60198    19.26301     0.41351 (mid-point)
    16.99862    14.69752    19.36301     0.41366   (sampled)
    17.09862    14.79308    19.46354     0.41380 (mid-point)
    17.19862    14.88871    19.56407     0.41395   (sampled)
    17.29862    14.98398    19.66443     0.41409 (mid-point)
    17.39862    15.07931    19.76479     0.41423   (sampled)
    17.49862    15.17471    19.86482     0.41437 (mid-point)
    17.59862    15.26953    19.96485     0.41450   (sampled)
    17.69862    15.36488    20.06491     0.41464 (mid-point)
    17.79862    15.46010    20.16497     0.41477   (sampled)
    17.89862    15.55556    20.26497     0.41490 (mid-point)
    17.99862    15.65088    20.36497     0.41503   (sampled)
    18.09862    15.74626    20.46497     0.41516 (mid-point)
    18.19862    15.84169    20.56497     0.41529   (sampled)
    18.29862    15.93739    20.66511     0.41541 (mid-point)
    18.39862    16.03287    20.76524     0.41554   (sampled)
    18.49862    16.12868    20.86524     0.41566 (mid-point)
    18.59862    16.22437    20.96524     0.41578   (sampled)
    18.69862    16.32005    21.06524     0.41590 (mid-point)
    18.79862    16.41579    21.16524     0.41602   (sampled)
    18.89862    16.51156    21.26524     0.41613 (mid-point)
    18.99862    16.60739    21.36524     0.41625   (sampled)
    19.09862    16.70326    21.46524     0.41636 (mid-point)
    19.19862    16.79918    21.56524     0.41648   (sampled)
    19.29862    16.89552    21.66546     0.41659 (mid-point)
    19.39862    16.99168    21.76568     0.41670   (sampled)
    19.49862    17.08773    21.86568     0.41681 (mid-point)
    19.59862    17.18382    21.96568     0.41691   (sampled)
    19.69862    17.27995    22.06568     0.41702 (mid-point)
    19.79862    17.37612    22.16568     0.41713   (sampled)
    19.89862    17.47234    22.26568     0.41723 (mid-point)
    19.99862    17.56859    22.36568     0.41733   (sampled)
    20.09862    17.66488    22.46568     0.41744 (mid-point)
    20.19862    17.76121    22.56568     0.41754   (sampled)
    20.29862    17.85758    22.66568     0.41764 (mid-point)
    20.39862    17.95399    22.76568     0.41774   (sampled)
    20.49862    18.05068    22.86730     0.41783 (mid-point)
    20.59862    18.14725    22.96892     0.41793   (sampled)
    20.69862    18.24393    23.06892     0.41803 (mid-point)
    20.79862    18.34048    23.16892     0.41812   (sampled)
    20.89862    18.43706    23.26892     0.41821 (mid-point)
    20.99862    18.53368    23.36892     0.41831   (sampled)
    21.09862    18.56229    25.04054     0.41840 (mid-point)
    21.19862    18.73235    26.71217     0.41849   (sampled)
    21.29862    19.06609    28.68204     0.41858 (mid-point)
    21.39862    19.55464    30.65191     0.41866   (sampled)
    21.49862    19.65445    30.75191     0.41874 (mid-point)
    21.59862    19.75423    30.85191     0.41882   (sampled)
    21.69862    19.84598    32.96929     0.41891 (mid-point)
    21.79862    20.13310    35.08667     0.41898   (sampled)
    21.89862    20.62464    37.70144     0.41906 (mid-point)
    21.99862    21.40157    40.31621     0.41913   (sampled)

 Minimum radius found:      3.023 angstroms.



 For spherical probe approach, The geometric factor
         F= sum(ds/area) along channel is    0.419 angstroms**-1
 This yields a macroscopic predicted molar conductance of:
   (1/rho)*(100/F)= (240/rho) pS,
   where rho is the conductivity of 1M permeant ion in ohm m.
 N.B. this is a macroscopic conductance - an overestimate 
 Empirically corrected conductances currently only available
 With the CAPSULE option (although its not that stable!)
 For 1M KCl rho= 1/12 (ohm m), So Gmacro= 2900 pS/M.
  (TAG      1   Rmin=     3.02265   Gmacro=  2863.08685 Conn_Gmacro=    -1.00000 ).
 HOLE: normal completion
