 *** Program HOLE ***
 
 If results of this run are reported or published, please
 cite the publication listed below.
 For the HOLE program:
   Smart, O.S., Goodfellow, J.M., Wallace, B.A. (1993). 
   The pore dimensions of gramicidin A. 
   Biophys. J., 65, 2455-2460.
 
 Originally written by Oliver Smart at Birkbeck College from April 1992.
 Copyright 1993-2005 Oliver Smart
 Copyright 2014-2015 SmartSci Limited.
 Copyright 2016 Oliver Smart.
 
 For help on HOLE suite see  http://www.holeprogram.org/
 
 HOLE release 2.2.005 (07 August 2016) 
 
 usage subject to Apache License, Version 2.0 
 see http://www.apache.org/licenses/LICENSE-2.0 

 Control variables read:

! Input file for Oliver Smart's HOLE program
! written by MDAnalysis.analysis.hole2.HoleAnalysis
! for a Universe
! u = mda.Universe(host_182.mol2
!    host_182.mol2
!   )
! Frame 0

COORD  /tmp/tmpvpq53fgz.pdb
RADIUS simple2.rad
SPHPDB hole000.sph
SAMPLE 0.200000
ENDRAD 22.000000
IGNORE SOL WAT TIP HOH K   NA  CL
SHORTO 0
RASEED 31415
CPOINT 0.0001875184 -0.0009583264 0.0736458341


 WARNING have not found a CVECT record - will try to guess
 Input pdb filename read as:    '/tmp/tmpvpq53fgz.pdb'
 Input vdW radius file read as: 'simple2.rad'
 point in channel:    0.000  -0.001   0.074
 channel vector:   ************************
 sampling distance between planes:    0.200

 graphics conditions:
 binary plot output file name: NONE
 Dot density:    10
 Draw dots?           T
 Draw close contacts? F
 Draw centre line?    T
 Produce spikes rather than dots? F
 Seed for random number generator:     31415 (0 means value set by program)
 Radius above which a result is regarded as an 'end':  22.000
 Pdb format file for sphere centres: hole000.sph

 Monte Carlo conditions:
  no of steps:  1000
  maximum displacement   0.100 angs
  'kT' initial   0.100 angs
 The spherebox and capsule options are turned off.
 (No molqpt card so will not write qpt file of the molecule)
 IGNORE card read so will ignore residue types: SOL WAT TIP HOH K   NA  CL
 no SHORTO card read so will produce full textual output
 As no PEGRAT card was found will not produce PEG polymer exclusion graph
 (No 2DMAPS card specified so will not produce 2D property maps)
 Have not found a CUT card.  Normal calculation using
   Cutoff lists with a cutsize=       1.000
   (if you wish to turn off option use a CUT -1 card)

 Have read     7 bond radius records and
              16 vdW radius records.
 From file: simple2.rad

 Have read   144 atom records.
 From file: /tmp/tmpvpq53fgz.pdb
 Will not produce graphical output

 Have opened file for pdb format output of sphere centres:  hole000.sph

  Seed integer used by ran # generator on this run      31415

 
 S/R cguess will try to guess CPOINT and/or CVECT
 
 THESE GUESSES MAY WELL BE WRONG!!!!
 Routine relies on having a reasonably symmetric
 channel oriented along x, y or z vector
 YOU ARE STRONGLY ADVISED TO CHECK THE RESULTS
                       WITH MOLECULAR GRAPHICS
 testing points from cpoint in X, Y then Z direction
   point                   pore radius
direction     1
  -5.000  -0.001   0.074    -1.225
  -4.000  -0.001   0.074    -0.359
  -3.000  -0.001   0.074     0.561
  -2.000  -0.001   0.074     1.542
  -1.000  -0.001   0.074     2.534
   0.000  -0.001   0.074     3.529
   1.000  -0.001   0.074     2.540
   2.000  -0.001   0.074     1.549
   3.000  -0.001   0.074     0.570
   4.000  -0.001   0.074    -0.342
   5.000  -0.001   0.074    -1.213
 Average pore radius along the line=      0.881
direction     2
   0.000  -5.001   0.074    -0.991
   0.000  -4.001   0.074     0.006
   0.000  -3.001   0.074     1.005
   0.000  -2.001   0.074     2.004
   0.000  -1.001   0.074     2.731
   0.000  -0.001   0.074     3.529
   0.000   0.999   0.074     2.745
   0.000   1.999   0.074     2.003
   0.000   2.999   0.074     1.004
   0.000   3.999   0.074     0.005
   0.000   4.999   0.074    -0.991
 Average pore radius along the line=      1.186
direction     3
   0.000  -0.001  -4.926     5.576
   0.000  -0.001  -3.926     4.997
   0.000  -0.001  -2.926     4.540
   0.000  -0.001  -1.926     4.059
   0.000  -0.001  -0.926     3.715
   0.000  -0.001   0.074     3.529
   0.000  -0.001   1.074     3.547
   0.000  -0.001   2.074     3.646
   0.000  -0.001   3.074     3.950
   0.000  -0.001   4.074     4.423
   0.000  -0.001   5.074     5.027
 Average pore radius along the line=      4.274
 Best direction is found to be     3
(1=X,2=Y,3=Z)
 s/r cguess has produced initial values for cpoint &/or cvect:
CPOINT       0.0002     -0.0010      0.0736
CVECT        0.0000      0.0000      1.0000
 THESE GUESSES MAY WELL BE WRONG!!!!
 Routine relies on having a reasonably symmetric
 channel oriented along x, y or z vector
 YOU ARE STRONGLY ADVISED TO CHECK THE RESULTS
                       WITH MOLECULAR GRAPHICS
 
 
  Some routines (e.g. conn) need vectors normal to cvect: 
     EAST Zero degrees angle is along vector    1.000   0.000   0.000
     NORTH  90 degrees angle is along vector    0.000  -1.000   0.000
 highest radius point found:
  at point    0.003   0.010   0.074
  closest atom surface    3.532   H22 182 X    0
  2nd closest surface     3.533   H10 182 X    0
  found on step  801
 current point:
  at point    0.002   0.021   0.074
  closest atom surface    3.531   H22 182 X    0
  2nd closest surface     3.533   H10 182 X    0
  found on step  975
  no. of rejections          425
 stored as     0

 highest radius point found:
  at point    0.003   0.010   0.274
  closest atom surface    3.519   H10 182 X    0
  2nd closest surface     3.519   H22 182 X    0
  found on step    1
 current point:
  at point    0.000   0.024   0.274
  closest atom surface    3.517   H22 182 X    0
  2nd closest surface     3.522   H10 182 X    0
  found on step  941
  no. of rejections          395
 stored as     1

 highest radius point found:
  at point    0.002   0.027   0.474
  closest atom surface    3.515   H22 182 X    0
  2nd closest surface     3.515   H10 182 X    0
  found on step  879
  this is also current point
  no. of rejections          425
 stored as     2

 highest radius point found:
  at point    0.001   0.020   0.674
  closest atom surface    3.520   H22 182 X    0
  2nd closest surface     3.520   H10 182 X    0
  found on step  951
  this is also current point
  no. of rejections          410
 stored as     3

 highest radius point found:
  at point    0.001   0.015   0.874
  closest atom surface    3.533   H10 182 X    0
  2nd closest surface     3.533   H22 182 X    0
  found on step  312
 current point:
  at point    0.002   0.017   0.874
  closest atom surface    3.532   H10 182 X    0
  2nd closest surface     3.534   H22 182 X    0
  found on step  976
  no. of rejections          405
 stored as     4

 highest radius point found:
  at point    0.001   0.007   1.074
  closest atom surface    3.553   H26 182 X    0
  2nd closest surface     3.554   H14 182 X    0
  found on step  743
 current point:
  at point   -0.003   0.002   1.074
  closest atom surface    3.551   H14 182 X    0
  2nd closest surface     3.552   H22 182 X    0
  found on step  941
  no. of rejections          419
 stored as     5

 highest radius point found:
  at point    0.027   0.023   1.274
  closest atom surface    3.557   H26 182 X    0
  2nd closest surface     3.557   H14 182 X    0
  found on step  823
 current point:
  at point   -0.013   0.000   1.274
  closest atom surface    3.556   H26 182 X    0
  2nd closest surface     3.557   H14 182 X    0
  found on step  917
  no. of rejections          423
 stored as     6

 highest radius point found:
  at point    0.001   0.008   1.474
  closest atom surface    3.568   H14 182 X    0
  2nd closest surface     3.568   H26 182 X    0
  found on step  695
 current point:
  at point    0.024   0.021   1.474
  closest atom surface    3.568   H14 182 X    0
  2nd closest surface     3.569   H26 182 X    0
  found on step  922
  no. of rejections          431
 stored as     7

 highest radius point found:
  at point    0.045   0.034   1.674
  closest atom surface    3.589   H14 182 X    0
  2nd closest surface     3.589   H26 182 X    0
  found on step  956
  this is also current point
  no. of rejections          411
 stored as     8

 highest radius point found:
  at point    0.043   0.034   1.874
  closest atom surface    3.618   H26 182 X    0
  2nd closest surface     3.618   H14 182 X    0
  found on step  452
 current point:
  at point   -0.038  -0.014   1.874
  closest atom surface    3.617   H14 182 X    0
  2nd closest surface     3.619   H26 182 X    0
  found on step  970
  no. of rejections          387
 stored as     9

 highest radius point found:
  at point   -0.080  -0.036   2.074
  closest atom surface    3.656   H14 182 X    0
  2nd closest surface     3.656   H26 182 X    0
  found on step  880
 current point:
  at point   -0.072  -0.032   2.074
  closest atom surface    3.656   H14 182 X    0
  2nd closest surface     3.656   H26 182 X    0
  found on step  950
  no. of rejections          391
 stored as    10

 highest radius point found:
  at point   -0.094  -0.044   2.274
  closest atom surface    3.702   H14 182 X    0
  2nd closest surface     3.702   H26 182 X    0
  found on step  715
 current point:
  at point    0.063   0.046   2.274
  closest atom surface    3.701   H26 182 X    0
  2nd closest surface     3.702   H14 182 X    0
  found on step  951
  no. of rejections          376
 stored as    11

 highest radius point found:
  at point    0.098   0.066   2.474
  closest atom surface    3.755   H14 182 X    0
  2nd closest surface     3.757   H26 182 X    0
  found on step  154
 current point:
  at point    0.075   0.054   2.474
  closest atom surface    3.755   H26 182 X    0
  2nd closest surface     3.756   H14 182 X    0
  found on step 1000
  no. of rejections          404
 stored as    12

 highest radius point found:
  at point    0.107   0.072   2.674
  closest atom surface    3.817   H14 182 X    0
  2nd closest surface     3.818   H26 182 X    0
  found on step  789
 current point:
  at point   -0.116  -0.053   2.674
  closest atom surface    3.816   H26 182 X    0
  2nd closest surface     3.819   H14 182 X    0
  found on step  949
  no. of rejections          373
 stored as    13

 highest radius point found:
  at point    0.120   0.081   2.874
  closest atom surface    3.887   H14 182 X    0
  2nd closest surface     3.887   H26 182 X    0
  found on step  812
 current point:
  at point    0.102   0.071   2.874
  closest atom surface    3.886   H26 182 X    0
  2nd closest surface     3.887   H14 182 X    0
  found on step  999
  no. of rejections          396
 stored as    14

 highest radius point found:
  at point   -0.143  -0.069   3.074
  closest atom surface    3.963   H26 182 X    0
  2nd closest surface     3.964   H14 182 X    0
  found on step  603
 current point:
  at point   -0.031  -0.006   3.074
  closest atom surface    3.960   H14 182 X    0
  2nd closest surface     3.961   H26 182 X    0
  found on step  929
  no. of rejections          362
 stored as    15

 highest radius point found:
  at point   -0.143  -0.069   3.274
  closest atom surface    4.046   H14 182 X    0
  2nd closest surface     4.046   H26 182 X    0
  found on step    1
 current point:
  at point    0.081   0.060   3.274
  closest atom surface    4.044   H26 182 X    0
  2nd closest surface     4.045   H14 182 X    0
  found on step  993
  no. of rejections          364
 stored as    16

 highest radius point found:
  at point   -0.163  -0.079   3.474
  closest atom surface    4.135   H26 182 X    0
  2nd closest surface     4.136   H14 182 X    0
  found on step  897
  this is also current point
  no. of rejections          381
 stored as    17

 highest radius point found:
  at point   -0.163  -0.079   3.674
  closest atom surface    4.231   H14 182 X    0
  2nd closest surface     4.231   H26 182 X    0
  found on step    1
 current point:
  at point   -0.017   0.004   3.674
  closest atom surface    4.228   H26 182 X    0
  2nd closest surface     4.228   H14 182 X    0
  found on step  904
  no. of rejections          372
 stored as    18

 highest radius point found:
  at point    0.186   0.123   3.874
  closest atom surface    4.333   H26 182 X    0
  2nd closest surface     4.333   H33 182 X    0
  found on step  743
 current point:
  at point    0.142   0.096   3.874
  closest atom surface    4.331   H14 182 X    0
  2nd closest surface     4.332   H26 182 X    0
  found on step  946
  no. of rejections          375
 stored as    19

 highest radius point found:
  at point    0.189   0.124   4.074
  closest atom surface    4.440   H14 182 X    0
  2nd closest surface     4.440   H26 182 X    0
  found on step  971
  this is also current point
  no. of rejections          351
 stored as    20

 highest radius point found:
  at point    0.200   0.131   4.274
  closest atom surface    4.552   H32 182 X    0
  2nd closest surface     4.552   H26 182 X    0
  found on step  837
 current point:
  at point    0.035   0.036   4.274
  closest atom surface    4.547   H14 182 X    0
  2nd closest surface     4.548   H26 182 X    0
  found on step  946
  no. of rejections          338
 stored as    21

 highest radius point found:
  at point    0.200   0.131   4.474
  closest atom surface    4.669   H26 182 X    0
  2nd closest surface     4.669   H14 182 X    0
  found on step    1
 current point:
  at point   -0.177  -0.084   4.474
  closest atom surface    4.667   H26 182 X    0
  2nd closest surface     4.667   H14 182 X    0
  found on step  989
  no. of rejections          332
 stored as    22

 highest radius point found:
  at point    0.200   0.131   4.674
  closest atom surface    4.789   H14 182 X    0
  2nd closest surface     4.790   H26 182 X    0
  found on step    1
 current point:
  at point   -0.168  -0.079   4.674
  closest atom surface    4.788   H14 182 X    0
  2nd closest surface     4.788   H26 182 X    0
  found on step  996
  no. of rejections          357
 stored as    23

 highest radius point found:
  at point   -0.247  -0.121   4.874
  closest atom surface    4.915   H26 182 X    0
  2nd closest surface     4.916   H20 182 X    0
  found on step  374
 current point:
  at point   -0.075  -0.025   4.874
  closest atom surface    4.911   H26 182 X    0
  2nd closest surface     4.911   H14 182 X    0
  found on step  985
  no. of rejections          331
 stored as    24

 highest radius point found:
  at point   -0.241  -0.119   5.074
  closest atom surface    5.045   H26 182 X    0
  2nd closest surface     5.046   H14 182 X    0
  found on step  770
 current point:
  at point   -0.236  -0.118   5.074
  closest atom surface    5.045   H14 182 X    0
  2nd closest surface     5.046   H26 182 X    0
  found on step  979
  no. of rejections          347
 stored as    25

 highest radius point found:
  at point   -0.241  -0.119   5.274
  closest atom surface    5.179   H26 182 X    0
  2nd closest surface     5.179   H14 182 X    0
  found on step    1
 current point:
  at point    0.089   0.070   5.274
  closest atom surface    5.174   H26 182 X    0
  2nd closest surface     5.174   H14 182 X    0
  found on step  940
  no. of rejections          326
 stored as    26

 highest radius point found:
  at point   -0.241  -0.119   5.474
  closest atom surface    5.315   H14 182 X    0
  2nd closest surface     5.316   H26 182 X    0
  found on step    1
 current point:
  at point    0.180   0.122   5.474
  closest atom surface    5.313   H14 182 X    0
  2nd closest surface     5.314   H26 182 X    0
  found on step  975
  no. of rejections          343
 stored as    27

 highest radius point found:
  at point   -0.237  -0.115   5.674
  closest atom surface    5.455   H26 182 X    0
  2nd closest surface     5.456   H14 182 X    0
  found on step  862
 current point:
  at point   -0.225  -0.109   5.674
  closest atom surface    5.455   H14 182 X    0
  2nd closest surface     5.455   H26 182 X    0
  found on step  896
  no. of rejections          334
 stored as    28

 highest radius point found:
  at point   -0.246  -0.121   5.874
  closest atom surface    5.599   H14 182 X    0
  2nd closest surface     5.599   H26 182 X    0
  found on step  833
 current point:
  at point   -0.212  -0.101   5.874
  closest atom surface    5.597   H26 182 X    0
  2nd closest surface     5.597   H14 182 X    0
  found on step  921
  no. of rejections          356
 stored as    29

 highest radius point found:
  at point   -0.246  -0.121   6.074
  closest atom surface    5.744   H14 182 X    0
  2nd closest surface     5.745   H26 182 X    0
  found on step    1
 current point:
  at point    0.178   0.123   6.074
  closest atom surface    5.742   H26 182 X    0
  2nd closest surface     5.743   H14 182 X    0
  found on step  898
  no. of rejections          336
 stored as    30

 highest radius point found:
  at point   -0.252  -0.122   6.274
  closest atom surface    5.893   H26 182 X    0
  2nd closest surface     5.894   H14 182 X    0
  found on step  851
 current point:
  at point   -0.236  -0.114   6.274
  closest atom surface    5.893   H14 182 X    0
  2nd closest surface     5.893   H26 182 X    0
  found on step  903
  no. of rejections          325
 stored as    31

 highest radius point found:
  at point   -0.252  -0.122   6.474
  closest atom surface    6.045   H26 182 X    0
  2nd closest surface     6.045   H14 182 X    0
  found on step    1
 current point:
  at point    0.194   0.133   6.474
  closest atom surface    6.043   H14 182 X    0
  2nd closest surface     6.043   H26 182 X    0
  found on step  968
  no. of rejections          321
 stored as    32

 highest radius point found:
  at point   -0.252  -0.122   6.674
  closest atom surface    6.198   H14 182 X    0
  2nd closest surface     6.199   H26 182 X    0
  found on step    1
 current point:
  at point   -0.249  -0.119   6.674
  closest atom surface    6.198   H26 182 X    0
  2nd closest surface     6.198   H14 182 X    0
  found on step  960
  no. of rejections          306
 stored as    33

 highest radius point found:
  at point   -0.252  -0.121   6.874
  closest atom surface    6.354   H14 182 X    0
  2nd closest surface     6.354   H26 182 X    0
  found on step  827
 current point:
  at point   -0.226  -0.106   6.874
  closest atom surface    6.353   H14 182 X    0
  2nd closest surface     6.353   H26 182 X    0
  found on step  942
  no. of rejections          330
 stored as    34

 highest radius point found:
  at point   -0.252  -0.121   7.074
  closest atom surface    6.512   H14 182 X    0
  2nd closest surface     6.513   H26 182 X    0
  found on step    1
 current point:
  at point    0.190   0.133   7.074
  closest atom surface    6.510   H14 182 X    0
  2nd closest surface     6.510   H26 182 X    0
  found on step  927
  no. of rejections          331
 stored as    35

 highest radius point found:
  at point   -0.252  -0.121   7.274
  closest atom surface    6.671   H14 182 X    0
  2nd closest surface     6.673   H26 182 X    0
  found on step    1
 current point:
  at point    0.190   0.130   7.274
  closest atom surface    6.668   H14 182 X    0
  2nd closest surface     6.672   H26 182 X    0
  found on step  994
  no. of rejections          308
 stored as    36

 highest radius point found:
  at point   -0.235  -0.109   7.474
  closest atom surface    6.833   H26 182 X    0
  2nd closest surface     6.833   H14 182 X    0
  found on step  956
  this is also current point
  no. of rejections          302
 stored as    37

 highest radius point found:
  at point   -0.249  -0.117   7.674
  closest atom surface    6.997   H26 182 X    0
  2nd closest surface     6.997   H14 182 X    0
  found on step  760
 current point:
  at point   -0.083  -0.022   7.674
  closest atom surface    6.992   H26 182 X    0
  2nd closest surface     6.993   H14 182 X    0
  found on step  976
  no. of rejections          298
 stored as    38

 highest radius point found:
  at point   -0.249  -0.117   7.874
  closest atom surface    7.162   H14 182 X    0
  2nd closest surface     7.162   H26 182 X    0
  found on step    1
 current point:
  at point   -0.246  -0.115   7.874
  closest atom surface    7.162   H14 182 X    0
  2nd closest surface     7.162   H26 182 X    0
  found on step  941
  no. of rejections          319
 stored as    39

 highest radius point found:
  at point   -0.249  -0.117   8.074
  closest atom surface    7.328   H14 182 X    0
  2nd closest surface     7.329   H26 182 X    0
  found on step    1
 current point:
  at point   -0.245  -0.116   8.074
  closest atom surface    7.327   H14 182 X    0
  2nd closest surface     7.330   H26 182 X    0
  found on step 1000
  no. of rejections          312
 stored as    40

 highest radius point found:
  at point   -0.263  -0.125   8.274
  closest atom surface    7.497   H14 182 X    0
  2nd closest surface     7.498   H26 182 X    0
  found on step  859
 current point:
  at point   -0.207  -0.091   8.274
  closest atom surface    7.495   H14 182 X    0
  2nd closest surface     7.495   H26 182 X    0
  found on step  883
  no. of rejections          279
 stored as    41

 highest radius point found:
  at point   -0.263  -0.125   8.474
  closest atom surface    7.666   H14 182 X    0
  2nd closest surface     7.667   H26 182 X    0
  found on step    1
 current point:
  at point   -0.246  -0.113   8.474
  closest atom surface    7.666   H14 182 X    0
  2nd closest surface     7.666   H26 182 X    0
  found on step  975
  no. of rejections          298
 stored as    42

 highest radius point found:
  at point   -0.268  -0.126   8.674
  closest atom surface    7.837   H14 182 X    0
  2nd closest surface     7.837   H20 182 X    0
  found on step  991
  this is also current point
  no. of rejections          311
 stored as    43

 highest radius point found:
  at point   -0.268  -0.126   8.874
  closest atom surface    8.009   H14 182 X    0
  2nd closest surface     8.010   H20 182 X    0
  found on step    1
 current point:
  at point    0.205   0.146   8.874
  closest atom surface    8.007   H14 182 X    0
  2nd closest surface     8.008   H32 182 X    0
  found on step  995
  no. of rejections          321
 stored as    44

 highest radius point found:
  at point   -0.268  -0.126   9.074
  closest atom surface    8.181   H14 182 X    0
  2nd closest surface     8.183   H26 182 X    0
  found on step    1
 current point:
  at point   -0.228  -0.101   9.074
  closest atom surface    8.181   H14 182 X    0
  2nd closest surface     8.181   H26 182 X    0
  found on step  877
  no. of rejections          296
 stored as    45

 highest radius point found:
  at point   -0.268  -0.126   9.274
  closest atom surface    8.355   H14 182 X    0
  2nd closest surface     8.357   H26 182 X    0
  found on step    1
 current point:
  at point    0.154   0.120   9.274
  closest atom surface    8.353   H26 182 X    0
  2nd closest surface     8.354   H14 182 X    0
  found on step  993
  no. of rejections          288
 stored as    46

 highest radius point found:
  at point   -0.275  -0.125   9.474
  closest atom surface    8.531   H26 182 X    0
  2nd closest surface     8.532   H20 182 X    0
  found on step  418
 current point:
  at point   -0.207  -0.086   9.474
  closest atom surface    8.529   H26 182 X    0
  2nd closest surface     8.530   H14 182 X    0
  found on step  997
  no. of rejections          287
 stored as    47

 highest radius point found:
  at point   -0.275  -0.125   9.674
  closest atom surface    8.707   H26 182 X    0
  2nd closest surface     8.708   H14 182 X    0
  found on step    1
 current point:
  at point   -0.254  -0.114   9.674
  closest atom surface    8.707   H14 182 X    0
  2nd closest surface     8.707   H26 182 X    0
  found on step  924
  no. of rejections          270
 stored as    48

 highest radius point found:
  at point   -0.275  -0.125   9.874
  closest atom surface    8.885   H26 182 X    0
  2nd closest surface     8.885   H14 182 X    0
  found on step    1
 current point:
  at point   -0.149  -0.053   9.874
  closest atom surface    8.881   H26 182 X    0
  2nd closest surface     8.881   H14 182 X    0
  found on step  965
  no. of rejections          272
 stored as    49

 highest radius point found:
  at point   -0.275  -0.125  10.074
  closest atom surface    9.062   H14 182 X    0
  2nd closest surface     9.063   H26 182 X    0
  found on step    1
 current point:
  at point   -0.071  -0.008  10.074
  closest atom surface    9.058   H26 182 X    0
  2nd closest surface     9.058   H14 182 X    0
  found on step  980
  no. of rejections          248
 stored as    50

 highest radius point found:
  at point   -0.275  -0.125  10.274
  closest atom surface    9.241   H14 182 X    0
  2nd closest surface     9.242   H26 182 X    0
  found on step    1
 current point:
  at point   -0.285  -0.127  10.274
  closest atom surface    9.240   H20 182 X    0
  2nd closest surface     9.240   H26 182 X    0
  found on step  977
  no. of rejections          284
 stored as    51

 highest radius point found:
  at point   -0.275  -0.125  10.474
  closest atom surface    9.420   H14 182 X    0
  2nd closest surface     9.421   H26 182 X    0
  found on step    1
 current point:
  at point   -0.233  -0.100  10.474
  closest atom surface    9.419   H14 182 X    0
  2nd closest surface     9.419   H26 182 X    0
  found on step  973
  no. of rejections          264
 stored as    52

 highest radius point found:
  at point   -0.275  -0.125  10.674
  closest atom surface    9.600   H14 182 X    0
  2nd closest surface     9.602   H26 182 X    0
  found on step    1
 current point:
  at point   -0.133  -0.041  10.674
  closest atom surface    9.597   H26 182 X    0
  2nd closest surface     9.597   H14 182 X    0
  found on step  999
  no. of rejections          286
 stored as    53

 highest radius point found:
  at point   -0.279  -0.122  10.874
  closest atom surface    9.781   H26 182 X    0
  2nd closest surface     9.782   H14 182 X    0
  found on step  872
 current point:
  at point   -0.262  -0.117  10.874
  closest atom surface    9.781   H14 182 X    0
  2nd closest surface     9.782   H26 182 X    0
  found on step  995
  no. of rejections          280
 stored as    54

 highest radius point found:
  at point   -0.281  -0.124  11.074
  closest atom surface    9.963   H26 182 X    0
  2nd closest surface     9.964   H14 182 X    0
  found on step  184
 current point:
  at point    0.199   0.152  11.074
  closest atom surface    9.961   H26 182 X    0
  2nd closest surface     9.963   H14 182 X    0
  found on step  983
  no. of rejections          254
 stored as    55

 highest radius point found:
  at point   -0.225  -0.093  11.274
  closest atom surface   10.144   H14 182 X    0
  2nd closest surface    10.144   H26 182 X    0
  found on step  966
  this is also current point
  no. of rejections          289
 stored as    56

 highest radius point found:
  at point   -0.089  -0.014  11.474
  closest atom surface   10.324   H26 182 X    0
  2nd closest surface    10.324   H14 182 X    0
  found on step  753
 current point:
  at point    0.090   0.086  11.474
  closest atom surface   10.324   H14 182 X    0
  2nd closest surface    10.324   C37 182 X    0
  found on step  970
  no. of rejections          289
 stored as    57

 highest radius point found:
  at point   -0.033   0.019  11.674
  closest atom surface   10.507   H26 182 X    0
  2nd closest surface    10.507   H14 182 X    0
  found on step  341
 current point:
  at point   -0.002   0.037  11.674
  closest atom surface   10.507   H26 182 X    0
  2nd closest surface    10.508   H14 182 X    0
  found on step  998
  no. of rejections          280
 stored as    58

 highest radius point found:
  at point   -0.010   0.016  11.874
  closest atom surface   10.681   C37 182 X    0
  2nd closest surface    10.683   C52 182 X    0
  found on step  982
  this is also current point
  no. of rejections          281
 stored as    59

 highest radius point found:
  at point   -0.154   0.017  12.074
  closest atom surface   10.841   C52 182 X    0
  2nd closest surface    10.841   C37 182 X    0
  found on step  805
 current point:
  at point   -0.058   0.016  12.074
  closest atom surface   10.840   C52 182 X    0
  2nd closest surface    10.840   C37 182 X    0
  found on step  929
  no. of rejections          274
 stored as    60

 highest radius point found:
  at point   -0.365   0.019  12.274
  closest atom surface   11.004   C52 182 X    0
  2nd closest surface    11.004   H26 182 X    0
  found on step  827
 current point:
  at point   -0.347   0.019  12.274
  closest atom surface   11.004   C37 182 X    0
  2nd closest surface    11.004   C52 182 X    0
  found on step  889
  no. of rejections          285
 stored as    61

 highest radius point found:
  at point   -0.506   0.020  12.474
  closest atom surface   11.169   C52 182 X    0
  2nd closest surface    11.169   H26 182 X    0
  found on step  797
 current point:
  at point   -0.513   0.020  12.474
  closest atom surface   11.168   H26 182 X    0
  2nd closest surface    11.169   C52 182 X    0
  found on step  968
  no. of rejections          315
 stored as    62

 highest radius point found:
  at point    0.550   0.011  12.674
  closest atom surface   11.332   C37 182 X    0
  2nd closest surface    11.333   C52 182 X    0
  found on step  905
  this is also current point
  no. of rejections          295
 stored as    63

 highest radius point found:
  at point   -0.794   0.023  12.874
  closest atom surface   11.506   H26 182 X    0
  2nd closest surface    11.507   C52 182 X    0
  found on step  974
  this is also current point
  no. of rejections          290
 stored as    64

 highest radius point found:
  at point   -0.825   0.027  13.074
  closest atom surface   11.671   C37 182 X    0
  2nd closest surface    11.673   C52 182 X    0
  found on step  432
 current point:
  at point   -0.803   0.026  13.074
  closest atom surface   11.670   C37 182 X    0
  2nd closest surface    11.672   C52 182 X    0
  found on step  992
  no. of rejections          298
 stored as    65

 highest radius point found:
  at point   -0.953   0.028  13.274
  closest atom surface   11.844   C37 182 X    0
  2nd closest surface    11.845   C52 182 X    0
  found on step  964
  this is also current point
  no. of rejections          286
 stored as    66

 highest radius point found:
  at point   -1.032   0.028  13.474
  closest atom surface   12.015   C37 182 X    0
  2nd closest surface    12.015   C52 182 X    0
  found on step  960
  this is also current point
  no. of rejections          263
 stored as    67

 highest radius point found:
  at point   -1.114   0.026  13.674
  closest atom surface   12.186   C52 182 X    0
  2nd closest surface    12.186   N6  182 X    0
  found on step  961
  this is also current point
  no. of rejections          283
 stored as    68

 highest radius point found:
  at point   -1.193   0.018  13.874
  closest atom surface   12.354   C52 182 X    0
  2nd closest surface    12.358   N6  182 X    0
  found on step   15
 current point:
  at point   -1.627  -0.134  13.874
  closest atom surface   12.293   N6  182 X    0
  2nd closest surface    12.313   C52 182 X    0
  found on step  995
  no. of rejections          236
 stored as    69

 highest radius point found:
  at point   -1.250   0.028  14.074
  closest atom surface   12.531   C52 182 X    0
  2nd closest surface    12.533   N6  182 X    0
  found on step    9
 current point:
  at point   -1.085   0.018  14.074
  closest atom surface   12.513   C52 182 X    0
  2nd closest surface    12.525   C37 182 X    0
  found on step  994
  no. of rejections          304
 stored as    70

 highest radius point found:
  at point   -1.334   0.027  14.274
  closest atom surface   12.705   N6  182 X    0
  2nd closest surface    12.706   C52 182 X    0
  found on step  955
  this is also current point
  no. of rejections          296
 stored as    71

 highest radius point found:
  at point   -1.398   0.029  14.474
  closest atom surface   12.881   C52 182 X    0
  2nd closest surface    12.882   N6  182 X    0
  found on step  543
 current point:
  at point   -1.379   0.033  14.474
  closest atom surface   12.881   C37 182 X    0
  2nd closest surface    12.882   C52 182 X    0
  found on step  890
  no. of rejections          286
 stored as    72

 highest radius point found:
  at point   -1.454   0.036  14.674
  closest atom surface   13.057   C37 182 X    0
  2nd closest surface    13.060   C52 182 X    0
  found on step  926
  this is also current point
  no. of rejections          267
 stored as    73

 highest radius point found:
  at point   -1.530   0.036  14.874
  closest atom surface   13.235   C37 182 X    0
  2nd closest surface    13.236   N6  182 X    0
  found on step  865
 current point:
  at point   -1.517   0.034  14.874
  closest atom surface   13.234   C52 182 X    0
  2nd closest surface    13.235   C37 182 X    0
  found on step  904
  no. of rejections          268
 stored as    74

 highest radius point found:
  at point   -1.610   0.029  15.074
  closest atom surface   13.412   C52 182 X    0
  2nd closest surface    13.414   N6  182 X    0
  found on step  734
 current point:
  at point   -1.596   0.032  15.074
  closest atom surface   13.412   C52 182 X    0
  2nd closest surface    13.416   C37 182 X    0
  found on step  979
  no. of rejections          263
 stored as    75

 highest radius point found:
  at point   -1.659   0.036  15.274
  closest atom surface   13.592   C52 182 X    0
  2nd closest surface    13.592   C37 182 X    0
  found on step  989
  this is also current point
  no. of rejections          261
 stored as    76

 highest radius point found:
  at point   -1.741   0.033  15.474
  closest atom surface   13.771   C52 182 X    0
  2nd closest surface    13.774   N6  182 X    0
  found on step  998
  this is also current point
  no. of rejections          220
 stored as    77

 highest radius point found:
  at point   -1.816   0.029  15.674
  closest atom surface   13.950   C52 182 X    0
  2nd closest surface    13.955   N6  182 X    0
  found on step  307
 current point:
  at point   -2.202  -0.118  15.674
  closest atom surface   13.919   N6  182 X    0
  2nd closest surface    13.925   C52 182 X    0
  found on step  986
  no. of rejections          207
 stored as    78

 highest radius point found:
  at point   -1.885   0.039  15.874
  closest atom surface   14.135   N6  182 X    0
  2nd closest surface    14.135   C52 182 X    0
  found on step  961
  this is also current point
  no. of rejections          257
 stored as    79

 highest radius point found:
  at point   -2.020   0.009  16.074
  closest atom surface   14.310   C52 182 X    0
  2nd closest surface    14.312   N6  182 X    0
  found on step   39
 current point:
  at point   -2.436  -0.164  16.074
  closest atom surface   14.283   N6  182 X    0
  2nd closest surface    14.284   C52 182 X    0
  found on step  996
  no. of rejections          211
 stored as    80

 highest radius point found:
  at point   -2.037   0.037  16.274
  closest atom surface   14.499   N6  182 X    0
  2nd closest surface    14.500   C52 182 X    0
  found on step  996
  this is also current point
  no. of rejections          245
 stored as    81

 highest radius point found:
  at point   -2.099   0.040  16.474
  closest atom surface   14.683   N6  182 X    0
  2nd closest surface    14.684   C52 182 X    0
  found on step  978
  this is also current point
  no. of rejections          256
 stored as    82

 highest radius point found:
  at point   -2.162   0.043  16.674
  closest atom surface   14.868   C37 182 X    0
  2nd closest surface    14.868   C52 182 X    0
  found on step  990
  this is also current point
  no. of rejections          225
 stored as    83

 highest radius point found:
  at point   -2.236   0.044  16.874
  closest atom surface   15.053   N6  182 X    0
  2nd closest surface    15.053   C37 182 X    0
  found on step  958
  this is also current point
  no. of rejections          254
 stored as    84

 highest radius point found:
  at point   -2.307   0.045  17.074
  closest atom surface   15.238   N6  182 X    0
  2nd closest surface    15.239   C37 182 X    0
  found on step   79
 current point:
  at point   -2.811  -0.169  17.074
  closest atom surface   15.216   N6  182 X    0
  2nd closest surface    15.216   C52 182 X    0
  found on step  993
  no. of rejections          214
 stored as    85

 highest radius point found:
  at point   -2.377   0.041  17.274
  closest atom surface   15.423   C52 182 X    0
  2nd closest surface    15.425   N6  182 X    0
  found on step   23
 current point:
  at point   -2.427   0.026  17.274
  closest atom surface   15.422   N6  182 X    0
  2nd closest surface    15.422   C52 182 X    0
  found on step  979
  no. of rejections          216
 stored as    86

 highest radius point found:
  at point   -2.458   0.042  17.474
  closest atom surface   15.611   C52 182 X    0
  2nd closest surface    15.611   N6  182 X    0
  found on step  971
  this is also current point
  no. of rejections          257
 stored as    87

 highest radius point found:
  at point   -2.548   0.035  17.674
  closest atom surface   15.797   N6  182 X    0
  2nd closest surface    15.797   C52 182 X    0
  found on step  727
 current point:
  at point   -2.729  -0.041  17.674
  closest atom surface   15.790   N6  182 X    0
  2nd closest surface    15.790   C52 182 X    0
  found on step  981
  no. of rejections          273
 stored as    88

 highest radius point found:
  at point   -2.618   0.039  17.874
  closest atom surface   15.985   N6  182 X    0
  2nd closest surface    15.986   C52 182 X    0
  found on step  109
 current point:
  at point   -2.686   0.007  17.874
  closest atom surface   15.982   C52 182 X    0
  2nd closest surface    15.983   N6  182 X    0
  found on step  997
  no. of rejections          225
 stored as    89

 highest radius point found:
  at point   -2.694   0.036  18.074
  closest atom surface   16.173   N6  182 X    0
  2nd closest surface    16.174   C52 182 X    0
  found on step  605
 current point:
  at point   -3.224  -0.189  18.074
  closest atom surface   16.163   N6  182 X    0
  2nd closest surface    16.164   C52 182 X    0
  found on step  952
  no. of rejections          225
 stored as    90

 highest radius point found:
  at point   -2.731   0.049  18.274
  closest atom surface   16.364   C52 182 X    0
  2nd closest surface    16.364   N6  182 X    0
  found on step  953
  this is also current point
  no. of rejections          268
 stored as    91

 highest radius point found:
  at point   -2.834   0.039  18.474
  closest atom surface   16.552   N6  182 X    0
  2nd closest surface    16.553   C52 182 X    0
  found on step   38
 current point:
  at point   -2.845   0.034  18.474
  closest atom surface   16.552   N6  182 X    0
  2nd closest surface    16.553   C52 182 X    0
  found on step  939
  no. of rejections          212
 stored as    92

 highest radius point found:
  at point   -2.870   0.054  18.674
  closest atom surface   16.743   C37 182 X    0
  2nd closest surface    16.743   N6  182 X    0
  found on step  700
 current point:
  at point   -2.884   0.045  18.674
  closest atom surface   16.742   C52 182 X    0
  2nd closest surface    16.743   N6  182 X    0
  found on step  975
  no. of rejections          258
 stored as    93

 highest radius point found:
  at point   -3.461  -0.166  18.874
  closest atom surface   16.930   N6  182 X    0
  2nd closest surface    16.931   C52 182 X    0
  found on step  859
 current point:
  at point   -3.467  -0.170  18.874
  closest atom surface   16.930   C52 182 X    0
  2nd closest surface    16.930   N5  182 X    0
  found on step  962
  no. of rejections          191
 stored as    94

 highest radius point found:
  at point   -3.013   0.054  19.074
  closest atom surface   17.125   N6  182 X    0
  2nd closest surface    17.125   C52 182 X    0
  found on step  115
 current point:
  at point   -3.523  -0.160  19.074
  closest atom surface   17.123   N6  182 X    0
  2nd closest surface    17.123   N5  182 X    0
  found on step  999
  no. of rejections          182
 stored as    95

 highest radius point found:
  at point   -3.594  -0.156  19.274
  closest atom surface   17.315   N5  182 X    0
  2nd closest surface    17.316   N6  182 X    0
  found on step  915
  this is also current point
  no. of rejections          207
 stored as    96

 highest radius point found:
  at point   -3.604  -0.135  19.474
  closest atom surface   17.509   N6  182 X    0
  2nd closest surface    17.509   C52 182 X    0
  found on step  928
  this is also current point
  no. of rejections          216
 stored as    97

 highest radius point found:
  at point   -3.635  -0.116  19.674
  closest atom surface   17.702   N6  182 X    0
  2nd closest surface    17.702   C52 182 X    0
  found on step  928
  this is also current point
  no. of rejections          201
 stored as    98

 highest radius point found:
  at point   -3.763  -0.137  19.874
  closest atom surface   17.897   N5  182 X    0
  2nd closest surface    17.897   N6  182 X    0
  found on step  947
  this is also current point
  no. of rejections          184
 stored as    99

 highest radius point found:
  at point   -3.806  -0.126  20.074
  closest atom surface   18.091   N6  182 X    0
  2nd closest surface    18.091   C52 182 X    0
  found on step  956
  this is also current point
  no. of rejections          174
 stored as   100

 highest radius point found:
  at point   -3.881  -0.130  20.274
  closest atom surface   18.285   N5  182 X    0
  2nd closest surface    18.285   C52 182 X    0
  found on step  943
  this is also current point
  no. of rejections          196
 stored as   101

 highest radius point found:
  at point   -3.923  -0.116  20.474
  closest atom surface   18.480   C52 182 X    0
  2nd closest surface    18.480   N6  182 X    0
  found on step  988
  this is also current point
  no. of rejections          209
 stored as   102

 highest radius point found:
  at point   -3.988  -0.110  20.674
  closest atom surface   18.675   N6  182 X    0
  2nd closest surface    18.676   N5  182 X    0
  found on step  995
  this is also current point
  no. of rejections          172
 stored as   103

 highest radius point found:
  at point   -4.056  -0.107  20.874
  closest atom surface   18.871   N5  182 X    0
  2nd closest surface    18.871   N6  182 X    0
  found on step 1000
  this is also current point
  no. of rejections          198
 stored as   104

 highest radius point found:
  at point   -4.113  -0.103  21.074
  closest atom surface   19.066   N5  182 X    0
  2nd closest surface    19.067   C52 182 X    0
  found on step  944
  this is also current point
  no. of rejections          189
 stored as   105

 highest radius point found:
  at point   -4.174  -0.086  21.274
  closest atom surface   19.261   N6  182 X    0
  2nd closest surface    19.262   N5  182 X    0
  found on step  225
 current point:
  at point   -4.194  -0.083  21.274
  closest atom surface   19.260   N6  182 X    0
  2nd closest surface    19.261   N5  182 X    0
  found on step  983
  no. of rejections          143
 stored as   106

 highest radius point found:
  at point   -4.226  -0.088  21.474
  closest atom surface   19.458   N6  182 X    0
  2nd closest surface    19.459   N5  182 X    0
  found on step  991
  this is also current point
  no. of rejections          164
 stored as   107

 highest radius point found:
  at point   -4.280  -0.080  21.674
  closest atom surface   19.655   N6  182 X    0
  2nd closest surface    19.655   C52 182 X    0
  found on step  822
 current point:
  at point   -4.298  -0.088  21.674
  closest atom surface   19.654   N5  182 X    0
  2nd closest surface    19.656   N6  182 X    0
  found on step  935
  no. of rejections          190
 stored as   108

 highest radius point found:
  at point   -4.319  -0.065  21.874
  closest atom surface   19.850   N6  182 X    0
  2nd closest surface    19.851   C52 182 X    0
  found on step  564
 current point:
  at point   -4.373  -0.091  21.874
  closest atom surface   19.850   N5  182 X    0
  2nd closest surface    19.852   C52 182 X    0
  found on step  979
  no. of rejections          174
 stored as   109

 highest radius point found:
  at point   -4.405  -0.069  22.074
  closest atom surface   20.048   N5  182 X    0
  2nd closest surface    20.048   N6  182 X    0
  found on step  959
  this is also current point
  no. of rejections          187
 stored as   110

 highest radius point found:
  at point   -4.470  -0.060  22.274
  closest atom surface   20.245   N6  182 X    0
  2nd closest surface    20.245   N5  182 X    0
  found on step  994
  this is also current point
  no. of rejections          177
 stored as   111

 highest radius point found:
  at point   -5.681  -0.862  22.474
  closest atom surface   20.440   N5  182 X    0
  2nd closest surface    20.440   H56 182 X    0
  found on step  847
 current point:
  at point   -5.674  -0.857  22.474
  closest atom surface   20.440   N5  182 X    0
  2nd closest surface    20.442   C52 182 X    0
  found on step  996
  no. of rejections          185
 stored as   112

 highest radius point found:
  at point   -4.601  -0.068  22.674
  closest atom surface   20.639   N5  182 X    0
  2nd closest surface    20.639   C52 182 X    0
  found on step  633
 current point:
  at point   -4.624  -0.077  22.674
  closest atom surface   20.638   N5  182 X    0
  2nd closest surface    20.641   C52 182 X    0
  found on step  975
  no. of rejections          162
 stored as   113

 highest radius point found:
  at point   -4.645  -0.047  22.874
  closest atom surface   20.837   N5  182 X    0
  2nd closest surface    20.838   N6  182 X    0
  found on step  980
  this is also current point
  no. of rejections          165
 stored as   114

 highest radius point found:
  at point   -4.692  -0.037  23.074
  closest atom surface   21.035   N6  182 X    0
  2nd closest surface    21.035   N5  182 X    0
  found on step  882
 current point:
  at point   -4.702  -0.043  23.074
  closest atom surface   21.035   N5  182 X    0
  2nd closest surface    21.036   N6  182 X    0
  found on step  956
  no. of rejections          178
 stored as   115

 highest radius point found:
  at point   -4.773  -0.047  23.274
  closest atom surface   21.232   N5  182 X    0
  2nd closest surface    21.233   C52 182 X    0
  found on step  979
  this is also current point
  no. of rejections          163
 stored as   116

 highest radius point found:
  at point   -4.812  -0.027  23.474
  closest atom surface   21.431   N5  182 X    0
  2nd closest surface    21.431   N6  182 X    0
  found on step  957
  this is also current point
  no. of rejections          186
 stored as   117

 highest radius point found:
  at point   -4.875  -0.022  23.674
  closest atom surface   21.629   N5  182 X    0
  2nd closest surface    21.630   N6  182 X    0
  found on step  990
  this is also current point
  no. of rejections          213
 stored as   118

 highest radius point found:
  at point   -4.927  -0.015  23.874
  closest atom surface   21.828   N5  182 X    0
  2nd closest surface    21.828   C52 182 X    0
  found on step 1000
  this is also current point
  no. of rejections          229
 stored as   119

 highest radius point found:
  at point   -4.961   0.007  24.074
  closest atom surface   22.025   N6  182 X    0
  2nd closest surface    22.025   H37 182 X    0
  found on step  995
  this is also current point
  no. of rejections          240
 This is an end! (radius above  22.0 angs)
 highest radius point found:
  at point    0.003   0.016  -0.126
  closest atom surface    3.554   H22 182 X    0
  2nd closest surface     3.554   H10 182 X    0
  found on step  526
 current point:
  at point    0.003   0.001  -0.126
  closest atom surface    3.553   H22 182 X    0
  2nd closest surface     3.555   H10 182 X    0
  found on step  956
  no. of rejections          385
 stored as    -1

 highest radius point found:
  at point    0.004   0.006  -0.326
  closest atom surface    3.584   H22 182 X    0
  2nd closest surface     3.584   H10 182 X    0
  found on step  945
  this is also current point
  no. of rejections          408
 stored as    -2

 highest radius point found:
  at point    0.005   0.012  -0.526
  closest atom surface    3.623   H22 182 X    0
  2nd closest surface     3.623   H10 182 X    0
  found on step  999
  this is also current point
  no. of rejections          403
 stored as    -3

 highest radius point found:
  at point    0.005   0.008  -0.726
  closest atom surface    3.670   H22 182 X    0
  2nd closest surface     3.671   H10 182 X    0
  found on step  996
  this is also current point
  no. of rejections          405
 stored as    -4

 highest radius point found:
  at point    0.000   0.006  -0.926
  closest atom surface    3.720   H22 182 X    0
  2nd closest surface     3.721   N7  182 X    0
  found on step  682
 current point:
  at point    0.012   0.013  -0.926
  closest atom surface    3.720   H10 182 X    0
  2nd closest surface     3.721   N2  182 X    0
  found on step  962
  no. of rejections          421
 stored as    -5

 highest radius point found:
  at point    0.005   0.007  -1.126
  closest atom surface    3.776   N2  182 X    0
  2nd closest surface     3.777   N7  182 X    0
  found on step  944
  this is also current point
  no. of rejections          389
 stored as    -6

 highest radius point found:
  at point   -0.010  -0.002  -1.326
  closest atom surface    3.838   N7  182 X    0
  2nd closest surface     3.838   N2  182 X    0
  found on step  710
 current point:
  at point    0.003   0.006  -1.326
  closest atom surface    3.838   N7  182 X    0
  2nd closest surface     3.839   N2  182 X    0
  found on step  883
  no. of rejections          422
 stored as    -7

 highest radius point found:
  at point   -0.010  -0.002  -1.526
  closest atom surface    3.907   N7  182 X    0
  2nd closest surface     3.907   N2  182 X    0
  found on step    1
 current point:
  at point   -0.003   0.002  -1.526
  closest atom surface    3.906   N2  182 X    0
  2nd closest surface     3.908   N7  182 X    0
  found on step  953
  no. of rejections          403
 stored as    -8

 highest radius point found:
  at point    0.044   0.031  -1.726
  closest atom surface    3.982   N2  182 X    0
  2nd closest surface     3.982   N7  182 X    0
  found on step  989
  this is also current point
  no. of rejections          399
 stored as    -9

 highest radius point found:
  at point    0.052   0.036  -1.926
  closest atom surface    4.063   N7  182 X    0
  2nd closest surface     4.063   N2  182 X    0
  found on step  287
 current point:
  at point    0.026   0.020  -1.926
  closest atom surface    4.062   N7  182 X    0
  2nd closest surface     4.063   N2  182 X    0
  found on step  917
  no. of rejections          390
 stored as   -10

 highest radius point found:
  at point    0.039   0.028  -2.126
  closest atom surface    4.149   N7  182 X    0
  2nd closest surface     4.149   N2  182 X    0
  found on step  855
 current point:
  at point    0.024   0.018  -2.126
  closest atom surface    4.149   N2  182 X    0
  2nd closest surface     4.149   N7  182 X    0
  found on step  907
  no. of rejections          394
 stored as   -11

 highest radius point found:
  at point   -0.010  -0.004  -2.326
  closest atom surface    4.240   N2  182 X    0
  2nd closest surface     4.241   N7  182 X    0
  found on step  969
  this is also current point
  no. of rejections          401
 stored as   -12

 highest radius point found:
  at point    0.028   0.020  -2.526
  closest atom surface    4.337   N7  182 X    0
  2nd closest surface     4.338   N2  182 X    0
  found on step  906
  this is also current point
  no. of rejections          403
 stored as   -13

 highest radius point found:
  at point   -0.000   0.001  -2.726
  closest atom surface    4.439   N2  182 X    0
  2nd closest surface     4.439   N7  182 X    0
  found on step  655
 current point:
  at point   -0.009  -0.005  -2.726
  closest atom surface    4.439   N2  182 X    0
  2nd closest surface     4.439   N4  182 X    0
  found on step  993
  no. of rejections          394
 stored as   -14

 highest radius point found:
  at point    0.002  -0.003  -2.926
  closest atom surface    4.542   N2  182 X    0
  2nd closest surface     4.542   H29 182 X    0
  found on step  617
 current point:
  at point   -0.006  -0.006  -2.926
  closest atom surface    4.541   N4  182 X    0
  2nd closest surface     4.542   H17 182 X    0
  found on step  954
  no. of rejections          395
 stored as   -15

 highest radius point found:
  at point    0.010  -0.005  -3.126
  closest atom surface    4.624   H29 182 X    0
  2nd closest surface     4.624   H17 182 X    0
  found on step  965
  this is also current point
  no. of rejections          380
 stored as   -16

 highest radius point found:
  at point    0.096  -0.006  -3.326
  closest atom surface    4.710   H29 182 X    0
  2nd closest surface     4.711   H17 182 X    0
  found on step  613
 current point:
  at point   -0.038  -0.005  -3.326
  closest atom surface    4.710   H29 182 X    0
  2nd closest surface     4.710   H17 182 X    0
  found on step  980
  no. of rejections          405
 stored as   -17

 highest radius point found:
  at point    0.096  -0.006  -3.526
  closest atom surface    4.802   H29 182 X    0
  2nd closest surface     4.804   H17 182 X    0
  found on step    1
 current point:
  at point   -0.011  -0.005  -3.526
  closest atom surface    4.802   H17 182 X    0
  2nd closest surface     4.802   H29 182 X    0
  found on step  984
  no. of rejections          391
 stored as   -18

 highest radius point found:
  at point   -0.108  -0.004  -3.726
  closest atom surface    4.900   H29 182 X    0
  2nd closest surface     4.900   H17 182 X    0
  found on step  954
  this is also current point
  no. of rejections          368
 stored as   -19

 highest radius point found:
  at point    0.142  -0.008  -3.926
  closest atom surface    5.003   H29 182 X    0
  2nd closest surface     5.004   H17 182 X    0
  found on step  924
  this is also current point
  no. of rejections          375
 stored as   -20

 highest radius point found:
  at point    0.167  -0.009  -4.126
  closest atom surface    5.111   H17 182 X    0
  2nd closest surface     5.112   H29 182 X    0
  found on step  929
  this is also current point
  no. of rejections          371
 stored as   -21

 highest radius point found:
  at point    0.186  -0.010  -4.326
  closest atom surface    5.223   C35 182 X    0
  2nd closest surface     5.223   H17 182 X    0
  found on step  607
 current point:
  at point    0.130  -0.009  -4.326
  closest atom surface    5.222   H29 182 X    0
  2nd closest surface     5.222   H17 182 X    0
  found on step  928
  no. of rejections          394
 stored as   -22

 highest radius point found:
  at point    0.186  -0.010  -4.526
  closest atom surface    5.339   H17 182 X    0
  2nd closest surface     5.340   H29 182 X    0
  found on step    1
 current point:
  at point   -0.149  -0.005  -4.526
  closest atom surface    5.338   H29 182 X    0
  2nd closest surface     5.338   H17 182 X    0
  found on step  997
  no. of rejections          389
 stored as   -23

 highest radius point found:
  at point    0.186  -0.010  -4.726
  closest atom surface    5.460   H29 182 X    0
  2nd closest surface     5.460   H17 182 X    0
  found on step    1
 current point:
  at point    0.137  -0.010  -4.726
  closest atom surface    5.458   H17 182 X    0
  2nd closest surface     5.459   H29 182 X    0
  found on step  923
  no. of rejections          364
 stored as   -24

 highest radius point found:
  at point    0.186  -0.010  -4.926
  closest atom surface    5.584   H29 182 X    0
  2nd closest surface     5.584   H17 182 X    0
  found on step    1
 current point:
  at point    0.048  -0.008  -4.926
  closest atom surface    5.581   H17 182 X    0
  2nd closest surface     5.581   H29 182 X    0
  found on step  986
  no. of rejections          355
 stored as   -25

 highest radius point found:
  at point    0.186  -0.010  -5.126
  closest atom surface    5.711   H29 182 X    0
  2nd closest surface     5.712   H17 182 X    0
  found on step    1
 current point:
  at point    0.038  -0.008  -5.126
  closest atom surface    5.709   H29 182 X    0
  2nd closest surface     5.709   H17 182 X    0
  found on step  926
  no. of rejections          358
 stored as   -26

 highest radius point found:
  at point    0.178  -0.011  -5.326
  closest atom surface    5.842   H29 182 X    0
  2nd closest surface     5.843   H17 182 X    0
  found on step  600
 current point:
  at point   -0.182  -0.007  -5.326
  closest atom surface    5.842   H17 182 X    0
  2nd closest surface     5.843   C20 182 X    0
  found on step  958
  no. of rejections          363
 stored as   -27

 highest radius point found:
  at point    0.187  -0.012  -5.526
  closest atom surface    5.977   H17 182 X    0
  2nd closest surface     5.978   H29 182 X    0
  found on step  853
 current point:
  at point    0.141  -0.010  -5.526
  closest atom surface    5.976   H29 182 X    0
  2nd closest surface     5.976   H17 182 X    0
  found on step  968
  no. of rejections          348
 stored as   -28

 highest radius point found:
  at point    0.187  -0.012  -5.726
  closest atom surface    6.115   H17 182 X    0
  2nd closest surface     6.115   H29 182 X    0
  found on step    1
 current point:
  at point   -0.098  -0.005  -5.726
  closest atom surface    6.112   H29 182 X    0
  2nd closest surface     6.114   H17 182 X    0
  found on step  997
  no. of rejections          309
 stored as   -29

 highest radius point found:
  at point    0.193  -0.012  -5.926
  closest atom surface    6.255   H29 182 X    0
  2nd closest surface     6.256   H17 182 X    0
  found on step  795
 current point:
  at point   -0.069  -0.008  -5.926
  closest atom surface    6.253   H29 182 X    0
  2nd closest surface     6.253   H17 182 X    0
  found on step  898
  no. of rejections          351
 stored as   -30

 highest radius point found:
  at point   -0.145  -0.007  -6.126
  closest atom surface    6.397   H17 182 X    0
  2nd closest surface     6.398   H29 182 X    0
  found on step  789
 current point:
  at point   -0.101  -0.008  -6.126
  closest atom surface    6.397   H29 182 X    0
  2nd closest surface     6.397   H17 182 X    0
  found on step  928
  no. of rejections          349
 stored as   -31

 highest radius point found:
  at point    0.105  -0.011  -6.326
  closest atom surface    6.543   H29 182 X    0
  2nd closest surface     6.543   H17 182 X    0
  found on step  487
 current point:
  at point   -0.056  -0.009  -6.326
  closest atom surface    6.542   H17 182 X    0
  2nd closest surface     6.542   H29 182 X    0
  found on step  977
  no. of rejections          339
 stored as   -32

 highest radius point found:
  at point    0.022  -0.010  -6.526
  closest atom surface    6.690   H17 182 X    0
  2nd closest surface     6.690   H29 182 X    0
  found on step  922
  this is also current point
  no. of rejections          338
 stored as   -33

 highest radius point found:
  at point    0.012  -0.009  -6.726
  closest atom surface    6.840   S3  182 X    0
  2nd closest surface     6.840   H29 182 X    0
  found on step  838
 current point:
  at point    0.013  -0.010  -6.726
  closest atom surface    6.840   S3  182 X    0
  2nd closest surface     6.841   H29 182 X    0
  found on step  995
  no. of rejections          371
 stored as   -34

 highest radius point found:
  at point   -0.017   0.020  -6.926
  closest atom surface    6.964   S3  182 X    0
  2nd closest surface     6.964   S1  182 X    0
  found on step  875
 current point:
  at point    0.012  -0.010  -6.926
  closest atom surface    6.964   S1  182 X    0
  2nd closest surface     6.964   S3  182 X    0
  found on step  970
  no. of rejections          326
 stored as   -35

 highest radius point found:
  at point    0.081  -0.080  -7.126
  closest atom surface    7.090   S1  182 X    0
  2nd closest surface     7.091   S3  182 X    0
  found on step  994
  this is also current point
  no. of rejections          331
 stored as   -36

 highest radius point found:
  at point   -0.109   0.114  -7.326
  closest atom surface    7.220   S3  182 X    0
  2nd closest surface     7.221   S1  182 X    0
  found on step  700
 current point:
  at point   -0.083   0.087  -7.326
  closest atom surface    7.219   S3  182 X    0
  2nd closest surface     7.220   S1  182 X    0
  found on step  946
  no. of rejections          332
 stored as   -37

 highest radius point found:
  at point   -0.160   0.166  -7.526
  closest atom surface    7.353   S3  182 X    0
  2nd closest surface     7.354   S1  182 X    0
  found on step  134
 current point:
  at point    0.055  -0.053  -7.526
  closest atom surface    7.350   S1  182 X    0
  2nd closest surface     7.350   S3  182 X    0
  found on step  977
  no. of rejections          342
 stored as   -38

 highest radius point found:
  at point   -0.171   0.176  -7.726
  closest atom surface    7.487   S3  182 X    0
  2nd closest surface     7.487   S1  182 X    0
  found on step  924
  this is also current point
  no. of rejections          314
 stored as   -39

 highest radius point found:
  at point   -0.171   0.176  -7.926
  closest atom surface    7.623   S1  182 X    0
  2nd closest surface     7.623   S3  182 X    0
  found on step    1
 current point:
  at point    0.142  -0.140  -7.926
  closest atom surface    7.621   S1  182 X    0
  2nd closest surface     7.622   S3  182 X    0
  found on step  978
  no. of rejections          321
 stored as   -40

 highest radius point found:
  at point   -0.207   0.214  -8.126
  closest atom surface    7.762   S3  182 X    0
  2nd closest surface     7.763   S1  182 X    0
  found on step  781
 current point:
  at point   -0.200   0.205  -8.126
  closest atom surface    7.762   S1  182 X    0
  2nd closest surface     7.763   S3  182 X    0
  found on step  918
  no. of rejections          330
 stored as   -41

 highest radius point found:
  at point   -0.207   0.214  -8.326
  closest atom surface    7.903   S3  182 X    0
  2nd closest surface     7.903   S1  182 X    0
  found on step    1
 current point:
  at point   -0.194   0.201  -8.326
  closest atom surface    7.902   S3  182 X    0
  2nd closest surface     7.902   S1  182 X    0
  found on step  920
  no. of rejections          350
 stored as   -42

 highest radius point found:
  at point   -0.207   0.214  -8.526
  closest atom surface    8.045   S1  182 X    0
  2nd closest surface     8.045   S3  182 X    0
  found on step    1
 current point:
  at point    0.201  -0.198  -8.526
  closest atom surface    8.043   S3  182 X    0
  2nd closest surface     8.044   S1  182 X    0
  found on step  960
  no. of rejections          341
 stored as   -43

 highest radius point found:
  at point   -0.221   0.230  -8.726
  closest atom surface    8.189   S3  182 X    0
  2nd closest surface     8.191   S1  182 X    0
  found on step  585
 current point:
  at point    0.205  -0.203  -8.726
  closest atom surface    8.188   S1  182 X    0
  2nd closest surface     8.188   S3  182 X    0
  found on step  974
  no. of rejections          324
 stored as   -44

 highest radius point found:
  at point   -0.228   0.235  -8.926
  closest atom surface    8.335   S1  182 X    0
  2nd closest surface     8.337   S3  182 X    0
  found on step  994
  this is also current point
  no. of rejections          306
 stored as   -45

 highest radius point found:
  at point   -0.228   0.235  -9.126
  closest atom surface    8.483   S1  182 X    0
  2nd closest surface     8.485   S3  182 X    0
  found on step    1
 current point:
  at point   -0.181   0.189  -9.126
  closest atom surface    8.482   S3  182 X    0
  2nd closest surface     8.482   S1  182 X    0
  found on step  984
  no. of rejections          326
 stored as   -46

 highest radius point found:
  at point   -0.228   0.235  -9.326
  closest atom surface    8.632   S1  182 X    0
  2nd closest surface     8.634   S3  182 X    0
  found on step    1
 current point:
  at point    0.221  -0.218  -9.326
  closest atom surface    8.632   S1  182 X    0
  2nd closest surface     8.632   S3  182 X    0
  found on step  911
  no. of rejections          333
 stored as   -47

 highest radius point found:
  at point   -0.229   0.239  -9.526
  closest atom surface    8.784   S3  182 X    0
  2nd closest surface     8.785   S1  182 X    0
  found on step  685
 current point:
  at point    0.227  -0.223  -9.526
  closest atom surface    8.783   S1  182 X    0
  2nd closest surface     8.784   S3  182 X    0
  found on step  961
  no. of rejections          291
 stored as   -48

 highest radius point found:
  at point   -0.244   0.252  -9.726
  closest atom surface    8.937   S1  182 X    0
  2nd closest surface     8.939   S3  182 X    0
  found on step   99
 current point:
  at point   -0.204   0.213  -9.726
  closest atom surface    8.936   S1  182 X    0
  2nd closest surface     8.936   S3  182 X    0
  found on step  961
  no. of rejections          312
 stored as   -49

 highest radius point found:
  at point   -0.264   0.275  -9.926
  closest atom surface    9.091   S2  182 X    0
  2nd closest surface     9.093   S3  182 X    0
  found on step  816
 current point:
  at point   -0.217   0.227  -9.926
  closest atom surface    9.091   S3  182 X    0
  2nd closest surface     9.091   S1  182 X    0
  found on step  949
  no. of rejections          323
 stored as   -50

 highest radius point found:
  at point   -0.264   0.275 -10.126
  closest atom surface    9.248   S3  182 X    0
  2nd closest surface     9.249   S1  182 X    0
  found on step    1
 current point:
  at point   -0.269   0.283 -10.126
  closest atom surface    9.247   S2  182 X    0
  2nd closest surface     9.248   S3  182 X    0
  found on step  929
  no. of rejections          316
 stored as   -51

 highest radius point found:
  at point   -0.264   0.275 -10.326
  closest atom surface    9.405   S3  182 X    0
  2nd closest surface     9.406   S1  182 X    0
  found on step    1
 current point:
  at point    0.205  -0.200 -10.326
  closest atom surface    9.402   S3  182 X    0
  2nd closest surface     9.402   S1  182 X    0
  found on step  924
  no. of rejections          296
 stored as   -52

 highest radius point found:
  at point   -0.264   0.275 -10.526
  closest atom surface    9.564   S3  182 X    0
  2nd closest surface     9.564   S1  182 X    0
  found on step    1
 current point:
  at point   -0.256   0.269 -10.526
  closest atom surface    9.563   S3  182 X    0
  2nd closest surface     9.565   S1  182 X    0
  found on step  949
  no. of rejections          320
 stored as   -53

 highest radius point found:
  at point   -0.283   0.295 -10.726
  closest atom surface    9.725   S3  182 X    0
  2nd closest surface     9.725   S1  182 X    0
  found on step  836
 current point:
  at point   -0.280   0.290 -10.726
  closest atom surface    9.724   S1  182 X    0
  2nd closest surface     9.725   S3  182 X    0
  found on step  937
  no. of rejections          306
 stored as   -54

 highest radius point found:
  at point   -0.283   0.295 -10.926
  closest atom surface    9.886   S1  182 X    0
  2nd closest surface     9.886   S3  182 X    0
  found on step    1
 current point:
  at point   -0.241   0.254 -10.926
  closest atom surface    9.883   S3  182 X    0
  2nd closest surface     9.884   S1  182 X    0
  found on step  984
  no. of rejections          312
 stored as   -55

 highest radius point found:
  at point   -0.284   0.296 -11.126
  closest atom surface   10.047   S3  182 X    0
  2nd closest surface    10.048   S1  182 X    0
  found on step  976
  this is also current point
  no. of rejections          337
 stored as   -56

 highest radius point found:
  at point   -0.295   0.308 -11.326
  closest atom surface   10.211   S3  182 X    0
  2nd closest surface    10.211   S1  182 X    0
  found on step  963
  this is also current point
  no. of rejections          316
 stored as   -57

 highest radius point found:
  at point   -0.310   0.322 -11.526
  closest atom surface   10.376   S2  182 X    0
  2nd closest surface    10.376   S1  182 X    0
  found on step   91
 current point:
  at point   -0.273   0.290 -11.526
  closest atom surface   10.373   S3  182 X    0
  2nd closest surface    10.376   S1  182 X    0
  found on step  997
  no. of rejections          310
 stored as   -58

 highest radius point found:
  at point   -0.311   0.324 -11.726
  closest atom surface   10.541   S1  182 X    0
  2nd closest surface    10.542   S3  182 X    0
  found on step  588
 current point:
  at point    0.294  -0.287 -11.726
  closest atom surface   10.539   S1  182 X    0
  2nd closest surface    10.539   S3  182 X    0
  found on step  941
  no. of rejections          308
 stored as   -59

 highest radius point found:
  at point   -0.314   0.328 -11.926
  closest atom surface   10.708   S1  182 X    0
  2nd closest surface    10.708   S3  182 X    0
  found on step  310
 current point:
  at point   -0.320   0.332 -11.926
  closest atom surface   10.708   S1  182 X    0
  2nd closest surface    10.709   S3  182 X    0
  found on step 1000
  no. of rejections          285
 stored as   -60

 highest radius point found:
  at point   -0.314   0.328 -12.126
  closest atom surface   10.875   S1  182 X    0
  2nd closest surface    10.875   S3  182 X    0
  found on step    1
 current point:
  at point   -0.024   0.036 -12.126
  closest atom surface   10.866   S3  182 X    0
  2nd closest surface    10.867   S1  182 X    0
  found on step  966
  no. of rejections          273
 stored as   -61

 highest radius point found:
  at point   -0.328   0.341 -12.326
  closest atom surface   11.044   S1  182 X    0
  2nd closest surface    11.044   S3  182 X    0
  found on step  993
  this is also current point
  no. of rejections          291
 stored as   -62

 highest radius point found:
  at point   -0.328   0.341 -12.526
  closest atom surface   11.212   S1  182 X    0
  2nd closest surface    11.213   S3  182 X    0
  found on step    1
 current point:
  at point   -0.288   0.304 -12.526
  closest atom surface   11.210   S3  182 X    0
  2nd closest surface    11.212   S1  182 X    0
  found on step  997
  no. of rejections          283
 stored as   -63

 highest radius point found:
  at point   -0.333   0.350 -12.726
  closest atom surface   11.382   S3  182 X    0
  2nd closest surface    11.384   S1  182 X    0
  found on step  330
 current point:
  at point    0.332  -0.319 -12.726
  closest atom surface   11.380   S3  182 X    0
  2nd closest surface    11.383   S   182 X    0
  found on step  985
  no. of rejections          279
 stored as   -64

 highest radius point found:
  at point   -0.333   0.350 -12.926
  closest atom surface   11.553   S3  182 X    0
  2nd closest surface    11.554   S1  182 X    0
  found on step    1
 current point:
  at point    0.125  -0.114 -12.926
  closest atom surface   11.546   S3  182 X    0
  2nd closest surface    11.546   S1  182 X    0
  found on step  972
  no. of rejections          297
 stored as   -65

 highest radius point found:
  at point   -0.333   0.350 -13.126
  closest atom surface   11.725   S3  182 X    0
  2nd closest surface    11.726   S1  182 X    0
  found on step    1
 current point:
  at point    0.346  -0.334 -13.126
  closest atom surface   11.723   S3  182 X    0
  2nd closest surface    11.724   S   182 X    0
  found on step  965
  no. of rejections          272
 stored as   -66

 highest radius point found:
  at point   -0.361   0.379 -13.326
  closest atom surface   11.898   S2  182 X    0
  2nd closest surface    11.899   S3  182 X    0
  found on step  606
 current point:
  at point    0.326  -0.317 -13.326
  closest atom surface   11.895   S3  182 X    0
  2nd closest surface    11.896   S1  182 X    0
  found on step  996
  no. of rejections          294
 stored as   -67

 highest radius point found:
  at point   -0.361   0.379 -13.526
  closest atom surface   12.072   S3  182 X    0
  2nd closest surface    12.072   S1  182 X    0
  found on step    1
 current point:
  at point    0.332  -0.326 -13.526
  closest atom surface   12.068   S1  182 X    0
  2nd closest surface    12.070   S3  182 X    0
  found on step  999
  no. of rejections          254
 stored as   -68

 highest radius point found:
  at point   -0.361   0.379 -13.726
  closest atom surface   12.245   S3  182 X    0
  2nd closest surface    12.246   S1  182 X    0
  found on step    1
 current point:
  at point   -0.029   0.043 -13.726
  closest atom surface   12.235   S3  182 X    0
  2nd closest surface    12.236   S1  182 X    0
  found on step  975
  no. of rejections          283
 stored as   -69

 highest radius point found:
  at point   -0.361   0.379 -13.926
  closest atom surface   12.420   S3  182 X    0
  2nd closest surface    12.420   S1  182 X    0
  found on step    1
 current point:
  at point   -0.143   0.156 -13.926
  closest atom surface   12.411   S1  182 X    0
  2nd closest surface    12.412   S3  182 X    0
  found on step  999
  no. of rejections          272
 stored as   -70

 highest radius point found:
  at point   -0.372   0.390 -14.126
  closest atom surface   12.595   S3  182 X    0
  2nd closest surface    12.595   S1  182 X    0
  found on step  229
 current point:
  at point    0.373  -0.364 -14.126
  closest atom surface   12.594   S1  182 X    0
  2nd closest surface    12.594   S3  182 X    0
  found on step  930
  no. of rejections          262
 stored as   -71

 highest radius point found:
  at point   -0.372   0.390 -14.326
  closest atom surface   12.771   S1  182 X    0
  2nd closest surface    12.771   S3  182 X    0
  found on step    1
 current point:
  at point    0.367  -0.358 -14.326
  closest atom surface   12.769   S1  182 X    0
  2nd closest surface    12.769   S3  182 X    0
  found on step  989
  no. of rejections          265
 stored as   -72

 highest radius point found:
  at point   -0.395   0.414 -14.526
  closest atom surface   12.948   S1  182 X    0
  2nd closest surface    12.949   S3  182 X    0
  found on step  411
 current point:
  at point   -0.395   0.415 -14.526
  closest atom surface   12.948   S3  182 X    0
  2nd closest surface    12.948   S2  182 X    0
  found on step  969
  no. of rejections          266
 stored as   -73

 highest radius point found:
  at point   -0.395   0.414 -14.726
  closest atom surface   13.125   S1  182 X    0
  2nd closest surface    13.126   S3  182 X    0
  found on step    1
 current point:
  at point    0.366  -0.355 -14.726
  closest atom surface   13.122   S3  182 X    0
  2nd closest surface    13.122   S1  182 X    0
  found on step  998
  no. of rejections          285
 stored as   -74

 highest radius point found:
  at point   -0.392   0.412 -14.926
  closest atom surface   13.302   S3  182 X    0
  2nd closest surface    13.302   S1  182 X    0
  found on step  976
  this is also current point
  no. of rejections          274
 stored as   -75

 highest radius point found:
  at point   -0.392   0.412 -15.126
  closest atom surface   13.480   S1  182 X    0
  2nd closest surface    13.480   S3  182 X    0
  found on step    1
 current point:
  at point   -0.399   0.416 -15.126
  closest atom surface   13.480   S1  182 X    0
  2nd closest surface    13.481   S3  182 X    0
  found on step  968
  no. of rejections          257
 stored as   -76

 highest radius point found:
  at point   -0.392   0.412 -15.326
  closest atom surface   13.659   S1  182 X    0
  2nd closest surface    13.659   S3  182 X    0
  found on step    1
 current point:
  at point    0.402  -0.388 -15.326
  closest atom surface   13.657   S3  182 X    0
  2nd closest surface    13.659   S1  182 X    0
  found on step  998
  no. of rejections          243
 stored as   -77

 highest radius point found:
  at point   -0.392   0.412 -15.526
  closest atom surface   13.838   S1  182 X    0
  2nd closest surface    13.838   S3  182 X    0
  found on step    1
 current point:
  at point    0.269  -0.257 -15.526
  closest atom surface   13.831   S1  182 X    0
  2nd closest surface    13.832   S3  182 X    0
  found on step  988
  no. of rejections          256
 stored as   -78

 highest radius point found:
  at point   -0.407   0.432 -15.726
  closest atom surface   14.017   S3  182 X    0
  2nd closest surface    14.019   S1  182 X    0
  found on step  630
 current point:
  at point   -0.276   0.297 -15.726
  closest atom surface   14.012   S3  182 X    0
  2nd closest surface    14.013   S1  182 X    0
  found on step  970
  no. of rejections          253
 stored as   -79

 highest radius point found:
  at point   -0.434   0.454 -15.926
  closest atom surface   14.199   S1  182 X    0
  2nd closest surface    14.200   S3  182 X    0
  found on step  546
 current point:
  at point   -0.427   0.450 -15.926
  closest atom surface   14.199   S3  182 X    0
  2nd closest surface    14.199   S1  182 X    0
  found on step  977
  no. of rejections          268
 stored as   -80

 highest radius point found:
  at point   -0.442   0.465 -16.126
  closest atom surface   14.380   S2  182 X    0
  2nd closest surface    14.380   S3  182 X    0
  found on step  203
 current point:
  at point    0.409  -0.397 -16.126
  closest atom surface   14.377   S1  182 X    0
  2nd closest surface    14.377   S3  182 X    0
  found on step  923
  no. of rejections          271
 stored as   -81

 highest radius point found:
  at point   -0.442   0.465 -16.326
  closest atom surface   14.561   S3  182 X    0
  2nd closest surface    14.561   S1  182 X    0
  found on step    1
 current point:
  at point   -0.445   0.466 -16.326
  closest atom surface   14.561   S1  182 X    0
  2nd closest surface    14.562   S3  182 X    0
  found on step  995
  no. of rejections          255
 stored as   -82

 highest radius point found:
  at point   -0.442   0.465 -16.526
  closest atom surface   14.742   S1  182 X    0
  2nd closest surface    14.743   S3  182 X    0
  found on step    1
 current point:
  at point   -0.444   0.466 -16.526
  closest atom surface   14.742   S1  182 X    0
  2nd closest surface    14.743   S3  182 X    0
  found on step  991
  no. of rejections          248
 stored as   -83

 highest radius point found:
  at point   -0.456   0.478 -16.726
  closest atom surface   14.925   S1  182 X    0
  2nd closest surface    14.925   S3  182 X    0
  found on step  589
 current point:
  at point    0.242  -0.227 -16.726
  closest atom surface   14.915   S1  182 X    0
  2nd closest surface    14.915   S3  182 X    0
  found on step  933
  no. of rejections          249
 stored as   -84

 highest radius point found:
  at point   -0.457   0.480 -16.926
  closest atom surface   15.107   S1  182 X    0
  2nd closest surface    15.107   S3  182 X    0
  found on step  101
 current point:
  at point   -0.201   0.223 -16.926
  closest atom surface   15.096   S3  182 X    0
  2nd closest surface    15.097   S1  182 X    0
  found on step  992
  no. of rejections          255
 stored as   -85

 highest radius point found:
  at point   -0.460   0.484 -17.126
  closest atom surface   15.290   S1  182 X    0
  2nd closest surface    15.290   S3  182 X    0
  found on step  989
  this is also current point
  no. of rejections          254
 stored as   -86

 highest radius point found:
  at point   -0.460   0.484 -17.326
  closest atom surface   15.473   S1  182 X    0
  2nd closest surface    15.473   S3  182 X    0
  found on step    1
 current point:
  at point    0.472  -0.456 -17.326
  closest atom surface   15.471   S3  182 X    0
  2nd closest surface    15.471   S   182 X    0
  found on step  946
  no. of rejections          253
 stored as   -87

 highest radius point found:
  at point   -0.483   0.507 -17.526
  closest atom surface   15.657   S2  182 X    0
  2nd closest surface    15.657   S1  182 X    0
  found on step  972
  this is also current point
  no. of rejections          233
 stored as   -88

 highest radius point found:
  at point   -0.489   0.513 -17.726
  closest atom surface   15.841   S2  182 X    0
  2nd closest surface    15.841   S1  182 X    0
  found on step  708
 current point:
  at point   -0.378   0.403 -17.726
  closest atom surface   15.835   S3  182 X    0
  2nd closest surface    15.836   S1  182 X    0
  found on step  999
  no. of rejections          231
 stored as   -89

 highest radius point found:
  at point   -0.489   0.513 -17.926
  closest atom surface   16.025   S1  182 X    0
  2nd closest surface    16.025   S3  182 X    0
  found on step    1
 current point:
  at point   -0.477   0.498 -17.926
  closest atom surface   16.023   S1  182 X    0
  2nd closest surface    16.025   S3  182 X    0
  found on step  998
  no. of rejections          215
 stored as   -90

 highest radius point found:
  at point   -0.491   0.516 -18.126
  closest atom surface   16.209   S1  182 X    0
  2nd closest surface    16.210   S3  182 X    0
  found on step  978
  this is also current point
  no. of rejections          239
 stored as   -91

 highest radius point found:
  at point   -0.502   0.528 -18.326
  closest atom surface   16.395   S1  182 X    0
  2nd closest surface    16.395   S3  182 X    0
  found on step  978
  this is also current point
  no. of rejections          245
 stored as   -92

 highest radius point found:
  at point   -0.511   0.538 -18.526
  closest atom surface   16.580   S3  182 X    0
  2nd closest surface    16.580   S1  182 X    0
  found on step   16
 current point:
  at point   -0.506   0.533 -18.526
  closest atom surface   16.580   S3  182 X    0
  2nd closest surface    16.580   S1  182 X    0
  found on step  966
  no. of rejections          247
 stored as   -93

 highest radius point found:
  at point   -0.511   0.538 -18.726
  closest atom surface   16.765   S1  182 X    0
  2nd closest surface    16.765   S3  182 X    0
  found on step    1
 current point:
  at point   -0.519   0.543 -18.726
  closest atom surface   16.765   S1  182 X    0
  2nd closest surface    16.765   S2  182 X    0
  found on step  979
  no. of rejections          240
 stored as   -94

 highest radius point found:
  at point   -0.511   0.538 -18.926
  closest atom surface   16.951   S1  182 X    0
  2nd closest surface    16.951   S3  182 X    0
  found on step    1
 current point:
  at point   -0.473   0.501 -18.926
  closest atom surface   16.949   S3  182 X    0
  2nd closest surface    16.949   S1  182 X    0
  found on step  994
  no. of rejections          229
 stored as   -95

 highest radius point found:
  at point   -0.528   0.555 -19.126
  closest atom surface   17.138   S1  182 X    0
  2nd closest surface    17.138   S3  182 X    0
  found on step  109
 current point:
  at point    0.177  -0.157 -19.126
  closest atom surface   17.123   S3  182 X    0
  2nd closest surface    17.123   S1  182 X    0
  found on step  966
  no. of rejections          252
 stored as   -96

 highest radius point found:
  at point   -0.528   0.555 -19.326
  closest atom surface   17.324   S1  182 X    0
  2nd closest surface    17.324   S3  182 X    0
  found on step    1
 current point:
  at point   -0.509   0.536 -19.326
  closest atom surface   17.323   S1  182 X    0
  2nd closest surface    17.323   S3  182 X    0
  found on step  919
  no. of rejections          237
 stored as   -97

 highest radius point found:
  at point   -0.528   0.555 -19.526
  closest atom surface   17.510   S1  182 X    0
  2nd closest surface    17.510   S3  182 X    0
  found on step    1
 current point:
  at point   -0.501   0.530 -19.526
  closest atom surface   17.509   S3  182 X    0
  2nd closest surface    17.509   S1  182 X    0
  found on step  995
  no. of rejections          248
 stored as   -98

 highest radius point found:
  at point   -0.527   0.555 -19.726
  closest atom surface   17.696   S1  182 X    0
  2nd closest surface    17.697   S3  182 X    0
  found on step  914
  this is also current point
  no. of rejections          247
 stored as   -99

 highest radius point found:
  at point   -0.527   0.555 -19.926
  closest atom surface   17.883   S1  182 X    0
  2nd closest surface    17.884   S3  182 X    0
  found on step    1
 current point:
  at point    0.550  -0.534 -19.926
  closest atom surface   17.882   S1  182 X    0
  2nd closest surface    17.883   S   182 X    0
  found on step  907
  no. of rejections          258
 stored as  -100

 highest radius point found:
  at point   -0.550   0.581 -20.126
  closest atom surface   18.072   S3  182 X    0
  2nd closest surface    18.072   S1  182 X    0
  found on step  975
  this is also current point
  no. of rejections          240
 stored as  -101

 highest radius point found:
  at point   -0.559   0.588 -20.326
  closest atom surface   18.260   S1  182 X    0
  2nd closest surface    18.260   S3  182 X    0
  found on step  990
  this is also current point
  no. of rejections          227
 stored as  -102

 highest radius point found:
  at point   -0.566   0.597 -20.526
  closest atom surface   18.448   S1  182 X    0
  2nd closest surface    18.448   S3  182 X    0
  found on step  873
  this is also current point
  no. of rejections          251
 stored as  -103

 highest radius point found:
  at point   -0.566   0.597 -20.726
  closest atom surface   18.636   S1  182 X    0
  2nd closest surface    18.636   S3  182 X    0
  found on step    1
 current point:
  at point   -0.553   0.584 -20.726
  closest atom surface   18.635   S1  182 X    0
  2nd closest surface    18.635   S3  182 X    0
  found on step  998
  no. of rejections          238
 stored as  -104

 highest radius point found:
  at point   -0.577   0.609 -20.926
  closest atom surface   18.824   S1  182 X    0
  2nd closest surface    18.825   S3  182 X    0
  found on step  977
  this is also current point
  no. of rejections          245
 stored as  -105

 highest radius point found:
  at point   -0.577   0.609 -21.126
  closest atom surface   19.013   S1  182 X    0
  2nd closest surface    19.013   S3  182 X    0
  found on step    1
 current point:
  at point    0.588  -0.570 -21.126
  closest atom surface   19.010   S   182 X    0
  2nd closest surface    19.011   S3  182 X    0
  found on step  946
  no. of rejections          247
 stored as  -106

 highest radius point found:
  at point   -0.577   0.609 -21.326
  closest atom surface   19.201   S1  182 X    0
  2nd closest surface    19.201   S3  182 X    0
  found on step    1
 current point:
  at point    0.044  -0.018 -21.326
  closest atom surface   19.184   S3  182 X    0
  2nd closest surface    19.184   S1  182 X    0
  found on step  918
  no. of rejections          229
 stored as  -107

 highest radius point found:
  at point   -0.577   0.609 -21.526
  closest atom surface   19.390   S1  182 X    0
  2nd closest surface    19.390   S3  182 X    0
  found on step    1
 current point:
  at point    0.569  -0.551 -21.526
  closest atom surface   19.387   S1  182 X    0
  2nd closest surface    19.388   S3  182 X    0
  found on step  996
  no. of rejections          232
 stored as  -108

 highest radius point found:
  at point   -0.577   0.609 -21.726
  closest atom surface   19.579   S1  182 X    0
  2nd closest surface    19.579   S3  182 X    0
  found on step    1
 current point:
  at point    0.605  -0.586 -21.726
  closest atom surface   19.578   S1  182 X    0
  2nd closest surface    19.578   S   182 X    0
  found on step  999
  no. of rejections          223
 stored as  -109

 highest radius point found:
  at point   -0.616   0.643 -21.926
  closest atom surface   19.768   S2  182 X    0
  2nd closest surface    19.769   S1  182 X    0
  found on step  293
 current point:
  at point    0.232  -0.208 -21.926
  closest atom surface   19.753   S3  182 X    0
  2nd closest surface    19.754   S1  182 X    0
  found on step  910
  no. of rejections          214
 stored as  -110

 highest radius point found:
  at point   -0.616   0.643 -22.126
  closest atom surface   19.958   S1  182 X    0
  2nd closest surface    19.960   S2  182 X    0
  found on step    1
 current point:
  at point    0.070  -0.045 -22.126
  closest atom surface   19.941   S1  182 X    0
  2nd closest surface    19.941   S3  182 X    0
  found on step 1000
  no. of rejections          229
 stored as  -111

 highest radius point found:
  at point   -0.621   0.654 -22.326
  closest atom surface   20.149   S1  182 X    0
  2nd closest surface    20.150   S3  182 X    0
  found on step  978
  this is also current point
  no. of rejections          234
 stored as  -112

 highest radius point found:
  at point   -0.626   0.663 -22.526
  closest atom surface   20.339   S3  182 X    0
  2nd closest surface    20.339   S2  182 X    0
  found on step  994
  this is also current point
  no. of rejections          235
 stored as  -113

 highest radius point found:
  at point   -0.633   0.668 -22.726
  closest atom surface   20.529   S2  182 X    0
  2nd closest surface    20.529   S1  182 X    0
  found on step  983
  this is also current point
  no. of rejections          224
 stored as  -114

 highest radius point found:
  at point   -0.631   0.666 -22.926
  closest atom surface   20.719   S1  182 X    0
  2nd closest surface    20.719   S3  182 X    0
  found on step  949
  this is also current point
  no. of rejections          227
 stored as  -115

 highest radius point found:
  at point   -0.631   0.666 -23.126
  closest atom surface   20.909   S1  182 X    0
  2nd closest surface    20.910   S3  182 X    0
  found on step    1
 current point:
  at point    0.535  -0.518 -23.126
  closest atom surface   20.901   S1  182 X    0
  2nd closest surface    20.904   S3  182 X    0
  found on step  992
  no. of rejections          222
 stored as  -116

 highest radius point found:
  at point   -0.650   0.686 -23.326
  closest atom surface   21.101   S2  182 X    0
  2nd closest surface    21.101   S1  182 X    0
  found on step  904
  this is also current point
  no. of rejections          231
 stored as  -117

 highest radius point found:
  at point   -0.650   0.686 -23.526
  closest atom surface   21.291   S1  182 X    0
  2nd closest surface    21.292   S3  182 X    0
  found on step    1
 current point:
  at point   -0.228   0.259 -23.526
  closest atom surface   21.274   S1  182 X    0
  2nd closest surface    21.275   S3  182 X    0
  found on step  981
  no. of rejections          225
 stored as  -118

 highest radius point found:
  at point   -0.659   0.696 -23.726
  closest atom surface   21.483   S3  182 X    0
  2nd closest surface    21.483   S1  182 X    0
  found on step  975
  this is also current point
  no. of rejections          222
 stored as  -119

 highest radius point found:
  at point   -0.659   0.696 -23.926
  closest atom surface   21.673   S1  182 X    0
  2nd closest surface    21.674   S3  182 X    0
  found on step    1
 current point:
  at point    0.323  -0.301 -23.926
  closest atom surface   21.657   S1  182 X    0
  2nd closest surface    21.658   S3  182 X    0
  found on step  999
  no. of rejections          226
 stored as  -120

 highest radius point found:
  at point   -0.659   0.696 -24.126
  closest atom surface   21.864   S1  182 X    0
  2nd closest surface    21.865   S3  182 X    0
  found on step    1
 current point:
  at point   -0.293   0.327 -24.126
  closest atom surface   21.849   S3  182 X    0
  2nd closest surface    21.849   S1  182 X    0
  found on step 1000
  no. of rejections          214
 stored as  -121

 highest radius point found:
  at point   -0.679   0.716 -24.326
  closest atom surface   22.057   S1  182 X    0
  2nd closest surface    22.057   S3  182 X    0
  found on step  975
  this is also current point
  no. of rejections          218
 This is an end! (radius above  22.0 angs)
 
 N.b. Graph information routine (HOGRAP) differs 
        markedly from previous versions!
       Information now is written from -ve end
       to +ve in one pass
 
 Explanation of the meaning of each column: 
 First column "cenxyz.cvec" is the coordinate in the
   direction of the channel vector i.e. if the channel
   vector is in z (0 0 1) then it is the z coordinate.
 The second column "radius" is the hole pore radius 
   (as defined in the Biophys J 1993) article).
 The third column "cen_line_D" is the distance 
   measured along the pore centre line - with the 
   first point found set to zero. This was the first
   thing that I used to measure the distance along a pore
   but "cenxyz.cvec" is a much better general measure. 
   However, by comparing changes in this distance to changes in '   "cenxyz.cvec" one can get a measure of how straight a 
   channel is.
 The fourth column "sum{s/(area)}" is useful in conductance
   prediction -
   basically it is the sum of the thickness of each slab
   divided by its area. HOLE uses this measure to estimate
   the macroscopic conductance of a channel.
 If any of this worries you one can see the "raw" results
   of a standard hole run by producing a sphpdb file and 
    directly looking at the results.
 cenxyz.cvec      radius  cen_line_D sum{s/(area point sourc
   -24.12635    21.86428   -25.03239     0.00007   (sampled)
   -24.02635    21.76882   -24.93239     0.00013 (mid-point)
   -23.92635    21.67340   -24.83239     0.00020   (sampled)
   -23.82635    21.57802   -24.73239     0.00027 (mid-point)
   -23.72635    21.48265   -24.63239     0.00034   (sampled)
   -23.62635    21.38702   -24.53216     0.00041 (mid-point)
   -23.52635    21.29140   -24.43194     0.00048   (sampled)
   -23.42635    21.19617   -24.33194     0.00055 (mid-point)
   -23.32635    21.10088   -24.23194     0.00062   (sampled)
   -23.22635    21.00519   -24.13099     0.00069 (mid-point)
   -23.12635    20.90945   -24.03004     0.00077   (sampled)
   -23.02635    20.81438   -23.93004     0.00084 (mid-point)
   -22.92635    20.71936   -23.83004     0.00091   (sampled)
   -22.82635    20.62436   -23.73003     0.00099 (mid-point)
   -22.72635    20.52917   -23.63002     0.00106   (sampled)
   -22.62635    20.43415   -23.52991     0.00114 (mid-point)
   -22.52635    20.33878   -23.42981     0.00122   (sampled)
   -22.42635    20.24413   -23.32967     0.00129 (mid-point)
   -22.32635    20.14897   -23.22954     0.00137   (sampled)
   -22.22635    20.05336   -23.12938     0.00145 (mid-point)
   -22.12635    19.95779   -23.02922     0.00153   (sampled)
   -22.02635    19.86316   -22.92922     0.00161 (mid-point)
   -21.92635    19.76835   -22.82922     0.00169   (sampled)
   -21.82635    19.67353   -22.72588     0.00178 (mid-point)
   -21.72635    19.57855   -22.62253     0.00186   (sampled)
   -21.62635    19.48411   -22.52253     0.00194 (mid-point)
   -21.52635    19.38972   -22.42253     0.00203   (sampled)
   -21.42635    19.29538   -22.32253     0.00211 (mid-point)
   -21.32635    19.20109   -22.22253     0.00220   (sampled)
   -21.22635    19.10686   -22.12253     0.00229 (mid-point)
   -21.12635    19.01268   -22.02253     0.00238   (sampled)
   -21.02635    18.91855   -21.92253     0.00246 (mid-point)
   -20.92635    18.82448   -21.82253     0.00255   (sampled)
   -20.82635    18.73007   -21.72221     0.00264 (mid-point)
   -20.72635    18.63572   -21.62189     0.00274   (sampled)
   -20.62635    18.54181   -21.52189     0.00283 (mid-point)
   -20.52635    18.44796   -21.42189     0.00292   (sampled)
   -20.42635    18.35384   -21.32172     0.00302 (mid-point)
   -20.32635    18.25979   -21.22156     0.00311   (sampled)
   -20.22635    18.16581   -21.12139     0.00321 (mid-point)
   -20.12635    18.07167   -21.02122     0.00331   (sampled)
   -20.02635    17.97771   -20.91973     0.00340 (mid-point)
   -19.92635    17.88328   -20.81824     0.00350   (sampled)
   -19.82635    17.78985   -20.71824     0.00361 (mid-point)
   -19.72635    17.69648   -20.61824     0.00371   (sampled)
   -19.62635    17.60312   -20.51824     0.00381 (mid-point)
   -19.52635    17.50983   -20.41824     0.00391   (sampled)
   -19.42635    17.41666   -20.31824     0.00402 (mid-point)
   -19.32635    17.32355   -20.21824     0.00412   (sampled)
   -19.22635    17.23052   -20.11824     0.00423 (mid-point)
   -19.12635    17.13755   -20.01824     0.00434   (sampled)
   -19.02635    17.04410   -19.91751     0.00445 (mid-point)
   -18.92635    16.95072   -19.81678     0.00456   (sampled)
   -18.82635    16.85797   -19.71678     0.00467 (mid-point)
   -18.72635    16.76529   -19.61678     0.00479   (sampled)
   -18.62635    16.67268   -19.51678     0.00490 (mid-point)
   -18.52635    16.58009   -19.41678     0.00502   (sampled)
   -18.42635    16.48735   -19.31656     0.00513 (mid-point)
   -18.32635    16.39461   -19.21634     0.00525   (sampled)
   -18.22635    16.30194   -19.11603     0.00537 (mid-point)
   -18.12635    16.20934   -19.01571     0.00549   (sampled)
   -18.02635    16.11702   -18.91569     0.00561 (mid-point)
   -17.92635    16.02479   -18.81567     0.00574   (sampled)
   -17.82635    15.93282   -18.71567     0.00586 (mid-point)
   -17.72635    15.84080   -18.61567     0.00599   (sampled)
   -17.62635    15.74877   -18.51559     0.00612 (mid-point)
   -17.52635    15.65681   -18.41550     0.00625   (sampled)
   -17.42635    15.56474   -18.31417     0.00638 (mid-point)
   -17.32635    15.47251   -18.21284     0.00651   (sampled)
   -17.22635    15.38107   -18.11284     0.00665 (mid-point)
   -17.12635    15.28973   -18.01284     0.00678   (sampled)
   -17.02635    15.19832   -17.91281     0.00692 (mid-point)
   -16.92635    15.10700   -17.81278     0.00706   (sampled)
   -16.82635    15.01577   -17.71277     0.00720 (mid-point)
   -16.72635    14.92463   -17.61276     0.00735   (sampled)
   -16.62635    14.83347   -17.51231     0.00749 (mid-point)
   -16.52635    14.74242   -17.41186     0.00764   (sampled)
   -16.42635    14.65178   -17.31186     0.00778 (mid-point)
   -16.32635    14.56117   -17.21186     0.00794   (sampled)
   -16.22635    14.47064   -17.11186     0.00809 (mid-point)
   -16.12635    14.37999   -17.01186     0.00824   (sampled)
   -16.02635    14.28969   -16.91163     0.00840 (mid-point)
   -15.92635    14.19898   -16.81140     0.00855   (sampled)
   -15.82635    14.10847   -16.70992     0.00871 (mid-point)
   -15.72635    14.01714   -16.60845     0.00888   (sampled)
   -15.62635    13.92754   -16.50766     0.00904 (mid-point)
   -15.52635    13.83754   -16.40688     0.00921   (sampled)
   -15.42635    13.74804   -16.30688     0.00938 (mid-point)
   -15.32635    13.65867   -16.20688     0.00955   (sampled)
   -15.22635    13.56943   -16.10688     0.00972 (mid-point)
   -15.12635    13.48032   -16.00688     0.00989   (sampled)
   -15.02635    13.39134   -15.90688     0.01007 (mid-point)
   -14.92635    13.30242   -15.80688     0.01025   (sampled)
   -14.82635    13.21365   -15.70686     0.01043 (mid-point)
   -14.72635    13.12495   -15.60684     0.01062   (sampled)
   -14.62635    13.03653   -15.50684     0.01081 (mid-point)
   -14.52635    12.94826   -15.40684     0.01100   (sampled)
   -14.42635    12.85948   -15.30548     0.01119 (mid-point)
   -14.32635    12.77087   -15.20411     0.01138   (sampled)
   -14.22635    12.68304   -15.10411     0.01158 (mid-point)
   -14.12635    12.59533   -15.00411     0.01178   (sampled)
   -14.02635    12.50747   -14.90382     0.01199 (mid-point)
   -13.92635    12.41978   -14.80352     0.01219   (sampled)
   -13.82635    12.33248   -14.70352     0.01240 (mid-point)
   -13.72635    12.24534   -14.60352     0.01261   (sampled)
   -13.62635    12.15838   -14.50352     0.01283 (mid-point)
   -13.52635    12.07159   -14.40352     0.01305   (sampled)
   -13.42635    11.98498   -14.30352     0.01327 (mid-point)
   -13.32635    11.89803   -14.20352     0.01349   (sampled)
   -13.22635    11.81147   -14.10145     0.01372 (mid-point)
   -13.12635    11.72460   -13.99938     0.01395   (sampled)
   -13.02635    11.63872   -13.89938     0.01419 (mid-point)
   -12.92635    11.55303   -13.79938     0.01443   (sampled)
   -12.82635    11.46753   -13.69938     0.01467 (mid-point)
   -12.72635    11.38224   -13.59938     0.01491   (sampled)
   -12.62635    11.29767   -13.49925     0.01516 (mid-point)
   -12.52635    11.21245   -13.39913     0.01542   (sampled)
   -12.42635    11.12790   -13.29913     0.01567 (mid-point)
   -12.32635    11.04358   -13.19913     0.01594   (sampled)
   -12.22635    10.95912   -13.09866     0.01620 (mid-point)
   -12.12635    10.87489   -12.99820     0.01647   (sampled)
   -12.02635    10.79125   -12.89820     0.01674 (mid-point)
   -11.92635    10.70784   -12.79820     0.01702   (sampled)
   -11.82635    10.62439   -12.69817     0.01730 (mid-point)
   -11.72635    10.54117   -12.59814     0.01759   (sampled)
   -11.62635    10.45837   -12.49813     0.01788 (mid-point)
   -11.52635    10.37576   -12.39813     0.01818   (sampled)
   -11.42635    10.29346   -12.29760     0.01848 (mid-point)
   -11.32635    10.21117   -12.19707     0.01878   (sampled)
   -11.22635    10.12916   -12.09675     0.01909 (mid-point)
   -11.12635    10.04744   -11.99644     0.01941   (sampled)
   -11.02635     9.96635   -11.89643     0.01973 (mid-point)
   -10.92635     9.88555   -11.79643     0.02005   (sampled)
   -10.82635     9.80493   -11.69643     0.02038 (mid-point)
   -10.72635     9.72460   -11.59643     0.02072   (sampled)
   -10.62635     9.64411   -11.49549     0.02106 (mid-point)
   -10.52635     9.56394   -11.39454     0.02141   (sampled)
   -10.42635     9.48454   -11.29454     0.02176 (mid-point)
   -10.32635     9.40546   -11.19454     0.02212   (sampled)
   -10.22635     9.32672   -11.09454     0.02249 (mid-point)
   -10.12635     9.24831   -10.99454     0.02286   (sampled)
   -10.02635     9.17024   -10.89454     0.02324 (mid-point)
    -9.92635     9.09132   -10.79454     0.02363   (sampled)
    -9.82635     9.01530   -10.69337     0.02402 (mid-point)
    -9.72635     8.93709   -10.59219     0.02442   (sampled)
    -9.62635     8.86091   -10.49169     0.02482 (mid-point)
    -9.52635     8.78412   -10.39118     0.02523   (sampled)
    -9.42635     8.70861   -10.29116     0.02565 (mid-point)
    -9.32635     8.63248   -10.19114     0.02608   (sampled)
    -9.22635     8.55759   -10.09114     0.02652 (mid-point)
    -9.12635     8.48313    -9.99114     0.02696   (sampled)
    -9.02635     8.40909    -9.89114     0.02741 (mid-point)
    -8.92635     8.33548    -9.79114     0.02787   (sampled)
    -8.82635     8.26264    -9.69103     0.02833 (mid-point)
    -8.72635     8.18900    -9.59092     0.02881   (sampled)
    -8.62635     8.11682    -9.49037     0.02929 (mid-point)
    -8.52635     8.04483    -9.38981     0.02978   (sampled)
    -8.42635     7.97355    -9.28981     0.03028 (mid-point)
    -8.32635     7.90275    -9.18981     0.03079   (sampled)
    -8.22635     7.83232    -9.08981     0.03131 (mid-point)
    -8.12635     7.76240    -8.98981     0.03184   (sampled)
    -8.02635     7.69242    -8.88651     0.03238 (mid-point)
    -7.92635     7.62288    -8.78321     0.03293   (sampled)
    -7.82635     7.55473    -8.68321     0.03348 (mid-point)
    -7.72635     7.48698    -8.58321     0.03405   (sampled)
    -7.62635     7.41948    -8.48292     0.03463 (mid-point)
    -7.52635     7.35257    -8.38262     0.03522   (sampled)
    -7.42635     7.28583    -8.27622     0.03582 (mid-point)
    -7.32635     7.21984    -8.16982     0.03643   (sampled)
    -7.22635     7.15394    -8.00119     0.03705 (mid-point)
    -7.12635     7.09037    -7.83257     0.03768   (sampled)
    -7.02635     7.02658    -7.71049     0.03833 (mid-point)
    -6.92635     6.96384    -7.58841     0.03898   (sampled)
    -6.82635     6.90141    -7.48630     0.03965 (mid-point)
    -6.72635     6.83971    -7.38419     0.04033   (sampled)
    -6.62635     6.76481    -7.28408     0.04103 (mid-point)
    -6.52635     6.69018    -7.18397     0.04174   (sampled)
    -6.42635     6.61599    -7.07565     0.04247 (mid-point)
    -6.32635     6.54263    -6.96733     0.04321   (sampled)
    -6.22635     6.46859    -6.80741     0.04397 (mid-point)
    -6.12635     6.39722    -6.64748     0.04475   (sampled)
    -6.02635     6.32412    -6.45116     0.04555 (mid-point)
    -5.92635     6.25524    -6.25483     0.04636   (sampled)
    -5.82635     6.18472    -6.15479     0.04719 (mid-point)
    -5.72635     6.11483    -6.05475     0.04804   (sampled)
    -5.62635     6.04558    -5.95475     0.04891 (mid-point)
    -5.52635     5.97707    -5.85475     0.04980   (sampled)
    -5.42635     5.90955    -5.75464     0.05072 (mid-point)
    -5.32635     5.84232    -5.65453     0.05165   (sampled)
    -5.22635     5.77627    -5.55446     0.05260 (mid-point)
    -5.12635     5.71107    -5.45438     0.05358   (sampled)
    -5.02635     5.64686    -5.35438     0.05458 (mid-point)
    -4.92635     5.58355    -5.25438     0.05560   (sampled)
    -4.82635     5.52115    -5.15438     0.05664 (mid-point)
    -4.72635     5.45970    -5.05438     0.05771   (sampled)
    -4.62635     5.39916    -4.95438     0.05880 (mid-point)
    -4.52635     5.33945    -4.85438     0.05992   (sampled)
    -4.42635     5.28076    -4.75438     0.06106 (mid-point)
    -4.32635     5.22299    -4.65438     0.06223   (sampled)
    -4.22635     5.16646    -4.55396     0.06342 (mid-point)
    -4.12635     5.11092    -4.45354     0.06464   (sampled)
    -4.02635     5.05664    -4.35274     0.06588 (mid-point)
    -3.92635     5.00325    -4.25193     0.06715   (sampled)
    -3.82635     4.94973    -4.09206     0.06845 (mid-point)
    -3.72635     4.90006    -3.93219     0.06978   (sampled)
    -3.62635     4.84954    -3.78937     0.07113 (mid-point)
    -3.52635     4.80209    -3.64655     0.07251   (sampled)
    -3.42635     4.75557    -3.54655     0.07392 (mid-point)
    -3.32635     4.71042    -3.44655     0.07535   (sampled)
    -3.22635     4.66619    -3.33762     0.07682 (mid-point)
    -3.12635     4.62371    -3.22869     0.07831   (sampled)
    -3.02635     4.58210    -3.12862     0.07982 (mid-point)
    -2.92635     4.54168    -3.02855     0.08136   (sampled)
    -2.82635     4.48985    -2.92851     0.08294 (mid-point)
    -2.72635     4.43920    -2.82848     0.08456   (sampled)
    -2.62635     4.38774    -2.72709     0.08621 (mid-point)
    -2.52635     4.33741    -2.62570     0.08790   (sampled)
    -2.42635     4.28828    -2.52322     0.08964 (mid-point)
    -2.32635     4.24039    -2.42073     0.09141   (sampled)
    -2.22635     4.19387    -2.31647     0.09322 (mid-point)
    -2.12635     4.14871    -2.21221     0.09506   (sampled)
    -2.02635     4.10498    -2.11192     0.09695 (mid-point)
    -1.92635     4.06264    -2.01162     0.09888   (sampled)
    -1.82635     4.02143    -1.91151     0.10085 (mid-point)
    -1.72635     3.98158    -1.81140     0.10286   (sampled)
    -1.62635     3.94363    -1.70640     0.10491 (mid-point)
    -1.52635     3.90660    -1.60140     0.10699   (sampled)
    -1.42635     3.87171    -1.50140     0.10911 (mid-point)
    -1.32635     3.83839    -1.40140     0.11127   (sampled)
    -1.22635     3.80633    -1.30101     0.11347 (mid-point)
    -1.12635     3.77581    -1.20062     0.11570   (sampled)
    -1.02635     3.74752    -1.10059     0.11797 (mid-point)
    -0.92635     3.72037    -1.00056     0.12027   (sampled)
    -0.82635     3.69426    -0.90053     0.12260 (mid-point)
    -0.72635     3.67015    -0.80050     0.12497   (sampled)
    -0.62635     3.64571    -0.70048     0.12736 (mid-point)
    -0.52635     3.62331    -0.60045     0.12979   (sampled)
    -0.42635     3.60282    -0.50041     0.13224 (mid-point)
    -0.32635     3.58441    -0.40036     0.13472   (sampled)
    -0.22635     3.56805    -0.30023     0.13722 (mid-point)
    -0.12635     3.55383    -0.20009     0.13974   (sampled)
    -0.02635     3.54171    -0.10005     0.14227 (mid-point)
     0.07365     3.53176     0.00000     0.14483   (sampled)
     0.17365     3.52440     0.10000     0.14739 (mid-point)
     0.27365     3.51920     0.20000     0.14996   (sampled)
     0.37365     3.51599     0.30032     0.15253 (mid-point)
     0.47365     3.51496     0.40065     0.15511   (sampled)
     0.57365     3.51619     0.50071     0.15768 (mid-point)
     0.67365     3.51965     0.60076     0.16025   (sampled)
     0.77365     3.52518     0.70080     0.16282 (mid-point)
     0.87365     3.53283     0.80083     0.16537   (sampled)
     0.97365     3.54282     0.90089     0.16790 (mid-point)
     1.07365     3.55342     1.00096     0.17042   (sampled)
     1.17365     3.55390     1.10207     0.17294 (mid-point)
     1.27365     3.55662     1.20317     0.17546   (sampled)
     1.37365     3.56135     1.30423     0.17797 (mid-point)
     1.47365     3.56820     1.40528     0.18047   (sampled)
     1.57365     3.57738     1.50848     0.18296 (mid-point)
     1.67365     3.58887     1.61167     0.18543   (sampled)
     1.77365     3.60243     1.71168     0.18788 (mid-point)
     1.87365     3.61805     1.81168     0.19031   (sampled)
     1.97365     3.63539     1.93405     0.19272 (mid-point)
     2.07365     3.65580     2.05641     0.19510   (sampled)
     2.17365     3.67774     2.15675     0.19746 (mid-point)
     2.27365     3.70172     2.25708     0.19978   (sampled)
     2.37365     3.72619     2.40616     0.20207 (mid-point)
     2.47365     3.75521     2.55525     0.20433   (sampled)
     2.57365     3.78521     2.65539     0.20655 (mid-point)
     2.67365     3.81710     2.75553     0.20873   (sampled)
     2.77365     3.85092     2.85587     0.21088 (mid-point)
     2.87365     3.88657     2.95621     0.21299   (sampled)
     2.97365     3.92175     3.13785     0.21506 (mid-point)
     3.07365     3.96288     3.31948     0.21708   (sampled)
     3.17365     4.00361     3.41948     0.21907 (mid-point)
     3.27365     4.04569     3.51948     0.22102   (sampled)
     3.37365     4.08991     3.62006     0.22292 (mid-point)
     3.47365     4.13542     3.72065     0.22478   (sampled)
     3.57365     4.18252     3.82065     0.22660 (mid-point)
     3.67365     4.23073     3.92065     0.22838   (sampled)
     3.77365     4.27737     4.14562     0.23012 (mid-point)
     3.87365     4.33273     4.37059     0.23181   (sampled)
     3.97365     4.38581     4.47060     0.23347 (mid-point)
     4.07365     4.43988     4.57061     0.23508   (sampled)
     4.17365     4.49537     4.67081     0.23666 (mid-point)
     4.27365     4.55165     4.77101     0.23819   (sampled)
     4.37365     4.60961     4.87101     0.23969 (mid-point)
     4.47365     4.66871     4.97101     0.24115   (sampled)
     4.57365     4.72852     5.07101     0.24258 (mid-point)
     4.67365     4.78941     5.17101     0.24396   (sampled)
     4.77365     4.84646     5.44650     0.24532 (mid-point)
     4.87365     4.91505     5.72199     0.24664   (sampled)
     4.97365     4.97976     5.82206     0.24792 (mid-point)
     5.07365     5.04542     5.92212     0.24917   (sampled)
     5.17365     5.11172     6.02212     0.25039 (mid-point)
     5.27365     5.17892     6.12212     0.25158   (sampled)
     5.37365     5.24680     6.22212     0.25273 (mid-point)
     5.47365     5.31537     6.32212     0.25386   (sampled)
     5.57365     5.38505     6.42215     0.25496 (mid-point)
     5.67365     5.45527     6.52218     0.25603   (sampled)
     5.77365     5.52674     6.62232     0.25707 (mid-point)
     5.87365     5.59871     6.72245     0.25808   (sampled)
     5.97365     5.67115     6.82245     0.25907 (mid-point)
     6.07365     5.74430     6.92245     0.26004   (sampled)
     6.17365     5.81884     7.02250     0.26098 (mid-point)
     6.27365     5.89335     7.12255     0.26189   (sampled)
     6.37365     5.96880     7.22255     0.26279 (mid-point)
     6.47365     6.04486     7.32255     0.26366   (sampled)
     6.57365     6.12120     7.42255     0.26451 (mid-point)
     6.67365     6.19811     7.52255     0.26534   (sampled)
     6.77365     6.27579     7.62255     0.26614 (mid-point)
     6.87365     6.35400     7.72255     0.26693   (sampled)
     6.97365     6.43254     7.82255     0.26770 (mid-point)
     7.07365     6.51159     7.92255     0.26845   (sampled)
     7.17365     6.59113     8.02255     0.26919 (mid-point)
     7.27365     6.67116     8.12255     0.26990   (sampled)
     7.37365     6.75198     8.22311     0.27060 (mid-point)
     7.47365     6.83261     8.32368     0.27128   (sampled)
     7.57365     6.91454     8.42402     0.27195 (mid-point)
     7.67365     6.99689     8.52437     0.27260   (sampled)
     7.77365     7.07918     8.62437     0.27323 (mid-point)
     7.87365     7.16177     8.72437     0.27385   (sampled)
     7.97365     7.24474     8.82437     0.27446 (mid-point)
     8.07365     7.32809     8.92437     0.27505   (sampled)
     8.17365     7.41215     9.02469     0.27563 (mid-point)
     8.27365     7.49656     9.12501     0.27620   (sampled)
     8.37365     7.58096     9.22501     0.27675 (mid-point)
     8.47365     7.66569     9.32501     0.27729   (sampled)
     8.57365     7.75124     9.42504     0.27782 (mid-point)
     8.67365     7.83709     9.52507     0.27834   (sampled)
     8.77365     7.92275     9.62507     0.27885 (mid-point)
     8.87365     8.00871     9.72507     0.27935   (sampled)
     8.97365     8.09495     9.82507     0.27983 (mid-point)
     9.07365     8.18147     9.92507     0.28031   (sampled)
     9.17365     8.26827    10.02507     0.28077 (mid-point)
     9.27365     8.35533    10.12507     0.28123   (sampled)
     9.37365     8.44364    10.22513     0.28167 (mid-point)
     9.47365     8.53106    10.32519     0.28211   (sampled)
     9.57365     8.61910    10.42519     0.28254 (mid-point)
     9.67365     8.70736    10.52519     0.28296   (sampled)
     9.77365     8.79586    10.62519     0.28337 (mid-point)
     9.87365     8.88457    10.72519     0.28377   (sampled)
     9.97365     8.97343    10.82519     0.28417 (mid-point)
    10.07365     9.06234    10.92519     0.28456   (sampled)
    10.17365     9.15146    11.02519     0.28494 (mid-point)
    10.27365     9.24077    11.12519     0.28531   (sampled)
    10.37365     9.33028    11.22519     0.28568 (mid-point)
    10.47365     9.41998    11.32519     0.28603   (sampled)
    10.57365     9.50987    11.42519     0.28639 (mid-point)
    10.67365     9.59994    11.52519     0.28673   (sampled)
    10.77365     9.69107    11.62521     0.28707 (mid-point)
    10.87365     9.78080    11.72524     0.28740   (sampled)
    10.97365     9.87180    11.82526     0.28773 (mid-point)
    11.07365     9.96297    11.92527     0.28805   (sampled)
    11.17365    10.05334    12.03036     0.28837 (mid-point)
    11.27365    10.14367    12.13545     0.28868   (sampled)
    11.37365    10.23367    12.26278     0.28898 (mid-point)
    11.47365    10.32427    12.39012     0.28928   (sampled)
    11.57365    10.41570    12.49508     0.28957 (mid-point)
    11.67365    10.50737    12.60005     0.28986   (sampled)
    11.77365    10.59656    12.70074     0.29014 (mid-point)
    11.87365    10.68105    12.80144     0.29042   (sampled)
    11.97365    10.76059    12.92457     0.29070 (mid-point)
    12.07365    10.84076    13.04769     0.29097   (sampled)
    12.17365    10.92192    13.19309     0.29123 (mid-point)
    12.27365    11.00421    13.33849     0.29150   (sampled)
    12.37365    11.08631    13.46089     0.29176 (mid-point)
    12.47365    11.16904    13.58329     0.29201   (sampled)
    12.57365    11.24003    14.12044     0.29226 (mid-point)
    12.67365    11.33203    14.65758     0.29251   (sampled)
    12.77365    11.40247    15.33663     0.29276 (mid-point)
    12.87365    11.50590    16.01568     0.29300   (sampled)
    12.97365    11.58899    16.11692     0.29323 (mid-point)
    13.07365    11.67082    16.21815     0.29347   (sampled)
    13.17365    11.75711    16.33696     0.29370 (mid-point)
    13.27365    11.84388    16.45578     0.29392   (sampled)
    13.37365    11.92935    16.56330     0.29415 (mid-point)
    13.47365    12.01514    16.67081     0.29437   (sampled)
    13.57365    12.10065    16.77884     0.29459 (mid-point)
    13.67365    12.18621    16.88686     0.29480   (sampled)
    13.77365    12.27003    16.99449     0.29501 (mid-point)
    13.87365    12.35416    17.10212     0.29522   (sampled)
    13.97365    12.44266    17.20617     0.29543 (mid-point)
    14.07365    12.53136    17.31022     0.29563   (sampled)
    14.17365    12.61845    17.41870     0.29583 (mid-point)
    14.27365    12.70497    17.52718     0.29603   (sampled)
    14.37365    12.79316    17.63219     0.29622 (mid-point)
    14.47365    12.88130    17.73721     0.29641   (sampled)
    14.57365    12.97039    17.84107     0.29660 (mid-point)
    14.67365    13.05664    17.94492     0.29679   (sampled)
    14.77365    13.14574    18.05202     0.29697 (mid-point)
    14.87365    13.23508    18.15911     0.29715   (sampled)
    14.97365    13.32450    18.26692     0.29733 (mid-point)
    15.07365    13.41226    18.37472     0.29751   (sampled)
    15.17365    13.50199    18.47766     0.29769 (mid-point)
    15.27365    13.59188    18.58059     0.29786   (sampled)
    15.37365    13.68129    18.68871     0.29803 (mid-point)
    15.47365    13.77093    18.79684     0.29820   (sampled)
    15.57365    13.86023    18.90367     0.29836 (mid-point)
    15.67365    13.94974    19.01049     0.29852   (sampled)
    15.77365    14.04244    19.11642     0.29869 (mid-point)
    15.87365    14.13479    19.22235     0.29885   (sampled)
    15.97365    14.22250    19.34400     0.29900 (mid-point)
    16.07365    14.31014    19.46565     0.29916   (sampled)
    16.17365    14.40485    19.56696     0.29931 (mid-point)
    16.27365    14.49895    19.66826     0.29946   (sampled)
    16.37365    14.59106    19.77308     0.29961 (mid-point)
    16.47365    14.68331    19.87789     0.29976   (sampled)
    16.57365    14.77561    19.98272     0.29991 (mid-point)
    16.67365    14.86757    20.08755     0.30005   (sampled)
    16.77365    14.96019    20.19407     0.30019 (mid-point)
    16.87365    15.05285    20.30060     0.30033   (sampled)
    16.97365    15.14548    20.40676     0.30047 (mid-point)
    17.07365    15.23827    20.51292     0.30061   (sampled)
    17.17365    15.33056    20.61895     0.30074 (mid-point)
    17.27365    15.42257    20.72498     0.30088   (sampled)
    17.37365    15.51659    20.83284     0.30101 (mid-point)
    17.47365    15.61076    20.94069     0.30114   (sampled)
    17.57365    15.70388    21.05035     0.30127 (mid-point)
    17.67365    15.79718    21.16000     0.30140   (sampled)
    17.77365    15.89095    21.26597     0.30152 (mid-point)
    17.87365    15.98485    21.37195     0.30165   (sampled)
    17.97365    16.07902    21.47902     0.30177 (mid-point)
    18.07365    16.17333    21.58609     0.30189   (sampled)
    18.17365    16.26858    21.68799     0.30201 (mid-point)
    18.27365    16.36362    21.78988     0.30213   (sampled)
    18.37365    16.45784    21.90236     0.30225 (mid-point)
    18.47365    16.55199    22.01483     0.30237   (sampled)
    18.57365    16.64747    22.11676     0.30248 (mid-point)
    18.67365    16.74274    22.21870     0.30259   (sampled)
    18.77365    16.83391    22.54932     0.30271 (mid-point)
    18.87365    16.93022    22.87995     0.30282   (sampled)
    18.97365    17.02569    23.14896     0.30293 (mid-point)
    19.07365    17.12452    23.41798     0.30304   (sampled)
    19.17365    17.21749    23.74294     0.30314 (mid-point)
    19.27365    17.31514    24.06791     0.30325   (sampled)
    19.37365    17.41214    24.16863     0.30335 (mid-point)
    19.47365    17.50879    24.26936     0.30346   (sampled)
    19.57365    17.60524    24.37099     0.30356 (mid-point)
    19.67365    17.70173    24.47261     0.30366   (sampled)
    19.77365    17.79912    24.59160     0.30376 (mid-point)
    19.87365    17.89674    24.71058     0.30386   (sampled)
    19.97365    17.99380    24.81300     0.30396 (mid-point)
    20.07365    18.09091    24.91542     0.30406   (sampled)
    20.17365    18.18834    25.02233     0.30415 (mid-point)
    20.27365    18.28542    25.12924     0.30425   (sampled)
    20.37365    18.38276    25.23161     0.30434 (mid-point)
    20.47365    18.48009    25.33399     0.30444   (sampled)
    20.57365    18.57787    25.43918     0.30453 (mid-point)
    20.67365    18.67542    25.54437     0.30462   (sampled)
    20.77365    18.77315    25.65010     0.30471 (mid-point)
    20.87365    18.87066    25.75584     0.30480   (sampled)
    20.97365    18.96851    25.85972     0.30489 (mid-point)
    21.07365    19.06642    25.96360     0.30498   (sampled)
    21.17365    19.16402    26.06862     0.30506 (mid-point)
    21.27365    19.26119    26.17363     0.30515   (sampled)
    21.37365    19.35981    26.27687     0.30523 (mid-point)
    21.47365    19.45847    26.38011     0.30532   (sampled)
    21.57365    19.55655    26.48376     0.30540 (mid-point)
    21.67365    19.65467    26.58742     0.30548   (sampled)
    21.77365    19.75238    26.68963     0.30556 (mid-point)
    21.87365    19.85013    26.79184     0.30565   (sampled)
    21.97365    19.94907    26.90079     0.30573 (mid-point)
    22.07365    20.04792    27.00974     0.30580   (sampled)
    22.17365    20.14623    27.11496     0.30588 (mid-point)
    22.27365    20.24459    27.22019     0.30596   (sampled)
    22.37365    20.33034    27.95335     0.30604 (mid-point)
    22.47365    20.43998    28.68652     0.30611   (sampled)
    22.57365    20.52928    29.36433     0.30619 (mid-point)
    22.67365    20.63875    30.04214     0.30626   (sampled)
    22.77365    20.73779    30.14509     0.30634 (mid-point)
    22.87365    20.83687    30.24804     0.30641   (sampled)
    22.97365    20.93595    30.35086     0.30648 (mid-point)
    23.07365    21.03484    30.45367     0.30656   (sampled)
    23.17365    21.13367    30.56164     0.30663 (mid-point)
    23.27365    21.23237    30.66960     0.30670   (sampled)
    23.37365    21.33171    30.77198     0.30677 (mid-point)
    23.47365    21.43108    30.87437     0.30684   (sampled)
    23.57365    21.53017    30.97922     0.30691 (mid-point)
    23.67365    21.62930    31.08408     0.30697   (sampled)
    23.77365    21.72862    31.18749     0.30704 (mid-point)
    23.87365    21.82796    31.29089     0.30711   (sampled)

 Minimum radius found:      3.515 angstroms.



 For spherical probe approach, The geometric factor
         F= sum(ds/area) along channel is    0.307 angstroms**-1
 This yields a macroscopic predicted molar conductance of:
   (1/rho)*(100/F)= (330/rho) pS,
   where rho is the conductivity of 1M permeant ion in ohm m.
 N.B. this is a macroscopic conductance - an overestimate 
 Empirically corrected conductances currently only available
 With the CAPSULE option (although its not that stable!)
 For 1M KCl rho= 1/12 (ohm m), So Gmacro= 3900 pS/M.
  (TAG      1   Rmin=     3.51496   Gmacro=  3907.42124 Conn_Gmacro=    -1.00000 ).
 HOLE: normal completion
