 *** Program HOLE ***
 
 If results of this run are reported or published, please
 cite the publication listed below.
 For the HOLE program:
   Smart, O.S., Goodfellow, J.M., Wallace, B.A. (1993). 
   The pore dimensions of gramicidin A. 
   Biophys. J., 65, 2455-2460.
 
 Originally written by Oliver Smart at Birkbeck College from April 1992.
 Copyright 1993-2005 Oliver Smart
 Copyright 2014-2015 SmartSci Limited.
 Copyright 2016 Oliver Smart.
 
 For help on HOLE suite see  http://www.holeprogram.org/
 
 HOLE release 2.2.005 (07 August 2016) 
 
 usage subject to Apache License, Version 2.0 
 see http://www.apache.org/licenses/LICENSE-2.0 

 Control variables read:

! Input file for Oliver Smart's HOLE program
! written by MDAnalysis.analysis.hole2.HoleAnalysis
! for a Universe
! u = mda.Universe(host_163.mol2
!    host_163.mol2
!   )
! Frame 0

COORD  /tmp/tmpiw8gkq8z.pdb
RADIUS simple2.rad
SPHPDB hole000.sph
SAMPLE 0.200000
ENDRAD 22.000000
IGNORE SOL WAT TIP HOH K   NA  CL
SHORTO 0
RASEED 31415
CPOINT 0.0036212129 -0.0024091005 -0.0018484877


 WARNING have not found a CVECT record - will try to guess
 Input pdb filename read as:    '/tmp/tmpiw8gkq8z.pdb'
 Input vdW radius file read as: 'simple2.rad'
 point in channel:    0.004  -0.002  -0.002
 channel vector:   ************************
 sampling distance between planes:    0.200

 graphics conditions:
 binary plot output file name: NONE
 Dot density:    10
 Draw dots?           T
 Draw close contacts? F
 Draw centre line?    T
 Produce spikes rather than dots? F
 Seed for random number generator:     31415 (0 means value set by program)
 Radius above which a result is regarded as an 'end':  22.000
 Pdb format file for sphere centres: hole000.sph

 Monte Carlo conditions:
  no of steps:  1000
  maximum displacement   0.100 angs
  'kT' initial   0.100 angs
 The spherebox and capsule options are turned off.
 (No molqpt card so will not write qpt file of the molecule)
 IGNORE card read so will ignore residue types: SOL WAT TIP HOH K   NA  CL
 no SHORTO card read so will produce full textual output
 As no PEGRAT card was found will not produce PEG polymer exclusion graph
 (No 2DMAPS card specified so will not produce 2D property maps)
 Have not found a CUT card.  Normal calculation using
   Cutoff lists with a cutsize=       1.000
   (if you wish to turn off option use a CUT -1 card)

 Have read     7 bond radius records and
              16 vdW radius records.
 From file: simple2.rad

 Have read    66 atom records.
 From file: /tmp/tmpiw8gkq8z.pdb
 Will not produce graphical output

 Have opened file for pdb format output of sphere centres:  hole000.sph

  Seed integer used by ran # generator on this run      31415

 
 S/R cguess will try to guess CPOINT and/or CVECT
 
 THESE GUESSES MAY WELL BE WRONG!!!!
 Routine relies on having a reasonably symmetric
 channel oriented along x, y or z vector
 YOU ARE STRONGLY ADVISED TO CHECK THE RESULTS
                       WITH MOLECULAR GRAPHICS
 testing points from cpoint in X, Y then Z direction
   point                   pore radius
direction     1
  -4.996  -0.002  -0.002    -0.886
  -3.996  -0.002  -0.002    -0.834
  -2.996  -0.002  -0.002    -0.136
  -1.996  -0.002  -0.002     0.756
  -0.996  -0.002  -0.002     1.685
   0.004  -0.002  -0.002     1.705
   1.004  -0.002  -0.002     1.638
   2.004  -0.002  -0.002     0.689
   3.004  -0.002  -0.002    -0.205
   4.004  -0.002  -0.002    -0.899
   5.004  -0.002  -0.002    -0.903
 Average pore radius along the line=      0.237
direction     2
   0.004  -5.002  -0.002    -0.319
   0.004  -4.002  -0.002    -1.214
   0.004  -3.002  -0.002    -1.169
   0.004  -2.002  -0.002    -0.262
   0.004  -1.002  -0.002     0.715
   0.004  -0.002  -0.002     1.705
   0.004   0.998  -0.002     0.718
   0.004   1.998  -0.002    -0.258
   0.004   2.998  -0.002    -1.162
   0.004   3.998  -0.002    -1.208
   0.004   4.998  -0.002    -0.317
 Average pore radius along the line=     -0.252
direction     3
   0.004  -0.002  -5.002     3.449
   0.004  -0.002  -4.002     2.798
   0.004  -0.002  -3.002     2.274
   0.004  -0.002  -2.002     1.942
   0.004  -0.002  -1.002     1.840
   0.004  -0.002  -0.002     1.705
   0.004  -0.002   0.998     1.775
   0.004  -0.002   1.998     1.870
   0.004  -0.002   2.998     2.216
   0.004  -0.002   3.998     2.757
   0.004  -0.002   4.998     3.434
 Average pore radius along the line=      2.369
 Best direction is found to be     3
(1=X,2=Y,3=Z)
 s/r cguess has produced initial values for cpoint &/or cvect:
CPOINT       0.0036     -0.0024     -0.0018
CVECT        0.0000      0.0000      1.0000
 THESE GUESSES MAY WELL BE WRONG!!!!
 Routine relies on having a reasonably symmetric
 channel oriented along x, y or z vector
 YOU ARE STRONGLY ADVISED TO CHECK THE RESULTS
                       WITH MOLECULAR GRAPHICS
 
 
  Some routines (e.g. conn) need vectors normal to cvect: 
     EAST Zero degrees angle is along vector    1.000   0.000   0.000
     NORTH  90 degrees angle is along vector    0.000  -1.000   0.000
 highest radius point found:
  at point    0.394   0.029  -0.002
  closest atom surface    1.710   C22 163 X    0
  2nd closest surface     1.712   C11 163 X    0
  found on step   62
 current point:
  at point    0.521   0.016  -0.002
  closest atom surface    1.699   C11 163 X    0
  2nd closest surface     1.702   C22 163 X    0
  found on step  988
  no. of rejections          409
 stored as     0

 highest radius point found:
  at point   -0.317  -0.041   0.198
  closest atom surface    1.725   C8  163 X    0
  2nd closest surface     1.727   C11 163 X    0
  found on step  990
  this is also current point
  no. of rejections          396
 stored as     1

 highest radius point found:
  at point   -0.307  -0.040   0.398
  closest atom surface    1.742   C8  163 X    0
  2nd closest surface     1.743   C11 163 X    0
  found on step  680
 current point:
  at point   -0.282  -0.036   0.398
  closest atom surface    1.741   C25 163 X    0
  2nd closest surface     1.742   C11 163 X    0
  found on step  978
  no. of rejections          414
 stored as     2

 highest radius point found:
  at point    0.266   0.031   0.598
  closest atom surface    1.768   C12 163 X    0
  2nd closest surface     1.769   C25 163 X    0
  found on step  938
  this is also current point
  no. of rejections          382
 stored as     3

 highest radius point found:
  at point   -0.290  -0.039   0.798
  closest atom surface    1.807   C8  163 X    0
  2nd closest surface     1.808   C11 163 X    0
  found on step  531
 current point:
  at point   -0.070  -0.012   0.798
  closest atom surface    1.797   C11 163 X    0
  2nd closest surface     1.799   C25 163 X    0
  found on step  964
  no. of rejections          408
 stored as     4

 highest radius point found:
  at point   -0.274  -0.047   0.998
  closest atom surface    1.834   C29 163 X    0
  2nd closest surface     1.835   C12 163 X    0
  found on step  948
  this is also current point
  no. of rejections          372
 stored as     5

 highest radius point found:
  at point   -0.274  -0.047   1.198
  closest atom surface    1.828   C29 163 X    0
  2nd closest surface     1.832   C12 163 X    0
  found on step    1
 current point:
  at point    0.253   0.126   1.198
  closest atom surface    1.821   C29 163 X    0
  2nd closest surface     1.822   C12 163 X    0
  found on step  901
  no. of rejections          378
 stored as     6

 highest radius point found:
  at point   -0.270  -0.050   1.398
  closest atom surface    1.836   C12 163 X    0
  2nd closest surface     1.836   C7  163 X    0
  found on step  935
  this is also current point
  no. of rejections          407
 stored as     7

 highest radius point found:
  at point    0.388   0.168   1.598
  closest atom surface    1.855   C29 163 X    0
  2nd closest surface     1.858   C12 163 X    0
  found on step  643
 current point:
  at point   -0.050   0.022   1.598
  closest atom surface    1.840   C12 163 X    0
  2nd closest surface     1.840   C29 163 X    0
  found on step  914
  no. of rejections          385
 stored as     8

 highest radius point found:
  at point    0.388   0.168   1.798
  closest atom surface    1.881   C29 163 X    0
  2nd closest surface     1.887   C12 163 X    0
  found on step    1
 current point:
  at point   -0.251  -0.047   1.798
  closest atom surface    1.879   C12 163 X    0
  2nd closest surface     1.880   C29 163 X    0
  found on step  967
  no. of rejections          382
 stored as     9

 highest radius point found:
  at point    0.406   0.169   1.998
  closest atom surface    1.923   C12 163 X    0
  2nd closest surface     1.924   C29 163 X    0
  found on step  949
  this is also current point
  no. of rejections          387
 stored as    10

 highest radius point found:
  at point    0.406   0.169   2.198
  closest atom surface    1.971   C29 163 X    0
  2nd closest surface     1.973   C12 163 X    0
  found on step    1
 current point:
  at point   -0.240  -0.046   2.198
  closest atom surface    1.962   C7  163 X    0
  2nd closest surface     1.965   C29 163 X    0
  found on step  981
  no. of rejections          377
 stored as    11

 highest radius point found:
  at point    0.434   0.180   2.398
  closest atom surface    2.030   C29 163 X    0
  2nd closest surface     2.032   C21 163 X    0
  found on step 1000
  this is also current point
  no. of rejections          364
 stored as    12

 highest radius point found:
  at point    0.439   0.176   2.598
  closest atom surface    2.100   C29 163 X    0
  2nd closest surface     2.101   C12 163 X    0
  found on step  998
  this is also current point
  no. of rejections          390
 stored as    13

 highest radius point found:
  at point    0.439   0.176   2.798
  closest atom surface    2.175   C29 163 X    0
  2nd closest surface     2.179   C12 163 X    0
  found on step    1
 current point:
  at point    0.277   0.121   2.798
  closest atom surface    2.162   C29 163 X    0
  2nd closest surface     2.164   C12 163 X    0
  found on step  951
  no. of rejections          388
 stored as    14

 highest radius point found:
  at point    0.434   0.170   2.998
  closest atom surface    2.261   C12 163 X    0
  2nd closest surface     2.261   C29 163 X    0
  found on step  987
  this is also current point
  no. of rejections          370
 stored as    15

 highest radius point found:
  at point    0.450   0.173   3.198
  closest atom surface    2.354   C12 163 X    0
  2nd closest surface     2.355   C29 163 X    0
  found on step  977
  this is also current point
  no. of rejections          347
 stored as    16

 highest radius point found:
  at point    0.467   0.180   3.398
  closest atom surface    2.454   C29 163 X    0
  2nd closest surface     2.455   C21 163 X    0
  found on step  566
 current point:
  at point    0.413   0.159   3.398
  closest atom surface    2.450   C12 163 X    0
  2nd closest surface     2.451   C29 163 X    0
  found on step  982
  no. of rejections          367
 stored as    17

 highest radius point found:
  at point    0.476   0.181   3.598
  closest atom surface    2.561   C21 163 X    0
  2nd closest surface     2.562   C29 163 X    0
  found on step  149
 current point:
  at point    0.402   0.154   3.598
  closest atom surface    2.556   C12 163 X    0
  2nd closest surface     2.556   C29 163 X    0
  found on step  942
  no. of rejections          392
 stored as    18

 highest radius point found:
  at point    0.482   0.178   3.798
  closest atom surface    2.675   C12 163 X    0
  2nd closest surface     2.677   C21 163 X    0
  found on step  580
 current point:
  at point    0.482   0.181   3.798
  closest atom surface    2.674   C21 163 X    0
  2nd closest surface     2.676   C29 163 X    0
  found on step  916
  no. of rejections          354
 stored as    19

 highest radius point found:
  at point    0.490   0.179   3.998
  closest atom surface    2.795   C12 163 X    0
  2nd closest surface     2.795   C21 163 X    0
  found on step  983
  this is also current point
  no. of rejections          354
 stored as    20

 highest radius point found:
  at point    0.490   0.179   4.198
  closest atom surface    2.919   C29 163 X    0
  2nd closest surface     2.920   C12 163 X    0
  found on step    1
 current point:
  at point    0.473   0.173   4.198
  closest atom surface    2.918   C29 163 X    0
  2nd closest surface     2.918   C12 163 X    0
  found on step  933
  no. of rejections          342
 stored as    21

 highest radius point found:
  at point    0.495   0.178   4.398
  closest atom surface    3.049   C12 163 X    0
  2nd closest surface     3.049   C29 163 X    0
  found on step  986
  this is also current point
  no. of rejections          319
 stored as    22

 highest radius point found:
  at point    0.499   0.177   4.598
  closest atom surface    3.182   C12 163 X    0
  2nd closest surface     3.183   C29 163 X    0
  found on step  727
 current point:
  at point    0.063   0.035   4.598
  closest atom surface    3.159   C29 163 X    0
  2nd closest surface     3.162   C12 163 X    0
  found on step  981
  no. of rejections          335
 stored as    23

 highest radius point found:
  at point    0.507   0.179   4.798
  closest atom surface    3.322   C12 163 X    0
  2nd closest surface     3.322   C29 163 X    0
  found on step  965
  this is also current point
  no. of rejections          343
 stored as    24

 highest radius point found:
  at point    0.507   0.179   4.998
  closest atom surface    3.462   C29 163 X    0
  2nd closest surface     3.464   C12 163 X    0
  found on step    1
 current point:
  at point    0.500   0.172   4.998
  closest atom surface    3.461   C12 163 X    0
  2nd closest surface     3.465   C29 163 X    0
  found on step  986
  no. of rejections          339
 stored as    25

 highest radius point found:
  at point    0.509   0.179   5.198
  closest atom surface    3.607   C29 163 X    0
  2nd closest surface     3.611   C12 163 X    0
  found on step  711
 current point:
  at point    0.234   0.085   5.198
  closest atom surface    3.591   C29 163 X    0
  2nd closest surface     3.591   C12 163 X    0
  found on step  976
  no. of rejections          327
 stored as    26

 highest radius point found:
  at point    0.509   0.174   5.398
  closest atom surface    3.758   C12 163 X    0
  2nd closest surface     3.758   C29 163 X    0
  found on step   20
 current point:
  at point    0.533   0.184   5.398
  closest atom surface    3.757   C21 163 X    0
  2nd closest surface     3.759   C29 163 X    0
  found on step  912
  no. of rejections          351
 stored as    27

 highest radius point found:
  at point    0.523   0.177   5.598
  closest atom surface    3.911   C12 163 X    0
  2nd closest surface     3.911   C29 163 X    0
  found on step  614
 current point:
  at point   -0.058  -0.015   5.598
  closest atom surface    3.891   C12 163 X    0
  2nd closest surface     3.891   C29 163 X    0
  found on step  964
  no. of rejections          329
 stored as    28

 highest radius point found:
  at point    0.523   0.177   5.798
  closest atom surface    4.065   C29 163 X    0
  2nd closest surface     4.066   C12 163 X    0
  found on step    1
 current point:
  at point    0.552   0.184   5.798
  closest atom surface    4.064   C21 163 X    0
  2nd closest surface     4.067   C12 163 X    0
  found on step  974
  no. of rejections          302
 stored as    29

 highest radius point found:
  at point    0.561   0.182   5.998
  closest atom surface    4.223   C21 163 X    0
  2nd closest surface     4.223   C12 163 X    0
  found on step  918
  this is also current point
  no. of rejections          320
 stored as    30

 highest radius point found:
  at point    0.554   0.184   6.198
  closest atom surface    4.385   C29 163 X    0
  2nd closest surface     4.385   C21 163 X    0
  found on step  996
  this is also current point
  no. of rejections          304
 stored as    31

 highest radius point found:
  at point    0.554   0.184   6.398
  closest atom surface    4.546   C29 163 X    0
  2nd closest surface     4.549   C12 163 X    0
  found on step    1
 current point:
  at point   -0.025  -0.011   6.398
  closest atom surface    4.526   C29 163 X    0
  2nd closest surface     4.526   H10 163 X    0
  found on step  897
  no. of rejections          287
 stored as    32

 highest radius point found:
  at point    0.566   0.183   6.598
  closest atom surface    4.712   C29 163 X    0
  2nd closest surface     4.713   C12 163 X    0
  found on step  991
  this is also current point
  no. of rejections          273
 stored as    33

 highest radius point found:
  at point    0.567   0.182   6.798
  closest atom surface    4.878   C29 163 X    0
  2nd closest surface     4.879   C12 163 X    0
  found on step  972
  this is also current point
  no. of rejections          293
 stored as    34

 highest radius point found:
  at point    0.567   0.182   6.998
  closest atom surface    5.045   C29 163 X    0
  2nd closest surface     5.047   C12 163 X    0
  found on step    1
 current point:
  at point    2.030   0.060   6.998
  closest atom surface    5.005   C21 163 X    0
  2nd closest surface     5.006   C20 163 X    0
  found on step  983
  no. of rejections          292
 stored as    35

 highest radius point found:
  at point    0.586   0.184   7.198
  closest atom surface    5.217   C12 163 X    0
  2nd closest surface     5.218   C29 163 X    0
  found on step  998
  this is also current point
  no. of rejections          277
 stored as    36

 highest radius point found:
  at point    0.591   0.184   7.398
  closest atom surface    5.389   C12 163 X    0
  2nd closest surface     5.389   C29 163 X    0
  found on step  963
  this is also current point
  no. of rejections          264
 stored as    37

 highest radius point found:
  at point    0.591   0.184   7.598
  closest atom surface    5.559   H25 163 X    0
  2nd closest surface     5.561   C29 163 X    0
  found on step    1
 current point:
  at point    0.471   0.150   7.598
  closest atom surface    5.548   H10 163 X    0
  2nd closest surface     5.550   C29 163 X    0
  found on step  990
  no. of rejections          298
 stored as    38

 highest radius point found:
  at point    0.638   0.186   7.798
  closest atom surface    5.731   C21 163 X    0
  2nd closest surface     5.732   H10 163 X    0
  found on step  858
 current point:
  at point    0.627   0.187   7.798
  closest atom surface    5.731   H25 163 X    0
  2nd closest surface     5.732   H10 163 X    0
  found on step  967
  no. of rejections          304
 stored as    39

 highest radius point found:
  at point    0.637   0.186   7.998
  closest atom surface    5.901   H10 163 X    0
  2nd closest surface     5.902   H25 163 X    0
  found on step  572
 current point:
  at point    0.685   0.186   7.998
  closest atom surface    5.901   C21 163 X    0
  2nd closest surface     5.901   H10 163 X    0
  found on step  945
  no. of rejections          310
 stored as    40

 highest radius point found:
  at point    0.637   0.186   8.198
  closest atom surface    6.072   H25 163 X    0
  2nd closest surface     6.072   H10 163 X    0
  found on step    1
 current point:
  at point   -0.054   0.032   8.198
  closest atom surface    6.037   C29 163 X    0
  2nd closest surface     6.037   H10 163 X    0
  found on step  991
  no. of rejections          294
 stored as    41

 highest radius point found:
  at point    0.666   0.187   8.398
  closest atom surface    6.245   H10 163 X    0
  2nd closest surface     6.249   H25 163 X    0
  found on step   39
 current point:
  at point    1.945   0.076   8.398
  closest atom surface    6.229   C21 163 X    0
  2nd closest surface     6.232   C12 163 X    0
  found on step  966
  no. of rejections          272
 stored as    42

 highest radius point found:
  at point    0.666   0.187   8.598
  closest atom surface    6.419   H10 163 X    0
  2nd closest surface     6.422   H25 163 X    0
  found on step    1
 current point:
  at point    0.506   0.157   8.598
  closest atom surface    6.407   H10 163 X    0
  2nd closest surface     6.411   H25 163 X    0
  found on step  998
  no. of rejections          271
 stored as    43

 highest radius point found:
  at point    0.729   0.202   8.798
  closest atom surface    6.601   H25 163 X    0
  2nd closest surface     6.601   H10 163 X    0
  found on step  924
  this is also current point
  no. of rejections          277
 stored as    44

 highest radius point found:
  at point    0.769   0.208   8.998
  closest atom surface    6.780   H10 163 X    0
  2nd closest surface     6.781   H25 163 X    0
  found on step  920
  this is also current point
  no. of rejections          254
 stored as    45

 highest radius point found:
  at point    2.021   0.070   9.198
  closest atom surface    6.961   C21 163 X    0
  2nd closest surface     6.961   C12 163 X    0
  found on step  984
  this is also current point
  no. of rejections          263
 stored as    46

 highest radius point found:
  at point    2.021   0.070   9.398
  closest atom surface    7.144   C12 163 X    0
  2nd closest surface     7.144   C17 163 X    0
  found on step    1
 current point:
  at point    0.516   0.165   9.398
  closest atom surface    7.116   H25 163 X    0
  2nd closest surface     7.119   H10 163 X    0
  found on step  968
  no. of rejections          267
 stored as    47

 highest radius point found:
  at point    2.021   0.070   9.598
  closest atom surface    7.327   C17 163 X    0
  2nd closest surface     7.327   C12 163 X    0
  found on step    1
 current point:
  at point    0.158   0.095   9.598
  closest atom surface    7.286   H25 163 X    0
  2nd closest surface     7.286   H10 163 X    0
  found on step  982
  no. of rejections          274
 stored as    48

 highest radius point found:
  at point    2.021   0.070   9.798
  closest atom surface    7.512   C17 163 X    0
  2nd closest surface     7.512   C12 163 X    0
  found on step    1
 current point:
  at point    1.159   0.179   9.798
  closest atom surface    7.493   C21 163 X    0
  2nd closest surface     7.494   H10 163 X    0
  found on step  991
  no. of rejections          276
 stored as    49

 highest radius point found:
  at point    2.018   0.075   9.998
  closest atom surface    7.697   C17 163 X    0
  2nd closest surface     7.698   C21 163 X    0
  found on step  895
  this is also current point
  no. of rejections          246
 stored as    50

 highest radius point found:
  at point    2.014   0.074  10.198
  closest atom surface    7.884   C12 163 X    0
  2nd closest surface     7.884   C21 163 X    0
  found on step  989
  this is also current point
  no. of rejections          252
 stored as    51

 highest radius point found:
  at point    2.014   0.074  10.398
  closest atom surface    8.070   C12 163 X    0
  2nd closest surface     8.070   C17 163 X    0
  found on step    1
 current point:
  at point    1.911   0.091  10.398
  closest atom surface    8.063   C21 163 X    0
  2nd closest surface     8.068   C12 163 X    0
  found on step  992
  no. of rejections          234
 stored as    52

 highest radius point found:
  at point    2.014   0.074  10.598
  closest atom surface    8.257   C12 163 X    0
  2nd closest surface     8.257   C17 163 X    0
  found on step    1
 current point:
  at point    2.011   0.073  10.598
  closest atom surface    8.256   C12 163 X    0
  2nd closest surface     8.258   C17 163 X    0
  found on step  971
  no. of rejections          252
 stored as    53

 highest radius point found:
  at point    2.009   0.078  10.798
  closest atom surface    8.444   C21 163 X    0
  2nd closest surface     8.444   C12 163 X    0
  found on step  920
  this is also current point
  no. of rejections          260
 stored as    54

 highest radius point found:
  at point    2.009   0.078  10.998
  closest atom surface    8.631   H10 163 X    0
  2nd closest surface     8.632   C12 163 X    0
  found on step    1
 current point:
  at point    0.982   0.241  10.998
  closest atom surface    8.609   C21 163 X    0
  2nd closest surface     8.610   H10 163 X    0
  found on step  925
  no. of rejections          240
 stored as    55

 highest radius point found:
  at point    2.009   0.078  11.198
  closest atom surface    8.816   H10 163 X    0
  2nd closest surface     8.820   C12 163 X    0
  found on step    1
 current point:
  at point    1.014   0.243  11.198
  closest atom surface    8.796   C21 163 X    0
  2nd closest surface     8.796   H10 163 X    0
  found on step  923
  no. of rejections          257
 stored as    56

 highest radius point found:
  at point    1.987   0.100  11.398
  closest atom surface    9.003   C21 163 X    0
  2nd closest surface     9.006   H10 163 X    0
  found on step    3
 current point:
  at point    1.010   0.247  11.398
  closest atom surface    8.983   H25 163 X    0
  2nd closest surface     8.983   H10 163 X    0
  found on step  979
  no. of rejections          244
 stored as    57

 highest radius point found:
  at point    2.017   0.096  11.598
  closest atom surface    9.194   C21 163 X    0
  2nd closest surface     9.194   H10 163 X    0
  found on step  972
  this is also current point
  no. of rejections          235
 stored as    58

 highest radius point found:
  at point    2.019   0.102  11.798
  closest atom surface    9.382   C21 163 X    0
  2nd closest surface     9.383   H10 163 X    0
  found on step  958
  this is also current point
  no. of rejections          236
 stored as    59

 highest radius point found:
  at point    2.022   0.106  11.998
  closest atom surface    9.571   H10 163 X    0
  2nd closest surface     9.571   C21 163 X    0
  found on step  949
  this is also current point
  no. of rejections          231
 stored as    60

 highest radius point found:
  at point    2.019   0.112  12.198
  closest atom surface    9.760   H10 163 X    0
  2nd closest surface     9.760   C21 163 X    0
  found on step  946
  this is also current point
  no. of rejections          214
 stored as    61

 highest radius point found:
  at point    2.006   0.120  12.398
  closest atom surface    9.949   C21 163 X    0
  2nd closest surface     9.949   H10 163 X    0
  found on step  829
 current point:
  at point    2.005   0.119  12.398
  closest atom surface    9.948   H10 163 X    0
  2nd closest surface     9.949   C21 163 X    0
  found on step  973
  no. of rejections          244
 stored as    62

 highest radius point found:
  at point    2.029   0.118  12.598
  closest atom surface   10.139   H10 163 X    0
  2nd closest surface    10.140   C17 163 X    0
  found on step  660
 current point:
  at point    2.008   0.125  12.598
  closest atom surface   10.138   H10 163 X    0
  2nd closest surface    10.139   C21 163 X    0
  found on step  986
  no. of rejections          221
 stored as    63

 highest radius point found:
  at point    2.027   0.129  12.798
  closest atom surface   10.330   C21 163 X    0
  2nd closest surface    10.330   H10 163 X    0
  found on step  953
  this is also current point
  no. of rejections          248
 stored as    64

 highest radius point found:
  at point    2.027   0.129  12.998
  closest atom surface   10.519   H10 163 X    0
  2nd closest surface    10.521   C21 163 X    0
  found on step    1
 current point:
  at point    1.705   0.183  12.998
  closest atom surface   10.504   H10 163 X    0
  2nd closest surface    10.505   C21 163 X    0
  found on step  993
  no. of rejections          208
 stored as    65

 highest radius point found:
  at point    2.039   0.135  13.198
  closest atom surface   10.711   C17 163 X    0
  2nd closest surface    10.711   H10 163 X    0
  found on step  747
 current point:
  at point    1.795   0.178  13.198
  closest atom surface   10.698   C21 163 X    0
  2nd closest surface    10.699   H10 163 X    0
  found on step  976
  no. of rejections          215
 stored as    66

 highest radius point found:
  at point    2.015   0.148  13.398
  closest atom surface   10.901   C21 163 X    0
  2nd closest surface    10.902   H10 163 X    0
  found on step  499
 current point:
  at point    1.236   0.269  13.398
  closest atom surface   10.879   C21 163 X    0
  2nd closest surface    10.879   H10 163 X    0
  found on step  902
  no. of rejections          227
 stored as    67

 highest radius point found:
  at point    2.015   0.148  13.598
  closest atom surface   11.091   H10 163 X    0
  2nd closest surface    11.093   C21 163 X    0
  found on step    1
 current point:
  at point    1.939   0.164  13.598
  closest atom surface   11.088   C21 163 X    0
  2nd closest surface    11.088   H10 163 X    0
  found on step  989
  no. of rejections          216
 stored as    68

 highest radius point found:
  at point    2.031   0.154  13.798
  closest atom surface   11.285   H10 163 X    0
  2nd closest surface    11.285   C21 163 X    0
  found on step  846
 current point:
  at point    2.037   0.155  13.798
  closest atom surface   11.285   C21 163 X    0
  2nd closest surface    11.286   H10 163 X    0
  found on step  996
  no. of rejections          244
 stored as    69

 highest radius point found:
  at point    2.046   0.159  13.998
  closest atom surface   11.477   C17 163 X    0
  2nd closest surface    11.477   C21 163 X    0
  found on step  987
  this is also current point
  no. of rejections          221
 stored as    70

 highest radius point found:
  at point    2.044   0.160  14.198
  closest atom surface   11.669   H10 163 X    0
  2nd closest surface    11.670   C21 163 X    0
  found on step  491
 current point:
  at point    2.052   0.163  14.198
  closest atom surface   11.668   C17 163 X    0
  2nd closest surface    11.669   C21 163 X    0
  found on step  977
  no. of rejections          230
 stored as    71

 highest radius point found:
  at point    2.040   0.169  14.398
  closest atom surface   11.861   C21 163 X    0
  2nd closest surface    11.862   H10 163 X    0
  found on step  983
  this is also current point
  no. of rejections          216
 stored as    72

 highest radius point found:
  at point    2.040   0.169  14.598
  closest atom surface   12.053   H10 163 X    0
  2nd closest surface    12.055   C21 163 X    0
  found on step    1
 current point:
  at point    1.560   0.250  14.598
  closest atom surface   12.035   C21 163 X    0
  2nd closest surface    12.036   H10 163 X    0
  found on step 1000
  no. of rejections          217
 stored as    73

 highest radius point found:
  at point    2.056   0.176  14.798
  closest atom surface   12.247   C17 163 X    0
  2nd closest surface    12.247   H10 163 X    0
  found on step  953
  this is also current point
  no. of rejections          228
 stored as    74

 highest radius point found:
  at point    2.051   0.182  14.998
  closest atom surface   12.440   H10 163 X    0
  2nd closest surface    12.440   C21 163 X    0
  found on step  977
  this is also current point
  no. of rejections          195
 stored as    75

 highest radius point found:
  at point    2.050   0.194  15.198
  closest atom surface   12.632   C21 163 X    0
  2nd closest surface    12.635   H10 163 X    0
  found on step   24
 current point:
  at point    1.541   0.267  15.198
  closest atom surface   12.614   H10 163 X    0
  2nd closest surface    12.615   C21 163 X    0
  found on step  997
  no. of rejections          209
 stored as    76

 highest radius point found:
  at point    2.061   0.193  15.398
  closest atom surface   12.826   C17 163 X    0
  2nd closest surface    12.827   C21 163 X    0
  found on step  835
 current point:
  at point    2.052   0.192  15.398
  closest atom surface   12.826   H10 163 X    0
  2nd closest surface    12.827   C21 163 X    0
  found on step  974
  no. of rejections          210
 stored as    77

 highest radius point found:
  at point    2.061   0.193  15.598
  closest atom surface   13.020   H10 163 X    0
  2nd closest surface    13.021   C17 163 X    0
  found on step    1
 current point:
  at point    0.546   0.153  15.598
  closest atom surface   12.945   H25 163 X    0
  2nd closest surface    12.946   H10 163 X    0
  found on step  991
  no. of rejections          208
 stored as    78

 highest radius point found:
  at point    2.062   0.198  15.798
  closest atom surface   13.213   H10 163 X    0
  2nd closest surface    13.215   C17 163 X    0
  found on step  651
 current point:
  at point    2.067   0.195  15.798
  closest atom surface   13.213   H10 163 X    0
  2nd closest surface    13.213   C17 163 X    0
  found on step  929
  no. of rejections          217
 stored as    79

 highest radius point found:
  at point    2.065   0.206  15.998
  closest atom surface   13.408   C17 163 X    0
  2nd closest surface    13.408   C21 163 X    0
  found on step  988
  this is also current point
  no. of rejections          173
 stored as    80

 highest radius point found:
  at point    2.065   0.206  16.198
  closest atom surface   13.601   H10 163 X    0
  2nd closest surface    13.603   C17 163 X    0
  found on step    1
 current point:
  at point    1.911   0.240  16.198
  closest atom surface   13.594   C21 163 X    0
  2nd closest surface    13.596   H10 163 X    0
  found on step  999
  no. of rejections          210
 stored as    81

 highest radius point found:
  at point    2.048   0.215  16.398
  closest atom surface   13.795   H10 163 X    0
  2nd closest surface    13.796   C21 163 X    0
  found on step   18
 current point:
  at point    1.060   0.243  16.398
  closest atom surface   13.745   H25 163 X    0
  2nd closest surface    13.746   H10 163 X    0
  found on step  994
  no. of rejections          192
 stored as    82

 highest radius point found:
  at point    2.068   0.217  16.598
  closest atom surface   13.990   H10 163 X    0
  2nd closest surface    13.992   C17 163 X    0
  found on step  342
 current point:
  at point    2.048   0.225  16.598
  closest atom surface   13.990   C21 163 X    0
  2nd closest surface    13.990   H10 163 X    0
  found on step  998
  no. of rejections          186
 stored as    83

 highest radius point found:
  at point    2.075   0.228  16.798
  closest atom surface   14.185   C17 163 X    0
  2nd closest surface    14.185   C21 163 X    0
  found on step  973
  this is also current point
  no. of rejections          219
 stored as    84

 highest radius point found:
  at point    2.075   0.228  16.998
  closest atom surface   14.380   H10 163 X    0
  2nd closest surface    14.380   C17 163 X    0
  found on step    1
 current point:
  at point    2.066   0.230  16.998
  closest atom surface   14.380   H10 163 X    0
  2nd closest surface    14.380   C21 163 X    0
  found on step  911
  no. of rejections          193
 stored as    85

 highest radius point found:
  at point    2.062   0.236  17.198
  closest atom surface   14.574   H10 163 X    0
  2nd closest surface    14.574   C21 163 X    0
  found on step  999
  this is also current point
  no. of rejections          214
 stored as    86

 highest radius point found:
  at point    2.084   0.229  17.398
  closest atom surface   14.768   H10 163 X    0
  2nd closest surface    14.769   C17 163 X    0
  found on step  628
 current point:
  at point    1.981   0.259  17.398
  closest atom surface   14.764   H19 163 X    0
  2nd closest surface    14.765   C21 163 X    0
  found on step  998
  no. of rejections          196
 stored as    87

 highest radius point found:
  at point    2.080   0.242  17.598
  closest atom surface   14.965   H10 163 X    0
  2nd closest surface    14.965   C17 163 X    0
  found on step  986
  this is also current point
  no. of rejections          211
 stored as    88

 highest radius point found:
  at point    2.077   0.247  17.798
  closest atom surface   15.160   H10 163 X    0
  2nd closest surface    15.160   C21 163 X    0
  found on step  995
  this is also current point
  no. of rejections          202
 stored as    89

 highest radius point found:
  at point    2.085   0.251  17.998
  closest atom surface   15.355   H19 163 X    0
  2nd closest surface    15.355   C17 163 X    0
  found on step  985
  this is also current point
  no. of rejections          191
 stored as    90

 highest radius point found:
  at point    2.085   0.251  18.198
  closest atom surface   15.549   H10 163 X    0
  2nd closest surface    15.550   H19 163 X    0
  found on step    1
 current point:
  at point    0.506   0.135  18.198
  closest atom surface   15.469   H25 163 X    0
  2nd closest surface    15.469   H10 163 X    0
  found on step  979
  no. of rejections          208
 stored as    91

 highest radius point found:
  at point    2.098   0.250  18.398
  closest atom surface   15.744   C17 163 X    0
  2nd closest surface    15.745   H10 163 X    0
  found on step  961
  this is also current point
  no. of rejections          196
 stored as    92

 highest radius point found:
  at point    2.098   0.250  18.598
  closest atom surface   15.939   H10 163 X    0
  2nd closest surface    15.940   C17 163 X    0
  found on step    1
 current point:
  at point    2.087   0.254  18.598
  closest atom surface   15.939   H10 163 X    0
  2nd closest surface    15.939   H19 163 X    0
  found on step  931
  no. of rejections          194
 stored as    93

 highest radius point found:
  at point    2.106   0.256  18.798
  closest atom surface   16.134   C17 163 X    0
  2nd closest surface    16.135   H19 163 X    0
  found on step  219
 current point:
  at point    2.078   0.255  18.798
  closest atom surface   16.133   H10 163 X    0
  2nd closest surface    16.134   H19 163 X    0
  found on step  997
  no. of rejections          195
 stored as    94

 highest radius point found:
  at point    2.106   0.256  18.998
  closest atom surface   16.330   H10 163 X    0
  2nd closest surface    16.331   C17 163 X    0
  found on step    1
 current point:
  at point    2.104   0.256  18.998
  closest atom surface   16.330   H10 163 X    0
  2nd closest surface    16.331   H19 163 X    0
  found on step  990
  no. of rejections          187
 stored as    95

 highest radius point found:
  at point    2.112   0.259  19.198
  closest atom surface   16.526   C17 163 X    0
  2nd closest surface    16.526   H19 163 X    0
  found on step  970
  this is also current point
  no. of rejections          190
 stored as    96

 highest radius point found:
  at point    2.112   0.259  19.398
  closest atom surface   16.721   H10 163 X    0
  2nd closest surface    16.721   H19 163 X    0
  found on step    1
 current point:
  at point    1.924   0.276  19.398
  closest atom surface   16.711   H19 163 X    0
  2nd closest surface    16.711   H10 163 X    0
  found on step  931
  no. of rejections          203
 stored as    97

 highest radius point found:
  at point    2.112   0.259  19.598
  closest atom surface   16.916   H10 163 X    0
  2nd closest surface    16.917   H19 163 X    0
  found on step    1
 current point:
  at point    2.490   0.698  19.598
  closest atom surface   16.855   C17 163 X    0
  2nd closest surface    16.855   H19 163 X    0
  found on step  998
  no. of rejections          142
 stored as    98

 highest radius point found:
  at point    2.122   0.262  19.798
  closest atom surface   17.113   H10 163 X    0
  2nd closest surface    17.113   H19 163 X    0
  found on step  998
  this is also current point
  no. of rejections          180
 stored as    99

 highest radius point found:
  at point    2.128   0.262  19.998
  closest atom surface   17.309   H10 163 X    0
  2nd closest surface    17.309   C17 163 X    0
  found on step  898
  this is also current point
  no. of rejections          202
 stored as   100

 highest radius point found:
  at point    2.121   0.266  20.198
  closest atom surface   17.504   H10 163 X    0
  2nd closest surface    17.504   H19 163 X    0
  found on step  902
  this is also current point
  no. of rejections          188
 stored as   101

 highest radius point found:
  at point    2.139   0.268  20.398
  closest atom surface   17.700   C17 163 X    0
  2nd closest surface    17.700   H19 163 X    0
  found on step   19
 current point:
  at point    2.118   0.270  20.398
  closest atom surface   17.699   H19 163 X    0
  2nd closest surface    17.700   H10 163 X    0
  found on step  999
  no. of rejections          153
 stored as   102

 highest radius point found:
  at point    2.139   0.268  20.598
  closest atom surface   17.897   H19 163 X    0
  2nd closest surface    17.897   H10 163 X    0
  found on step    1
 current point:
  at point    2.141   0.276  20.598
  closest atom surface   17.895   H19 163 X    0
  2nd closest surface    17.896   C17 163 X    0
  found on step  992
  no. of rejections          183
 stored as   103

 highest radius point found:
  at point    2.139   0.268  20.798
  closest atom surface   18.092   H10 163 X    0
  2nd closest surface    18.093   H19 163 X    0
  found on step    1
 current point:
  at point    2.123   0.270  20.798
  closest atom surface   18.092   H10 163 X    0
  2nd closest surface    18.092   H19 163 X    0
  found on step  978
  no. of rejections          192
 stored as   104

 highest radius point found:
  at point    2.143   0.271  20.998
  closest atom surface   18.289   H10 163 X    0
  2nd closest surface    18.289   H19 163 X    0
  found on step  981
  this is also current point
  no. of rejections          194
 stored as   105

 highest radius point found:
  at point    2.155   0.273  21.198
  closest atom surface   18.485   C17 163 X    0
  2nd closest surface    18.485   H19 163 X    0
  found on step  873
 current point:
  at point    2.148   0.268  21.198
  closest atom surface   18.484   H10 163 X    0
  2nd closest surface    18.486   H19 163 X    0
  found on step  998
  no. of rejections          193
 stored as   106

 highest radius point found:
  at point    2.155   0.273  21.398
  closest atom surface   18.682   H10 163 X    0
  2nd closest surface    18.682   H19 163 X    0
  found on step    1
 current point:
  at point    2.157   0.274  21.398
  closest atom surface   18.682   C17 163 X    0
  2nd closest surface    18.682   H19 163 X    0
  found on step  939
  no. of rejections          188
 stored as   107

 highest radius point found:
  at point    2.155   0.273  21.598
  closest atom surface   18.878   H10 163 X    0
  2nd closest surface    18.878   H19 163 X    0
  found on step    1
 current point:
  at point    2.323   0.066  21.598
  closest atom surface   18.853   H10 163 X    0
  2nd closest surface    18.853   C17 163 X    0
  found on step  999
  no. of rejections          161
 stored as   108

 highest radius point found:
  at point    2.165   0.277  21.798
  closest atom surface   19.075   C17 163 X    0
  2nd closest surface    19.075   H19 163 X    0
  found on step  990
  this is also current point
  no. of rejections          174
 stored as   109

 highest radius point found:
  at point    2.165   0.277  21.998
  closest atom surface   19.271   H10 163 X    0
  2nd closest surface    19.271   H19 163 X    0
  found on step    1
 current point:
  at point    2.168   0.286  21.998
  closest atom surface   19.270   H19 163 X    0
  2nd closest surface    19.272   C17 163 X    0
  found on step  961
  no. of rejections          188
 stored as   110

 highest radius point found:
  at point    2.169   0.278  22.198
  closest atom surface   19.468   H10 163 X    0
  2nd closest surface    19.468   H19 163 X    0
  found on step  926
  this is also current point
  no. of rejections          184
 stored as   111

 highest radius point found:
  at point    2.165   0.280  22.398
  closest atom surface   19.664   H10 163 X    0
  2nd closest surface    19.664   H19 163 X    0
  found on step  964
  this is also current point
  no. of rejections          178
 stored as   112

 highest radius point found:
  at point    2.183   0.282  22.598
  closest atom surface   19.861   C17 163 X    0
  2nd closest surface    19.862   H19 163 X    0
  found on step  954
  this is also current point
  no. of rejections          159
 stored as   113

 highest radius point found:
  at point    2.183   0.282  22.798
  closest atom surface   20.058   H10 163 X    0
  2nd closest surface    20.059   H19 163 X    0
  found on step    1
 current point:
  at point    2.188   0.280  22.798
  closest atom surface   20.058   C17 163 X    0
  2nd closest surface    20.058   H10 163 X    0
  found on step  984
  no. of rejections          178
 stored as   114

 highest radius point found:
  at point    2.179   0.284  22.998
  closest atom surface   20.255   H10 163 X    0
  2nd closest surface    20.255   H19 163 X    0
  found on step  949
  this is also current point
  no. of rejections          183
 stored as   115

 highest radius point found:
  at point    2.179   0.284  23.198
  closest atom surface   20.451   H10 163 X    0
  2nd closest surface    20.452   H19 163 X    0
  found on step    1
 current point:
  at point    2.175   0.283  23.198
  closest atom surface   20.451   H10 163 X    0
  2nd closest surface    20.452   H19 163 X    0
  found on step  989
  no. of rejections          178
 stored as   116

 highest radius point found:
  at point    2.202   0.288  23.398
  closest atom surface   20.649   C17 163 X    0
  2nd closest surface    20.650   H19 163 X    0
  found on step  936
  this is also current point
  no. of rejections          191
 stored as   117

 highest radius point found:
  at point    2.202   0.288  23.598
  closest atom surface   20.846   C17 163 X    0
  2nd closest surface    20.847   H19 163 X    0
  found on step    1
 current point:
  at point    2.203   0.288  23.598
  closest atom surface   20.846   C17 163 X    0
  2nd closest surface    20.847   H19 163 X    0
  found on step  900
  no. of rejections          186
 stored as   118

 highest radius point found:
  at point    2.199   0.290  23.798
  closest atom surface   21.044   H10 163 X    0
  2nd closest surface    21.044   H19 163 X    0
  found on step  952
  this is also current point
  no. of rejections          177
 stored as   119

 highest radius point found:
  at point    2.208   0.289  23.998
  closest atom surface   21.241   H10 163 X    0
  2nd closest surface    21.241   C17 163 X    0
  found on step  987
  this is also current point
  no. of rejections          175
 stored as   120

 highest radius point found:
  at point    2.213   0.292  24.198
  closest atom surface   21.438   C17 163 X    0
  2nd closest surface    21.438   H19 163 X    0
  found on step  996
  this is also current point
  no. of rejections          176
 stored as   121

 highest radius point found:
  at point    2.217   0.293  24.398
  closest atom surface   21.635   C17 163 X    0
  2nd closest surface    21.635   H10 163 X    0
  found on step  995
  this is also current point
  no. of rejections          184
 stored as   122

 highest radius point found:
  at point    2.217   0.293  24.598
  closest atom surface   21.832   H10 163 X    0
  2nd closest surface    21.833   H19 163 X    0
  found on step    1
 current point:
  at point    2.626  -0.221  24.598
  closest atom surface   21.784   C17 163 X    0
  2nd closest surface    21.785   H10 163 X    0
  found on step  993
  no. of rejections          146
 stored as   123

 highest radius point found:
  at point    2.220   0.298  24.798
  closest atom surface   22.030   H19 163 X    0
  2nd closest surface    22.030   H10 163 X    0
  found on step  996
  this is also current point
  no. of rejections          182
 This is an end! (radius above  22.0 angs)
 highest radius point found:
  at point    0.301   0.034  -0.202
  closest atom surface    1.723   C11 163 X    0
  2nd closest surface     1.726   C25 163 X    0
  found on step  845
 current point:
  at point    0.295   0.035  -0.202
  closest atom surface    1.723   C25 163 X    0
  2nd closest surface     1.725   C11 163 X    0
  found on step  948
  no. of rejections          413
 stored as    -1

 highest radius point found:
  at point   -0.364  -0.042  -0.402
  closest atom surface    1.740   C8  163 X    0
  2nd closest surface     1.742   C25 163 X    0
  found on step  802
 current point:
  at point   -0.258  -0.034  -0.402
  closest atom surface    1.737   C11 163 X    0
  2nd closest surface     1.737   C25 163 X    0
  found on step  999
  no. of rejections          372
 stored as    -2

 highest radius point found:
  at point   -0.339  -0.044  -0.602
  closest atom surface    1.771   C11 163 X    0
  2nd closest surface     1.771   C25 163 X    0
  found on step  310
 current point:
  at point    0.294   0.033  -0.602
  closest atom surface    1.766   C11 163 X    0
  2nd closest surface     1.766   C22 163 X    0
  found on step  923
  no. of rejections          397
 stored as    -3

 highest radius point found:
  at point   -0.355  -0.045  -0.802
  closest atom surface    1.810   C11 163 X    0
  2nd closest surface     1.810   C25 163 X    0
  found on step  934
  this is also current point
  no. of rejections          404
 stored as    -4

 highest radius point found:
  at point    0.135   0.014  -1.002
  closest atom surface    1.843   C23 163 X    0
  2nd closest surface     1.843   C11 163 X    0
  found on step  925
  this is also current point
  no. of rejections          387
 stored as    -5

 highest radius point found:
  at point    0.055  -0.014  -1.202
  closest atom surface    1.881   C26 163 X    0
  2nd closest surface     1.882   C11 163 X    0
  found on step  660
 current point:
  at point    0.026  -0.020  -1.202
  closest atom surface    1.877   C26 163 X    0
  2nd closest surface     1.879   C11 163 X    0
  found on step  998
  no. of rejections          401
 stored as    -6

 highest radius point found:
  at point   -0.187  -0.103  -1.402
  closest atom surface    1.897   C31 163 X    0
  2nd closest surface     1.898   C26 163 X    0
  found on step  550
 current point:
  at point    0.045  -0.028  -1.402
  closest atom surface    1.895   C31 163 X    0
  2nd closest surface     1.897   C26 163 X    0
  found on step  937
  no. of rejections          406
 stored as    -7

 highest radius point found:
  at point   -0.187  -0.103  -1.602
  closest atom surface    1.912   C31 163 X    0
  2nd closest surface     1.915   C26 163 X    0
  found on step    1
 current point:
  at point    0.060  -0.022  -1.602
  closest atom surface    1.911   C31 163 X    0
  2nd closest surface     1.913   C26 163 X    0
  found on step  971
  no. of rejections          418
 stored as    -8

 highest radius point found:
  at point   -0.205  -0.105  -1.802
  closest atom surface    1.940   C31 163 X    0
  2nd closest surface     1.940   C26 163 X    0
  found on step  711
 current point:
  at point    0.044  -0.025  -1.802
  closest atom surface    1.937   C26 163 X    0
  2nd closest surface     1.938   C31 163 X    0
  found on step  903
  no. of rejections          374
 stored as    -9

 highest radius point found:
  at point   -0.251  -0.116  -2.002
  closest atom surface    1.977   C26 163 X    0
  2nd closest surface     1.977   C9  163 X    0
  found on step  982
  this is also current point
  no. of rejections          408
 stored as   -10

 highest radius point found:
  at point   -0.248  -0.116  -2.202
  closest atom surface    2.025   C31 163 X    0
  2nd closest surface     2.025   C26 163 X    0
  found on step  971
  this is also current point
  no. of rejections          397
 stored as   -11

 highest radius point found:
  at point   -0.248  -0.116  -2.402
  closest atom surface    2.079   C31 163 X    0
  2nd closest surface     2.082   C26 163 X    0
  found on step    1
 current point:
  at point   -0.052  -0.051  -2.402
  closest atom surface    2.075   C26 163 X    0
  2nd closest surface     2.075   C31 163 X    0
  found on step  955
  no. of rejections          359
 stored as   -12

 highest radius point found:
  at point   -0.274  -0.121  -2.602
  closest atom surface    2.145   C9  163 X    0
  2nd closest surface     2.147   C26 163 X    0
  found on step  968
  this is also current point
  no. of rejections          358
 stored as   -13

 highest radius point found:
  at point   -0.274  -0.121  -2.802
  closest atom surface    2.220   C31 163 X    0
  2nd closest surface     2.222   C26 163 X    0
  found on step    1
 current point:
  at point   -0.124  -0.072  -2.802
  closest atom surface    2.215   C31 163 X    0
  2nd closest surface     2.215   C26 163 X    0
  found on step  992
  no. of rejections          361
 stored as   -14

 highest radius point found:
  at point   -0.283  -0.122  -3.002
  closest atom surface    2.303   C31 163 X    0
  2nd closest surface     2.304   C26 163 X    0
  found on step  666
 current point:
  at point   -0.195  -0.094  -3.002
  closest atom surface    2.298   C31 163 X    0
  2nd closest surface     2.301   C26 163 X    0
  found on step  989
  no. of rejections          375
 stored as   -15

 highest radius point found:
  at point   -0.282  -0.120  -3.202
  closest atom surface    2.394   C31 163 X    0
  2nd closest surface     2.394   C26 163 X    0
  found on step  162
 current point:
  at point   -0.287  -0.120  -3.202
  closest atom surface    2.393   C26 163 X    0
  2nd closest surface     2.395   C31 163 X    0
  found on step  935
  no. of rejections          373
 stored as   -16

 highest radius point found:
  at point   -0.292  -0.123  -3.402
  closest atom surface    2.490   C31 163 X    0
  2nd closest surface     2.493   C26 163 X    0
  found on step  975
  this is also current point
  no. of rejections          347
 stored as   -17

 highest radius point found:
  at point   -0.299  -0.125  -3.602
  closest atom surface    2.594   C31 163 X    0
  2nd closest surface     2.599   C26 163 X    0
  found on step   26
 current point:
  at point   -0.025  -0.034  -3.602
  closest atom surface    2.589   C26 163 X    0
  2nd closest surface     2.589   C31 163 X    0
  found on step  950
  no. of rejections          361
 stored as   -18

 highest radius point found:
  at point   -0.329  -0.127  -3.802
  closest atom surface    2.705   C9  163 X    0
  2nd closest surface     2.707   C26 163 X    0
  found on step  780
 current point:
  at point   -0.094  -0.054  -3.802
  closest atom surface    2.700   C26 163 X    0
  2nd closest surface     2.700   C31 163 X    0
  found on step  938
  no. of rejections          363
 stored as   -19

 highest radius point found:
  at point   -0.329  -0.127  -4.002
  closest atom surface    2.824   C26 163 X    0
  2nd closest surface     2.826   C9  163 X    0
  found on step    1
 current point:
  at point   -0.030  -0.032  -4.002
  closest atom surface    2.816   C26 163 X    0
  2nd closest surface     2.817   C31 163 X    0
  found on step  911
  no. of rejections          356
 stored as   -20

 highest radius point found:
  at point   -0.329  -0.127  -4.202
  closest atom surface    2.947   C26 163 X    0
  2nd closest surface     2.948   C31 163 X    0
  found on step    1
 current point:
  at point   -0.338  -0.128  -4.202
  closest atom surface    2.946   C26 163 X    0
  2nd closest surface     2.948   C9  163 X    0
  found on step  995
  no. of rejections          356
 stored as   -21

 highest radius point found:
  at point   -0.328  -0.126  -4.402
  closest atom surface    3.075   C31 163 X    0
  2nd closest surface     3.075   C26 163 X    0
  found on step  854
 current point:
  at point   -0.322  -0.122  -4.402
  closest atom surface    3.072   C26 163 X    0
  2nd closest surface     3.076   C31 163 X    0
  found on step  990
  no. of rejections          330
 stored as   -22

 highest radius point found:
  at point   -0.338  -0.126  -4.602
  closest atom surface    3.206   C26 163 X    0
  2nd closest surface     3.208   C31 163 X    0
  found on step  461
 current point:
  at point   -0.311  -0.119  -4.602
  closest atom surface    3.205   C26 163 X    0
  2nd closest surface     3.206   C31 163 X    0
  found on step  966
  no. of rejections          361
 stored as   -23

 highest radius point found:
  at point   -0.338  -0.126  -4.802
  closest atom surface    3.343   C26 163 X    0
  2nd closest surface     3.343   C31 163 X    0
  found on step    1
 current point:
  at point   -0.334  -0.125  -4.802
  closest atom surface    3.343   C31 163 X    0
  2nd closest surface     3.343   C26 163 X    0
  found on step  896
  no. of rejections          363
 stored as   -24

 highest radius point found:
  at point   -0.338  -0.126  -5.002
  closest atom surface    3.483   C31 163 X    0
  2nd closest surface     3.484   C26 163 X    0
  found on step    1
 current point:
  at point   -0.073  -0.039  -5.002
  closest atom surface    3.475   C31 163 X    0
  2nd closest surface     3.475   C26 163 X    0
  found on step  992
  no. of rejections          332
 stored as   -25

 highest radius point found:
  at point   -0.364  -0.132  -5.202
  closest atom surface    3.629   C26 163 X    0
  2nd closest surface     3.629   C31 163 X    0
  found on step  897
  this is also current point
  no. of rejections          308
 stored as   -26

 highest radius point found:
  at point   -0.364  -0.132  -5.402
  closest atom surface    3.775   C31 163 X    0
  2nd closest surface     3.777   C26 163 X    0
  found on step    1
 current point:
  at point   -0.164  -0.065  -5.402
  closest atom surface    3.768   C26 163 X    0
  2nd closest surface     3.768   C31 163 X    0
  found on step  970
  no. of rejections          325
 stored as   -27

 highest radius point found:
  at point   -0.393  -0.140  -5.602
  closest atom surface    3.927   C9  163 X    0
  2nd closest surface     3.928   C31 163 X    0
  found on step  193
 current point:
  at point   -0.380  -0.133  -5.602
  closest atom surface    3.927   C26 163 X    0
  2nd closest surface     3.928   C31 163 X    0
  found on step  991
  no. of rejections          320
 stored as   -28

 highest radius point found:
  at point   -0.393  -0.140  -5.802
  closest atom surface    4.080   C31 163 X    0
  2nd closest surface     4.084   C26 163 X    0
  found on step    1
 current point:
  at point   -0.246  -0.088  -5.802
  closest atom surface    4.074   C26 163 X    0
  2nd closest surface     4.076   C31 163 X    0
  found on step  992
  no. of rejections          296
 stored as   -29

 highest radius point found:
  at point   -0.404  -0.137  -6.002
  closest atom surface    4.238   C26 163 X    0
  2nd closest surface     4.240   C31 163 X    0
  found on step  932
  this is also current point
  no. of rejections          322
 stored as   -30

 highest radius point found:
  at point   -0.404  -0.137  -6.202
  closest atom surface    4.397   C26 163 X    0
  2nd closest surface     4.397   C31 163 X    0
  found on step    1
 current point:
  at point   -0.381  -0.130  -6.202
  closest atom surface    4.396   C31 163 X    0
  2nd closest surface     4.396   C26 163 X    0
  found on step  925
  no. of rejections          326
 stored as   -31

 highest radius point found:
  at point   -0.415  -0.139  -6.402
  closest atom surface    4.559   C26 163 X    0
  2nd closest surface     4.559   C31 163 X    0
  found on step  980
  this is also current point
  no. of rejections          301
 stored as   -32

 highest radius point found:
  at point   -0.434  -0.144  -6.602
  closest atom surface    4.723   C9  163 X    0
  2nd closest surface     4.723   C26 163 X    0
  found on step  993
  this is also current point
  no. of rejections          306
 stored as   -33

 highest radius point found:
  at point   -0.434  -0.144  -6.802
  closest atom surface    4.887   C31 163 X    0
  2nd closest surface     4.889   C26 163 X    0
  found on step    1
 current point:
  at point   -0.382  -0.130  -6.802
  closest atom surface    4.883   C31 163 X    0
  2nd closest surface     4.887   C26 163 X    0
  found on step  994
  no. of rejections          305
 stored as   -34

 highest radius point found:
  at point   -0.434  -0.144  -7.002
  closest atom surface    5.053   C31 163 X    0
  2nd closest surface     5.056   C26 163 X    0
  found on step    1
 current point:
  at point   -0.349  -0.116  -7.002
  closest atom surface    5.049   C31 163 X    0
  2nd closest surface     5.051   C26 163 X    0
  found on step  934
  no. of rejections          287
 stored as   -35

 highest radius point found:
  at point   -0.453  -0.146  -7.202
  closest atom surface    5.224   C26 163 X    0
  2nd closest surface     5.224   C31 163 X    0
  found on step  911
  this is also current point
  no. of rejections          287
 stored as   -36

 highest radius point found:
  at point   -0.465  -0.150  -7.402
  closest atom surface    5.395   C31 163 X    0
  2nd closest surface     5.395   C9  163 X    0
  found on step  822
 current point:
  at point   -0.467  -0.150  -7.402
  closest atom surface    5.394   C9  163 X    0
  2nd closest surface     5.395   C31 163 X    0
  found on step  978
  no. of rejections          306
 stored as   -37

 highest radius point found:
  at point   -0.475  -0.150  -7.602
  closest atom surface    5.567   C26 163 X    0
  2nd closest surface     5.567   C9  163 X    0
  found on step  972
  this is also current point
  no. of rejections          286
 stored as   -38

 highest radius point found:
  at point   -0.478  -0.150  -7.802
  closest atom surface    5.740   C26 163 X    0
  2nd closest surface     5.741   C31 163 X    0
  found on step 1000
  this is also current point
  no. of rejections          277
 stored as   -39

 highest radius point found:
  at point   -0.479  -0.149  -8.002
  closest atom surface    5.915   C31 163 X    0
  2nd closest surface     5.915   C26 163 X    0
  found on step  953
  this is also current point
  no. of rejections          291
 stored as   -40

 highest radius point found:
  at point   -0.493  -0.152  -8.202
  closest atom surface    6.091   C26 163 X    0
  2nd closest surface     6.091   C31 163 X    0
  found on step  347
 current point:
  at point   -1.967  -0.023  -8.202
  closest atom surface    6.039   C9  163 X    0
  2nd closest surface     6.040   C26 163 X    0
  found on step  966
  no. of rejections          275
 stored as   -41

 highest radius point found:
  at point   -0.501  -0.153  -8.402
  closest atom surface    6.268   C26 163 X    0
  2nd closest surface     6.268   C31 163 X    0
  found on step  905
  this is also current point
  no. of rejections          274
 stored as   -42

 highest radius point found:
  at point   -0.501  -0.153  -8.602
  closest atom surface    6.445   C31 163 X    0
  2nd closest surface     6.447   C26 163 X    0
  found on step    1
 current point:
  at point   -0.490  -0.148  -8.602
  closest atom surface    6.445   C26 163 X    0
  2nd closest surface     6.445   C31 163 X    0
  found on step  982
  no. of rejections          298
 stored as   -43

 highest radius point found:
  at point   -0.501  -0.153  -8.802
  closest atom surface    6.623   C31 163 X    0
  2nd closest surface     6.626   C26 163 X    0
  found on step    1
 current point:
  at point   -1.990  -0.026  -8.802
  closest atom surface    6.581   C26 163 X    0
  2nd closest surface     6.581   C9  163 X    0
  found on step  908
  no. of rejections          277
 stored as   -44

 highest radius point found:
  at point   -0.533  -0.160  -9.002
  closest atom surface    6.804   H22 163 X    0
  2nd closest surface     6.805   C9  163 X    0
  found on step  972
  this is also current point
  no. of rejections          276
 stored as   -45

 highest radius point found:
  at point   -0.536  -0.170  -9.202
  closest atom surface    6.982   C31 163 X    0
  2nd closest surface     6.983   C9  163 X    0
  found on step   83
 current point:
  at point   -1.986  -0.032  -9.202
  closest atom surface    6.945   C9  163 X    0
  2nd closest surface     6.946   C26 163 X    0
  found on step  969
  no. of rejections          275
 stored as   -46

 highest radius point found:
  at point   -0.536  -0.170  -9.402
  closest atom surface    7.162   H8  163 X    0
  2nd closest surface     7.163   H22 163 X    0
  found on step    1
 current point:
  at point   -1.982  -0.032  -9.402
  closest atom surface    7.129   C26 163 X    0
  2nd closest surface     7.129   C9  163 X    0
  found on step  984
  no. of rejections          266
 stored as   -47

 highest radius point found:
  at point   -0.536  -0.170  -9.602
  closest atom surface    7.341   H22 163 X    0
  2nd closest surface     7.342   H8  163 X    0
  found on step    1
 current point:
  at point   -0.556  -0.169  -9.602
  closest atom surface    7.340   H22 163 X    0
  2nd closest surface     7.340   H8  163 X    0
  found on step  962
  no. of rejections          277
 stored as   -48

 highest radius point found:
  at point   -0.534  -0.174  -9.802
  closest atom surface    7.521   H8  163 X    0
  2nd closest surface     7.522   H22 163 X    0
  found on step  129
 current point:
  at point   -1.728  -0.059  -9.802
  closest atom surface    7.488   C9  163 X    0
  2nd closest surface     7.488   C26 163 X    0
  found on step  953
  no. of rejections          259
 stored as   -49

 highest radius point found:
  at point   -0.534  -0.174 -10.002
  closest atom surface    7.702   H22 163 X    0
  2nd closest surface     7.703   H27 163 X    0
  found on step    1
 current point:
  at point   -0.845  -0.148 -10.002
  closest atom surface    7.689   H22 163 X    0
  2nd closest surface     7.690   H8  163 X    0
  found on step  940
  no. of rejections          266
 stored as   -50

 highest radius point found:
  at point   -0.540  -0.175 -10.202
  closest atom surface    7.883   H22 163 X    0
  2nd closest surface     7.884   H27 163 X    0
  found on step    8
 current point:
  at point   -0.562  -0.176 -10.202
  closest atom surface    7.882   H8  163 X    0
  2nd closest surface     7.883   H22 163 X    0
  found on step  919
  no. of rejections          266
 stored as   -51

 highest radius point found:
  at point   -0.540  -0.175 -10.402
  closest atom surface    8.064   H22 163 X    0
  2nd closest surface     8.066   H27 163 X    0
  found on step    1
 current point:
  at point   -0.524  -0.175 -10.402
  closest atom surface    8.064   H27 163 X    0
  2nd closest surface     8.064   H22 163 X    0
  found on step  928
  no. of rejections          250
 stored as   -52

 highest radius point found:
  at point   -0.540  -0.175 -10.602
  closest atom surface    8.247   H22 163 X    0
  2nd closest surface     8.248   H27 163 X    0
  found on step    1
 current point:
  at point    0.715  -0.170 -10.602
  closest atom surface    8.136   H20 163 X    0
  2nd closest surface     8.137   C31 163 X    0
  found on step  933
  no. of rejections          257
 stored as   -53

 highest radius point found:
  at point   -0.544  -0.177 -10.802
  closest atom surface    8.431   H22 163 X    0
  2nd closest surface     8.431   H27 163 X    0
  found on step  965
  this is also current point
  no. of rejections          255
 stored as   -54

 highest radius point found:
  at point   -1.958  -0.049 -11.002
  closest atom surface    8.616   C26 163 X    0
  2nd closest surface     8.617   C9  163 X    0
  found on step  923
  this is also current point
  no. of rejections          253
 stored as   -55

 highest radius point found:
  at point   -1.966  -0.048 -11.202
  closest atom surface    8.804   C26 163 X    0
  2nd closest surface     8.807   C9  163 X    0
  found on step  983
  this is also current point
  no. of rejections          230
 stored as   -56

 highest radius point found:
  at point   -1.986  -0.048 -11.402
  closest atom surface    8.994   C26 163 X    0
  2nd closest surface     8.995   C2  163 X    0
  found on step  757
 current point:
  at point   -1.943  -0.055 -11.402
  closest atom surface    8.993   C26 163 X    0
  2nd closest surface     8.993   C9  163 X    0
  found on step  978
  no. of rejections          228
 stored as   -57

 highest radius point found:
  at point   -1.984  -0.053 -11.602
  closest atom surface    9.184   C26 163 X    0
  2nd closest surface     9.184   C9  163 X    0
  found on step  958
  this is also current point
  no. of rejections          243
 stored as   -58

 highest radius point found:
  at point   -1.976  -0.056 -11.802
  closest atom surface    9.374   C9  163 X    0
  2nd closest surface     9.374   C26 163 X    0
  found on step  560
 current point:
  at point   -1.954  -0.058 -11.802
  closest atom surface    9.373   C26 163 X    0
  2nd closest surface     9.373   C9  163 X    0
  found on step  989
  no. of rejections          255
 stored as   -59

 highest radius point found:
  at point   -1.974  -0.058 -12.002
  closest atom surface    9.563   C26 163 X    0
  2nd closest surface     9.564   C9  163 X    0
  found on step  987
  this is also current point
  no. of rejections          243
 stored as   -60

 highest radius point found:
  at point   -1.974  -0.058 -12.202
  closest atom surface    9.753   C26 163 X    0
  2nd closest surface     9.754   C9  163 X    0
  found on step    1
 current point:
  at point   -0.796  -0.174 -12.202
  closest atom surface    9.727   H8  163 X    0
  2nd closest surface     9.727   H22 163 X    0
  found on step  992
  no. of rejections          241
 stored as   -61

 highest radius point found:
  at point   -1.974  -0.058 -12.402
  closest atom surface    9.943   C26 163 X    0
  2nd closest surface     9.946   C9  163 X    0
  found on step    1
 current point:
  at point   -1.673  -0.103 -12.402
  closest atom surface    9.929   H8  163 X    0
  2nd closest surface     9.932   C9  163 X    0
  found on step  995
  no. of rejections          226
 stored as   -62

 highest radius point found:
  at point   -1.983  -0.064 -12.602
  closest atom surface   10.135   C9  163 X    0
  2nd closest surface    10.136   C2  163 X    0
  found on step  736
 current point:
  at point   -1.979  -0.065 -12.602
  closest atom surface   10.135   C9  163 X    0
  2nd closest surface    10.136   C26 163 X    0
  found on step  988
  no. of rejections          224
 stored as   -63

 highest radius point found:
  at point   -1.983  -0.064 -12.802
  closest atom surface   10.326   H22 163 X    0
  2nd closest surface    10.326   C2  163 X    0
  found on step    1
 current point:
  at point   -1.491  -0.117 -12.802
  closest atom surface   10.299   H22 163 X    0
  2nd closest surface    10.299   H8  163 X    0
  found on step  923
  no. of rejections          226
 stored as   -64

 highest radius point found:
  at point   -1.984  -0.070 -13.002
  closest atom surface   10.517   H22 163 X    0
  2nd closest surface    10.517   C9  163 X    0
  found on step  987
  this is also current point
  no. of rejections          229
 stored as   -65

 highest radius point found:
  at point   -1.991  -0.078 -13.202
  closest atom surface   10.708   C9  163 X    0
  2nd closest surface    10.708   H8  163 X    0
  found on step  912
  this is also current point
  no. of rejections          237
 stored as   -66

 highest radius point found:
  at point   -1.992  -0.078 -13.402
  closest atom surface   10.898   H22 163 X    0
  2nd closest surface    10.898   H8  163 X    0
  found on step    3
 current point:
  at point   -0.756  -0.189 -13.402
  closest atom surface   10.864   H8  163 X    0
  2nd closest surface    10.864   H22 163 X    0
  found on step  987
  no. of rejections          238
 stored as   -67

 highest radius point found:
  at point   -1.992  -0.078 -13.602
  closest atom surface   11.087   H22 163 X    0
  2nd closest surface    11.088   H8  163 X    0
  found on step    1
 current point:
  at point   -0.664  -0.196 -13.602
  closest atom surface   11.056   H22 163 X    0
  2nd closest surface    11.056   H27 163 X    0
  found on step  986
  no. of rejections          227
 stored as   -68

 highest radius point found:
  at point   -2.004  -0.082 -13.802
  closest atom surface   11.279   H8  163 X    0
  2nd closest surface    11.279   H22 163 X    0
  found on step  984
  this is also current point
  no. of rejections          227
 stored as   -69

 highest radius point found:
  at point   -2.004  -0.082 -14.002
  closest atom surface   11.469   H22 163 X    0
  2nd closest surface    11.470   H8  163 X    0
  found on step    1
 current point:
  at point   -0.544  -0.177 -14.002
  closest atom surface   11.431   H27 163 X    0
  2nd closest surface    11.431   H22 163 X    0
  found on step  992
  no. of rejections          234
 stored as   -70

 highest radius point found:
  at point   -2.020  -0.084 -14.202
  closest atom surface   11.661   H8  163 X    0
  2nd closest surface    11.661   H22 163 X    0
  found on step  978
  this is also current point
  no. of rejections          230
 stored as   -71

 highest radius point found:
  at point   -2.018  -0.086 -14.402
  closest atom surface   11.852   H8  163 X    0
  2nd closest surface    11.852   H22 163 X    0
  found on step  972
  this is also current point
  no. of rejections          206
 stored as   -72

 highest radius point found:
  at point   -2.033  -0.087 -14.602
  closest atom surface   12.045   H8  163 X    0
  2nd closest surface    12.045   H22 163 X    0
  found on step  985
  this is also current point
  no. of rejections          231
 stored as   -73

 highest radius point found:
  at point   -2.042  -0.089 -14.802
  closest atom surface   12.237   C2  163 X    0
  2nd closest surface    12.237   H8  163 X    0
  found on step  984
  this is also current point
  no. of rejections          217
 stored as   -74

 highest radius point found:
  at point   -2.042  -0.090 -15.002
  closest atom surface   12.429   H8  163 X    0
  2nd closest surface    12.429   H22 163 X    0
  found on step  707
 current point:
  at point   -2.033  -0.090 -15.002
  closest atom surface   12.428   H22 163 X    0
  2nd closest surface    12.428   H8  163 X    0
  found on step  987
  no. of rejections          221
 stored as   -75

 highest radius point found:
  at point   -2.050  -0.091 -15.202
  closest atom surface   12.621   H8  163 X    0
  2nd closest surface    12.621   H22 163 X    0
  found on step  995
  this is also current point
  no. of rejections          204
 stored as   -76

 highest radius point found:
  at point   -2.056  -0.092 -15.402
  closest atom surface   12.814   H22 163 X    0
  2nd closest surface    12.814   H8  163 X    0
  found on step  998
  this is also current point
  no. of rejections          220
 stored as   -77

 highest radius point found:
  at point   -2.067  -0.096 -15.602
  closest atom surface   13.007   C2  163 X    0
  2nd closest surface    13.007   H8  163 X    0
  found on step  956
  this is also current point
  no. of rejections          200
 stored as   -78

 highest radius point found:
  at point   -2.067  -0.096 -15.802
  closest atom surface   13.200   H8  163 X    0
  2nd closest surface    13.200   H22 163 X    0
  found on step    1
 current point:
  at point   -0.948  -0.196 -15.802
  closest atom surface   13.163   H8  163 X    0
  2nd closest surface    13.164   H22 163 X    0
  found on step  977
  no. of rejections          203
 stored as   -79

 highest radius point found:
  at point   -2.078  -0.093 -16.002
  closest atom surface   13.393   C2  163 X    0
  2nd closest surface    13.393   H22 163 X    0
  found on step  953
  this is also current point
  no. of rejections          204
 stored as   -80

 highest radius point found:
  at point   -2.075  -0.098 -16.202
  closest atom surface   13.586   H22 163 X    0
  2nd closest surface    13.587   H8  163 X    0
  found on step  941
  this is also current point
  no. of rejections          212
 stored as   -81

 highest radius point found:
  at point   -2.091  -0.100 -16.402
  closest atom surface   13.780   C2  163 X    0
  2nd closest surface    13.781   H8  163 X    0
  found on step  992
  this is also current point
  no. of rejections          226
 stored as   -82

 highest radius point found:
  at point   -2.091  -0.100 -16.602
  closest atom surface   13.974   H22 163 X    0
  2nd closest surface    13.974   H8  163 X    0
  found on step    1
 current point:
  at point   -0.840  -0.213 -16.602
  closest atom surface   13.939   H22 163 X    0
  2nd closest surface    13.939   H8  163 X    0
  found on step  995
  no. of rejections          209
 stored as   -83

 highest radius point found:
  at point   -2.101  -0.104 -16.802
  closest atom surface   14.168   C2  163 X    0
  2nd closest surface    14.168   H8  163 X    0
  found on step  984
  this is also current point
  no. of rejections          203
 stored as   -84

 highest radius point found:
  at point   -2.101  -0.104 -17.002
  closest atom surface   14.362   H22 163 X    0
  2nd closest surface    14.362   H8  163 X    0
  found on step    1
 current point:
  at point   -1.456  -0.161 -17.002
  closest atom surface   14.331   H22 163 X    0
  2nd closest surface    14.332   H8  163 X    0
  found on step  937
  no. of rejections          203
 stored as   -85

 highest radius point found:
  at point   -2.113  -0.102 -17.202
  closest atom surface   14.556   C2  163 X    0
  2nd closest surface    14.556   H22 163 X    0
  found on step  999
  this is also current point
  no. of rejections          186
 stored as   -86

 highest radius point found:
  at point   -2.113  -0.102 -17.402
  closest atom surface   14.750   H22 163 X    0
  2nd closest surface    14.751   C2  163 X    0
  found on step    1
 current point:
  at point   -2.097  -0.106 -17.402
  closest atom surface   14.749   H22 163 X    0
  2nd closest surface    14.750   H8  163 X    0
  found on step  962
  no. of rejections          199
 stored as   -87

 highest radius point found:
  at point   -2.094  -0.111 -17.602
  closest atom surface   14.944   H8  163 X    0
  2nd closest surface    14.944   H22 163 X    0
  found on step  578
 current point:
  at point   -1.469  -0.167 -17.602
  closest atom surface   14.915   H8  163 X    0
  2nd closest surface    14.915   H22 163 X    0
  found on step  995
  no. of rejections          207
 stored as   -88

 highest radius point found:
  at point   -2.094  -0.111 -17.802
  closest atom surface   15.138   H22 163 X    0
  2nd closest surface    15.139   H8  163 X    0
  found on step    1
 current point:
  at point   -0.839  -0.225 -17.802
  closest atom surface   15.106   H22 163 X    0
  2nd closest surface    15.106   H8  163 X    0
  found on step  983
  no. of rejections          201
 stored as   -89

 highest radius point found:
  at point   -2.142  -0.118 -18.002
  closest atom surface   15.334   C2  163 X    0
  2nd closest surface    15.334   H8  163 X    0
  found on step   49
 current point:
  at point   -1.964  -0.127 -18.002
  closest atom surface   15.325   H8  163 X    0
  2nd closest surface    15.325   H22 163 X    0
  found on step  995
  no. of rejections          202
 stored as   -90

 highest radius point found:
  at point   -2.137  -0.112 -18.202
  closest atom surface   15.530   H22 163 X    0
  2nd closest surface    15.530   H8  163 X    0
  found on step  963
  this is also current point
  no. of rejections          195
 stored as   -91

 highest radius point found:
  at point   -2.137  -0.112 -18.402
  closest atom surface   15.724   H22 163 X    0
  2nd closest surface    15.725   H8  163 X    0
  found on step    1
 current point:
  at point   -2.126  -0.117 -18.402
  closest atom surface   15.724   H8  163 X    0
  2nd closest surface    15.725   H22 163 X    0
  found on step  974
  no. of rejections          200
 stored as   -92

 highest radius point found:
  at point   -2.137  -0.112 -18.602
  closest atom surface   15.919   H22 163 X    0
  2nd closest surface    15.921   H8  163 X    0
  found on step    1
 current point:
  at point   -1.232  -0.197 -18.602
  closest atom surface   15.885   H22 163 X    0
  2nd closest surface    15.886   H8  163 X    0
  found on step  954
  no. of rejections          212
 stored as   -93

 highest radius point found:
  at point   -2.155  -0.120 -18.802
  closest atom surface   16.115   H8  163 X    0
  2nd closest surface    16.116   C2  163 X    0
  found on step  938
  this is also current point
  no. of rejections          190
 stored as   -94

 highest radius point found:
  at point   -2.155  -0.120 -19.002
  closest atom surface   16.311   H8  163 X    0
  2nd closest surface    16.311   H22 163 X    0
  found on step    1
 current point:
  at point   -1.298  -0.197 -19.002
  closest atom surface   16.277   H8  163 X    0
  2nd closest surface    16.278   H22 163 X    0
  found on step  979
  no. of rejections          200
 stored as   -95

 highest radius point found:
  at point   -2.155  -0.120 -19.202
  closest atom surface   16.506   H22 163 X    0
  2nd closest surface    16.506   H8  163 X    0
  found on step    1
 current point:
  at point   -2.162  -0.117 -19.202
  closest atom surface   16.506   H22 163 X    0
  2nd closest surface    16.507   H8  163 X    0
  found on step  998
  no. of rejections          174
 stored as   -96

 highest radius point found:
  at point   -2.169  -0.121 -19.402
  closest atom surface   16.702   H22 163 X    0
  2nd closest surface    16.702   H8  163 X    0
  found on step  968
  this is also current point
  no. of rejections          209
 stored as   -97

 highest radius point found:
  at point   -2.169  -0.124 -19.602
  closest atom surface   16.897   H8  163 X    0
  2nd closest surface    16.898   H22 163 X    0
  found on step  967
  this is also current point
  no. of rejections          189
 stored as   -98

 highest radius point found:
  at point   -2.181  -0.124 -19.802
  closest atom surface   17.094   H8  163 X    0
  2nd closest surface    17.094   H22 163 X    0
  found on step    7
 current point:
  at point   -2.189  -0.129 -19.802
  closest atom surface   17.093   C2  163 X    0
  2nd closest surface    17.093   H8  163 X    0
  found on step  981
  no. of rejections          186
 stored as   -99

 highest radius point found:
  at point   -2.181  -0.124 -20.002
  closest atom surface   17.289   H22 163 X    0
  2nd closest surface    17.290   H8  163 X    0
  found on step    1
 current point:
  at point   -1.271  -0.207 -20.002
  closest atom surface   17.255   H22 163 X    0
  2nd closest surface    17.256   H8  163 X    0
  found on step  992
  no. of rejections          183
 stored as  -100

 highest radius point found:
  at point   -2.184  -0.131 -20.202
  closest atom surface   17.485   H8  163 X    0
  2nd closest surface    17.486   H22 163 X    0
  found on step    6
 current point:
  at point   -0.930  -0.240 -20.202
  closest atom surface   17.451   H27 163 X    0
  2nd closest surface    17.451   H8  163 X    0
  found on step  993
  no. of rejections          194
 stored as  -101

 highest radius point found:
  at point   -2.197  -0.129 -20.402
  closest atom surface   17.682   H8  163 X    0
  2nd closest surface    17.682   H22 163 X    0
  found on step  955
  this is also current point
  no. of rejections          190
 stored as  -102

 highest radius point found:
  at point   -2.197  -0.129 -20.602
  closest atom surface   17.877   H22 163 X    0
  2nd closest surface    17.878   H8  163 X    0
  found on step    1
 current point:
  at point   -1.533  -0.189 -20.602
  closest atom surface   17.849   H22 163 X    0
  2nd closest surface    17.849   H8  163 X    0
  found on step  996
  no. of rejections          188
 stored as  -103

 highest radius point found:
  at point   -2.193  -0.133 -20.802
  closest atom surface   18.073   H8  163 X    0
  2nd closest surface    18.073   H22 163 X    0
  found on step  972
  this is also current point
  no. of rejections          171
 stored as  -104

 highest radius point found:
  at point   -2.214  -0.134 -21.002
  closest atom surface   18.270   H8  163 X    0
  2nd closest surface    18.270   C2  163 X    0
  found on step  960
  this is also current point
  no. of rejections          191
 stored as  -105

 highest radius point found:
  at point   -2.222  -0.137 -21.202
  closest atom surface   18.466   H8  163 X    0
  2nd closest surface    18.466   C2  163 X    0
  found on step  989
  this is also current point
  no. of rejections          186
 stored as  -106

 highest radius point found:
  at point   -2.222  -0.137 -21.402
  closest atom surface   18.663   H8  163 X    0
  2nd closest surface    18.663   H22 163 X    0
  found on step    1
 current point:
  at point   -2.215  -0.138 -21.402
  closest atom surface   18.663   H8  163 X    0
  2nd closest surface    18.663   H22 163 X    0
  found on step  922
  no. of rejections          188
 stored as  -107

 highest radius point found:
  at point   -2.230  -0.138 -21.602
  closest atom surface   18.860   C2  163 X    0
  2nd closest surface    18.860   H8  163 X    0
  found on step  939
  this is also current point
  no. of rejections          154
 stored as  -108

 highest radius point found:
  at point   -2.230  -0.138 -21.802
  closest atom surface   19.056   H22 163 X    0
  2nd closest surface    19.056   H8  163 X    0
  found on step    1
 current point:
  at point   -1.030  -0.247 -21.802
  closest atom surface   19.021   H22 163 X    0
  2nd closest surface    19.021   H8  163 X    0
  found on step  998
  no. of rejections          179
 stored as  -109

 highest radius point found:
  at point   -2.230  -0.138 -22.002
  closest atom surface   19.252   H22 163 X    0
  2nd closest surface    19.253   H8  163 X    0
  found on step    1
 current point:
  at point   -2.628   0.603 -22.002
  closest atom surface   19.163   H22 163 X    0
  2nd closest surface    19.171   C2  163 X    0
  found on step  999
  no. of rejections          128
 stored as  -110

 highest radius point found:
  at point   -2.247  -0.149 -22.202
  closest atom surface   19.449   H8  163 X    0
  2nd closest surface    19.450   C2  163 X    0
  found on step  992
  this is also current point
  no. of rejections          177
 stored as  -111

 highest radius point found:
  at point   -2.253  -0.147 -22.402
  closest atom surface   19.646   H8  163 X    0
  2nd closest surface    19.646   C2  163 X    0
  found on step  961
  this is also current point
  no. of rejections          139
 stored as  -112

 highest radius point found:
  at point   -2.253  -0.147 -22.602
  closest atom surface   19.843   H8  163 X    0
  2nd closest surface    19.844   H22 163 X    0
  found on step    1
 current point:
  at point   -2.249  -0.147 -22.602
  closest atom surface   19.843   H8  163 X    0
  2nd closest surface    19.843   H22 163 X    0
  found on step  976
  no. of rejections          168
 stored as  -113

 highest radius point found:
  at point   -2.255  -0.148 -22.802
  closest atom surface   20.040   H8  163 X    0
  2nd closest surface    20.040   H22 163 X    0
  found on step  979
  this is also current point
  no. of rejections          173
 stored as  -114

 highest radius point found:
  at point   -2.269  -0.149 -23.002
  closest atom surface   20.237   C2  163 X    0
  2nd closest surface    20.237   H8  163 X    0
  found on step  987
  this is also current point
  no. of rejections          175
 stored as  -115

 highest radius point found:
  at point   -2.269  -0.149 -23.202
  closest atom surface   20.434   H22 163 X    0
  2nd closest surface    20.434   H8  163 X    0
  found on step    1
 current point:
  at point   -2.264  -0.151 -23.202
  closest atom surface   20.434   H8  163 X    0
  2nd closest surface    20.434   H22 163 X    0
  found on step  955
  no. of rejections          189
 stored as  -116

 highest radius point found:
  at point   -2.272  -0.151 -23.402
  closest atom surface   20.631   H22 163 X    0
  2nd closest surface    20.631   H8  163 X    0
  found on step  912
  this is also current point
  no. of rejections          170
 stored as  -117

 highest radius point found:
  at point   -2.280  -0.153 -23.602
  closest atom surface   20.828   H8  163 X    0
  2nd closest surface    20.829   H22 163 X    0
  found on step  989
  this is also current point
  no. of rejections          184
 stored as  -118

 highest radius point found:
  at point   -2.285  -0.154 -23.802
  closest atom surface   21.026   H8  163 X    0
  2nd closest surface    21.026   H22 163 X    0
  found on step  995
  this is also current point
  no. of rejections          159
 stored as  -119

 highest radius point found:
  at point   -2.293  -0.156 -24.002
  closest atom surface   21.223   C2  163 X    0
  2nd closest surface    21.223   H8  163 X    0
  found on step  924
  this is also current point
  no. of rejections          173
 stored as  -120

 highest radius point found:
  at point   -2.298  -0.154 -24.202
  closest atom surface   21.420   C2  163 X    0
  2nd closest surface    21.420   H22 163 X    0
  found on step  973
  this is also current point
  no. of rejections          171
 stored as  -121

 highest radius point found:
  at point   -2.298  -0.154 -24.402
  closest atom surface   21.617   H22 163 X    0
  2nd closest surface    21.618   C2  163 X    0
  found on step    1
 current point:
  at point   -2.477  -0.320 -24.402
  closest atom surface   21.601   C3  163 X    0
  2nd closest surface    21.601   H8  163 X    0
  found on step  995
  no. of rejections          139
 stored as  -122

 highest radius point found:
  at point   -2.305  -0.166 -24.602
  closest atom surface   21.814   H8  163 X    0
  2nd closest surface    21.815   C2  163 X    0
  found on step  996
  this is also current point
  no. of rejections          162
 stored as  -123

 highest radius point found:
  at point   -2.304  -0.163 -24.802
  closest atom surface   22.012   H8  163 X    0
  2nd closest surface    22.012   H22 163 X    0
  found on step    7
 current point:
  at point   -2.165  -0.171 -24.802
  closest atom surface   22.004   H22 163 X    0
  2nd closest surface    22.005   H8  163 X    0
  found on step  999
  no. of rejections          177
 This is an end! (radius above  22.0 angs)
 
 N.b. Graph information routine (HOGRAP) differs 
        markedly from previous versions!
       Information now is written from -ve end
       to +ve in one pass
 
 Explanation of the meaning of each column: 
 First column "cenxyz.cvec" is the coordinate in the
   direction of the channel vector i.e. if the channel
   vector is in z (0 0 1) then it is the z coordinate.
 The second column "radius" is the hole pore radius 
   (as defined in the Biophys J 1993) article).
 The third column "cen_line_D" is the distance 
   measured along the pore centre line - with the 
   first point found set to zero. This was the first
   thing that I used to measure the distance along a pore
   but "cenxyz.cvec" is a much better general measure. 
   However, by comparing changes in this distance to changes in '   "cenxyz.cvec" one can get a measure of how straight a 
   channel is.
 The fourth column "sum{s/(area)}" is useful in conductance
   prediction -
   basically it is the sum of the thickness of each slab
   divided by its area. HOLE uses this measure to estimate
   the macroscopic conductance of a channel.
 If any of this worries you one can see the "raw" results
   of a standard hole run by producing a sphpdb file and 
    directly looking at the results.
 cenxyz.cvec      radius  cen_line_D sum{s/(area point sourc
   -24.60185    21.81391   -26.87425     0.00007   (sampled)
   -24.50185    21.71595   -26.77401     0.00013 (mid-point)
   -24.40185    21.61663   -26.67377     0.00020   (sampled)
   -24.30185    21.51826   -26.57377     0.00027 (mid-point)
   -24.20185    21.41989   -26.47377     0.00034   (sampled)
   -24.10185    21.32127   -26.37374     0.00041 (mid-point)
   -24.00185    21.22267   -26.27371     0.00048   (sampled)
   -23.90185    21.12424   -26.17363     0.00055 (mid-point)
   -23.80185    21.02557   -26.07354     0.00062   (sampled)
   -23.70185    20.92692   -25.97352     0.00070 (mid-point)
   -23.60185    20.82828   -25.87349     0.00077   (sampled)
   -23.50185    20.72971   -25.77339     0.00084 (mid-point)
   -23.40185    20.63108   -25.67329     0.00092   (sampled)
   -23.30185    20.53259   -25.57327     0.00100 (mid-point)
   -23.20185    20.43410   -25.47326     0.00107   (sampled)
   -23.10185    20.33566   -25.37326     0.00115 (mid-point)
   -23.00185    20.23687   -25.27326     0.00123   (sampled)
   -22.90185    20.13847   -25.17302     0.00130 (mid-point)
   -22.80185    20.03981   -25.07278     0.00138   (sampled)
   -22.70185    19.94137   -24.97277     0.00146 (mid-point)
   -22.60185    19.84295   -24.87277     0.00154   (sampled)
   -22.50185    19.74450   -24.77277     0.00163 (mid-point)
   -22.40185    19.64606   -24.67277     0.00171   (sampled)
   -22.30185    19.54729   -24.57271     0.00179 (mid-point)
   -22.20185    19.44854   -24.47266     0.00188   (sampled)
   -22.10185    19.35075   -24.37215     0.00196 (mid-point)
   -22.00185    19.25184   -24.27163     0.00205   (sampled)
   -21.90185    19.15383   -24.17163     0.00213 (mid-point)
   -21.80185    19.05584   -24.07163     0.00222   (sampled)
   -21.70185    18.95787   -23.97163     0.00231 (mid-point)
   -21.60185    18.85961   -23.87163     0.00240   (sampled)
   -21.50185    18.76127   -23.77154     0.00249 (mid-point)
   -21.40185    18.66289   -23.67144     0.00258   (sampled)
   -21.30185    18.56464   -23.57144     0.00267 (mid-point)
   -21.20185    18.46640   -23.47144     0.00277   (sampled)
   -21.10185    18.36827   -23.37135     0.00286 (mid-point)
   -21.00185    18.27016   -23.27126     0.00296   (sampled)
   -20.90185    18.17163   -23.17074     0.00305 (mid-point)
   -20.80185    18.07313   -23.07021     0.00315   (sampled)
   -20.70185    17.97518   -22.97017     0.00325 (mid-point)
   -20.60185    17.87721   -22.87013     0.00335   (sampled)
   -20.50185    17.77948   -22.77013     0.00345 (mid-point)
   -20.40185    17.68157   -22.67013     0.00355   (sampled)
   -20.30185    17.58304   -22.56991     0.00365 (mid-point)
   -20.20185    17.48452   -22.46970     0.00376   (sampled)
   -20.10185    17.38704   -22.36963     0.00386 (mid-point)
   -20.00185    17.28897   -22.26957     0.00397   (sampled)
   -19.90185    17.19138   -22.16957     0.00408 (mid-point)
   -19.80185    17.09366   -22.06957     0.00419   (sampled)
   -19.70185    16.99553   -21.96938     0.00430 (mid-point)
   -19.60185    16.89741   -21.86918     0.00441   (sampled)
   -19.50185    16.79980   -21.76917     0.00452 (mid-point)
   -19.40185    16.70203   -21.66916     0.00464   (sampled)
   -19.30185    16.60399   -21.56893     0.00475 (mid-point)
   -19.20185    16.50597   -21.46869     0.00487   (sampled)
   -19.10185    16.40828   -21.36869     0.00499 (mid-point)
   -19.00185    16.31051   -21.26869     0.00511   (sampled)
   -18.90185    16.21277   -21.16869     0.00523 (mid-point)
   -18.80185    16.11505   -21.06869     0.00535   (sampled)
   -18.70185    16.01768   -20.96819     0.00547 (mid-point)
   -18.60185    15.91877   -20.86768     0.00560   (sampled)
   -18.50185    15.82156   -20.76768     0.00573 (mid-point)
   -18.40185    15.72437   -20.66768     0.00585   (sampled)
   -18.30185    15.62722   -20.56768     0.00599 (mid-point)
   -18.20185    15.53010   -20.46768     0.00612   (sampled)
   -18.10185    15.43222   -20.36761     0.00625 (mid-point)
   -18.00185    15.33398   -20.26754     0.00639   (sampled)
   -17.90185    15.23644   -20.16467     0.00652 (mid-point)
   -17.80185    15.13793   -20.06179     0.00666   (sampled)
   -17.70185    15.04097   -19.96179     0.00680 (mid-point)
   -17.60185    14.94390   -19.86179     0.00695   (sampled)
   -17.50185    14.84700   -19.76122     0.00709 (mid-point)
   -17.40185    14.75000   -19.66065     0.00724   (sampled)
   -17.30185    14.65318   -19.56065     0.00738 (mid-point)
   -17.20185    14.55595   -19.46065     0.00753   (sampled)
   -17.10185    14.45934   -19.36045     0.00769 (mid-point)
   -17.00185    14.36230   -19.26025     0.00784   (sampled)
   -16.90185    14.26522   -19.16025     0.00800 (mid-point)
   -16.80185    14.16808   -19.06025     0.00816   (sampled)
   -16.70185    14.07126   -18.96012     0.00832 (mid-point)
   -16.60185    13.97425   -18.85998     0.00848   (sampled)
   -16.50185    13.87735   -18.75998     0.00865 (mid-point)
   -16.40185    13.77990   -18.65998     0.00881   (sampled)
   -16.30185    13.68356   -18.55965     0.00898 (mid-point)
   -16.20185    13.58649   -18.45932     0.00916   (sampled)
   -16.10185    13.48972   -18.35928     0.00933 (mid-point)
   -16.00185    13.39279   -18.25924     0.00951   (sampled)
   -15.90185    13.29661   -18.15908     0.00969 (mid-point)
   -15.80185    13.19989   -18.05893     0.00987   (sampled)
   -15.70185    13.10328   -17.95893     0.01006 (mid-point)
   -15.60185    13.00658   -17.85893     0.01024   (sampled)
   -15.50185    12.91041   -17.75874     0.01043 (mid-point)
   -15.40185    12.81406   -17.65856     0.01063   (sampled)
   -15.30185    12.71772   -17.55851     0.01083 (mid-point)
   -15.20185    12.62135   -17.45846     0.01103   (sampled)
   -15.10185    12.52496   -17.35839     0.01123 (mid-point)
   -15.00185    12.42862   -17.25831     0.01143   (sampled)
   -14.90185    12.33257   -17.15831     0.01164 (mid-point)
   -14.80185    12.23652   -17.05831     0.01186   (sampled)
   -14.70185    12.14054   -16.95820     0.01207 (mid-point)
   -14.60185    12.04457   -16.85810     0.01229   (sampled)
   -14.50185    11.94839   -16.75783     0.01251 (mid-point)
   -14.40185    11.85227   -16.65757     0.01274   (sampled)
   -14.30185    11.75677   -16.55756     0.01297 (mid-point)
   -14.20185    11.66134   -16.45755     0.01321   (sampled)
   -14.10185    11.56522   -16.35724     0.01344 (mid-point)
   -14.00185    11.46912   -16.25693     0.01369   (sampled)
   -13.90185    11.37404   -16.15693     0.01393 (mid-point)
   -13.80185    11.27854   -16.05693     0.01418   (sampled)
   -13.70185    11.18305   -15.95670     0.01444 (mid-point)
   -13.60185    11.08697   -15.85648     0.01470   (sampled)
   -13.50185    10.99228   -15.75648     0.01496 (mid-point)
   -13.40185    10.89767   -15.65648     0.01523   (sampled)
   -13.30185    10.80275   -15.55647     0.01550 (mid-point)
   -13.20185    10.70766   -15.45647     0.01578   (sampled)
   -13.10185    10.61250   -15.35633     0.01606 (mid-point)
   -13.00185    10.51672   -15.25618     0.01635   (sampled)
   -12.90185    10.42149   -15.15613     0.01664 (mid-point)
   -12.80185    10.32633   -15.05608     0.01694   (sampled)
   -12.70185    10.23094   -14.95608     0.01724 (mid-point)
   -12.60185    10.13537   -14.85608     0.01755   (sampled)
   -12.50185    10.03938   -14.75593     0.01787 (mid-point)
   -12.40185     9.94301   -14.65578     0.01819   (sampled)
   -12.30185     9.84794   -14.55578     0.01852 (mid-point)
   -12.20185     9.75296   -14.45578     0.01885   (sampled)
   -12.10185     9.65806   -14.35578     0.01919 (mid-point)
   -12.00185     9.56325   -14.25578     0.01954   (sampled)
   -11.90185     9.46839   -14.15577     0.01990 (mid-point)
   -11.80185     9.37353   -14.05576     0.02026   (sampled)
   -11.70185     9.27884   -13.95568     0.02063 (mid-point)
   -11.60185     9.18416   -13.85560     0.02101   (sampled)
   -11.50185     9.08912   -13.75557     0.02139 (mid-point)
   -11.40185     8.99417   -13.65554     0.02179   (sampled)
   -11.30185     8.89920   -13.55508     0.02219 (mid-point)
   -11.20185     8.80434   -13.45463     0.02260   (sampled)
   -11.10185     8.71034   -13.35453     0.02302 (mid-point)
   -11.00185     8.61646   -13.25443     0.02345   (sampled)
   -10.90185     8.51113   -12.53755     0.02389 (mid-point)
   -10.80185     8.43062   -11.82067     0.02433   (sampled)
   -10.70185     8.33865   -11.72065     0.02479 (mid-point)
   -10.60185     8.24684   -11.62063     0.02526   (sampled)
   -10.50185     8.15554   -11.52063     0.02574 (mid-point)
   -10.40185     8.06442   -11.42063     0.02623   (sampled)
   -10.30185     7.97349   -11.32063     0.02673 (mid-point)
   -10.20185     7.88276   -11.22063     0.02724   (sampled)
   -10.10185     7.79208   -11.12058     0.02777 (mid-point)
   -10.00185     7.70160   -11.02053     0.02830   (sampled)
    -9.90185     7.61148   -10.92053     0.02885 (mid-point)
    -9.80185     7.52131   -10.82053     0.02941   (sampled)
    -9.70185     7.43103   -10.72051     0.02999 (mid-point)
    -9.60185     7.34068   -10.62048     0.03058   (sampled)
    -9.50185     7.25147   -10.52048     0.03119 (mid-point)
    -9.40185     7.16202   -10.42048     0.03181   (sampled)
    -9.30185     7.07235   -10.32048     0.03244 (mid-point)
    -9.20185     6.98206   -10.22048     0.03310   (sampled)
    -9.10185     6.89374   -10.12033     0.03377 (mid-point)
    -9.00185     6.80442   -10.02018     0.03445   (sampled)
    -8.90185     6.71443    -9.91880     0.03516 (mid-point)
    -8.80185     6.62340    -9.81742     0.03589   (sampled)
    -8.70185     6.53424    -9.71742     0.03663 (mid-point)
    -8.60185     6.44534    -9.61742     0.03740   (sampled)
    -8.50185     6.35668    -9.51742     0.03818 (mid-point)
    -8.40185     6.26825    -9.41742     0.03900   (sampled)
    -8.30185     6.17960    -9.31736     0.03983 (mid-point)
    -8.20185     6.09123    -9.21730     0.04069   (sampled)
    -8.10185     6.00293    -9.11702     0.04157 (mid-point)
    -8.00185     5.91486    -9.01675     0.04248   (sampled)
    -7.90185     5.82759    -8.91674     0.04342 (mid-point)
    -7.80185     5.74050    -8.81674     0.04438   (sampled)
    -7.70185     5.65368    -8.71673     0.04538 (mid-point)
    -7.60185     5.56720    -8.61672     0.04641   (sampled)
    -7.50185     5.48078    -8.51661     0.04747 (mid-point)
    -7.40185     5.39452    -8.41650     0.04856   (sampled)
    -7.30185     5.30927    -8.31628     0.04969 (mid-point)
    -7.20185     5.22435    -8.21606     0.05085   (sampled)
    -7.10185     5.13872    -8.11563     0.05206 (mid-point)
    -7.00185     5.05342    -8.01519     0.05331   (sampled)
    -6.90185     4.97014    -7.91519     0.05460 (mid-point)
    -6.80185     4.88731    -7.81519     0.05593   (sampled)
    -6.70185     4.80495    -7.71519     0.05731 (mid-point)
    -6.60185     4.72257    -7.61519     0.05873   (sampled)
    -6.50185     4.64042    -7.51473     0.06021 (mid-point)
    -6.40185     4.55859    -7.41426     0.06174   (sampled)
    -6.30185     4.47752    -7.31411     0.06333 (mid-point)
    -6.20185     4.39702    -7.21395     0.06498   (sampled)
    -6.10185     4.31701    -7.11395     0.06669 (mid-point)
    -6.00185     4.23760    -7.01395     0.06846   (sampled)
    -5.90185     4.15960    -6.91378     0.07030 (mid-point)
    -5.80185     4.08012    -6.81361     0.07221   (sampled)
    -5.70185     4.00349    -6.71361     0.07420 (mid-point)
    -5.60185     3.92727    -6.61361     0.07626   (sampled)
    -5.50185     3.85110    -6.51247     0.07841 (mid-point)
    -5.40185     3.77539    -6.41133     0.08064   (sampled)
    -5.30185     3.70176    -6.31133     0.08296 (mid-point)
    -5.20185     3.62888    -6.21133     0.08538   (sampled)
    -5.10185     3.55542    -6.11049     0.08790 (mid-point)
    -5.00185     3.48276    -6.00964     0.09052   (sampled)
    -4.90185     3.41263    -5.90964     0.09325 (mid-point)
    -4.80185     3.34304    -5.80964     0.09610   (sampled)
    -4.70185     3.27391    -5.70964     0.09907 (mid-point)
    -4.60185     3.20582    -5.60964     0.10217   (sampled)
    -4.50185     3.13968    -5.50951     0.10540 (mid-point)
    -4.40185     3.07455    -5.40938     0.10877   (sampled)
    -4.30185     3.01044    -5.30938     0.11228 (mid-point)
    -4.20185     2.94743    -5.20938     0.11594   (sampled)
    -4.10185     2.88520    -5.10938     0.11977 (mid-point)
    -4.00185     2.82429    -5.00938     0.12376   (sampled)
    -3.90185     2.76470    -4.90938     0.12792 (mid-point)
    -3.80185     2.70510    -4.80938     0.13227   (sampled)
    -3.70185     2.65187    -4.70823     0.13680 (mid-point)
    -3.60185     2.59419    -4.60709     0.14153   (sampled)
    -3.50185     2.54141    -4.50703     0.14646 (mid-point)
    -3.40185     2.49030    -4.40698     0.15159   (sampled)
    -3.30185     2.44105    -4.30682     0.15693 (mid-point)
    -3.20185     2.39360    -4.20667     0.16249   (sampled)
    -3.10185     2.34757    -4.10666     0.16826 (mid-point)
    -3.00185     2.30343    -4.00665     0.17426   (sampled)
    -2.90185     2.26069    -3.90655     0.18049 (mid-point)
    -2.80185     2.21996    -3.80646     0.18695   (sampled)
    -2.70185     2.18257    -3.70646     0.19363 (mid-point)
    -2.60185     2.14460    -3.60646     0.20055   (sampled)
    -2.50185     2.11218    -3.50556     0.20769 (mid-point)
    -2.40185     2.07931    -3.40466     0.21505   (sampled)
    -2.30185     2.05084    -3.30466     0.22262 (mid-point)
    -2.20185     2.02473    -3.20466     0.23038   (sampled)
    -2.10185     1.99951    -3.10464     0.23834 (mid-point)
    -2.00185     1.97663    -3.00463     0.24649   (sampled)
    -1.90185     1.95716    -2.90186     0.25480 (mid-point)
    -1.80185     1.93987    -2.79910     0.26326   (sampled)
    -1.70185     1.92440    -2.69870     0.27185 (mid-point)
    -1.60185     1.91154    -2.59830     0.28057   (sampled)
    -1.50185     1.90316    -2.49830     0.28935 (mid-point)
    -1.40185     1.89743    -2.39830     0.29819   (sampled)
    -1.30185     1.88631    -2.23517     0.30714 (mid-point)
    -1.20185     1.88125    -2.07205     0.31613   (sampled)
    -1.10185     1.86097    -1.96332     0.32533 (mid-point)
    -1.00185     1.84270    -1.85460     0.33470   (sampled)
    -0.90185     1.81705    -1.58804     0.34434 (mid-point)
    -0.80185     1.81013    -1.32149     0.35406   (sampled)
    -0.70185     1.78902    -1.22116     0.36400 (mid-point)
    -0.60185     1.77056    -1.12083     0.37416   (sampled)
    -0.50185     1.75525    -1.02007     0.38449 (mid-point)
    -0.40185     1.74002    -0.91930     0.39500   (sampled)
    -0.30185     1.71693    -0.56999     0.40580 (mid-point)
    -0.20185     1.72301    -0.22068     0.41652   (sampled)
    -0.10185     1.71558    -0.11034     0.42734 (mid-point)
    -0.00185     1.70964     0.00000     0.43823   (sampled)
     0.09815     1.69973     0.37102     0.44924 (mid-point)
     0.19815     1.72521     0.74205     0.45994   (sampled)
     0.29815     1.73220     0.84216     0.47055 (mid-point)
     0.39815     1.74196     0.94228     0.48104   (sampled)
     0.49815     1.74282     1.24801     0.49152 (mid-point)
     0.59815     1.76839     1.55375     0.50169   (sampled)
     0.69815     1.77607     1.85141     0.51179 (mid-point)
     0.79815     1.80679     2.14907     0.52154   (sampled)
     0.89815     1.82598     2.24947     0.53108 (mid-point)
     0.99815     1.83397     2.34986     0.54055   (sampled)
     1.09815     1.82954     2.44986     0.55006 (mid-point)
     1.19815     1.82783     2.54986     0.55958   (sampled)
     1.29815     1.83076     2.64989     0.56908 (mid-point)
     1.39815     1.83552     2.74993     0.57853   (sampled)
     1.49815     1.82807     3.11082     0.58805 (mid-point)
     1.59815     1.85504     3.47172     0.59730   (sampled)
     1.69815     1.86682     3.57172     0.60644 (mid-point)
     1.79815     1.88124     3.67172     0.61543   (sampled)
     1.89815     1.90156     3.77210     0.62423 (mid-point)
     1.99815     1.92349     3.87249     0.63284   (sampled)
     2.09815     1.94655     3.97249     0.64124 (mid-point)
     2.19815     1.97115     4.07249     0.64943   (sampled)
     2.29815     1.99913     4.17359     0.65740 (mid-point)
     2.39815     2.02954     4.27469     0.66512   (sampled)
     2.49815     2.06385     4.37474     0.67260 (mid-point)
     2.59815     2.10041     4.47479     0.67981   (sampled)
     2.69815     2.13662     4.57479     0.68678 (mid-point)
     2.79815     2.17499     4.67479     0.69351   (sampled)
     2.89815     2.21702     4.77485     0.69999 (mid-point)
     2.99815     2.26056     4.87492     0.70622   (sampled)
     3.09815     2.30644     4.97524     0.71220 (mid-point)
     3.19815     2.35421     5.07556     0.71795   (sampled)
     3.29815     2.40383     5.17600     0.72345 (mid-point)
     3.39815     2.45441     5.27644     0.72874   (sampled)
     3.49815     2.50689     5.37653     0.73380 (mid-point)
     3.59815     2.56067     5.47662     0.73866   (sampled)
     3.69815     2.61786     5.57668     0.74330 (mid-point)
     3.79815     2.67532     5.67673     0.74775   (sampled)
     3.89815     2.73424     5.77681     0.75201 (mid-point)
     3.99815     2.79456     5.87689     0.75608   (sampled)
     4.09815     2.85652     5.97689     0.75998 (mid-point)
     4.19815     2.91932     6.07689     0.76372   (sampled)
     4.29815     2.98368     6.17693     0.76729 (mid-point)
     4.39815     3.04879     6.27697     0.77072   (sampled)
     4.49815     3.11500     6.37699     0.77400 (mid-point)
     4.59815     3.18233     6.47700     0.77714   (sampled)
     4.69815     3.25141     6.57708     0.78015 (mid-point)
     4.79815     3.32152     6.67717     0.78304   (sampled)
     4.89815     3.39139     6.77717     0.78581 (mid-point)
     4.99815     3.46221     6.87717     0.78846   (sampled)
     5.09815     3.53428     6.97717     0.79101 (mid-point)
     5.19815     3.60724     7.07718     0.79346   (sampled)
     5.29815     3.68214     7.17722     0.79580 (mid-point)
     5.39815     3.75754     7.27725     0.79806   (sampled)
     5.49815     3.83373     7.37751     0.80022 (mid-point)
     5.59815     3.91066     7.47777     0.80231   (sampled)
     5.69815     3.98748     7.57777     0.80431 (mid-point)
     5.79815     4.06469     7.67777     0.80623   (sampled)
     5.89815     4.14456     7.77955     0.80809 (mid-point)
     5.99815     4.22340     7.88133     0.80987   (sampled)
     6.09815     4.30412     7.98140     0.81159 (mid-point)
     6.19815     4.38462     8.08146     0.81325   (sampled)
     6.29815     4.46490     8.18146     0.81484 (mid-point)
     6.39815     4.54573     8.28146     0.81638   (sampled)
     6.49815     4.62871     8.38163     0.81787 (mid-point)
     6.59815     4.71216     8.48181     0.81930   (sampled)
     6.69815     4.79503     8.58181     0.82069 (mid-point)
     6.79815     4.87837     8.68182     0.82202   (sampled)
     6.89815     4.96163     8.78182     0.82332 (mid-point)
     6.99815     5.04534     8.88182     0.82457   (sampled)
     7.09815     5.13124     8.98228     0.82578 (mid-point)
     7.19815     5.21728     9.08275     0.82695   (sampled)
     7.29815     5.30271     9.18279     0.82808 (mid-point)
     7.39815     5.38852     9.28283     0.82917   (sampled)
     7.49815     5.47483     9.38283     0.83024 (mid-point)
     7.59815     5.55866     9.48283     0.83127   (sampled)
     7.69815     5.64563     9.58554     0.83226 (mid-point)
     7.79815     5.73086     9.68825     0.83323   (sampled)
     7.89815     5.81621     9.78826     0.83418 (mid-point)
     7.99815     5.90124     9.88826     0.83509   (sampled)
     8.09815     5.98660     9.98826     0.83598 (mid-point)
     8.19815     6.07212    10.08826     0.83684   (sampled)
     8.29815     6.15841    10.18932     0.83768 (mid-point)
     8.39815     6.24486    10.29038     0.83850   (sampled)
     8.49815     6.33167    10.39038     0.83929 (mid-point)
     8.59815     6.41882    10.49038     0.84006   (sampled)
     8.69815     6.50965    10.59550     0.84081 (mid-point)
     8.79815     6.60079    10.70061     0.84154   (sampled)
     8.89815     6.69045    10.80268     0.84226 (mid-point)
     8.99815     6.78036    10.90475     0.84295   (sampled)
     9.09815     6.84808    11.54223     0.84363 (mid-point)
     9.19815     6.96051    12.17971     0.84428   (sampled)
     9.29815     7.05214    12.27971     0.84492 (mid-point)
     9.39815     7.14375    12.37971     0.84555   (sampled)
     9.49815     7.23554    12.47971     0.84616 (mid-point)
     9.59815     7.32739    12.57971     0.84675   (sampled)
     9.69815     7.41941    12.67971     0.84733 (mid-point)
     9.79815     7.51159    12.77971     0.84789   (sampled)
     9.89815     7.60446    12.87976     0.84844 (mid-point)
     9.99815     7.69748    12.97980     0.84898   (sampled)
    10.09815     7.79061    13.07981     0.84950 (mid-point)
    10.19815     7.88365    13.17982     0.85001   (sampled)
    10.29815     7.97666    13.27982     0.85052 (mid-point)
    10.39815     8.06982    13.37982     0.85100   (sampled)
    10.49815     8.16310    13.47982     0.85148 (mid-point)
    10.59815     8.25651    13.57982     0.85195   (sampled)
    10.69815     8.35043    13.67987     0.85241 (mid-point)
    10.79815     8.44443    13.77991     0.85285   (sampled)
    10.89815     8.53822    13.87991     0.85329 (mid-point)
    10.99815     8.63148    13.97991     0.85372   (sampled)
    11.09815     8.72373    14.07991     0.85413 (mid-point)
    11.19815     8.81613    14.17991     0.85454   (sampled)
    11.29815     8.91119    14.28112     0.85494 (mid-point)
    11.39815     9.00290    14.38234     0.85534   (sampled)
    11.49815     9.09854    14.48343     0.85572 (mid-point)
    11.59815     9.19427    14.58452     0.85610   (sampled)
    11.69815     9.28827    14.68457     0.85647 (mid-point)
    11.79815     9.38237    14.78462     0.85683   (sampled)
    11.89815     9.47687    14.88465     0.85718 (mid-point)
    11.99815     9.57129    14.98468     0.85753   (sampled)
    12.09815     9.66555    15.08474     0.85787 (mid-point)
    12.19815     9.75992    15.18479     0.85821   (sampled)
    12.29815     9.85423    15.28508     0.85853 (mid-point)
    12.39815     9.94865    15.38537     0.85885   (sampled)
    12.49815    10.04353    15.48602     0.85917 (mid-point)
    12.59815    10.13851    15.58666     0.85948   (sampled)
    12.69815    10.23422    15.68681     0.85978 (mid-point)
    12.79815    10.32951    15.78696     0.86008   (sampled)
    12.89815    10.42429    15.88696     0.86037 (mid-point)
    12.99815    10.51867    15.98696     0.86066   (sampled)
    13.09815    10.61476    16.08718     0.86095 (mid-point)
    13.19815    10.71080    16.18741     0.86122   (sampled)
    13.29815    10.80621    16.28831     0.86150 (mid-point)
    13.39815    10.90056    16.38922     0.86176   (sampled)
    13.49815    10.99640    16.48922     0.86203 (mid-point)
    13.59815    11.09128    16.58922     0.86228   (sampled)
    13.69815    11.18801    16.68960     0.86254 (mid-point)
    13.79815    11.28480    16.78998     0.86279   (sampled)
    13.89815    11.38089    16.89030     0.86304 (mid-point)
    13.99815    11.47698    16.99061     0.86328   (sampled)
    14.09815    11.57335    17.09062     0.86351 (mid-point)
    14.19815    11.66868    17.19063     0.86375   (sampled)
    14.29815    11.76508    17.29076     0.86398 (mid-point)
    14.39815    11.86128    17.39088     0.86420   (sampled)
    14.49815    11.95702    17.49088     0.86443 (mid-point)
    14.59815    12.05258    17.59088     0.86465   (sampled)
    14.69815    12.14992    17.69126     0.86486 (mid-point)
    14.79815    12.24667    17.79164     0.86507   (sampled)
    14.89815    12.34362    17.89170     0.86528 (mid-point)
    14.99815    12.43999    17.99177     0.86549   (sampled)
    15.09815    12.53600    18.09196     0.86569 (mid-point)
    15.19815    12.63175    18.19215     0.86589   (sampled)
    15.29815    12.72917    18.29228     0.86609 (mid-point)
    15.39815    12.82644    18.39242     0.86628   (sampled)
    15.49815    12.92347    18.49242     0.86647 (mid-point)
    15.59815    13.01975    18.59242     0.86666   (sampled)
    15.69815    13.11655    18.69245     0.86684 (mid-point)
    15.79815    13.21340    18.79248     0.86703   (sampled)
    15.89815    13.31085    18.89258     0.86721 (mid-point)
    15.99815    13.40811    18.99268     0.86738   (sampled)
    16.09815    13.50468    19.09268     0.86756 (mid-point)
    16.19815    13.60107    19.19268     0.86773   (sampled)
    16.29815    13.69787    19.29314     0.86790 (mid-point)
    16.39815    13.79473    19.39361     0.86807   (sampled)
    16.49815    13.89232    19.49408     0.86823 (mid-point)
    16.59815    13.98995    19.59456     0.86839   (sampled)
    16.69815    14.08812    19.69477     0.86855 (mid-point)
    16.79815    14.18477    19.79498     0.86871   (sampled)
    16.89815    14.28231    19.89498     0.86887 (mid-point)
    16.99815    14.37978    19.99498     0.86902   (sampled)
    17.09815    14.47692    20.09527     0.86917 (mid-point)
    17.19815    14.57411    20.19557     0.86932   (sampled)
    17.29815    14.67105    20.29622     0.86947 (mid-point)
    17.39815    14.76805    20.39687     0.86962   (sampled)
    17.49815    14.86634    20.49712     0.86976 (mid-point)
    17.59815    14.96466    20.59737     0.86990   (sampled)
    17.69815    15.06212    20.69741     0.87004 (mid-point)
    17.79815    15.15961    20.79745     0.87018   (sampled)
    17.89815    15.25735    20.89753     0.87032 (mid-point)
    17.99815    15.35472    20.99761     0.87045   (sampled)
    18.09815    15.45220    21.09761     0.87059 (mid-point)
    18.19815    15.54934    21.19761     0.87072   (sampled)
    18.29815    15.64693    21.29782     0.87085 (mid-point)
    18.39815    15.74397    21.39803     0.87098   (sampled)
    18.49815    15.84178    21.49803     0.87111 (mid-point)
    18.59815    15.93903    21.59803     0.87123   (sampled)
    18.69815    16.03713    21.69818     0.87135 (mid-point)
    18.79815    16.13434    21.79832     0.87148   (sampled)
    18.89815    16.23242    21.89832     0.87160 (mid-point)
    18.99815    16.33044    21.99832     0.87172   (sampled)
    19.09815    16.42810    22.09837     0.87183 (mid-point)
    19.19815    16.52570    22.19842     0.87195   (sampled)
    19.29815    16.62355    22.29842     0.87207 (mid-point)
    19.39815    16.72125    22.39842     0.87218   (sampled)
    19.49815    16.81876    22.49842     0.87229 (mid-point)
    19.59815    16.91630    22.59842     0.87240   (sampled)
    19.69815    17.01450    22.69857     0.87251 (mid-point)
    19.79815    17.11272    22.79872     0.87262   (sampled)
    19.89815    17.21060    22.89876     0.87273 (mid-point)
    19.99815    17.30851    22.99880     0.87284   (sampled)
    20.09815    17.40625    23.09888     0.87294 (mid-point)
    20.19815    17.50401    23.19896     0.87305   (sampled)
    20.29815    17.60223    23.29939     0.87315 (mid-point)
    20.39815    17.70002    23.39981     0.87325   (sampled)
    20.49815    17.79843    23.49981     0.87335 (mid-point)
    20.59815    17.89665    23.59981     0.87345   (sampled)
    20.69815    17.99456    23.69981     0.87355 (mid-point)
    20.79815    18.09238    23.79981     0.87364   (sampled)
    20.89815    18.19062    23.89984     0.87374 (mid-point)
    20.99815    18.28888    23.99987     0.87384   (sampled)
    21.09815    18.38714    24.10005     0.87393 (mid-point)
    21.19815    18.48501    24.20022     0.87402   (sampled)
    21.29815    18.58355    24.30022     0.87412 (mid-point)
    21.39815    18.68180    24.40022     0.87421   (sampled)
    21.49815    18.77976    24.50022     0.87430 (mid-point)
    21.59815    18.87773    24.60022     0.87439   (sampled)
    21.69815    18.97645    24.70037     0.87447 (mid-point)
    21.79815    19.07476    24.80052     0.87456   (sampled)
    21.89815    19.17312    24.90052     0.87465 (mid-point)
    21.99815    19.27126    25.00052     0.87473   (sampled)
    22.09815    19.36952    25.10054     0.87482 (mid-point)
    22.19815    19.46781    25.20055     0.87490   (sampled)
    22.29815    19.56603    25.30058     0.87499 (mid-point)
    22.39815    19.66428    25.40060     0.87507   (sampled)
    22.49815    19.76306    25.50099     0.87515 (mid-point)
    22.59815    19.86136    25.60137     0.87523   (sampled)
    22.69815    19.96010    25.70137     0.87531 (mid-point)
    22.79815    20.05844    25.80137     0.87539   (sampled)
    22.89815    20.15666    25.90139     0.87547 (mid-point)
    22.99815    20.25490    26.00141     0.87555   (sampled)
    23.09815    20.35313    26.10141     0.87562 (mid-point)
    23.19815    20.45138    26.20141     0.87570   (sampled)
    23.29815    20.55080    26.30208     0.87577 (mid-point)
    23.39815    20.64864    26.40276     0.87585   (sampled)
    23.49815    20.74748    26.50276     0.87592 (mid-point)
    23.59815    20.84633    26.60276     0.87600   (sampled)
    23.69815    20.94515    26.70277     0.87607 (mid-point)
    23.79815    21.04350    26.80279     0.87614   (sampled)
    23.89815    21.14213    26.90290     0.87621 (mid-point)
    23.99815    21.24077    27.00301     0.87628   (sampled)
    24.09815    21.33944    27.10305     0.87635 (mid-point)
    24.19815    21.43799    27.20310     0.87642   (sampled)
    24.29815    21.53669    27.30311     0.87649 (mid-point)
    24.39815    21.63540    27.40312     0.87656   (sampled)
    24.49815    21.73386    27.50312     0.87663 (mid-point)
    24.59815    21.83230    27.60312     0.87669   (sampled)

 Minimum radius found:      1.700 angstroms.



 For spherical probe approach, The geometric factor
         F= sum(ds/area) along channel is    0.877 angstroms**-1
 This yields a macroscopic predicted molar conductance of:
   (1/rho)*(100/F)= (110/rho) pS,
   where rho is the conductivity of 1M permeant ion in ohm m.
 N.B. this is a macroscopic conductance - an overestimate 
 Empirically corrected conductances currently only available
 With the CAPSULE option (although its not that stable!)
 For 1M KCl rho= 1/12 (ohm m), So Gmacro= 1400 pS/M.
  (TAG      1   Rmin=     1.69973   Gmacro=  1368.78098 Conn_Gmacro=    -1.00000 ).
 HOLE: normal completion
