 *** Program HOLE ***
 
 If results of this run are reported or published, please
 cite the publication listed below.
 For the HOLE program:
   Smart, O.S., Goodfellow, J.M., Wallace, B.A. (1993). 
   The pore dimensions of gramicidin A. 
   Biophys. J., 65, 2455-2460.
 
 Originally written by Oliver Smart at Birkbeck College from April 1992.
 Copyright 1993-2005 Oliver Smart
 Copyright 2014-2015 SmartSci Limited.
 Copyright 2016 Oliver Smart.
 
 For help on HOLE suite see  http://www.holeprogram.org/
 
 HOLE release 2.2.005 (07 August 2016) 
 
 usage subject to Apache License, Version 2.0 
 see http://www.apache.org/licenses/LICENSE-2.0 

 Control variables read:

! Input file for Oliver Smart's HOLE program
! written by MDAnalysis.analysis.hole2.HoleAnalysis
! for a Universe
! u = mda.Universe(host_176.mol2
!    host_176.mol2
!   )
! Frame 0

COORD  /tmp/tmpvkf_xuvz.pdb
RADIUS simple2.rad
SPHPDB hole000.sph
SAMPLE 0.200000
ENDRAD 22.000000
IGNORE SOL WAT TIP HOH K   NA  CL
SHORTO 0
RASEED 31415
CPOINT 0.0577481593 -0.0255925890 0.0084074124


 WARNING have not found a CVECT record - will try to guess
 Input pdb filename read as:    '/tmp/tmpvkf_xuvz.pdb'
 Input vdW radius file read as: 'simple2.rad'
 point in channel:    0.058  -0.026   0.008
 channel vector:   ************************
 sampling distance between planes:    0.200

 graphics conditions:
 binary plot output file name: NONE
 Dot density:    10
 Draw dots?           T
 Draw close contacts? F
 Draw centre line?    T
 Produce spikes rather than dots? F
 Seed for random number generator:     31415 (0 means value set by program)
 Radius above which a result is regarded as an 'end':  22.000
 Pdb format file for sphere centres: hole000.sph

 Monte Carlo conditions:
  no of steps:  1000
  maximum displacement   0.100 angs
  'kT' initial   0.100 angs
 The spherebox and capsule options are turned off.
 (No molqpt card so will not write qpt file of the molecule)
 IGNORE card read so will ignore residue types: SOL WAT TIP HOH K   NA  CL
 no SHORTO card read so will produce full textual output
 As no PEGRAT card was found will not produce PEG polymer exclusion graph
 (No 2DMAPS card specified so will not produce 2D property maps)
 Have not found a CUT card.  Normal calculation using
   Cutoff lists with a cutsize=       1.000
   (if you wish to turn off option use a CUT -1 card)

 Have read     7 bond radius records and
              16 vdW radius records.
 From file: simple2.rad

 Have read   135 atom records.
 From file: /tmp/tmpvkf_xuvz.pdb
 Will not produce graphical output
 Warning have tried to open file: 'hole000.sph' as NEW but
         this file already exists - old version kept as 'hole000.sph.old'

 Have opened file for pdb format output of sphere centres:  hole000.sph

  Seed integer used by ran # generator on this run      31415

 
 S/R cguess will try to guess CPOINT and/or CVECT
 
 THESE GUESSES MAY WELL BE WRONG!!!!
 Routine relies on having a reasonably symmetric
 channel oriented along x, y or z vector
 YOU ARE STRONGLY ADVISED TO CHECK THE RESULTS
                       WITH MOLECULAR GRAPHICS
 testing points from cpoint in X, Y then Z direction
   point                   pore radius
direction     1
  -4.942  -0.026   0.008     0.927
  -3.942  -0.026   0.008     1.754
  -2.942  -0.026   0.008     2.652
  -1.942  -0.026   0.008     3.586
  -0.942  -0.026   0.008     4.358
   0.058  -0.026   0.008     4.591
   1.058  -0.026   0.008     4.596
   2.058  -0.026   0.008     3.641
   3.058  -0.026   0.008     2.663
   4.058  -0.026   0.008     1.697
   5.058  -0.026   0.008     0.756
 Average pore radius along the line=      2.838
direction     2
   0.058  -5.026   0.008     0.471
   0.058  -4.026   0.008     1.237
   0.058  -3.026   0.008     1.954
   0.058  -2.026   0.008     2.782
   0.058  -1.026   0.008     3.669
   0.058  -0.026   0.008     4.591
   0.058   0.974   0.008     4.537
   0.058   1.974   0.008     3.574
   0.058   2.974   0.008     2.626
   0.058   3.974   0.008     1.707
   0.058   4.974   0.008     0.748
 Average pore radius along the line=      2.536
direction     3
   0.058  -0.026  -4.992     5.509
   0.058  -0.026  -3.992     5.233
   0.058  -0.026  -2.992     4.995
   0.058  -0.026  -1.992     4.892
   0.058  -0.026  -0.992     4.847
   0.058  -0.026   0.008     4.591
   0.058  -0.026   1.008     4.490
   0.058  -0.026   2.008     4.550
   0.058  -0.026   3.008     4.768
   0.058  -0.026   4.008     5.128
   0.058  -0.026   5.008     5.419
 Average pore radius along the line=      4.947
 Best direction is found to be     3
(1=X,2=Y,3=Z)
 s/r cguess has produced initial values for cpoint &/or cvect:
CPOINT       0.0577     -0.0256      0.0084
CVECT        0.0000      0.0000      1.0000
 THESE GUESSES MAY WELL BE WRONG!!!!
 Routine relies on having a reasonably symmetric
 channel oriented along x, y or z vector
 YOU ARE STRONGLY ADVISED TO CHECK THE RESULTS
                       WITH MOLECULAR GRAPHICS
 
 
  Some routines (e.g. conn) need vectors normal to cvect: 
     EAST Zero degrees angle is along vector    1.000   0.000   0.000
     NORTH  90 degrees angle is along vector    0.000  -1.000   0.000
 highest radius point found:
  at point    0.314   0.365   0.008
  closest atom surface    5.036   C3  176 X    0
  2nd closest surface     5.037   O5  176 X    0
  found on step  973
  this is also current point
  no. of rejections          401
 stored as     0

 highest radius point found:
  at point    0.096   0.476   0.208
  closest atom surface    5.043   O5  176 X    0
  2nd closest surface     5.043   C3  176 X    0
  found on step  919
  this is also current point
  no. of rejections          392
 stored as     1

 highest radius point found:
  at point    0.056   0.530   0.408
  closest atom surface    5.057   C3  176 X    0
  2nd closest surface     5.057   O5  176 X    0
  found on step  921
  this is also current point
  no. of rejections          404
 stored as     2

 highest radius point found:
  at point    0.007   0.579   0.608
  closest atom surface    5.071   C4  176 X    0
  2nd closest surface     5.071   O5  176 X    0
  found on step  947
  this is also current point
  no. of rejections          404
 stored as     3

 highest radius point found:
  at point   -0.070   0.627   0.808
  closest atom surface    5.083   C   176 X    0
  2nd closest surface     5.084   O5  176 X    0
  found on step  826
 current point:
  at point   -0.074   0.627   0.808
  closest atom surface    5.083   C   176 X    0
  2nd closest surface     5.083   O5  176 X    0
  found on step  959
  no. of rejections          422
 stored as     4

 highest radius point found:
  at point   -0.053   0.624   1.008
  closest atom surface    5.079   C   176 X    0
  2nd closest surface     5.079   O5  176 X    0
  found on step  815
 current point:
  at point   -0.067   0.628   1.008
  closest atom surface    5.078   C   176 X    0
  2nd closest surface     5.078   O5  176 X    0
  found on step  980
  no. of rejections          405
 stored as     5

 highest radius point found:
  at point   -0.046   0.623   1.208
  closest atom surface    5.079   O5  176 X    0
  2nd closest surface     5.079   C44 176 X    0
  found on step  631
 current point:
  at point   -0.046   0.623   1.208
  closest atom surface    5.079   O5  176 X    0
  2nd closest surface     5.080   C44 176 X    0
  found on step  984
  no. of rejections          396
 stored as     6

 highest radius point found:
  at point   -0.038   0.624   1.408
  closest atom surface    5.080   C44 176 X    0
  2nd closest surface     5.082   H50 176 X    0
  found on step  964
  this is also current point
  no. of rejections          417
 stored as     7

 highest radius point found:
  at point   -0.014   0.608   1.608
  closest atom surface    5.086   C44 176 X    0
  2nd closest surface     5.088   H50 176 X    0
  found on step  729
 current point:
  at point   -0.010   0.603   1.608
  closest atom surface    5.085   O5  176 X    0
  2nd closest surface     5.086   C44 176 X    0
  found on step  908
  no. of rejections          418
 stored as     8

 highest radius point found:
  at point    0.008   0.593   1.808
  closest atom surface    5.098   C44 176 X    0
  2nd closest surface     5.098   H50 176 X    0
  found on step  714
 current point:
  at point    0.008   0.591   1.808
  closest atom surface    5.096   O5  176 X    0
  2nd closest surface     5.098   H50 176 X    0
  found on step  942
  no. of rejections          401
 stored as     9

 highest radius point found:
  at point    0.031   0.580   2.008
  closest atom surface    5.113   C44 176 X    0
  2nd closest surface     5.116   O5  176 X    0
  found on step  991
  this is also current point
  no. of rejections          395
 stored as    10

 highest radius point found:
  at point    0.036   0.556   2.208
  closest atom surface    5.121   O9  176 X    0
  2nd closest surface     5.123   O5  176 X    0
  found on step  510
 current point:
  at point    0.036   0.558   2.208
  closest atom surface    5.121   O9  176 X    0
  2nd closest surface     5.123   H50 176 X    0
  found on step  997
  no. of rejections          382
 stored as    11

 highest radius point found:
  at point    0.035   0.530   2.408
  closest atom surface    5.127   O9  176 X    0
  2nd closest surface     5.130   H50 176 X    0
  found on step  669
 current point:
  at point    0.029   0.549   2.408
  closest atom surface    5.124   H50 176 X    0
  2nd closest surface     5.124   O9  176 X    0
  found on step  964
  no. of rejections          407
 stored as    12

 highest radius point found:
  at point    0.031   0.498   2.608
  closest atom surface    5.142   O5  176 X    0
  2nd closest surface     5.142   H50 176 X    0
  found on step  958
  this is also current point
  no. of rejections          392
 stored as    13

 highest radius point found:
  at point    0.027   0.471   2.808
  closest atom surface    5.160   H50 176 X    0
  2nd closest surface     5.162   O5  176 X    0
  found on step  998
  this is also current point
  no. of rejections          426
 stored as    14

 highest radius point found:
  at point    0.027   0.443   3.008
  closest atom surface    5.186   O9  176 X    0
  2nd closest surface     5.188   O5  176 X    0
  found on step  288
 current point:
  at point    0.034   0.436   3.008
  closest atom surface    5.183   O9  176 X    0
  2nd closest surface     5.183   O5  176 X    0
  found on step  984
  no. of rejections          379
 stored as    15

 highest radius point found:
  at point    0.020   0.415   3.208
  closest atom surface    5.217   H50 176 X    0
  2nd closest surface     5.218   O5  176 X    0
  found on step  945
  this is also current point
  no. of rejections          395
 stored as    16

 highest radius point found:
  at point    0.020   0.388   3.408
  closest atom surface    5.255   O9  176 X    0
  2nd closest surface     5.256   O5  176 X    0
  found on step  980
  this is also current point
  no. of rejections          397
 stored as    17

 highest radius point found:
  at point    0.016   0.360   3.608
  closest atom surface    5.298   O9  176 X    0
  2nd closest surface     5.299   O5  176 X    0
  found on step  938
  this is also current point
  no. of rejections          406
 stored as    18

 highest radius point found:
  at point    0.009   0.339   3.808
  closest atom surface    5.348   H50 176 X    0
  2nd closest surface     5.348   O9  176 X    0
  found on step  805
 current point:
  at point    0.009   0.332   3.808
  closest atom surface    5.346   O5  176 X    0
  2nd closest surface     5.349   H50 176 X    0
  found on step  991
  no. of rejections          399
 stored as    19

 highest radius point found:
  at point    0.007   0.307   4.008
  closest atom surface    5.402   O5  176 X    0
  2nd closest surface     5.403   O9  176 X    0
  found on step  922
  this is also current point
  no. of rejections          412
 stored as    20

 highest radius point found:
  at point   -0.004   0.289   4.208
  closest atom surface    5.461   H50 176 X    0
  2nd closest surface     5.464   O7  176 X    0
  found on step  932
  this is also current point
  no. of rejections          387
 stored as    21

 highest radius point found:
  at point   -0.014   0.291   4.408
  closest atom surface    5.520   H50 176 X    0
  2nd closest surface     5.520   O7  176 X    0
  found on step  949
  this is also current point
  no. of rejections          377
 stored as    22

 highest radius point found:
  at point   -0.026   0.298   4.608
  closest atom surface    5.582   H50 176 X    0
  2nd closest surface     5.584   O9  176 X    0
  found on step  166
 current point:
  at point   -0.024   0.294   4.608
  closest atom surface    5.582   O7  176 X    0
  2nd closest surface     5.584   O9  176 X    0
  found on step  934
  no. of rejections          392
 stored as    23

 highest radius point found:
  at point   -0.038   0.299   4.808
  closest atom surface    5.651   H50 176 X    0
  2nd closest surface     5.652   O7  176 X    0
  found on step  963
  this is also current point
  no. of rejections          383
 stored as    24

 highest radius point found:
  at point   -0.051   0.313   5.008
  closest atom surface    5.722   H50 176 X    0
  2nd closest surface     5.724   O9  176 X    0
  found on step  978
  this is also current point
  no. of rejections          381
 stored as    25

 highest radius point found:
  at point   -0.063   0.314   5.208
  closest atom surface    5.802   H50 176 X    0
  2nd closest surface     5.803   O9  176 X    0
  found on step  749
 current point:
  at point   -0.061   0.303   5.208
  closest atom surface    5.800   O7  176 X    0
  2nd closest surface     5.804   H50 176 X    0
  found on step  986
  no. of rejections          389
 stored as    26

 highest radius point found:
  at point   -0.077   0.318   5.408
  closest atom surface    5.883   H50 176 X    0
  2nd closest surface     5.887   O9  176 X    0
  found on step  973
  this is also current point
  no. of rejections          383
 stored as    27

 highest radius point found:
  at point   -0.086   0.316   5.608
  closest atom surface    5.974   O9  176 X    0
  2nd closest surface     5.975   H50 176 X    0
  found on step  990
  this is also current point
  no. of rejections          369
 stored as    28

 highest radius point found:
  at point   -0.100   0.322   5.808
  closest atom surface    6.066   H50 176 X    0
  2nd closest surface     6.066   O9  176 X    0
  found on step  970
  this is also current point
  no. of rejections          372
 stored as    29

 highest radius point found:
  at point   -0.115   0.325   6.008
  closest atom surface    6.161   H50 176 X    0
  2nd closest surface     6.164   O9  176 X    0
  found on step  864
 current point:
  at point   -0.115   0.333   6.008
  closest atom surface    6.161   H50 176 X    0
  2nd closest surface     6.161   O9  176 X    0
  found on step  914
  no. of rejections          366
 stored as    30

 highest radius point found:
  at point   -0.129   0.336   6.208
  closest atom surface    6.260   H50 176 X    0
  2nd closest surface     6.262   O9  176 X    0
  found on step  567
 current point:
  at point   -0.123   0.329   6.208
  closest atom surface    6.260   O9  176 X    0
  2nd closest surface     6.262   O7  176 X    0
  found on step  983
  no. of rejections          360
 stored as    31

 highest radius point found:
  at point   -0.143   0.328   6.408
  closest atom surface    6.365   H50 176 X    0
  2nd closest surface     6.366   O7  176 X    0
  found on step  904
  this is also current point
  no. of rejections          355
 stored as    32

 highest radius point found:
  at point   -0.160   0.329   6.608
  closest atom surface    6.471   H50 176 X    0
  2nd closest surface     6.471   H53 176 X    0
  found on step  957
  this is also current point
  no. of rejections          383
 stored as    33

 highest radius point found:
  at point   -0.173   0.323   6.808
  closest atom surface    6.578   O7  176 X    0
  2nd closest surface     6.580   H53 176 X    0
  found on step  978
  this is also current point
  no. of rejections          359
 stored as    34

 highest radius point found:
  at point   -0.193   0.319   7.008
  closest atom surface    6.689   O16 176 X    0
  2nd closest surface     6.689   O7  176 X    0
  found on step  651
 current point:
  at point   -0.193   0.318   7.008
  closest atom surface    6.689   O16 176 X    0
  2nd closest surface     6.689   O7  176 X    0
  found on step  935
  no. of rejections          364
 stored as    35

 highest radius point found:
  at point   -0.198   0.320   7.208
  closest atom surface    6.801   O7  176 X    0
  2nd closest surface     6.802   H53 176 X    0
  found on step  871
  this is also current point
  no. of rejections          390
 stored as    36

 highest radius point found:
  at point   -0.208   0.321   7.408
  closest atom surface    6.916   O16 176 X    0
  2nd closest surface     6.917   H53 176 X    0
  found on step  945
  this is also current point
  no. of rejections          370
 stored as    37

 highest radius point found:
  at point   -0.210   0.325   7.608
  closest atom surface    7.034   H53 176 X    0
  2nd closest surface     7.036   O7  176 X    0
  found on step  858
 current point:
  at point   -0.206   0.324   7.608
  closest atom surface    7.034   O7  176 X    0
  2nd closest surface     7.035   H53 176 X    0
  found on step  888
  no. of rejections          373
 stored as    38

 highest radius point found:
  at point   -0.214   0.326   7.808
  closest atom surface    7.156   O7  176 X    0
  2nd closest surface     7.156   H53 176 X    0
  found on step  880
  this is also current point
  no. of rejections          366
 stored as    39

 highest radius point found:
  at point   -0.228   0.321   8.008
  closest atom surface    7.281   O7  176 X    0
  2nd closest surface     7.282   O16 176 X    0
  found on step  872
 current point:
  at point   -0.229   0.320   8.008
  closest atom surface    7.280   O7  176 X    0
  2nd closest surface     7.281   O16 176 X    0
  found on step  954
  no. of rejections          355
 stored as    40

 highest radius point found:
  at point   -0.232   0.326   8.208
  closest atom surface    7.409   O7  176 X    0
  2nd closest surface     7.410   H53 176 X    0
  found on step  971
  this is also current point
  no. of rejections          368
 stored as    41

 highest radius point found:
  at point   -0.229   0.333   8.408
  closest atom surface    7.537   H53 176 X    0
  2nd closest surface     7.538   O7  176 X    0
  found on step  862
 current point:
  at point   -0.227   0.333   8.408
  closest atom surface    7.537   O7  176 X    0
  2nd closest surface     7.537   H53 176 X    0
  found on step  985
  no. of rejections          345
 stored as    42

 highest radius point found:
  at point   -0.247   0.329   8.608
  closest atom surface    7.671   O7  176 X    0
  2nd closest surface     7.672   O16 176 X    0
  found on step  935
  this is also current point
  no. of rejections          351
 stored as    43

 highest radius point found:
  at point   -0.255   0.330   8.808
  closest atom surface    7.806   O16 176 X    0
  2nd closest surface     7.807   O7  176 X    0
  found on step  689
 current point:
  at point   -0.248   0.331   8.808
  closest atom surface    7.804   O7  176 X    0
  2nd closest surface     7.809   H53 176 X    0
  found on step  991
  no. of rejections          394
 stored as    44

 highest radius point found:
  at point   -0.258   0.335   9.008
  closest atom surface    7.944   O7  176 X    0
  2nd closest surface     7.944   H53 176 X    0
  found on step  974
  this is also current point
  no. of rejections          349
 stored as    45

 highest radius point found:
  at point   -0.269   0.333   9.208
  closest atom surface    8.082   O16 176 X    0
  2nd closest surface     8.083   O7  176 X    0
  found on step  681
 current point:
  at point   -0.245   0.346   9.208
  closest atom surface    8.080   O7  176 X    0
  2nd closest surface     8.081   H53 176 X    0
  found on step  920
  no. of rejections          354
 stored as    46

 highest radius point found:
  at point   -0.272   0.341   9.408
  closest atom surface    8.224   H53 176 X    0
  2nd closest surface     8.225   O16 176 X    0
  found on step  983
  this is also current point
  no. of rejections          337
 stored as    47

 highest radius point found:
  at point   -0.278   0.343   9.608
  closest atom surface    8.368   O16 176 X    0
  2nd closest surface     8.369   H53 176 X    0
  found on step  977
  this is also current point
  no. of rejections          342
 stored as    48

 highest radius point found:
  at point   -0.284   0.344   9.808
  closest atom surface    8.514   O16 176 X    0
  2nd closest surface     8.515   O7  176 X    0
  found on step  969
  this is also current point
  no. of rejections          344
 stored as    49

 highest radius point found:
  at point   -0.288   0.350  10.008
  closest atom surface    8.662   H53 176 X    0
  2nd closest surface     8.663   O16 176 X    0
  found on step  998
  this is also current point
  no. of rejections          337
 stored as    50

 highest radius point found:
  at point   -0.294   0.351  10.208
  closest atom surface    8.811   O7  176 X    0
  2nd closest surface     8.812   O16 176 X    0
  found on step  923
  this is also current point
  no. of rejections          327
 stored as    51

 highest radius point found:
  at point   -0.297   0.357  10.408
  closest atom surface    8.962   H53 176 X    0
  2nd closest surface     8.963   O7  176 X    0
  found on step  943
  this is also current point
  no. of rejections          338
 stored as    52

 highest radius point found:
  at point   -0.301   0.360  10.608
  closest atom surface    9.114   O7  176 X    0
  2nd closest surface     9.116   H53 176 X    0
  found on step  101
 current point:
  at point   -0.303   0.363  10.608
  closest atom surface    9.114   H53 176 X    0
  2nd closest surface     9.116   O7  176 X    0
  found on step  905
  no. of rejections          312
 stored as    53

 highest radius point found:
  at point   -0.308   0.364  10.808
  closest atom surface    9.269   O7  176 X    0
  2nd closest surface     9.270   H53 176 X    0
  found on step  974
  this is also current point
  no. of rejections          338
 stored as    54

 highest radius point found:
  at point   -0.312   0.367  11.008
  closest atom surface    9.424   O7  176 X    0
  2nd closest surface     9.426   H53 176 X    0
  found on step  970
  this is also current point
  no. of rejections          330
 stored as    55

 highest radius point found:
  at point   -0.316   0.374  11.208
  closest atom surface    9.582   H53 176 X    0
  2nd closest surface     9.582   O7  176 X    0
  found on step  870
 current point:
  at point   -0.323   0.367  11.208
  closest atom surface    9.582   O7  176 X    0
  2nd closest surface     9.582   O16 176 X    0
  found on step  997
  no. of rejections          330
 stored as    56

 highest radius point found:
  at point   -0.327   0.375  11.408
  closest atom surface    9.741   O16 176 X    0
  2nd closest surface     9.741   O7  176 X    0
  found on step  980
  this is also current point
  no. of rejections          337
 stored as    57

 highest radius point found:
  at point   -0.330   0.381  11.608
  closest atom surface    9.900   H53 176 X    0
  2nd closest surface     9.902   O7  176 X    0
  found on step  956
  this is also current point
  no. of rejections          314
 stored as    58

 highest radius point found:
  at point   -0.330   0.387  11.808
  closest atom surface   10.061   O7  176 X    0
  2nd closest surface    10.061   H53 176 X    0
  found on step  251
 current point:
  at point   -0.332   0.386  11.808
  closest atom surface   10.061   H53 176 X    0
  2nd closest surface    10.062   O7  176 X    0
  found on step  901
  no. of rejections          334
 stored as    59

 highest radius point found:
  at point   -0.342   0.389  12.008
  closest atom surface   10.224   H53 176 X    0
  2nd closest surface    10.225   O16 176 X    0
  found on step  110
 current point:
  at point   -0.344   0.384  12.008
  closest atom surface   10.224   O16 176 X    0
  2nd closest surface    10.224   O7  176 X    0
  found on step  985
  no. of rejections          331
 stored as    60

 highest radius point found:
  at point   -0.340   0.395  12.208
  closest atom surface   10.387   O7  176 X    0
  2nd closest surface    10.387   H53 176 X    0
  found on step  997
  this is also current point
  no. of rejections          309
 stored as    61

 highest radius point found:
  at point   -0.355   0.391  12.408
  closest atom surface   10.551   O16 176 X    0
  2nd closest surface    10.551   O7  176 X    0
  found on step  968
  this is also current point
  no. of rejections          328
 stored as    62

 highest radius point found:
  at point   -0.363   0.390  12.608
  closest atom surface   10.715   O7  176 X    0
  2nd closest surface    10.716   O17 176 X    0
  found on step  959
  this is also current point
  no. of rejections          307
 stored as    63

 highest radius point found:
  at point   -0.366   0.388  12.808
  closest atom surface   10.878   O7  176 X    0
  2nd closest surface    10.880   O17 176 X    0
  found on step  921
  this is also current point
  no. of rejections          307
 stored as    64

 highest radius point found:
  at point   -0.379   0.384  13.008
  closest atom surface   11.045   O17 176 X    0
  2nd closest surface    11.045   O7  176 X    0
  found on step  581
 current point:
  at point   -0.382   0.384  13.008
  closest atom surface   11.045   O17 176 X    0
  2nd closest surface    11.046   O7  176 X    0
  found on step  954
  no. of rejections          299
 stored as    65

 highest radius point found:
  at point   -0.379   0.384  13.208
  closest atom surface   11.210   O7  176 X    0
  2nd closest surface    11.211   O17 176 X    0
  found on step    1
 current point:
  at point   -0.378   0.387  13.208
  closest atom surface   11.210   O17 176 X    0
  2nd closest surface    11.211   O7  176 X    0
  found on step  945
  no. of rejections          276
 stored as    66

 highest radius point found:
  at point   -0.403   0.373  13.408
  closest atom surface   11.380   O7  176 X    0
  2nd closest surface    11.381   O16 176 X    0
  found on step  907
  this is also current point
  no. of rejections          290
 stored as    67

 highest radius point found:
  at point   -0.416   0.367  13.608
  closest atom surface   11.548   O16 176 X    0
  2nd closest surface    11.548   O7  176 X    0
  found on step  975
  this is also current point
  no. of rejections          297
 stored as    68

 highest radius point found:
  at point   -0.419   0.369  13.808
  closest atom surface   11.717   O17 176 X    0
  2nd closest surface    11.718   O7  176 X    0
  found on step  937
  this is also current point
  no. of rejections          287
 stored as    69

 highest radius point found:
  at point   -0.433   0.362  14.008
  closest atom surface   11.888   O7  176 X    0
  2nd closest surface    11.889   O17 176 X    0
  found on step  990
  this is also current point
  no. of rejections          295
 stored as    70

 highest radius point found:
  at point   -0.445   0.355  14.208
  closest atom surface   12.059   O7  176 X    0
  2nd closest surface    12.059   O16 176 X    0
  found on step  946
  this is also current point
  no. of rejections          292
 stored as    71

 highest radius point found:
  at point   -0.451   0.355  14.408
  closest atom surface   12.231   O17 176 X    0
  2nd closest surface    12.231   O7  176 X    0
  found on step  628
 current point:
  at point   -0.445   0.358  14.408
  closest atom surface   12.230   O17 176 X    0
  2nd closest surface    12.230   O7  176 X    0
  found on step  994
  no. of rejections          294
 stored as    72

 highest radius point found:
  at point   -0.463   0.348  14.608
  closest atom surface   12.403   O7  176 X    0
  2nd closest surface    12.404   O16 176 X    0
  found on step  250
 current point:
  at point   -0.449   0.355  14.608
  closest atom surface   12.402   O7  176 X    0
  2nd closest surface    12.403   O17 176 X    0
  found on step  994
  no. of rejections          287
 stored as    73

 highest radius point found:
  at point   -0.475   0.347  14.808
  closest atom surface   12.577   O17 176 X    0
  2nd closest surface    12.577   O16 176 X    0
  found on step  951
  this is also current point
  no. of rejections          279
 stored as    74

 highest radius point found:
  at point   -0.479   0.344  15.008
  closest atom surface   12.751   O17 176 X    0
  2nd closest surface    12.751   O7  176 X    0
  found on step  983
  this is also current point
  no. of rejections          298
 stored as    75

 highest radius point found:
  at point   -0.490   0.340  15.208
  closest atom surface   12.925   O17 176 X    0
  2nd closest surface    12.926   O7  176 X    0
  found on step  936
  this is also current point
  no. of rejections          280
 stored as    76

 highest radius point found:
  at point   -0.501   0.334  15.408
  closest atom surface   13.101   O7  176 X    0
  2nd closest surface    13.101   O17 176 X    0
  found on step  945
  this is also current point
  no. of rejections          266
 stored as    77

 highest radius point found:
  at point   -0.501   0.334  15.608
  closest atom surface   13.275   O7  176 X    0
  2nd closest surface    13.277   O17 176 X    0
  found on step    1
 current point:
  at point   -0.565   0.240  15.608
  closest atom surface   13.260   O7  176 X    0
  2nd closest surface    13.262   O16 176 X    0
  found on step  999
  no. of rejections          233
 stored as    78

 highest radius point found:
  at point   -0.523   0.327  15.808
  closest atom surface   13.454   O17 176 X    0
  2nd closest surface    13.454   O7  176 X    0
  found on step  878
 current point:
  at point   -0.525   0.324  15.808
  closest atom surface   13.454   O7  176 X    0
  2nd closest surface    13.454   O16 176 X    0
  found on step  993
  no. of rejections          284
 stored as    79

 highest radius point found:
  at point   -0.536   0.318  16.008
  closest atom surface   13.630   O7  176 X    0
  2nd closest surface    13.631   O16 176 X    0
  found on step  901
  this is also current point
  no. of rejections          292
 stored as    80

 highest radius point found:
  at point   -0.545   0.316  16.208
  closest atom surface   13.808   O16 176 X    0
  2nd closest surface    13.809   O7  176 X    0
  found on step  944
  this is also current point
  no. of rejections          267
 stored as    81

 highest radius point found:
  at point   -0.553   0.314  16.408
  closest atom surface   13.987   O17 176 X    0
  2nd closest surface    13.987   O7  176 X    0
  found on step  980
  this is also current point
  no. of rejections          268
 stored as    82

 highest radius point found:
  at point   -0.562   0.311  16.608
  closest atom surface   14.166   O17 176 X    0
  2nd closest surface    14.166   O7  176 X    0
  found on step  986
  this is also current point
  no. of rejections          265
 stored as    83

 highest radius point found:
  at point   -0.574   0.305  16.808
  closest atom surface   14.345   O16 176 X    0
  2nd closest surface    14.345   O7  176 X    0
  found on step  846
 current point:
  at point   -0.571   0.305  16.808
  closest atom surface   14.344   O7  176 X    0
  2nd closest surface    14.346   O17 176 X    0
  found on step  978
  no. of rejections          258
 stored as    84

 highest radius point found:
  at point   -0.574   0.305  17.008
  closest atom surface   14.524   O7  176 X    0
  2nd closest surface    14.525   O17 176 X    0
  found on step    1
 current point:
  at point   -1.369  -1.003  17.008
  closest atom surface   14.374   O16 176 X    0
  2nd closest surface    14.376   O7  176 X    0
  found on step  986
  no. of rejections          270
 stored as    85

 highest radius point found:
  at point   -0.592   0.298  17.208
  closest atom surface   14.705   O7  176 X    0
  2nd closest surface    14.705   O17 176 X    0
  found on step  978
  this is also current point
  no. of rejections          269
 stored as    86

 highest radius point found:
  at point   -0.608   0.285  17.408
  closest atom surface   14.885   O7  176 X    0
  2nd closest surface    14.885   O16 176 X    0
  found on step 1000
  this is also current point
  no. of rejections          251
 stored as    87

 highest radius point found:
  at point   -0.612   0.291  17.608
  closest atom surface   15.067   O17 176 X    0
  2nd closest surface    15.067   O7  176 X    0
  found on step  907
  this is also current point
  no. of rejections          252
 stored as    88

 highest radius point found:
  at point   -0.621   0.287  17.808
  closest atom surface   15.249   O17 176 X    0
  2nd closest surface    15.249   O7  176 X    0
  found on step  953
  this is also current point
  no. of rejections          226
 stored as    89

 highest radius point found:
  at point   -0.632   0.283  18.008
  closest atom surface   15.431   O17 176 X    0
  2nd closest surface    15.431   O7  176 X    0
  found on step  960
  this is also current point
  no. of rejections          266
 stored as    90

 highest radius point found:
  at point   -0.641   0.278  18.208
  closest atom surface   15.613   O7  176 X    0
  2nd closest surface    15.614   O17 176 X    0
  found on step  990
  this is also current point
  no. of rejections          267
 stored as    91

 highest radius point found:
  at point   -0.650   0.277  18.408
  closest atom surface   15.796   O17 176 X    0
  2nd closest surface    15.796   O7  176 X    0
  found on step  737
 current point:
  at point   -0.647   0.274  18.408
  closest atom surface   15.795   O7  176 X    0
  2nd closest surface    15.797   O17 176 X    0
  found on step  989
  no. of rejections          260
 stored as    92

 highest radius point found:
  at point   -0.665   0.269  18.608
  closest atom surface   15.979   O16 176 X    0
  2nd closest surface    15.980   O17 176 X    0
  found on step  981
  this is also current point
  no. of rejections          276
 stored as    93

 highest radius point found:
  at point   -0.671   0.267  18.808
  closest atom surface   16.163   O17 176 X    0
  2nd closest surface    16.163   O7  176 X    0
  found on step  935
  this is also current point
  no. of rejections          262
 stored as    94

 highest radius point found:
  at point   -0.687   0.259  19.008
  closest atom surface   16.346   O16 176 X    0
  2nd closest surface    16.347   O7  176 X    0
  found on step  978
  this is also current point
  no. of rejections          241
 stored as    95

 highest radius point found:
  at point   -0.696   0.255  19.208
  closest atom surface   16.531   O16 176 X    0
  2nd closest surface    16.531   O7  176 X    0
  found on step  975
  this is also current point
  no. of rejections          249
 stored as    96

 highest radius point found:
  at point   -0.705   0.253  19.408
  closest atom surface   16.716   O16 176 X    0
  2nd closest surface    16.716   O7  176 X    0
  found on step  931
  this is also current point
  no. of rejections          266
 stored as    97

 highest radius point found:
  at point   -0.717   0.245  19.608
  closest atom surface   16.900   O7  176 X    0
  2nd closest surface    16.900   O16 176 X    0
  found on step  835
 current point:
  at point   -0.719   0.243  19.608
  closest atom surface   16.900   O16 176 X    0
  2nd closest surface    16.900   O7  176 X    0
  found on step  972
  no. of rejections          264
 stored as    98

 highest radius point found:
  at point   -0.727   0.248  19.808
  closest atom surface   17.085   O17 176 X    0
  2nd closest surface    17.085   O16 176 X    0
  found on step  947
  this is also current point
  no. of rejections          244
 stored as    99

 highest radius point found:
  at point   -0.738   0.233  20.008
  closest atom surface   17.270   O7  176 X    0
  2nd closest surface    17.271   O16 176 X    0
  found on step  994
  this is also current point
  no. of rejections          240
 stored as   100

 highest radius point found:
  at point   -0.747   0.237  20.208
  closest atom surface   17.457   O16 176 X    0
  2nd closest surface    17.458   O17 176 X    0
  found on step  818
 current point:
  at point   -0.735   0.241  20.208
  closest atom surface   17.456   O7  176 X    0
  2nd closest surface    17.457   O17 176 X    0
  found on step  987
  no. of rejections          260
 stored as   101

 highest radius point found:
  at point   -0.756   0.232  20.408
  closest atom surface   17.643   O16 176 X    0
  2nd closest surface    17.644   O7  176 X    0
  found on step  977
  this is also current point
  no. of rejections          242
 stored as   102

 highest radius point found:
  at point   -0.765   0.230  20.608
  closest atom surface   17.830   O16 176 X    0
  2nd closest surface    17.830   O17 176 X    0
  found on step  898
  this is also current point
  no. of rejections          256
 stored as   103

 highest radius point found:
  at point   -0.778   0.219  20.808
  closest atom surface   18.016   O16 176 X    0
  2nd closest surface    18.016   O7  176 X    0
  found on step  999
  this is also current point
  no. of rejections          249
 stored as   104

 highest radius point found:
  at point   -0.780   0.224  21.008
  closest atom surface   18.203   O17 176 X    0
  2nd closest surface    18.204   O7  176 X    0
  found on step  972
  this is also current point
  no. of rejections          258
 stored as   105

 highest radius point found:
  at point   -0.796   0.218  21.208
  closest atom surface   18.391   O16 176 X    0
  2nd closest surface    18.391   O17 176 X    0
  found on step  938
  this is also current point
  no. of rejections          247
 stored as   106

 highest radius point found:
  at point   -0.799   0.216  21.408
  closest atom surface   18.578   O7  176 X    0
  2nd closest surface    18.578   O17 176 X    0
  found on step  912
  this is also current point
  no. of rejections          235
 stored as   107

 highest radius point found:
  at point   -0.809   0.211  21.608
  closest atom surface   18.765   O7  176 X    0
  2nd closest surface    18.766   O17 176 X    0
  found on step  998
  this is also current point
  no. of rejections          249
 stored as   108

 highest radius point found:
  at point   -0.826   0.202  21.808
  closest atom surface   18.954   O7  176 X    0
  2nd closest surface    18.954   O16 176 X    0
  found on step  965
  this is also current point
  no. of rejections          228
 stored as   109

 highest radius point found:
  at point   -0.835   0.201  22.008
  closest atom surface   19.142   O16 176 X    0
  2nd closest surface    19.143   O7  176 X    0
  found on step  982
  this is also current point
  no. of rejections          240
 stored as   110

 highest radius point found:
  at point   -0.835   0.201  22.208
  closest atom surface   19.330   O7  176 X    0
  2nd closest surface    19.330   O17 176 X    0
  found on step    1
 current point:
  at point   -1.832  -1.452  22.208
  closest atom surface   19.224   O7  176 X    0
  2nd closest surface    19.224   O16 176 X    0
  found on step  906
  no. of rejections          227
 stored as   111

 highest radius point found:
  at point   -0.860   0.188  22.408
  closest atom surface   19.518   O16 176 X    0
  2nd closest surface    19.519   O7  176 X    0
  found on step  879
 current point:
  at point   -0.843   0.198  22.408
  closest atom surface   19.518   O7  176 X    0
  2nd closest surface    19.519   O17 176 X    0
  found on step  944
  no. of rejections          237
 stored as   112

 highest radius point found:
  at point   -0.863   0.193  22.608
  closest atom surface   19.707   O17 176 X    0
  2nd closest surface    19.709   O16 176 X    0
  found on step   83
 current point:
  at point   -1.278  -0.505  22.608
  closest atom surface   19.643   O7  176 X    0
  2nd closest surface    19.644   O16 176 X    0
  found on step  987
  no. of rejections          211
 stored as   113

 highest radius point found:
  at point   -0.872   0.189  22.808
  closest atom surface   19.897   O17 176 X    0
  2nd closest surface    19.898   O7  176 X    0
  found on step  893
 current point:
  at point   -0.878   0.178  22.808
  closest atom surface   19.896   O7  176 X    0
  2nd closest surface    19.897   O16 176 X    0
  found on step  969
  no. of rejections          244
 stored as   114

 highest radius point found:
  at point   -0.872   0.189  23.008
  closest atom surface   20.085   O17 176 X    0
  2nd closest surface    20.086   O7  176 X    0
  found on step    1
 current point:
  at point   -0.871   0.189  23.008
  closest atom surface   20.085   O17 176 X    0
  2nd closest surface    20.086   O7  176 X    0
  found on step  927
  no. of rejections          218
 stored as   115

 highest radius point found:
  at point   -0.897   0.178  23.208
  closest atom surface   20.275   O16 176 X    0
  2nd closest surface    20.276   O17 176 X    0
  found on step  983
  this is also current point
  no. of rejections          231
 stored as   116

 highest radius point found:
  at point   -0.909   0.166  23.408
  closest atom surface   20.465   O16 176 X    0
  2nd closest surface    20.465   O7  176 X    0
  found on step  986
  this is also current point
  no. of rejections          239
 stored as   117

 highest radius point found:
  at point   -0.915   0.167  23.608
  closest atom surface   20.655   O7  176 X    0
  2nd closest surface    20.656   O16 176 X    0
  found on step  873
 current point:
  at point   -0.918   0.170  23.608
  closest atom surface   20.655   O16 176 X    0
  2nd closest surface    20.655   O17 176 X    0
  found on step  971
  no. of rejections          231
 stored as   118

 highest radius point found:
  at point   -0.927   0.162  23.808
  closest atom surface   20.845   O16 176 X    0
  2nd closest surface    20.845   O7  176 X    0
  found on step  944
  this is also current point
  no. of rejections          245
 stored as   119

 highest radius point found:
  at point   -0.935   0.163  24.008
  closest atom surface   21.035   O17 176 X    0
  2nd closest surface    21.036   O16 176 X    0
  found on step  984
  this is also current point
  no. of rejections          233
 stored as   120

 highest radius point found:
  at point   -0.946   0.156  24.208
  closest atom surface   21.226   O16 176 X    0
  2nd closest surface    21.226   O7  176 X    0
  found on step  997
  this is also current point
  no. of rejections          260
 stored as   121

 highest radius point found:
  at point   -0.962   0.141  24.408
  closest atom surface   21.415   O7  176 X    0
  2nd closest surface    21.415   O16 176 X    0
  found on step  987
  this is also current point
  no. of rejections          245
 stored as   122

 highest radius point found:
  at point   -0.967   0.147  24.608
  closest atom surface   21.607   O16 176 X    0
  2nd closest surface    21.607   O7  176 X    0
  found on step  927
  this is also current point
  no. of rejections          226
 stored as   123

 highest radius point found:
  at point   -0.976   0.149  24.808
  closest atom surface   21.797   O17 176 X    0
  2nd closest surface    21.798   O16 176 X    0
  found on step  988
  this is also current point
  no. of rejections          216
 stored as   124

 highest radius point found:
  at point   -0.988   0.143  25.008
  closest atom surface   21.988   O16 176 X    0
  2nd closest surface    21.988   O17 176 X    0
  found on step  853
 current point:
  at point   -0.968   0.150  25.008
  closest atom surface   21.987   O17 176 X    0
  2nd closest surface    21.988   O7  176 X    0
  found on step  938
  no. of rejections          219
 stored as   125

 highest radius point found:
  at point   -0.996   0.137  25.208
  closest atom surface   22.180   O16 176 X    0
  2nd closest surface    22.180   O17 176 X    0
  found on step  985
  this is also current point
  no. of rejections          249
 This is an end! (radius above  22.0 angs)
 highest radius point found:
  at point    0.451   0.279  -0.192
  closest atom surface    5.040   C3  176 X    0
  2nd closest surface     5.040   O5  176 X    0
  found on step  438
 current point:
  at point    0.265   0.340  -0.192
  closest atom surface    5.034   C3  176 X    0
  2nd closest surface     5.035   O5  176 X    0
  found on step  958
  no. of rejections          421
 stored as    -1

 highest radius point found:
  at point    0.561   0.204  -0.392
  closest atom surface    5.051   C3  176 X    0
  2nd closest surface     5.054   O5  176 X    0
  found on step  502
 current point:
  at point    0.252   0.302  -0.392
  closest atom surface    5.038   O5  176 X    0
  2nd closest surface     5.039   C3  176 X    0
  found on step  879
  no. of rejections          378
 stored as    -2

 highest radius point found:
  at point    0.462   0.194  -0.592
  closest atom surface    5.057   O5  176 X    0
  2nd closest surface     5.058   O13 176 X    0
  found on step  161
 current point:
  at point   -0.101   0.376  -0.592
  closest atom surface    5.051   C4  176 X    0
  2nd closest surface     5.052   O5  176 X    0
  found on step  955
  no. of rejections          408
 stored as    -3

 highest radius point found:
  at point   -0.091   0.332  -0.792
  closest atom surface    5.068   O5  176 X    0
  2nd closest surface     5.069   C3  176 X    0
  found on step  295
 current point:
  at point   -0.149   0.347  -0.792
  closest atom surface    5.067   O5  176 X    0
  2nd closest surface     5.068   C4  176 X    0
  found on step  903
  no. of rejections          389
 stored as    -4

 highest radius point found:
  at point   -0.141   0.309  -0.992
  closest atom surface    5.091   C3  176 X    0
  2nd closest surface     5.093   C4  176 X    0
  found on step  797
 current point:
  at point   -0.094   0.292  -0.992
  closest atom surface    5.091   O5  176 X    0
  2nd closest surface     5.091   C3  176 X    0
  found on step  941
  no. of rejections          391
 stored as    -5

 highest radius point found:
  at point   -0.060   0.237  -1.192
  closest atom surface    5.117   O5  176 X    0
  2nd closest surface     5.118   H2  176 X    0
  found on step  936
  this is also current point
  no. of rejections          395
 stored as    -6

 highest radius point found:
  at point   -0.018   0.171  -1.392
  closest atom surface    5.109   H2  176 X    0
  2nd closest surface     5.111   H15 176 X    0
  found on step  865
 current point:
  at point   -0.016   0.166  -1.392
  closest atom surface    5.107   O13 176 X    0
  2nd closest surface     5.110   H15 176 X    0
  found on step  963
  no. of rejections          419
 stored as    -7

 highest radius point found:
  at point   -0.025   0.153  -1.592
  closest atom surface    5.087   H2  176 X    0
  2nd closest surface     5.089   H15 176 X    0
  found on step  185
 current point:
  at point   -0.031   0.157  -1.592
  closest atom surface    5.086   H15 176 X    0
  2nd closest surface     5.086   H2  176 X    0
  found on step  932
  no. of rejections          390
 stored as    -8

 highest radius point found:
  at point   -0.031   0.135  -1.792
  closest atom surface    5.072   O13 176 X    0
  2nd closest surface     5.072   H2  176 X    0
  found on step  789
 current point:
  at point   -0.033   0.134  -1.792
  closest atom surface    5.071   H15 176 X    0
  2nd closest surface     5.072   O13 176 X    0
  found on step  981
  no. of rejections          412
 stored as    -9

 highest radius point found:
  at point   -0.038   0.118  -1.992
  closest atom surface    5.061   O13 176 X    0
  2nd closest surface     5.062   H2  176 X    0
  found on step  811
 current point:
  at point   -0.030   0.118  -1.992
  closest atom surface    5.059   O13 176 X    0
  2nd closest surface     5.059   H2  176 X    0
  found on step  922
  no. of rejections          381
 stored as   -10

 highest radius point found:
  at point   -0.048   0.101  -2.192
  closest atom surface    5.058   O13 176 X    0
  2nd closest surface     5.059   H15 176 X    0
  found on step  883
 current point:
  at point   -0.047   0.100  -2.192
  closest atom surface    5.057   O13 176 X    0
  2nd closest surface     5.060   H15 176 X    0
  found on step  915
  no. of rejections          401
 stored as   -11

 highest radius point found:
  at point   -0.057   0.087  -2.392
  closest atom surface    5.062   H2  176 X    0
  2nd closest surface     5.064   O13 176 X    0
  found on step  928
  this is also current point
  no. of rejections          407
 stored as   -12

 highest radius point found:
  at point   -0.066   0.071  -2.592
  closest atom surface    5.073   O13 176 X    0
  2nd closest surface     5.073   H2  176 X    0
  found on step  883
  this is also current point
  no. of rejections          392
 stored as   -13

 highest radius point found:
  at point   -0.076   0.058  -2.792
  closest atom surface    5.087   H2  176 X    0
  2nd closest surface     5.091   O13 176 X    0
  found on step  996
  this is also current point
  no. of rejections          390
 stored as   -14

 highest radius point found:
  at point   -0.087   0.042  -2.992
  closest atom surface    5.112   H15 176 X    0
  2nd closest surface     5.113   H2  176 X    0
  found on step  960
  this is also current point
  no. of rejections          392
 stored as   -15

 highest radius point found:
  at point   -0.096   0.026  -3.192
  closest atom surface    5.140   O13 176 X    0
  2nd closest surface     5.142   H15 176 X    0
  found on step  641
 current point:
  at point   -0.098   0.030  -3.192
  closest atom surface    5.140   H2  176 X    0
  2nd closest surface     5.142   H15 176 X    0
  found on step  936
  no. of rejections          393
 stored as   -16

 highest radius point found:
  at point   -0.110   0.013  -3.392
  closest atom surface    5.176   H15 176 X    0
  2nd closest surface     5.177   O13 176 X    0
  found on step  968
  this is also current point
  no. of rejections          354
 stored as   -17

 highest radius point found:
  at point   -0.117  -0.001  -3.592
  closest atom surface    5.218   O13 176 X    0
  2nd closest surface     5.218   H2  176 X    0
  found on step  281
 current point:
  at point   -0.116  -0.001  -3.592
  closest atom surface    5.216   O13 176 X    0
  2nd closest surface     5.218   H2  176 X    0
  found on step  933
  no. of rejections          404
 stored as   -18

 highest radius point found:
  at point   -0.133  -0.014  -3.792
  closest atom surface    5.265   H15 176 X    0
  2nd closest surface     5.267   O13 176 X    0
  found on step  920
  this is also current point
  no. of rejections          414
 stored as   -19

 highest radius point found:
  at point   -0.141  -0.027  -3.992
  closest atom surface    5.319   O13 176 X    0
  2nd closest surface     5.320   H2  176 X    0
  found on step  879
  this is also current point
  no. of rejections          385
 stored as   -20

 highest radius point found:
  at point   -0.155  -0.041  -4.192
  closest atom surface    5.378   O13 176 X    0
  2nd closest surface     5.380   H15 176 X    0
  found on step  991
  this is also current point
  no. of rejections          409
 stored as   -21

 highest radius point found:
  at point   -0.175  -0.047  -4.392
  closest atom surface    5.442   H15 176 X    0
  2nd closest surface     5.443   H2  176 X    0
  found on step  631
 current point:
  at point   -0.174  -0.049  -4.392
  closest atom surface    5.442   H15 176 X    0
  2nd closest surface     5.444   H2  176 X    0
  found on step  919
  no. of rejections          372
 stored as   -22

 highest radius point found:
  at point   -0.187  -0.059  -4.592
  closest atom surface    5.513   H15 176 X    0
  2nd closest surface     5.513   H2  176 X    0
  found on step  970
  this is also current point
  no. of rejections          393
 stored as   -23

 highest radius point found:
  at point   -0.197  -0.074  -4.792
  closest atom surface    5.590   H15 176 X    0
  2nd closest surface     5.590   H2  176 X    0
  found on step  862
 current point:
  at point   -0.198  -0.073  -4.792
  closest atom surface    5.589   H15 176 X    0
  2nd closest surface     5.590   H2  176 X    0
  found on step  967
  no. of rejections          391
 stored as   -24

 highest radius point found:
  at point   -0.208  -0.088  -4.992
  closest atom surface    5.669   O13 176 X    0
  2nd closest surface     5.671   H15 176 X    0
  found on step  727
 current point:
  at point   -0.206  -0.087  -4.992
  closest atom surface    5.669   O13 176 X    0
  2nd closest surface     5.670   H2  176 X    0
  found on step  997
  no. of rejections          384
 stored as   -25

 highest radius point found:
  at point   -0.224  -0.097  -5.192
  closest atom surface    5.756   H15 176 X    0
  2nd closest surface     5.756   H2  176 X    0
  found on step  918
  this is also current point
  no. of rejections          371
 stored as   -26

 highest radius point found:
  at point   -0.238  -0.109  -5.392
  closest atom surface    5.847   O13 176 X    0
  2nd closest surface     5.847   H15 176 X    0
  found on step  989
  this is also current point
  no. of rejections          385
 stored as   -27

 highest radius point found:
  at point   -0.253  -0.119  -5.592
  closest atom surface    5.942   H15 176 X    0
  2nd closest surface     5.942   H2  176 X    0
  found on step  981
  this is also current point
  no. of rejections          378
 stored as   -28

 highest radius point found:
  at point   -0.273  -0.126  -5.792
  closest atom surface    6.039   H15 176 X    0
  2nd closest surface     6.041   H2  176 X    0
  found on step  763
 current point:
  at point   -0.271  -0.132  -5.792
  closest atom surface    6.038   H15 176 X    0
  2nd closest surface     6.040   O13 176 X    0
  found on step  946
  no. of rejections          357
 stored as   -29

 highest radius point found:
  at point   -0.289  -0.134  -5.992
  closest atom surface    6.143   H2  176 X    0
  2nd closest surface     6.143   H15 176 X    0
  found on step  960
  this is also current point
  no. of rejections          403
 stored as   -30

 highest radius point found:
  at point   -0.297  -0.150  -6.192
  closest atom surface    6.250   O13 176 X    0
  2nd closest surface     6.252   H2  176 X    0
  found on step  987
  this is also current point
  no. of rejections          386
 stored as   -31

 highest radius point found:
  at point   -0.306  -0.160  -6.392
  closest atom surface    6.358   O4  176 X    0
  2nd closest surface     6.360   O13 176 X    0
  found on step  984
  this is also current point
  no. of rejections          362
 stored as   -32

 highest radius point found:
  at point   -0.306  -0.169  -6.592
  closest atom surface    6.469   O13 176 X    0
  2nd closest surface     6.469   H2  176 X    0
  found on step  960
  this is also current point
  no. of rejections          359
 stored as   -33

 highest radius point found:
  at point   -0.308  -0.178  -6.792
  closest atom surface    6.582   H2  176 X    0
  2nd closest surface     6.583   O13 176 X    0
  found on step  995
  this is also current point
  no. of rejections          392
 stored as   -34

 highest radius point found:
  at point   -0.317  -0.184  -6.992
  closest atom surface    6.697   O4  176 X    0
  2nd closest surface     6.699   H2  176 X    0
  found on step  986
  this is also current point
  no. of rejections          334
 stored as   -35

 highest radius point found:
  at point   -0.316  -0.196  -7.192
  closest atom surface    6.819   O4  176 X    0
  2nd closest surface     6.820   H2  176 X    0
  found on step  696
 current point:
  at point   -0.311  -0.197  -7.192
  closest atom surface    6.818   H2  176 X    0
  2nd closest surface     6.818   O13 176 X    0
  found on step  943
  no. of rejections          352
 stored as   -36

 highest radius point found:
  at point   -0.316  -0.207  -7.392
  closest atom surface    6.942   O13 176 X    0
  2nd closest surface     6.943   H2  176 X    0
  found on step  976
  this is also current point
  no. of rejections          345
 stored as   -37

 highest radius point found:
  at point   -0.321  -0.214  -7.592
  closest atom surface    7.068   O4  176 X    0
  2nd closest surface     7.069   H2  176 X    0
  found on step  845
 current point:
  at point   -0.323  -0.210  -7.592
  closest atom surface    7.067   H2  176 X    0
  2nd closest surface     7.068   O4  176 X    0
  found on step  956
  no. of rejections          360
 stored as   -38

 highest radius point found:
  at point   -0.321  -0.224  -7.792
  closest atom surface    7.197   O13 176 X    0
  2nd closest surface     7.198   H2  176 X    0
  found on step  981
  this is also current point
  no. of rejections          359
 stored as   -39

 highest radius point found:
  at point   -0.324  -0.232  -7.992
  closest atom surface    7.329   O13 176 X    0
  2nd closest surface     7.330   H2  176 X    0
  found on step  962
  this is also current point
  no. of rejections          331
 stored as   -40

 highest radius point found:
  at point   -0.327  -0.241  -8.192
  closest atom surface    7.463   O4  176 X    0
  2nd closest surface     7.463   O13 176 X    0
  found on step  825
 current point:
  at point   -0.326  -0.241  -8.192
  closest atom surface    7.463   O13 176 X    0
  2nd closest surface     7.464   O4  176 X    0
  found on step 1000
  no. of rejections          340
 stored as   -41

 highest radius point found:
  at point   -0.330  -0.249  -8.392
  closest atom surface    7.599   O4  176 X    0
  2nd closest surface     7.601   O13 176 X    0
  found on step  902
  this is also current point
  no. of rejections          333
 stored as   -42

 highest radius point found:
  at point   -0.332  -0.258  -8.592
  closest atom surface    7.738   O4  176 X    0
  2nd closest surface     7.739   O13 176 X    0
  found on step  826
 current point:
  at point   -0.332  -0.259  -8.592
  closest atom surface    7.738   O4  176 X    0
  2nd closest surface     7.738   O13 176 X    0
  found on step  983
  no. of rejections          353
 stored as   -43

 highest radius point found:
  at point   -0.341  -0.258  -8.792
  closest atom surface    7.878   H2  176 X    0
  2nd closest surface     7.878   O4  176 X    0
  found on step 1000
  this is also current point
  no. of rejections          328
 stored as   -44

 highest radius point found:
  at point   -0.336  -0.275  -8.992
  closest atom surface    8.023   O13 176 X    0
  2nd closest surface     8.023   O4  176 X    0
  found on step  979
  this is also current point
  no. of rejections          331
 stored as   -45

 highest radius point found:
  at point   -0.339  -0.281  -9.192
  closest atom surface    8.168   O4  176 X    0
  2nd closest surface     8.170   O13 176 X    0
  found on step  996
  this is also current point
  no. of rejections          324
 stored as   -46

 highest radius point found:
  at point   -0.343  -0.282  -9.392
  closest atom surface    8.314   H2  176 X    0
  2nd closest surface     8.317   O4  176 X    0
  found on step  555
 current point:
  at point   -0.339  -0.293  -9.392
  closest atom surface    8.314   O13 176 X    0
  2nd closest surface     8.315   O4  176 X    0
  found on step  971
  no. of rejections          320
 stored as   -47

 highest radius point found:
  at point   -0.341  -0.296  -9.592
  closest atom surface    8.466   H2  176 X    0
  2nd closest surface     8.466   O4  176 X    0
  found on step  891
  this is also current point
  no. of rejections          339
 stored as   -48

 highest radius point found:
  at point   -0.347  -0.301  -9.792
  closest atom surface    8.616   O4  176 X    0
  2nd closest surface     8.617   H2  176 X    0
  found on step  967
  this is also current point
  no. of rejections          296
 stored as   -49

 highest radius point found:
  at point   -0.347  -0.310  -9.992
  closest atom surface    8.769   O4  176 X    0
  2nd closest surface     8.770   H2  176 X    0
  found on step  932
  this is also current point
  no. of rejections          330
 stored as   -50

 highest radius point found:
  at point   -0.349  -0.319 -10.192
  closest atom surface    8.923   O4  176 X    0
  2nd closest surface     8.924   O13 176 X    0
  found on step  999
  this is also current point
  no. of rejections          315
 stored as   -51

 highest radius point found:
  at point   -0.349  -0.326 -10.392
  closest atom surface    9.079   H45 176 X    0
  2nd closest surface     9.079   O13 176 X    0
  found on step  973
  this is also current point
  no. of rejections          343
 stored as   -52

 highest radius point found:
  at point   -0.356  -0.338 -10.592
  closest atom surface    9.233   H45 176 X    0
  2nd closest surface     9.233   O4  176 X    0
  found on step  993
  this is also current point
  no. of rejections          312
 stored as   -53

 highest radius point found:
  at point   -0.362  -0.348 -10.792
  closest atom surface    9.388   O1  176 X    0
  2nd closest surface     9.388   H45 176 X    0
  found on step  947
  this is also current point
  no. of rejections          332
 stored as   -54

 highest radius point found:
  at point   -0.361  -0.360 -10.992
  closest atom surface    9.544   O1  176 X    0
  2nd closest surface     9.544   H45 176 X    0
  found on step  843
 current point:
  at point   -0.379  -0.352 -10.992
  closest atom surface    9.543   O4  176 X    0
  2nd closest surface     9.543   O1  176 X    0
  found on step  959
  no. of rejections          350
 stored as   -55

 highest radius point found:
  at point   -0.374  -0.371 -11.192
  closest atom surface    9.703   O1  176 X    0
  2nd closest surface     9.703   H45 176 X    0
  found on step    2
 current point:
  at point   -0.368  -0.372 -11.192
  closest atom surface    9.702   O1  176 X    0
  2nd closest surface     9.702   H45 176 X    0
  found on step 1000
  no. of rejections          310
 stored as   -56

 highest radius point found:
  at point   -0.382  -0.385 -11.392
  closest atom surface    9.862   H45 176 X    0
  2nd closest surface     9.862   O4  176 X    0
  found on step  877
 current point:
  at point   -0.387  -0.379 -11.392
  closest atom surface    9.861   O4  176 X    0
  2nd closest surface     9.862   O1  176 X    0
  found on step 1000
  no. of rejections          305
 stored as   -57

 highest radius point found:
  at point   -0.389  -0.394 -11.592
  closest atom surface   10.023   O4  176 X    0
  2nd closest surface    10.024   O1  176 X    0
  found on step  979
  this is also current point
  no. of rejections          322
 stored as   -58

 highest radius point found:
  at point   -0.389  -0.407 -11.792
  closest atom surface   10.185   O1  176 X    0
  2nd closest surface    10.185   H45 176 X    0
  found on step  985
  this is also current point
  no. of rejections          301
 stored as   -59

 highest radius point found:
  at point   -0.399  -0.419 -11.992
  closest atom surface   10.349   O1  176 X    0
  2nd closest surface    10.349   H45 176 X    0
  found on step  875
  this is also current point
  no. of rejections          311
 stored as   -60

 highest radius point found:
  at point   -0.407  -0.429 -12.192
  closest atom surface   10.513   O1  176 X    0
  2nd closest surface    10.513   O4  176 X    0
  found on step  830
 current point:
  at point   -0.403  -0.432 -12.192
  closest atom surface   10.512   H45 176 X    0
  2nd closest surface    10.513   O1  176 X    0
  found on step  914
  no. of rejections          301
 stored as   -61

 highest radius point found:
  at point   -0.415  -0.439 -12.392
  closest atom surface   10.678   O1  176 X    0
  2nd closest surface    10.678   O4  176 X    0
  found on step  791
 current point:
  at point   -0.411  -0.440 -12.392
  closest atom surface   10.677   O1  176 X    0
  2nd closest surface    10.679   O4  176 X    0
  found on step  926
  no. of rejections          307
 stored as   -62

 highest radius point found:
  at point   -0.413  -0.455 -12.592
  closest atom surface   10.844   O1  176 X    0
  2nd closest surface    10.845   H45 176 X    0
  found on step  985
  this is also current point
  no. of rejections          318
 stored as   -63

 highest radius point found:
  at point   -0.423  -0.467 -12.792
  closest atom surface   11.012   H45 176 X    0
  2nd closest surface    11.012   O4  176 X    0
  found on step  938
  this is also current point
  no. of rejections          289
 stored as   -64

 highest radius point found:
  at point   -0.413  -0.480 -12.992
  closest atom surface   11.177   O1  176 X    0
  2nd closest surface    11.180   H45 176 X    0
  found on step   19
 current point:
  at point    0.184  -0.512 -12.992
  closest atom surface   11.058   O13 176 X    0
  2nd closest surface    11.062   O1  176 X    0
  found on step  988
  no. of rejections          268
 stored as   -65

 highest radius point found:
  at point   -0.430  -0.492 -13.192
  closest atom surface   11.349   O1  176 X    0
  2nd closest surface    11.350   H45 176 X    0
  found on step  980
  this is also current point
  no. of rejections          307
 stored as   -66

 highest radius point found:
  at point   -0.437  -0.504 -13.392
  closest atom surface   11.520   O1  176 X    0
  2nd closest surface    11.520   H45 176 X    0
  found on step  993
  this is also current point
  no. of rejections          310
 stored as   -67

 highest radius point found:
  at point   -0.433  -0.519 -13.592
  closest atom surface   11.690   H45 176 X    0
  2nd closest surface    11.690   O1  176 X    0
  found on step  924
  this is also current point
  no. of rejections          291
 stored as   -68

 highest radius point found:
  at point   -0.455  -0.526 -13.792
  closest atom surface   11.862   O4  176 X    0
  2nd closest surface    11.863   O1  176 X    0
  found on step  800
 current point:
  at point   -0.455  -0.528 -13.792
  closest atom surface   11.861   O4  176 X    0
  2nd closest surface    11.864   H45 176 X    0
  found on step  972
  no. of rejections          298
 stored as   -69

 highest radius point found:
  at point   -0.451  -0.543 -13.992
  closest atom surface   12.035   H45 176 X    0
  2nd closest surface    12.036   O1  176 X    0
  found on step  864
 current point:
  at point   -0.454  -0.543 -13.992
  closest atom surface   12.035   H45 176 X    0
  2nd closest surface    12.036   O4  176 X    0
  found on step  979
  no. of rejections          263
 stored as   -70

 highest radius point found:
  at point   -0.461  -0.555 -14.192
  closest atom surface   12.209   H45 176 X    0
  2nd closest surface    12.209   O4  176 X    0
  found on step  932
  this is also current point
  no. of rejections          277
 stored as   -71

 highest radius point found:
  at point   -0.464  -0.568 -14.392
  closest atom surface   12.383   H45 176 X    0
  2nd closest surface    12.384   O4  176 X    0
  found on step  873
 current point:
  at point   -0.460  -0.570 -14.392
  closest atom surface   12.382   H45 176 X    0
  2nd closest surface    12.384   O1  176 X    0
  found on step  978
  no. of rejections          303
 stored as   -72

 highest radius point found:
  at point   -0.470  -0.579 -14.592
  closest atom surface   12.558   O1  176 X    0
  2nd closest surface    12.559   H45 176 X    0
  found on step  966
  this is also current point
  no. of rejections          270
 stored as   -73

 highest radius point found:
  at point   -0.484  -0.583 -14.792
  closest atom surface   12.732   O1  176 X    0
  2nd closest surface    12.732   O4  176 X    0
  found on step  891
 current point:
  at point   -0.486  -0.582 -14.792
  closest atom surface   12.731   O1  176 X    0
  2nd closest surface    12.732   O4  176 X    0
  found on step  971
  no. of rejections          263
 stored as   -74

 highest radius point found:
  at point   -0.480  -0.605 -14.992
  closest atom surface   12.910   H45 176 X    0
  2nd closest surface    12.910   O4  176 X    0
  found on step  981
  this is also current point
  no. of rejections          262
 stored as   -75

 highest radius point found:
  at point   -0.487  -0.620 -15.192
  closest atom surface   13.086   O4  176 X    0
  2nd closest surface    13.086   H45 176 X    0
  found on step  949
  this is also current point
  no. of rejections          269
 stored as   -76

 highest radius point found:
  at point   -0.491  -0.630 -15.392
  closest atom surface   13.264   O4  176 X    0
  2nd closest surface    13.265   O1  176 X    0
  found on step  851
 current point:
  at point   -0.492  -0.631 -15.392
  closest atom surface   13.264   O4  176 X    0
  2nd closest surface    13.265   H45 176 X    0
  found on step  949
  no. of rejections          267
 stored as   -77

 highest radius point found:
  at point   -0.493  -0.645 -15.592
  closest atom surface   13.442   H45 176 X    0
  2nd closest surface    13.443   O1  176 X    0
  found on step  951
  this is also current point
  no. of rejections          278
 stored as   -78

 highest radius point found:
  at point   -0.496  -0.656 -15.792
  closest atom surface   13.620   O1  176 X    0
  2nd closest surface    13.621   H45 176 X    0
  found on step  788
 current point:
  at point   -0.509  -0.647 -15.792
  closest atom surface   13.619   O1  176 X    0
  2nd closest surface    13.619   O4  176 X    0
  found on step  985
  no. of rejections          268
 stored as   -79

 highest radius point found:
  at point   -0.502  -0.670 -15.992
  closest atom surface   13.800   H45 176 X    0
  2nd closest surface    13.800   O1  176 X    0
  found on step  980
  this is also current point
  no. of rejections          263
 stored as   -80

 highest radius point found:
  at point   -0.489  -0.686 -16.192
  closest atom surface   13.977   H45 176 X    0
  2nd closest surface    13.978   O1  176 X    0
  found on step   74
 current point:
  at point   -0.549  -0.658 -16.192
  closest atom surface   13.970   O4  176 X    0
  2nd closest surface    13.977   O1  176 X    0
  found on step  987
  no. of rejections          244
 stored as   -81

 highest radius point found:
  at point   -0.506  -0.694 -16.392
  closest atom surface   14.158   O1  176 X    0
  2nd closest surface    14.160   H45 176 X    0
  found on step   74
 current point:
  at point   -0.528  -0.687 -16.392
  closest atom surface   14.157   O4  176 X    0
  2nd closest surface    14.160   O1  176 X    0
  found on step  990
  no. of rejections          241
 stored as   -82

 highest radius point found:
  at point   -0.520  -0.710 -16.592
  closest atom surface   14.340   O4  176 X    0
  2nd closest surface    14.340   H45 176 X    0
  found on step  982
  this is also current point
  no. of rejections          274
 stored as   -83

 highest radius point found:
  at point   -0.519  -0.723 -16.792
  closest atom surface   14.521   H45 176 X    0
  2nd closest surface    14.522   O1  176 X    0
  found on step  735
 current point:
  at point   -0.529  -0.712 -16.792
  closest atom surface   14.519   O1  176 X    0
  2nd closest surface    14.522   O4  176 X    0
  found on step  972
  no. of rejections          266
 stored as   -84

 highest radius point found:
  at point   -0.532  -0.731 -16.992
  closest atom surface   14.703   O4  176 X    0
  2nd closest surface    14.703   O1  176 X    0
  found on step  927
  this is also current point
  no. of rejections          266
 stored as   -85

 highest radius point found:
  at point   -0.530  -0.752 -17.192
  closest atom surface   14.884   H45 176 X    0
  2nd closest surface    14.886   O4  176 X    0
  found on step  973
  this is also current point
  no. of rejections          250
 stored as   -86

 highest radius point found:
  at point   -0.534  -0.761 -17.392
  closest atom surface   15.067   O1  176 X    0
  2nd closest surface    15.068   H45 176 X    0
  found on step  941
  this is also current point
  no. of rejections          264
 stored as   -87

 highest radius point found:
  at point   -0.544  -0.771 -17.592
  closest atom surface   15.250   O1  176 X    0
  2nd closest surface    15.251   O4  176 X    0
  found on step    3
 current point:
  at point   -0.531  -0.777 -17.592
  closest atom surface   15.249   H45 176 X    0
  2nd closest surface    15.250   O1  176 X    0
  found on step  989
  no. of rejections          250
 stored as   -88

 highest radius point found:
  at point   -0.549  -0.786 -17.792
  closest atom surface   15.433   O4  176 X    0
  2nd closest surface    15.435   O1  176 X    0
  found on step  860
 current point:
  at point   -0.550  -0.784 -17.792
  closest atom surface   15.433   O4  176 X    0
  2nd closest surface    15.434   O1  176 X    0
  found on step  967
  no. of rejections          249
 stored as   -89

 highest radius point found:
  at point   -0.543  -0.804 -17.992
  closest atom surface   15.617   H45 176 X    0
  2nd closest surface    15.618   O1  176 X    0
  found on step  608
 current point:
  at point   -0.977  -0.424 -17.992
  closest atom surface   15.550   O1  176 X    0
  2nd closest surface    15.550   O4  176 X    0
  found on step  999
  no. of rejections          249
 stored as   -90

 highest radius point found:
  at point   -0.572  -0.796 -18.192
  closest atom surface   15.798   O1  176 X    0
  2nd closest surface    15.799   O4  176 X    0
  found on step  995
  this is also current point
  no. of rejections          243
 stored as   -91

 highest radius point found:
  at point   -0.562  -0.826 -18.392
  closest atom surface   15.986   O4  176 X    0
  2nd closest surface    15.986   O1  176 X    0
  found on step  983
  this is also current point
  no. of rejections          257
 stored as   -92

 highest radius point found:
  at point   -0.567  -0.837 -18.592
  closest atom surface   16.170   O4  176 X    0
  2nd closest surface    16.171   O1  176 X    0
  found on step  984
  this is also current point
  no. of rejections          261
 stored as   -93

 highest radius point found:
  at point   -0.566  -0.854 -18.792
  closest atom surface   16.356   O1  176 X    0
  2nd closest surface    16.356   H45 176 X    0
  found on step   41
 current point:
  at point   -0.571  -0.851 -18.792
  closest atom surface   16.356   O4  176 X    0
  2nd closest surface    16.356   O1  176 X    0
  found on step  961
  no. of rejections          238
 stored as   -94

 highest radius point found:
  at point   -0.567  -0.868 -18.992
  closest atom surface   16.541   H45 176 X    0
  2nd closest surface    16.541   O1  176 X    0
  found on step  985
  this is also current point
  no. of rejections          240
 stored as   -95

 highest radius point found:
  at point   -0.574  -0.881 -19.192
  closest atom surface   16.727   O1  176 X    0
  2nd closest surface    16.727   H45 176 X    0
  found on step  802
 current point:
  at point   -0.584  -0.874 -19.192
  closest atom surface   16.726   O4  176 X    0
  2nd closest surface    16.726   O1  176 X    0
  found on step  998
  no. of rejections          242
 stored as   -96

 highest radius point found:
  at point   -0.581  -0.896 -19.392
  closest atom surface   16.913   H45 176 X    0
  2nd closest surface    16.913   O4  176 X    0
  found on step  933
  this is also current point
  no. of rejections          262
 stored as   -97

 highest radius point found:
  at point   -0.586  -0.906 -19.592
  closest atom surface   17.099   O1  176 X    0
  2nd closest surface    17.100   O4  176 X    0
  found on step  962
  this is also current point
  no. of rejections          237
 stored as   -98

 highest radius point found:
  at point   -0.589  -0.920 -19.792
  closest atom surface   17.286   O1  176 X    0
  2nd closest surface    17.287   O4  176 X    0
  found on step  791
 current point:
  at point   -0.585  -0.921 -19.792
  closest atom surface   17.286   O1  176 X    0
  2nd closest surface    17.287   H45 176 X    0
  found on step  942
  no. of rejections          238
 stored as   -99

 highest radius point found:
  at point   -0.593  -0.934 -19.992
  closest atom surface   17.473   O4  176 X    0
  2nd closest surface    17.474   O1  176 X    0
  found on step  992
  this is also current point
  no. of rejections          248
 stored as  -100

 highest radius point found:
  at point   -0.596  -0.950 -20.192
  closest atom surface   17.660   H45 176 X    0
  2nd closest surface    17.661   O4  176 X    0
  found on step  975
  this is also current point
  no. of rejections          206
 stored as  -101

 highest radius point found:
  at point   -0.598  -0.962 -20.392
  closest atom surface   17.848   O1  176 X    0
  2nd closest surface    17.848   H45 176 X    0
  found on step  811
 current point:
  at point   -0.603  -0.958 -20.392
  closest atom surface   17.847   O1  176 X    0
  2nd closest surface    17.848   O4  176 X    0
  found on step  990
  no. of rejections          252
 stored as  -102

 highest radius point found:
  at point   -0.604  -0.975 -20.592
  closest atom surface   18.036   O1  176 X    0
  2nd closest surface    18.036   H45 176 X    0
  found on step  991
  this is also current point
  no. of rejections          249
 stored as  -103

 highest radius point found:
  at point   -0.606  -0.989 -20.792
  closest atom surface   18.224   H45 176 X    0
  2nd closest surface    18.224   O1  176 X    0
  found on step  979
  this is also current point
  no. of rejections          242
 stored as  -104

 highest radius point found:
  at point   -0.616  -1.006 -20.992
  closest atom surface   18.411   O4  176 X    0
  2nd closest surface    18.411   H45 176 X    0
  found on step  894
  this is also current point
  no. of rejections          233
 stored as  -105

 highest radius point found:
  at point   -0.600  -1.019 -21.192
  closest atom surface   18.599   O1  176 X    0
  2nd closest surface    18.599   H45 176 X    0
  found on step  959
  this is also current point
  no. of rejections          235
 stored as  -106

 highest radius point found:
  at point   -0.621  -1.028 -21.392
  closest atom surface   18.789   O1  176 X    0
  2nd closest surface    18.790   O4  176 X    0
  found on step  996
  this is also current point
  no. of rejections          214
 stored as  -107

 highest radius point found:
  at point   -0.630  -1.039 -21.592
  closest atom surface   18.978   O4  176 X    0
  2nd closest surface    18.978   O1  176 X    0
  found on step  903
  this is also current point
  no. of rejections          229
 stored as  -108

 highest radius point found:
  at point   -0.630  -1.056 -21.792
  closest atom surface   19.167   O4  176 X    0
  2nd closest surface    19.168   H45 176 X    0
  found on step  811
 current point:
  at point   -0.630  -1.063 -21.792
  closest atom surface   19.166   H45 176 X    0
  2nd closest surface    19.167   O4  176 X    0
  found on step  970
  no. of rejections          221
 stored as  -109

 highest radius point found:
  at point   -0.633  -1.069 -21.992
  closest atom surface   19.356   O1  176 X    0
  2nd closest surface    19.357   H45 176 X    0
  found on step  997
  this is also current point
  no. of rejections          238
 stored as  -110

 highest radius point found:
  at point   -0.639  -1.083 -22.192
  closest atom surface   19.546   O1  176 X    0
  2nd closest surface    19.546   O4  176 X    0
  found on step  823
 current point:
  at point   -0.640  -1.083 -22.192
  closest atom surface   19.546   O4  176 X    0
  2nd closest surface    19.546   O1  176 X    0
  found on step  999
  no. of rejections          223
 stored as  -111

 highest radius point found:
  at point   -0.639  -1.099 -22.392
  closest atom surface   19.736   H45 176 X    0
  2nd closest surface    19.737   O4  176 X    0
  found on step  909
  this is also current point
  no. of rejections          243
 stored as  -112

 highest radius point found:
  at point   -0.648  -1.110 -22.592
  closest atom surface   19.926   O4  176 X    0
  2nd closest surface    19.926   O1  176 X    0
  found on step  911
  this is also current point
  no. of rejections          234
 stored as  -113

 highest radius point found:
  at point   -0.648  -1.110 -22.792
  closest atom surface   20.111   O1  176 X    0
  2nd closest surface    20.118   O4  176 X    0
  found on step    1
 current point:
  at point   -1.156  -0.678 -22.792
  closest atom surface   20.049   O1  176 X    0
  2nd closest surface    20.050   O4  176 X    0
  found on step  992
  no. of rejections          199
 stored as  -114

 highest radius point found:
  at point   -0.652  -1.140 -22.992
  closest atom surface   20.306   H45 176 X    0
  2nd closest surface    20.307   O1  176 X    0
  found on step  956
  this is also current point
  no. of rejections          231
 stored as  -115

 highest radius point found:
  at point   -0.658  -1.153 -23.192
  closest atom surface   20.497   O4  176 X    0
  2nd closest surface    20.497   H45 176 X    0
  found on step  926
  this is also current point
  no. of rejections          233
 stored as  -116

 highest radius point found:
  at point   -0.657  -1.168 -23.392
  closest atom surface   20.687   H45 176 X    0
  2nd closest surface    20.688   O1  176 X    0
  found on step  966
  this is also current point
  no. of rejections          208
 stored as  -117

 highest radius point found:
  at point   -0.666  -1.179 -23.592
  closest atom surface   20.879   O4  176 X    0
  2nd closest surface    20.879   H45 176 X    0
  found on step  904
  this is also current point
  no. of rejections          236
 stored as  -118

 highest radius point found:
  at point   -0.670  -1.193 -23.792
  closest atom surface   21.070   O4  176 X    0
  2nd closest surface    21.070   H45 176 X    0
  found on step  975
  this is also current point
  no. of rejections          207
 stored as  -119

 highest radius point found:
  at point   -0.676  -1.203 -23.992
  closest atom surface   21.260   O1  176 X    0
  2nd closest surface    21.261   O4  176 X    0
  found on step  807
 current point:
  at point   -0.664  -1.207 -23.992
  closest atom surface   21.260   O1  176 X    0
  2nd closest surface    21.261   H45 176 X    0
  found on step  986
  no. of rejections          219
 stored as  -120

 highest radius point found:
  at point   -0.672  -1.222 -24.192
  closest atom surface   21.452   O1  176 X    0
  2nd closest surface    21.452   H45 176 X    0
  found on step  937
  this is also current point
  no. of rejections          221
 stored as  -121

 highest radius point found:
  at point   -0.685  -1.231 -24.392
  closest atom surface   21.643   O4  176 X    0
  2nd closest surface    21.643   O1  176 X    0
  found on step  959
  this is also current point
  no. of rejections          199
 stored as  -122

 highest radius point found:
  at point   -0.683  -1.251 -24.592
  closest atom surface   21.835   H45 176 X    0
  2nd closest surface    21.836   O4  176 X    0
  found on step  963
  this is also current point
  no. of rejections          201
 stored as  -123

 highest radius point found:
  at point   -0.686  -1.263 -24.792
  closest atom surface   22.027   O1  176 X    0
  2nd closest surface    22.027   H45 176 X    0
  found on step  857
 current point:
  at point   -0.692  -1.257 -24.792
  closest atom surface   22.026   O1  176 X    0
  2nd closest surface    22.027   O4  176 X    0
  found on step  945
  no. of rejections          232
 This is an end! (radius above  22.0 angs)
 
 N.b. Graph information routine (HOGRAP) differs 
        markedly from previous versions!
       Information now is written from -ve end
       to +ve in one pass
 
 Explanation of the meaning of each column: 
 First column "cenxyz.cvec" is the coordinate in the
   direction of the channel vector i.e. if the channel
   vector is in z (0 0 1) then it is the z coordinate.
 The second column "radius" is the hole pore radius 
   (as defined in the Biophys J 1993) article).
 The third column "cen_line_D" is the distance 
   measured along the pore centre line - with the 
   first point found set to zero. This was the first
   thing that I used to measure the distance along a pore
   but "cenxyz.cvec" is a much better general measure. 
   However, by comparing changes in this distance to changes in '   "cenxyz.cvec" one can get a measure of how straight a 
   channel is.
 The fourth column "sum{s/(area)}" is useful in conductance
   prediction -
   basically it is the sum of the thickness of each slab
   divided by its area. HOLE uses this measure to estimate
   the macroscopic conductance of a channel.
 If any of this worries you one can see the "raw" results
   of a standard hole run by producing a sphpdb file and 
    directly looking at the results.
 cenxyz.cvec      radius  cen_line_D sum{s/(area point sourc
   -24.59159    21.83511   -25.24902     0.00007   (sampled)
   -24.49159    21.73947   -25.14854     0.00013 (mid-point)
   -24.39159    21.64332   -25.04805     0.00020   (sampled)
   -24.29159    21.54762   -24.94773     0.00027 (mid-point)
   -24.19159    21.45193   -24.84740     0.00034   (sampled)
   -24.09159    21.35608   -24.74695     0.00041 (mid-point)
   -23.99159    21.26026   -24.64650     0.00048   (sampled)
   -23.89159    21.16506   -24.54633     0.00055 (mid-point)
   -23.79159    21.06955   -24.44617     0.00062   (sampled)
   -23.69159    20.97406   -24.34590     0.00070 (mid-point)
   -23.59159    20.87862   -24.24564     0.00077   (sampled)
   -23.49159    20.78301   -24.14539     0.00084 (mid-point)
   -23.39159    20.68719   -24.04514     0.00092   (sampled)
   -23.29159    20.59211   -23.94484     0.00099 (mid-point)
   -23.19159    20.49704   -23.84454     0.00107   (sampled)
   -23.09159    20.40164   -23.74429     0.00114 (mid-point)
   -22.99159    20.30624   -23.64403     0.00122   (sampled)
   -22.89159    20.20898   -23.54292     0.00130 (mid-point)
   -22.79159    20.11107   -23.44181     0.00138   (sampled)
   -22.69159    20.01864   -23.34181     0.00146 (mid-point)
   -22.59159    19.92558   -23.24181     0.00154   (sampled)
   -22.49159    19.83102   -23.14156     0.00162 (mid-point)
   -22.39159    19.73564   -23.04132     0.00170   (sampled)
   -22.29159    19.64115   -22.94097     0.00178 (mid-point)
   -22.19159    19.54620   -22.84063     0.00187   (sampled)
   -22.09159    19.45127   -22.74036     0.00195 (mid-point)
   -21.99159    19.35640   -22.64009     0.00203   (sampled)
   -21.89159    19.26197   -22.53988     0.00212 (mid-point)
   -21.79159    19.16726   -22.43967     0.00221   (sampled)
   -21.69159    19.07237   -22.33931     0.00229 (mid-point)
   -21.59159    18.97753   -22.23895     0.00238   (sampled)
   -21.49159    18.88323   -22.13867     0.00247 (mid-point)
   -21.39159    18.78872   -22.03840     0.00256   (sampled)
   -21.29159    18.69382   -21.93775     0.00265 (mid-point)
   -21.19159    18.59897   -21.83710     0.00275   (sampled)
   -21.09159    18.50517   -21.73656     0.00284 (mid-point)
   -20.99159    18.41107   -21.63602     0.00293   (sampled)
   -20.89159    18.31739   -21.53557     0.00303 (mid-point)
   -20.79159    18.22354   -21.43513     0.00312   (sampled)
   -20.69159    18.12964   -21.33485     0.00322 (mid-point)
   -20.59159    18.03559   -21.23456     0.00332   (sampled)
   -20.49159    17.94160   -21.13431     0.00342 (mid-point)
   -20.39159    17.84768   -21.03405     0.00352   (sampled)
   -20.29159    17.75401   -20.93388     0.00362 (mid-point)
   -20.19159    17.66007   -20.83371     0.00372   (sampled)
   -20.09159    17.56680   -20.73338     0.00382 (mid-point)
   -19.99159    17.47338   -20.63306     0.00393   (sampled)
   -19.89159    17.37984   -20.53279     0.00403 (mid-point)
   -19.79159    17.28625   -20.43251     0.00414   (sampled)
   -19.69159    17.19280   -20.33224     0.00425 (mid-point)
   -19.59159    17.09943   -20.23196     0.00436   (sampled)
   -19.49159    17.00632   -20.13183     0.00447 (mid-point)
   -19.39159    16.91282   -20.03170     0.00458   (sampled)
   -19.29159    16.82000   -19.93132     0.00469 (mid-point)
   -19.19159    16.72715   -19.83095     0.00480   (sampled)
   -19.09159    16.63415   -19.73070     0.00492 (mid-point)
   -18.99159    16.54121   -19.63044     0.00503   (sampled)
   -18.89159    16.44850   -19.53017     0.00515 (mid-point)
   -18.79159    16.35586   -19.42991     0.00527   (sampled)
   -18.69159    16.26319   -19.32956     0.00539 (mid-point)
   -18.59159    16.17040   -19.22922     0.00551   (sampled)
   -18.49159    16.07802   -19.12902     0.00564 (mid-point)
   -18.39159    15.98572   -19.02883     0.00576   (sampled)
   -18.29159    15.89213   -18.92756     0.00589 (mid-point)
   -18.19159    15.79785   -18.82629     0.00601   (sampled)
   -18.09159    15.70783   -18.72517     0.00614 (mid-point)
   -17.99159    15.61663   -18.62405     0.00627   (sampled)
   -17.89159    15.52562   -18.52364     0.00641 (mid-point)
   -17.79159    15.43347   -18.42323     0.00654   (sampled)
   -17.69159    15.34204   -18.32289     0.00667 (mid-point)
   -17.59159    15.25003   -18.22255     0.00681   (sampled)
   -17.49159    15.15871   -18.12230     0.00695 (mid-point)
   -17.39159    15.06749   -18.02205     0.00709   (sampled)
   -17.29159    14.97596   -17.92194     0.00723 (mid-point)
   -17.19159    14.88395   -17.82183     0.00738   (sampled)
   -17.09159    14.79428   -17.72128     0.00752 (mid-point)
   -16.99159    14.70286   -17.62073     0.00767   (sampled)
   -16.89159    14.61227   -17.52044     0.00782 (mid-point)
   -16.79159    14.52141   -17.42015     0.00797   (sampled)
   -16.69159    14.43082   -17.31995     0.00812 (mid-point)
   -16.59159    14.34018   -17.21975     0.00828   (sampled)
   -16.49159    14.24991   -17.11920     0.00843 (mid-point)
   -16.39159    14.15810   -17.01864     0.00859   (sampled)
   -16.29159    14.06788   -16.91822     0.00875 (mid-point)
   -16.19159    13.97749   -16.81779     0.00892   (sampled)
   -16.09159    13.88858   -16.71724     0.00908 (mid-point)
   -15.99159    13.79982   -16.61669     0.00925   (sampled)
   -15.89159    13.71019   -16.51637     0.00942 (mid-point)
   -15.79159    13.62014   -16.41606     0.00959   (sampled)
   -15.69159    13.53135   -16.31589     0.00976 (mid-point)
   -15.59159    13.44200   -16.21572     0.00994   (sampled)
   -15.49159    13.35331   -16.11545     0.01012 (mid-point)
   -15.39159    13.26438   -16.01518     0.01030   (sampled)
   -15.29159    13.17513   -15.91504     0.01048 (mid-point)
   -15.19159    13.08602   -15.81490     0.01067   (sampled)
   -15.09159    12.99798   -15.71458     0.01086 (mid-point)
   -14.99159    12.90995   -15.61426     0.01105   (sampled)
   -14.89159    12.82105   -15.51361     0.01124 (mid-point)
   -14.79159    12.73162   -15.41296     0.01144   (sampled)
   -14.69159    12.64492   -15.31269     0.01164 (mid-point)
   -14.59159    12.55839   -15.21243     0.01184   (sampled)
   -14.49159    12.47054   -15.11224     0.01204 (mid-point)
   -14.39159    12.38270   -15.01204     0.01225   (sampled)
   -14.29159    12.29574   -14.91180     0.01246 (mid-point)
   -14.19159    12.20897   -14.81156     0.01267   (sampled)
   -14.09159    12.12193   -14.71128     0.01289 (mid-point)
   -13.99159    12.03509   -14.61099     0.01311   (sampled)
   -13.89159    11.94942   -14.51063     0.01333 (mid-point)
   -13.79159    11.86201   -14.41027     0.01356   (sampled)
   -13.69159    11.77640   -14.30962     0.01379 (mid-point)
   -13.59159    11.68970   -14.20896     0.01402   (sampled)
   -13.49159    11.60475   -14.10868     0.01426 (mid-point)
   -13.39159    11.52001   -14.00840     0.01450   (sampled)
   -13.29159    11.43464   -13.90815     0.01474 (mid-point)
   -13.19159    11.34948   -13.80790     0.01499   (sampled)
   -13.09159    11.26326   -13.70735     0.01524 (mid-point)
   -12.99159    11.17725   -13.60680     0.01549   (sampled)
   -12.89159    11.09486   -13.50648     0.01575 (mid-point)
   -12.79159    11.01211   -13.40617     0.01602   (sampled)
   -12.69159    10.92818   -13.30585     0.01628 (mid-point)
   -12.59159    10.84401   -13.20552     0.01655   (sampled)
   -12.49159    10.76065   -13.10521     0.01683 (mid-point)
   -12.39159    10.67753   -13.00489     0.01711   (sampled)
   -12.29159    10.59489   -12.90468     0.01739 (mid-point)
   -12.19159    10.51251   -12.80446     0.01768   (sampled)
   -12.09159    10.43042   -12.70425     0.01797 (mid-point)
   -11.99159    10.34861   -12.60404     0.01827   (sampled)
   -11.89159    10.26654   -12.50376     0.01857 (mid-point)
   -11.79159    10.18474   -12.40348     0.01888   (sampled)
   -11.69159    10.10405   -12.30327     0.01919 (mid-point)
   -11.59159    10.02322   -12.20307     0.01951   (sampled)
   -11.49159     9.94260   -12.10290     0.01983 (mid-point)
   -11.39159     9.86174   -12.00272     0.02016   (sampled)
   -11.29159     9.78230   -11.90242     0.02049 (mid-point)
   -11.19159     9.70308   -11.80211     0.02083   (sampled)
   -11.09159     9.62313   -11.70175     0.02117 (mid-point)
   -10.99159     9.54351   -11.60140     0.02152   (sampled)
   -10.89159     9.46575   -11.50121     0.02187 (mid-point)
   -10.79159     9.38836   -11.40103     0.02224   (sampled)
   -10.69159     9.31035   -11.30084     0.02260 (mid-point)
   -10.59159     9.23272   -11.20066     0.02298   (sampled)
   -10.49159     9.15578   -11.10041     0.02336 (mid-point)
   -10.39159     9.07926   -11.00017     0.02374   (sampled)
   -10.29159     9.00144   -10.90011     0.02413 (mid-point)
   -10.19159     8.92317   -10.80005     0.02453   (sampled)
   -10.09159     8.84606   -10.69994     0.02494 (mid-point)
    -9.99159     8.76933   -10.59983     0.02536   (sampled)
    -9.89159     8.69240   -10.49973     0.02578 (mid-point)
    -9.79159     8.61587   -10.39963     0.02621   (sampled)
    -9.69159     8.54073   -10.29956     0.02664 (mid-point)
    -9.59159     8.46601   -10.19949     0.02709   (sampled)
    -9.49159     8.38975   -10.09924     0.02754 (mid-point)
    -9.39159     8.31394    -9.99899     0.02800   (sampled)
    -9.29159     8.24175    -9.89897     0.02847 (mid-point)
    -9.19159     8.16840    -9.79895     0.02894   (sampled)
    -9.09159     8.09548    -9.69889     0.02943 (mid-point)
    -8.99159     8.02300    -9.59883     0.02992   (sampled)
    -8.89159     7.95052    -9.49844     0.03043 (mid-point)
    -8.79159     7.87843    -9.39804     0.03094   (sampled)
    -8.69159     7.80806    -9.29795     0.03146 (mid-point)
    -8.59159     7.73817    -9.19786     0.03199   (sampled)
    -8.49159     7.66844    -9.09775     0.03254 (mid-point)
    -8.39159     7.59926    -8.99764     0.03309   (sampled)
    -8.29159     7.53080    -8.89756     0.03365 (mid-point)
    -8.19159     7.46292    -8.79747     0.03422   (sampled)
    -8.09159     7.39595    -8.69736     0.03480 (mid-point)
    -7.99159     7.32914    -8.59725     0.03539   (sampled)
    -7.89159     7.26295    -8.49715     0.03600 (mid-point)
    -7.79159     7.19739    -8.39706     0.03661   (sampled)
    -7.69159     7.13272    -8.29693     0.03724 (mid-point)
    -7.59159     7.06809    -8.19681     0.03788   (sampled)
    -7.49159     7.00543    -8.09670     0.03852 (mid-point)
    -7.39159     6.94185    -7.99660     0.03918   (sampled)
    -7.29159     6.88074    -7.89646     0.03986 (mid-point)
    -7.19159     6.81927    -7.79633     0.04054   (sampled)
    -7.09159     6.75788    -7.69614     0.04124 (mid-point)
    -6.99159     6.69723    -7.59596     0.04195   (sampled)
    -6.89159     6.63989    -7.49578     0.04267 (mid-point)
    -6.79159     6.58155    -7.39561     0.04340   (sampled)
    -6.69159     6.52486    -7.29551     0.04415 (mid-point)
    -6.59159     6.46887    -7.19541     0.04491   (sampled)
    -6.49159     6.41340    -7.09530     0.04569 (mid-point)
    -6.39159     6.35782    -6.99518     0.04647   (sampled)
    -6.29159     6.30474    -6.89496     0.04728 (mid-point)
    -6.19159     6.25048    -6.79475     0.04809   (sampled)
    -6.09159     6.19689    -6.69434     0.04892 (mid-point)
    -5.99159     6.14277    -6.59394     0.04976   (sampled)
    -5.89159     6.09019    -6.49354     0.05062 (mid-point)
    -5.79159     6.03865    -6.39315     0.05149   (sampled)
    -5.69159     5.98960    -6.29257     0.05238 (mid-point)
    -5.59159     5.94165    -6.19199     0.05328   (sampled)
    -5.49159     5.89378    -6.09157     0.05420 (mid-point)
    -5.39159     5.84665    -5.99114     0.05513   (sampled)
    -5.29159     5.80113    -5.89074     0.05608 (mid-point)
    -5.19159     5.75638    -5.79035     0.05704   (sampled)
    -5.09159     5.71279    -5.68991     0.05801 (mid-point)
    -4.99159     5.66937    -5.58947     0.05900   (sampled)
    -4.89159     5.62992    -5.48908     0.06001 (mid-point)
    -4.79159     5.58964    -5.38869     0.06103   (sampled)
    -4.69159     5.55059    -5.28830     0.06206 (mid-point)
    -4.59159     5.51286    -5.18790     0.06311   (sampled)
    -4.49159     5.47677    -5.08752     0.06417 (mid-point)
    -4.39159     5.44205    -4.98714     0.06524   (sampled)
    -4.29159     5.41011    -4.88658     0.06633 (mid-point)
    -4.19159     5.37779    -4.78603     0.06743   (sampled)
    -4.09159     5.34755    -4.68557     0.06854 (mid-point)
    -3.99159     5.31863    -4.58511     0.06967   (sampled)
    -3.89159     5.29195    -4.48482     0.07080 (mid-point)
    -3.79159     5.26497    -4.38453     0.07195   (sampled)
    -3.69159     5.24141    -4.28399     0.07311 (mid-point)
    -3.59159     5.21759    -4.18345     0.07428   (sampled)
    -3.49159     5.19671    -4.08316     0.07546 (mid-point)
    -3.39159     5.17573    -3.98287     0.07665   (sampled)
    -3.29159     5.15797    -3.88243     0.07784 (mid-point)
    -3.19159     5.14021    -3.78199     0.07905   (sampled)
    -3.09159     5.12577    -3.68157     0.08026 (mid-point)
    -2.99159     5.11234    -3.58115     0.08148   (sampled)
    -2.89159     5.09919    -3.48065     0.08270 (mid-point)
    -2.79159     5.08744    -3.38014     0.08393   (sampled)
    -2.69159     5.07934    -3.27982     0.08517 (mid-point)
    -2.59159     5.07269    -3.17949     0.08640   (sampled)
    -2.49159     5.06668    -3.07906     0.08764 (mid-point)
    -2.39159     5.06213    -2.97862     0.08889   (sampled)
    -2.29159     5.05997    -2.87830     0.09013 (mid-point)
    -2.19159     5.05780    -2.77799     0.09137   (sampled)
    -2.09159     5.05867    -2.67749     0.09262 (mid-point)
    -1.99159     5.06105    -2.57700     0.09386   (sampled)
    -1.89159     5.06566    -2.47658     0.09510 (mid-point)
    -1.79159     5.07176    -2.37616     0.09634   (sampled)
    -1.69159     5.07866    -2.27568     0.09757 (mid-point)
    -1.59159     5.08701    -2.17520     0.09880   (sampled)
    -1.49159     5.09731    -2.07475     0.10003 (mid-point)
    -1.39159     5.10924    -1.97431     0.10125   (sampled)
    -1.29159     5.11244    -1.86677     0.10246 (mid-point)
    -1.19159     5.11679    -1.75923     0.10368   (sampled)
    -1.09159     5.10453    -1.64570     0.10490 (mid-point)
    -0.99159     5.09133    -1.53217     0.10613   (sampled)
    -0.89159     5.07926    -1.42840     0.10736 (mid-point)
    -0.79159     5.06837    -1.32462     0.10860   (sampled)
    -0.69159     5.05608    -1.02281     0.10985 (mid-point)
    -0.59159     5.05735    -0.72099     0.11109   (sampled)
    -0.49159     5.05330    -0.60929     0.11234 (mid-point)
    -0.39159     5.05062    -0.49758     0.11359   (sampled)
    -0.29159     5.04447    -0.37738     0.11484 (mid-point)
    -0.19159     5.04042    -0.25717     0.11609   (sampled)
    -0.09159     5.03718    -0.12859     0.11734 (mid-point)
     0.00841     5.03635    -0.00000     0.11860   (sampled)
     0.10841     5.03770     0.15784     0.11985 (mid-point)
     0.20841     5.04261     0.31567     0.12111   (sampled)
     0.30841     5.04914     0.42115     0.12235 (mid-point)
     0.40841     5.05717     0.52664     0.12360   (sampled)
     0.50841     5.06342     0.63243     0.12484 (mid-point)
     0.60841     5.07082     0.73823     0.12608   (sampled)
     0.70841     5.07652     0.84795     0.12731 (mid-point)
     0.80841     5.08301     0.95768     0.12855   (sampled)
     0.90841     5.08005     1.05801     0.12978 (mid-point)
     1.00841     5.07854     1.15835     0.13101   (sampled)
     1.10841     5.07821     1.25842     0.13225 (mid-point)
     1.20841     5.07905     1.35848     0.13348   (sampled)
     1.30841     5.07904     1.45857     0.13472 (mid-point)
     1.40841     5.08022     1.55866     0.13595   (sampled)
     1.50841     5.08240     1.65969     0.13718 (mid-point)
     1.60841     5.08604     1.76072     0.13841   (sampled)
     1.70841     5.09105     1.86157     0.13964 (mid-point)
     1.80841     5.09752     1.96242     0.14086   (sampled)
     1.90841     5.10453     2.06332     0.14209 (mid-point)
     2.00841     5.11299     2.16422     0.14330   (sampled)
     2.10841     5.11861     2.26496     0.14452 (mid-point)
     2.20841     5.12097     2.36570     0.14573   (sampled)
     2.30841     5.12322     2.46658     0.14695 (mid-point)
     2.40841     5.12696     2.56747     0.14816   (sampled)
     2.50841     5.13420     2.66875     0.14936 (mid-point)
     2.60841     5.14172     2.77002     0.15057   (sampled)
     2.70841     5.15053     2.87095     0.15177 (mid-point)
     2.80841     5.16043     2.97187     0.15296   (sampled)
     2.90841     5.17360     3.07287     0.15415 (mid-point)
     3.00841     5.18572     3.17387     0.15534   (sampled)
     3.10841     5.20212     3.27487     0.15651 (mid-point)
     3.20841     5.21697     3.37586     0.15768   (sampled)
     3.30841     5.23658     3.47679     0.15884 (mid-point)
     3.40841     5.25497     3.57771     0.15999   (sampled)
     3.50841     5.27595     3.67870     0.16114 (mid-point)
     3.60841     5.29833     3.77969     0.16227   (sampled)
     3.70841     5.32246     3.88030     0.16340 (mid-point)
     3.80841     5.34791     3.98091     0.16451   (sampled)
     3.90841     5.37464     4.08218     0.16561 (mid-point)
     4.00841     5.40244     4.18346     0.16670   (sampled)
     4.10841     5.43268     4.28403     0.16778 (mid-point)
     4.20841     5.46094     4.38460     0.16885   (sampled)
     4.30841     5.48952     4.48475     0.16990 (mid-point)
     4.40841     5.51952     4.58490     0.17095   (sampled)
     4.50841     5.55029     4.68513     0.17198 (mid-point)
     4.60841     5.58245     4.78536     0.17300   (sampled)
     4.70841     5.61611     4.88554     0.17401 (mid-point)
     4.80841     5.65110     4.98571     0.17501   (sampled)
     4.90841     5.68611     5.08619     0.17599 (mid-point)
     5.00841     5.72243     5.18667     0.17697   (sampled)
     5.10841     5.76144     5.28684     0.17792 (mid-point)
     5.20841     5.80170     5.38700     0.17887   (sampled)
     5.30841     5.84186     5.48728     0.17980 (mid-point)
     5.40841     5.88324     5.58756     0.18072   (sampled)
     5.50841     5.92839     5.68766     0.18163 (mid-point)
     5.60841     5.97418     5.78777     0.18252   (sampled)
     5.70841     6.01960     5.88806     0.18340 (mid-point)
     5.80841     6.06565     5.98836     0.18426   (sampled)
     5.90841     6.11270     6.08864     0.18512 (mid-point)
     6.00841     6.16085     6.18892     0.18595   (sampled)
     6.10841     6.21004     6.28931     0.18678 (mid-point)
     6.20841     6.26029     6.38970     0.18759   (sampled)
     6.30841     6.31214     6.49005     0.18839 (mid-point)
     6.40841     6.36499     6.59039     0.18918   (sampled)
     6.50841     6.41753     6.69074     0.18995 (mid-point)
     6.60841     6.47104     6.79109     0.19071   (sampled)
     6.70841     6.52475     6.89134     0.19146 (mid-point)
     6.80841     6.57752     6.99159     0.19219   (sampled)
     6.90841     6.63309     7.09210     0.19292 (mid-point)
     7.00841     6.68918     7.19260     0.19363   (sampled)
     7.10841     6.74463     7.29264     0.19433 (mid-point)
     7.20841     6.80059     7.39267     0.19502   (sampled)
     7.30841     6.85889     7.49280     0.19569 (mid-point)
     7.40841     6.91627     7.59293     0.19636   (sampled)
     7.50841     6.97489     7.69296     0.19701 (mid-point)
     7.60841     7.03371     7.79299     0.19766   (sampled)
     7.70841     7.09469     7.89301     0.19829 (mid-point)
     7.80841     7.15614     7.99303     0.19891   (sampled)
     7.90841     7.21800     8.09332     0.19952 (mid-point)
     8.00841     7.28056     8.19360     0.20012   (sampled)
     8.10841     7.34442     8.29366     0.20071 (mid-point)
     8.20841     7.40894     8.39371     0.20129   (sampled)
     8.30841     7.47294     8.49379     0.20186 (mid-point)
     8.40841     7.53709     8.59387     0.20242   (sampled)
     8.50841     7.60419     8.69429     0.20297 (mid-point)
     8.60841     7.67140     8.79471     0.20351   (sampled)
     8.70841     7.73872     8.89479     0.20404 (mid-point)
     8.80841     7.80606     8.99487     0.20457   (sampled)
     8.90841     7.87495     9.09491     0.20508 (mid-point)
     9.00841     7.94384     9.19495     0.20558   (sampled)
     9.10841     8.01321     9.29509     0.20608 (mid-point)
     9.20841     8.08208     9.39523     0.20657   (sampled)
     9.30841     8.15338     9.49533     0.20705 (mid-point)
     9.40841     8.22447     9.59543     0.20752   (sampled)
     9.50841     8.29644     9.69549     0.20798 (mid-point)
     9.60841     8.36841     9.79555     0.20843   (sampled)
     9.70841     8.44112     9.89559     0.20888 (mid-point)
     9.80841     8.51430     9.99563     0.20932   (sampled)
     9.90841     8.58822    10.09570     0.20975 (mid-point)
    10.00841     8.66211    10.19576     0.21018   (sampled)
    10.10841     8.73662    10.29580     0.21059 (mid-point)
    10.20841     8.81090    10.39584     0.21100   (sampled)
    10.30841     8.88662    10.49591     0.21141 (mid-point)
    10.40841     8.96216    10.59598     0.21180   (sampled)
    10.50841     9.03826    10.69600     0.21219 (mid-point)
    10.60841     9.11419    10.79603     0.21257   (sampled)
    10.70841     9.19143    10.89610     0.21295 (mid-point)
    10.80841     9.26904    10.99617     0.21332   (sampled)
    10.90841     9.34637    11.09621     0.21369 (mid-point)
    11.00841     9.42406    11.19625     0.21404   (sampled)
    11.10841     9.50288    11.29632     0.21440 (mid-point)
    11.20841     9.58156    11.39639     0.21474   (sampled)
    11.30841     9.66126    11.49654     0.21508 (mid-point)
    11.40841     9.74099    11.59670     0.21542   (sampled)
    11.50841     9.82047    11.69676     0.21575 (mid-point)
    11.60841     9.89999    11.79683     0.21608   (sampled)
    11.70841     9.98042    11.89687     0.21639 (mid-point)
    11.80841    10.06115    11.99690     0.21671   (sampled)
    11.90841    10.14248    12.09708     0.21702 (mid-point)
    12.00841    10.22410    12.19725     0.21732   (sampled)
    12.10841    10.30545    12.29731     0.21762 (mid-point)
    12.20841    10.38701    12.39737     0.21792   (sampled)
    12.30841    10.46902    12.49768     0.21821 (mid-point)
    12.40841    10.55106    12.59799     0.21849   (sampled)
    12.50841    10.63323    12.69807     0.21878 (mid-point)
    12.60841    10.71542    12.79814     0.21905   (sampled)
    12.70841    10.79677    12.89816     0.21933 (mid-point)
    12.80841    10.87839    12.99818     0.21959   (sampled)
    12.90841    10.96182    13.09840     0.21986 (mid-point)
    13.00841    11.04525    13.19863     0.22012   (sampled)
    13.10841    11.12783    13.29863     0.22038 (mid-point)
    13.20841    11.21042    13.39863     0.22063   (sampled)
    13.30841    11.29486    13.49951     0.22088 (mid-point)
    13.40841    11.37954    13.60039     0.22113   (sampled)
    13.50841    11.46373    13.70063     0.22137 (mid-point)
    13.60841    11.54798    13.80088     0.22161   (sampled)
    13.70841    11.63312    13.90091     0.22184 (mid-point)
    13.80841    11.71696    14.00093     0.22207   (sampled)
    13.90841    11.80272    14.10123     0.22230 (mid-point)
    14.00841    11.88822    14.20153     0.22253   (sampled)
    14.10841    11.97348    14.30176     0.22275 (mid-point)
    14.20841    12.05894    14.40199     0.22297   (sampled)
    14.30841    12.14496    14.50204     0.22318 (mid-point)
    14.40841    12.23104    14.60209     0.22340   (sampled)
    14.50841    12.31709    14.70234     0.22361 (mid-point)
    14.60841    12.40320    14.80258     0.22381   (sampled)
    14.70841    12.49044    14.90275     0.22402 (mid-point)
    14.80841    12.57671    15.00292     0.22422   (sampled)
    14.90841    12.66368    15.10296     0.22442 (mid-point)
    15.00841    12.75081    15.20300     0.22461   (sampled)
    15.10841    12.83807    15.30315     0.22481 (mid-point)
    15.20841    12.92550    15.40331     0.22500   (sampled)
    15.30841    13.01323    15.50350     0.22519 (mid-point)
    15.40841    13.10090    15.60370     0.22537   (sampled)
    15.50841    13.18801    15.70370     0.22555 (mid-point)
    15.60841    13.27528    15.80370     0.22573   (sampled)
    15.70841    13.36465    15.90437     0.22591 (mid-point)
    15.80841    13.45368    16.00503     0.22609   (sampled)
    15.90841    13.54225    16.10533     0.22626 (mid-point)
    16.00841    13.63048    16.20563     0.22643   (sampled)
    16.10841    13.71942    16.30575     0.22660 (mid-point)
    16.20841    13.80839    16.40587     0.22677   (sampled)
    16.30841    13.89779    16.50596     0.22693 (mid-point)
    16.40841    13.98715    16.60605     0.22710   (sampled)
    16.50841    14.07636    16.70616     0.22726 (mid-point)
    16.60841    14.16569    16.80626     0.22742   (sampled)
    16.70841    14.25558    16.90649     0.22757 (mid-point)
    16.80841    14.34516    17.00672     0.22773   (sampled)
    16.90841    14.43434    17.10672     0.22788 (mid-point)
    17.00841    14.52355    17.20672     0.22803   (sampled)
    17.10841    14.61433    17.30716     0.22818 (mid-point)
    17.20841    14.70522    17.40760     0.22833   (sampled)
    17.30841    14.79485    17.50815     0.22847 (mid-point)
    17.40841    14.88462    17.60869     0.22862   (sampled)
    17.50841    14.97596    17.70876     0.22876 (mid-point)
    17.60841    15.06707    17.80882     0.22890   (sampled)
    17.70841    15.15781    17.90892     0.22904 (mid-point)
    17.80841    15.24866    18.00902     0.22917   (sampled)
    17.90841    15.33964    18.10920     0.22931 (mid-point)
    18.00841    15.43071    18.20938     0.22944   (sampled)
    18.10841    15.52194    18.30952     0.22958 (mid-point)
    18.20841    15.61301    18.40966     0.22971   (sampled)
    18.30841    15.70446    18.50975     0.22984 (mid-point)
    18.40841    15.79550    18.60983     0.22996   (sampled)
    18.50841    15.88749    18.71018     0.23009 (mid-point)
    18.60841    15.97931    18.81053     0.23021   (sampled)
    18.70841    16.07115    18.91059     0.23034 (mid-point)
    18.80841    16.16282    19.01065     0.23046   (sampled)
    18.90841    16.25492    19.11106     0.23058 (mid-point)
    19.00841    16.34614    19.21147     0.23070   (sampled)
    19.10841    16.43847    19.31158     0.23082 (mid-point)
    19.20841    16.53089    19.41169     0.23093   (sampled)
    19.30841    16.62329    19.51179     0.23105 (mid-point)
    19.40841    16.71577    19.61190     0.23116   (sampled)
    19.50841    16.80801    19.71217     0.23127 (mid-point)
    19.60841    16.90021    19.81243     0.23139   (sampled)
    19.70841    16.99273    19.91257     0.23150 (mid-point)
    19.80841    17.08499    20.01271     0.23160   (sampled)
    19.90841    17.17803    20.11316     0.23171 (mid-point)
    20.00841    17.27047    20.21361     0.23182   (sampled)
    20.10841    17.36384    20.31372     0.23193 (mid-point)
    20.20841    17.45684    20.41382     0.23203   (sampled)
    20.30841    17.55007    20.51395     0.23213 (mid-point)
    20.40841    17.64336    20.61408     0.23224   (sampled)
    20.50841    17.73666    20.71419     0.23234 (mid-point)
    20.60841    17.83002    20.81431     0.23244   (sampled)
    20.70841    17.92299    20.91467     0.23254 (mid-point)
    20.80841    18.01603    21.01503     0.23263   (sampled)
    20.90841    18.10988    21.11506     0.23273 (mid-point)
    21.00841    18.20342    21.21509     0.23283   (sampled)
    21.10841    18.29719    21.31544     0.23292 (mid-point)
    21.20841    18.39060    21.41578     0.23302   (sampled)
    21.30841    18.48455    21.51580     0.23311 (mid-point)
    21.40841    18.57801    21.61581     0.23320   (sampled)
    21.50841    18.67171    21.71598     0.23329 (mid-point)
    21.60841    18.76548    21.81614     0.23338   (sampled)
    21.70841    18.85962    21.91660     0.23347 (mid-point)
    21.80841    18.95382    22.01707     0.23356   (sampled)
    21.90841    19.04813    22.11716     0.23365 (mid-point)
    22.00841    19.14243    22.21725     0.23374   (sampled)
    22.10841    19.23601    22.31725     0.23382 (mid-point)
    22.20841    19.32959    22.41725     0.23391   (sampled)
    22.30841    19.42449    22.51825     0.23399 (mid-point)
    22.40841    19.51828    22.61926     0.23407   (sampled)
    22.50841    19.61341    22.71930     0.23416 (mid-point)
    22.60841    19.70735    22.81934     0.23424   (sampled)
    22.70841    19.80190    22.91946     0.23432 (mid-point)
    22.80841    19.89651    23.01958     0.23440   (sampled)
    22.90841    19.99074    23.11958     0.23448 (mid-point)
    23.00841    20.08501    23.21958     0.23456   (sampled)
    23.10841    20.18033    23.32051     0.23464 (mid-point)
    23.20841    20.27534    23.42144     0.23472   (sampled)
    23.30841    20.37016    23.52179     0.23479 (mid-point)
    23.40841    20.46503    23.62213     0.23487   (sampled)
    23.50841    20.56002    23.72217     0.23494 (mid-point)
    23.60841    20.65504    23.82222     0.23502   (sampled)
    23.70841    20.75020    23.92245     0.23509 (mid-point)
    23.80841    20.84506    24.02268     0.23517   (sampled)
    23.90841    20.94028    24.12276     0.23524 (mid-point)
    24.00841    21.03537    24.22284     0.23531   (sampled)
    24.10841    21.13073    24.32302     0.23538 (mid-point)
    24.20841    21.22596    24.42321     0.23545   (sampled)
    24.30841    21.32069    24.52382     0.23552 (mid-point)
    24.40841    21.41542    24.62443     0.23559   (sampled)
    24.50841    21.51118    24.72450     0.23566 (mid-point)
    24.60841    21.60692    24.82457     0.23573   (sampled)
    24.70841    21.70232    24.92468     0.23580 (mid-point)
    24.80841    21.79697    25.02478     0.23586   (sampled)
    24.90841    21.89271    25.12500     0.23593 (mid-point)
    25.00841    21.98842    25.22522     0.23599   (sampled)

 Minimum radius found:      5.036 angstroms.



 For spherical probe approach, The geometric factor
         F= sum(ds/area) along channel is    0.236 angstroms**-1
 This yields a macroscopic predicted molar conductance of:
   (1/rho)*(100/F)= (420/rho) pS,
   where rho is the conductivity of 1M permeant ion in ohm m.
 N.B. this is a macroscopic conductance - an overestimate 
 Empirically corrected conductances currently only available
 With the CAPSULE option (although its not that stable!)
 For 1M KCl rho= 1/12 (ohm m), So Gmacro= 5100 pS/M.
  (TAG      1   Rmin=     5.03635   Gmacro=  5084.85968 Conn_Gmacro=    -1.00000 ).
 HOLE: normal completion
