 *** Program HOLE ***
 
 If results of this run are reported or published, please
 cite the publication listed below.
 For the HOLE program:
   Smart, O.S., Goodfellow, J.M., Wallace, B.A. (1993). 
   The pore dimensions of gramicidin A. 
   Biophys. J., 65, 2455-2460.
 
 Originally written by Oliver Smart at Birkbeck College from April 1992.
 Copyright 1993-2005 Oliver Smart
 Copyright 2014-2015 SmartSci Limited.
 Copyright 2016 Oliver Smart.
 
 For help on HOLE suite see  http://www.holeprogram.org/
 
 HOLE release 2.2.005 (07 August 2016) 
 
 usage subject to Apache License, Version 2.0 
 see http://www.apache.org/licenses/LICENSE-2.0 

 Control variables read:

! Input file for Oliver Smart's HOLE program
! written by MDAnalysis.analysis.hole2.HoleAnalysis
! for a Universe
! u = mda.Universe(/afs/crc.nd.edu/user/m/mfarshad/Private/ML-new/traj/host-new+
!    /afs/crc.nd.edu/user/m/mfarshad/Private/ML-new/traj/host-new+urea+AMTA+cage
!   )
! Frame 74

COORD  /tmp/2550310.1.long/tmphremfz48.pdb
RADIUS simple2.rad
SPHPDB hole074.sph
SAMPLE 0.200000
ENDRAD 22.000000
IGNORE SOL WAT TIP HOH K   NA  CL
SHORTO 0
RASEED 31415
CPOINT 40.8593251097 39.0442552380 39.5705839232


 WARNING have not found a CVECT record - will try to guess
 Input pdb filename read as:    '/tmp/2550310.1.long/tmphremfz48.pdb'
 Input vdW radius file read as: 'simple2.rad'
 point in channel:   40.859  39.044  39.571
 channel vector:   ************************
 sampling distance between planes:    0.200

 graphics conditions:
 binary plot output file name: NONE
 Dot density:    10
 Draw dots?           T
 Draw close contacts? F
 Draw centre line?    T
 Produce spikes rather than dots? F
 Seed for random number generator:     31415 (0 means value set by program)
 Radius above which a result is regarded as an 'end':  22.000
 Pdb format file for sphere centres: hole074.sph

 Monte Carlo conditions:
  no of steps:  1000
  maximum displacement   0.100 angs
  'kT' initial   0.100 angs
 The spherebox and capsule options are turned off.
 (No molqpt card so will not write qpt file of the molecule)
 IGNORE card read so will ignore residue types: SOL WAT TIP HOH K   NA  CL
 no SHORTO card read so will produce full textual output
 As no PEGRAT card was found will not produce PEG polymer exclusion graph
 (No 2DMAPS card specified so will not produce 2D property maps)
 Have not found a CUT card.  Normal calculation using
   Cutoff lists with a cutsize=       1.000
   (if you wish to turn off option use a CUT -1 card)

 Have read     7 bond radius records and
              16 vdW radius records.
 From file: simple2.rad

 Have read   204 atom records.
 From file: /tmp/2550310.1.long/tmphremfz48.pdb
 Will not produce graphical output

 Have opened file for pdb format output of sphere centres:  hole074.sph

  Seed integer used by ran # generator on this run      31415

 
 S/R cguess will try to guess CPOINT and/or CVECT
 
 THESE GUESSES MAY WELL BE WRONG!!!!
 Routine relies on having a reasonably symmetric
 channel oriented along x, y or z vector
 YOU ARE STRONGLY ADVISED TO CHECK THE RESULTS
                       WITH MOLECULAR GRAPHICS
 testing points from cpoint in X, Y then Z direction
   point                   pore radius
direction     1
  35.859  39.044  39.571     0.859
  36.859  39.044  39.571     1.350
  37.859  39.044  39.571     1.545
  38.859  39.044  39.571     1.989
  39.859  39.044  39.571     2.394
  40.859  39.044  39.571     2.260
  41.859  39.044  39.571     1.344
  42.859  39.044  39.571     0.494
  43.859  39.044  39.571    -0.194
  44.859  39.044  39.571    -0.484
  45.859  39.044  39.571    -0.173
 Average pore radius along the line=      1.035
direction     2
  40.859  34.044  39.571     3.095
  40.859  35.044  39.571     2.765
  40.859  36.044  39.571     2.488
  40.859  37.044  39.571     2.180
  40.859  38.044  39.571     2.100
  40.859  39.044  39.571     2.260
  40.859  40.044  39.571     2.381
  40.859  41.044  39.571     2.726
  40.859  42.044  39.571     3.059
  40.859  43.044  39.571     3.118
  40.859  44.044  39.571     3.379
 Average pore radius along the line=      2.686
direction     3
  40.859  39.044  34.571     0.126
  40.859  39.044  35.571     0.396
  40.859  39.044  36.571     0.760
  40.859  39.044  37.571     1.125
  40.859  39.044  38.571     1.740
  40.859  39.044  39.571     2.260
  40.859  39.044  40.571     1.753
  40.859  39.044  41.571     1.208
  40.859  39.044  42.571     0.647
  40.859  39.044  43.571     0.391
  40.859  39.044  44.571     0.325
 Average pore radius along the line=      0.975
 Best direction is found to be     2
(1=X,2=Y,3=Z)
 s/r cguess has produced initial values for cpoint &/or cvect:
CPOINT      40.8593     39.0443     39.5706
CVECT        0.0000      1.0000      0.0000
 THESE GUESSES MAY WELL BE WRONG!!!!
 Routine relies on having a reasonably symmetric
 channel oriented along x, y or z vector
 YOU ARE STRONGLY ADVISED TO CHECK THE RESULTS
                       WITH MOLECULAR GRAPHICS
 
 
  Some routines (e.g. conn) need vectors normal to cvect: 
     EAST Zero degrees angle is along vector    1.000   0.000   0.000
     NORTH  90 degrees angle is along vector    0.000   0.000   1.000
 highest radius point found:
  at point   38.791  39.044  38.136
  closest atom surface    3.214   S   URE X    1
  2nd closest surface     3.216   S9  URE X    1
  found on step  926
  this is also current point
  no. of rejections          396
 stored as     0

 highest radius point found:
  at point   38.735  39.244  38.123
  closest atom surface    3.226   S9  URE X    1
  2nd closest surface     3.226   C12 URE X    1
  found on step  951
  this is also current point
  no. of rejections          406
 stored as     1

 highest radius point found:
  at point   38.614  39.444  38.111
  closest atom surface    3.219   S9  URE X    1
  2nd closest surface     3.223   C12 URE X    1
  found on step  416
 current point:
  at point   38.640  39.444  38.123
  closest atom surface    3.218   S9  URE X    1
  2nd closest surface     3.218   C12 URE X    1
  found on step  977
  no. of rejections          411
 stored as     2

 highest radius point found:
  at point   38.689  39.644  38.203
  closest atom surface    3.200   S9  URE X    1
  2nd closest surface     3.200   C9  URE X    1
  found on step  947
  this is also current point
  no. of rejections          374
 stored as     3

 highest radius point found:
  at point   38.773  39.844  38.301
  closest atom surface    3.189   S9  URE X    1
  2nd closest surface     3.190   C12 URE X    1
  found on step  982
  this is also current point
  no. of rejections          369
 stored as     4

 highest radius point found:
  at point   38.853  40.044  38.396
  closest atom surface    3.190   S9  URE X    1
  2nd closest surface     3.191   C12 URE X    1
  found on step  397
 current point:
  at point   38.865  40.044  38.402
  closest atom surface    3.190   C12 URE X    1
  2nd closest surface     3.190   S9  URE X    1
  found on step  898
  no. of rejections          392
 stored as     5

 highest radius point found:
  at point   38.944  40.244  38.498
  closest atom surface    3.201   S9  URE X    1
  2nd closest surface     3.202   C12 URE X    1
  found on step  977
  this is also current point
  no. of rejections          383
 stored as     6

 highest radius point found:
  at point   39.020  40.444  38.589
  closest atom surface    3.219   O3  URE X    1
  2nd closest surface     3.223   C12 URE X    1
  found on step  498
 current point:
  at point   38.792  40.444  38.533
  closest atom surface    3.174   S9  URE X    1
  2nd closest surface     3.186   C9  URE X    1
  found on step  999
  no. of rejections          388
 stored as     7

 highest radius point found:
  at point   39.005  40.644  38.662
  closest atom surface    3.234   S9  URE X    1
  2nd closest surface     3.234   O3  URE X    1
  found on step  947
  this is also current point
  no. of rejections          372
 stored as     8

 highest radius point found:
  at point   39.032  40.844  38.757
  closest atom surface    3.252   S9  URE X    1
  2nd closest surface     3.252   O3  URE X    1
  found on step  827
 current point:
  at point   39.113  40.844  38.809
  closest atom surface    3.248   S9  URE X    1
  2nd closest surface     3.248   O3  URE X    1
  found on step  994
  no. of rejections          377
 stored as     9

 highest radius point found:
  at point   38.980  41.044  38.802
  closest atom surface    3.283   S9  URE X    1
  2nd closest surface     3.284   O3  URE X    1
  found on step  633
 current point:
  at point   39.033  41.044  38.837
  closest atom surface    3.279   S9  URE X    1
  2nd closest surface     3.283   O3  URE X    1
  found on step 1000
  no. of rejections          369
 stored as    10

 highest radius point found:
  at point   39.386  41.244  39.138
  closest atom surface    3.321   S9  URE X    1
  2nd closest surface     3.324   O3  URE X    1
  found on step  653
 current point:
  at point   39.176  41.244  39.003
  closest atom surface    3.316   S9  URE X    1
  2nd closest surface     3.316   O3  URE X    1
  found on step  957
  no. of rejections          375
 stored as    11

 highest radius point found:
  at point   39.737  41.444  39.435
  closest atom surface    3.412   O3  URE X    1
  2nd closest surface     3.412   S9  URE X    1
  found on step  985
  this is also current point
  no. of rejections          375
 stored as    12

 highest radius point found:
  at point   39.732  41.644  39.509
  closest atom surface    3.471   S9  URE X    1
  2nd closest surface     3.472   S8  URE X    1
  found on step  946
  this is also current point
  no. of rejections          377
 stored as    13

 highest radius point found:
  at point   39.834  41.844  39.620
  closest atom surface    3.534   O3  URE X    1
  2nd closest surface     3.534   S8  URE X    1
  found on step  860
 current point:
  at point   39.867  41.844  39.632
  closest atom surface    3.532   O3  URE X    1
  2nd closest surface     3.533   S8  URE X    1
  found on step  970
  no. of rejections          362
 stored as    14

 highest radius point found:
  at point   39.812  42.044  39.630
  closest atom surface    3.559   O3  URE X    1
  2nd closest surface     3.560   O6  URE X    1
  found on step  954
  this is also current point
  no. of rejections          409
 stored as    15

 highest radius point found:
  at point   39.751  42.244  39.616
  closest atom surface    3.584   H48 URE X    1
  2nd closest surface     3.584   O3  URE X    1
  found on step  975
  this is also current point
  no. of rejections          392
 stored as    16

 highest radius point found:
  at point   39.729  42.444  39.619
  closest atom surface    3.617   O3  URE X    1
  2nd closest surface     3.618   O6  URE X    1
  found on step  142
 current point:
  at point   39.397  42.444  39.408
  closest atom surface    3.572   O3  URE X    1
  2nd closest surface     3.573   H48 URE X    1
  found on step  971
  no. of rejections          405
 stored as    17

 highest radius point found:
  at point   39.643  42.644  39.591
  closest atom surface    3.655   H48 URE X    1
  2nd closest surface     3.656   O3  URE X    1
  found on step   63
 current point:
  at point   39.372  42.644  39.413
  closest atom surface    3.618   O3  URE X    1
  2nd closest surface     3.621   H48 URE X    1
  found on step  997
  no. of rejections          432
 stored as    18

 highest radius point found:
  at point   39.636  42.844  39.607
  closest atom surface    3.710   O3  URE X    1
  2nd closest surface     3.712   H48 URE X    1
  found on step  702
 current point:
  at point   39.629  42.844  39.603
  closest atom surface    3.709   O3  URE X    1
  2nd closest surface     3.711   H48 URE X    1
  found on step  899
  no. of rejections          397
 stored as    19

 highest radius point found:
  at point   39.591  43.044  39.602
  closest atom surface    3.768   O3  URE X    1
  2nd closest surface     3.769   H48 URE X    1
  found on step  616
 current point:
  at point   39.569  43.044  39.590
  closest atom surface    3.765   H48 URE X    1
  2nd closest surface     3.766   O3  URE X    1
  found on step  975
  no. of rejections          406
 stored as    20

 highest radius point found:
  at point   39.547  43.244  39.598
  closest atom surface    3.833   O6  URE X    1
  2nd closest surface     3.833   O3  URE X    1
  found on step  592
 current point:
  at point   39.538  43.244  39.591
  closest atom surface    3.831   O3  URE X    1
  2nd closest surface     3.833   H48 URE X    1
  found on step  988
  no. of rejections          376
 stored as    21

 highest radius point found:
  at point   39.500  43.444  39.592
  closest atom surface    3.905   O3  URE X    1
  2nd closest surface     3.906   H48 URE X    1
  found on step  544
 current point:
  at point   39.495  43.444  39.590
  closest atom surface    3.905   H48 URE X    1
  2nd closest surface     3.905   O3  URE X    1
  found on step  988
  no. of rejections          403
 stored as    22

 highest radius point found:
  at point   39.453  43.644  39.640
  closest atom surface    3.945   O6  URE X    1
  2nd closest surface     3.945   O16 URE X    1
  found on step  335
 current point:
  at point   39.449  43.644  39.641
  closest atom surface    3.945   O16 URE X    1
  2nd closest surface     3.947   O6  URE X    1
  found on step  947
  no. of rejections          373
 stored as    23

 highest radius point found:
  at point   39.398  43.844  39.709
  closest atom surface    3.981   O16 URE X    1
  2nd closest surface     3.982   O6  URE X    1
  found on step  959
  this is also current point
  no. of rejections          356
 stored as    24

 highest radius point found:
  at point   39.345  44.044  39.778
  closest atom surface    4.025   O16 URE X    1
  2nd closest surface     4.026   O6  URE X    1
  found on step  936
  this is also current point
  no. of rejections          385
 stored as    25

 highest radius point found:
  at point   39.284  44.244  39.852
  closest atom surface    4.079   O6  URE X    1
  2nd closest surface     4.079   H48 URE X    1
  found on step  843
 current point:
  at point   39.293  44.244  39.846
  closest atom surface    4.077   O6  URE X    1
  2nd closest surface     4.077   O16 URE X    1
  found on step  883
  no. of rejections          381
 stored as    26

 highest radius point found:
  at point   39.236  44.444  39.920
  closest atom surface    4.136   O6  URE X    1
  2nd closest surface     4.140   O16 URE X    1
  found on step   14
 current point:
  at point   39.245  44.444  39.924
  closest atom surface    4.128   O6  URE X    1
  2nd closest surface     4.147   H48 URE X    1
  found on step  963
  no. of rejections          381
 stored as    27

 highest radius point found:
  at point   39.249  44.644  39.947
  closest atom surface    4.188   O6  URE X    1
  2nd closest surface     4.189   O16 URE X    1
  found on step  959
  this is also current point
  no. of rejections          384
 stored as    28

 highest radius point found:
  at point   39.254  44.844  39.980
  closest atom surface    4.247   O16 URE X    1
  2nd closest surface     4.248   O6  URE X    1
  found on step 1000
  this is also current point
  no. of rejections          348
 stored as    29

 highest radius point found:
  at point   39.258  45.044  40.015
  closest atom surface    4.311   O22 URE X    1
  2nd closest surface     4.312   O16 URE X    1
  found on step  896
  this is also current point
  no. of rejections          386
 stored as    30

 highest radius point found:
  at point   39.274  45.244  40.043
  closest atom surface    4.381   O16 URE X    1
  2nd closest surface     4.382   O6  URE X    1
  found on step  994
  this is also current point
  no. of rejections          392
 stored as    31

 highest radius point found:
  at point   39.279  45.444  40.076
  closest atom surface    4.458   O16 URE X    1
  2nd closest surface     4.459   O22 URE X    1
  found on step  967
  this is also current point
  no. of rejections          374
 stored as    32

 highest radius point found:
  at point   39.304  45.644  40.101
  closest atom surface    4.537   O6  URE X    1
  2nd closest surface     4.538   O16 URE X    1
  found on step  990
  this is also current point
  no. of rejections          351
 stored as    33

 highest radius point found:
  at point   39.298  45.844  40.143
  closest atom surface    4.627   O22 URE X    1
  2nd closest surface     4.628   O6  URE X    1
  found on step  396
 current point:
  at point   39.299  45.844  40.143
  closest atom surface    4.627   O6  URE X    1
  2nd closest surface     4.628   O22 URE X    1
  found on step  942
  no. of rejections          381
 stored as    34

 highest radius point found:
  at point   39.307  46.044  40.172
  closest atom surface    4.720   O16 URE X    1
  2nd closest surface     4.720   O22 URE X    1
  found on step  185
 current point:
  at point   39.326  46.044  40.163
  closest atom surface    4.717   O6  URE X    1
  2nd closest surface     4.717   O16 URE X    1
  found on step  976
  no. of rejections          347
 stored as    35

 highest radius point found:
  at point   39.325  46.244  40.200
  closest atom surface    4.817   O16 URE X    1
  2nd closest surface     4.818   O6  URE X    1
  found on step  994
  this is also current point
  no. of rejections          348
 stored as    36

 highest radius point found:
  at point   39.328  46.444  40.236
  closest atom surface    4.921   O22 URE X    1
  2nd closest surface     4.921   O16 URE X    1
  found on step  982
  this is also current point
  no. of rejections          386
 stored as    37

 highest radius point found:
  at point   39.330  46.644  40.266
  closest atom surface    5.022   O22 URE X    1
  2nd closest surface     5.025   O16 URE X    1
  found on step   76
 current point:
  at point   39.600  46.644  40.113
  closest atom surface    4.974   O6  URE X    1
  2nd closest surface     4.975   O16 URE X    1
  found on step  993
  no. of rejections          338
 stored as    38

 highest radius point found:
  at point   39.349  46.844  40.298
  closest atom surface    5.139   O16 URE X    1
  2nd closest surface     5.139   O6  URE X    1
  found on step  961
  this is also current point
  no. of rejections          372
 stored as    39

 highest radius point found:
  at point   39.357  47.044  40.329
  closest atom surface    5.254   O16 URE X    1
  2nd closest surface     5.255   O22 URE X    1
  found on step  849
 current point:
  at point   39.360  47.044  40.328
  closest atom surface    5.253   O16 URE X    1
  2nd closest surface     5.255   O6  URE X    1
  found on step  972
  no. of rejections          374
 stored as    40

 highest radius point found:
  at point   39.369  47.244  40.366
  closest atom surface    5.372   O6  URE X    1
  2nd closest surface     5.375   O22 URE X    1
  found on step  718
 current point:
  at point   39.388  47.244  40.352
  closest atom surface    5.370   O6  URE X    1
  2nd closest surface     5.371   O16 URE X    1
  found on step  997
  no. of rejections          343
 stored as    41

 highest radius point found:
  at point   39.378  47.444  40.393
  closest atom surface    5.497   O16 URE X    1
  2nd closest surface     5.498   O6  URE X    1
  found on step  782
 current point:
  at point   39.381  47.444  40.391
  closest atom surface    5.497   O16 URE X    1
  2nd closest surface     5.497   O6  URE X    1
  found on step  892
  no. of rejections          348
 stored as    42

 highest radius point found:
  at point   39.394  47.644  40.422
  closest atom surface    5.623   O6  URE X    1
  2nd closest surface     5.624   O16 URE X    1
  found on step  954
  this is also current point
  no. of rejections          346
 stored as    43

 highest radius point found:
  at point   39.395  47.844  40.458
  closest atom surface    5.754   O22 URE X    1
  2nd closest surface     5.755   O6  URE X    1
  found on step  754
 current point:
  at point   39.413  47.844  40.449
  closest atom surface    5.751   O6  URE X    1
  2nd closest surface     5.753   O16 URE X    1
  found on step  972
  no. of rejections          355
 stored as    44

 highest radius point found:
  at point   39.413  48.044  40.485
  closest atom surface    5.887   O6  URE X    1
  2nd closest surface     5.888   O16 URE X    1
  found on step  973
  this is also current point
  no. of rejections          342
 stored as    45

 highest radius point found:
  at point   39.421  48.244  40.518
  closest atom surface    6.024   O6  URE X    1
  2nd closest surface     6.025   O16 URE X    1
  found on step  957
  this is also current point
  no. of rejections          358
 stored as    46

 highest radius point found:
  at point   39.429  48.444  40.549
  closest atom surface    6.163   O16 URE X    1
  2nd closest surface     6.164   O6  URE X    1
  found on step  976
  this is also current point
  no. of rejections          324
 stored as    47

 highest radius point found:
  at point   39.437  48.644  40.582
  closest atom surface    6.306   O6  URE X    1
  2nd closest surface     6.306   O16 URE X    1
  found on step  956
  this is also current point
  no. of rejections          345
 stored as    48

 highest radius point found:
  at point   39.446  48.844  40.617
  closest atom surface    6.450   O6  URE X    1
  2nd closest surface     6.451   O22 URE X    1
  found on step  955
  this is also current point
  no. of rejections          311
 stored as    49

 highest radius point found:
  at point   39.458  49.044  40.645
  closest atom surface    6.597   O6  URE X    1
  2nd closest surface     6.598   O16 URE X    1
  found on step  977
  this is also current point
  no. of rejections          310
 stored as    50

 highest radius point found:
  at point   39.470  49.244  40.686
  closest atom surface    6.743   O6  URE X    1
  2nd closest surface     6.749   O22 URE X    1
  found on step   10
 current point:
  at point   41.440  49.244  39.518
  closest atom surface    6.669   O6  URE X    1
  2nd closest surface     6.672   O16 URE X    1
  found on step  988
  no. of rejections          280
 stored as    51

 highest radius point found:
  at point   39.474  49.444  40.711
  closest atom surface    6.898   O6  URE X    1
  2nd closest surface     6.899   O22 URE X    1
  found on step  856
 current point:
  at point   39.472  49.444  40.711
  closest atom surface    6.897   O22 URE X    1
  2nd closest surface     6.900   O6  URE X    1
  found on step  887
  no. of rejections          317
 stored as    52

 highest radius point found:
  at point   39.485  49.644  40.741
  closest atom surface    7.053   O6  URE X    1
  2nd closest surface     7.053   O22 URE X    1
  found on step  774
 current point:
  at point   39.484  49.644  40.747
  closest atom surface    7.051   O6  URE X    1
  2nd closest surface     7.051   O22 URE X    1
  found on step  990
  no. of rejections          325
 stored as    53

 highest radius point found:
  at point   39.496  49.844  40.777
  closest atom surface    7.206   O6  URE X    1
  2nd closest surface     7.209   O22 URE X    1
  found on step  797
 current point:
  at point   39.491  49.844  40.770
  closest atom surface    7.206   O16 URE X    1
  2nd closest surface     7.207   O22 URE X    1
  found on step  934
  no. of rejections          313
 stored as    54

 highest radius point found:
  at point   39.514  50.044  40.798
  closest atom surface    7.364   O6  URE X    1
  2nd closest surface     7.364   O16 URE X    1
  found on step  471
 current point:
  at point   39.512  50.044  40.801
  closest atom surface    7.364   O6  URE X    1
  2nd closest surface     7.366   O16 URE X    1
  found on step  929
  no. of rejections          334
 stored as    55

 highest radius point found:
  at point   39.515  50.244  40.835
  closest atom surface    7.525   O6  URE X    1
  2nd closest surface     7.526   O16 URE X    1
  found on step  983
  this is also current point
  no. of rejections          314
 stored as    56

 highest radius point found:
  at point   39.525  50.444  40.866
  closest atom surface    7.686   O16 URE X    1
  2nd closest surface     7.686   O6  URE X    1
  found on step  980
  this is also current point
  no. of rejections          294
 stored as    57

 highest radius point found:
  at point   39.535  50.644  40.897
  closest atom surface    7.848   O16 URE X    1
  2nd closest surface     7.849   O6  URE X    1
  found on step  936
  this is also current point
  no. of rejections          279
 stored as    58

 highest radius point found:
  at point   39.544  50.844  40.929
  closest atom surface    8.012   O16 URE X    1
  2nd closest surface     8.013   O6  URE X    1
  found on step  967
  this is also current point
  no. of rejections          296
 stored as    59

 highest radius point found:
  at point   39.552  51.044  40.966
  closest atom surface    8.177   O22 URE X    1
  2nd closest surface     8.178   O6  URE X    1
  found on step  975
  this is also current point
  no. of rejections          283
 stored as    60

 highest radius point found:
  at point   39.561  51.244  40.993
  closest atom surface    8.344   O22 URE X    1
  2nd closest surface     8.345   O16 URE X    1
  found on step  987
  this is also current point
  no. of rejections          283
 stored as    61

 highest radius point found:
  at point   39.577  51.444  41.022
  closest atom surface    8.513   O16 URE X    1
  2nd closest surface     8.513   O6  URE X    1
  found on step  945
  this is also current point
  no. of rejections          315
 stored as    62

 highest radius point found:
  at point   39.593  51.644  41.050
  closest atom surface    8.681   O6  URE X    1
  2nd closest surface     8.681   O16 URE X    1
  found on step  951
  this is also current point
  no. of rejections          271
 stored as    63

 highest radius point found:
  at point   39.594  51.844  41.086
  closest atom surface    8.852   O16 URE X    1
  2nd closest surface     8.854   O6  URE X    1
  found on step  906
  this is also current point
  no. of rejections          270
 stored as    64

 highest radius point found:
  at point   39.604  52.044  41.121
  closest atom surface    9.024   O6  URE X    1
  2nd closest surface     9.026   O22 URE X    1
  found on step  949
  this is also current point
  no. of rejections          284
 stored as    65

 highest radius point found:
  at point   39.623  52.244  41.145
  closest atom surface    9.196   O6  URE X    1
  2nd closest surface     9.197   O16 URE X    1
  found on step  946
  this is also current point
  no. of rejections          275
 stored as    66

 highest radius point found:
  at point   39.621  52.444  41.184
  closest atom surface    9.372   O22 URE X    1
  2nd closest surface     9.372   O6  URE X    1
  found on step  954
  this is also current point
  no. of rejections          273
 stored as    67

 highest radius point found:
  at point   39.634  52.644  41.218
  closest atom surface    9.545   O6  URE X    1
  2nd closest surface     9.548   O22 URE X    1
  found on step  988
  this is also current point
  no. of rejections          280
 stored as    68

 highest radius point found:
  at point   39.646  52.844  41.245
  closest atom surface    9.721   O6  URE X    1
  2nd closest surface     9.723   O16 URE X    1
  found on step  986
  this is also current point
  no. of rejections          285
 stored as    69

 highest radius point found:
  at point   39.662  53.044  41.271
  closest atom surface    9.897   O16 URE X    1
  2nd closest surface     9.897   O6  URE X    1
  found on step  942
  this is also current point
  no. of rejections          276
 stored as    70

 highest radius point found:
  at point   39.677  53.244  41.306
  closest atom surface   10.073   O6  URE X    1
  2nd closest surface    10.073   H65 URE X    1
  found on step  784
 current point:
  at point   39.677  53.244  41.311
  closest atom surface   10.072   O6  URE X    1
  2nd closest surface    10.073   H65 URE X    1
  found on step  988
  no. of rejections          274
 stored as    71

 highest radius point found:
  at point   39.694  53.444  41.325
  closest atom surface   10.250   H65 URE X    1
  2nd closest surface    10.250   O16 URE X    1
  found on step  970
  this is also current point
  no. of rejections          258
 stored as    72

 highest radius point found:
  at point   39.714  53.644  41.354
  closest atom surface   10.429   O6  URE X    1
  2nd closest surface    10.429   H65 URE X    1
  found on step  894
  this is also current point
  no. of rejections          276
 stored as    73

 highest radius point found:
  at point   39.727  53.844  41.417
  closest atom surface   10.601   H65 URE X    1
  2nd closest surface    10.601   O6  URE X    1
  found on step  984
  this is also current point
  no. of rejections          268
 stored as    74

 highest radius point found:
  at point   39.743  54.044  41.482
  closest atom surface   10.774   O6  URE X    1
  2nd closest surface    10.775   H62 URE X    1
  found on step  977
  this is also current point
  no. of rejections          259
 stored as    75

 highest radius point found:
  at point   39.762  54.244  41.547
  closest atom surface   10.947   O6  URE X    1
  2nd closest surface    10.950   H62 URE X    1
  found on step  971
  this is also current point
  no. of rejections          274
 stored as    76

 highest radius point found:
  at point   39.767  54.444  41.628
  closest atom surface   11.123   O6  URE X    1
  2nd closest surface    11.123   H65 URE X    1
  found on step  175
 current point:
  at point   39.691  54.444  42.338
  closest atom surface   11.041   O6  URE X    1
  2nd closest surface    11.047   H65 URE X    1
  found on step  999
  no. of rejections          236
 stored as    77

 highest radius point found:
  at point   39.781  54.644  41.683
  closest atom surface   11.300   H62 URE X    1
  2nd closest surface    11.301   O6  URE X    1
  found on step  983
  this is also current point
  no. of rejections          248
 stored as    78

 highest radius point found:
  at point   39.797  54.844  41.751
  closest atom surface   11.478   O6  URE X    1
  2nd closest surface    11.479   H62 URE X    1
  found on step  958
  this is also current point
  no. of rejections          262
 stored as    79

 highest radius point found:
  at point   39.809  55.044  41.823
  closest atom surface   11.656   O6  URE X    1
  2nd closest surface    11.657   H65 URE X    1
  found on step   15
 current point:
  at point   39.807  55.044  41.828
  closest atom surface   11.656   O6  URE X    1
  2nd closest surface    11.656   H65 URE X    1
  found on step  988
  no. of rejections          228
 stored as    80

 highest radius point found:
  at point   39.824  55.244  41.884
  closest atom surface   11.836   O6  URE X    1
  2nd closest surface    11.837   H62 URE X    1
  found on step  989
  this is also current point
  no. of rejections          250
 stored as    81

 highest radius point found:
  at point   39.859  55.444  41.937
  closest atom surface   12.013   O6  URE X    1
  2nd closest surface    12.015   H62 URE X    1
  found on step  569
 current point:
  at point   39.836  55.444  42.013
  closest atom surface   12.008   O6  URE X    1
  2nd closest surface    12.015   H65 URE X    1
  found on step  991
  no. of rejections          259
 stored as    82

 highest radius point found:
  at point   39.845  55.644  42.027
  closest atom surface   12.198   H65 URE X    1
  2nd closest surface    12.198   O6  URE X    1
  found on step  928
  this is also current point
  no. of rejections          258
 stored as    83

 highest radius point found:
  at point   39.859  55.844  42.093
  closest atom surface   12.380   O6  URE X    1
  2nd closest surface    12.380   H65 URE X    1
  found on step  909
  this is also current point
  no. of rejections          279
 stored as    84

 highest radius point found:
  at point   39.871  56.044  42.160
  closest atom surface   12.563   H65 URE X    1
  2nd closest surface    12.563   O6  URE X    1
  found on step  931
  this is also current point
  no. of rejections          252
 stored as    85

 highest radius point found:
  at point   39.886  56.244  42.232
  closest atom surface   12.746   O6  URE X    1
  2nd closest surface    12.748   H65 URE X    1
  found on step  119
 current point:
  at point   39.882  56.244  42.243
  closest atom surface   12.746   H65 URE X    1
  2nd closest surface    12.746   O6  URE X    1
  found on step  998
  no. of rejections          231
 stored as    86

 highest radius point found:
  at point   39.895  56.444  42.288
  closest atom surface   12.931   H62 URE X    1
  2nd closest surface    12.931   H65 URE X    1
  found on step  263
 current point:
  at point   39.800  56.444  43.077
  closest atom surface   12.893   H65 URE X    1
  2nd closest surface    12.893   O6  URE X    1
  found on step  998
  no. of rejections          234
 stored as    87

 highest radius point found:
  at point   39.915  56.644  42.362
  closest atom surface   13.116   O6  URE X    1
  2nd closest surface    13.120   H65 URE X    1
  found on step  993
  this is also current point
  no. of rejections          225
 stored as    88

 highest radius point found:
  at point   39.923  56.844  42.421
  closest atom surface   13.303   H62 URE X    1
  2nd closest surface    13.303   O6  URE X    1
  found on step  983
  this is also current point
  no. of rejections          244
 stored as    89

 highest radius point found:
  at point   39.936  57.044  42.496
  closest atom surface   13.489   O6  URE X    1
  2nd closest surface    13.490   H65 URE X    1
  found on step  876
 current point:
  at point   39.936  57.044  42.502
  closest atom surface   13.489   O6  URE X    1
  2nd closest surface    13.490   H65 URE X    1
  found on step  935
  no. of rejections          252
 stored as    90

 highest radius point found:
  at point   39.720  57.244  44.459
  closest atom surface   13.689   O6  URE X    1
  2nd closest surface    13.691   O23 URE X    1
  found on step  966
  this is also current point
  no. of rejections          213
 stored as    91

 highest radius point found:
  at point   40.093  57.444  50.026
  closest atom surface   15.010   O6  URE X    1
  2nd closest surface    15.040   O23 URE X    1
  found on step 1000
  this is also current point
  no. of rejections          176
 stored as    92

 highest radius point found:
  at point   38.481  57.644  55.764
  closest atom surface   17.580   O11 URE X    1
  2nd closest surface    17.584   O23 URE X    1
  found on step 1000
  this is also current point
  no. of rejections          224
 stored as    93

 highest radius point found:
  at point   35.825  57.844  62.763
  closest atom surface   22.321   O11 URE X    1
  2nd closest surface    22.322   O23 URE X    1
  found on step  995
  this is also current point
  no. of rejections          240
 This is an end! (radius above  22.0 angs)
 highest radius point found:
  at point   38.839  38.844  38.164
  closest atom surface    3.196   S9  URE X    1
  2nd closest surface     3.197   C14 URE X    1
  found on step  984
  this is also current point
  no. of rejections          387
 stored as    -1

 highest radius point found:
  at point   38.877  38.644  38.187
  closest atom surface    3.186   S9  URE X    1
  2nd closest surface     3.186   S   URE X    1
  found on step  984
  this is also current point
  no. of rejections          384
 stored as    -2

 highest radius point found:
  at point   38.918  38.444  38.212
  closest atom surface    3.182   S   URE X    1
  2nd closest surface     3.182   C14 URE X    1
  found on step  962
  this is also current point
  no. of rejections          384
 stored as    -3

 highest radius point found:
  at point   38.977  38.244  38.256
  closest atom surface    3.178   O21 URE X    1
  2nd closest surface     3.178   C14 URE X    1
  found on step  799
 current point:
  at point   38.977  38.244  38.254
  closest atom surface    3.177   C14 URE X    1
  2nd closest surface     3.179   O21 URE X    1
  found on step  953
  no. of rejections          409
 stored as    -4

 highest radius point found:
  at point   39.079  38.044  38.345
  closest atom surface    3.163   O21 URE X    1
  2nd closest surface     3.164   S9  URE X    1
  found on step  991
  this is also current point
  no. of rejections          395
 stored as    -5

 highest radius point found:
  at point   39.184  37.844  38.433
  closest atom surface    3.163   S9  URE X    1
  2nd closest surface     3.163   O21 URE X    1
  found on step  951
  this is also current point
  no. of rejections          385
 stored as    -6

 highest radius point found:
  at point   39.286  37.644  38.520
  closest atom surface    3.172   S9  URE X    1
  2nd closest surface     3.173   O21 URE X    1
  found on step  794
 current point:
  at point   39.286  37.644  38.517
  closest atom surface    3.172   C14 URE X    1
  2nd closest surface     3.173   O21 URE X    1
  found on step  987
  no. of rejections          400
 stored as    -7

 highest radius point found:
  at point   39.386  37.444  38.600
  closest atom surface    3.193   O21 URE X    1
  2nd closest surface     3.193   C14 URE X    1
  found on step  507
 current point:
  at point   39.224  37.444  38.107
  closest atom surface    3.100   C14 URE X    1
  2nd closest surface     3.105   O21 URE X    1
  found on step  999
  no. of rejections          394
 stored as    -8

 highest radius point found:
  at point   39.488  37.244  38.687
  closest atom surface    3.225   S8  URE X    1
  2nd closest surface     3.225   O21 URE X    1
  found on step  979
  this is also current point
  no. of rejections          391
 stored as    -9

 highest radius point found:
  at point   39.570  37.044  38.715
  closest atom surface    3.254   O21 URE X    1
  2nd closest surface     3.255   C14 URE X    1
  found on step  591
 current point:
  at point   39.569  37.044  38.711
  closest atom surface    3.253   O21 URE X    1
  2nd closest surface     3.254   C14 URE X    1
  found on step  931
  no. of rejections          391
 stored as   -10

 highest radius point found:
  at point   39.651  36.844  38.739
  closest atom surface    3.291   O21 URE X    1
  2nd closest surface     3.291   C14 URE X    1
  found on step  856
 current point:
  at point   39.652  36.844  38.756
  closest atom surface    3.289   S8  URE X    1
  2nd closest surface     3.291   O21 URE X    1
  found on step  936
  no. of rejections          414
 stored as   -11

 highest radius point found:
  at point   39.687  36.644  38.645
  closest atom surface    3.298   S3  URE X    1
  2nd closest surface     3.299   O21 URE X    1
  found on step  814
 current point:
  at point   39.690  36.644  38.714
  closest atom surface    3.297   S3  URE X    1
  2nd closest surface     3.297   O21 URE X    1
  found on step  921
  no. of rejections          382
 stored as   -12

 highest radius point found:
  at point   39.722  36.444  38.525
  closest atom surface    3.315   S3  URE X    1
  2nd closest surface     3.318   O21 URE X    1
  found on step  229
 current point:
  at point   39.722  36.444  38.560
  closest atom surface    3.315   S3  URE X    1
  2nd closest surface     3.315   O21 URE X    1
  found on step  979
  no. of rejections          385
 stored as   -13

 highest radius point found:
  at point   39.754  36.244  38.401
  closest atom surface    3.345   O21 URE X    1
  2nd closest surface     3.346   S3  URE X    1
  found on step  737
 current point:
  at point   39.753  36.244  38.402
  closest atom surface    3.344   O21 URE X    1
  2nd closest surface     3.347   S3  URE X    1
  found on step  912
  no. of rejections          402
 stored as   -14

 highest radius point found:
  at point   39.786  36.044  38.279
  closest atom surface    3.384   C14 URE X    1
  2nd closest surface     3.384   O21 URE X    1
  found on step  858
  this is also current point
  no. of rejections          398
 stored as   -15

 highest radius point found:
  at point   39.822  35.844  38.222
  closest atom surface    3.427   O21 URE X    1
  2nd closest surface     3.428   S3  URE X    1
  found on step  279
 current point:
  at point   39.828  35.844  38.369
  closest atom surface    3.413   S3  URE X    1
  2nd closest surface     3.414   O21 URE X    1
  found on step  944
  no. of rejections          377
 stored as   -16

 highest radius point found:
  at point   39.895  35.644  39.158
  closest atom surface    3.454   O21 URE X    1
  2nd closest surface     3.454   S3  URE X    1
  found on step  941
  this is also current point
  no. of rejections          390
 stored as   -17

 highest radius point found:
  at point   39.905  35.444  39.073
  closest atom surface    3.476   O21 URE X    1
  2nd closest surface     3.478   C15 URE X    1
  found on step  171
 current point:
  at point   39.899  35.444  38.982
  closest atom surface    3.467   C15 URE X    1
  2nd closest surface     3.470   O21 URE X    1
  found on step  983
  no. of rejections          396
 stored as   -18

 highest radius point found:
  at point   39.905  35.244  39.073
  closest atom surface    3.499   O21 URE X    1
  2nd closest surface     3.501   O25 URE X    1
  found on step    1
 current point:
  at point   39.836  35.244  38.221
  closest atom surface    3.486   C15 URE X    1
  2nd closest surface     3.487   O21 URE X    1
  found on step  926
  no. of rejections          396
 stored as   -19

 highest radius point found:
  at point   39.908  35.044  39.032
  closest atom surface    3.532   O25 URE X    1
  2nd closest surface     3.532   O21 URE X    1
  found on step  984
  this is also current point
  no. of rejections          409
 stored as   -20

 highest radius point found:
  at point   39.898  34.844  38.873
  closest atom surface    3.560   C15 URE X    1
  2nd closest surface     3.561   O21 URE X    1
  found on step   80
 current point:
  at point   39.847  34.844  38.291
  closest atom surface    3.556   O21 URE X    1
  2nd closest surface     3.557   C15 URE X    1
  found on step  907
  no. of rejections          383
 stored as   -21

 highest radius point found:
  at point   39.905  34.644  38.943
  closest atom surface    3.612   O21 URE X    1
  2nd closest surface     3.615   C15 URE X    1
  found on step  971
  this is also current point
  no. of rejections          407
 stored as   -22

 highest radius point found:
  at point   39.905  34.444  38.895
  closest atom surface    3.665   O21 URE X    1
  2nd closest surface     3.665   C15 URE X    1
  found on step  879
  this is also current point
  no. of rejections          385
 stored as   -23

 highest radius point found:
  at point   39.906  34.244  38.869
  closest atom surface    3.725   C15 URE X    1
  2nd closest surface     3.726   O21 URE X    1
  found on step  488
 current point:
  at point   39.884  34.244  38.623
  closest atom surface    3.716   O21 URE X    1
  2nd closest surface     3.716   C15 URE X    1
  found on step  913
  no. of rejections          405
 stored as   -24

 highest radius point found:
  at point   39.903  34.044  38.830
  closest atom surface    3.790   O21 URE X    1
  2nd closest surface     3.792   C15 URE X    1
  found on step  990
  this is also current point
  no. of rejections          389
 stored as   -25

 highest radius point found:
  at point   39.902  33.844  38.785
  closest atom surface    3.863   O21 URE X    1
  2nd closest surface     3.864   C15 URE X    1
  found on step  965
  this is also current point
  no. of rejections          374
 stored as   -26

 highest radius point found:
  at point   39.902  33.644  38.751
  closest atom surface    3.943   O21 URE X    1
  2nd closest surface     3.943   C15 URE X    1
  found on step  701
 current point:
  at point   39.893  33.644  38.646
  closest atom surface    3.940   C15 URE X    1
  2nd closest surface     3.940   O21 URE X    1
  found on step  924
  no. of rejections          377
 stored as   -27

 highest radius point found:
  at point   39.901  33.444  38.706
  closest atom surface    4.027   C15 URE X    1
  2nd closest surface     4.029   O21 URE X    1
  found on step  936
  this is also current point
  no. of rejections          391
 stored as   -28

 highest radius point found:
  at point   39.893  33.244  38.596
  closest atom surface    4.118   O21 URE X    1
  2nd closest surface     4.118   C15 URE X    1
  found on step  876
 current point:
  at point   39.891  33.244  38.575
  closest atom surface    4.118   O21 URE X    1
  2nd closest surface     4.118   C15 URE X    1
  found on step  932
  no. of rejections          399
 stored as   -29

 highest radius point found:
  at point   39.898  33.044  38.638
  closest atom surface    4.215   O25 URE X    1
  2nd closest surface     4.216   C15 URE X    1
  found on step  833
 current point:
  at point   39.898  33.044  38.617
  closest atom surface    4.214   C15 URE X    1
  2nd closest surface     4.217   O21 URE X    1
  found on step  966
  no. of rejections          406
 stored as   -30

 highest radius point found:
  at point   39.897  32.844  38.597
  closest atom surface    4.318   C15 URE X    1
  2nd closest surface     4.318   O21 URE X    1
  found on step  758
 current point:
  at point   39.895  32.844  38.596
  closest atom surface    4.317   O21 URE X    1
  2nd closest surface     4.317   H2  URE X    1
  found on step  984
  no. of rejections          395
 stored as   -31

 highest radius point found:
  at point   39.912  32.644  38.576
  closest atom surface    4.410   O25 URE X    1
  2nd closest surface     4.410   H2  URE X    1
  found on step  569
 current point:
  at point   39.914  32.644  38.571
  closest atom surface    4.410   C15 URE X    1
  2nd closest surface     4.410   H2  URE X    1
  found on step  964
  no. of rejections          400
 stored as   -32

 highest radius point found:
  at point   39.926  32.444  38.551
  closest atom surface    4.507   H2  URE X    1
  2nd closest surface     4.509   O25 URE X    1
  found on step  985
  this is also current point
  no. of rejections          376
 stored as   -33

 highest radius point found:
  at point   39.947  32.244  38.524
  closest atom surface    4.611   C15 URE X    1
  2nd closest surface     4.612   H2  URE X    1
  found on step  872
 current point:
  at point   39.949  32.244  38.527
  closest atom surface    4.610   C15 URE X    1
  2nd closest surface     4.613   O25 URE X    1
  found on step  998
  no. of rejections          397
 stored as   -34

 highest radius point found:
  at point   39.960  32.044  38.505
  closest atom surface    4.719   O25 URE X    1
  2nd closest surface     4.720   H2  URE X    1
  found on step  611
 current point:
  at point   39.961  32.044  38.498
  closest atom surface    4.718   H2  URE X    1
  2nd closest surface     4.720   C15 URE X    1
  found on step  968
  no. of rejections          365
 stored as   -35

 highest radius point found:
  at point   39.977  31.844  38.480
  closest atom surface    4.833   O25 URE X    1
  2nd closest surface     4.833   C15 URE X    1
  found on step  965
  this is also current point
  no. of rejections          350
 stored as   -36

 highest radius point found:
  at point   39.995  31.644  38.452
  closest atom surface    4.948   C15 URE X    1
  2nd closest surface     4.951   H2  URE X    1
  found on step  979
  this is also current point
  no. of rejections          355
 stored as   -37

 highest radius point found:
  at point   40.007  31.444  38.426
  closest atom surface    5.070   H2  URE X    1
  2nd closest surface     5.071   C15 URE X    1
  found on step  975
  this is also current point
  no. of rejections          344
 stored as   -38

 highest radius point found:
  at point   40.022  31.244  38.407
  closest atom surface    5.196   C15 URE X    1
  2nd closest surface     5.196   O25 URE X    1
  found on step  951
  this is also current point
  no. of rejections          370
 stored as   -39

 highest radius point found:
  at point   40.034  31.044  38.384
  closest atom surface    5.324   O25 URE X    1
  2nd closest surface     5.326   H2  URE X    1
  found on step  927
  this is also current point
  no. of rejections          349
 stored as   -40

 highest radius point found:
  at point   40.048  30.844  38.356
  closest atom surface    5.458   H2  URE X    1
  2nd closest surface     5.458   C15 URE X    1
  found on step  992
  this is also current point
  no. of rejections          335
 stored as   -41

 highest radius point found:
  at point   40.061  30.644  38.331
  closest atom surface    5.593   H2  URE X    1
  2nd closest surface     5.594   O25 URE X    1
  found on step  830
 current point:
  at point   40.067  30.644  38.339
  closest atom surface    5.588   O25 URE X    1
  2nd closest surface     5.591   C15 URE X    1
  found on step  995
  no. of rejections          337
 stored as   -42

 highest radius point found:
  at point   40.074  30.444  38.309
  closest atom surface    5.731   O25 URE X    1
  2nd closest surface     5.733   H2  URE X    1
  found on step  995
  this is also current point
  no. of rejections          350
 stored as   -43

 highest radius point found:
  at point   40.089  30.244  38.275
  closest atom surface    5.873   H2  URE X    1
  2nd closest surface     5.874   C15 URE X    1
  found on step  888
  this is also current point
  no. of rejections          342
 stored as   -44

 highest radius point found:
  at point   40.102  30.044  38.252
  closest atom surface    6.018   C15 URE X    1
  2nd closest surface     6.019   H2  URE X    1
  found on step  956
  this is also current point
  no. of rejections          354
 stored as   -45

 highest radius point found:
  at point   40.109  29.844  38.233
  closest atom surface    6.165   O25 URE X    1
  2nd closest surface     6.165   H2  URE X    1
  found on step  970
  this is also current point
  no. of rejections          345
 stored as   -46

 highest radius point found:
  at point   40.087  29.644  38.223
  closest atom surface    6.300   H2  URE X    1
  2nd closest surface     6.302   O25 URE X    1
  found on step  586
 current point:
  at point   40.094  29.644  38.225
  closest atom surface    6.299   O31 URE X    1
  2nd closest surface     6.300   O25 URE X    1
  found on step  969
  no. of rejections          344
 stored as   -47

 highest radius point found:
  at point   40.062  29.444  38.218
  closest atom surface    6.438   O25 URE X    1
  2nd closest surface     6.439   H2  URE X    1
  found on step  934
  this is also current point
  no. of rejections          341
 stored as   -48

 highest radius point found:
  at point   40.045  29.244  38.206
  closest atom surface    6.581   O31 URE X    1
  2nd closest surface     6.581   O25 URE X    1
  found on step  998
  this is also current point
  no. of rejections          324
 stored as   -49

 highest radius point found:
  at point   40.023  29.044  38.199
  closest atom surface    6.724   O31 URE X    1
  2nd closest surface     6.725   O25 URE X    1
  found on step  962
  this is also current point
  no. of rejections          348
 stored as   -50

 highest radius point found:
  at point   39.999  28.844  38.189
  closest atom surface    6.871   O31 URE X    1
  2nd closest surface     6.871   O25 URE X    1
  found on step  957
  this is also current point
  no. of rejections          312
 stored as   -51

 highest radius point found:
  at point   39.973  28.644  38.181
  closest atom surface    7.019   H2  URE X    1
  2nd closest surface     7.019   O25 URE X    1
  found on step  978
  this is also current point
  no. of rejections          332
 stored as   -52

 highest radius point found:
  at point   39.952  28.444  38.173
  closest atom surface    7.170   O25 URE X    1
  2nd closest surface     7.171   O31 URE X    1
  found on step  956
  this is also current point
  no. of rejections          323
 stored as   -53

 highest radius point found:
  at point   39.928  28.244  38.165
  closest atom surface    7.322   O25 URE X    1
  2nd closest surface     7.323   C2  URE X    1
  found on step  988
  this is also current point
  no. of rejections          319
 stored as   -54

 highest radius point found:
  at point   39.914  28.044  38.161
  closest atom surface    7.473   O31 URE X    1
  2nd closest surface     7.474   O25 URE X    1
  found on step  978
  this is also current point
  no. of rejections          328
 stored as   -55

 highest radius point found:
  at point   39.903  27.844  38.160
  closest atom surface    7.624   O31 URE X    1
  2nd closest surface     7.625   O25 URE X    1
  found on step  863
 current point:
  at point   39.901  27.844  38.155
  closest atom surface    7.624   O   URE X    1
  2nd closest surface     7.624   O31 URE X    1
  found on step  959
  no. of rejections          355
 stored as   -56

 highest radius point found:
  at point   39.920  27.644  38.179
  closest atom surface    7.764   O   URE X    1
  2nd closest surface     7.765   O31 URE X    1
  found on step  875
 current point:
  at point   39.921  27.644  38.173
  closest atom surface    7.762   O31 URE X    1
  2nd closest surface     7.763   O   URE X    1
  found on step  883
  no. of rejections          346
 stored as   -57

 highest radius point found:
  at point   39.940  27.444  38.201
  closest atom surface    7.906   O25 URE X    1
  2nd closest surface     7.906   O31 URE X    1
  found on step  966
  this is also current point
  no. of rejections          340
 stored as   -58

 highest radius point found:
  at point   39.960  27.244  38.218
  closest atom surface    8.048   O   URE X    1
  2nd closest surface     8.049   O31 URE X    1
  found on step  963
  this is also current point
  no. of rejections          354
 stored as   -59

 highest radius point found:
  at point   39.981  27.044  38.239
  closest atom surface    8.194   O31 URE X    1
  2nd closest surface     8.195   O   URE X    1
  found on step  956
  this is also current point
  no. of rejections          308
 stored as   -60

 highest radius point found:
  at point   39.998  26.844  38.265
  closest atom surface    8.341   O25 URE X    1
  2nd closest surface     8.343   O   URE X    1
  found on step  991
  this is also current point
  no. of rejections          338
 stored as   -61

 highest radius point found:
  at point   40.019  26.644  38.280
  closest atom surface    8.491   O31 URE X    1
  2nd closest surface     8.492   O   URE X    1
  found on step  988
  this is also current point
  no. of rejections          347
 stored as   -62

 highest radius point found:
  at point   40.012  26.444  38.321
  closest atom surface    8.631   O   URE X    1
  2nd closest surface     8.631   O4  URE X    1
  found on step  995
  this is also current point
  no. of rejections          343
 stored as   -63

 highest radius point found:
  at point   39.993  26.244  38.373
  closest atom surface    8.767   O   URE X    1
  2nd closest surface     8.768   O4  URE X    1
  found on step  984
  this is also current point
  no. of rejections          342
 stored as   -64

 highest radius point found:
  at point   39.973  26.044  38.426
  closest atom surface    8.905   O   URE X    1
  2nd closest surface     8.905   O25 URE X    1
  found on step  967
  this is also current point
  no. of rejections          327
 stored as   -65

 highest radius point found:
  at point   39.957  25.844  38.470
  closest atom surface    9.046   O   URE X    1
  2nd closest surface     9.046   O4  URE X    1
  found on step  947
  this is also current point
  no. of rejections          336
 stored as   -66

 highest radius point found:
  at point   39.937  25.644  38.520
  closest atom surface    9.187   O   URE X    1
  2nd closest surface     9.190   O4  URE X    1
  found on step  777
 current point:
  at point   39.945  25.644  38.506
  closest atom surface    9.186   O4  URE X    1
  2nd closest surface     9.188   O   URE X    1
  found on step  948
  no. of rejections          332
 stored as   -67

 highest radius point found:
  at point   39.920  25.444  38.573
  closest atom surface    9.333   O4  URE X    1
  2nd closest surface     9.334   O   URE X    1
  found on step  870
 current point:
  at point   39.919  25.444  38.577
  closest atom surface    9.333   O4  URE X    1
  2nd closest surface     9.334   O25 URE X    1
  found on step  989
  no. of rejections          316
 stored as   -68

 highest radius point found:
  at point   39.907  25.244  38.618
  closest atom surface    9.477   O4  URE X    1
  2nd closest surface     9.482   O   URE X    1
  found on step  457
 current point:
  at point   40.029  25.244  38.228
  closest atom surface    9.448   O4  URE X    1
  2nd closest surface     9.450   O   URE X    1
  found on step  998
  no. of rejections          338
 stored as   -69

 highest radius point found:
  at point   39.883  25.044  38.670
  closest atom surface    9.628   O   URE X    1
  2nd closest surface     9.628   O4  URE X    1
  found on step  819
 current point:
  at point   39.887  25.044  38.661
  closest atom surface    9.627   O4  URE X    1
  2nd closest surface     9.628   O   URE X    1
  found on step  926
  no. of rejections          312
 stored as   -70

 highest radius point found:
  at point   39.865  24.844  38.722
  closest atom surface    9.779   O4  URE X    1
  2nd closest surface     9.779   O   URE X    1
  found on step  924
  this is also current point
  no. of rejections          354
 stored as   -71

 highest radius point found:
  at point   39.846  24.644  38.774
  closest atom surface    9.931   O4  URE X    1
  2nd closest surface     9.932   O   URE X    1
  found on step  857
 current point:
  at point   39.849  24.644  38.762
  closest atom surface    9.930   O   URE X    1
  2nd closest surface     9.930   O4  URE X    1
  found on step  956
  no. of rejections          314
 stored as   -72

 highest radius point found:
  at point   39.831  24.444  38.813
  closest atom surface   10.083   O4  URE X    1
  2nd closest surface    10.084   O   URE X    1
  found on step  879
 current point:
  at point   39.829  24.444  38.821
  closest atom surface   10.083   O4  URE X    1
  2nd closest surface    10.086   O   URE X    1
  found on step  999
  no. of rejections          327
 stored as   -73

 highest radius point found:
  at point   39.805  24.244  38.879
  closest atom surface   10.240   O   URE X    1
  2nd closest surface    10.242   O25 URE X    1
  found on step  984
  this is also current point
  no. of rejections          303
 stored as   -74

 highest radius point found:
  at point   39.788  24.044  38.931
  closest atom surface   10.398   O25 URE X    1
  2nd closest surface    10.398   O4  URE X    1
  found on step 1000
  this is also current point
  no. of rejections          329
 stored as   -75

 highest radius point found:
  at point   39.768  23.844  38.981
  closest atom surface   10.556   O   URE X    1
  2nd closest surface    10.557   O25 URE X    1
  found on step  992
  this is also current point
  no. of rejections          321
 stored as   -76

 highest radius point found:
  at point   39.750  23.644  39.037
  closest atom surface   10.715   O25 URE X    1
  2nd closest surface    10.717   O4  URE X    1
  found on step  882
  this is also current point
  no. of rejections          325
 stored as   -77

 highest radius point found:
  at point   39.732  23.444  39.083
  closest atom surface   10.878   O25 URE X    1
  2nd closest surface    10.878   O4  URE X    1
  found on step  886
  this is also current point
  no. of rejections          296
 stored as   -78

 highest radius point found:
  at point   39.714  23.244  39.128
  closest atom surface   11.040   O   URE X    1
  2nd closest surface    11.040   O4  URE X    1
  found on step  997
  this is also current point
  no. of rejections          306
 stored as   -79

 highest radius point found:
  at point   39.697  23.044  39.179
  closest atom surface   11.203   O4  URE X    1
  2nd closest surface    11.205   O   URE X    1
  found on step  974
  this is also current point
  no. of rejections          298
 stored as   -80

 highest radius point found:
  at point   39.681  22.844  39.229
  closest atom surface   11.367   O4  URE X    1
  2nd closest surface    11.371   O25 URE X    1
  found on step  985
  this is also current point
  no. of rejections          262
 stored as   -81

 highest radius point found:
  at point   39.659  22.644  39.278
  closest atom surface   11.535   O   URE X    1
  2nd closest surface    11.536   O4  URE X    1
  found on step  949
  this is also current point
  no. of rejections          304
 stored as   -82

 highest radius point found:
  at point   39.639  22.444  39.338
  closest atom surface   11.703   O25 URE X    1
  2nd closest surface    11.703   O4  URE X    1
  found on step  396
 current point:
  at point   39.641  22.444  39.333
  closest atom surface   11.702   O4  URE X    1
  2nd closest surface    11.705   O25 URE X    1
  found on step  957
  no. of rejections          287
 stored as   -83

 highest radius point found:
  at point   39.614  22.244  39.387
  closest atom surface   11.870   O   URE X    1
  2nd closest surface    11.872   O25 URE X    1
  found on step  918
  this is also current point
  no. of rejections          303
 stored as   -84

 highest radius point found:
  at point   39.600  22.044  39.436
  closest atom surface   12.042   O   URE X    1
  2nd closest surface    12.042   O25 URE X    1
  found on step  967
  this is also current point
  no. of rejections          286
 stored as   -85

 highest radius point found:
  at point   39.576  21.844  39.493
  closest atom surface   12.211   O25 URE X    1
  2nd closest surface    12.212   O   URE X    1
  found on step  756
 current point:
  at point   39.577  21.844  39.493
  closest atom surface   12.211   O25 URE X    1
  2nd closest surface    12.213   O   URE X    1
  found on step  974
  no. of rejections          279
 stored as   -86

 highest radius point found:
  at point   39.563  21.644  39.531
  closest atom surface   12.383   O   URE X    1
  2nd closest surface    12.385   O4  URE X    1
  found on step  999
  this is also current point
  no. of rejections          275
 stored as   -87

 highest radius point found:
  at point   39.546  21.444  39.583
  closest atom surface   12.557   O   URE X    1
  2nd closest surface    12.557   O4  URE X    1
  found on step  973
  this is also current point
  no. of rejections          279
 stored as   -88

 highest radius point found:
  at point   39.528  21.244  39.634
  closest atom surface   12.730   O4  URE X    1
  2nd closest surface    12.730   O   URE X    1
  found on step  972
  this is also current point
  no. of rejections          264
 stored as   -89

 highest radius point found:
  at point   39.506  21.044  39.689
  closest atom surface   12.905   O   URE X    1
  2nd closest surface    12.905   O25 URE X    1
  found on step  855
 current point:
  at point   39.501  21.044  39.693
  closest atom surface   12.904   O   URE X    1
  2nd closest surface    12.904   O25 URE X    1
  found on step  952
  no. of rejections          286
 stored as   -90

 highest radius point found:
  at point   39.490  20.844  39.737
  closest atom surface   13.080   O4  URE X    1
  2nd closest surface    13.081   O   URE X    1
  found on step  216
 current point:
  at point   39.491  20.844  39.732
  closest atom surface   13.079   O4  URE X    1
  2nd closest surface    13.079   O   URE X    1
  found on step  964
  no. of rejections          278
 stored as   -91

 highest radius point found:
  at point   39.471  20.644  39.788
  closest atom surface   13.256   O   URE X    1
  2nd closest surface    13.256   O4  URE X    1
  found on step  999
  this is also current point
  no. of rejections          278
 stored as   -92

 highest radius point found:
  at point   39.452  20.444  39.845
  closest atom surface   13.432   O25 URE X    1
  2nd closest surface    13.433   O4  URE X    1
  found on step  827
 current point:
  at point   39.446  20.444  39.846
  closest atom surface   13.432   O25 URE X    1
  2nd closest surface    13.433   O   URE X    1
  found on step  972
  no. of rejections          268
 stored as   -93

 highest radius point found:
  at point   39.440  20.244  39.859
  closest atom surface   13.605   O   URE X    1
  2nd closest surface    13.607   O4  URE X    1
  found on step  465
 current point:
  at point   39.739  20.244  38.938
  closest atom surface   13.485   O4  URE X    1
  2nd closest surface    13.487   O   URE X    1
  found on step  992
  no. of rejections          289
 stored as   -94

 highest radius point found:
  at point   39.424  20.044  39.913
  closest atom surface   13.784   O4  URE X    1
  2nd closest surface    13.785   O   URE X    1
  found on step  938
  this is also current point
  no. of rejections          293
 stored as   -95

 highest radius point found:
  at point   39.409  19.844  39.945
  closest atom surface   13.960   O   URE X    1
  2nd closest surface    13.961   H66 URE X    1
  found on step  997
  this is also current point
  no. of rejections          295
 stored as   -96

 highest radius point found:
  at point   39.409  19.644  39.945
  closest atom surface   14.131   O4  URE X    1
  2nd closest surface    14.133   O   URE X    1
  found on step    1
 current point:
  at point   40.029  19.644  37.990
  closest atom surface   13.944   O   URE X    1
  2nd closest surface    13.946   O4  URE X    1
  found on step  988
  no. of rejections          291
 stored as   -97

 highest radius point found:
  at point   39.379  19.444  40.007
  closest atom surface   14.312   O   URE X    1
  2nd closest surface    14.314   H66 URE X    1
  found on step    6
 current point:
  at point   39.465  19.444  39.770
  closest atom surface   14.275   O4  URE X    1
  2nd closest surface    14.278   O   URE X    1
  found on step  999
  no. of rejections          289
 stored as   -98

 highest radius point found:
  at point   39.370  19.244  40.037
  closest atom surface   14.490   O   URE X    1
  2nd closest surface    14.492   H66 URE X    1
  found on step  939
  this is also current point
  no. of rejections          285
 stored as   -99

 highest radius point found:
  at point   39.362  19.044  40.065
  closest atom surface   14.669   O   URE X    1
  2nd closest surface    14.669   O4  URE X    1
  found on step  872
  this is also current point
  no. of rejections          259
 stored as  -100

 highest radius point found:
  at point   39.354  18.844  40.081
  closest atom surface   14.846   O   URE X    1
  2nd closest surface    14.846   O4  URE X    1
  found on step  957
  this is also current point
  no. of rejections          242
 stored as  -101

 highest radius point found:
  at point   39.336  18.644  40.133
  closest atom surface   15.028   H66 URE X    1
  2nd closest surface    15.028   O4  URE X    1
  found on step 1000
  this is also current point
  no. of rejections          259
 stored as  -102

 highest radius point found:
  at point   39.325  18.444  40.161
  closest atom surface   15.207   O4  URE X    1
  2nd closest surface    15.208   H66 URE X    1
  found on step  944
  this is also current point
  no. of rejections          278
 stored as  -103

 highest radius point found:
  at point   39.311  18.244  40.194
  closest atom surface   15.388   H66 URE X    1
  2nd closest surface    15.388   O4  URE X    1
  found on step  972
  this is also current point
  no. of rejections          276
 stored as  -104

 highest radius point found:
  at point   39.298  18.044  40.223
  closest atom surface   15.569   O   URE X    1
  2nd closest surface    15.570   H66 URE X    1
  found on step  953
  this is also current point
  no. of rejections          280
 stored as  -105

 highest radius point found:
  at point   39.287  17.844  40.255
  closest atom surface   15.750   O4  URE X    1
  2nd closest surface    15.751   H66 URE X    1
  found on step  866
 current point:
  at point   39.286  17.844  40.257
  closest atom surface   15.750   H66 URE X    1
  2nd closest surface    15.751   O4  URE X    1
  found on step  930
  no. of rejections          270
 stored as  -106

 highest radius point found:
  at point   39.271  17.644  40.287
  closest atom surface   15.932   O   URE X    1
  2nd closest surface    15.932   H66 URE X    1
  found on step  985
  this is also current point
  no. of rejections          222
 stored as  -107

 highest radius point found:
  at point   39.261  17.444  40.318
  closest atom surface   16.115   H66 URE X    1
  2nd closest surface    16.115   O4  URE X    1
  found on step  992
  this is also current point
  no. of rejections          246
 stored as  -108

 highest radius point found:
  at point   39.246  17.244  40.348
  closest atom surface   16.297   O   URE X    1
  2nd closest surface    16.298   H66 URE X    1
  found on step  919
  this is also current point
  no. of rejections          255
 stored as  -109

 highest radius point found:
  at point   39.236  17.044  40.382
  closest atom surface   16.480   H66 URE X    1
  2nd closest surface    16.481   O4  URE X    1
  found on step  855
 current point:
  at point   39.238  17.044  40.379
  closest atom surface   16.480   O4  URE X    1
  2nd closest surface    16.481   H66 URE X    1
  found on step  989
  no. of rejections          262
 stored as  -110

 highest radius point found:
  at point   39.226  16.844  40.414
  closest atom surface   16.664   O4  URE X    1
  2nd closest surface    16.664   H66 URE X    1
  found on step  830
 current point:
  at point   39.225  16.844  40.418
  closest atom surface   16.663   H66 URE X    1
  2nd closest surface    16.664   O4  URE X    1
  found on step  982
  no. of rejections          259
 stored as  -111

 highest radius point found:
  at point   39.211  16.644  40.441
  closest atom surface   16.848   O   URE X    1
  2nd closest surface    16.849   O4  URE X    1
  found on step  372
 current point:
  at point   39.213  16.644  40.446
  closest atom surface   16.848   O4  URE X    1
  2nd closest surface    16.848   H66 URE X    1
  found on step  982
  no. of rejections          268
 stored as  -112

 highest radius point found:
  at point   39.194  16.444  40.476
  closest atom surface   17.032   O   URE X    1
  2nd closest surface    17.033   H66 URE X    1
  found on step  979
  this is also current point
  no. of rejections          253
 stored as  -113

 highest radius point found:
  at point   39.186  16.244  40.498
  closest atom surface   17.216   O   URE X    1
  2nd closest surface    17.217   O4  URE X    1
  found on step  956
  this is also current point
  no. of rejections          258
 stored as  -114

 highest radius point found:
  at point   39.173  16.044  40.538
  closest atom surface   17.403   H66 URE X    1
  2nd closest surface    17.403   O4  URE X    1
  found on step  937
  this is also current point
  no. of rejections          244
 stored as  -115

 highest radius point found:
  at point   39.163  15.844  40.564
  closest atom surface   17.587   O4  URE X    1
  2nd closest surface    17.588   O   URE X    1
  found on step  984
  this is also current point
  no. of rejections          242
 stored as  -116

 highest radius point found:
  at point   39.146  15.644  40.605
  closest atom surface   17.773   H66 URE X    1
  2nd closest surface    17.775   O   URE X    1
  found on step  989
  this is also current point
  no. of rejections          264
 stored as  -117

 highest radius point found:
  at point   39.136  15.444  40.626
  closest atom surface   17.960   O   URE X    1
  2nd closest surface    17.960   O4  URE X    1
  found on step  967
  this is also current point
  no. of rejections          254
 stored as  -118

 highest radius point found:
  at point   39.122  15.244  40.664
  closest atom surface   18.147   H66 URE X    1
  2nd closest surface    18.148   O   URE X    1
  found on step  989
  this is also current point
  no. of rejections          259
 stored as  -119

 highest radius point found:
  at point   39.110  15.044  40.693
  closest atom surface   18.334   O   URE X    1
  2nd closest surface    18.334   O4  URE X    1
  found on step  909
  this is also current point
  no. of rejections          228
 stored as  -120

 highest radius point found:
  at point   39.100  14.844  40.725
  closest atom surface   18.521   O4  URE X    1
  2nd closest surface    18.522   H66 URE X    1
  found on step  991
  this is also current point
  no. of rejections          249
 stored as  -121

 highest radius point found:
  at point   39.085  14.644  40.749
  closest atom surface   18.707   O   URE X    1
  2nd closest surface    18.708   O4  URE X    1
  found on step  924
  this is also current point
  no. of rejections          238
 stored as  -122

 highest radius point found:
  at point   39.072  14.444  40.792
  closest atom surface   18.896   H66 URE X    1
  2nd closest surface    18.897   O4  URE X    1
  found on step  999
  this is also current point
  no. of rejections          229
 stored as  -123

 highest radius point found:
  at point   39.060  14.244  40.822
  closest atom surface   19.085   O4  URE X    1
  2nd closest surface    19.085   H66 URE X    1
  found on step  996
  this is also current point
  no. of rejections          204
 stored as  -124

 highest radius point found:
  at point   39.044  14.044  40.855
  closest atom surface   19.273   H66 URE X    1
  2nd closest surface    19.273   O   URE X    1
  found on step  848
 current point:
  at point   39.047  14.044  40.859
  closest atom surface   19.272   H66 URE X    1
  2nd closest surface    19.274   O4  URE X    1
  found on step  994
  no. of rejections          235
 stored as  -125

 highest radius point found:
  at point   39.031  13.844  40.885
  closest atom surface   19.461   O   URE X    1
  2nd closest surface    19.462   H66 URE X    1
  found on step  985
  this is also current point
  no. of rejections          258
 stored as  -126

 highest radius point found:
  at point   39.020  13.644  40.921
  closest atom surface   19.650   H66 URE X    1
  2nd closest surface    19.652   O   URE X    1
  found on step  999
  this is also current point
  no. of rejections          244
 stored as  -127

 highest radius point found:
  at point   39.011  13.444  40.947
  closest atom surface   19.839   O4  URE X    1
  2nd closest surface    19.840   H66 URE X    1
  found on step  989
  this is also current point
  no. of rejections          202
 stored as  -128

 highest radius point found:
  at point   38.993  13.244  40.980
  closest atom surface   20.029   O   URE X    1
  2nd closest surface    20.030   H66 URE X    1
  found on step  929
  this is also current point
  no. of rejections          204
 stored as  -129

 highest radius point found:
  at point   38.984  13.044  41.014
  closest atom surface   20.219   H66 URE X    1
  2nd closest surface    20.219   O4  URE X    1
  found on step  968
  this is also current point
  no. of rejections          180
 stored as  -130

 highest radius point found:
  at point   38.966  12.844  41.046
  closest atom surface   20.409   H66 URE X    1
  2nd closest surface    20.409   O   URE X    1
  found on step  867
 current point:
  at point   38.975  12.844  41.047
  closest atom surface   20.407   O4  URE X    1
  2nd closest surface    20.409   H66 URE X    1
  found on step  982
  no. of rejections          198
 stored as  -131

 highest radius point found:
  at point   38.958  12.644  41.077
  closest atom surface   20.599   H66 URE X    1
  2nd closest surface    20.599   O4  URE X    1
  found on step  989
  this is also current point
  no. of rejections          252
 stored as  -132

 highest radius point found:
  at point   38.946  12.444  41.105
  closest atom surface   20.789   O4  URE X    1
  2nd closest surface    20.790   O   URE X    1
  found on step  904
  this is also current point
  no. of rejections          208
 stored as  -133

 highest radius point found:
  at point   38.932  12.244  41.141
  closest atom surface   20.980   H66 URE X    1
  2nd closest surface    20.981   O   URE X    1
  found on step  914
  this is also current point
  no. of rejections          189
 stored as  -134

 highest radius point found:
  at point   38.913  12.044  41.174
  closest atom surface   21.170   H66 URE X    1
  2nd closest surface    21.171   O   URE X    1
  found on step  920
  this is also current point
  no. of rejections          204
 stored as  -135

 highest radius point found:
  at point   38.906  11.844  41.205
  closest atom surface   21.362   H66 URE X    1
  2nd closest surface    21.362   O4  URE X    1
  found on step  990
  this is also current point
  no. of rejections          249
 stored as  -136

 highest radius point found:
  at point   38.896  11.644  41.236
  closest atom surface   21.553   O4  URE X    1
  2nd closest surface    21.553   H66 URE X    1
  found on step  978
  this is also current point
  no. of rejections          211
 stored as  -137

 highest radius point found:
  at point   38.881  11.444  41.265
  closest atom surface   21.744   O   URE X    1
  2nd closest surface    21.745   O4  URE X    1
  found on step  987
  this is also current point
  no. of rejections          232
 stored as  -138

 highest radius point found:
  at point   38.869  11.244  41.301
  closest atom surface   21.936   H66 URE X    1
  2nd closest surface    21.936   O4  URE X    1
  found on step 1000
  this is also current point
  no. of rejections          244
 stored as  -139

 highest radius point found:
  at point   38.857  11.044  41.331
  closest atom surface   22.128   O4  URE X    1
  2nd closest surface    22.128   H66 URE X    1
  found on step  999
  this is also current point
  no. of rejections          182
 This is an end! (radius above  22.0 angs)
 
 N.b. Graph information routine (HOGRAP) differs 
        markedly from previous versions!
       Information now is written from -ve end
       to +ve in one pass
 
 Explanation of the meaning of each column: 
 First column "cenxyz.cvec" is the coordinate in the
   direction of the channel vector i.e. if the channel
   vector is in z (0 0 1) then it is the z coordinate.
 The second column "radius" is the hole pore radius 
   (as defined in the Biophys J 1993) article).
 The third column "cen_line_D" is the distance 
   measured along the pore centre line - with the 
   first point found set to zero. This was the first
   thing that I used to measure the distance along a pore
   but "cenxyz.cvec" is a much better general measure. 
   However, by comparing changes in this distance to changes in '   "cenxyz.cvec" one can get a measure of how straight a 
   channel is.
 The fourth column "sum{s/(area)}" is useful in conductance
   prediction -
   basically it is the sum of the thickness of each slab
   divided by its area. HOLE uses this measure to estimate
   the macroscopic conductance of a channel.
 If any of this worries you one can see the "raw" results
   of a standard hole run by producing a sphpdb file and 
    directly looking at the results.
 cenxyz.cvec      radius  cen_line_D sum{s/(area point sourc
    11.24425    21.93606   -29.54680     0.00007   (sampled)
    11.34425    21.84052   -29.44504     0.00013 (mid-point)
    11.44425    21.74429   -29.34329     0.00020   (sampled)
    11.54425    21.64883   -29.24193     0.00027 (mid-point)
    11.64425    21.55277   -29.14057     0.00034   (sampled)
    11.74425    21.45745   -29.03929     0.00041 (mid-point)
    11.84425    21.36170   -28.93800     0.00048   (sampled)
    11.94425    21.26598   -28.83676     0.00055 (mid-point)
    12.04425    21.17031   -28.73553     0.00062   (sampled)
    12.14425    21.07507   -28.63374     0.00069 (mid-point)
    12.24425    20.97990   -28.53196     0.00076   (sampled)
    12.34425    20.88495   -28.43011     0.00083 (mid-point)
    12.44425    20.78923   -28.32825     0.00091   (sampled)
    12.54425    20.69427   -28.22709     0.00098 (mid-point)
    12.64425    20.59900   -28.12593     0.00106   (sampled)
    12.74425    20.50378   -28.02462     0.00113 (mid-point)
    12.84425    20.40862   -27.92332     0.00121   (sampled)
    12.94425    20.31371   -27.82166     0.00129 (mid-point)
    13.04425    20.21886   -27.72000     0.00136   (sampled)
    13.14425    20.12415   -27.61845     0.00144 (mid-point)
    13.24425    20.02871   -27.51690     0.00152   (sampled)
    13.34425    19.93464   -27.41522     0.00160 (mid-point)
    13.44425    19.83937   -27.31354     0.00168   (sampled)
    13.54425    19.74517   -27.21254     0.00176 (mid-point)
    13.64425    19.65006   -27.11154     0.00185   (sampled)
    13.74425    19.55591   -27.00982     0.00193 (mid-point)
    13.84425    19.46149   -26.90810     0.00201   (sampled)
    13.94425    19.36729   -26.80679     0.00210 (mid-point)
    14.04425    19.27280   -26.70548     0.00218   (sampled)
    14.14425    19.17879   -26.60378     0.00227 (mid-point)
    14.24425    19.08465   -26.50209     0.00236   (sampled)
    14.34425    18.99057   -26.40079     0.00245 (mid-point)
    14.44425    18.89637   -26.29950     0.00254   (sampled)
    14.54425    18.80237   -26.19700     0.00263 (mid-point)
    14.64425    18.70708   -26.09449     0.00272   (sampled)
    14.74425    18.61447   -25.99353     0.00281 (mid-point)
    14.84425    18.52053   -25.89257     0.00290   (sampled)
    14.94425    18.42746   -25.79118     0.00300 (mid-point)
    15.04425    18.33403   -25.68979     0.00309   (sampled)
    15.14425    18.24074   -25.58855     0.00319 (mid-point)
    15.24425    18.14721   -25.48730     0.00328   (sampled)
    15.34425    18.05364   -25.38521     0.00338 (mid-point)
    15.44425    17.95983   -25.28312     0.00348   (sampled)
    15.54425    17.86758   -25.18246     0.00358 (mid-point)
    15.64425    17.77347   -25.08179     0.00368   (sampled)
    15.74425    17.68150   -24.97935     0.00378 (mid-point)
    15.84425    17.58748   -24.87692     0.00388   (sampled)
    15.94425    17.49537   -24.77599     0.00399 (mid-point)
    16.04425    17.40291   -24.67506     0.00409   (sampled)
    16.14425    17.30980   -24.57281     0.00420 (mid-point)
    16.24425    17.21621   -24.47056     0.00431   (sampled)
    16.34425    17.12426   -24.36988     0.00442 (mid-point)
    16.44425    17.03239   -24.26920     0.00453   (sampled)
    16.54425    16.94038   -24.16740     0.00464 (mid-point)
    16.64425    16.84847   -24.06560     0.00475   (sampled)
    16.74425    16.75607   -23.96437     0.00486 (mid-point)
    16.84425    16.66359   -23.86313     0.00498   (sampled)
    16.94425    16.57228   -23.76181     0.00509 (mid-point)
    17.04425    16.48041   -23.66048     0.00521   (sampled)
    17.14425    16.38906   -23.55890     0.00533 (mid-point)
    17.24425    16.29703   -23.45733     0.00545   (sampled)
    17.34425    16.20612   -23.35591     0.00557 (mid-point)
    17.44425    16.11492   -23.25450     0.00569   (sampled)
    17.54425    16.02363   -23.15315     0.00582 (mid-point)
    17.64425    15.93211   -23.05180     0.00594   (sampled)
    17.74425    15.84156   -22.95028     0.00607 (mid-point)
    17.84425    15.75048   -22.84876     0.00620   (sampled)
    17.94425    15.66004   -22.74736     0.00633 (mid-point)
    18.04425    15.56904   -22.64596     0.00646   (sampled)
    18.14425    15.47880   -22.54465     0.00659 (mid-point)
    18.24425    15.38823   -22.44333     0.00672   (sampled)
    18.34425    15.29787   -22.34179     0.00686 (mid-point)
    18.44425    15.20738   -22.24026     0.00700   (sampled)
    18.54425    15.11758   -22.13906     0.00714 (mid-point)
    18.64425    15.02768   -22.03786     0.00728   (sampled)
    18.74425    14.93689   -21.93425     0.00742 (mid-point)
    18.84425    14.84552   -21.83065     0.00757   (sampled)
    18.94425    14.75733   -21.73022     0.00771 (mid-point)
    19.04425    14.66927   -21.62979     0.00786   (sampled)
    19.14425    14.57978   -21.52876     0.00801 (mid-point)
    19.24425    14.49042   -21.42773     0.00816   (sampled)
    19.34425    14.40091   -21.32655     0.00831 (mid-point)
    19.44425    14.31153   -21.22538     0.00847   (sampled)
    19.54425    14.22198   -21.11951     0.00863 (mid-point)
    19.64425    14.13115   -21.01365     0.00879   (sampled)
    19.74425    14.04607   -20.91365     0.00895 (mid-point)
    19.84425    13.96024   -20.81365     0.00911   (sampled)
    19.94425    13.87250   -20.71211     0.00928 (mid-point)
    20.04425    13.78432   -20.61056     0.00944   (sampled)
    20.14425    13.69475   -20.50671     0.00961 (mid-point)
    20.24425    13.60475   -20.40286     0.00979   (sampled)
    20.34425    13.51987   -20.30241     0.00996 (mid-point)
    20.44425    13.43176   -20.20196     0.01014   (sampled)
    20.54425    13.34413   -20.09762     0.01032 (mid-point)
    20.64425    13.25622   -19.99329     0.01050   (sampled)
    20.74425    13.16785   -19.88965     0.01068 (mid-point)
    20.84425    13.07963   -19.78601     0.01087   (sampled)
    20.94425    12.99252   -19.68277     0.01105 (mid-point)
    21.04425    12.90471   -19.57953     0.01125   (sampled)
    21.14425    12.81733   -19.47531     0.01144 (mid-point)
    21.24425    12.73000   -19.37109     0.01164   (sampled)
    21.34425    12.64321   -19.26754     0.01183 (mid-point)
    21.44425    12.55652   -19.16398     0.01204   (sampled)
    21.54425    12.46943   -19.06029     0.01224 (mid-point)
    21.64425    12.38258   -18.95660     0.01245   (sampled)
    21.74425    12.29713   -18.85458     0.01266 (mid-point)
    21.84425    12.21067   -18.75256     0.01287   (sampled)
    21.94425    12.12630   -18.64786     0.01309 (mid-point)
    22.04425    12.04152   -18.54315     0.01331   (sampled)
    22.14425    11.95576   -18.43999     0.01353 (mid-point)
    22.24425    11.87024   -18.33684     0.01376   (sampled)
    22.34425    11.78709   -18.23313     0.01399 (mid-point)
    22.44425    11.70251   -18.12943     0.01422   (sampled)
    22.54425    11.61920   -18.02450     0.01445 (mid-point)
    22.64425    11.53532   -17.91958     0.01469   (sampled)
    22.74425    11.45101   -17.81606     0.01494 (mid-point)
    22.84425    11.36665   -17.71254     0.01518   (sampled)
    22.94425    11.28490   -17.60912     0.01543 (mid-point)
    23.04425    11.20345   -17.50570     0.01569   (sampled)
    23.14425    11.12175   -17.40212     0.01594 (mid-point)
    23.24425    11.04001   -17.29855     0.01621   (sampled)
    23.34425    10.95893   -17.19569     0.01647 (mid-point)
    23.44425    10.87775   -17.09282     0.01674   (sampled)
    23.54425    10.79601   -16.98981     0.01701 (mid-point)
    23.64425    10.71459   -16.88680     0.01729   (sampled)
    23.74425    10.63557   -16.78252     0.01757 (mid-point)
    23.84425    10.55640   -16.67824     0.01786   (sampled)
    23.94425    10.47719   -16.57473     0.01815 (mid-point)
    24.04425    10.39810   -16.47123     0.01844   (sampled)
    24.14425    10.31922   -16.36758     0.01874 (mid-point)
    24.24425    10.24047   -16.26394     0.01904   (sampled)
    24.34425    10.16204   -16.15776     0.01935 (mid-point)
    24.44425    10.08348   -16.05157     0.01966   (sampled)
    24.54425    10.00680   -15.94947     0.01998 (mid-point)
    24.64425     9.93052   -15.84737     0.02031   (sampled)
    24.74425     9.85436   -15.74360     0.02063 (mid-point)
    24.84425     9.77864   -15.63982     0.02097   (sampled)
    24.94425     9.70334   -15.53605     0.02130 (mid-point)
    25.04425     9.62819   -15.43228     0.02165   (sampled)
    25.14425     9.55228   -15.32835     0.02200 (mid-point)
    25.24425     9.47652   -15.22441     0.02235   (sampled)
    25.34425     9.40468   -15.12169     0.02271 (mid-point)
    25.44425     9.33334   -15.01897     0.02308   (sampled)
    25.54425     9.26022   -14.91518     0.02345 (mid-point)
    25.64425     9.18740   -14.81139     0.02382   (sampled)
    25.74425     9.11622   -14.70784     0.02421 (mid-point)
    25.84425     9.04556   -14.60428     0.02460   (sampled)
    25.94425     8.97510   -14.50154     0.02499 (mid-point)
    26.04425     8.90517   -14.39880     0.02539   (sampled)
    26.14425     8.83582   -14.29491     0.02580 (mid-point)
    26.24425     8.76704   -14.19103     0.02622   (sampled)
    26.34425     8.69867   -14.08721     0.02664 (mid-point)
    26.44425     8.63088   -13.98340     0.02706   (sampled)
    26.54425     8.56109   -13.88122     0.02750 (mid-point)
    26.64425     8.49117   -13.77903     0.02794   (sampled)
    26.74425     8.41711   -13.67820     0.02839 (mid-point)
    26.84425     8.34109   -13.57736     0.02885   (sampled)
    26.94425     8.26871   -13.47613     0.02931 (mid-point)
    27.04425     8.19389   -13.37491     0.02979   (sampled)
    27.14425     8.12116   -13.27382     0.03027 (mid-point)
    27.24425     8.04834   -13.17274     0.03076   (sampled)
    27.34425     7.97691   -13.07191     0.03126 (mid-point)
    27.44425     7.90558   -12.97108     0.03177   (sampled)
    27.54425     7.83453   -12.86998     0.03229 (mid-point)
    27.64425     7.76360   -12.76888     0.03282   (sampled)
    27.74425     7.69423   -12.66804     0.03335 (mid-point)
    27.84425     7.62446   -12.56721     0.03390   (sampled)
    27.94425     7.54856   -12.46704     0.03446 (mid-point)
    28.04425     7.47314   -12.36687     0.03503   (sampled)
    28.14425     7.39767   -12.26662     0.03561 (mid-point)
    28.24425     7.32221   -12.16638     0.03620   (sampled)
    28.34425     7.24579   -12.06557     0.03681 (mid-point)
    28.44425     7.16986   -11.96477     0.03743   (sampled)
    28.54425     7.09440   -11.86414     0.03806 (mid-point)
    28.64425     7.01905   -11.76350     0.03871   (sampled)
    28.74425     6.94514   -11.66257     0.03937 (mid-point)
    28.84425     6.87078   -11.56164     0.04004   (sampled)
    28.94425     6.79731   -11.46082     0.04073 (mid-point)
    29.04425     6.72441   -11.36000     0.04144   (sampled)
    29.14425     6.65229   -11.25931     0.04216 (mid-point)
    29.24425     6.58078   -11.15862     0.04289   (sampled)
    29.34425     6.50933   -11.05808     0.04364 (mid-point)
    29.44425     6.43786   -10.95754     0.04441   (sampled)
    29.54425     6.36917   -10.85674     0.04519 (mid-point)
    29.64425     6.30033   -10.75595     0.04600   (sampled)
    29.74425     6.23221   -10.65523     0.04682 (mid-point)
    29.84425     6.16464   -10.55452     0.04765   (sampled)
    29.94425     6.09151   -10.45400     0.04851 (mid-point)
    30.04425     6.01824   -10.35348     0.04939   (sampled)
    30.14425     5.94562   -10.25262     0.05029 (mid-point)
    30.24425     5.87310   -10.15175     0.05121   (sampled)
    30.34425     5.80280   -10.05004     0.05216 (mid-point)
    30.44425     5.73077    -9.94833     0.05313   (sampled)
    30.54425     5.66206    -9.84749     0.05412 (mid-point)
    30.64425     5.59330    -9.74665     0.05514   (sampled)
    30.74425     5.52523    -9.64567     0.05618 (mid-point)
    30.84425     5.45802    -9.54470     0.05725   (sampled)
    30.94425     5.39052    -9.44348     0.05834 (mid-point)
    31.04425     5.32351    -9.34226     0.05947   (sampled)
    31.14425     5.25920    -9.24142     0.06062 (mid-point)
    31.24425     5.19576    -9.14058     0.06180   (sampled)
    31.34425     5.13278    -9.03986     0.06301 (mid-point)
    31.44425     5.07007    -8.93914     0.06424   (sampled)
    31.54425     5.00886    -8.83813     0.06551 (mid-point)
    31.64425     4.94796    -8.73712     0.06681   (sampled)
    31.74425     4.88990    -8.63576     0.06814 (mid-point)
    31.84425     4.83280    -8.53440     0.06951   (sampled)
    31.94425     4.77550    -8.43326     0.07090 (mid-point)
    32.04425     4.71929    -8.33212     0.07233   (sampled)
    32.14425     4.66508    -8.23145     0.07379 (mid-point)
    32.24425     4.61074    -8.13078     0.07529   (sampled)
    32.34425     4.55857    -8.02933     0.07682 (mid-point)
    32.44425     4.50672    -7.92787     0.07839   (sampled)
    32.54425     4.45786    -7.82685     0.07999 (mid-point)
    32.64425     4.41003    -7.72582     0.08163   (sampled)
    32.74425     4.36380    -7.62497     0.08330 (mid-point)
    32.84425     4.31773    -7.52412     0.08501   (sampled)
    32.94425     4.26619    -7.42205     0.08676 (mid-point)
    33.04425     4.21523    -7.31998     0.08855   (sampled)
    33.14425     4.16636    -7.21779     0.09038 (mid-point)
    33.24425     4.11806    -7.11559     0.09226   (sampled)
    33.34425     4.07187    -7.00150     0.09418 (mid-point)
    33.44425     4.02745    -6.88740     0.09614   (sampled)
    33.54425     3.98457    -6.78484     0.09815 (mid-point)
    33.64425     3.94305    -6.68228     0.10019   (sampled)
    33.74425     3.90246    -6.58091     0.10228 (mid-point)
    33.84425     3.86343    -6.47953     0.10442   (sampled)
    33.94425     3.82606    -6.37701     0.10659 (mid-point)
    34.04425     3.79035    -6.27449     0.10881   (sampled)
    34.14425     3.75736    -6.17258     0.11106 (mid-point)
    34.24425     3.72451    -6.07067     0.11336   (sampled)
    34.34425     3.69404    -5.96982     0.11569 (mid-point)
    34.44425     3.66520    -5.86897     0.11806   (sampled)
    34.54425     3.63780    -5.76618     0.12046 (mid-point)
    34.64425     3.61227    -5.66339     0.12290   (sampled)
    34.74425     3.58586    -5.55743     0.12538 (mid-point)
    34.84425     3.56028    -5.45147     0.12789   (sampled)
    34.94425     3.54502    -5.32363     0.13042 (mid-point)
    35.04425     3.53178    -5.19579     0.13297   (sampled)
    35.14425     3.51470    -5.09367     0.13555 (mid-point)
    35.24425     3.49922    -4.99155     0.13815   (sampled)
    35.34425     3.48688    -4.89155     0.14077 (mid-point)
    35.44425     3.47645    -4.79155     0.14340   (sampled)
    35.54425     3.46410    -4.68282     0.14606 (mid-point)
    35.64425     3.45403    -4.57409     0.14872   (sampled)
    35.74425     3.41775    -4.09415     0.15145 (mid-point)
    35.84425     3.42679    -3.61422     0.15416   (sampled)
    35.94425     3.40441    -3.50871     0.15691 (mid-point)
    36.04425     3.38413    -3.40321     0.15968   (sampled)
    36.14425     3.36329    -3.28496     0.16250 (mid-point)
    36.24425     3.34515    -3.16672     0.16534   (sampled)
    36.34425     3.32911    -3.04805     0.16822 (mid-point)
    36.44425     3.31523    -2.92938     0.17111   (sampled)
    36.54425     3.30536    -2.81165     0.17402 (mid-point)
    36.64425     3.29809    -2.69391     0.17695   (sampled)
    36.74425     3.29346    -2.58177     0.17989 (mid-point)
    36.84425     3.29071    -2.46962     0.18283   (sampled)
    36.94425     3.27126    -2.36108     0.18580 (mid-point)
    37.04425     3.25412    -2.25254     0.18881   (sampled)
    37.14425     3.23856    -2.14341     0.19184 (mid-point)
    37.24425     3.22521    -2.03429     0.19490   (sampled)
    37.34425     3.20766    -1.91384     0.19799 (mid-point)
    37.44425     3.19286    -1.79340     0.20112   (sampled)
    37.54425     3.18149    -1.67480     0.20426 (mid-point)
    37.64425     3.17241    -1.55621     0.20742   (sampled)
    37.74425     3.16612    -1.43570     0.21060 (mid-point)
    37.84425     3.16263    -1.31519     0.21378   (sampled)
    37.94425     3.16150    -1.19399     0.21697 (mid-point)
    38.04425     3.16314    -1.07280     0.22015   (sampled)
    38.14425     3.16900    -0.95199     0.22332 (mid-point)
    38.24425     3.17788    -0.83118     0.22647   (sampled)
    38.34425     3.17902    -0.72465     0.22962 (mid-point)
    38.44425     3.18194    -0.61813     0.23276   (sampled)
    38.54425     3.18299    -0.51534     0.23591 (mid-point)
    38.64425     3.18564    -0.41254     0.23904   (sampled)
    38.74425     3.18999    -0.31011     0.24217 (mid-point)
    38.84425     3.19635    -0.20768     0.24529   (sampled)
    38.94425     3.20491    -0.10384     0.24838 (mid-point)
    39.04425     3.21414     0.00000     0.25147   (sampled)
    39.14425     3.21965     0.10402     0.25454 (mid-point)
    39.24425     3.22584     0.20804     0.25760   (sampled)
    39.34425     3.22088     0.32522     0.26066 (mid-point)
    39.44425     3.21855     0.44240     0.26374   (sampled)
    39.54425     3.20782     0.55862     0.26683 (mid-point)
    39.64425     3.19966     0.67484     0.26994   (sampled)
    39.74425     3.19308     0.79401     0.27306 (mid-point)
    39.84425     3.18922     0.91318     0.27619   (sampled)
    39.94425     3.18834     1.03091     0.27932 (mid-point)
    40.04425     3.19013     1.14865     0.28245   (sampled)
    40.14425     3.19440     1.26965     0.28557 (mid-point)
    40.24425     3.20147     1.39065     0.28867   (sampled)
    40.34425     3.21086     1.50690     0.29176 (mid-point)
    40.44425     3.21935     1.62315     0.29483   (sampled)
    40.54425     3.22575     1.72986     0.29789 (mid-point)
    40.64425     3.23358     1.83656     0.30094   (sampled)
    40.74425     3.24150     1.94799     0.30397 (mid-point)
    40.84425     3.25177     2.05942     0.30698   (sampled)
    40.94425     3.26629     2.16509     0.30996 (mid-point)
    41.04425     3.28288     2.27077     0.31291   (sampled)
    41.14425     3.29451     2.55283     0.31585 (mid-point)
    41.24425     3.32108     2.83490     0.31873   (sampled)
    41.34425     3.36110     3.08534     0.32155 (mid-point)
    41.44425     3.41232     3.33578     0.32428   (sampled)
    41.54425     3.44082     3.44247     0.32697 (mid-point)
    41.64425     3.47116     3.54916     0.32961   (sampled)
    41.74425     3.50159     3.67425     0.33221 (mid-point)
    41.84425     3.53356     3.79933     0.33476   (sampled)
    41.94425     3.54531     3.90009     0.33729 (mid-point)
    42.04425     3.55898     4.00086     0.33980   (sampled)
    42.14425     3.57042     4.10568     0.34230 (mid-point)
    42.24425     3.58380     4.21050     0.34478   (sampled)
    42.34425     3.59963     4.31109     0.34724 (mid-point)
    42.44425     3.61721     4.41168     0.34967   (sampled)
    42.54425     3.63562     4.52143     0.35208 (mid-point)
    42.64425     3.65462     4.63118     0.35446   (sampled)
    42.74425     3.68219     4.73155     0.35681 (mid-point)
    42.84425     3.70989     4.83193     0.35912   (sampled)
    42.94425     3.73795     4.93439     0.36140 (mid-point)
    43.04425     3.76781     5.03686     0.36364   (sampled)
    43.14425     3.79951     5.13926     0.36585 (mid-point)
    43.24425     3.83290     5.24167     0.36801   (sampled)
    43.34425     3.86792     5.34451     0.37014 (mid-point)
    43.44425     3.90458     5.44734     0.37223   (sampled)
    43.54425     3.92462     5.55282     0.37430 (mid-point)
    43.64425     3.94491     5.65830     0.37634   (sampled)
    43.74425     3.96198     5.76761     0.37837 (mid-point)
    43.84425     3.98059     5.87691     0.38038   (sampled)
    43.94425     4.00183     5.98584     0.38236 (mid-point)
    44.04425     4.02508     6.09477     0.38433   (sampled)
    44.14425     4.05127     6.20570     0.38627 (mid-point)
    44.24425     4.07890     6.31664     0.38818   (sampled)
    44.34425     4.10669     6.42502     0.39007 (mid-point)
    44.44425     4.13639     6.53339     0.39193   (sampled)
    44.54425     4.16156     6.63453     0.39377 (mid-point)
    44.64425     4.18837     6.73567     0.39558   (sampled)
    44.74425     4.21694     6.83708     0.39737 (mid-point)
    44.84425     4.24676     6.93850     0.39914   (sampled)
    44.94425     4.27862     7.04000     0.40088 (mid-point)
    45.04425     4.31089     7.14151     0.40259   (sampled)
    45.14425     4.34600     7.24285     0.40427 (mid-point)
    45.24425     4.38148     7.34419     0.40593   (sampled)
    45.34425     4.41877     7.44558     0.40756 (mid-point)
    45.44425     4.45753     7.54696     0.40916   (sampled)
    45.54425     4.49708     7.64852     0.41074 (mid-point)
    45.64425     4.53706     7.75009     0.41228   (sampled)
    45.74425     4.58196     7.85222     0.41380 (mid-point)
    45.84425     4.62721     7.95436     0.41529   (sampled)
    45.94425     4.67306     8.05553     0.41675 (mid-point)
    46.04425     4.71982     8.15670     0.41817   (sampled)
    46.14425     4.76764     8.25806     0.41957 (mid-point)
    46.24425     4.81669     8.35942     0.42095   (sampled)
    46.34425     4.86829     8.46102     0.42229 (mid-point)
    46.44425     4.92093     8.56262     0.42360   (sampled)
    46.54425     4.97093     8.66378     0.42489 (mid-point)
    46.64425     5.02209     8.76494     0.42615   (sampled)
    46.74425     5.08103     8.86666     0.42739 (mid-point)
    46.84425     5.13931     8.96839     0.42859   (sampled)
    46.94425     5.19606     9.06965     0.42977 (mid-point)
    47.04425     5.25383     9.17092     0.43092   (sampled)
    47.14425     5.31361     9.27279     0.43205 (mid-point)
    47.24425     5.37190     9.37467     0.43316   (sampled)
    47.34425     5.43460     9.47565     0.43423 (mid-point)
    47.44425     5.49748     9.57663     0.43529   (sampled)
    47.54425     5.56019     9.67798     0.43632 (mid-point)
    47.64425     5.62321     9.77933     0.43732   (sampled)
    47.74425     5.68892     9.88097     0.43831 (mid-point)
    47.84425     5.75373     9.98261     0.43927   (sampled)
    47.94425     5.82075    10.08393     0.44021 (mid-point)
    48.04425     5.88686    10.18525     0.44113   (sampled)
    48.14425     5.95495    10.28667     0.44202 (mid-point)
    48.24425     6.02378    10.38809     0.44290   (sampled)
    48.34425     6.09348    10.48940     0.44376 (mid-point)
    48.44425     6.16340    10.59070     0.44460   (sampled)
    48.54425     6.23438    10.69212     0.44541 (mid-point)
    48.64425     6.30602    10.79354     0.44621   (sampled)
    48.74425     6.37773    10.89512     0.44700 (mid-point)
    48.84425     6.45008    10.99671     0.44776   (sampled)
    48.94425     6.52347    11.09788     0.44851 (mid-point)
    49.04425     6.59746    11.19904     0.44924   (sampled)
    49.14425     6.66968    11.30130     0.44996 (mid-point)
    49.24425     6.74252    11.40355     0.45066   (sampled)
    49.34425     6.82024    11.50439     0.45134 (mid-point)
    49.44425     6.89845    11.60523     0.45201   (sampled)
    49.54425     6.97523    11.70647     0.45266 (mid-point)
    49.64425     7.05251    11.80770     0.45330   (sampled)
    49.74425     7.12905    11.90944     0.45393 (mid-point)
    49.84425     7.20609    12.01117     0.45454   (sampled)
    49.94425     7.28483    12.11213     0.45514 (mid-point)
    50.04425     7.36401    12.21308     0.45573   (sampled)
    50.14425     7.44413    12.31483     0.45631 (mid-point)
    50.24425     7.52469    12.41657     0.45687   (sampled)
    50.34425     7.60521    12.51785     0.45742 (mid-point)
    50.44425     7.68581    12.61913     0.45796   (sampled)
    50.54425     7.76678    12.72046     0.45848 (mid-point)
    50.64425     7.84814    12.82179     0.45900   (sampled)
    50.74425     7.92991    12.92312     0.45951 (mid-point)
    50.84425     8.01205    13.02446     0.46000   (sampled)
    50.94425     8.09510    13.12626     0.46049 (mid-point)
    51.04425     8.17721    13.22805     0.46097   (sampled)
    51.14425     8.26062    13.32905     0.46143 (mid-point)
    51.24425     8.34436    13.43006     0.46189   (sampled)
    51.34425     8.42841    13.53143     0.46234 (mid-point)
    51.44425     8.51255    13.63280     0.46278   (sampled)
    51.54425     8.59680    13.73414     0.46321 (mid-point)
    51.64425     8.68105    13.83547     0.46363   (sampled)
    51.74425     8.76675    13.93701     0.46404 (mid-point)
    51.84425     8.85243    14.03855     0.46445   (sampled)
    51.94425     8.93888    14.14022     0.46485 (mid-point)
    52.04425     9.02434    14.24188     0.46524   (sampled)
    52.14425     9.10999    14.34310     0.46562 (mid-point)
    52.24425     9.19591    14.44432     0.46600   (sampled)
    52.34425     9.28373    14.54619     0.46637 (mid-point)
    52.44425     9.37164    14.64806     0.46673   (sampled)
    52.54425     9.45834    14.74969     0.46709 (mid-point)
    52.64425     9.54516    14.85133     0.46744   (sampled)
    52.74425     9.63308    14.95240     0.46778 (mid-point)
    52.84425     9.72121    15.05348     0.46812   (sampled)
    52.94425     9.80921    15.15462     0.46845 (mid-point)
    53.04425     9.89737    15.25577     0.46877   (sampled)
    53.14425     9.98485    15.35763     0.46909 (mid-point)
    53.24425    10.07252    15.45949     0.46940   (sampled)
    53.34425    10.16152    15.56027     0.46971 (mid-point)
    53.44425    10.25024    15.66105     0.47002   (sampled)
    53.54425    10.33933    15.76255     0.47031 (mid-point)
    53.64425    10.42855    15.86406     0.47061   (sampled)
    53.74425    10.51472    15.96912     0.47089 (mid-point)
    53.84425    10.60113    16.07418     0.47118   (sampled)
    53.94425    10.68760    16.17962     0.47146 (mid-point)
    54.04425    10.77429    16.28506     0.47173   (sampled)
    54.14425    10.86067    16.39069     0.47200 (mid-point)
    54.24425    10.94734    16.49632     0.47227   (sampled)
    54.34425    11.03482    16.60435     0.47253 (mid-point)
    54.44425    11.12260    16.71239     0.47278   (sampled)
    54.54425    11.21159    16.81636     0.47304 (mid-point)
    54.64425    11.30047    16.92033     0.47329   (sampled)
    54.74425    11.38910    17.02624     0.47353 (mid-point)
    54.84425    11.47766    17.13215     0.47377   (sampled)
    54.94425    11.56667    17.23846     0.47401 (mid-point)
    55.04425    11.65594    17.34478     0.47425   (sampled)
    55.14425    11.74582    17.44967     0.47448 (mid-point)
    55.24425    11.83591    17.55457     0.47470   (sampled)
    55.34425    11.92447    17.65951     0.47493 (mid-point)
    55.44425    12.01326    17.76445     0.47515   (sampled)
    55.54425    12.10532    17.87431     0.47537 (mid-point)
    55.64425    12.19759    17.98417     0.47558   (sampled)
    55.74425    12.28871    18.08960     0.47579 (mid-point)
    55.84425    12.37998    18.19503     0.47600   (sampled)
    55.94425    12.47145    18.30079     0.47620 (mid-point)
    56.04425    12.56301    18.40655     0.47640   (sampled)
    56.14425    12.65440    18.51310     0.47660 (mid-point)
    56.24425    12.74587    18.61966     0.47680   (sampled)
    56.34425    12.83913    18.72349     0.47699 (mid-point)
    56.44425    12.93097    18.82733     0.47718   (sampled)
    56.54425    13.02394    18.93458     0.47737 (mid-point)
    56.64425    13.11557    19.04183     0.47756   (sampled)
    56.74425    13.20935    19.14617     0.47774 (mid-point)
    56.84425    13.30305    19.25051     0.47792   (sampled)
    56.94425    13.39623    19.35746     0.47809 (mid-point)
    57.04425    13.48936    19.46441     0.47827   (sampled)
    57.14425    13.55732    20.45687     0.47844 (mid-point)
    57.24425    13.68932    21.44932     0.47861   (sampled)
    57.34425    14.11825    24.24065     0.47877 (mid-point)
    57.44425    15.01024    27.03198     0.47891   (sampled)
    57.54425    16.10861    30.01355     0.47904 (mid-point)
    57.64425    17.57980    32.99512     0.47914   (sampled)

 Minimum radius found:      3.162 angstroms.



 For spherical probe approach, The geometric factor
         F= sum(ds/area) along channel is    0.479 angstroms**-1
 This yields a macroscopic predicted molar conductance of:
   (1/rho)*(100/F)= (210/rho) pS,
   where rho is the conductivity of 1M permeant ion in ohm m.
 N.B. this is a macroscopic conductance - an overestimate 
 Empirically corrected conductances currently only available
 With the CAPSULE option (although its not that stable!)
 For 1M KCl rho= 1/12 (ohm m), So Gmacro= 2500 pS/M.
  (TAG      1   Rmin=     3.16150   Gmacro=  2504.49074 Conn_Gmacro=    -1.00000 ).
 HOLE: normal completion
