 *** Program HOLE ***
 
 If results of this run are reported or published, please
 cite the publication listed below.
 For the HOLE program:
   Smart, O.S., Goodfellow, J.M., Wallace, B.A. (1993). 
   The pore dimensions of gramicidin A. 
   Biophys. J., 65, 2455-2460.
 
 Originally written by Oliver Smart at Birkbeck College from April 1992.
 Copyright 1993-2005 Oliver Smart
 Copyright 2014-2015 SmartSci Limited.
 Copyright 2016 Oliver Smart.
 
 For help on HOLE suite see  http://www.holeprogram.org/
 
 HOLE release 2.2.005 (07 August 2016) 
 
 usage subject to Apache License, Version 2.0 
 see http://www.apache.org/licenses/LICENSE-2.0 

 Control variables read:

! Input file for Oliver Smart's HOLE program
! written by MDAnalysis.analysis.hole2.HoleAnalysis
! for a Universe
! u = mda.Universe(host_137.mol2
!    host_137.mol2
!   )
! Frame 0

COORD  /tmp/tmpry66spc2.pdb
RADIUS simple2.rad
SPHPDB hole000.sph
SAMPLE 0.200000
ENDRAD 22.000000
IGNORE SOL WAT TIP HOH K   NA  CL
SHORTO 0
RASEED 31415
CPOINT 0.0000864218 0.0003333160 -0.1167407414


 WARNING have not found a CVECT record - will try to guess
 Input pdb filename read as:    '/tmp/tmpry66spc2.pdb'
 Input vdW radius file read as: 'simple2.rad'
 point in channel:    0.000   0.000  -0.117
 channel vector:   ************************
 sampling distance between planes:    0.200

 graphics conditions:
 binary plot output file name: NONE
 Dot density:    10
 Draw dots?           T
 Draw close contacts? F
 Draw centre line?    T
 Produce spikes rather than dots? F
 Seed for random number generator:     31415 (0 means value set by program)
 Radius above which a result is regarded as an 'end':  22.000
 Pdb format file for sphere centres: hole000.sph

 Monte Carlo conditions:
  no of steps:  1000
  maximum displacement   0.100 angs
  'kT' initial   0.100 angs
 The spherebox and capsule options are turned off.
 (No molqpt card so will not write qpt file of the molecule)
 IGNORE card read so will ignore residue types: SOL WAT TIP HOH K   NA  CL
 no SHORTO card read so will produce full textual output
 As no PEGRAT card was found will not produce PEG polymer exclusion graph
 (No 2DMAPS card specified so will not produce 2D property maps)
 Have not found a CUT card.  Normal calculation using
   Cutoff lists with a cutsize=       1.000
   (if you wish to turn off option use a CUT -1 card)

 Have read     7 bond radius records and
              16 vdW radius records.
 From file: simple2.rad

 Have read    81 atom records.
 From file: /tmp/tmpry66spc2.pdb
 Will not produce graphical output

 Have opened file for pdb format output of sphere centres:  hole000.sph

  Seed integer used by ran # generator on this run      31415

 
 S/R cguess will try to guess CPOINT and/or CVECT
 
 THESE GUESSES MAY WELL BE WRONG!!!!
 Routine relies on having a reasonably symmetric
 channel oriented along x, y or z vector
 YOU ARE STRONGLY ADVISED TO CHECK THE RESULTS
                       WITH MOLECULAR GRAPHICS
 testing points from cpoint in X, Y then Z direction
   point                   pore radius
direction     1
  -5.000   0.000  -0.117    -1.388
  -4.000   0.000  -0.117    -0.872
  -3.000   0.000  -0.117    -1.048
  -2.000   0.000  -0.117    -0.531
  -1.000   0.000  -0.117     0.382
   0.000   0.000  -0.117     0.888
   1.000   0.000  -0.117    -0.041
   2.000   0.000  -0.117    -0.795
   3.000   0.000  -0.117    -1.119
   4.000   0.000  -0.117    -1.270
   5.000   0.000  -0.117    -0.388
 Average pore radius along the line=     -0.562
direction     2
   0.000  -5.000  -0.117    -1.282
   0.000  -4.000  -0.117    -0.673
   0.000  -3.000  -0.117    -0.659
   0.000  -2.000  -0.117    -0.652
   0.000  -1.000  -0.117    -0.000
   0.000   0.000  -0.117     0.888
   0.000   1.000  -0.117     0.290
   0.000   2.000  -0.117     0.087
   0.000   3.000  -0.117    -0.865
   0.000   4.000  -0.117    -1.315
   0.000   5.000  -0.117    -0.632
 Average pore radius along the line=     -0.437
direction     3
   0.000   0.000  -5.117     4.297
   0.000   0.000  -4.117     3.459
   0.000   0.000  -3.117     2.665
   0.000   0.000  -2.117     1.895
   0.000   0.000  -1.117     1.266
   0.000   0.000  -0.117     0.888
   0.000   0.000   0.883     0.876
   0.000   0.000   1.883     1.234
   0.000   0.000   2.883     1.850
   0.000   0.000   3.883     2.614
   0.000   0.000   4.883     3.460
 Average pore radius along the line=      2.228
 Best direction is found to be     3
(1=X,2=Y,3=Z)
 s/r cguess has produced initial values for cpoint &/or cvect:
CPOINT       0.0001      0.0003     -0.1167
CVECT        0.0000      0.0000      1.0000
 THESE GUESSES MAY WELL BE WRONG!!!!
 Routine relies on having a reasonably symmetric
 channel oriented along x, y or z vector
 YOU ARE STRONGLY ADVISED TO CHECK THE RESULTS
                       WITH MOLECULAR GRAPHICS
 
 
  Some routines (e.g. conn) need vectors normal to cvect: 
     EAST Zero degrees angle is along vector    1.000   0.000   0.000
     NORTH  90 degrees angle is along vector    0.000  -1.000   0.000
 highest radius point found:
  at point    0.000   0.000  -0.117
  closest atom surface    0.888   O5  137 X    0
  2nd closest surface     0.889   O3  137 X    0
  found on step    1
 current point:
  at point   -0.009  -0.001  -0.117
  closest atom surface    0.885   O3  137 X    0
  2nd closest surface     0.886   O1  137 X    0
  found on step  994
  no. of rejections          395
 stored as     0

 highest radius point found:
  at point    0.000   0.000   0.083
  closest atom surface    0.854   O5  137 X    0
  2nd closest surface     0.855   O3  137 X    0
  found on step    1
 current point:
  at point    0.001  -0.001   0.083
  closest atom surface    0.854   O3  137 X    0
  2nd closest surface     0.854   O5  137 X    0
  found on step  957
  no. of rejections          378
 stored as     1

 highest radius point found:
  at point    0.000   0.000   0.283
  closest atom surface    0.836   O5  137 X    0
  2nd closest surface     0.837   O3  137 X    0
  found on step    1
 current point:
  at point    0.004  -0.000   0.283
  closest atom surface    0.832   O5  137 X    0
  2nd closest surface     0.838   O3  137 X    0
  found on step  989
  no. of rejections          385
 stored as     2

 highest radius point found:
  at point    0.000   0.000   0.483
  closest atom surface    0.833   O5  137 X    0
  2nd closest surface     0.835   O1  137 X    0
  found on step    1
 current point:
  at point    0.001   0.002   0.483
  closest atom surface    0.832   O5  137 X    0
  2nd closest surface     0.833   O1  137 X    0
  found on step  990
  no. of rejections          402
 stored as     3

 highest radius point found:
  at point    0.000   0.000   0.683
  closest atom surface    0.847   O5  137 X    0
  2nd closest surface     0.848   O1  137 X    0
  found on step    1
 current point:
  at point    0.003  -0.006   0.683
  closest atom surface    0.844   O3  137 X    0
  2nd closest surface     0.845   O5  137 X    0
  found on step  966
  no. of rejections          412
 stored as     4

 highest radius point found:
  at point   -0.000   0.000   0.883
  closest atom surface    0.877   O5  137 X    0
  2nd closest surface     0.877   O1  137 X    0
  found on step  942
  this is also current point
  no. of rejections          382
 stored as     5

 highest radius point found:
  at point   -0.000   0.000   1.083
  closest atom surface    0.921   O1  137 X    0
  2nd closest surface     0.921   O5  137 X    0
  found on step    1
 current point:
  at point    0.000  -0.001   1.083
  closest atom surface    0.921   O5  137 X    0
  2nd closest surface     0.922   O3  137 X    0
  found on step  972
  no. of rejections          380
 stored as     6

 highest radius point found:
  at point   -0.000   0.000   1.283
  closest atom surface    0.980   O1  137 X    0
  2nd closest surface     0.981   O5  137 X    0
  found on step    1
 current point:
  at point    0.003  -0.000   1.283
  closest atom surface    0.978   O5  137 X    0
  2nd closest surface     0.982   O1  137 X    0
  found on step  952
  no. of rejections          406
 stored as     7

 highest radius point found:
  at point   -0.000   0.000   1.483
  closest atom surface    1.053   O1  137 X    0
  2nd closest surface     1.053   O5  137 X    0
  found on step    1
 current point:
  at point    0.000  -0.006   1.483
  closest atom surface    1.050   O3  137 X    0
  2nd closest surface     1.054   O5  137 X    0
  found on step  994
  no. of rejections          371
 stored as     8

 highest radius point found:
  at point   -0.000   0.000   1.683
  closest atom surface    1.138   O1  137 X    0
  2nd closest surface     1.138   O5  137 X    0
  found on step    1
 current point:
  at point   -0.003  -0.001   1.683
  closest atom surface    1.137   O1  137 X    0
  2nd closest surface     1.138   O3  137 X    0
  found on step  908
  no. of rejections          356
 stored as     9

 highest radius point found:
  at point   -0.001  -0.002   1.883
  closest atom surface    1.235   O3  137 X    0
  2nd closest surface     1.235   O1  137 X    0
  found on step   61
 current point:
  at point   -0.002  -0.001   1.883
  closest atom surface    1.233   O1  137 X    0
  2nd closest surface     1.235   O3  137 X    0
  found on step  969
  no. of rejections          358
 stored as    10

 highest radius point found:
  at point   -0.001  -0.002   2.083
  closest atom surface    1.341   O3  137 X    0
  2nd closest surface     1.342   O1  137 X    0
  found on step    1
 current point:
  at point   -0.005  -0.002   2.083
  closest atom surface    1.340   O1  137 X    0
  2nd closest surface     1.340   O3  137 X    0
  found on step  989
  no. of rejections          337
 stored as    11

 highest radius point found:
  at point   -0.001  -0.002   2.283
  closest atom surface    1.458   O3  137 X    0
  2nd closest surface     1.458   O1  137 X    0
  found on step    1
 current point:
  at point   -0.012  -0.005   2.283
  closest atom surface    1.453   O3  137 X    0
  2nd closest surface     1.454   O1  137 X    0
  found on step  934
  no. of rejections          376
 stored as    12

 highest radius point found:
  at point   -0.001  -0.002   2.483
  closest atom surface    1.582   O1  137 X    0
  2nd closest surface     1.582   O3  137 X    0
  found on step    1
 current point:
  at point   -0.003  -0.005   2.483
  closest atom surface    1.579   O3  137 X    0
  2nd closest surface     1.582   O1  137 X    0
  found on step  941
  no. of rejections          346
 stored as    13

 highest radius point found:
  at point   -0.001  -0.002   2.683
  closest atom surface    1.713   O1  137 X    0
  2nd closest surface     1.714   O3  137 X    0
  found on step    1
 current point:
  at point    0.002  -0.007   2.683
  closest atom surface    1.711   O3  137 X    0
  2nd closest surface     1.713   O5  137 X    0
  found on step  992
  no. of rejections          365
 stored as    14

 highest radius point found:
  at point   -0.001  -0.002   2.883
  closest atom surface    1.851   O1  137 X    0
  2nd closest surface     1.852   O3  137 X    0
  found on step    1
 current point:
  at point   -0.004  -0.004   2.883
  closest atom surface    1.850   O3  137 X    0
  2nd closest surface     1.850   O1  137 X    0
  found on step  966
  no. of rejections          352
 stored as    15

 highest radius point found:
  at point   -0.001  -0.002   3.083
  closest atom surface    1.995   O1  137 X    0
  2nd closest surface     1.996   O3  137 X    0
  found on step    1
 current point:
  at point    0.000  -0.007   3.083
  closest atom surface    1.993   O3  137 X    0
  2nd closest surface     1.996   O5  137 X    0
  found on step  921
  no. of rejections          338
 stored as    16

 highest radius point found:
  at point    0.002  -0.005   3.283
  closest atom surface    2.144   O5  137 X    0
  2nd closest surface     2.144   O3  137 X    0
  found on step  960
  this is also current point
  no. of rejections          331
 stored as    17

 highest radius point found:
  at point    0.001  -0.004   3.483
  closest atom surface    2.297   O5  137 X    0
  2nd closest surface     2.298   O3  137 X    0
  found on step  844
 current point:
  at point    0.003  -0.005   3.483
  closest atom surface    2.296   O5  137 X    0
  2nd closest surface     2.297   O3  137 X    0
  found on step 1000
  no. of rejections          330
 stored as    18

 highest radius point found:
  at point    0.001  -0.004   3.683
  closest atom surface    2.455   O5  137 X    0
  2nd closest surface     2.455   O3  137 X    0
  found on step    1
 current point:
  at point    0.002  -0.003   3.683
  closest atom surface    2.454   O5  137 X    0
  2nd closest surface     2.456   O3  137 X    0
  found on step  935
  no. of rejections          341
 stored as    19

 highest radius point found:
  at point    0.001  -0.004   3.883
  closest atom surface    2.616   O5  137 X    0
  2nd closest surface     2.616   O3  137 X    0
  found on step    1
 current point:
  at point   -0.001  -0.004   3.883
  closest atom surface    2.616   O1  137 X    0
  2nd closest surface     2.616   O3  137 X    0
  found on step  951
  no. of rejections          322
 stored as    20

 highest radius point found:
  at point    0.001  -0.004   4.083
  closest atom surface    2.780   O5  137 X    0
  2nd closest surface     2.780   O1  137 X    0
  found on step    1
 current point:
  at point   -0.000  -0.005   4.083
  closest atom surface    2.780   O3  137 X    0
  2nd closest surface     2.780   O1  137 X    0
  found on step  996
  no. of rejections          288
 stored as    21

 highest radius point found:
  at point    0.001  -0.004   4.283
  closest atom surface    2.947   O5  137 X    0
  2nd closest surface     2.947   O1  137 X    0
  found on step    1
 current point:
  at point    0.005  -0.012   4.283
  closest atom surface    2.944   O3  137 X    0
  2nd closest surface     2.946   O5  137 X    0
  found on step  990
  no. of rejections          284
 stored as    22

 highest radius point found:
  at point    0.001  -0.004   4.483
  closest atom surface    3.117   O5  137 X    0
  2nd closest surface     3.117   O1  137 X    0
  found on step    1
 current point:
  at point    0.597   1.832   4.483
  closest atom surface    3.002   O1  137 X    0
  2nd closest surface     3.002   O5  137 X    0
  found on step  996
  no. of rejections          291
 stored as    23

 highest radius point found:
  at point    0.001  -0.004   4.683
  closest atom surface    3.288   O5  137 X    0
  2nd closest surface     3.288   O1  137 X    0
  found on step    1
 current point:
  at point   -0.001  -0.004   4.683
  closest atom surface    3.288   O1  137 X    0
  2nd closest surface     3.289   O3  137 X    0
  found on step  959
  no. of rejections          273
 stored as    24

 highest radius point found:
  at point    0.001  -0.004   4.883
  closest atom surface    3.462   O1  137 X    0
  2nd closest surface     3.462   O5  137 X    0
  found on step    1
 current point:
  at point   -0.016  -0.070   4.883
  closest atom surface    3.430   O3  137 X    0
  2nd closest surface     3.478   O5  137 X    0
  found on step 1000
  no. of rejections          254
 stored as    25

 highest radius point found:
  at point    0.001  -0.004   5.083
  closest atom surface    3.638   O1  137 X    0
  2nd closest surface     3.638   O5  137 X    0
  found on step    1
 current point:
  at point    0.003  -0.006   5.083
  closest atom surface    3.637   O5  137 X    0
  2nd closest surface     3.638   O3  137 X    0
  found on step  915
  no. of rejections          264
 stored as    26

 highest radius point found:
  at point    0.001  -0.004   5.283
  closest atom surface    3.815   O1  137 X    0
  2nd closest surface     3.815   O5  137 X    0
  found on step    1
 current point:
  at point    0.003  -0.006   5.283
  closest atom surface    3.815   O5  137 X    0
  2nd closest surface     3.815   O3  137 X    0
  found on step  978
  no. of rejections          270
 stored as    27

 highest radius point found:
  at point    0.001  -0.004   5.483
  closest atom surface    3.994   O1  137 X    0
  2nd closest surface     3.994   O5  137 X    0
  found on step    1
 current point:
  at point    0.004  -0.008   5.483
  closest atom surface    3.994   O5  137 X    0
  2nd closest surface     3.994   O3  137 X    0
  found on step  996
  no. of rejections          257
 stored as    28

 highest radius point found:
  at point    0.001  -0.004   5.683
  closest atom surface    4.174   O1  137 X    0
  2nd closest surface     4.175   O5  137 X    0
  found on step    1
 current point:
  at point    0.002   0.000   5.683
  closest atom surface    4.173   O1  137 X    0
  2nd closest surface     4.174   O5  137 X    0
  found on step  961
  no. of rejections          280
 stored as    29

 highest radius point found:
  at point    0.003  -0.007   5.883
  closest atom surface    4.356   O5  137 X    0
  2nd closest surface     4.356   O3  137 X    0
  found on step  880
  this is also current point
  no. of rejections          260
 stored as    30

 highest radius point found:
  at point   -0.001  -0.006   6.083
  closest atom surface    4.538   O1  137 X    0
  2nd closest surface     4.539   O3  137 X    0
  found on step  996
  this is also current point
  no. of rejections          243
 stored as    31

 highest radius point found:
  at point    0.003  -0.008   6.283
  closest atom surface    4.722   O3  137 X    0
  2nd closest surface     4.722   O5  137 X    0
  found on step  887
  this is also current point
  no. of rejections          251
 stored as    32

 highest radius point found:
  at point    0.003  -0.008   6.483
  closest atom surface    4.907   O3  137 X    0
  2nd closest surface     4.907   O5  137 X    0
  found on step    1
 current point:
  at point    1.356  -1.516   6.483
  closest atom surface    4.836   O3  137 X    0
  2nd closest surface     4.838   N7  137 X    0
  found on step  975
  no. of rejections          235
 stored as    33

 highest radius point found:
  at point    0.001  -0.008   6.683
  closest atom surface    5.092   O3  137 X    0
  2nd closest surface     5.093   O1  137 X    0
  found on step  851
 current point:
  at point    0.003  -0.006   6.683
  closest atom surface    5.092   O5  137 X    0
  2nd closest surface     5.093   O1  137 X    0
  found on step  960
  no. of rejections          235
 stored as    34

 highest radius point found:
  at point    0.001  -0.008   6.883
  closest atom surface    5.279   O3  137 X    0
  2nd closest surface     5.279   O1  137 X    0
  found on step    1
 current point:
  at point    1.373  -1.536   6.883
  closest atom surface    5.215   O3  137 X    0
  2nd closest surface     5.215   N7  137 X    0
  found on step  947
  no. of rejections          199
 stored as    35

 highest radius point found:
  at point    0.001  -0.008   7.083
  closest atom surface    5.466   O3  137 X    0
  2nd closest surface     5.466   O1  137 X    0
  found on step    1
 current point:
  at point    0.003  -0.005   7.083
  closest atom surface    5.466   O5  137 X    0
  2nd closest surface     5.466   O1  137 X    0
  found on step 1000
  no. of rejections          212
 stored as    36

 highest radius point found:
  at point    0.001  -0.008   7.283
  closest atom surface    5.654   O1  137 X    0
  2nd closest surface     5.654   O3  137 X    0
  found on step    1
 current point:
  at point    1.227  -1.365   7.283
  closest atom surface    5.573   O5  137 X    0
  2nd closest surface     5.573   O3  137 X    0
  found on step  998
  no. of rejections          196
 stored as    37

 highest radius point found:
  at point    0.001  -0.008   7.483
  closest atom surface    5.842   O1  137 X    0
  2nd closest surface     5.842   O3  137 X    0
  found on step    1
 current point:
  at point   -0.008  -0.010   7.483
  closest atom surface    5.841   O1  137 X    0
  2nd closest surface     5.841   O3  137 X    0
  found on step  969
  no. of rejections          250
 stored as    38

 highest radius point found:
  at point    0.001  -0.008   7.683
  closest atom surface    6.031   O1  137 X    0
  2nd closest surface     6.031   O3  137 X    0
  found on step    1
 current point:
  at point   -0.010  -0.013   7.683
  closest atom surface    6.029   O3  137 X    0
  2nd closest surface     6.030   O1  137 X    0
  found on step  926
  no. of rejections          231
 stored as    39

 highest radius point found:
  at point    0.001  -0.008   7.883
  closest atom surface    6.221   O1  137 X    0
  2nd closest surface     6.221   O3  137 X    0
  found on step    1
 current point:
  at point    0.002   0.001   7.883
  closest atom surface    6.219   O1  137 X    0
  2nd closest surface     6.220   O5  137 X    0
  found on step  989
  no. of rejections          260
 stored as    40

 highest radius point found:
  at point    0.001  -0.008   8.083
  closest atom surface    6.410   O1  137 X    0
  2nd closest surface     6.411   O3  137 X    0
  found on step    1
 current point:
  at point    0.006  -0.013   8.083
  closest atom surface    6.410   O3  137 X    0
  2nd closest surface     6.410   O5  137 X    0
  found on step  939
  no. of rejections          222
 stored as    41

 highest radius point found:
  at point    0.002  -0.008   8.283
  closest atom surface    6.601   O1  137 X    0
  2nd closest surface     6.601   O5  137 X    0
  found on step  965
  this is also current point
  no. of rejections          240
 stored as    42

 highest radius point found:
  at point    0.002  -0.008   8.483
  closest atom surface    6.792   O1  137 X    0
  2nd closest surface     6.792   O5  137 X    0
  found on step    1
 current point:
  at point    1.433  -1.596   8.483
  closest atom surface    6.750   O3  137 X    0
  2nd closest surface     6.750   N7  137 X    0
  found on step  977
  no. of rejections          204
 stored as    43

 highest radius point found:
  at point    0.002  -0.008   8.683
  closest atom surface    6.984   O1  137 X    0
  2nd closest surface     6.984   O5  137 X    0
  found on step    1
 current point:
  at point    0.005  -0.007   8.683
  closest atom surface    6.983   O5  137 X    0
  2nd closest surface     6.984   O1  137 X    0
  found on step  966
  no. of rejections          213
 stored as    44

 highest radius point found:
  at point    0.002  -0.008   8.883
  closest atom surface    7.175   O1  137 X    0
  2nd closest surface     7.175   O5  137 X    0
  found on step    1
 current point:
  at point    0.479   1.451   8.883
  closest atom surface    7.091   O5  137 X    0
  2nd closest surface     7.092   O1  137 X    0
  found on step  994
  no. of rejections          189
 stored as    45

 highest radius point found:
  at point    0.002  -0.008   9.083
  closest atom surface    7.367   O1  137 X    0
  2nd closest surface     7.368   O5  137 X    0
  found on step    1
 current point:
  at point    0.682   2.089   9.083
  closest atom surface    7.331   C   137 X    0
  2nd closest surface     7.331   O1  137 X    0
  found on step  993
  no. of rejections          199
 stored as    46

 highest radius point found:
  at point    0.002  -0.008   9.283
  closest atom surface    7.560   O1  137 X    0
  2nd closest surface     7.560   O5  137 X    0
  found on step    1
 current point:
  at point   -2.089  -0.457   9.283
  closest atom surface    7.520   O3  137 X    0
  2nd closest surface     7.520   O1  137 X    0
  found on step  971
  no. of rejections          187
 stored as    47

 highest radius point found:
  at point    0.003  -0.008   9.483
  closest atom surface    7.752   O1  137 X    0
  2nd closest surface     7.753   O5  137 X    0
  found on step  957
  this is also current point
  no. of rejections          208
 stored as    48

 highest radius point found:
  at point    0.003  -0.008   9.683
  closest atom surface    7.945   O1  137 X    0
  2nd closest surface     7.946   O5  137 X    0
  found on step    1
 current point:
  at point    0.004  -0.009   9.683
  closest atom surface    7.945   O5  137 X    0
  2nd closest surface     7.946   O1  137 X    0
  found on step  976
  no. of rejections          218
 stored as    49

 highest radius point found:
  at point    0.003  -0.008   9.883
  closest atom surface    8.139   O1  137 X    0
  2nd closest surface     8.139   O5  137 X    0
  found on step    1
 current point:
  at point    1.488  -1.667   9.883
  closest atom surface    8.110   N7  137 X    0
  2nd closest surface     8.110   O3  137 X    0
  found on step  995
  no. of rejections          195
 stored as    50

 highest radius point found:
  at point    0.003  -0.008  10.083
  closest atom surface    8.332   O1  137 X    0
  2nd closest surface     8.333   O5  137 X    0
  found on step    1
 current point:
  at point    0.002  -0.008  10.083
  closest atom surface    8.332   O1  137 X    0
  2nd closest surface     8.333   O5  137 X    0
  found on step  988
  no. of rejections          191
 stored as    51

 highest radius point found:
  at point    0.003  -0.008  10.283
  closest atom surface    8.526   O1  137 X    0
  2nd closest surface     8.526   O5  137 X    0
  found on step    1
 current point:
  at point   -0.002  -0.012  10.283
  closest atom surface    8.526   O3  137 X    0
  2nd closest surface     8.526   O1  137 X    0
  found on step  953
  no. of rejections          200
 stored as    52

 highest radius point found:
  at point    0.003  -0.010  10.483
  closest atom surface    8.720   O1  137 X    0
  2nd closest surface     8.721   O5  137 X    0
  found on step  936
  this is also current point
  no. of rejections          202
 stored as    53

 highest radius point found:
  at point    0.003  -0.010  10.683
  closest atom surface    8.915   O1  137 X    0
  2nd closest surface     8.915   O5  137 X    0
  found on step    1
 current point:
  at point   -0.001  -0.011  10.683
  closest atom surface    8.914   O1  137 X    0
  2nd closest surface     8.915   O3  137 X    0
  found on step  914
  no. of rejections          204
 stored as    54

 highest radius point found:
  at point    0.003  -0.010  10.883
  closest atom surface    9.109   O1  137 X    0
  2nd closest surface     9.109   O5  137 X    0
  found on step    1
 current point:
  at point   -0.010  -0.014  10.883
  closest atom surface    9.108   O1  137 X    0
  2nd closest surface     9.108   O3  137 X    0
  found on step  953
  no. of rejections          194
 stored as    55

 highest radius point found:
  at point    0.003  -0.010  11.083
  closest atom surface    9.304   O1  137 X    0
  2nd closest surface     9.304   O5  137 X    0
  found on step    1
 current point:
  at point   -2.138  -0.468  11.083
  closest atom surface    9.274   C11 137 X    0
  2nd closest surface     9.274   O1  137 X    0
  found on step  949
  no. of rejections          178
 stored as    56

 highest radius point found:
  at point    0.001  -0.013  11.283
  closest atom surface    9.499   O3  137 X    0
  2nd closest surface     9.499   O1  137 X    0
  found on step  980
  this is also current point
  no. of rejections          193
 stored as    57

 highest radius point found:
  at point    0.001  -0.013  11.483
  closest atom surface    9.694   O1  137 X    0
  2nd closest surface     9.694   O3  137 X    0
  found on step    1
 current point:
  at point    0.676   2.133  11.483
  closest atom surface    9.663   C   137 X    0
  2nd closest surface     9.664   O1  137 X    0
  found on step 1000
  no. of rejections          199
 stored as    58

 highest radius point found:
  at point    0.001  -0.013  11.683
  closest atom surface    9.889   O1  137 X    0
  2nd closest surface     9.889   O3  137 X    0
  found on step    1
 current point:
  at point    0.007  -0.021  11.683
  closest atom surface    9.888   O3  137 X    0
  2nd closest surface     9.889   O5  137 X    0
  found on step  908
  no. of rejections          204
 stored as    59

 highest radius point found:
  at point    0.001  -0.013  11.883
  closest atom surface   10.084   O1  137 X    0
  2nd closest surface    10.085   O3  137 X    0
  found on step    1
 current point:
  at point    1.511  -1.682  11.883
  closest atom surface   10.064   O5  137 X    0
  2nd closest surface    10.064   O3  137 X    0
  found on step  948
  no. of rejections          186
 stored as    60

 highest radius point found:
  at point    0.001  -0.013  12.083
  closest atom surface   10.280   O1  137 X    0
  2nd closest surface    10.280   O3  137 X    0
  found on step    1
 current point:
  at point    0.823  -0.921  12.083
  closest atom surface   10.217   O3  137 X    0
  2nd closest surface    10.217   O5  137 X    0
  found on step  990
  no. of rejections          183
 stored as    61

 highest radius point found:
  at point    0.001  -0.013  12.283
  closest atom surface   10.475   O1  137 X    0
  2nd closest surface    10.476   O3  137 X    0
  found on step    1
 current point:
  at point    0.679   2.084  12.283
  closest atom surface   10.447   O1  137 X    0
  2nd closest surface    10.448   H32 137 X    0
  found on step  988
  no. of rejections          163
 stored as    62

 highest radius point found:
  at point    0.002  -0.013  12.483
  closest atom surface   10.671   O1  137 X    0
  2nd closest surface    10.672   O3  137 X    0
  found on step    2
 current point:
  at point    0.004  -0.017  12.483
  closest atom surface   10.671   O3  137 X    0
  2nd closest surface    10.672   O5  137 X    0
  found on step  935
  no. of rejections          187
 stored as    63

 highest radius point found:
  at point    0.004  -0.012  12.683
  closest atom surface   10.868   O5  137 X    0
  2nd closest surface    10.868   O1  137 X    0
  found on step  975
  this is also current point
  no. of rejections          185
 stored as    64

 highest radius point found:
  at point    0.004  -0.012  12.883
  closest atom surface   11.064   O5  137 X    0
  2nd closest surface    11.064   O1  137 X    0
  found on step    1
 current point:
  at point    0.004  -0.016  12.883
  closest atom surface   11.063   O3  137 X    0
  2nd closest surface    11.064   O5  137 X    0
  found on step  922
  no. of rejections          169
 stored as    65

 highest radius point found:
  at point    0.004  -0.013  13.083
  closest atom surface   11.260   O5  137 X    0
  2nd closest surface    11.260   O1  137 X    0
  found on step 1000
  this is also current point
  no. of rejections          201
 stored as    66

 highest radius point found:
  at point    0.004  -0.013  13.283
  closest atom surface   11.456   O5  137 X    0
  2nd closest surface    11.456   O1  137 X    0
  found on step    1
 current point:
  at point   -0.002  -0.018  13.283
  closest atom surface   11.455   O3  137 X    0
  2nd closest surface    11.456   O1  137 X    0
  found on step  928
  no. of rejections          195
 stored as    67

 highest radius point found:
  at point    0.004  -0.013  13.483
  closest atom surface   11.653   O1  137 X    0
  2nd closest surface    11.653   O5  137 X    0
  found on step    1
 current point:
  at point   -2.035  -0.452  13.483
  closest atom surface   11.621   O3  137 X    0
  2nd closest surface    11.622   H10 137 X    0
  found on step  985
  no. of rejections          177
 stored as    68

 highest radius point found:
  at point    0.004  -0.013  13.683
  closest atom surface   11.849   O1  137 X    0
  2nd closest surface    11.849   O5  137 X    0
  found on step    1
 current point:
  at point    1.829  -1.755  13.683
  closest atom surface   11.825   H21 137 X    0
  2nd closest surface    11.826   O5  137 X    0
  found on step  995
  no. of rejections          182
 stored as    69

 highest radius point found:
  at point    0.004  -0.015  13.883
  closest atom surface   12.046   O3  137 X    0
  2nd closest surface    12.046   O1  137 X    0
  found on step  979
  this is also current point
  no. of rejections          174
 stored as    70

 highest radius point found:
  at point    0.004  -0.015  14.083
  closest atom surface   12.243   O3  137 X    0
  2nd closest surface    12.243   O1  137 X    0
  found on step    1
 current point:
  at point    0.004  -0.017  14.083
  closest atom surface   12.242   O3  137 X    0
  2nd closest surface    12.243   O5  137 X    0
  found on step  960
  no. of rejections          183
 stored as    71

 highest radius point found:
  at point    0.004  -0.015  14.283
  closest atom surface   12.439   O1  137 X    0
  2nd closest surface    12.439   O3  137 X    0
  found on step    1
 current point:
  at point   -0.762  -0.179  14.283
  closest atom surface   12.392   O3  137 X    0
  2nd closest surface    12.392   O1  137 X    0
  found on step 1000
  no. of rejections          166
 stored as    72

 highest radius point found:
  at point    0.004  -0.015  14.483
  closest atom surface   12.636   O1  137 X    0
  2nd closest surface    12.636   O3  137 X    0
  found on step    1
 current point:
  at point    0.002  -0.018  14.483
  closest atom surface   12.636   O3  137 X    0
  2nd closest surface    12.636   O1  137 X    0
  found on step  997
  no. of rejections          171
 stored as    73

 highest radius point found:
  at point    0.004  -0.015  14.683
  closest atom surface   12.833   O1  137 X    0
  2nd closest surface    12.833   O3  137 X    0
  found on step    1
 current point:
  at point    0.006  -0.018  14.683
  closest atom surface   12.833   O3  137 X    0
  2nd closest surface    12.833   O5  137 X    0
  found on step  977
  no. of rejections          184
 stored as    74

 highest radius point found:
  at point    0.004  -0.015  14.883
  closest atom surface   13.030   O1  137 X    0
  2nd closest surface    13.031   O3  137 X    0
  found on step    1
 current point:
  at point    0.007  -0.019  14.883
  closest atom surface   13.030   O3  137 X    0
  2nd closest surface    13.030   O5  137 X    0
  found on step  961
  no. of rejections          169
 stored as    75

 highest radius point found:
  at point    0.004  -0.015  15.083
  closest atom surface   13.227   O1  137 X    0
  2nd closest surface    13.228   O3  137 X    0
  found on step    1
 current point:
  at point    0.006  -0.015  15.083
  closest atom surface   13.227   O5  137 X    0
  2nd closest surface    13.228   O1  137 X    0
  found on step  901
  no. of rejections          171
 stored as    76

 highest radius point found:
  at point    0.004  -0.015  15.283
  closest atom surface   13.425   O1  137 X    0
  2nd closest surface    13.425   O3  137 X    0
  found on step    1
 current point:
  at point    0.004  -0.014  15.283
  closest atom surface   13.425   O1  137 X    0
  2nd closest surface    13.425   O5  137 X    0
  found on step  893
  no. of rejections          191
 stored as    77

 highest radius point found:
  at point    0.004  -0.015  15.483
  closest atom surface   13.622   O1  137 X    0
  2nd closest surface    13.622   O3  137 X    0
  found on step    1
 current point:
  at point   -0.484  -0.120  15.483
  closest atom surface   13.590   O1  137 X    0
  2nd closest surface    13.590   O3  137 X    0
  found on step  995
  no. of rejections          163
 stored as    78

 highest radius point found:
  at point    0.004  -0.015  15.683
  closest atom surface   13.819   O1  137 X    0
  2nd closest surface    13.820   O5  137 X    0
  found on step  995
  this is also current point
  no. of rejections          167
 stored as    79

 highest radius point found:
  at point    0.005  -0.017  15.883
  closest atom surface   14.017   O5  137 X    0
  2nd closest surface    14.017   O3  137 X    0
  found on step  988
  this is also current point
  no. of rejections          163
 stored as    80

 highest radius point found:
  at point    0.005  -0.017  16.083
  closest atom surface   14.214   O5  137 X    0
  2nd closest surface    14.214   O3  137 X    0
  found on step    1
 current point:
  at point    0.754  -0.847  16.083
  closest atom surface   14.167   O5  137 X    0
  2nd closest surface    14.167   O3  137 X    0
  found on step  993
  no. of rejections          164
 stored as    81

 highest radius point found:
  at point    0.005  -0.017  16.283
  closest atom surface   14.412   O5  137 X    0
  2nd closest surface    14.412   O3  137 X    0
  found on step    1
 current point:
  at point   -1.590  -0.358  16.283
  closest atom surface   14.369   O1  137 X    0
  2nd closest surface    14.369   O3  137 X    0
  found on step  984
  no. of rejections          175
 stored as    82

 highest radius point found:
  at point    0.005  -0.017  16.483
  closest atom surface   14.610   O5  137 X    0
  2nd closest surface    14.610   O1  137 X    0
  found on step    1
 current point:
  at point    0.240  -0.271  16.483
  closest atom surface   14.587   O5  137 X    0
  2nd closest surface    14.588   O3  137 X    0
  found on step  994
  no. of rejections          138
 stored as    83

 highest radius point found:
  at point    0.005  -0.017  16.683
  closest atom surface   14.807   O1  137 X    0
  2nd closest surface    14.807   O5  137 X    0
  found on step    1
 current point:
  at point    2.047  -1.619  16.683
  closest atom surface   14.763   O5  137 X    0
  2nd closest surface    14.764   H21 137 X    0
  found on step  986
  no. of rejections          185
 stored as    84

 highest radius point found:
  at point    0.005  -0.017  16.883
  closest atom surface   15.005   O1  137 X    0
  2nd closest surface    15.005   O5  137 X    0
  found on step    1
 current point:
  at point    0.001  -0.012  16.883
  closest atom surface   15.004   O1  137 X    0
  2nd closest surface    15.005   O5  137 X    0
  found on step  994
  no. of rejections          145
 stored as    85

 highest radius point found:
  at point    0.005  -0.017  17.083
  closest atom surface   15.203   O1  137 X    0
  2nd closest surface    15.203   O5  137 X    0
  found on step    1
 current point:
  at point    1.569  -1.403  17.083
  closest atom surface   15.151   O5  137 X    0
  2nd closest surface    15.151   H21 137 X    0
  found on step  978
  no. of rejections          158
 stored as    86

 highest radius point found:
  at point    0.005  -0.017  17.283
  closest atom surface   15.401   O1  137 X    0
  2nd closest surface    15.401   O5  137 X    0
  found on step    1
 current point:
  at point    0.002  -0.015  17.283
  closest atom surface   15.400   O1  137 X    0
  2nd closest surface    15.401   O5  137 X    0
  found on step 1000
  no. of rejections          142
 stored as    87

 highest radius point found:
  at point    0.005  -0.017  17.483
  closest atom surface   15.598   O1  137 X    0
  2nd closest surface    15.599   O5  137 X    0
  found on step    1
 current point:
  at point   -2.700  -1.356  17.483
  closest atom surface   15.560   O3  137 X    0
  2nd closest surface    15.561   N4  137 X    0
  found on step  997
  no. of rejections          144
 stored as    88

 highest radius point found:
  at point    0.005  -0.017  17.683
  closest atom surface   15.796   O1  137 X    0
  2nd closest surface    15.797   O5  137 X    0
  found on step    1
 current point:
  at point    0.001  -0.018  17.683
  closest atom surface   15.796   O1  137 X    0
  2nd closest surface    15.797   O3  137 X    0
  found on step  985
  no. of rejections          162
 stored as    89

 highest radius point found:
  at point    0.005  -0.017  17.883
  closest atom surface   15.994   O1  137 X    0
  2nd closest surface    15.995   O5  137 X    0
  found on step    1
 current point:
  at point    0.001  -0.021  17.883
  closest atom surface   15.994   O3  137 X    0
  2nd closest surface    15.994   O1  137 X    0
  found on step  992
  no. of rejections          150
 stored as    90

 highest radius point found:
  at point    0.005  -0.017  18.083
  closest atom surface   16.192   O1  137 X    0
  2nd closest surface    16.193   O5  137 X    0
  found on step    1
 current point:
  at point    0.009  -0.020  18.083
  closest atom surface   16.192   O5  137 X    0
  2nd closest surface    16.193   O3  137 X    0
  found on step  972
  no. of rejections          159
 stored as    91

 highest radius point found:
  at point    0.005  -0.017  18.283
  closest atom surface   16.390   O1  137 X    0
  2nd closest surface    16.391   O5  137 X    0
  found on step    1
 current point:
  at point    0.007   0.006  18.283
  closest atom surface   16.388   O1  137 X    0
  2nd closest surface    16.390   O5  137 X    0
  found on step  995
  no. of rejections          131
 stored as    92

 highest radius point found:
  at point    0.006  -0.020  18.483
  closest atom surface   16.589   O5  137 X    0
  2nd closest surface    16.589   O1  137 X    0
  found on step  929
  this is also current point
  no. of rejections          152
 stored as    93

 highest radius point found:
  at point    0.006  -0.020  18.683
  closest atom surface   16.787   O1  137 X    0
  2nd closest surface    16.787   O5  137 X    0
  found on step    1
 current point:
  at point    0.006  -0.021  18.683
  closest atom surface   16.787   O3  137 X    0
  2nd closest surface    16.787   O5  137 X    0
  found on step  942
  no. of rejections          185
 stored as    94

 highest radius point found:
  at point    0.006  -0.020  18.883
  closest atom surface   16.985   O1  137 X    0
  2nd closest surface    16.985   O5  137 X    0
  found on step    1
 current point:
  at point    0.012  -0.027  18.883
  closest atom surface   16.985   O5  137 X    0
  2nd closest surface    16.985   O3  137 X    0
  found on step  955
  no. of rejections          158
 stored as    95

 highest radius point found:
  at point    0.006  -0.020  19.083
  closest atom surface   17.183   O1  137 X    0
  2nd closest surface    17.183   O5  137 X    0
  found on step    1
 current point:
  at point   -1.104  -0.256  19.083
  closest atom surface   17.142   O1  137 X    0
  2nd closest surface    17.143   O3  137 X    0
  found on step  998
  no. of rejections          174
 stored as    96

 highest radius point found:
  at point    0.006  -0.020  19.283
  closest atom surface   17.382   O1  137 X    0
  2nd closest surface    17.382   O5  137 X    0
  found on step    1
 current point:
  at point    0.007  -0.016  19.283
  closest atom surface   17.381   O1  137 X    0
  2nd closest surface    17.381   O5  137 X    0
  found on step  974
  no. of rejections          164
 stored as    97

 highest radius point found:
  at point    0.006  -0.020  19.483
  closest atom surface   17.580   O1  137 X    0
  2nd closest surface    17.580   O5  137 X    0
  found on step    1
 current point:
  at point    0.004  -0.021  19.483
  closest atom surface   17.580   O1  137 X    0
  2nd closest surface    17.580   O3  137 X    0
  found on step  947
  no. of rejections          156
 stored as    98

 highest radius point found:
  at point    0.006  -0.020  19.683
  closest atom surface   17.778   O1  137 X    0
  2nd closest surface    17.778   O5  137 X    0
  found on step    1
 current point:
  at point    0.011  -0.025  19.683
  closest atom surface   17.778   O5  137 X    0
  2nd closest surface    17.778   O3  137 X    0
  found on step  991
  no. of rejections          165
 stored as    99

 highest radius point found:
  at point    0.006  -0.020  19.883
  closest atom surface   17.976   O1  137 X    0
  2nd closest surface    17.977   O5  137 X    0
  found on step    1
 current point:
  at point    0.749  -0.845  19.883
  closest atom surface   17.939   O3  137 X    0
  2nd closest surface    17.939   O5  137 X    0
  found on step  953
  no. of rejections          157
 stored as   100

 highest radius point found:
  at point    0.006  -0.020  20.083
  closest atom surface   18.175   O1  137 X    0
  2nd closest surface    18.175   O5  137 X    0
  found on step    1
 current point:
  at point   -0.000  -0.022  20.083
  closest atom surface   18.175   O1  137 X    0
  2nd closest surface    18.175   O3  137 X    0
  found on step  969
  no. of rejections          156
 stored as   101

 highest radius point found:
  at point    0.009  -0.024  20.283
  closest atom surface   18.373   O5  137 X    0
  2nd closest surface    18.373   O3  137 X    0
  found on step  994
  this is also current point
  no. of rejections          132
 stored as   102

 highest radius point found:
  at point    0.007  -0.022  20.483
  closest atom surface   18.572   O3  137 X    0
  2nd closest surface    18.572   O5  137 X    0
  found on step  989
  this is also current point
  no. of rejections          166
 stored as   103

 highest radius point found:
  at point    0.007  -0.022  20.683
  closest atom surface   18.770   O5  137 X    0
  2nd closest surface    18.770   O1  137 X    0
  found on step    1
 current point:
  at point   -0.005  -0.025  20.683
  closest atom surface   18.770   O1  137 X    0
  2nd closest surface    18.770   O3  137 X    0
  found on step  958
  no. of rejections          158
 stored as   104

 highest radius point found:
  at point    0.007  -0.022  20.883
  closest atom surface   18.969   O1  137 X    0
  2nd closest surface    18.969   O5  137 X    0
  found on step    1
 current point:
  at point    0.003  -0.024  20.883
  closest atom surface   18.969   O3  137 X    0
  2nd closest surface    18.969   O1  137 X    0
  found on step  952
  no. of rejections          142
 stored as   105

 highest radius point found:
  at point    0.007  -0.022  21.083
  closest atom surface   19.168   O1  137 X    0
  2nd closest surface    19.168   O5  137 X    0
  found on step    1
 current point:
  at point    0.003  -0.025  21.083
  closest atom surface   19.167   O3  137 X    0
  2nd closest surface    19.167   O1  137 X    0
  found on step  985
  no. of rejections          151
 stored as   106

 highest radius point found:
  at point    0.007  -0.022  21.283
  closest atom surface   19.366   O1  137 X    0
  2nd closest surface    19.366   O5  137 X    0
  found on step    1
 current point:
  at point   -0.000  -0.025  21.283
  closest atom surface   19.366   O3  137 X    0
  2nd closest surface    19.366   O1  137 X    0
  found on step  993
  no. of rejections          136
 stored as   107

 highest radius point found:
  at point    0.008  -0.023  21.483
  closest atom surface   19.565   O5  137 X    0
  2nd closest surface    19.565   O1  137 X    0
  found on step  937
  this is also current point
  no. of rejections          154
 stored as   108

 highest radius point found:
  at point    0.008  -0.023  21.683
  closest atom surface   19.763   O5  137 X    0
  2nd closest surface    19.763   O1  137 X    0
  found on step    1
 current point:
  at point    0.010  -0.027  21.683
  closest atom surface   19.763   O3  137 X    0
  2nd closest surface    19.763   O5  137 X    0
  found on step  934
  no. of rejections          152
 stored as   109

 highest radius point found:
  at point    0.008  -0.023  21.883
  closest atom surface   19.962   O5  137 X    0
  2nd closest surface    19.962   O1  137 X    0
  found on step    1
 current point:
  at point    0.015  -0.009  21.883
  closest atom surface   19.961   O5  137 X    0
  2nd closest surface    19.961   O1  137 X    0
  found on step  996
  no. of rejections          158
 stored as   110

 highest radius point found:
  at point    0.008  -0.023  22.083
  closest atom surface   20.161   O5  137 X    0
  2nd closest surface    20.161   O1  137 X    0
  found on step    1
 current point:
  at point    0.008  -0.027  22.083
  closest atom surface   20.160   O3  137 X    0
  2nd closest surface    20.161   O5  137 X    0
  found on step  994
  no. of rejections          178
 stored as   111

 highest radius point found:
  at point    0.008  -0.023  22.283
  closest atom surface   20.359   O5  137 X    0
  2nd closest surface    20.359   O1  137 X    0
  found on step    1
 current point:
  at point    0.009  -0.023  22.283
  closest atom surface   20.359   O5  137 X    0
  2nd closest surface    20.359   O1  137 X    0
  found on step  989
  no. of rejections          136
 stored as   112

 highest radius point found:
  at point    0.008  -0.023  22.483
  closest atom surface   20.558   O1  137 X    0
  2nd closest surface    20.558   O5  137 X    0
  found on step    1
 current point:
  at point   -0.006  -0.024  22.483
  closest atom surface   20.557   O1  137 X    0
  2nd closest surface    20.558   O3  137 X    0
  found on step  983
  no. of rejections          148
 stored as   113

 highest radius point found:
  at point    0.008  -0.023  22.683
  closest atom surface   20.757   O1  137 X    0
  2nd closest surface    20.757   O5  137 X    0
  found on step    1
 current point:
  at point    0.009  -0.021  22.683
  closest atom surface   20.757   O5  137 X    0
  2nd closest surface    20.757   O1  137 X    0
  found on step  987
  no. of rejections          170
 stored as   114

 highest radius point found:
  at point    0.007  -0.025  22.883
  closest atom surface   20.956   O3  137 X    0
  2nd closest surface    20.956   O1  137 X    0
  found on step  996
  this is also current point
  no. of rejections          156
 stored as   115

 highest radius point found:
  at point    0.007  -0.025  23.083
  closest atom surface   21.155   O1  137 X    0
  2nd closest surface    21.155   O3  137 X    0
  found on step    1
 current point:
  at point    0.009  -0.023  23.083
  closest atom surface   21.154   O5  137 X    0
  2nd closest surface    21.155   O1  137 X    0
  found on step  983
  no. of rejections          154
 stored as   116

 highest radius point found:
  at point    0.007  -0.025  23.283
  closest atom surface   21.353   O1  137 X    0
  2nd closest surface    21.353   O3  137 X    0
  found on step    1
 current point:
  at point    0.021  -0.012  23.283
  closest atom surface   21.352   O5  137 X    0
  2nd closest surface    21.353   O1  137 X    0
  found on step  988
  no. of rejections          160
 stored as   117

 highest radius point found:
  at point    0.007  -0.025  23.483
  closest atom surface   21.552   O1  137 X    0
  2nd closest surface    21.552   O3  137 X    0
  found on step    1
 current point:
  at point    0.009  -0.023  23.483
  closest atom surface   21.552   O5  137 X    0
  2nd closest surface    21.552   O1  137 X    0
  found on step  995
  no. of rejections          177
 stored as   118

 highest radius point found:
  at point    0.007  -0.025  23.683
  closest atom surface   21.751   O1  137 X    0
  2nd closest surface    21.751   O3  137 X    0
  found on step    1
 current point:
  at point    0.010  -0.020  23.683
  closest atom surface   21.751   O1  137 X    0
  2nd closest surface    21.751   O5  137 X    0
  found on step  958
  no. of rejections          166
 stored as   119

 highest radius point found:
  at point    0.007  -0.025  23.883
  closest atom surface   21.950   O1  137 X    0
  2nd closest surface    21.950   O3  137 X    0
  found on step    1
 current point:
  at point    0.015  -0.030  23.883
  closest atom surface   21.949   O5  137 X    0
  2nd closest surface    21.950   O3  137 X    0
  found on step  958
  no. of rejections          162
 stored as   120

 highest radius point found:
  at point    0.007  -0.025  24.083
  closest atom surface   22.149   O1  137 X    0
  2nd closest surface    22.149   O5  137 X    0
  found on step    1
 current point:
  at point    0.007  -0.029  24.083
  closest atom surface   22.149   O3  137 X    0
  2nd closest surface    22.149   O5  137 X    0
  found on step  987
  no. of rejections          144
 This is an end! (radius above  22.0 angs)
 highest radius point found:
  at point   -0.002   0.001  -0.317
  closest atom surface    0.938   O1  137 X    0
  2nd closest surface     0.938   O3  137 X    0
  found on step  974
  this is also current point
  no. of rejections          405
 stored as    -1

 highest radius point found:
  at point   -0.002   0.001  -0.517
  closest atom surface    1.002   O3  137 X    0
  2nd closest surface     1.002   O1  137 X    0
  found on step    1
 current point:
  at point   -0.004   0.001  -0.517
  closest atom surface    1.000   O1  137 X    0
  2nd closest surface     1.002   O3  137 X    0
  found on step  986
  no. of rejections          374
 stored as    -2

 highest radius point found:
  at point   -0.002   0.001  -0.717
  closest atom surface    1.078   O3  137 X    0
  2nd closest surface     1.079   O1  137 X    0
  found on step    1
 current point:
  at point    0.001  -0.002  -0.717
  closest atom surface    1.077   O3  137 X    0
  2nd closest surface     1.077   O5  137 X    0
  found on step  926
  no. of rejections          387
 stored as    -3

 highest radius point found:
  at point   -0.001   0.001  -0.917
  closest atom surface    1.167   O3  137 X    0
  2nd closest surface     1.167   O5  137 X    0
  found on step  896
  this is also current point
  no. of rejections          364
 stored as    -4

 highest radius point found:
  at point   -0.001   0.001  -1.117
  closest atom surface    1.267   O3  137 X    0
  2nd closest surface     1.267   O5  137 X    0
  found on step    1
 current point:
  at point    0.001   0.004  -1.117
  closest atom surface    1.265   O5  137 X    0
  2nd closest surface     1.268   O1  137 X    0
  found on step  995
  no. of rejections          393
 stored as    -5

 highest radius point found:
  at point   -0.001   0.001  -1.317
  closest atom surface    1.377   O5  137 X    0
  2nd closest surface     1.377   O3  137 X    0
  found on step  724
 current point:
  at point   -0.009   0.002  -1.317
  closest atom surface    1.373   O1  137 X    0
  2nd closest surface     1.375   O3  137 X    0
  found on step  922
  no. of rejections          373
 stored as    -6

 highest radius point found:
  at point   -0.001   0.001  -1.517
  closest atom surface    1.495   O3  137 X    0
  2nd closest surface     1.495   O5  137 X    0
  found on step    1
 current point:
  at point   -0.000   0.002  -1.517
  closest atom surface    1.495   O5  137 X    0
  2nd closest surface     1.496   O3  137 X    0
  found on step  972
  no. of rejections          386
 stored as    -7

 highest radius point found:
  at point   -0.002   0.002  -1.717
  closest atom surface    1.622   O3  137 X    0
  2nd closest surface     1.622   O1  137 X    0
  found on step  967
  this is also current point
  no. of rejections          361
 stored as    -8

 highest radius point found:
  at point   -0.002   0.002  -1.917
  closest atom surface    1.756   O3  137 X    0
  2nd closest surface     1.756   O1  137 X    0
  found on step    1
 current point:
  at point   -0.004   0.003  -1.917
  closest atom surface    1.755   O1  137 X    0
  2nd closest surface     1.756   O3  137 X    0
  found on step  913
  no. of rejections          362
 stored as    -9

 highest radius point found:
  at point   -0.002   0.002  -2.117
  closest atom surface    1.895   O3  137 X    0
  2nd closest surface     1.896   O5  137 X    0
  found on step    1
 current point:
  at point   -0.002   0.005  -2.117
  closest atom surface    1.895   O1  137 X    0
  2nd closest surface     1.896   O5  137 X    0
  found on step  952
  no. of rejections          347
 stored as   -10

 highest radius point found:
  at point   -0.002   0.004  -2.317
  closest atom surface    2.041   O1  137 X    0
  2nd closest surface     2.041   O5  137 X    0
  found on step  979
  this is also current point
  no. of rejections          332
 stored as   -11

 highest radius point found:
  at point   -0.002   0.004  -2.517
  closest atom surface    2.191   O1  137 X    0
  2nd closest surface     2.192   O5  137 X    0
  found on step    1
 current point:
  at point    0.002   0.000  -2.517
  closest atom surface    2.190   O5  137 X    0
  2nd closest surface     2.190   O3  137 X    0
  found on step  986
  no. of rejections          339
 stored as   -12

 highest radius point found:
  at point   -0.002   0.004  -2.717
  closest atom surface    2.346   O1  137 X    0
  2nd closest surface     2.346   O5  137 X    0
  found on step    1
 current point:
  at point   -0.003   0.002  -2.717
  closest atom surface    2.345   O3  137 X    0
  2nd closest surface     2.347   O1  137 X    0
  found on step  990
  no. of rejections          326
 stored as   -13

 highest radius point found:
  at point   -0.002   0.004  -2.917
  closest atom surface    2.505   O5  137 X    0
  2nd closest surface     2.505   O1  137 X    0
  found on step    1
 current point:
  at point   -0.004   0.005  -2.917
  closest atom surface    2.503   O1  137 X    0
  2nd closest surface     2.505   O3  137 X    0
  found on step  962
  no. of rejections          319
 stored as   -14

 highest radius point found:
  at point   -0.002   0.004  -3.117
  closest atom surface    2.667   O5  137 X    0
  2nd closest surface     2.667   O3  137 X    0
  found on step    1
 current point:
  at point   -0.004   0.001  -3.117
  closest atom surface    2.665   O3  137 X    0
  2nd closest surface     2.667   O1  137 X    0
  found on step  940
  no. of rejections          333
 stored as   -15

 highest radius point found:
  at point   -0.002   0.004  -3.317
  closest atom surface    2.832   O3  137 X    0
  2nd closest surface     2.832   O5  137 X    0
  found on step    1
 current point:
  at point   -0.001   0.004  -3.317
  closest atom surface    2.831   O5  137 X    0
  2nd closest surface     2.832   O3  137 X    0
  found on step  987
  no. of rejections          302
 stored as   -16

 highest radius point found:
  at point   -0.002   0.009  -3.517
  closest atom surface    2.993   O4  137 X    0
  2nd closest surface     2.993   O2  137 X    0
  found on step  680
 current point:
  at point   -0.000   0.011  -3.517
  closest atom surface    2.993   O   137 X    0
  2nd closest surface     2.993   O4  137 X    0
  found on step  986
  no. of rejections          310
 stored as   -17

 highest radius point found:
  at point   -0.001   0.010  -3.717
  closest atom surface    3.147   O4  137 X    0
  2nd closest surface     3.148   O   137 X    0
  found on step  996
  this is also current point
  no. of rejections          321
 stored as   -18

 highest radius point found:
  at point    0.001   0.011  -3.917
  closest atom surface    3.305   O4  137 X    0
  2nd closest surface     3.305   O   137 X    0
  found on step  933
  this is also current point
  no. of rejections          306
 stored as   -19

 highest radius point found:
  at point    0.001   0.011  -4.117
  closest atom surface    3.465   O4  137 X    0
  2nd closest surface     3.466   O   137 X    0
  found on step    1
 current point:
  at point   -0.004   0.019  -4.117
  closest atom surface    3.464   O   137 X    0
  2nd closest surface     3.464   O2  137 X    0
  found on step  974
  no. of rejections          286
 stored as   -20

 highest radius point found:
  at point   -0.002   0.015  -4.317
  closest atom surface    3.629   O2  137 X    0
  2nd closest surface     3.629   O   137 X    0
  found on step  938
  this is also current point
  no. of rejections          285
 stored as   -21

 highest radius point found:
  at point   -0.002   0.015  -4.517
  closest atom surface    3.795   O2  137 X    0
  2nd closest surface     3.795   O   137 X    0
  found on step    1
 current point:
  at point    0.015   0.012  -4.517
  closest atom surface    3.790   O   137 X    0
  2nd closest surface     3.791   O4  137 X    0
  found on step  920
  no. of rejections          270
 stored as   -22

 highest radius point found:
  at point   -0.002   0.015  -4.717
  closest atom surface    3.963   O2  137 X    0
  2nd closest surface     3.963   O   137 X    0
  found on step    1
 current point:
  at point   -0.003   0.017  -4.717
  closest atom surface    3.962   O2  137 X    0
  2nd closest surface     3.962   O   137 X    0
  found on step  997
  no. of rejections          298
 stored as   -23

 highest radius point found:
  at point   -0.002   0.015  -4.917
  closest atom surface    4.133   O2  137 X    0
  2nd closest surface     4.133   O4  137 X    0
  found on step    1
 current point:
  at point   -0.003   0.015  -4.917
  closest atom surface    4.133   O2  137 X    0
  2nd closest surface     4.133   O4  137 X    0
  found on step  927
  no. of rejections          290
 stored as   -24

 highest radius point found:
  at point   -0.002   0.015  -5.117
  closest atom surface    4.305   O4  137 X    0
  2nd closest surface     4.305   O2  137 X    0
  found on step    1
 current point:
  at point   -0.004   0.013  -5.117
  closest atom surface    4.304   O4  137 X    0
  2nd closest surface     4.304   O2  137 X    0
  found on step  967
  no. of rejections          297
 stored as   -25

 highest radius point found:
  at point   -0.002   0.015  -5.317
  closest atom surface    4.478   O4  137 X    0
  2nd closest surface     4.479   O2  137 X    0
  found on step    1
 current point:
  at point   -0.000   0.017  -5.317
  closest atom surface    4.478   O   137 X    0
  2nd closest surface     4.479   O4  137 X    0
  found on step  950
  no. of rejections          284
 stored as   -26

 highest radius point found:
  at point   -0.002   0.017  -5.517
  closest atom surface    4.654   O2  137 X    0
  2nd closest surface     4.654   O   137 X    0
  found on step  961
  this is also current point
  no. of rejections          272
 stored as   -27

 highest radius point found:
  at point   -0.002   0.017  -5.717
  closest atom surface    4.830   O2  137 X    0
  2nd closest surface     4.830   O4  137 X    0
  found on step    1
 current point:
  at point   -0.003   0.017  -5.717
  closest atom surface    4.830   O2  137 X    0
  2nd closest surface     4.830   O4  137 X    0
  found on step  960
  no. of rejections          257
 stored as   -28

 highest radius point found:
  at point   -0.002   0.017  -5.917
  closest atom surface    5.008   O4  137 X    0
  2nd closest surface     5.008   O2  137 X    0
  found on step    1
 current point:
  at point   -0.001   0.018  -5.917
  closest atom surface    5.008   O4  137 X    0
  2nd closest surface     5.008   O   137 X    0
  found on step  933
  no. of rejections          259
 stored as   -29

 highest radius point found:
  at point   -0.002   0.017  -6.117
  closest atom surface    5.187   O4  137 X    0
  2nd closest surface     5.187   O2  137 X    0
  found on step    1
 current point:
  at point   -0.005   0.016  -6.117
  closest atom surface    5.186   O2  137 X    0
  2nd closest surface     5.187   O4  137 X    0
  found on step  985
  no. of rejections          272
 stored as   -30

 highest radius point found:
  at point   -0.001   0.021  -6.317
  closest atom surface    5.367   O   137 X    0
  2nd closest surface     5.368   O2  137 X    0
  found on step  923
  this is also current point
  no. of rejections          277
 stored as   -31

 highest radius point found:
  at point   -0.001   0.021  -6.517
  closest atom surface    5.549   O   137 X    0
  2nd closest surface     5.549   O2  137 X    0
  found on step    1
 current point:
  at point   -0.003   0.019  -6.517
  closest atom surface    5.549   O4  137 X    0
  2nd closest surface     5.549   O2  137 X    0
  found on step  976
  no. of rejections          250
 stored as   -32

 highest radius point found:
  at point   -0.001   0.021  -6.717
  closest atom surface    5.731   O4  137 X    0
  2nd closest surface     5.731   O   137 X    0
  found on step    1
 current point:
  at point    0.002   0.020  -6.717
  closest atom surface    5.730   O4  137 X    0
  2nd closest surface     5.731   O   137 X    0
  found on step  952
  no. of rejections          261
 stored as   -33

 highest radius point found:
  at point   -0.001   0.021  -6.917
  closest atom surface    5.914   O4  137 X    0
  2nd closest surface     5.915   O2  137 X    0
  found on step    1
 current point:
  at point   -0.001   0.023  -6.917
  closest atom surface    5.914   O   137 X    0
  2nd closest surface     5.914   O2  137 X    0
  found on step  988
  no. of rejections          277
 stored as   -34

 highest radius point found:
  at point   -0.001   0.021  -7.117
  closest atom surface    6.098   O4  137 X    0
  2nd closest surface     6.099   O2  137 X    0
  found on step    1
 current point:
  at point    0.008   0.021  -7.117
  closest atom surface    6.097   O   137 X    0
  2nd closest surface     6.097   O4  137 X    0
  found on step  999
  no. of rejections          240
 stored as   -35

 highest radius point found:
  at point   -0.001   0.021  -7.317
  closest atom surface    6.282   O4  137 X    0
  2nd closest surface     6.283   O2  137 X    0
  found on step    1
 current point:
  at point   -0.002   0.026  -7.317
  closest atom surface    6.282   O   137 X    0
  2nd closest surface     6.283   O2  137 X    0
  found on step  981
  no. of rejections          245
 stored as   -36

 highest radius point found:
  at point   -0.003   0.024  -7.517
  closest atom surface    6.468   O2  137 X    0
  2nd closest surface     6.469   O   137 X    0
  found on step  983
  this is also current point
  no. of rejections          249
 stored as   -37

 highest radius point found:
  at point   -0.002   0.026  -7.717
  closest atom surface    6.655   O2  137 X    0
  2nd closest surface     6.655   O   137 X    0
  found on step  966
  this is also current point
  no. of rejections          229
 stored as   -38

 highest radius point found:
  at point   -0.002   0.026  -7.917
  closest atom surface    6.841   O2  137 X    0
  2nd closest surface     6.842   O   137 X    0
  found on step    1
 current point:
  at point   -0.004   0.027  -7.917
  closest atom surface    6.841   O2  137 X    0
  2nd closest surface     6.842   O   137 X    0
  found on step  971
  no. of rejections          215
 stored as   -39

 highest radius point found:
  at point   -0.002   0.026  -8.117
  closest atom surface    7.029   O2  137 X    0
  2nd closest surface     7.029   O   137 X    0
  found on step    1
 current point:
  at point    0.005   0.024  -8.117
  closest atom surface    7.028   O   137 X    0
  2nd closest surface     7.028   O4  137 X    0
  found on step  962
  no. of rejections          221
 stored as   -40

 highest radius point found:
  at point   -0.002   0.026  -8.317
  closest atom surface    7.217   O2  137 X    0
  2nd closest surface     7.217   O4  137 X    0
  found on step    1
 current point:
  at point   -0.001   0.030  -8.317
  closest atom surface    7.216   O   137 X    0
  2nd closest surface     7.217   O2  137 X    0
  found on step  942
  no. of rejections          255
 stored as   -41

 highest radius point found:
  at point   -0.002   0.026  -8.517
  closest atom surface    7.405   O2  137 X    0
  2nd closest surface     7.405   O4  137 X    0
  found on step    1
 current point:
  at point   -0.002   0.027  -8.517
  closest atom surface    7.405   O2  137 X    0
  2nd closest surface     7.406   O   137 X    0
  found on step  938
  no. of rejections          194
 stored as   -42

 highest radius point found:
  at point   -0.002   0.026  -8.717
  closest atom surface    7.594   O4  137 X    0
  2nd closest surface     7.594   O2  137 X    0
  found on step    1
 current point:
  at point   -0.002   0.031  -8.717
  closest atom surface    7.594   O   137 X    0
  2nd closest surface     7.594   O2  137 X    0
  found on step  964
  no. of rejections          239
 stored as   -43

 highest radius point found:
  at point    0.001   0.027  -8.917
  closest atom surface    7.783   O4  137 X    0
  2nd closest surface     7.784   O   137 X    0
  found on step  967
  this is also current point
  no. of rejections          227
 stored as   -44

 highest radius point found:
  at point   -0.003   0.027  -9.117
  closest atom surface    7.973   O4  137 X    0
  2nd closest surface     7.973   O2  137 X    0
  found on step  157
 current point:
  at point   -0.007   0.017  -9.117
  closest atom surface    7.971   O4  137 X    0
  2nd closest surface     7.973   O2  137 X    0
  found on step  997
  no. of rejections          206
 stored as   -45

 highest radius point found:
  at point   -0.001   0.030  -9.317
  closest atom surface    8.164   O   137 X    0
  2nd closest surface     8.164   O4  137 X    0
  found on step  952
  this is also current point
  no. of rejections          202
 stored as   -46

 highest radius point found:
  at point   -0.001   0.030  -9.517
  closest atom surface    8.354   O4  137 X    0
  2nd closest surface     8.355   O2  137 X    0
  found on step    1
 current point:
  at point   -0.000   0.032  -9.517
  closest atom surface    8.354   O   137 X    0
  2nd closest surface     8.355   O2  137 X    0
  found on step  962
  no. of rejections          223
 stored as   -47

 highest radius point found:
  at point   -0.001   0.030  -9.717
  closest atom surface    8.545   O4  137 X    0
  2nd closest surface     8.546   O2  137 X    0
  found on step    1
 current point:
  at point   -0.004   0.036  -9.717
  closest atom surface    8.545   O2  137 X    0
  2nd closest surface     8.545   O   137 X    0
  found on step  994
  no. of rejections          218
 stored as   -48

 highest radius point found:
  at point   -0.001   0.030  -9.917
  closest atom surface    8.736   O4  137 X    0
  2nd closest surface     8.737   O2  137 X    0
  found on step    1
 current point:
  at point   -0.003   0.028  -9.917
  closest atom surface    8.736   O4  137 X    0
  2nd closest surface     8.737   O2  137 X    0
  found on step  985
  no. of rejections          215
 stored as   -49

 highest radius point found:
  at point   -0.002   0.033 -10.117
  closest atom surface    8.928   O2  137 X    0
  2nd closest surface     8.928   O   137 X    0
  found on step  992
  this is also current point
  no. of rejections          226
 stored as   -50

 highest radius point found:
  at point   -0.002   0.033 -10.317
  closest atom surface    9.120   O2  137 X    0
  2nd closest surface     9.121   O4  137 X    0
  found on step    1
 current point:
  at point   -0.003   0.032 -10.317
  closest atom surface    9.120   O2  137 X    0
  2nd closest surface     9.120   O4  137 X    0
  found on step  951
  no. of rejections          213
 stored as   -51

 highest radius point found:
  at point   -0.002   0.033 -10.517
  closest atom surface    9.312   O2  137 X    0
  2nd closest surface     9.313   O4  137 X    0
  found on step    1
 current point:
  at point   -0.002   0.032 -10.517
  closest atom surface    9.312   O4  137 X    0
  2nd closest surface     9.312   O2  137 X    0
  found on step  991
  no. of rejections          219
 stored as   -52

 highest radius point found:
  at point   -0.002   0.033 -10.717
  closest atom surface    9.505   O4  137 X    0
  2nd closest surface     9.505   O2  137 X    0
  found on step    1
 current point:
  at point   -0.003   0.041 -10.717
  closest atom surface    9.504   O   137 X    0
  2nd closest surface     9.504   O2  137 X    0
  found on step  983
  no. of rejections          201
 stored as   -53

 highest radius point found:
  at point   -0.002   0.033 -10.917
  closest atom surface    9.698   O4  137 X    0
  2nd closest surface     9.698   O2  137 X    0
  found on step    1
 current point:
  at point    0.002   0.033 -10.917
  closest atom surface    9.697   O4  137 X    0
  2nd closest surface     9.698   O   137 X    0
  found on step  963
  no. of rejections          217
 stored as   -54

 highest radius point found:
  at point   -0.002   0.033 -11.117
  closest atom surface    9.890   O4  137 X    0
  2nd closest surface     9.891   O2  137 X    0
  found on step    1
 current point:
  at point   -0.004   0.037 -11.117
  closest atom surface    9.890   O2  137 X    0
  2nd closest surface     9.891   O   137 X    0
  found on step  976
  no. of rejections          221
 stored as   -55

 highest radius point found:
  at point   -0.003   0.039 -11.317
  closest atom surface   10.083   O2  137 X    0
  2nd closest surface    10.084   O   137 X    0
  found on step  955
  this is also current point
  no. of rejections          203
 stored as   -56

 highest radius point found:
  at point   -0.003   0.039 -11.517
  closest atom surface   10.277   O2  137 X    0
  2nd closest surface    10.278   O   137 X    0
  found on step    1
 current point:
  at point   -0.004   0.048 -11.517
  closest atom surface   10.276   O   137 X    0
  2nd closest surface    10.276   O2  137 X    0
  found on step  918
  no. of rejections          216
 stored as   -57

 highest radius point found:
  at point    0.001   0.037 -11.717
  closest atom surface   10.471   O4  137 X    0
  2nd closest surface    10.471   O   137 X    0
  found on step  984
  this is also current point
  no. of rejections          191
 stored as   -58

 highest radius point found:
  at point   -0.002   0.036 -11.917
  closest atom surface   10.665   O4  137 X    0
  2nd closest surface    10.665   O2  137 X    0
  found on step  922
  this is also current point
  no. of rejections          221
 stored as   -59

 highest radius point found:
  at point   -0.002   0.036 -12.117
  closest atom surface   10.859   O4  137 X    0
  2nd closest surface    10.859   O2  137 X    0
  found on step    1
 current point:
  at point   -0.002   0.036 -12.117
  closest atom surface   10.859   O4  137 X    0
  2nd closest surface    10.859   O2  137 X    0
  found on step  974
  no. of rejections          206
 stored as   -60

 highest radius point found:
  at point   -0.002   0.036 -12.317
  closest atom surface   11.053   O4  137 X    0
  2nd closest surface    11.053   O2  137 X    0
  found on step    1
 current point:
  at point   -0.002   0.046 -12.317
  closest atom surface   11.053   O   137 X    0
  2nd closest surface    11.053   O2  137 X    0
  found on step  987
  no. of rejections          201
 stored as   -61

 highest radius point found:
  at point   -0.002   0.036 -12.517
  closest atom surface   11.247   O4  137 X    0
  2nd closest surface    11.248   O2  137 X    0
  found on step    1
 current point:
  at point   -0.003   0.048 -12.517
  closest atom surface   11.247   O   137 X    0
  2nd closest surface    11.247   O2  137 X    0
  found on step  990
  no. of rejections          208
 stored as   -62

 highest radius point found:
  at point   -0.001   0.039 -12.717
  closest atom surface   11.442   O4  137 X    0
  2nd closest surface    11.443   O2  137 X    0
  found on step  991
  this is also current point
  no. of rejections          192
 stored as   -63

 highest radius point found:
  at point   -0.001   0.039 -12.917
  closest atom surface   11.637   O4  137 X    0
  2nd closest surface    11.637   O2  137 X    0
  found on step    1
 current point:
  at point   -0.007   0.040 -12.917
  closest atom surface   11.636   O2  137 X    0
  2nd closest surface    11.637   O4  137 X    0
  found on step  961
  no. of rejections          198
 stored as   -64

 highest radius point found:
  at point    0.001   0.042 -13.117
  closest atom surface   11.832   O   137 X    0
  2nd closest surface    11.832   O4  137 X    0
  found on step  959
  this is also current point
  no. of rejections          197
 stored as   -65

 highest radius point found:
  at point    0.001   0.042 -13.317
  closest atom surface   12.027   O4  137 X    0
  2nd closest surface    12.027   O   137 X    0
  found on step    1
 current point:
  at point    0.001   0.044 -13.317
  closest atom surface   12.027   O   137 X    0
  2nd closest surface    12.027   O4  137 X    0
  found on step  967
  no. of rejections          207
 stored as   -66

 highest radius point found:
  at point    0.001   0.042 -13.517
  closest atom surface   12.222   O4  137 X    0
  2nd closest surface    12.222   O   137 X    0
  found on step    1
 current point:
  at point    0.012   0.043 -13.517
  closest atom surface   12.221   O   137 X    0
  2nd closest surface    12.221   O4  137 X    0
  found on step  970
  no. of rejections          210
 stored as   -67

 highest radius point found:
  at point   -0.000   0.045 -13.717
  closest atom surface   12.418   O   137 X    0
  2nd closest surface    12.418   O4  137 X    0
  found on step  978
  this is also current point
  no. of rejections          206
 stored as   -68

 highest radius point found:
  at point   -0.000   0.045 -13.917
  closest atom surface   12.613   O4  137 X    0
  2nd closest surface    12.613   O   137 X    0
  found on step    1
 current point:
  at point   -0.001   0.047 -13.917
  closest atom surface   12.613   O   137 X    0
  2nd closest surface    12.613   O2  137 X    0
  found on step  962
  no. of rejections          192
 stored as   -69

 highest radius point found:
  at point   -0.000   0.045 -14.117
  closest atom surface   12.809   O4  137 X    0
  2nd closest surface    12.809   O   137 X    0
  found on step    1
 current point:
  at point    0.001   0.045 -14.117
  closest atom surface   12.809   O4  137 X    0
  2nd closest surface    12.809   O   137 X    0
  found on step  952
  no. of rejections          196
 stored as   -70

 highest radius point found:
  at point   -0.000   0.045 -14.317
  closest atom surface   13.004   O4  137 X    0
  2nd closest surface    13.005   O2  137 X    0
  found on step    1
 current point:
  at point   -0.006   0.050 -14.317
  closest atom surface   13.003   O2  137 X    0
  2nd closest surface    13.005   O   137 X    0
  found on step  974
  no. of rejections          209
 stored as   -71

 highest radius point found:
  at point   -0.001   0.049 -14.517
  closest atom surface   13.200   O   137 X    0
  2nd closest surface    13.200   O2  137 X    0
  found on step  960
  this is also current point
  no. of rejections          222
 stored as   -72

 highest radius point found:
  at point   -0.001   0.049 -14.717
  closest atom surface   13.396   O2  137 X    0
  2nd closest surface    13.396   O   137 X    0
  found on step    1
 current point:
  at point   -0.002   0.051 -14.717
  closest atom surface   13.396   O2  137 X    0
  2nd closest surface    13.396   O   137 X    0
  found on step  984
  no. of rejections          223
 stored as   -73

 highest radius point found:
  at point   -0.001   0.049 -14.917
  closest atom surface   13.592   O2  137 X    0
  2nd closest surface    13.592   O   137 X    0
  found on step    1
 current point:
  at point    0.004   0.044 -14.917
  closest atom surface   13.591   O4  137 X    0
  2nd closest surface    13.592   O   137 X    0
  found on step  939
  no. of rejections          251
 stored as   -74

 highest radius point found:
  at point    0.007   0.070 -15.117
  closest atom surface   13.784   H7  137 X    0
  2nd closest surface    13.784   O   137 X    0
  found on step  986
  this is also current point
  no. of rejections          274
 stored as   -75

 highest radius point found:
  at point    0.043   0.091 -15.317
  closest atom surface   13.969   H29 137 X    0
  2nd closest surface    13.969   H7  137 X    0
  found on step  927
  this is also current point
  no. of rejections          279
 stored as   -76

 highest radius point found:
  at point    0.043   0.083 -15.517
  closest atom surface   14.148   H29 137 X    0
  2nd closest surface    14.148   H18 137 X    0
  found on step  990
  this is also current point
  no. of rejections          262
 stored as   -77

 highest radius point found:
  at point    0.041   0.085 -15.717
  closest atom surface   14.327   H7  137 X    0
  2nd closest surface    14.327   H18 137 X    0
  found on step  998
  this is also current point
  no. of rejections          289
 stored as   -78

 highest radius point found:
  at point    0.043   0.086 -15.917
  closest atom surface   14.506   H29 137 X    0
  2nd closest surface    14.506   H18 137 X    0
  found on step  919
  this is also current point
  no. of rejections          295
 stored as   -79

 highest radius point found:
  at point    0.043   0.087 -16.117
  closest atom surface   14.685   H7  137 X    0
  2nd closest surface    14.685   H18 137 X    0
  found on step  961
  this is also current point
  no. of rejections          265
 stored as   -80

 highest radius point found:
  at point    0.043   0.087 -16.317
  closest atom surface   14.865   H18 137 X    0
  2nd closest surface    14.865   H7  137 X    0
  found on step    1
 current point:
  at point    0.044   0.091 -16.317
  closest atom surface   14.865   H29 137 X    0
  2nd closest surface    14.865   H7  137 X    0
  found on step  892
  no. of rejections          269
 stored as   -81

 highest radius point found:
  at point    0.043   0.089 -16.517
  closest atom surface   15.046   H7  137 X    0
  2nd closest surface    15.046   H18 137 X    0
  found on step  901
  this is also current point
  no. of rejections          270
 stored as   -82

 highest radius point found:
  at point    0.043   0.089 -16.717
  closest atom surface   15.226   H18 137 X    0
  2nd closest surface    15.227   H7  137 X    0
  found on step    1
 current point:
  at point    0.043   0.092 -16.717
  closest atom surface   15.226   H7  137 X    0
  2nd closest surface    15.227   H29 137 X    0
  found on step  995
  no. of rejections          274
 stored as   -83

 highest radius point found:
  at point    0.043   0.089 -16.917
  closest atom surface   15.407   H18 137 X    0
  2nd closest surface    15.408   H7  137 X    0
  found on step    1
 current point:
  at point    0.046   0.087 -16.917
  closest atom surface   15.407   H18 137 X    0
  2nd closest surface    15.408   H29 137 X    0
  found on step  926
  no. of rejections          264
 stored as   -84

 highest radius point found:
  at point    0.044   0.090 -17.117
  closest atom surface   15.589   H18 137 X    0
  2nd closest surface    15.590   H7  137 X    0
  found on step  598
 current point:
  at point    0.048   0.101 -17.117
  closest atom surface   15.588   H29 137 X    0
  2nd closest surface    15.588   H7  137 X    0
  found on step  991
  no. of rejections          251
 stored as   -85

 highest radius point found:
  at point    0.044   0.090 -17.317
  closest atom surface   15.771   H18 137 X    0
  2nd closest surface    15.772   H7  137 X    0
  found on step    1
 current point:
  at point    0.043   0.095 -17.317
  closest atom surface   15.770   H7  137 X    0
  2nd closest surface    15.773   H18 137 X    0
  found on step  986
  no. of rejections          260
 stored as   -86

 highest radius point found:
  at point    0.046   0.096 -17.517
  closest atom surface   15.954   H7  137 X    0
  2nd closest surface    15.954   H29 137 X    0
  found on step  983
  this is also current point
  no. of rejections          267
 stored as   -87

 highest radius point found:
  at point    0.047   0.094 -17.717
  closest atom surface   16.137   H18 137 X    0
  2nd closest surface    16.138   H29 137 X    0
  found on step  922
  this is also current point
  no. of rejections          250
 stored as   -88

 highest radius point found:
  at point    0.047   0.096 -17.917
  closest atom surface   16.321   H7  137 X    0
  2nd closest surface    16.321   H18 137 X    0
  found on step  903
  this is also current point
  no. of rejections          266
 stored as   -89

 highest radius point found:
  at point    0.047   0.096 -18.117
  closest atom surface   16.504   H7  137 X    0
  2nd closest surface    16.504   H18 137 X    0
  found on step    1
 current point:
  at point    0.050   0.105 -18.117
  closest atom surface   16.503   H29 137 X    0
  2nd closest surface    16.503   H7  137 X    0
  found on step  933
  no. of rejections          262
 stored as   -90

 highest radius point found:
  at point    0.047   0.096 -18.317
  closest atom surface   16.688   H18 137 X    0
  2nd closest surface    16.688   H7  137 X    0
  found on step    1
 current point:
  at point    0.042   0.094 -18.317
  closest atom surface   16.687   H7  137 X    0
  2nd closest surface    16.687   H18 137 X    0
  found on step  978
  no. of rejections          262
 stored as   -91

 highest radius point found:
  at point    0.049   0.096 -18.517
  closest atom surface   16.873   H18 137 X    0
  2nd closest surface    16.873   H7  137 X    0
  found on step    2
 current point:
  at point    0.046   0.096 -18.517
  closest atom surface   16.872   H18 137 X    0
  2nd closest surface    16.872   H7  137 X    0
  found on step  997
  no. of rejections          250
 stored as   -92

 highest radius point found:
  at point    0.052   0.097 -18.717
  closest atom surface   17.057   H29 137 X    0
  2nd closest surface    17.057   H18 137 X    0
  found on step  983
  this is also current point
  no. of rejections          251
 stored as   -93

 highest radius point found:
  at point    0.048   0.099 -18.917
  closest atom surface   17.242   H7  137 X    0
  2nd closest surface    17.242   H18 137 X    0
  found on step  913
  this is also current point
  no. of rejections          262
 stored as   -94

 highest radius point found:
  at point    0.051   0.105 -19.117
  closest atom surface   17.428   H29 137 X    0
  2nd closest surface    17.428   H7  137 X    0
  found on step  956
  this is also current point
  no. of rejections          241
 stored as   -95

 highest radius point found:
  at point    0.051   0.102 -19.317
  closest atom surface   17.614   H29 137 X    0
  2nd closest surface    17.614   H7  137 X    0
  found on step  952
  this is also current point
  no. of rejections          263
 stored as   -96

 highest radius point found:
  at point    0.051   0.102 -19.517
  closest atom surface   17.800   H18 137 X    0
  2nd closest surface    17.800   H7  137 X    0
  found on step  834
 current point:
  at point    0.051   0.105 -19.517
  closest atom surface   17.799   H7  137 X    0
  2nd closest surface    17.800   H29 137 X    0
  found on step  964
  no. of rejections          254
 stored as   -97

 highest radius point found:
  at point    0.051   0.102 -19.717
  closest atom surface   17.986   H18 137 X    0
  2nd closest surface    17.986   H7  137 X    0
  found on step    1
 current point:
  at point    0.049   0.106 -19.717
  closest atom surface   17.985   H7  137 X    0
  2nd closest surface    17.987   H29 137 X    0
  found on step  938
  no. of rejections          272
 stored as   -98

 highest radius point found:
  at point    0.052   0.104 -19.917
  closest atom surface   18.173   H18 137 X    0
  2nd closest surface    18.173   H29 137 X    0
  found on step  995
  this is also current point
  no. of rejections          245
 stored as   -99

 highest radius point found:
  at point    0.052   0.106 -20.117
  closest atom surface   18.359   H7  137 X    0
  2nd closest surface    18.360   H29 137 X    0
  found on step  822
 current point:
  at point    0.053   0.106 -20.117
  closest atom surface   18.359   H29 137 X    0
  2nd closest surface    18.359   H7  137 X    0
  found on step  920
  no. of rejections          248
 stored as  -100

 highest radius point found:
  at point    0.052   0.106 -20.317
  closest atom surface   18.546   H18 137 X    0
  2nd closest surface    18.546   H7  137 X    0
  found on step    1
 current point:
  at point    0.054   0.104 -20.317
  closest atom surface   18.546   H18 137 X    0
  2nd closest surface    18.547   H29 137 X    0
  found on step  974
  no. of rejections          269
 stored as  -101

 highest radius point found:
  at point    0.052   0.106 -20.517
  closest atom surface   18.733   H18 137 X    0
  2nd closest surface    18.734   H7  137 X    0
  found on step    1
 current point:
  at point    0.057   0.107 -20.517
  closest atom surface   18.733   H29 137 X    0
  2nd closest surface    18.734   H18 137 X    0
  found on step  977
  no. of rejections          239
 stored as  -102

 highest radius point found:
  at point    0.056   0.109 -20.717
  closest atom surface   18.921   H29 137 X    0
  2nd closest surface    18.922   H7  137 X    0
  found on step  975
  this is also current point
  no. of rejections          266
 stored as  -103

 highest radius point found:
  at point    0.056   0.109 -20.917
  closest atom surface   19.109   H29 137 X    0
  2nd closest surface    19.109   H18 137 X    0
  found on step    1
 current point:
  at point    0.051   0.107 -20.917
  closest atom surface   19.108   H18 137 X    0
  2nd closest surface    19.109   H7  137 X    0
  found on step  971
  no. of rejections          248
 stored as  -104

 highest radius point found:
  at point    0.056   0.109 -21.117
  closest atom surface   19.297   H18 137 X    0
  2nd closest surface    19.297   H29 137 X    0
  found on step    1
 current point:
  at point    0.055   0.112 -21.117
  closest atom surface   19.297   H7  137 X    0
  2nd closest surface    19.297   H29 137 X    0
  found on step  991
  no. of rejections          265
 stored as  -105

 highest radius point found:
  at point    0.056   0.109 -21.317
  closest atom surface   19.485   H18 137 X    0
  2nd closest surface    19.486   H29 137 X    0
  found on step    1
 current point:
  at point    0.057   0.108 -21.317
  closest atom surface   19.485   H18 137 X    0
  2nd closest surface    19.486   H29 137 X    0
  found on step  994
  no. of rejections          259
 stored as  -106

 highest radius point found:
  at point    0.056   0.109 -21.517
  closest atom surface   19.673   H18 137 X    0
  2nd closest surface    19.674   H29 137 X    0
  found on step    1
 current point:
  at point    0.064   0.110 -21.517
  closest atom surface   19.672   H29 137 X    0
  2nd closest surface    19.674   H18 137 X    0
  found on step  943
  no. of rejections          251
 stored as  -107

 highest radius point found:
  at point    0.053   0.113 -21.717
  closest atom surface   19.862   H7  137 X    0
  2nd closest surface    19.863   H18 137 X    0
  found on step  703
 current point:
  at point    0.054   0.115 -21.717
  closest atom surface   19.861   H7  137 X    0
  2nd closest surface    19.863   H29 137 X    0
  found on step  970
  no. of rejections          241
 stored as  -108

 highest radius point found:
  at point    0.059   0.117 -21.917
  closest atom surface   20.051   H29 137 X    0
  2nd closest surface    20.052   H7  137 X    0
  found on step   68
 current point:
  at point    0.060   0.118 -21.917
  closest atom surface   20.050   H29 137 X    0
  2nd closest surface    20.052   H7  137 X    0
  found on step  976
  no. of rejections          235
 stored as  -109

 highest radius point found:
  at point    0.059   0.116 -22.117
  closest atom surface   20.240   H29 137 X    0
  2nd closest surface    20.241   H7  137 X    0
  found on step  954
  this is also current point
  no. of rejections          233
 stored as  -110

 highest radius point found:
  at point    0.059   0.116 -22.317
  closest atom surface   20.430   H29 137 X    0
  2nd closest surface    20.430   H7  137 X    0
  found on step    1
 current point:
  at point    0.061   0.114 -22.317
  closest atom surface   20.430   H29 137 X    0
  2nd closest surface    20.430   H18 137 X    0
  found on step  991
  no. of rejections          256
 stored as  -111

 highest radius point found:
  at point    0.059   0.116 -22.517
  closest atom surface   20.619   H29 137 X    0
  2nd closest surface    20.620   H18 137 X    0
  found on step    1
 current point:
  at point    0.061   0.112 -22.517
  closest atom surface   20.618   H18 137 X    0
  2nd closest surface    20.620   H29 137 X    0
  found on step  948
  no. of rejections          228
 stored as  -112

 highest radius point found:
  at point    0.059   0.116 -22.717
  closest atom surface   20.809   H18 137 X    0
  2nd closest surface    20.809   H7  137 X    0
  found on step    1
 current point:
  at point    0.063   0.112 -22.717
  closest atom surface   20.808   H18 137 X    0
  2nd closest surface    20.809   H29 137 X    0
  found on step  968
  no. of rejections          235
 stored as  -113

 highest radius point found:
  at point    0.059   0.116 -22.917
  closest atom surface   20.999   H18 137 X    0
  2nd closest surface    20.999   H7  137 X    0
  found on step    1
 current point:
  at point    0.061   0.112 -22.917
  closest atom surface   20.997   H18 137 X    0
  2nd closest surface    20.999   H29 137 X    0
  found on step  991
  no. of rejections          226
 stored as  -114

 highest radius point found:
  at point    0.060   0.123 -23.117
  closest atom surface   21.189   H7  137 X    0
  2nd closest surface    21.189   H29 137 X    0
  found on step  947
  this is also current point
  no. of rejections          212
 stored as  -115

 highest radius point found:
  at point    0.060   0.121 -23.317
  closest atom surface   21.379   H7  137 X    0
  2nd closest surface    21.379   H29 137 X    0
  found on step  975
  this is also current point
  no. of rejections          231
 stored as  -116

 highest radius point found:
  at point    0.061   0.121 -23.517
  closest atom surface   21.570   H7  137 X    0
  2nd closest surface    21.570   H29 137 X    0
  found on step  972
  this is also current point
  no. of rejections          240
 stored as  -117

 highest radius point found:
  at point    0.061   0.121 -23.717
  closest atom surface   21.760   H18 137 X    0
  2nd closest surface    21.760   H7  137 X    0
  found on step    1
 current point:
  at point    0.062   0.123 -23.717
  closest atom surface   21.760   H7  137 X    0
  2nd closest surface    21.760   H29 137 X    0
  found on step  971
  no. of rejections          227
 stored as  -118

 highest radius point found:
  at point    0.063   0.122 -23.917
  closest atom surface   21.951   H18 137 X    0
  2nd closest surface    21.951   H29 137 X    0
  found on step  990
  this is also current point
  no. of rejections          227
 stored as  -119

 highest radius point found:
  at point    0.064   0.123 -24.117
  closest atom surface   22.142   H29 137 X    0
  2nd closest surface    22.142   H18 137 X    0
  found on step  971
  this is also current point
  no. of rejections          219
 This is an end! (radius above  22.0 angs)
 
 N.b. Graph information routine (HOGRAP) differs 
        markedly from previous versions!
       Information now is written from -ve end
       to +ve in one pass
 
 Explanation of the meaning of each column: 
 First column "cenxyz.cvec" is the coordinate in the
   direction of the channel vector i.e. if the channel
   vector is in z (0 0 1) then it is the z coordinate.
 The second column "radius" is the hole pore radius 
   (as defined in the Biophys J 1993) article).
 The third column "cen_line_D" is the distance 
   measured along the pore centre line - with the 
   first point found set to zero. This was the first
   thing that I used to measure the distance along a pore
   but "cenxyz.cvec" is a much better general measure. 
   However, by comparing changes in this distance to changes in '   "cenxyz.cvec" one can get a measure of how straight a 
   channel is.
 The fourth column "sum{s/(area)}" is useful in conductance
   prediction -
   basically it is the sum of the thickness of each slab
   divided by its area. HOLE uses this measure to estimate
   the macroscopic conductance of a channel.
 If any of this worries you one can see the "raw" results
   of a standard hole run by producing a sphpdb file and 
    directly looking at the results.
 cenxyz.cvec      radius  cen_line_D sum{s/(area point sourc
   -23.91674    21.95087   -23.80717     0.00007   (sampled)
   -23.81674    21.85553   -23.70716     0.00013 (mid-point)
   -23.71674    21.76022   -23.60716     0.00020   (sampled)
   -23.61674    21.66493   -23.50716     0.00027 (mid-point)
   -23.51674    21.56965   -23.40716     0.00034   (sampled)
   -23.41674    21.47430   -23.30716     0.00041 (mid-point)
   -23.31674    21.37900   -23.20716     0.00047   (sampled)
   -23.21674    21.28374   -23.10716     0.00055 (mid-point)
   -23.11674    21.18852   -23.00715     0.00062   (sampled)
   -23.01674    21.09389   -22.90709     0.00069 (mid-point)
   -22.91674    20.99850   -22.80703     0.00076   (sampled)
   -22.81674    20.90370   -22.70703     0.00083 (mid-point)
   -22.71674    20.80894   -22.60703     0.00091   (sampled)
   -22.61674    20.71423   -22.50703     0.00098 (mid-point)
   -22.51674    20.61949   -22.40703     0.00106   (sampled)
   -22.41674    20.52459   -22.30703     0.00113 (mid-point)
   -22.31674    20.42974   -22.20703     0.00121   (sampled)
   -22.21674    20.33493   -22.10703     0.00128 (mid-point)
   -22.11674    20.24018   -22.00703     0.00136   (sampled)
   -22.01674    20.14543   -21.90703     0.00144 (mid-point)
   -21.91674    20.05073   -21.80703     0.00152   (sampled)
   -21.81674    19.95659   -21.70697     0.00160 (mid-point)
   -21.71674    19.86171   -21.60691     0.00168   (sampled)
   -21.61674    19.76791   -21.50688     0.00176 (mid-point)
   -21.51674    19.67312   -21.40684     0.00184   (sampled)
   -21.41674    19.57901   -21.30684     0.00193 (mid-point)
   -21.31674    19.48496   -21.20684     0.00201   (sampled)
   -21.21674    19.39097   -21.10684     0.00210 (mid-point)
   -21.11674    19.29703   -21.00684     0.00218   (sampled)
   -21.01674    19.20296   -20.90684     0.00227 (mid-point)
   -20.91674    19.10884   -20.80684     0.00235   (sampled)
   -20.81674    19.01477   -20.70684     0.00244 (mid-point)
   -20.71674    18.92076   -20.60684     0.00253   (sampled)
   -20.61674    18.82759   -20.50681     0.00262 (mid-point)
   -20.51674    18.73336   -20.40678     0.00271   (sampled)
   -20.41674    18.63984   -20.30678     0.00280 (mid-point)
   -20.31674    18.54639   -20.20678     0.00290   (sampled)
   -20.21674    18.45280   -20.10678     0.00299 (mid-point)
   -20.11674    18.35927   -20.00678     0.00308   (sampled)
   -20.01674    18.26604   -19.90678     0.00318 (mid-point)
   -19.91674    18.17259   -19.80677     0.00328   (sampled)
   -19.81674    18.07907   -19.70676     0.00337 (mid-point)
   -19.71674    17.98562   -19.60675     0.00347   (sampled)
   -19.61674    17.89263   -19.50675     0.00357 (mid-point)
   -19.51674    17.79972   -19.40675     0.00367   (sampled)
   -19.41674    17.70686   -19.30675     0.00377 (mid-point)
   -19.31674    17.61385   -19.20675     0.00388   (sampled)
   -19.21674    17.52065   -19.10674     0.00398 (mid-point)
   -19.11674    17.42751   -19.00673     0.00408   (sampled)
   -19.01674    17.33498   -18.90668     0.00419 (mid-point)
   -18.91674    17.24240   -18.80662     0.00430   (sampled)
   -18.81674    17.14993   -18.70660     0.00440 (mid-point)
   -18.71674    17.05728   -18.60657     0.00451   (sampled)
   -18.61674    16.96496   -18.50656     0.00462 (mid-point)
   -18.51674    16.87253   -18.40655     0.00474   (sampled)
   -18.41674    16.78027   -18.30654     0.00485 (mid-point)
   -18.31674    16.68809   -18.20654     0.00496   (sampled)
   -18.21674    16.59621   -18.10654     0.00508 (mid-point)
   -18.11674    16.50436   -18.00654     0.00520   (sampled)
   -18.01674    16.41243   -17.90654     0.00531 (mid-point)
   -17.91674    16.32058   -17.80654     0.00543   (sampled)
   -17.81674    16.22913   -17.70653     0.00555 (mid-point)
   -17.71674    16.13734   -17.60652     0.00568   (sampled)
   -17.61674    16.04586   -17.50652     0.00580 (mid-point)
   -17.51674    15.95402   -17.40651     0.00593   (sampled)
   -17.41674    15.86298   -17.30646     0.00605 (mid-point)
   -17.31674    15.77088   -17.20641     0.00618   (sampled)
   -17.21674    15.67993   -17.10641     0.00631 (mid-point)
   -17.11674    15.58909   -17.00641     0.00644   (sampled)
   -17.01674    15.49817   -16.90641     0.00657 (mid-point)
   -16.91674    15.40735   -16.80641     0.00671   (sampled)
   -16.81674    15.31683   -16.70641     0.00684 (mid-point)
   -16.71674    15.22642   -16.60641     0.00698   (sampled)
   -16.61674    15.13602   -16.50641     0.00712 (mid-point)
   -16.51674    15.04560   -16.40641     0.00726   (sampled)
   -16.41674    14.95542   -16.30641     0.00740 (mid-point)
   -16.31674    14.86500   -16.20640     0.00755   (sampled)
   -16.21674    14.77518   -16.10640     0.00769 (mid-point)
   -16.11674    14.68546   -16.00640     0.00784   (sampled)
   -16.01674    14.59562   -15.90640     0.00799 (mid-point)
   -15.91674    14.50582   -15.80640     0.00814   (sampled)
   -15.81674    14.41647   -15.70639     0.00829 (mid-point)
   -15.71674    14.32675   -15.60639     0.00845   (sampled)
   -15.61674    14.23770   -15.50638     0.00861 (mid-point)
   -15.51674    14.14828   -15.40637     0.00876   (sampled)
   -15.41674    14.05842   -15.30629     0.00893 (mid-point)
   -15.31674    13.96870   -15.20621     0.00909   (sampled)
   -15.21674    13.87662   -15.10410     0.00925 (mid-point)
   -15.11674    13.78432   -15.00200     0.00942   (sampled)
   -15.01674    13.68833   -14.90134     0.00959 (mid-point)
   -14.91674    13.59217   -14.80068     0.00976   (sampled)
   -14.81674    13.49413   -14.70068     0.00994 (mid-point)
   -14.71674    13.39611   -14.60068     0.01012   (sampled)
   -14.61674    13.29812   -14.50068     0.01030 (mid-point)
   -14.51674    13.20014   -14.40068     0.01048   (sampled)
   -14.41674    13.10241   -14.30065     0.01066 (mid-point)
   -14.31674    13.00418   -14.20063     0.01085   (sampled)
   -14.21674    12.90637   -14.10063     0.01104 (mid-point)
   -14.11674    12.80860   -14.00063     0.01124   (sampled)
   -14.01674    12.71085   -13.90063     0.01143 (mid-point)
   -13.91674    12.61314   -13.80063     0.01163   (sampled)
   -13.81674    12.51542   -13.70063     0.01184 (mid-point)
   -13.71674    12.41765   -13.60063     0.01204   (sampled)
   -13.61674    12.31988   -13.50062     0.01225 (mid-point)
   -13.51674    12.22199   -13.40061     0.01247   (sampled)
   -13.41674    12.12443   -13.30061     0.01268 (mid-point)
   -13.31674    12.02692   -13.20061     0.01290   (sampled)
   -13.21674    11.92944   -13.10061     0.01313 (mid-point)
   -13.11674    11.83192   -13.00061     0.01335   (sampled)
   -13.01674    11.73435   -12.90059     0.01359 (mid-point)
   -12.91674    11.63673   -12.80057     0.01382   (sampled)
   -12.81674    11.53940   -12.70057     0.01406 (mid-point)
   -12.71674    11.44211   -12.60057     0.01430   (sampled)
   -12.61674    11.34459   -12.50056     0.01455 (mid-point)
   -12.51674    11.24710   -12.40054     0.01480   (sampled)
   -12.41674    11.14993   -12.30054     0.01506 (mid-point)
   -12.31674    11.05281   -12.20054     0.01532   (sampled)
   -12.21674    10.95573   -12.10054     0.01558 (mid-point)
   -12.11674    10.85870   -12.00054     0.01585   (sampled)
   -12.01674    10.76171   -11.90054     0.01613 (mid-point)
   -11.91674    10.66477   -11.80054     0.01641   (sampled)
   -11.81674    10.56786   -11.70053     0.01669 (mid-point)
   -11.71674    10.47101   -11.60052     0.01698   (sampled)
   -11.61674    10.37434   -11.50050     0.01728 (mid-point)
   -11.51674    10.27699   -11.40047     0.01758   (sampled)
   -11.41674    10.18021   -11.30047     0.01789 (mid-point)
   -11.31674    10.08349   -11.20047     0.01820   (sampled)
   -11.21674     9.98710   -11.10043     0.01852 (mid-point)
   -11.11674     9.89037   -11.00039     0.01885   (sampled)
   -11.01674     9.79391   -10.90039     0.01918 (mid-point)
   -10.91674     9.69752   -10.80039     0.01952   (sampled)
   -10.81674     9.60119   -10.70039     0.01986 (mid-point)
   -10.71674     9.50492   -10.60039     0.02021   (sampled)
   -10.61674     9.40865   -10.50039     0.02057 (mid-point)
   -10.51674     9.31242   -10.40039     0.02094   (sampled)
   -10.41674     9.21625   -10.30039     0.02132 (mid-point)
   -10.31674     9.12016   -10.20039     0.02170   (sampled)
   -10.21674     9.02413   -10.10039     0.02209 (mid-point)
   -10.11674     8.92818   -10.00039     0.02249   (sampled)
   -10.01674     8.83251    -9.90038     0.02290 (mid-point)
    -9.91674     8.73632    -9.80036     0.02331   (sampled)
    -9.81674     8.64071    -9.70036     0.02374 (mid-point)
    -9.71674     8.54519    -9.60036     0.02418   (sampled)
    -9.61674     8.44975    -9.50036     0.02462 (mid-point)
    -9.51674     8.35439    -9.40036     0.02508   (sampled)
    -9.41674     8.25913    -9.30036     0.02554 (mid-point)
    -9.31674     8.16388    -9.20036     0.02602   (sampled)
    -9.21674     8.06855    -9.10034     0.02651 (mid-point)
    -9.11674     7.97322    -9.00033     0.02701   (sampled)
    -9.01674     7.87825    -8.90031     0.02752 (mid-point)
    -8.91674     7.78337    -8.80029     0.02805   (sampled)
    -8.81674     7.68868    -8.70027     0.02859 (mid-point)
    -8.71674     7.59409    -8.60026     0.02914   (sampled)
    -8.61674     7.49966    -8.50026     0.02971 (mid-point)
    -8.51674     7.40532    -8.40026     0.03029   (sampled)
    -8.41674     7.31101    -8.30026     0.03088 (mid-point)
    -8.31674     7.21682    -8.20026     0.03149   (sampled)
    -8.21674     7.12276    -8.10026     0.03212 (mid-point)
    -8.11674     7.02884    -8.00026     0.03276   (sampled)
    -8.01674     6.93505    -7.90026     0.03343 (mid-point)
    -7.91674     6.84140    -7.80026     0.03411   (sampled)
    -7.81674     6.74790    -7.70026     0.03481 (mid-point)
    -7.71674     6.65455    -7.60026     0.03552   (sampled)
    -7.61674     6.56129    -7.50025     0.03626 (mid-point)
    -7.51674     6.46818    -7.40025     0.03702   (sampled)
    -7.41674     6.37572    -7.30023     0.03781 (mid-point)
    -7.31674     6.28249    -7.20021     0.03861   (sampled)
    -7.21674     6.19012    -7.10021     0.03944 (mid-point)
    -7.11674     6.09794    -7.00021     0.04030   (sampled)
    -7.01674     6.00595    -6.90021     0.04118 (mid-point)
    -6.91674     5.91417    -6.80021     0.04209   (sampled)
    -6.81674     5.82259    -6.70021     0.04303 (mid-point)
    -6.71674     5.73124    -6.60021     0.04400   (sampled)
    -6.61674     5.64000    -6.50021     0.04500 (mid-point)
    -6.51674     5.54887    -6.40021     0.04604   (sampled)
    -6.41674     5.45798    -6.30021     0.04710 (mid-point)
    -6.31674     5.36734    -6.20021     0.04821   (sampled)
    -6.21674     5.27738    -6.10020     0.04935 (mid-point)
    -6.11674     5.18687    -6.00018     0.05054   (sampled)
    -6.01674     5.09729    -5.90018     0.05176 (mid-point)
    -5.91674     5.00800    -5.80018     0.05303   (sampled)
    -5.81674     4.91899    -5.70018     0.05435 (mid-point)
    -5.71674     4.83016    -5.60018     0.05571   (sampled)
    -5.61674     4.74167    -5.50018     0.05713 (mid-point)
    -5.51674     4.65351    -5.40018     0.05860   (sampled)
    -5.41674     4.56580    -5.30017     0.06012 (mid-point)
    -5.31674     4.47791    -5.20016     0.06171   (sampled)
    -5.21674     4.39105    -5.10016     0.06336 (mid-point)
    -5.11674     4.30461    -5.00016     0.06508   (sampled)
    -5.01674     4.21859    -4.90016     0.06687 (mid-point)
    -4.91674     4.13291    -4.80016     0.06873   (sampled)
    -4.81674     4.04763    -4.70016     0.07067 (mid-point)
    -4.71674     3.96282    -4.60016     0.07270   (sampled)
    -4.61674     3.87853    -4.50016     0.07482 (mid-point)
    -4.51674     3.79477    -4.40016     0.07703   (sampled)
    -4.41674     3.71156    -4.30016     0.07934 (mid-point)
    -4.31674     3.62894    -4.20016     0.08175   (sampled)
    -4.21674     3.54704    -4.10014     0.08428 (mid-point)
    -4.11674     3.46490    -4.00011     0.08694   (sampled)
    -4.01674     3.38440    -3.90011     0.08971 (mid-point)
    -3.91674     3.30462    -3.80011     0.09263   (sampled)
    -3.81674     3.22557    -3.70011     0.09569 (mid-point)
    -3.71674     3.14730    -3.60010     0.09890   (sampled)
    -3.61674     3.06959    -3.50010     0.10228 (mid-point)
    -3.51674     2.99272    -3.40009     0.10583   (sampled)
    -3.41674     2.91466    -3.30006     0.10958 (mid-point)
    -3.31674     2.83179    -3.20003     0.11355   (sampled)
    -3.21674     2.74889    -3.10003     0.11776 (mid-point)
    -3.11674     2.66672    -3.00003     0.12224   (sampled)
    -3.01674     2.58532    -2.90003     0.12700 (mid-point)
    -2.91674     2.50473    -2.80003     0.13208   (sampled)
    -2.81674     2.42500    -2.70003     0.13749 (mid-point)
    -2.71674     2.34613    -2.60003     0.14327   (sampled)
    -2.61674     2.26820    -2.50003     0.14946 (mid-point)
    -2.51674     2.19130    -2.40003     0.15609   (sampled)
    -2.41674     2.11548    -2.30003     0.16320 (mid-point)
    -2.31674     2.04081    -2.20003     0.17084   (sampled)
    -2.21674     1.96777    -2.10002     0.17906 (mid-point)
    -2.11674     1.89547    -2.00002     0.18792   (sampled)
    -2.01674     1.82485    -1.90002     0.19748 (mid-point)
    -1.91674     1.75571    -1.80002     0.20781   (sampled)
    -1.81674     1.68813    -1.70002     0.21898 (mid-point)
    -1.71674     1.62221    -1.60002     0.23107   (sampled)
    -1.61674     1.55783    -1.50002     0.24419 (mid-point)
    -1.51674     1.49530    -1.40002     0.25843   (sampled)
    -1.41674     1.43497    -1.30002     0.27388 (mid-point)
    -1.31674     1.37669    -1.20002     0.29068   (sampled)
    -1.21674     1.32051    -1.10002     0.30893 (mid-point)
    -1.11674     1.26658    -1.00001     0.32878   (sampled)
    -1.01674     1.21543    -0.90001     0.35032 (mid-point)
    -0.91674     1.16690    -0.80001     0.37370   (sampled)
    -0.81674     1.12107    -0.70001     0.39903 (mid-point)
    -0.71674     1.07813    -0.60001     0.42641   (sampled)
    -0.61674     1.03830    -0.50001     0.45594 (mid-point)
    -0.51674     1.00164    -0.40001     0.48766   (sampled)
    -0.41674     0.96822    -0.30001     0.52162 (mid-point)
    -0.31674     0.93811    -0.20001     0.55779   (sampled)
    -0.21674     0.91206    -0.10001     0.59605 (mid-point)
    -0.11674     0.88838     0.00000     0.63638   (sampled)
    -0.01674     0.86937     0.10000     0.67850 (mid-point)
     0.08326     0.85422     0.20000     0.72212   (sampled)
     0.18326     0.84298     0.30000     0.76692 (mid-point)
     0.28326     0.83572     0.40000     0.81249   (sampled)
     0.38326     0.83247     0.50000     0.85842 (mid-point)
     0.48326     0.83324     0.60000     0.90427   (sampled)
     0.58326     0.83804     0.70000     0.94959 (mid-point)
     0.68326     0.84684     0.80000     0.99398   (sampled)
     0.78326     0.85986     0.90000     1.03703 (mid-point)
     0.88326     0.87677     1.00000     1.07844   (sampled)
     0.98326     0.89724     1.10000     1.11798 (mid-point)
     1.08326     0.92135     1.20000     1.15548   (sampled)
     1.18326     0.94906     1.30000     1.19081 (mid-point)
     1.28326     0.98028     1.40000     1.22394   (sampled)
     1.38326     1.01488     1.50000     1.25484 (mid-point)
     1.48326     1.05275     1.60000     1.28356   (sampled)
     1.58326     1.09374     1.70000     1.31017 (mid-point)
     1.68326     1.13772     1.80000     1.33476   (sampled)
     1.78326     1.18513     1.90001     1.35743 (mid-point)
     1.88326     1.23450     2.00001     1.37831   (sampled)
     1.98326     1.28677     2.10001     1.39754 (mid-point)
     2.08326     1.34146     2.20001     1.41523   (sampled)
     2.18326     1.39846     2.30001     1.43150 (mid-point)
     2.28326     1.45763     2.40001     1.44648   (sampled)
     2.38326     1.51873     2.50001     1.46029 (mid-point)
     2.48326     1.58173     2.60001     1.47301   (sampled)
     2.58326     1.64656     2.70001     1.48475 (mid-point)
     2.68326     1.71312     2.80001     1.49559   (sampled)
     2.78326     1.78130     2.90001     1.50563 (mid-point)
     2.88326     1.85101     3.00001     1.51492   (sampled)
     2.98326     1.92216     3.10001     1.52353 (mid-point)
     3.08326     1.99467     3.20001     1.53153   (sampled)
     3.18326     2.06913     3.30003     1.53897 (mid-point)
     3.28326     2.14371     3.40004     1.54589   (sampled)
     3.38326     2.22002     3.50004     1.55235 (mid-point)
     3.48326     2.29738     3.60005     1.55838   (sampled)
     3.58326     2.37563     3.70005     1.56402 (mid-point)
     3.68326     2.45482     3.80005     1.56931   (sampled)
     3.78326     2.53490     3.90005     1.57426 (mid-point)
     3.88326     2.61582     4.00005     1.57891   (sampled)
     3.98326     2.69754     4.10005     1.58329 (mid-point)
     4.08326     2.78001     4.20005     1.58740   (sampled)
     4.18326     2.86318     4.30005     1.59129 (mid-point)
     4.28326     2.94703     4.40005     1.59495   (sampled)
     4.38326     3.03151     4.50005     1.59842 (mid-point)
     4.48326     3.11659     4.60005     1.60169   (sampled)
     4.58326     3.20224     4.70005     1.60480 (mid-point)
     4.68326     3.28843     4.80005     1.60774   (sampled)
     4.78326     3.37509     4.90005     1.61054 (mid-point)
     4.88326     3.46222     5.00005     1.61319   (sampled)
     4.98326     3.54981     5.10005     1.61572 (mid-point)
     5.08326     3.63784     5.20005     1.61812   (sampled)
     5.18326     3.72629     5.30005     1.62041 (mid-point)
     5.28326     3.81514     5.40005     1.62260   (sampled)
     5.38326     3.90437     5.50005     1.62469 (mid-point)
     5.48326     3.99396     5.60005     1.62669   (sampled)
     5.58326     4.08389     5.70005     1.62859 (mid-point)
     5.68326     4.17415     5.80005     1.63042   (sampled)
     5.78326     4.26498     5.90006     1.63217 (mid-point)
     5.88326     4.35561     6.00007     1.63385   (sampled)
     5.98326     4.44740     6.10009     1.63546 (mid-point)
     6.08326     4.53833     6.20011     1.63700   (sampled)
     6.18326     4.63028     6.30014     1.63849 (mid-point)
     6.28326     4.72207     6.40016     1.63992   (sampled)
     6.38326     4.81433     6.50016     1.64129 (mid-point)
     6.48326     4.90681     6.60016     1.64261   (sampled)
     6.58326     4.99952     6.70017     1.64388 (mid-point)
     6.68326     5.09243     6.80018     1.64511   (sampled)
     6.78326     5.18554     6.90018     1.64630 (mid-point)
     6.88326     5.27885     7.00018     1.64744   (sampled)
     6.98326     5.37233     7.10018     1.64854 (mid-point)
     7.08326     5.46600     7.20018     1.64961   (sampled)
     7.18326     5.55983     7.30018     1.65064 (mid-point)
     7.28326     5.65380     7.40018     1.65163   (sampled)
     7.38326     5.74789     7.50018     1.65259 (mid-point)
     7.48326     5.84213     7.60018     1.65353   (sampled)
     7.58326     5.93652     7.70018     1.65443 (mid-point)
     7.68326     6.03105     7.80018     1.65531   (sampled)
     7.78326     6.12571     7.90018     1.65615 (mid-point)
     7.88326     6.22051     8.00018     1.65698   (sampled)
     7.98326     6.31544     8.10018     1.65777 (mid-point)
     8.08326     6.41049     8.20018     1.65855   (sampled)
     8.18326     6.50585     8.30018     1.65930 (mid-point)
     8.28326     6.60133     8.40018     1.66003   (sampled)
     8.38326     6.69672     8.50018     1.66074 (mid-point)
     8.48326     6.79221     8.60018     1.66143   (sampled)
     8.58326     6.88781     8.70018     1.66210 (mid-point)
     8.68326     6.98351     8.80018     1.66276   (sampled)
     8.78326     7.07930     8.90018     1.66339 (mid-point)
     8.88326     7.17519     9.00018     1.66401   (sampled)
     8.98326     7.27116     9.10018     1.66461 (mid-point)
     9.08326     7.36723     9.20018     1.66520   (sampled)
     9.18326     7.46338     9.30018     1.66577 (mid-point)
     9.28326     7.55961     9.40018     1.66633   (sampled)
     9.38326     7.65599     9.50018     1.66687 (mid-point)
     9.48326     7.75244     9.60018     1.66740   (sampled)
     9.58326     7.84890     9.70018     1.66791 (mid-point)
     9.68326     7.94543     9.80018     1.66842   (sampled)
     9.78326     8.04204     9.90018     1.66891 (mid-point)
     9.88326     8.13871    10.00018     1.66939   (sampled)
     9.98326     8.23545    10.10018     1.66986 (mid-point)
    10.08326     8.33225    10.20018     1.67032   (sampled)
    10.18326     8.42912    10.30018     1.67077 (mid-point)
    10.28326     8.52604    10.40018     1.67121   (sampled)
    10.38326     8.62317    10.50019     1.67163 (mid-point)
    10.48326     8.72035    10.60019     1.67205   (sampled)
    10.58326     8.81745    10.70019     1.67246 (mid-point)
    10.68326     8.91460    10.80019     1.67286   (sampled)
    10.78326     9.01180    10.90019     1.67325 (mid-point)
    10.88326     9.10905    11.00019     1.67364   (sampled)
    10.98326     9.20636    11.10019     1.67401 (mid-point)
    11.08326     9.30371    11.20019     1.67438   (sampled)
    11.18326     9.40119    11.30021     1.67474 (mid-point)
    11.28326     9.49871    11.40022     1.67509   (sampled)
    11.38326     9.59621    11.50022     1.67544 (mid-point)
    11.48326     9.69374    11.60022     1.67578   (sampled)
    11.58326     9.79132    11.70022     1.67611 (mid-point)
    11.68326     9.88893    11.80022     1.67644   (sampled)
    11.78326     9.98659    11.90022     1.67676 (mid-point)
    11.88326    10.08429    12.00022     1.67707   (sampled)
    11.98326    10.18202    12.10022     1.67738 (mid-point)
    12.08326    10.27979    12.20022     1.67768   (sampled)
    12.18326    10.37760    12.30022     1.67797 (mid-point)
    12.28326    10.47545    12.40022     1.67826   (sampled)
    12.38326    10.57338    12.50022     1.67855 (mid-point)
    12.48326    10.67135    12.60022     1.67883   (sampled)
    12.58326    10.76947    12.70023     1.67910 (mid-point)
    12.68326    10.86755    12.80024     1.67937   (sampled)
    12.78326    10.96558    12.90024     1.67963 (mid-point)
    12.88326    11.06364    13.00024     1.67989   (sampled)
    12.98326    11.16176    13.10024     1.68015 (mid-point)
    13.08326    11.25990    13.20024     1.68040   (sampled)
    13.18326    11.35805    13.30024     1.68065 (mid-point)
    13.28326    11.45623    13.40024     1.68089   (sampled)
    13.38326    11.55444    13.50024     1.68113 (mid-point)
    13.48326    11.65266    13.60024     1.68136   (sampled)
    13.58326    11.75090    13.70024     1.68159 (mid-point)
    13.68326    11.84916    13.80024     1.68182   (sampled)
    13.78326    11.94753    13.90025     1.68204 (mid-point)
    13.88326    12.04582    14.00026     1.68226   (sampled)
    13.98326    12.14419    14.10026     1.68248 (mid-point)
    14.08326    12.24259    14.20026     1.68269   (sampled)
    14.18326    12.34100    14.30026     1.68290 (mid-point)
    14.28326    12.43941    14.40026     1.68311   (sampled)
    14.38326    12.53784    14.50026     1.68331 (mid-point)
    14.48326    12.63629    14.60026     1.68351   (sampled)
    14.58326    12.73476    14.70026     1.68370 (mid-point)
    14.68326    12.83325    14.80026     1.68390   (sampled)
    14.78326    12.93176    14.90026     1.68409 (mid-point)
    14.88326    13.03029    15.00026     1.68428   (sampled)
    14.98326    13.12884    15.10026     1.68446 (mid-point)
    15.08326    13.22741    15.20026     1.68464   (sampled)
    15.18326    13.32600    15.30026     1.68482 (mid-point)
    15.28326    13.42461    15.40026     1.68500   (sampled)
    15.38326    13.52324    15.50026     1.68517 (mid-point)
    15.48326    13.62188    15.60026     1.68534   (sampled)
    15.58326    13.72056    15.70026     1.68551 (mid-point)
    15.68326    13.81925    15.80026     1.68568   (sampled)
    15.78326    13.91816    15.90027     1.68584 (mid-point)
    15.88326    14.01694    16.00027     1.68601   (sampled)
    15.98326    14.11568    16.10027     1.68617 (mid-point)
    16.08326    14.21444    16.20027     1.68632   (sampled)
    16.18326    14.31322    16.30027     1.68648 (mid-point)
    16.28326    14.41201    16.40027     1.68663   (sampled)
    16.38326    14.51082    16.50027     1.68678 (mid-point)
    16.48326    14.60964    16.60027     1.68693   (sampled)
    16.58326    14.70848    16.70027     1.68708 (mid-point)
    16.68326    14.80732    16.80027     1.68722   (sampled)
    16.78326    14.90617    16.90027     1.68737 (mid-point)
    16.88326    15.00503    17.00027     1.68751   (sampled)
    16.98326    15.10390    17.10027     1.68765 (mid-point)
    17.08326    15.20279    17.20027     1.68779   (sampled)
    17.18326    15.30169    17.30027     1.68792 (mid-point)
    17.28326    15.40060    17.40027     1.68806   (sampled)
    17.38326    15.49953    17.50027     1.68819 (mid-point)
    17.48326    15.59846    17.60027     1.68832   (sampled)
    17.58326    15.69741    17.70027     1.68845 (mid-point)
    17.68326    15.79637    17.80027     1.68858   (sampled)
    17.78326    15.89535    17.90027     1.68870 (mid-point)
    17.88326    15.99433    18.00027     1.68883   (sampled)
    17.98326    16.09333    18.10027     1.68895 (mid-point)
    18.08326    16.19234    18.20027     1.68907   (sampled)
    18.18326    16.29136    18.30027     1.68919 (mid-point)
    18.28326    16.39038    18.40027     1.68931   (sampled)
    18.38326    16.48957    18.50028     1.68943 (mid-point)
    18.48326    16.58875    18.60029     1.68954   (sampled)
    18.58326    16.68782    18.70029     1.68966 (mid-point)
    18.68326    16.78689    18.80029     1.68977   (sampled)
    18.78326    16.88597    18.90029     1.68988 (mid-point)
    18.88326    16.98506    19.00029     1.68999   (sampled)
    18.98326    17.08415    19.10029     1.69010 (mid-point)
    19.08326    17.18326    19.20029     1.69021   (sampled)
    19.18326    17.28238    19.30029     1.69031 (mid-point)
    19.28326    17.38151    19.40029     1.69042   (sampled)
    19.38326    17.48064    19.50029     1.69052 (mid-point)
    19.48326    17.57979    19.60029     1.69063   (sampled)
    19.58326    17.67894    19.70029     1.69073 (mid-point)
    19.68326    17.77811    19.80029     1.69083   (sampled)
    19.78326    17.87728    19.90029     1.69093 (mid-point)
    19.88326    17.97646    20.00029     1.69103   (sampled)
    19.98326    18.07564    20.10029     1.69113 (mid-point)
    20.08326    18.17484    20.20029     1.69122   (sampled)
    20.18326    18.27417    20.30032     1.69132 (mid-point)
    20.28326    18.37327    20.40036     1.69141   (sampled)
    20.38326    18.47262    20.50037     1.69150 (mid-point)
    20.48326    18.57197    20.60038     1.69160   (sampled)
    20.58326    18.67123    20.70038     1.69169 (mid-point)
    20.68326    18.77048    20.80038     1.69178   (sampled)
    20.78326    18.86974    20.90038     1.69187 (mid-point)
    20.88326    18.96899    21.00038     1.69196   (sampled)
    20.98326    19.06825    21.10038     1.69204 (mid-point)
    21.08326    19.16752    21.20038     1.69213   (sampled)
    21.18326    19.26680    21.30038     1.69222 (mid-point)
    21.28326    19.36609    21.40038     1.69230   (sampled)
    21.38326    19.46542    21.50038     1.69239 (mid-point)
    21.48326    19.56467    21.60038     1.69247   (sampled)
    21.58326    19.66399    21.70038     1.69255 (mid-point)
    21.68326    19.76332    21.80038     1.69263   (sampled)
    21.78326    19.86265    21.90038     1.69271 (mid-point)
    21.88326    19.96198    22.00038     1.69279   (sampled)
    21.98326    20.06132    22.10038     1.69287 (mid-point)
    22.08326    20.16067    22.20038     1.69295   (sampled)
    22.18326    20.26003    22.30038     1.69303 (mid-point)
    22.28326    20.35939    22.40038     1.69310   (sampled)
    22.38326    20.45875    22.50038     1.69318 (mid-point)
    22.48326    20.55811    22.60038     1.69326   (sampled)
    22.58326    20.65747    22.70038     1.69333 (mid-point)
    22.68326    20.75684    22.80038     1.69340   (sampled)
    22.78326    20.85629    22.90039     1.69348 (mid-point)
    22.88326    20.95570    23.00039     1.69355   (sampled)
    22.98326    21.05511    23.10039     1.69362 (mid-point)
    23.08326    21.15451    23.20039     1.69369   (sampled)
    23.18326    21.25391    23.30039     1.69376 (mid-point)
    23.28326    21.35331    23.40039     1.69383   (sampled)
    23.38326    21.45272    23.50039     1.69390 (mid-point)
    23.48326    21.55213    23.60040     1.69397   (sampled)
    23.58326    21.65155    23.70040     1.69404 (mid-point)
    23.68326    21.75097    23.80040     1.69411   (sampled)
    23.78326    21.85040    23.90040     1.69417 (mid-point)
    23.88326    21.94983    24.00040     1.69424   (sampled)

 Minimum radius found:      0.832 angstroms.



 For spherical probe approach, The geometric factor
         F= sum(ds/area) along channel is    1.694 angstroms**-1
 This yields a macroscopic predicted molar conductance of:
   (1/rho)*(100/F)= (59/rho) pS,
   where rho is the conductivity of 1M permeant ion in ohm m.
 N.B. this is a macroscopic conductance - an overestimate 
 Empirically corrected conductances currently only available
 With the CAPSULE option (although its not that stable!)
 For 1M KCl rho= 1/12 (ohm m), So Gmacro= 710 pS/M.
  (TAG      1   Rmin=     0.83247   Gmacro=   708.28269 Conn_Gmacro=    -1.00000 ).
 HOLE: normal completion
