 *** Program HOLE ***
 
 If results of this run are reported or published, please
 cite the publication listed below.
 For the HOLE program:
   Smart, O.S., Goodfellow, J.M., Wallace, B.A. (1993). 
   The pore dimensions of gramicidin A. 
   Biophys. J., 65, 2455-2460.
 
 Originally written by Oliver Smart at Birkbeck College from April 1992.
 Copyright 1993-2005 Oliver Smart
 Copyright 2014-2015 SmartSci Limited.
 Copyright 2016 Oliver Smart.
 
 For help on HOLE suite see  http://www.holeprogram.org/
 
 HOLE release 2.2.005 (07 August 2016) 
 
 usage subject to Apache License, Version 2.0 
 see http://www.apache.org/licenses/LICENSE-2.0 

 Control variables read:

! Input file for Oliver Smart's HOLE program
! written by MDAnalysis.analysis.hole2.HoleAnalysis
! for a Universe
! u = mda.Universe(/afs/crc.nd.edu/user/m/mfarshad/Private/ML-new/traj/host-20/h
!    /afs/crc.nd.edu/user/m/mfarshad/Private/ML-new/traj/host-20/host_20.trr
!   )
! Frame 52

COORD  /tmp/2550156.1.long/tmpu4u1n7wc.pdb
RADIUS simple2.rad
SPHPDB hole052.sph
SAMPLE 0.200000
ENDRAD 22.000000
IGNORE SOL WAT TIP HOH K   NA  CL
SHORTO 0
RASEED 31415
CPOINT 40.0249387196 40.1289819536 39.9369279316


 WARNING have not found a CVECT record - will try to guess
 Input pdb filename read as:    '/tmp/2550156.1.long/tmpu4u1n7wc.pdb'
 Input vdW radius file read as: 'simple2.rad'
 point in channel:   40.025  40.129  39.937
 channel vector:   ************************
 sampling distance between planes:    0.200

 graphics conditions:
 binary plot output file name: NONE
 Dot density:    10
 Draw dots?           T
 Draw close contacts? F
 Draw centre line?    T
 Produce spikes rather than dots? F
 Seed for random number generator:     31415 (0 means value set by program)
 Radius above which a result is regarded as an 'end':  22.000
 Pdb format file for sphere centres: hole052.sph

 Monte Carlo conditions:
  no of steps:  1000
  maximum displacement   0.100 angs
  'kT' initial   0.100 angs
 The spherebox and capsule options are turned off.
 (No molqpt card so will not write qpt file of the molecule)
 IGNORE card read so will ignore residue types: SOL WAT TIP HOH K   NA  CL
 no SHORTO card read so will produce full textual output
 As no PEGRAT card was found will not produce PEG polymer exclusion graph
 (No 2DMAPS card specified so will not produce 2D property maps)
 Have not found a CUT card.  Normal calculation using
   Cutoff lists with a cutsize=       1.000
   (if you wish to turn off option use a CUT -1 card)

 Have read     7 bond radius records and
              16 vdW radius records.
 From file: simple2.rad

 Have read    84 atom records.
 From file: /tmp/2550156.1.long/tmpu4u1n7wc.pdb
 Will not produce graphical output

 Have opened file for pdb format output of sphere centres:  hole052.sph

  Seed integer used by ran # generator on this run      31415

 
 S/R cguess will try to guess CPOINT and/or CVECT
 
 THESE GUESSES MAY WELL BE WRONG!!!!
 Routine relies on having a reasonably symmetric
 channel oriented along x, y or z vector
 YOU ARE STRONGLY ADVISED TO CHECK THE RESULTS
                       WITH MOLECULAR GRAPHICS
 testing points from cpoint in X, Y then Z direction
   point                   pore radius
direction     1
  35.025  40.129  39.937    -0.780
  36.025  40.129  39.937    -1.470
  37.025  40.129  39.937    -0.780
  38.025  40.129  39.937     0.186
  39.025  40.129  39.937     1.172
  40.025  40.129  39.937     1.987
  41.025  40.129  39.937     1.196
  42.025  40.129  39.937     0.339
  43.025  40.129  39.937    -0.637
  44.025  40.129  39.937    -1.460
  45.025  40.129  39.937    -0.938
 Average pore radius along the line=     -0.108
direction     2
  40.025  35.129  39.937     3.210
  40.025  36.129  39.937     2.602
  40.025  37.129  39.937     2.155
  40.025  38.129  39.937     1.927
  40.025  39.129  39.937     1.934
  40.025  40.129  39.937     1.987
  40.025  41.129  39.937     1.891
  40.025  42.129  39.937     1.975
  40.025  43.129  39.937     2.305
  40.025  44.129  39.937     2.712
  40.025  45.129  39.937     3.264
 Average pore radius along the line=      2.360
direction     3
  40.025  40.129  34.937    -1.473
  40.025  40.129  35.937    -0.869
  40.025  40.129  36.937     0.095
  40.025  40.129  37.937     1.083
  40.025  40.129  38.937     1.681
  40.025  40.129  39.937     1.987
  40.025  40.129  40.937     1.543
  40.025  40.129  41.937     1.138
  40.025  40.129  42.937     0.149
  40.025  40.129  43.937    -0.817
  40.025  40.129  44.937    -1.480
 Average pore radius along the line=      0.276
 Best direction is found to be     2
(1=X,2=Y,3=Z)
 s/r cguess has produced initial values for cpoint &/or cvect:
CPOINT      40.0249     40.1290     39.9369
CVECT        0.0000      1.0000      0.0000
 THESE GUESSES MAY WELL BE WRONG!!!!
 Routine relies on having a reasonably symmetric
 channel oriented along x, y or z vector
 YOU ARE STRONGLY ADVISED TO CHECK THE RESULTS
                       WITH MOLECULAR GRAPHICS
 
 
  Some routines (e.g. conn) need vectors normal to cvect: 
     EAST Zero degrees angle is along vector    1.000   0.000   0.000
     NORTH  90 degrees angle is along vector    0.000   0.000   1.000
 highest radius point found:
  at point   39.938  40.129  39.683
  closest atom surface    2.060   C27 20  X    1
  2nd closest surface     2.060   C38 20  X    1
  found on step  991
  this is also current point
  no. of rejections          412
 stored as     0

 highest radius point found:
  at point   40.016  40.329  39.761
  closest atom surface    2.052   C27 20  X    1
  2nd closest surface     2.054   C38 20  X    1
  found on step  112
 current point:
  at point   40.543  40.329  41.018
  closest atom surface    1.984   C36 20  X    1
  2nd closest surface     1.985   C26 20  X    1
  found on step  950
  no. of rejections          367
 stored as     1

 highest radius point found:
  at point   40.215  40.529  40.027
  closest atom surface    2.064   C38 20  X    1
  2nd closest surface     2.064   C26 20  X    1
  found on step  139
 current point:
  at point   40.122  40.529  39.884
  closest atom surface    2.061   C38 20  X    1
  2nd closest surface     2.062   C26 20  X    1
  found on step  906
  no. of rejections          405
 stored as     2

 highest radius point found:
  at point   40.350  40.729  40.219
  closest atom surface    2.086   C14 20  X    1
  2nd closest surface     2.086   C26 20  X    1
  found on step  946
  this is also current point
  no. of rejections          393
 stored as     3

 highest radius point found:
  at point   40.339  40.929  40.229
  closest atom surface    2.080   C26 20  X    1
  2nd closest surface     2.081   C14 20  X    1
  found on step  925
  this is also current point
  no. of rejections          395
 stored as     4

 highest radius point found:
  at point   40.298  41.129  40.196
  closest atom surface    2.077   C15 20  X    1
  2nd closest surface     2.078   C26 20  X    1
  found on step    5
 current point:
  at point   39.690  41.129  38.850
  closest atom surface    1.996   C14 20  X    1
  2nd closest surface     1.996   C28 20  X    1
  found on step  921
  no. of rejections          389
 stored as     5

 highest radius point found:
  at point   40.304  41.329  40.286
  closest atom surface    2.067   C15 20  X    1
  2nd closest surface     2.071   C26 20  X    1
  found on step  181
 current point:
  at point   40.590  41.329  41.183
  closest atom surface    2.033   C16 20  X    1
  2nd closest surface     2.033   C26 20  X    1
  found on step  977
  no. of rejections          390
 stored as     6

 highest radius point found:
  at point   40.427  41.529  40.659
  closest atom surface    2.067   C16 20  X    1
  2nd closest surface     2.071   C26 20  X    1
  found on step  148
 current point:
  at point   40.582  41.529  41.196
  closest atom surface    2.059   C16 20  X    1
  2nd closest surface     2.062   C26 20  X    1
  found on step 1000
  no. of rejections          404
 stored as     7

 highest radius point found:
  at point   40.592  41.729  41.281
  closest atom surface    2.103   C16 20  X    1
  2nd closest surface     2.103   C26 20  X    1
  found on step  970
  this is also current point
  no. of rejections          389
 stored as     8

 highest radius point found:
  at point   40.577  41.929  41.269
  closest atom surface    2.147   C16 20  X    1
  2nd closest surface     2.150   C26 20  X    1
  found on step  390
 current point:
  at point   39.692  41.929  38.850
  closest atom surface    2.060   C14 20  X    1
  2nd closest surface     2.060   C27 20  X    1
  found on step  996
  no. of rejections          395
 stored as     9

 highest radius point found:
  at point   40.565  42.129  41.279
  closest atom surface    2.205   C16 20  X    1
  2nd closest surface     2.205   C26 20  X    1
  found on step  995
  this is also current point
  no. of rejections          361
 stored as    10

 highest radius point found:
  at point   40.531  42.329  41.210
  closest atom surface    2.265   C26 20  X    1
  2nd closest surface     2.266   C16 20  X    1
  found on step  860
 current point:
  at point   40.529  42.329  41.204
  closest atom surface    2.264   C26 20  X    1
  2nd closest surface     2.266   C16 20  X    1
  found on step  980
  no. of rejections          406
 stored as    11

 highest radius point found:
  at point   40.544  42.529  41.247
  closest atom surface    2.320   C25 20  X    1
  2nd closest surface     2.320   C15 20  X    1
  found on step  984
  this is also current point
  no. of rejections          414
 stored as    12

 highest radius point found:
  at point   40.610  42.729  41.373
  closest atom surface    2.375   C15 20  X    1
  2nd closest surface     2.377   C25 20  X    1
  found on step  968
  this is also current point
  no. of rejections          356
 stored as    13

 highest radius point found:
  at point   40.613  42.929  41.413
  closest atom surface    2.438   C25 20  X    1
  2nd closest surface     2.438   C15 20  X    1
  found on step  938
  this is also current point
  no. of rejections          397
 stored as    14

 highest radius point found:
  at point   40.644  43.129  41.482
  closest atom surface    2.505   H11 20  X    1
  2nd closest surface     2.507   C15 20  X    1
  found on step    3
 current point:
  at point   40.357  43.129  41.078
  closest atom surface    2.498   C27 20  X    1
  2nd closest surface     2.499   C25 20  X    1
  found on step  984
  no. of rejections          373
 stored as    15

 highest radius point found:
  at point   40.649  43.329  41.531
  closest atom surface    2.591   C25 20  X    1
  2nd closest surface     2.591   C15 20  X    1
  found on step  984
  this is also current point
  no. of rejections          364
 stored as    16

 highest radius point found:
  at point   40.662  43.529  41.586
  closest atom surface    2.678   C25 20  X    1
  2nd closest surface     2.681   C15 20  X    1
  found on step  830
 current point:
  at point   40.653  43.529  41.571
  closest atom surface    2.677   C25 20  X    1
  2nd closest surface     2.678   C15 20  X    1
  found on step  947
  no. of rejections          372
 stored as    17

 highest radius point found:
  at point   40.702  43.729  41.626
  closest atom surface    2.751   C15 20  X    1
  2nd closest surface     2.753   O5  20  X    1
  found on step  986
  this is also current point
  no. of rejections          371
 stored as    18

 highest radius point found:
  at point   40.778  43.929  41.721
  closest atom surface    2.836   O5  20  X    1
  2nd closest surface     2.838   H11 20  X    1
  found on step  641
 current point:
  at point   40.778  43.929  41.722
  closest atom surface    2.836   O5  20  X    1
  2nd closest surface     2.838   H11 20  X    1
  found on step  992
  no. of rejections          372
 stored as    19

 highest radius point found:
  at point   40.827  44.129  41.774
  closest atom surface    2.926   O5  20  X    1
  2nd closest surface     2.927   C15 20  X    1
  found on step  811
 current point:
  at point   40.823  44.129  41.769
  closest atom surface    2.925   O5  20  X    1
  2nd closest surface     2.926   C15 20  X    1
  found on step  966
  no. of rejections          362
 stored as    20

 highest radius point found:
  at point   40.832  44.329  41.769
  closest atom surface    3.014   O5  20  X    1
  2nd closest surface     3.015   C15 20  X    1
  found on step  969
  this is also current point
  no. of rejections          367
 stored as    21

 highest radius point found:
  at point   40.760  44.529  41.661
  closest atom surface    3.096   O5  20  X    1
  2nd closest surface     3.097   C15 20  X    1
  found on step  131
 current point:
  at point   40.541  44.529  41.365
  closest atom surface    3.078   C15 20  X    1
  2nd closest surface     3.078   O5  20  X    1
  found on step  949
  no. of rejections          358
 stored as    22

 highest radius point found:
  at point   40.788  44.729  41.687
  closest atom surface    3.201   C15 20  X    1
  2nd closest surface     3.201   O5  20  X    1
  found on step  935
  this is also current point
  no. of rejections          349
 stored as    23

 highest radius point found:
  at point   40.763  44.929  41.642
  closest atom surface    3.304   C15 20  X    1
  2nd closest surface     3.304   O5  20  X    1
  found on step  720
 current point:
  at point   40.469  44.929  41.248
  closest atom surface    3.287   O5  20  X    1
  2nd closest surface     3.288   C15 20  X    1
  found on step  928
  no. of rejections          360
 stored as    24

 highest radius point found:
  at point   40.087  45.129  40.726
  closest atom surface    3.450   C15 20  X    1
  2nd closest surface     3.452   C27 20  X    1
  found on step  692
 current point:
  at point   40.083  45.129  40.721
  closest atom surface    3.449   C27 20  X    1
  2nd closest surface     3.451   C15 20  X    1
  found on step  967
  no. of rejections          345
 stored as    25

 highest radius point found:
  at point   40.059  45.329  40.679
  closest atom surface    3.575   C15 20  X    1
  2nd closest surface     3.576   O5  20  X    1
  found on step  938
  this is also current point
  no. of rejections          342
 stored as    26

 highest radius point found:
  at point   40.020  45.529  40.612
  closest atom surface    3.707   C15 20  X    1
  2nd closest surface     3.707   C27 20  X    1
  found on step  983
  this is also current point
  no. of rejections          370
 stored as    27

 highest radius point found:
  at point   40.006  45.729  40.592
  closest atom surface    3.839   O5  20  X    1
  2nd closest surface     3.840   C15 20  X    1
  found on step   44
 current point:
  at point   39.663  45.729  39.399
  closest atom surface    3.833   C27 20  X    1
  2nd closest surface     3.833   O3  20  X    1
  found on step  974
  no. of rejections          327
 stored as    28

 highest radius point found:
  at point   39.966  45.929  40.527
  closest atom surface    3.982   O5  20  X    1
  2nd closest surface     3.982   C15 20  X    1
  found on step  972
  this is also current point
  no. of rejections          355
 stored as    29

 highest radius point found:
  at point   39.926  46.129  40.467
  closest atom surface    4.127   O5  20  X    1
  2nd closest surface     4.128   C27 20  X    1
  found on step  999
  this is also current point
  no. of rejections          317
 stored as    30

 highest radius point found:
  at point   39.908  46.329  40.431
  closest atom surface    4.272   O5  20  X    1
  2nd closest surface     4.272   C15 20  X    1
  found on step  709
 current point:
  at point   39.656  46.329  39.546
  closest atom surface    4.269   H15 20  X    1
  2nd closest surface     4.269   C15 20  X    1
  found on step  919
  no. of rejections          318
 stored as    31

 highest radius point found:
  at point   39.890  46.529  40.401
  closest atom surface    4.417   H15 20  X    1
  2nd closest surface     4.418   O5  20  X    1
  found on step   46
 current point:
  at point   38.959  46.529  38.629
  closest atom surface    4.357   H15 20  X    1
  2nd closest surface     4.358   O3  20  X    1
  found on step  989
  no. of rejections          283
 stored as    32

 highest radius point found:
  at point   39.877  46.729  40.358
  closest atom surface    4.565   C15 20  X    1
  2nd closest surface     4.567   H15 20  X    1
  found on step    2
 current point:
  at point   39.871  46.729  40.338
  closest atom surface    4.564   C15 20  X    1
  2nd closest surface     4.565   H15 20  X    1
  found on step 1000
  no. of rejections          321
 stored as    33

 highest radius point found:
  at point   39.877  46.929  40.358
  closest atom surface    4.715   C15 20  X    1
  2nd closest surface     4.718   O5  20  X    1
  found on step    1
 current point:
  at point   39.294  46.929  39.146
  closest atom surface    4.646   H15 20  X    1
  2nd closest surface     4.646   O3  20  X    1
  found on step  979
  no. of rejections          325
 stored as    34

 highest radius point found:
  at point   39.860  47.129  40.330
  closest atom surface    4.871   C15 20  X    1
  2nd closest surface     4.872   O5  20  X    1
  found on step   18
 current point:
  at point   39.722  47.129  39.853
  closest atom surface    4.863   H15 20  X    1
  2nd closest surface     4.864   C15 20  X    1
  found on step  973
  no. of rejections          320
 stored as    35

 highest radius point found:
  at point   39.842  47.329  40.299
  closest atom surface    5.029   O5  20  X    1
  2nd closest surface     5.030   C15 20  X    1
  found on step  497
 current point:
  at point   39.824  47.329  40.237
  closest atom surface    5.027   H15 20  X    1
  2nd closest surface     5.028   C15 20  X    1
  found on step  990
  no. of rejections          293
 stored as    36

 highest radius point found:
  at point   39.812  47.529  40.233
  closest atom surface    5.186   H15 20  X    1
  2nd closest surface     5.191   C15 20  X    1
  found on step   43
 current point:
  at point   39.702  47.529  39.823
  closest atom surface    5.184   C15 20  X    1
  2nd closest surface     5.185   H15 20  X    1
  found on step  897
  no. of rejections          334
 stored as    37

 highest radius point found:
  at point   39.812  47.729  40.233
  closest atom surface    5.350   C15 20  X    1
  2nd closest surface     5.353   H15 20  X    1
  found on step    1
 current point:
  at point   39.755  47.729  40.036
  closest atom surface    5.346   C15 20  X    1
  2nd closest surface     5.346   H15 20  X    1
  found on step  991
  no. of rejections          313
 stored as    38

 highest radius point found:
  at point   39.790  47.929  40.188
  closest atom surface    5.515   C15 20  X    1
  2nd closest surface     5.515   H15 20  X    1
  found on step  926
  this is also current point
  no. of rejections          292
 stored as    39

 highest radius point found:
  at point   39.776  48.129  40.165
  closest atom surface    5.681   H15 20  X    1
  2nd closest surface     5.682   C15 20  X    1
  found on step  994
  this is also current point
  no. of rejections          288
 stored as    40

 highest radius point found:
  at point   39.766  48.329  40.155
  closest atom surface    5.849   O5  20  X    1
  2nd closest surface     5.850   C15 20  X    1
  found on step  926
  this is also current point
  no. of rejections          297
 stored as    41

 highest radius point found:
  at point   39.749  48.529  40.119
  closest atom surface    6.019   C15 20  X    1
  2nd closest surface     6.019   H15 20  X    1
  found on step  783
 current point:
  at point   39.740  48.529  40.087
  closest atom surface    6.018   C15 20  X    1
  2nd closest surface     6.019   H15 20  X    1
  found on step  902
  no. of rejections          308
 stored as    42

 highest radius point found:
  at point   39.730  48.729  40.090
  closest atom surface    6.189   H15 20  X    1
  2nd closest surface     6.191   O5  20  X    1
  found on step  969
  this is also current point
  no. of rejections          295
 stored as    43

 highest radius point found:
  at point   39.744  48.929  40.100
  closest atom surface    6.355   C15 20  X    1
  2nd closest surface     6.355   O5  20  X    1
  found on step  934
  this is also current point
  no. of rejections          320
 stored as    44

 highest radius point found:
  at point   39.665  49.129  40.052
  closest atom surface    6.517   O5  20  X    1
  2nd closest surface     6.519   O3  20  X    1
  found on step  947
  this is also current point
  no. of rejections          275
 stored as    45

 highest radius point found:
  at point   39.629  49.329  40.033
  closest atom surface    6.681   O3  20  X    1
  2nd closest surface     6.683   O5  20  X    1
  found on step  973
  this is also current point
  no. of rejections          295
 stored as    46

 highest radius point found:
  at point   39.562  49.529  39.988
  closest atom surface    6.845   H15 20  X    1
  2nd closest surface     6.846   O3  20  X    1
  found on step  795
 current point:
  at point   39.737  49.529  40.125
  closest atom surface    6.843   O5  20  X    1
  2nd closest surface     6.843   O3  20  X    1
  found on step  962
  no. of rejections          279
 stored as    47

 highest radius point found:
  at point   39.528  49.729  39.978
  closest atom surface    7.015   H15 20  X    1
  2nd closest surface     7.016   O3  20  X    1
  found on step  906
  this is also current point
  no. of rejections          288
 stored as    48

 highest radius point found:
  at point   39.490  49.929  39.961
  closest atom surface    7.185   O5  20  X    1
  2nd closest surface     7.186   O3  20  X    1
  found on step  998
  this is also current point
  no. of rejections          276
 stored as    49

 highest radius point found:
  at point   39.442  50.129  39.938
  closest atom surface    7.356   O5  20  X    1
  2nd closest surface     7.356   H15 20  X    1
  found on step  980
  this is also current point
  no. of rejections          283
 stored as    50

 highest radius point found:
  at point   39.397  50.329  39.912
  closest atom surface    7.528   H15 20  X    1
  2nd closest surface     7.529   O5  20  X    1
  found on step  177
 current point:
  at point   38.578  50.329  38.799
  closest atom surface    7.485   H15 20  X    1
  2nd closest surface     7.485   O3  20  X    1
  found on step  964
  no. of rejections          250
 stored as    51

 highest radius point found:
  at point   39.356  50.529  39.889
  closest atom surface    7.701   O3  20  X    1
  2nd closest surface     7.704   H15 20  X    1
  found on step  718
 current point:
  at point   39.392  50.529  39.919
  closest atom surface    7.700   O5  20  X    1
  2nd closest surface     7.700   O3  20  X    1
  found on step  959
  no. of rejections          281
 stored as    52

 highest radius point found:
  at point   39.332  50.729  39.883
  closest atom surface    7.875   O3  20  X    1
  2nd closest surface     7.877   O5  20  X    1
  found on step  737
 current point:
  at point   39.253  50.729  39.797
  closest atom surface    7.869   H15 20  X    1
  2nd closest surface     7.871   O3  20  X    1
  found on step  997
  no. of rejections          272
 stored as    53

 highest radius point found:
  at point   39.235  50.929  39.802
  closest atom surface    8.049   O3  20  X    1
  2nd closest surface     8.050   H15 20  X    1
  found on step  268
 current point:
  at point   38.533  50.929  38.852
  closest atom surface    8.025   O3  20  X    1
  2nd closest surface     8.026   H15 20  X    1
  found on step  997
  no. of rejections          267
 stored as    54

 highest radius point found:
  at point   39.196  51.129  39.810
  closest atom surface    8.226   H15 20  X    1
  2nd closest surface     8.231   O5  20  X    1
  found on step   22
 current point:
  at point   38.535  51.129  38.891
  closest atom surface    8.205   O3  20  X    1
  2nd closest surface     8.207   H15 20  X    1
  found on step  993
  no. of rejections          248
 stored as    55

 highest radius point found:
  at point   39.166  51.329  39.791
  closest atom surface    8.409   H15 20  X    1
  2nd closest surface     8.411   O5  20  X    1
  found on step  990
  this is also current point
  no. of rejections          265
 stored as    56

 highest radius point found:
  at point   39.124  51.529  39.767
  closest atom surface    8.589   O3  20  X    1
  2nd closest surface     8.590   H15 20  X    1
  found on step  995
  this is also current point
  no. of rejections          296
 stored as    57

 highest radius point found:
  at point   39.059  51.729  39.719
  closest atom surface    8.769   O3  20  X    1
  2nd closest surface     8.769   H15 20  X    1
  found on step   97
 current point:
  at point   39.344  51.729  39.944
  closest atom surface    8.748   O3  20  X    1
  2nd closest surface     8.748   O5  20  X    1
  found on step  989
  no. of rejections          255
 stored as    58

 highest radius point found:
  at point   39.032  51.929  39.721
  closest atom surface    8.953   O3  20  X    1
  2nd closest surface     8.953   H15 20  X    1
  found on step  976
  this is also current point
  no. of rejections          243
 stored as    59

 highest radius point found:
  at point   38.976  52.129  39.684
  closest atom surface    9.134   H15 20  X    1
  2nd closest surface     9.135   O3  20  X    1
  found on step  377
 current point:
  at point   38.855  52.129  39.523
  closest atom surface    9.126   H15 20  X    1
  2nd closest surface     9.127   O3  20  X    1
  found on step  985
  no. of rejections          241
 stored as    60

 highest radius point found:
  at point   38.939  52.329  39.673
  closest atom surface    9.319   O5  20  X    1
  2nd closest surface     9.319   H15 20  X    1
  found on step  969
  this is also current point
  no. of rejections          255
 stored as    61

 highest radius point found:
  at point   38.886  52.529  39.640
  closest atom surface    9.503   O3  20  X    1
  2nd closest surface     9.503   H15 20  X    1
  found on step  978
  this is also current point
  no. of rejections          280
 stored as    62

 highest radius point found:
  at point   38.838  52.729  39.616
  closest atom surface    9.688   H15 20  X    1
  2nd closest surface     9.689   O3  20  X    1
  found on step  899
  this is also current point
  no. of rejections          273
 stored as    63

 highest radius point found:
  at point   38.364  52.929  39.017
  closest atom surface    9.874   H15 20  X    1
  2nd closest surface     9.876   O3  20  X    1
  found on step  728
 current point:
  at point   38.415  52.929  39.084
  closest atom surface    9.872   H15 20  X    1
  2nd closest surface     9.873   O3  20  X    1
  found on step  956
  no. of rejections          253
 stored as    64

 highest radius point found:
  at point   38.741  53.129  39.561
  closest atom surface   10.061   O3  20  X    1
  2nd closest surface    10.061   H15 20  X    1
  found on step  774
 current point:
  at point   38.739  53.129  39.559
  closest atom surface   10.061   H15 20  X    1
  2nd closest surface    10.061   O3  20  X    1
  found on step  985
  no. of rejections          215
 stored as    65

 highest radius point found:
  at point   38.697  53.329  39.542
  closest atom surface   10.248   H15 20  X    1
  2nd closest surface    10.249   O3  20  X    1
  found on step  948
  this is also current point
  no. of rejections          233
 stored as    66

 highest radius point found:
  at point   38.326  53.529  39.080
  closest atom surface   10.440   H15 20  X    1
  2nd closest surface    10.440   O3  20  X    1
  found on step  952
  this is also current point
  no. of rejections          218
 stored as    67

 highest radius point found:
  at point   38.299  53.729  39.080
  closest atom surface   10.629   O3  20  X    1
  2nd closest surface    10.629   O6  20  X    1
  found on step  263
 current point:
  at point   38.592  53.729  39.477
  closest atom surface   10.625   O3  20  X    1
  2nd closest surface    10.625   H15 20  X    1
  found on step  899
  no. of rejections          228
 stored as    68

 highest radius point found:
  at point   38.284  53.929  39.106
  closest atom surface   10.818   H15 20  X    1
  2nd closest surface    10.820   O6  20  X    1
  found on step  116
 current point:
  at point   38.289  53.929  39.106
  closest atom surface   10.818   O3  20  X    1
  2nd closest surface    10.819   H15 20  X    1
  found on step  996
  no. of rejections          211
 stored as    69

 highest radius point found:
  at point   38.272  54.129  39.132
  closest atom surface   11.008   H15 20  X    1
  2nd closest surface    11.011   O3  20  X    1
  found on step  995
  this is also current point
  no. of rejections          237
 stored as    70

 highest radius point found:
  at point   38.249  54.329  39.133
  closest atom surface   11.199   O6  20  X    1
  2nd closest surface    11.199   O3  20  X    1
  found on step  996
  this is also current point
  no. of rejections          238
 stored as    71

 highest radius point found:
  at point   38.236  54.529  39.159
  closest atom surface   11.390   H15 20  X    1
  2nd closest surface    11.390   O6  20  X    1
  found on step  949
  this is also current point
  no. of rejections          222
 stored as    72

 highest radius point found:
  at point   38.233  54.729  39.192
  closest atom surface   11.581   H15 20  X    1
  2nd closest surface    11.581   O3  20  X    1
  found on step  921
  this is also current point
  no. of rejections          204
 stored as    73

 highest radius point found:
  at point   38.207  54.929  39.196
  closest atom surface   11.773   O3  20  X    1
  2nd closest surface    11.773   H15 20  X    1
  found on step  956
  this is also current point
  no. of rejections          244
 stored as    74

 highest radius point found:
  at point   38.190  55.129  39.210
  closest atom surface   11.964   O3  20  X    1
  2nd closest surface    11.964   O6  20  X    1
  found on step  808
 current point:
  at point   38.220  55.129  39.254
  closest atom surface   11.963   H15 20  X    1
  2nd closest surface    11.964   O3  20  X    1
  found on step  986
  no. of rejections          191
 stored as    75

 highest radius point found:
  at point   38.184  55.329  39.218
  closest atom surface   12.150   O3  20  X    1
  2nd closest surface    12.158   O6  20  X    1
  found on step    4
 current point:
  at point   37.866  55.329  39.381
  closest atom surface   12.101   H15 20  X    1
  2nd closest surface    12.101   O5  20  X    1
  found on step  999
  no. of rejections          189
 stored as    76

 highest radius point found:
  at point   38.159  55.529  39.250
  closest atom surface   12.348   O3  20  X    1
  2nd closest surface    12.348   O6  20  X    1
  found on step  933
  this is also current point
  no. of rejections          213
 stored as    77

 highest radius point found:
  at point   38.131  55.729  39.251
  closest atom surface   12.537   O6  20  X    1
  2nd closest surface    12.537   O5  20  X    1
  found on step    2
 current point:
  at point   38.148  55.729  39.256
  closest atom surface   12.537   O3  20  X    1
  2nd closest surface    12.537   O5  20  X    1
  found on step  997
  no. of rejections          177
 stored as    78

 highest radius point found:
  at point   38.115  55.929  39.244
  closest atom surface   12.727   O5  20  X    1
  2nd closest surface    12.728   O6  20  X    1
  found on step  974
  this is also current point
  no. of rejections          225
 stored as    79

 highest radius point found:
  at point   38.099  56.129  39.240
  closest atom surface   12.917   O3  20  X    1
  2nd closest surface    12.917   O5  20  X    1
  found on step  982
  this is also current point
  no. of rejections          239
 stored as    80

 highest radius point found:
  at point   38.067  56.329  39.226
  closest atom surface   13.107   O6  20  X    1
  2nd closest surface    13.108   O3  20  X    1
  found on step  938
  this is also current point
  no. of rejections          240
 stored as    81

 highest radius point found:
  at point   38.051  56.529  39.235
  closest atom surface   13.294   O5  20  X    1
  2nd closest surface    13.299   O6  20  X    1
  found on step   60
 current point:
  at point   37.683  56.529  37.854
  closest atom surface   13.199   O6  20  X    1
  2nd closest surface    13.200   O3  20  X    1
  found on step  995
  no. of rejections          150
 stored as    82

 highest radius point found:
  at point   38.025  56.729  39.216
  closest atom surface   13.488   O6  20  X    1
  2nd closest surface    13.489   O3  20  X    1
  found on step  965
  this is also current point
  no. of rejections          234
 stored as    83

 highest radius point found:
  at point   38.001  56.929  39.196
  closest atom surface   13.678   O3  20  X    1
  2nd closest surface    13.678   O6  20  X    1
  found on step   32
 current point:
  at point   37.995  56.929  39.201
  closest atom surface   13.677   O6  20  X    1
  2nd closest surface    13.681   O3  20  X    1
  found on step  990
  no. of rejections          238
 stored as    84

 highest radius point found:
  at point   38.001  57.129  39.196
  closest atom surface   13.863   O3  20  X    1
  2nd closest surface    13.874   O6  20  X    1
  found on step    1
 current point:
  at point   37.808  57.129  38.562
  closest atom surface   13.811   O6  20  X    1
  2nd closest surface    13.813   O3  20  X    1
  found on step  980
  no. of rejections          184
 stored as    85

 highest radius point found:
  at point   37.953  57.329  39.201
  closest atom surface   14.061   O5  20  X    1
  2nd closest surface    14.061   O6  20  X    1
  found on step  930
  this is also current point
  no. of rejections          235
 stored as    86

 highest radius point found:
  at point   37.934  57.529  39.178
  closest atom surface   14.253   O6  20  X    1
  2nd closest surface    14.253   O3  20  X    1
  found on step  949
  this is also current point
  no. of rejections          211
 stored as    87

 highest radius point found:
  at point   37.915  57.729  39.183
  closest atom surface   14.446   O6  20  X    1
  2nd closest surface    14.446   O3  20  X    1
  found on step  992
  this is also current point
  no. of rejections          240
 stored as    88

 highest radius point found:
  at point   37.892  57.929  39.176
  closest atom surface   14.638   O6  20  X    1
  2nd closest surface    14.638   O3  20  X    1
  found on step  933
  this is also current point
  no. of rejections          177
 stored as    89

 highest radius point found:
  at point   37.871  58.129  39.171
  closest atom surface   14.830   O3  20  X    1
  2nd closest surface    14.831   O6  20  X    1
  found on step  556
 current point:
  at point   37.869  58.129  39.171
  closest atom surface   14.830   O6  20  X    1
  2nd closest surface    14.831   O5  20  X    1
  found on step  977
  no. of rejections          203
 stored as    90

 highest radius point found:
  at point   37.842  58.329  39.166
  closest atom surface   15.022   O6  20  X    1
  2nd closest surface    15.023   O5  20  X    1
  found on step  926
  this is also current point
  no. of rejections          210
 stored as    91

 highest radius point found:
  at point   37.823  58.529  39.150
  closest atom surface   15.215   O6  20  X    1
  2nd closest surface    15.215   O3  20  X    1
  found on step  963
  this is also current point
  no. of rejections          208
 stored as    92

 highest radius point found:
  at point   37.803  58.729  39.154
  closest atom surface   15.409   O5  20  X    1
  2nd closest surface    15.409   O6  20  X    1
  found on step  988
  this is also current point
  no. of rejections          224
 stored as    93

 highest radius point found:
  at point   37.785  58.929  39.145
  closest atom surface   15.601   O3  20  X    1
  2nd closest surface    15.603   O5  20  X    1
  found on step  992
  this is also current point
  no. of rejections          203
 stored as    94

 highest radius point found:
  at point   37.746  59.129  39.147
  closest atom surface   15.793   O5  20  X    1
  2nd closest surface    15.794   O6  20  X    1
  found on step  141
 current point:
  at point   37.617  59.129  38.547
  closest atom surface   15.746   O3  20  X    1
  2nd closest surface    15.753   O6  20  X    1
  found on step 1000
  no. of rejections          187
 stored as    95

 highest radius point found:
  at point   37.735  59.329  39.133
  closest atom surface   15.989   O6  20  X    1
  2nd closest surface    15.989   O5  20  X    1
  found on step  935
  this is also current point
  no. of rejections          216
 stored as    96

 highest radius point found:
  at point   37.714  59.529  39.128
  closest atom surface   16.183   O5  20  X    1
  2nd closest surface    16.183   O6  20  X    1
  found on step  907
  this is also current point
  no. of rejections          227
 stored as    97

 highest radius point found:
  at point   37.695  59.729  39.129
  closest atom surface   16.375   O5  20  X    1
  2nd closest surface    16.378   O3  20  X    1
  found on step  355
 current point:
  at point   37.820  59.729  39.201
  closest atom surface   16.354   O3  20  X    1
  2nd closest surface    16.360   O5  20  X    1
  found on step 1000
  no. of rejections          184
 stored as    98

 highest radius point found:
  at point   37.671  59.929  39.115
  closest atom surface   16.571   O5  20  X    1
  2nd closest surface    16.571   O3  20  X    1
  found on step  990
  this is also current point
  no. of rejections          219
 stored as    99

 highest radius point found:
  at point   37.653  60.129  39.106
  closest atom surface   16.763   O3  20  X    1
  2nd closest surface    16.766   O5  20  X    1
  found on step  789
 current point:
  at point   37.633  60.129  39.110
  closest atom surface   16.763   O6  20  X    1
  2nd closest surface    16.764   O5  20  X    1
  found on step  984
  no. of rejections          210
 stored as   100

 highest radius point found:
  at point   37.624  60.329  39.095
  closest atom surface   16.959   O6  20  X    1
  2nd closest surface    16.959   O3  20  X    1
  found on step  929
  this is also current point
  no. of rejections          202
 stored as   101

 highest radius point found:
  at point   37.602  60.529  39.094
  closest atom surface   17.154   O6  20  X    1
  2nd closest surface    17.154   O3  20  X    1
  found on step  972
  this is also current point
  no. of rejections          223
 stored as   102

 highest radius point found:
  at point   37.578  60.729  39.089
  closest atom surface   17.348   O6  20  X    1
  2nd closest surface    17.348   O5  20  X    1
  found on step  982
  this is also current point
  no. of rejections          185
 stored as   103

 highest radius point found:
  at point   37.557  60.929  39.079
  closest atom surface   17.543   O6  20  X    1
  2nd closest surface    17.544   O3  20  X    1
  found on step  956
  this is also current point
  no. of rejections          182
 stored as   104

 highest radius point found:
  at point   37.534  61.129  39.077
  closest atom surface   17.738   O5  20  X    1
  2nd closest surface    17.738   O6  20  X    1
  found on step  711
 current point:
  at point   37.538  61.129  39.073
  closest atom surface   17.738   O3  20  X    1
  2nd closest surface    17.738   O6  20  X    1
  found on step  975
  no. of rejections          206
 stored as   105

 highest radius point found:
  at point   37.518  61.329  39.072
  closest atom surface   17.933   O3  20  X    1
  2nd closest surface    17.933   O5  20  X    1
  found on step  986
  this is also current point
  no. of rejections          208
 stored as   106

 highest radius point found:
  at point   37.493  61.529  39.073
  closest atom surface   18.126   O5  20  X    1
  2nd closest surface    18.129   O6  20  X    1
  found on step  322
 current point:
  at point   37.474  61.529  39.004
  closest atom surface   18.124   O6  20  X    1
  2nd closest surface    18.125   O3  20  X    1
  found on step  996
  no. of rejections          193
 stored as   107

 highest radius point found:
  at point   37.470  61.729  39.053
  closest atom surface   18.324   O3  20  X    1
  2nd closest surface    18.324   O6  20  X    1
  found on step 1000
  this is also current point
  no. of rejections          225
 stored as   108

 highest radius point found:
  at point   37.448  61.929  39.049
  closest atom surface   18.519   O6  20  X    1
  2nd closest surface    18.519   O3  20  X    1
  found on step  906
  this is also current point
  no. of rejections          193
 stored as   109

 highest radius point found:
  at point   37.424  62.129  39.046
  closest atom surface   18.714   O5  20  X    1
  2nd closest surface    18.715   O6  20  X    1
  found on step  774
 current point:
  at point   37.423  62.129  39.036
  closest atom surface   18.714   O6  20  X    1
  2nd closest surface    18.715   O3  20  X    1
  found on step  982
  no. of rejections          215
 stored as   110

 highest radius point found:
  at point   37.408  62.329  39.040
  closest atom surface   18.910   O3  20  X    1
  2nd closest surface    18.910   O5  20  X    1
  found on step   16
 current point:
  at point   37.378  62.329  38.996
  closest atom surface   18.906   O6  20  X    1
  2nd closest surface    18.912   O3  20  X    1
  found on step  998
  no. of rejections          155
 stored as   111

 highest radius point found:
  at point   37.383  62.529  39.029
  closest atom surface   19.106   O3  20  X    1
  2nd closest surface    19.106   O6  20  X    1
  found on step  994
  this is also current point
  no. of rejections          138
 stored as   112

 highest radius point found:
  at point   37.358  62.729  39.024
  closest atom surface   19.302   O6  20  X    1
  2nd closest surface    19.302   O5  20  X    1
  found on step  984
  this is also current point
  no. of rejections          182
 stored as   113

 highest radius point found:
  at point   32.507  62.929  40.806
  closest atom surface   19.668   O6  20  X    1
  2nd closest surface    19.675   O5  20  X    1
  found on step  994
  this is also current point
  no. of rejections          121
 stored as   114

 highest radius point found:
  at point   26.373  63.129  42.701
  closest atom surface   21.696   O6  20  X    1
  2nd closest surface    21.798   O5  20  X    1
  found on step  999
  this is also current point
  no. of rejections          130
 stored as   115

 highest radius point found:
  at point   18.922  63.329  45.999
  closest atom surface   26.238   O5  20  X    1
  2nd closest surface    26.255   O6  20  X    1
  found on step  999
  this is also current point
  no. of rejections          201
 This is an end! (radius above  22.0 angs)
 highest radius point found:
  at point   39.927  39.929  39.691
  closest atom surface    2.061   C38 20  X    1
  2nd closest surface     2.069   C4  20  X    1
  found on step   44
 current point:
  at point   40.141  39.929  40.140
  closest atom surface    1.986   C2  20  X    1
  2nd closest surface     1.994   C37 20  X    1
  found on step  996
  no. of rejections          382
 stored as    -1

 highest radius point found:
  at point   39.929  39.729  39.699
  closest atom surface    2.035   C4  20  X    1
  2nd closest surface     2.036   C37 20  X    1
  found on step  679
 current point:
  at point   39.929  39.729  39.693
  closest atom surface    2.035   C37 20  X    1
  2nd closest surface     2.035   C4  20  X    1
  found on step  919
  no. of rejections          404
 stored as    -2

 highest radius point found:
  at point   39.929  39.529  39.719
  closest atom surface    2.008   C2  20  X    1
  2nd closest surface     2.008   C37 20  X    1
  found on step    2
 current point:
  at point   39.926  39.529  39.694
  closest atom surface    2.006   C37 20  X    1
  2nd closest surface     2.007   C4  20  X    1
  found on step  951
  no. of rejections          396
 stored as    -3

 highest radius point found:
  at point   39.916  39.329  39.641
  closest atom surface    1.984   C4  20  X    1
  2nd closest surface     1.984   C37 20  X    1
  found on step  820
 current point:
  at point   39.904  39.329  39.556
  closest atom surface    1.978   C4  20  X    1
  2nd closest surface     1.980   C37 20  X    1
  found on step  933
  no. of rejections          418
 stored as    -4

 highest radius point found:
  at point   39.903  39.129  39.561
  closest atom surface    1.971   C37 20  X    1
  2nd closest surface     1.971   C4  20  X    1
  found on step  943
  this is also current point
  no. of rejections          406
 stored as    -5

 highest radius point found:
  at point   39.877  38.929  39.381
  closest atom surface    1.969   C4  20  X    1
  2nd closest surface     1.969   C37 20  X    1
  found on step  451
 current point:
  at point   39.890  38.929  39.476
  closest atom surface    1.967   C3  20  X    1
  2nd closest surface     1.969   C37 20  X    1
  found on step  989
  no. of rejections          382
 stored as    -6

 highest radius point found:
  at point   39.815  38.729  38.947
  closest atom surface    2.002   C4  20  X    1
  2nd closest surface     2.012   C37 20  X    1
  found on step   73
 current point:
  at point   39.919  38.729  39.533
  closest atom surface    1.954   C3  20  X    1
  2nd closest surface     1.958   C37 20  X    1
  found on step  990
  no. of rejections          390
 stored as    -7

 highest radius point found:
  at point   39.813  38.529  38.922
  closest atom surface    2.033   C4  20  X    1
  2nd closest surface     2.033   C37 20  X    1
  found on step  921
  this is also current point
  no. of rejections          401
 stored as    -8

 highest radius point found:
  at point   39.808  38.329  38.904
  closest atom surface    2.067   C37 20  X    1
  2nd closest surface     2.068   C4  20  X    1
  found on step  934
  this is also current point
  no. of rejections          396
 stored as    -9

 highest radius point found:
  at point   39.802  38.129  38.883
  closest atom surface    2.113   C4  20  X    1
  2nd closest surface     2.114   C37 20  X    1
  found on step  539
 current point:
  at point   39.809  38.129  38.877
  closest atom surface    2.107   C37 20  X    1
  2nd closest surface     2.109   C39 20  X    1
  found on step  954
  no. of rejections          410
 stored as   -10

 highest radius point found:
  at point   39.797  37.929  38.872
  closest atom surface    2.167   C37 20  X    1
  2nd closest surface     2.167   C4  20  X    1
  found on step  999
  this is also current point
  no. of rejections          390
 stored as   -11

 highest radius point found:
  at point   39.787  37.729  38.832
  closest atom surface    2.232   C4  20  X    1
  2nd closest surface     2.236   C37 20  X    1
  found on step  914
  this is also current point
  no. of rejections          371
 stored as   -12

 highest radius point found:
  at point   39.780  37.529  38.795
  closest atom surface    2.302   C39 20  X    1
  2nd closest surface     2.303   C3  20  X    1
  found on step  956
  this is also current point
  no. of rejections          379
 stored as   -13

 highest radius point found:
  at point   39.801  37.329  38.809
  closest atom surface    2.364   C3  20  X    1
  2nd closest surface     2.365   O10 20  X    1
  found on step  806
 current point:
  at point   39.803  37.329  38.811
  closest atom surface    2.364   C37 20  X    1
  2nd closest surface     2.365   C3  20  X    1
  found on step  971
  no. of rejections          379
 stored as   -14

 highest radius point found:
  at point   39.824  37.129  38.850
  closest atom surface    2.422   C3  20  X    1
  2nd closest surface     2.423   O10 20  X    1
  found on step  878
 current point:
  at point   39.825  37.129  38.852
  closest atom surface    2.422   C3  20  X    1
  2nd closest surface     2.423   O10 20  X    1
  found on step  970
  no. of rejections          388
 stored as   -15

 highest radius point found:
  at point   39.852  36.929  38.897
  closest atom surface    2.489   C3  20  X    1
  2nd closest surface     2.490   O10 20  X    1
  found on step  865
 current point:
  at point   39.829  36.929  38.868
  closest atom surface    2.486   C3  20  X    1
  2nd closest surface     2.486   O10 20  X    1
  found on step  872
  no. of rejections          359
 stored as   -16

 highest radius point found:
  at point   39.876  36.729  38.944
  closest atom surface    2.563   C3  20  X    1
  2nd closest surface     2.569   O10 20  X    1
  found on step  572
 current point:
  at point   39.943  36.729  39.140
  closest atom surface    2.521   C37 20  X    1
  2nd closest surface     2.526   C3  20  X    1
  found on step  999
  no. of rejections          353
 stored as   -17

 highest radius point found:
  at point   39.911  36.529  38.995
  closest atom surface    2.651   C3  20  X    1
  2nd closest surface     2.651   C37 20  X    1
  found on step  976
  this is also current point
  no. of rejections          385
 stored as   -18

 highest radius point found:
  at point   39.938  36.329  39.036
  closest atom surface    2.743   O10 20  X    1
  2nd closest surface     2.743   C37 20  X    1
  found on step  937
  this is also current point
  no. of rejections          353
 stored as   -19

 highest radius point found:
  at point   39.965  36.129  39.086
  closest atom surface    2.842   C37 20  X    1
  2nd closest surface     2.843   C3  20  X    1
  found on step  592
 current point:
  at point   39.960  36.129  39.080
  closest atom surface    2.842   C3  20  X    1
  2nd closest surface     2.845   O10 20  X    1
  found on step  987
  no. of rejections          370
 stored as   -20

 highest radius point found:
  at point   39.990  35.929  39.127
  closest atom surface    2.950   C3  20  X    1
  2nd closest surface     2.950   C37 20  X    1
  found on step  165
 current point:
  at point   39.990  35.929  39.129
  closest atom surface    2.948   C3  20  X    1
  2nd closest surface     2.951   C37 20  X    1
  found on step  994
  no. of rejections          343
 stored as   -21

 highest radius point found:
  at point   40.027  35.729  39.205
  closest atom surface    3.057   C3  20  X    1
  2nd closest surface     3.058   C37 20  X    1
  found on step  132
 current point:
  at point   40.008  35.729  39.172
  closest atom surface    3.056   C3  20  X    1
  2nd closest surface     3.070   C37 20  X    1
  found on step  990
  no. of rejections          337
 stored as   -22

 highest radius point found:
  at point   40.041  35.529  39.212
  closest atom surface    3.181   C3  20  X    1
  2nd closest surface     3.184   C37 20  X    1
  found on step  933
  this is also current point
  no. of rejections          332
 stored as   -23

 highest radius point found:
  at point   40.070  35.329  39.258
  closest atom surface    3.307   C37 20  X    1
  2nd closest surface     3.307   C3  20  X    1
  found on step  957
  this is also current point
  no. of rejections          354
 stored as   -24

 highest radius point found:
  at point   40.097  35.129  39.301
  closest atom surface    3.436   C37 20  X    1
  2nd closest surface     3.437   C3  20  X    1
  found on step  943
  this is also current point
  no. of rejections          354
 stored as   -25

 highest radius point found:
  at point   40.557  34.929  40.775
  closest atom surface    3.607   O1  20  X    1
  2nd closest surface     3.608   C37 20  X    1
  found on step 1000
  this is also current point
  no. of rejections          342
 stored as   -26

 highest radius point found:
  at point   40.545  34.729  40.713
  closest atom surface    3.745   C37 20  X    1
  2nd closest surface     3.747   O1  20  X    1
  found on step  894
  this is also current point
  no. of rejections          344
 stored as   -27

 highest radius point found:
  at point   40.534  34.529  40.659
  closest atom surface    3.881   H20 20  X    1
  2nd closest surface     3.882   C3  20  X    1
  found on step  860
 current point:
  at point   40.542  34.529  40.673
  closest atom surface    3.881   H20 20  X    1
  2nd closest surface     3.882   O1  20  X    1
  found on step  950
  no. of rejections          354
 stored as   -28

 highest radius point found:
  at point   40.533  34.329  40.638
  closest atom surface    4.015   H20 20  X    1
  2nd closest surface     4.016   O1  20  X    1
  found on step  794
 current point:
  at point   40.522  34.329  40.630
  closest atom surface    4.014   O1  20  X    1
  2nd closest surface     4.016   C3  20  X    1
  found on step  939
  no. of rejections          354
 stored as   -29

 highest radius point found:
  at point   40.552  34.129  40.628
  closest atom surface    4.146   H20 20  X    1
  2nd closest surface     4.154   O1  20  X    1
  found on step   49
 current point:
  at point   40.170  34.129  39.449
  closest atom surface    4.131   C3  20  X    1
  2nd closest surface     4.131   H20 20  X    1
  found on step  903
  no. of rejections          328
 stored as   -30

 highest radius point found:
  at point   40.503  33.929  40.548
  closest atom surface    4.299   H20 20  X    1
  2nd closest surface     4.299   O1  20  X    1
  found on step  290
 current point:
  at point   40.513  33.929  40.564
  closest atom surface    4.296   O1  20  X    1
  2nd closest surface     4.298   H20 20  X    1
  found on step  989
  no. of rejections          336
 stored as   -31

 highest radius point found:
  at point   40.485  33.729  40.491
  closest atom surface    4.445   H20 20  X    1
  2nd closest surface     4.446   C3  20  X    1
  found on step  838
 current point:
  at point   40.483  33.729  40.482
  closest atom surface    4.443   H20 20  X    1
  2nd closest surface     4.446   C3  20  X    1
  found on step  966
  no. of rejections          318
 stored as   -32

 highest radius point found:
  at point   40.495  33.529  40.490
  closest atom surface    4.591   O1  20  X    1
  2nd closest surface     4.595   H20 20  X    1
  found on step  163
 current point:
  at point   40.192  33.529  39.509
  closest atom surface    4.583   H20 20  X    1
  2nd closest surface     4.583   C3  20  X    1
  found on step  977
  no. of rejections          311
 stored as   -33

 highest radius point found:
  at point   40.454  33.329  40.389
  closest atom surface    4.746   C3  20  X    1
  2nd closest surface     4.749   H20 20  X    1
  found on step  433
 current point:
  at point   40.193  33.329  39.505
  closest atom surface    4.740   C3  20  X    1
  2nd closest surface     4.741   H20 20  X    1
  found on step  971
  no. of rejections          331
 stored as   -34

 highest radius point found:
  at point   40.451  33.129  40.364
  closest atom surface    4.905   C3  20  X    1
  2nd closest surface     4.906   H20 20  X    1
  found on step  671
 current point:
  at point   40.211  33.129  39.559
  closest atom surface    4.897   C3  20  X    1
  2nd closest surface     4.897   H20 20  X    1
  found on step  960
  no. of rejections          318
 stored as   -35

 highest radius point found:
  at point   40.429  32.929  40.285
  closest atom surface    5.061   C3  20  X    1
  2nd closest surface     5.063   H20 20  X    1
  found on step    6
 current point:
  at point   40.349  32.929  40.017
  closest atom surface    5.050   C3  20  X    1
  2nd closest surface     5.051   H20 20  X    1
  found on step  950
  no. of rejections          315
 stored as   -36

 highest radius point found:
  at point   40.432  32.729  40.298
  closest atom surface    5.225   C3  20  X    1
  2nd closest surface     5.227   O1  20  X    1
  found on step    5
 current point:
  at point   40.406  32.729  40.198
  closest atom surface    5.221   C3  20  X    1
  2nd closest surface     5.222   H20 20  X    1
  found on step  869
  no. of rejections          301
 stored as   -37

 highest radius point found:
  at point   40.435  32.529  40.274
  closest atom surface    5.387   O1  20  X    1
  2nd closest surface     5.391   H20 20  X    1
  found on step   31
 current point:
  at point   40.286  32.529  39.785
  closest atom surface    5.381   C3  20  X    1
  2nd closest surface     5.382   H20 20  X    1
  found on step  956
  no. of rejections          305
 stored as   -38

 highest radius point found:
  at point   40.426  32.329  40.222
  closest atom surface    5.555   H20 20  X    1
  2nd closest surface     5.555   H1  20  X    1
  found on step  868
 current point:
  at point   40.419  32.329  40.203
  closest atom surface    5.554   H1  20  X    1
  2nd closest surface     5.554   H20 20  X    1
  found on step  909
  no. of rejections          313
 stored as   -39

 highest radius point found:
  at point   40.443  32.129  40.219
  closest atom surface    5.718   H20 20  X    1
  2nd closest surface     5.718   O1  20  X    1
  found on step  903
  this is also current point
  no. of rejections          319
 stored as   -40

 highest radius point found:
  at point   40.441  31.929  40.180
  closest atom surface    5.885   H20 20  X    1
  2nd closest surface     5.886   H1  20  X    1
  found on step  608
 current point:
  at point   40.438  31.929  40.170
  closest atom surface    5.884   H20 20  X    1
  2nd closest surface     5.885   H1  20  X    1
  found on step  994
  no. of rejections          310
 stored as   -41

 highest radius point found:
  at point   40.445  31.729  40.152
  closest atom surface    6.053   H20 20  X    1
  2nd closest surface     6.053   H1  20  X    1
  found on step  940
  this is also current point
  no. of rejections          285
 stored as   -42

 highest radius point found:
  at point   40.457  31.529  40.141
  closest atom surface    6.223   H20 20  X    1
  2nd closest surface     6.224   H1  20  X    1
  found on step  692
 current point:
  at point   40.389  31.529  39.928
  closest atom surface    6.219   H1  20  X    1
  2nd closest surface     6.219   H20 20  X    1
  found on step  986
  no. of rejections          294
 stored as   -43

 highest radius point found:
  at point   40.456  31.329  40.103
  closest atom surface    6.393   H1  20  X    1
  2nd closest surface     6.394   H20 20  X    1
  found on step  636
 current point:
  at point   40.421  31.329  39.987
  closest atom surface    6.391   H1  20  X    1
  2nd closest surface     6.392   H20 20  X    1
  found on step  907
  no. of rejections          300
 stored as   -44

 highest radius point found:
  at point   40.469  31.129  40.104
  closest atom surface    6.566   H1  20  X    1
  2nd closest surface     6.568   O1  20  X    1
  found on step  797
 current point:
  at point   40.428  31.129  39.962
  closest atom surface    6.565   H20 20  X    1
  2nd closest surface     6.565   H1  20  X    1
  found on step  928
  no. of rejections          293
 stored as   -45

 highest radius point found:
  at point   40.474  30.929  40.068
  closest atom surface    6.741   H20 20  X    1
  2nd closest surface     6.741   H1  20  X    1
  found on step  554
 current point:
  at point   40.464  30.929  40.036
  closest atom surface    6.740   H20 20  X    1
  2nd closest surface     6.740   H1  20  X    1
  found on step  996
  no. of rejections          294
 stored as   -46

 highest radius point found:
  at point   40.481  30.729  40.047
  closest atom surface    6.916   H20 20  X    1
  2nd closest surface     6.917   H1  20  X    1
  found on step  920
  this is also current point
  no. of rejections          296
 stored as   -47

 highest radius point found:
  at point   40.490  30.529  40.030
  closest atom surface    7.093   H20 20  X    1
  2nd closest surface     7.094   H1  20  X    1
  found on step  785
 current point:
  at point   40.494  30.529  40.044
  closest atom surface    7.093   O1  20  X    1
  2nd closest surface     7.093   H20 20  X    1
  found on step  976
  no. of rejections          290
 stored as   -48

 highest radius point found:
  at point   40.516  30.329  40.037
  closest atom surface    7.267   H20 20  X    1
  2nd closest surface     7.269   O1  20  X    1
  found on step  775
 current point:
  at point   40.515  30.329  40.031
  closest atom surface    7.267   H20 20  X    1
  2nd closest surface     7.269   O2  20  X    1
  found on step  989
  no. of rejections          278
 stored as   -49

 highest radius point found:
  at point   40.537  30.129  40.036
  closest atom surface    7.444   H20 20  X    1
  2nd closest surface     7.444   O1  20  X    1
  found on step  955
  this is also current point
  no. of rejections          288
 stored as   -50

 highest radius point found:
  at point   40.568  29.929  40.040
  closest atom surface    7.619   H20 20  X    1
  2nd closest surface     7.620   O1  20  X    1
  found on step  717
 current point:
  at point   40.570  29.929  40.047
  closest atom surface    7.618   O1  20  X    1
  2nd closest surface     7.619   H20 20  X    1
  found on step  998
  no. of rejections          294
 stored as   -51

 highest radius point found:
  at point   40.589  29.729  40.037
  closest atom surface    7.797   H20 20  X    1
  2nd closest surface     7.798   O1  20  X    1
  found on step  983
  this is also current point
  no. of rejections          284
 stored as   -52

 highest radius point found:
  at point   40.613  29.529  40.034
  closest atom surface    7.975   O2  20  X    1
  2nd closest surface     7.975   H20 20  X    1
  found on step  989
  this is also current point
  no. of rejections          250
 stored as   -53

 highest radius point found:
  at point   40.639  29.329  40.037
  closest atom surface    8.155   H20 20  X    1
  2nd closest surface     8.155   O1  20  X    1
  found on step  972
  this is also current point
  no. of rejections          275
 stored as   -54

 highest radius point found:
  at point   40.665  29.129  40.035
  closest atom surface    8.334   H20 20  X    1
  2nd closest surface     8.335   O2  20  X    1
  found on step  935
  this is also current point
  no. of rejections          268
 stored as   -55

 highest radius point found:
  at point   40.689  28.929  40.034
  closest atom surface    8.516   O2  20  X    1
  2nd closest surface     8.516   H20 20  X    1
  found on step  846
 current point:
  at point   40.689  28.929  40.034
  closest atom surface    8.515   O2  20  X    1
  2nd closest surface     8.516   H20 20  X    1
  found on step  949
  no. of rejections          295
 stored as   -56

 highest radius point found:
  at point   40.714  28.729  40.038
  closest atom surface    8.697   O2  20  X    1
  2nd closest surface     8.698   H20 20  X    1
  found on step  542
 current point:
  at point   40.716  28.729  40.026
  closest atom surface    8.696   O2  20  X    1
  2nd closest surface     8.696   H20 20  X    1
  found on step  994
  no. of rejections          274
 stored as   -57

 highest radius point found:
  at point   40.738  28.529  40.035
  closest atom surface    8.878   O9  20  X    1
  2nd closest surface     8.879   O2  20  X    1
  found on step  950
  this is also current point
  no. of rejections          260
 stored as   -58

 highest radius point found:
  at point   40.762  28.329  40.015
  closest atom surface    9.056   O9  20  X    1
  2nd closest surface     9.058   O2  20  X    1
  found on step  927
  this is also current point
  no. of rejections          273
 stored as   -59

 highest radius point found:
  at point   40.794  28.129  39.969
  closest atom surface    9.236   O9  20  X    1
  2nd closest surface     9.237   O2  20  X    1
  found on step  815
 current point:
  at point   40.779  28.129  40.005
  closest atom surface    9.235   O2  20  X    1
  2nd closest surface     9.236   O9  20  X    1
  found on step  901
  no. of rejections          253
 stored as   -60

 highest radius point found:
  at point   40.828  27.929  39.918
  closest atom surface    9.417   H20 20  X    1
  2nd closest surface     9.418   O9  20  X    1
  found on step  857
 current point:
  at point   40.828  27.929  39.918
  closest atom surface    9.417   H20 20  X    1
  2nd closest surface     9.417   O9  20  X    1
  found on step  995
  no. of rejections          290
 stored as   -61

 highest radius point found:
  at point   40.841  27.729  39.924
  closest atom surface    9.597   O9  20  X    1
  2nd closest surface     9.598   O2  20  X    1
  found on step  981
  this is also current point
  no. of rejections          282
 stored as   -62

 highest radius point found:
  at point   40.856  27.529  39.921
  closest atom surface    9.778   O9  20  X    1
  2nd closest surface     9.778   O2  20  X    1
  found on step  959
  this is also current point
  no. of rejections          253
 stored as   -63

 highest radius point found:
  at point   40.871  27.329  39.921
  closest atom surface    9.960   O9  20  X    1
  2nd closest surface     9.960   O2  20  X    1
  found on step  966
  this is also current point
  no. of rejections          273
 stored as   -64

 highest radius point found:
  at point   40.894  27.129  39.895
  closest atom surface   10.142   O2  20  X    1
  2nd closest surface    10.143   O9  20  X    1
  found on step 1000
  this is also current point
  no. of rejections          285
 stored as   -65

 highest radius point found:
  at point   40.912  26.929  39.890
  closest atom surface   10.325   O2  20  X    1
  2nd closest surface    10.326   O9  20  X    1
  found on step  582
 current point:
  at point   40.916  26.929  39.881
  closest atom surface   10.325   O10 20  X    1
  2nd closest surface    10.326   O2  20  X    1
  found on step  926
  no. of rejections          253
 stored as   -66

 highest radius point found:
  at point   40.928  26.729  39.890
  closest atom surface   10.509   O9  20  X    1
  2nd closest surface    10.509   O2  20  X    1
  found on step  658
 current point:
  at point   40.907  26.729  39.940
  closest atom surface   10.507   O2  20  X    1
  2nd closest surface    10.507   O9  20  X    1
  found on step  977
  no. of rejections          259
 stored as   -67

 highest radius point found:
  at point   40.941  26.529  39.889
  closest atom surface   10.692   O2  20  X    1
  2nd closest surface    10.693   O9  20  X    1
  found on step  747
 current point:
  at point   40.933  26.529  39.909
  closest atom surface   10.691   O2  20  X    1
  2nd closest surface    10.692   O9  20  X    1
  found on step  964
  no. of rejections          251
 stored as   -68

 highest radius point found:
  at point   40.968  26.329  39.868
  closest atom surface   10.877   O9  20  X    1
  2nd closest surface    10.879   O2  20  X    1
  found on step  977
  this is also current point
  no. of rejections          254
 stored as   -69

 highest radius point found:
  at point   40.980  26.129  39.870
  closest atom surface   11.062   O9  20  X    1
  2nd closest surface    11.062   O2  20  X    1
  found on step  385
 current point:
  at point   40.980  26.129  39.871
  closest atom surface   11.062   O9  20  X    1
  2nd closest surface    11.062   O2  20  X    1
  found on step  960
  no. of rejections          258
 stored as   -70

 highest radius point found:
  at point   41.000  25.929  39.853
  closest atom surface   11.248   O2  20  X    1
  2nd closest surface    11.248   O9  20  X    1
  found on step   96
 current point:
  at point   41.000  25.929  39.859
  closest atom surface   11.248   O9  20  X    1
  2nd closest surface    11.248   O2  20  X    1
  found on step  962
  no. of rejections          248
 stored as   -71

 highest radius point found:
  at point   41.020  25.729  39.851
  closest atom surface   11.433   O9  20  X    1
  2nd closest surface    11.435   O2  20  X    1
  found on step  987
  this is also current point
  no. of rejections          233
 stored as   -72

 highest radius point found:
  at point   41.037  25.529  39.843
  closest atom surface   11.620   O9  20  X    1
  2nd closest surface    11.621   O10 20  X    1
  found on step  473
 current point:
  at point   40.951  25.529  40.061
  closest atom surface   11.613   O9  20  X    1
  2nd closest surface    11.614   O2  20  X    1
  found on step  983
  no. of rejections          255
 stored as   -73

 highest radius point found:
  at point   41.053  25.329  39.832
  closest atom surface   11.807   O2  20  X    1
  2nd closest surface    11.807   O10 20  X    1
  found on step  985
  this is also current point
  no. of rejections          214
 stored as   -74

 highest radius point found:
  at point   41.070  25.129  39.828
  closest atom surface   11.994   O9  20  X    1
  2nd closest surface    11.994   O2  20  X    1
  found on step  960
  this is also current point
  no. of rejections          250
 stored as   -75

 highest radius point found:
  at point   41.080  24.929  39.839
  closest atom surface   12.181   O2  20  X    1
  2nd closest surface    12.181   O9  20  X    1
  found on step  853
 current point:
  at point   41.076  24.929  39.848
  closest atom surface   12.181   O2  20  X    1
  2nd closest surface    12.181   O9  20  X    1
  found on step  938
  no. of rejections          212
 stored as   -76

 highest radius point found:
  at point   41.104  24.729  39.814
  closest atom surface   12.370   O2  20  X    1
  2nd closest surface    12.370   O10 20  X    1
  found on step  823
 current point:
  at point   41.094  24.729  39.843
  closest atom surface   12.369   O9  20  X    1
  2nd closest surface    12.369   O2  20  X    1
  found on step  989
  no. of rejections          237
 stored as   -77

 highest radius point found:
  at point   41.123  24.529  39.806
  closest atom surface   12.557   O10 20  X    1
  2nd closest surface    12.558   O9  20  X    1
  found on step  755
 current point:
  at point   41.020  24.529  40.073
  closest atom surface   12.550   O2  20  X    1
  2nd closest surface    12.550   O9  20  X    1
  found on step  937
  no. of rejections          254
 stored as   -78

 highest radius point found:
  at point   41.133  24.329  39.806
  closest atom surface   12.745   O2  20  X    1
  2nd closest surface    12.748   O9  20  X    1
  found on step  658
 current point:
  at point   41.079  24.329  39.959
  closest atom surface   12.741   O9  20  X    1
  2nd closest surface    12.741   O2  20  X    1
  found on step  975
  no. of rejections          226
 stored as   -79

 highest radius point found:
  at point   41.155  24.129  39.802
  closest atom surface   12.935   O9  20  X    1
  2nd closest surface    12.936   O2  20  X    1
  found on step  854
 current point:
  at point   41.156  24.129  39.802
  closest atom surface   12.935   O9  20  X    1
  2nd closest surface    12.936   O2  20  X    1
  found on step  960
  no. of rejections          236
 stored as   -80

 highest radius point found:
  at point   41.171  23.929  39.799
  closest atom surface   13.124   O9  20  X    1
  2nd closest surface    13.125   O2  20  X    1
  found on step 1000
  this is also current point
  no. of rejections          234
 stored as   -81

 highest radius point found:
  at point   41.189  23.729  39.788
  closest atom surface   13.314   O9  20  X    1
  2nd closest surface    13.314   O2  20  X    1
  found on step  948
  this is also current point
  no. of rejections          237
 stored as   -82

 highest radius point found:
  at point   41.203  23.529  39.791
  closest atom surface   13.504   O9  20  X    1
  2nd closest surface    13.504   O2  20  X    1
  found on step  798
 current point:
  at point   41.210  23.529  39.779
  closest atom surface   13.504   O9  20  X    1
  2nd closest surface    13.505   O10 20  X    1
  found on step  997
  no. of rejections          202
 stored as   -83

 highest radius point found:
  at point   41.222  23.329  39.775
  closest atom surface   13.694   O2  20  X    1
  2nd closest surface    13.695   O9  20  X    1
  found on step  969
  this is also current point
  no. of rejections          224
 stored as   -84

 highest radius point found:
  at point   41.239  23.129  39.769
  closest atom surface   13.884   O2  20  X    1
  2nd closest surface    13.885   O9  20  X    1
  found on step  934
  this is also current point
  no. of rejections          206
 stored as   -85

 highest radius point found:
  at point   41.257  22.929  39.768
  closest atom surface   14.075   O9  20  X    1
  2nd closest surface    14.075   O2  20  X    1
  found on step  978
  this is also current point
  no. of rejections          222
 stored as   -86

 highest radius point found:
  at point   41.274  22.729  39.757
  closest atom surface   14.266   O2  20  X    1
  2nd closest surface    14.266   O9  20  X    1
  found on step  964
  this is also current point
  no. of rejections          190
 stored as   -87

 highest radius point found:
  at point   41.293  22.529  39.751
  closest atom surface   14.457   O9  20  X    1
  2nd closest surface    14.457   O2  20  X    1
  found on step  969
  this is also current point
  no. of rejections          215
 stored as   -88

 highest radius point found:
  at point   41.311  22.329  39.740
  closest atom surface   14.649   O2  20  X    1
  2nd closest surface    14.649   O9  20  X    1
  found on step  661
 current point:
  at point   41.304  22.329  39.760
  closest atom surface   14.648   O2  20  X    1
  2nd closest surface    14.648   O9  20  X    1
  found on step  993
  no. of rejections          232
 stored as   -89

 highest radius point found:
  at point   41.321  22.129  39.753
  closest atom surface   14.840   O9  20  X    1
  2nd closest surface    14.840   O2  20  X    1
  found on step  911
  this is also current point
  no. of rejections          189
 stored as   -90

 highest radius point found:
  at point   41.344  21.929  39.734
  closest atom surface   15.032   O9  20  X    1
  2nd closest surface    15.032   O2  20  X    1
  found on step  965
  this is also current point
  no. of rejections          217
 stored as   -91

 highest radius point found:
  at point   41.363  21.729  39.726
  closest atom surface   15.224   O9  20  X    1
  2nd closest surface    15.225   O2  20  X    1
  found on step  977
  this is also current point
  no. of rejections          221
 stored as   -92

 highest radius point found:
  at point   41.378  21.529  39.728
  closest atom surface   15.415   O9  20  X    1
  2nd closest surface    15.417   O2  20  X    1
  found on step    4
 current point:
  at point   41.371  21.529  39.741
  closest atom surface   15.415   O9  20  X    1
  2nd closest surface    15.416   O2  20  X    1
  found on step  994
  no. of rejections          220
 stored as   -93

 highest radius point found:
  at point   41.406  21.329  39.705
  closest atom surface   15.608   O10 20  X    1
  2nd closest surface    15.608   O9  20  X    1
  found on step   82
 current point:
  at point   41.244  21.329  40.106
  closest atom surface   15.596   O9  20  X    1
  2nd closest surface    15.596   O2  20  X    1
  found on step  974
  no. of rejections          217
 stored as   -94

 highest radius point found:
  at point   41.415  21.129  39.701
  closest atom surface   15.801   O10 20  X    1
  2nd closest surface    15.802   O9  20  X    1
  found on step  996
  this is also current point
  no. of rejections          213
 stored as   -95

 highest radius point found:
  at point   41.435  20.929  39.695
  closest atom surface   15.994   O9  20  X    1
  2nd closest surface    15.994   O10 20  X    1
  found on step  993
  this is also current point
  no. of rejections          216
 stored as   -96

 highest radius point found:
  at point   41.449  20.729  39.690
  closest atom surface   16.187   O2  20  X    1
  2nd closest surface    16.187   O9  20  X    1
  found on step  963
  this is also current point
  no. of rejections          200
 stored as   -97

 highest radius point found:
  at point   41.462  20.529  39.691
  closest atom surface   16.380   O2  20  X    1
  2nd closest surface    16.380   O9  20  X    1
  found on step  996
  this is also current point
  no. of rejections          194
 stored as   -98

 highest radius point found:
  at point   41.478  20.329  39.653
  closest atom surface   16.570   O10 20  X    1
  2nd closest surface    16.570   O2  20  X    1
  found on step    9
 current point:
  at point   41.453  20.329  39.738
  closest atom surface   16.569   O2  20  X    1
  2nd closest surface    16.572   O9  20  X    1
  found on step  996
  no. of rejections          156
 stored as   -99

 highest radius point found:
  at point   41.511  20.129  39.667
  closest atom surface   16.766   O10 20  X    1
  2nd closest surface    16.766   O9  20  X    1
  found on step  796
 current point:
  at point   41.483  20.129  39.726
  closest atom surface   16.764   O9  20  X    1
  2nd closest surface    16.766   O2  20  X    1
  found on step  985
  no. of rejections          210
 stored as  -100

 highest radius point found:
  at point   41.512  19.929  39.679
  closest atom surface   16.960   O2  20  X    1
  2nd closest surface    16.960   O9  20  X    1
  found on step  983
  this is also current point
  no. of rejections          217
 stored as  -101

 highest radius point found:
  at point   41.527  19.729  39.681
  closest atom surface   17.154   O2  20  X    1
  2nd closest surface    17.154   O9  20  X    1
  found on step  952
  this is also current point
  no. of rejections          207
 stored as  -102

 highest radius point found:
  at point   41.552  19.529  39.647
  closest atom surface   17.348   O10 20  X    1
  2nd closest surface    17.348   O2  20  X    1
  found on step  987
  this is also current point
  no. of rejections          232
 stored as  -103

 highest radius point found:
  at point   41.561  19.329  39.672
  closest atom surface   17.541   O9  20  X    1
  2nd closest surface    17.542   O2  20  X    1
  found on step  373
 current point:
  at point   41.559  19.329  39.686
  closest atom surface   17.540   O9  20  X    1
  2nd closest surface    17.542   O2  20  X    1
  found on step  924
  no. of rejections          232
 stored as  -104

 highest radius point found:
  at point   41.585  19.129  39.648
  closest atom surface   17.736   O9  20  X    1
  2nd closest surface    17.737   O2  20  X    1
  found on step  863
 current point:
  at point   41.583  19.129  39.650
  closest atom surface   17.736   O2  20  X    1
  2nd closest surface    17.737   O9  20  X    1
  found on step  942
  no. of rejections          223
 stored as  -105

 highest radius point found:
  at point   41.602  18.929  39.638
  closest atom surface   17.931   O2  20  X    1
  2nd closest surface    17.931   O9  20  X    1
  found on step  985
  this is also current point
  no. of rejections          235
 stored as  -106

 highest radius point found:
  at point   41.621  18.729  39.628
  closest atom surface   18.126   O9  20  X    1
  2nd closest surface    18.126   O2  20  X    1
  found on step  995
  this is also current point
  no. of rejections          220
 stored as  -107

 highest radius point found:
  at point   41.638  18.529  39.617
  closest atom surface   18.319   H19 20  X    1
  2nd closest surface    18.320   O10 20  X    1
  found on step  956
  this is also current point
  no. of rejections          231
 stored as  -108

 highest radius point found:
  at point   41.638  18.329  39.617
  closest atom surface   18.508   H19 20  X    1
  2nd closest surface    18.510   O2  20  X    1
  found on step    1
 current point:
  at point   41.603  18.329  39.658
  closest atom surface   18.502   O2  20  X    1
  2nd closest surface    18.502   H19 20  X    1
  found on step 1000
  no. of rejections          204
 stored as  -109

 highest radius point found:
  at point   41.662  18.129  39.575
  closest atom surface   18.704   H19 20  X    1
  2nd closest surface    18.704   O2  20  X    1
  found on step  948
  this is also current point
  no. of rejections          210
 stored as  -110

 highest radius point found:
  at point   41.674  17.929  39.551
  closest atom surface   18.897   O2  20  X    1
  2nd closest surface    18.897   O10 20  X    1
  found on step  936
  this is also current point
  no. of rejections          227
 stored as  -111

 highest radius point found:
  at point   41.688  17.729  39.528
  closest atom surface   19.090   O10 20  X    1
  2nd closest surface    19.090   O2  20  X    1
  found on step  955
  this is also current point
  no. of rejections          195
 stored as  -112

 highest radius point found:
  at point   41.700  17.529  39.508
  closest atom surface   19.283   O2  20  X    1
  2nd closest surface    19.283   H19 20  X    1
  found on step  928
  this is also current point
  no. of rejections          222
 stored as  -113

 highest radius point found:
  at point   41.714  17.329  39.484
  closest atom surface   19.476   O10 20  X    1
  2nd closest surface    19.476   O2  20  X    1
  found on step  914
  this is also current point
  no. of rejections          216
 stored as  -114

 highest radius point found:
  at point   41.724  17.129  39.467
  closest atom surface   19.669   O2  20  X    1
  2nd closest surface    19.669   H19 20  X    1
  found on step  890
  this is also current point
  no. of rejections          240
 stored as  -115

 highest radius point found:
  at point   41.740  16.929  39.443
  closest atom surface   19.862   H19 20  X    1
  2nd closest surface    19.863   O10 20  X    1
  found on step  990
  this is also current point
  no. of rejections          227
 stored as  -116

 highest radius point found:
  at point   41.752  16.729  39.421
  closest atom surface   20.056   H19 20  X    1
  2nd closest surface    20.056   O10 20  X    1
  found on step  917
  this is also current point
  no. of rejections          229
 stored as  -117

 highest radius point found:
  at point   41.768  16.529  39.397
  closest atom surface   20.250   O10 20  X    1
  2nd closest surface    20.250   H19 20  X    1
  found on step  998
  this is also current point
  no. of rejections          199
 stored as  -118

 highest radius point found:
  at point   41.780  16.329  39.379
  closest atom surface   20.443   H19 20  X    1
  2nd closest surface    20.444   O10 20  X    1
  found on step  962
  this is also current point
  no. of rejections          203
 stored as  -119

 highest radius point found:
  at point   41.792  16.129  39.359
  closest atom surface   20.637   H19 20  X    1
  2nd closest surface    20.638   O10 20  X    1
  found on step  982
  this is also current point
  no. of rejections          196
 stored as  -120

 highest radius point found:
  at point   41.805  15.929  39.334
  closest atom surface   20.832   O10 20  X    1
  2nd closest surface    20.832   H19 20  X    1
  found on step  946
  this is also current point
  no. of rejections          225
 stored as  -121

 highest radius point found:
  at point   41.816  15.729  39.312
  closest atom surface   21.026   O10 20  X    1
  2nd closest surface    21.027   O2  20  X    1
  found on step  957
  this is also current point
  no. of rejections          191
 stored as  -122

 highest radius point found:
  at point   41.828  15.529  39.292
  closest atom surface   21.221   H19 20  X    1
  2nd closest surface    21.221   O10 20  X    1
  found on step  940
  this is also current point
  no. of rejections          224
 stored as  -123

 highest radius point found:
  at point   41.840  15.329  39.268
  closest atom surface   21.415   O10 20  X    1
  2nd closest surface    21.415   O2  20  X    1
  found on step  916
  this is also current point
  no. of rejections          190
 stored as  -124

 highest radius point found:
  at point   41.853  15.129  39.249
  closest atom surface   21.610   H19 20  X    1
  2nd closest surface    21.610   O2  20  X    1
  found on step  951
  this is also current point
  no. of rejections          209
 stored as  -125

 highest radius point found:
  at point   41.865  14.929  39.223
  closest atom surface   21.804   O10 20  X    1
  2nd closest surface    21.805   O2  20  X    1
  found on step  715
 current point:
  at point   41.863  14.929  39.235
  closest atom surface   21.803   H19 20  X    1
  2nd closest surface    21.804   O2  20  X    1
  found on step  986
  no. of rejections          201
 stored as  -126

 highest radius point found:
  at point   41.882  14.729  39.203
  closest atom surface   21.999   O10 20  X    1
  2nd closest surface    22.000   H19 20  X    1
  found on step  971
  this is also current point
  no. of rejections          187
 stored as  -127

 highest radius point found:
  at point   41.896  14.529  39.179
  closest atom surface   22.194   O10 20  X    1
  2nd closest surface    22.196   H19 20  X    1
  found on step  908
  this is also current point
  no. of rejections          161
 This is an end! (radius above  22.0 angs)
 
 N.b. Graph information routine (HOGRAP) differs 
        markedly from previous versions!
       Information now is written from -ve end
       to +ve in one pass
 
 Explanation of the meaning of each column: 
 First column "cenxyz.cvec" is the coordinate in the
   direction of the channel vector i.e. if the channel
   vector is in z (0 0 1) then it is the z coordinate.
 The second column "radius" is the hole pore radius 
   (as defined in the Biophys J 1993) article).
 The third column "cen_line_D" is the distance 
   measured along the pore centre line - with the 
   first point found set to zero. This was the first
   thing that I used to measure the distance along a pore
   but "cenxyz.cvec" is a much better general measure. 
   However, by comparing changes in this distance to changes in '   "cenxyz.cvec" one can get a measure of how straight a 
   channel is.
 The fourth column "sum{s/(area)}" is useful in conductance
   prediction -
   basically it is the sum of the thickness of each slab
   divided by its area. HOLE uses this measure to estimate
   the macroscopic conductance of a channel.
 If any of this worries you one can see the "raw" results
   of a standard hole run by producing a sphpdb file and 
    directly looking at the results.
 cenxyz.cvec      radius  cen_line_D sum{s/(area point sourc
    14.72898    21.99937   -27.48378     0.00007   (sampled)
    14.82898    21.90183   -27.38297     0.00013 (mid-point)
    14.92898    21.80431   -27.28216     0.00020   (sampled)
    15.02898    21.70725   -27.18106     0.00027 (mid-point)
    15.12898    21.61001   -27.07997     0.00033   (sampled)
    15.22898    21.51264   -26.97935     0.00040 (mid-point)
    15.32898    21.41512   -26.87873     0.00047   (sampled)
    15.42898    21.31799   -26.77784     0.00054 (mid-point)
    15.52898    21.22080   -26.67695     0.00061   (sampled)
    15.62898    21.12356   -26.57623     0.00069 (mid-point)
    15.72898    21.02627   -26.47552     0.00076   (sampled)
    15.82898    20.92910   -26.37478     0.00083 (mid-point)
    15.92898    20.83196   -26.27403     0.00090   (sampled)
    16.02898    20.73436   -26.17303     0.00098 (mid-point)
    16.12898    20.63675   -26.07202     0.00105   (sampled)
    16.22898    20.54001   -25.97136     0.00113 (mid-point)
    16.32898    20.44330   -25.87071     0.00120   (sampled)
    16.42898    20.34671   -25.77013     0.00128 (mid-point)
    16.52898    20.24952   -25.66955     0.00136   (sampled)
    16.62898    20.15288   -25.56850     0.00144 (mid-point)
    16.72898    20.05627   -25.46745     0.00152   (sampled)
    16.82898    19.95930   -25.36663     0.00160 (mid-point)
    16.92898    19.86236   -25.26582     0.00168   (sampled)
    17.02898    19.76562   -25.16485     0.00176 (mid-point)
    17.12898    19.66891   -25.06389     0.00184   (sampled)
    17.22898    19.57242   -24.96339     0.00192 (mid-point)
    17.32898    19.47554   -24.86289     0.00201   (sampled)
    17.42898    19.37917   -24.76194     0.00209 (mid-point)
    17.52898    19.28270   -24.66098     0.00218   (sampled)
    17.62898    19.18620   -24.56028     0.00226 (mid-point)
    17.72898    19.08960   -24.45959     0.00235   (sampled)
    17.82898    18.99319   -24.35871     0.00244 (mid-point)
    17.92898    18.89658   -24.25783     0.00253   (sampled)
    18.02898    18.80039   -24.15693     0.00262 (mid-point)
    18.12898    18.70391   -24.05603     0.00271   (sampled)
    18.22898    18.60570   -23.95317     0.00280 (mid-point)
    18.32898    18.50754   -23.85030     0.00289   (sampled)
    18.42898    18.41335   -23.75030     0.00299 (mid-point)
    18.52898    18.31921   -23.65030     0.00308   (sampled)
    18.62898    18.22278   -23.54977     0.00318 (mid-point)
    18.72898    18.12576   -23.44923     0.00328   (sampled)
    18.82898    18.02839   -23.34867     0.00337 (mid-point)
    18.92898    17.93102   -23.24811     0.00347   (sampled)
    19.02898    17.83381   -23.14760     0.00357 (mid-point)
    19.12898    17.73648   -23.04709     0.00367   (sampled)
    19.22898    17.63893   -22.94565     0.00378 (mid-point)
    19.32898    17.54142   -22.84422     0.00388   (sampled)
    19.42898    17.44487   -22.74336     0.00398 (mid-point)
    19.52898    17.34781   -22.64250     0.00409   (sampled)
    19.62898    17.25083   -22.54036     0.00420 (mid-point)
    19.72898    17.15370   -22.43821     0.00431   (sampled)
    19.82898    17.05686   -22.33793     0.00441 (mid-point)
    19.92898    16.96005   -22.23765     0.00453   (sampled)
    20.02898    16.86321   -22.13746     0.00464 (mid-point)
    20.12898    16.76598   -22.03728     0.00475   (sampled)
    20.22898    16.66775   -21.93565     0.00487 (mid-point)
    20.32898    16.56955   -21.83403     0.00498   (sampled)
    20.42898    16.47494   -21.73194     0.00510 (mid-point)
    20.52898    16.37983   -21.62985     0.00522   (sampled)
    20.62898    16.28352   -21.52961     0.00534 (mid-point)
    20.72898    16.18725   -21.42937     0.00546   (sampled)
    20.82898    16.09069   -21.32913     0.00558 (mid-point)
    20.92898    15.99396   -21.22888     0.00571   (sampled)
    21.02898    15.89767   -21.12833     0.00583 (mid-point)
    21.12898    15.80142   -21.02777     0.00596   (sampled)
    21.22898    15.70448   -20.92766     0.00609 (mid-point)
    21.32898    15.60757   -20.82754     0.00622   (sampled)
    21.42898    15.51165   -20.72586     0.00635 (mid-point)
    21.52898    15.41550   -20.62419     0.00649   (sampled)
    21.62898    15.31959   -20.52392     0.00662 (mid-point)
    21.72898    15.22373   -20.42366     0.00676   (sampled)
    21.82898    15.12785   -20.32309     0.00690 (mid-point)
    21.92898    15.03201   -20.22252     0.00704   (sampled)
    22.02898    14.93579   -20.12145     0.00718 (mid-point)
    22.12898    14.83963   -20.02038     0.00733   (sampled)
    22.22898    14.74420   -19.92005     0.00747 (mid-point)
    22.32898    14.64882   -19.81972     0.00762   (sampled)
    22.42898    14.55304   -19.71913     0.00777 (mid-point)
    22.52898    14.45720   -19.61855     0.00792   (sampled)
    22.62898    14.36159   -19.51808     0.00808 (mid-point)
    22.72898    14.26579   -19.41762     0.00823   (sampled)
    22.82898    14.17051   -19.31709     0.00839 (mid-point)
    22.92898    14.07492   -19.21656     0.00855   (sampled)
    23.02898    13.97969   -19.11618     0.00872 (mid-point)
    23.12898    13.88413   -19.01580     0.00888   (sampled)
    23.22898    13.78892   -18.91539     0.00905 (mid-point)
    23.32898    13.69378   -18.81498     0.00922   (sampled)
    23.42898    13.59872   -18.71418     0.00939 (mid-point)
    23.52898    13.50366   -18.61338     0.00956   (sampled)
    23.62898    13.40889   -18.51314     0.00974 (mid-point)
    23.72898    13.31420   -18.41290     0.00992   (sampled)
    23.82898    13.21922   -18.31232     0.01010 (mid-point)
    23.92898    13.12432   -18.21174     0.01029   (sampled)
    24.02898    13.02976   -18.11142     0.01048 (mid-point)
    24.12898    12.93527   -18.01110     0.01067   (sampled)
    24.22898    12.84018   -17.91051     0.01086 (mid-point)
    24.32898    12.74481   -17.80992     0.01105   (sampled)
    24.42898    12.65148   -17.70979     0.01125 (mid-point)
    24.52898    12.55748   -17.60965     0.01146   (sampled)
    24.62898    12.46361   -17.50914     0.01166 (mid-point)
    24.72898    12.36963   -17.40863     0.01187   (sampled)
    24.82898    12.27519   -17.30713     0.01208 (mid-point)
    24.92898    12.18085   -17.20563     0.01229   (sampled)
    25.02898    12.08756   -17.10536     0.01251 (mid-point)
    25.12898    11.99434   -17.00509     0.01273   (sampled)
    25.22898    11.90059   -16.90469     0.01296 (mid-point)
    25.32898    11.80691   -16.80428     0.01319   (sampled)
    25.42898    11.71346   -16.70385     0.01342 (mid-point)
    25.52898    11.61951   -16.60341     0.01365   (sampled)
    25.62898    11.52615   -16.50295     0.01389 (mid-point)
    25.72898    11.43289   -16.40248     0.01414   (sampled)
    25.82898    11.34056   -16.30200     0.01438 (mid-point)
    25.92898    11.24789   -16.20153     0.01464   (sampled)
    26.02898    11.15508   -16.10064     0.01489 (mid-point)
    26.12898    11.06221   -15.99976     0.01515   (sampled)
    26.22898    10.96949   -15.89957     0.01542 (mid-point)
    26.32898    10.87689   -15.79938     0.01569   (sampled)
    26.42898    10.78492   -15.69792     0.01596 (mid-point)
    26.52898    10.69171   -15.59646     0.01624   (sampled)
    26.62898    10.60030   -15.49626     0.01652 (mid-point)
    26.72898    10.50865   -15.39607     0.01681   (sampled)
    26.82898    10.41709   -15.29576     0.01710 (mid-point)
    26.92898    10.32548   -15.19545     0.01740   (sampled)
    27.02898    10.23373   -15.09501     0.01771 (mid-point)
    27.12898    10.14213   -14.99457     0.01801   (sampled)
    27.22898    10.05096   -14.89311     0.01833 (mid-point)
    27.32898     9.95974   -14.79164     0.01865   (sampled)
    27.42898     9.86897   -14.69136     0.01898 (mid-point)
    27.52898     9.77836   -14.59107     0.01931   (sampled)
    27.62898     9.68774   -14.49075     0.01965 (mid-point)
    27.72898     9.59728   -14.39043     0.02000   (sampled)
    27.82898     9.50736   -14.29017     0.02035 (mid-point)
    27.92898     9.41732   -14.18991     0.02071   (sampled)
    28.02898     9.32691   -14.08541     0.02107 (mid-point)
    28.12898     9.23646   -13.98091     0.02145   (sampled)
    28.22898     9.14619   -13.87709     0.02183 (mid-point)
    28.32898     9.05617   -13.77327     0.02221   (sampled)
    28.42898     8.96720   -13.67201     0.02261 (mid-point)
    28.52898     8.87846   -13.57075     0.02301   (sampled)
    28.62898     8.78787   -13.47004     0.02343 (mid-point)
    28.72898     8.69742   -13.36932     0.02385   (sampled)
    28.82898     8.60638   -13.26854     0.02428 (mid-point)
    28.92898     8.51552   -13.16776     0.02472   (sampled)
    29.02898     8.42496   -13.06701     0.02516 (mid-point)
    29.12898     8.33448   -12.96625     0.02562   (sampled)
    29.22898     8.24448   -12.86543     0.02609 (mid-point)
    29.32898     8.15470   -12.76461     0.02657   (sampled)
    29.42898     8.06494   -12.66372     0.02706 (mid-point)
    29.52898     7.97521   -12.56284     0.02756   (sampled)
    29.62898     7.88616   -12.46210     0.02807 (mid-point)
    29.72898     7.79716   -12.36137     0.02859   (sampled)
    29.82898     7.70782   -12.26081     0.02913 (mid-point)
    29.92898     7.61873   -12.16026     0.02968   (sampled)
    30.02898     7.53108   -12.05909     0.03024 (mid-point)
    30.12898     7.44373   -11.95792     0.03081   (sampled)
    30.22898     7.35547   -11.85735     0.03140 (mid-point)
    30.32898     7.26748   -11.75678     0.03201   (sampled)
    30.42898     7.18003   -11.65591     0.03262 (mid-point)
    30.52898     7.09288   -11.55504     0.03326   (sampled)
    30.62898     7.00450   -11.45457     0.03390 (mid-point)
    30.72898     6.91640   -11.35410     0.03457   (sampled)
    30.82898     6.82849   -11.25350     0.03525 (mid-point)
    30.92898     6.74088   -11.15290     0.03595   (sampled)
    31.02898     6.65341   -11.05130     0.03667 (mid-point)
    31.12898     6.56601   -10.94971     0.03741   (sampled)
    31.22898     6.47945   -10.84950     0.03817 (mid-point)
    31.32898     6.39323   -10.74929     0.03895   (sampled)
    31.42898     6.30822   -10.64745     0.03975 (mid-point)
    31.52898     6.22255   -10.54560     0.04057   (sampled)
    31.62898     6.13755   -10.44530     0.04141 (mid-point)
    31.72898     6.05294   -10.34500     0.04228   (sampled)
    31.82898     5.96861   -10.24397     0.04318 (mid-point)
    31.92898     5.88473   -10.14294     0.04410   (sampled)
    32.02898     5.80103   -10.04104     0.04504 (mid-point)
    32.12898     5.71783    -9.93913     0.04602   (sampled)
    32.22898     5.63598    -9.83876     0.04702 (mid-point)
    32.32898     5.55464    -9.73839     0.04805   (sampled)
    32.42898     5.47245    -9.63492     0.04911 (mid-point)
    32.52898     5.38706    -9.53144     0.05021   (sampled)
    32.62898     5.30659    -9.43073     0.05134 (mid-point)
    32.72898     5.22454    -9.33002     0.05251   (sampled)
    32.82898     5.14260    -9.22981     0.05371 (mid-point)
    32.92898     5.06115    -9.12961     0.05495   (sampled)
    33.02898     4.98269    -9.02161     0.05623 (mid-point)
    33.12898     4.90505    -8.91361     0.05756   (sampled)
    33.22898     4.82500    -8.81279     0.05892 (mid-point)
    33.32898     4.74553    -8.71197     0.06034   (sampled)
    33.42898     4.67136    -8.59812     0.06180 (mid-point)
    33.52898     4.59052    -8.48426     0.06331   (sampled)
    33.62898     4.51943    -8.38414     0.06486 (mid-point)
    33.72898     4.44491    -8.28401     0.06648   (sampled)
    33.82898     4.37133    -8.17961     0.06814 (mid-point)
    33.92898     4.29879    -8.07521     0.06986   (sampled)
    34.02898     4.22189    -7.96486     0.07165 (mid-point)
    34.12898     4.14620    -7.85451     0.07350   (sampled)
    34.22898     4.08015    -7.75394     0.07541 (mid-point)
    34.32898     4.01525    -7.65338     0.07739   (sampled)
    34.42898     3.94741    -7.55278     0.07943 (mid-point)
    34.52898     3.88070    -7.45219     0.08154   (sampled)
    34.62898     3.81486    -7.34856     0.08373 (mid-point)
    34.72898     3.74454    -7.24493     0.08600   (sampled)
    34.82898     3.67551    -7.14003     0.08836 (mid-point)
    34.92898     3.60733    -7.03513     0.09080   (sampled)
    35.02898     3.46586    -6.25676     0.09345 (mid-point)
    35.12898     3.43610    -5.47839     0.09615   (sampled)
    35.22898     3.37072    -5.37520     0.09895 (mid-point)
    35.32898     3.30657    -5.27201     0.10186   (sampled)
    35.42898     3.24324    -5.16839     0.10489 (mid-point)
    35.52898     3.18091    -5.06477     0.10804   (sampled)
    35.62898     3.11852    -4.96447     0.11131 (mid-point)
    35.72898     3.05740    -4.86417     0.11471   (sampled)
    35.82898     3.00260    -4.75525     0.11824 (mid-point)
    35.92898     2.94965    -4.64634     0.12190   (sampled)
    36.02898     2.89543    -4.54356     0.12570 (mid-point)
    36.12898     2.84246    -4.44078     0.12964   (sampled)
    36.22898     2.79202    -4.33676     0.13372 (mid-point)
    36.32898     2.74296    -4.23273     0.13795   (sampled)
    36.42898     2.69615    -4.12978     0.14233 (mid-point)
    36.52898     2.65077    -4.02684     0.14686   (sampled)
    36.62898     2.60576    -3.92221     0.15155 (mid-point)
    36.72898     2.56277    -3.81757     0.15640   (sampled)
    36.82898     2.52489    -3.71411     0.16139 (mid-point)
    36.92898     2.48914    -3.61064     0.16653   (sampled)
    37.02898     2.45433    -3.50700     0.17181 (mid-point)
    37.12898     2.42176    -3.40336     0.17724   (sampled)
    37.22898     2.39192    -3.30062     0.18280 (mid-point)
    37.32898     2.36437    -3.19788     0.18850   (sampled)
    37.42898     2.33252    -3.09707     0.19435 (mid-point)
    37.52898     2.30193    -2.99626     0.20035   (sampled)
    37.62898     2.26773    -2.89452     0.20654 (mid-point)
    37.72898     2.23245    -2.79279     0.21293   (sampled)
    37.82898     2.19875    -2.69064     0.21951 (mid-point)
    37.92898     2.16695    -2.58848     0.22629   (sampled)
    38.02898     2.13907    -2.48832     0.23325 (mid-point)
    38.12898     2.11341    -2.38816     0.24038   (sampled)
    38.22898     2.08927    -2.28753     0.24767 (mid-point)
    38.32898     2.06744    -2.18690     0.25512   (sampled)
    38.42898     2.04884    -2.08649     0.26270 (mid-point)
    38.52898     2.03270    -1.98608     0.27040   (sampled)
    38.62898     2.01609    -1.88527     0.27823 (mid-point)
    38.72898     2.00205    -1.78447     0.28618   (sampled)
    38.82898     1.97785    -1.54357     0.29431 (mid-point)
    38.92898     1.96872    -1.30267     0.30252   (sampled)
    39.02898     1.96739    -1.16753     0.31075 (mid-point)
    39.12898     1.97084    -1.03239     0.31894   (sampled)
    39.22898     1.97572    -0.92438     0.32710 (mid-point)
    39.32898     1.98364    -0.81636     0.33519   (sampled)
    39.42898     1.99459    -0.70897     0.34319 (mid-point)
    39.52898     2.00779    -0.60157     0.35108   (sampled)
    39.62898     2.02061    -0.50110     0.35888 (mid-point)
    39.72898     2.03527    -0.40062     0.36657   (sampled)
    39.82898     2.05095    -0.30054     0.37413 (mid-point)
    39.92898     2.06122    -0.20046     0.38162   (sampled)
    40.02898     2.05950    -0.10023     0.38913 (mid-point)
    40.12898     2.05999     0.00000     0.39663   (sampled)
    40.22898     2.05440     0.11413     0.40417 (mid-point)
    40.32898     2.05215     0.22826     0.41173   (sampled)
    40.42898     2.05415     0.42192     0.41927 (mid-point)
    40.52898     2.06375     0.61558     0.42675   (sampled)
    40.62898     2.07203     0.76994     0.43416 (mid-point)
    40.72898     2.08585     0.92430     0.44148   (sampled)
    40.82898     2.08179     1.02457     0.44882 (mid-point)
    40.92898     2.08018     1.12484     0.45618   (sampled)
    41.02898     2.07763     1.22826     0.46355 (mid-point)
    41.12898     2.07744     1.33168     0.47093   (sampled)
    41.22898     2.07069     1.44139     0.47835 (mid-point)
    41.32898     2.06700     1.55110     0.48580   (sampled)
    41.42898     2.06487     1.77136     0.49327 (mid-point)
    41.52898     2.06723     1.99162     0.50072   (sampled)
    41.62898     2.07064     2.32841     0.50814 (mid-point)
    41.72898     2.10284     2.66521     0.51534   (sampled)
    41.82898     2.12364     2.76567     0.52240 (mid-point)
    41.92898     2.14685     2.86614     0.52930   (sampled)
    42.02898     2.17465     2.96643     0.53603 (mid-point)
    42.12898     2.20474     3.06673     0.54258   (sampled)
    42.22898     2.23339     3.17379     0.54896 (mid-point)
    42.32898     2.26457     3.28086     0.55517   (sampled)
    42.42898     2.29321     3.38282     0.56122 (mid-point)
    42.52898     2.31968     3.48479     0.56714   (sampled)
    42.62898     2.34598     3.60742     0.57292 (mid-point)
    42.72898     2.37546     3.73004     0.57856   (sampled)
    42.82898     2.40571     3.83206     0.58406 (mid-point)
    42.92898     2.43784     3.93408     0.58942   (sampled)
    43.02898     2.47117     4.04097     0.59463 (mid-point)
    43.12898     2.50487     4.14785     0.59971   (sampled)
    43.22898     2.54773     4.25085     0.60461 (mid-point)
    43.32898     2.59084     4.35385     0.60935   (sampled)
    43.42898     2.63353     4.45774     0.61394 (mid-point)
    43.52898     2.67819     4.56164     0.61838   (sampled)
    43.62898     2.71448     4.66545     0.62270 (mid-point)
    43.72898     2.75053     4.76926     0.62691   (sampled)
    43.82898     2.79326     4.88638     0.63099 (mid-point)
    43.92898     2.83603     5.00350     0.63494   (sampled)
    44.02898     2.87996     5.10982     0.63878 (mid-point)
    44.12898     2.92593     5.21614     0.64250   (sampled)
    44.22898     2.96925     5.31621     0.64611 (mid-point)
    44.32898     3.01432     5.41628     0.64961   (sampled)
    44.42898     3.05367     5.53545     0.65303 (mid-point)
    44.52898     3.09570     5.65461     0.65635   (sampled)
    44.62898     3.14766     5.75645     0.65956 (mid-point)
    44.72898     3.20102     5.85829     0.66267   (sampled)
    44.82898     3.25161     5.96150     0.66568 (mid-point)
    44.92898     3.30377     6.06472     0.66859   (sampled)
    45.02898     3.34528     6.64268     0.67144 (mid-point)
    45.12898     3.44987     7.22064     0.67411   (sampled)
    45.22898     3.51200     7.32430     0.67669 (mid-point)
    45.32898     3.57540     7.42796     0.67918   (sampled)
    45.42898     3.64036     7.53524     0.68159 (mid-point)
    45.52898     3.70664     7.64252     0.68390   (sampled)
    45.62898     3.77286     7.74329     0.68614 (mid-point)
    45.72898     3.83857     7.84406     0.68830   (sampled)
    45.82898     3.90964     7.95114     0.69038 (mid-point)
    45.92898     3.98186     8.05822     0.69239   (sampled)
    46.02898     4.05369     8.16443     0.69433 (mid-point)
    46.12898     4.12658     8.27064     0.69620   (sampled)
    46.22898     4.19883     8.37260     0.69800 (mid-point)
    46.32898     4.27195     8.47457     0.69975   (sampled)
    46.42898     4.34448     8.57613     0.70143 (mid-point)
    46.52898     4.41670     8.67769     0.70306   (sampled)
    46.62898     4.49118     8.78017     0.70464 (mid-point)
    46.72898     4.56482     8.88265     0.70617   (sampled)
    46.82898     4.63952     8.98265     0.70765 (mid-point)
    46.92898     4.71490     9.08265     0.70908   (sampled)
    47.02898     4.79281     9.18401     0.71047 (mid-point)
    47.12898     4.87136     9.28537     0.71181   (sampled)
    47.22898     4.95030     9.38693     0.71311 (mid-point)
    47.32898     5.02918     9.48850     0.71436   (sampled)
    47.42898     5.10780     9.59487     0.71559 (mid-point)
    47.52898     5.18574     9.70124     0.71677   (sampled)
    47.62898     5.26894     9.80124     0.71792 (mid-point)
    47.72898     5.35022     9.90124     0.71903   (sampled)
    47.82898     5.43230    10.00429     0.72011 (mid-point)
    47.92898     5.51491    10.10734     0.72115   (sampled)
    48.02898     5.59767    10.20824     0.72217 (mid-point)
    48.12898     5.68091    10.30914     0.72315   (sampled)
    48.22898     5.76508    10.40939     0.72411 (mid-point)
    48.32898     5.84900    10.50964     0.72504   (sampled)
    48.42898     5.93384    10.61161     0.72595 (mid-point)
    48.52898     6.01858    10.71358     0.72683   (sampled)
    48.62898     6.10397    10.81508     0.72768 (mid-point)
    48.72898     6.18893    10.91657     0.72851   (sampled)
    48.82898     6.27271    11.01696     0.72932 (mid-point)
    48.92898     6.35498    11.11734     0.73011   (sampled)
    49.02898     6.43587    11.22757     0.73088 (mid-point)
    49.12898     6.51740    11.33780     0.73163   (sampled)
    49.22898     6.59989    11.43988     0.73236 (mid-point)
    49.32898     6.68146    11.54195     0.73307   (sampled)
    49.42898     6.76348    11.64970     0.73377 (mid-point)
    49.52898     6.84543    11.75745     0.73444   (sampled)
    49.62898     6.93024    11.85905     0.73511 (mid-point)
    49.72898     7.01545    11.96064     0.73575   (sampled)
    49.82898     7.10058    12.06278     0.73639 (mid-point)
    49.92898     7.18533    12.16492     0.73700   (sampled)
    50.02898     7.27034    12.26843     0.73760 (mid-point)
    50.12898     7.35573    12.37194     0.73819   (sampled)
    50.22898     7.44197    12.47521     0.73877 (mid-point)
    50.32898     7.52843    12.57847     0.73933   (sampled)
    50.42898     7.61506    12.68117     0.73988 (mid-point)
    50.52898     7.70128    12.78387     0.74041   (sampled)
    50.62898     7.78810    12.88463     0.74094 (mid-point)
    50.72898     7.87520    12.98540     0.74145   (sampled)
    50.82898     7.96192    13.10375     0.74195 (mid-point)
    50.92898     8.04931    13.22210     0.74245   (sampled)
    51.02898     8.13810    13.32399     0.74293 (mid-point)
    51.12898     8.22637    13.42589     0.74340   (sampled)
    51.22898     8.31774    13.52741     0.74386 (mid-point)
    51.32898     8.40931    13.62893     0.74431   (sampled)
    51.42898     8.49960    13.73190     0.74475 (mid-point)
    51.52898     8.58927    13.83488     0.74518   (sampled)
    51.62898     8.67881    13.94275     0.74560 (mid-point)
    51.72898     8.76870    14.05062     0.74602   (sampled)
    51.82898     8.86053    14.15152     0.74642 (mid-point)
    51.92898     8.95252    14.25242     0.74682   (sampled)
    52.02898     9.04335    14.35800     0.74721 (mid-point)
    52.12898     9.13437    14.46358     0.74759   (sampled)
    52.22898     9.22649    14.56541     0.74796 (mid-point)
    52.32898     9.31853    14.66724     0.74833   (sampled)
    52.42898     9.41075    14.77190     0.74869 (mid-point)
    52.52898     9.50280    14.87656     0.74904   (sampled)
    52.62898     9.59530    14.98020     0.74939 (mid-point)
    52.72898     9.68786    15.08384     0.74973   (sampled)
    52.82898     9.77422    15.47847     0.75006 (mid-point)
    52.92898     9.87422    15.87310     0.75039   (sampled)
    53.02898     9.96247    16.21902     0.75071 (mid-point)
    53.12898    10.06073    16.56493     0.75102   (sampled)
    53.22898    10.15452    16.66779     0.75133 (mid-point)
    53.32898    10.24836    16.77065     0.75163   (sampled)
    53.42898    10.34007    17.08346     0.75193 (mid-point)
    53.52898    10.43960    17.39627     0.75222   (sampled)
    53.62898    10.53422    17.49716     0.75251 (mid-point)
    53.72898    10.62876    17.59805     0.75279   (sampled)
    53.82898    10.72415    17.69919     0.75307 (mid-point)
    53.92898    10.81845    17.80034     0.75334   (sampled)
    54.02898    10.91319    17.90133     0.75361 (mid-point)
    54.12898    11.00803    18.00233     0.75387   (sampled)
    54.22898    11.10398    18.10295     0.75413 (mid-point)
    54.32898    11.19851    18.20357     0.75438   (sampled)
    54.42898    11.29433    18.30470     0.75463 (mid-point)
    54.52898    11.38981    18.40583     0.75488   (sampled)
    54.62898    11.48521    18.50720     0.75512 (mid-point)
    54.72898    11.58071    18.60857     0.75536   (sampled)
    54.82898    11.67667    18.70939     0.75559 (mid-point)
    54.92898    11.77255    18.81020     0.75582   (sampled)
    55.02898    11.86813    18.91082     0.75604 (mid-point)
    55.12898    11.96377    19.01144     0.75627   (sampled)
    55.22898    12.05687    19.11156     0.75649 (mid-point)
    55.32898    12.15006    19.21169     0.75670   (sampled)
    55.42898    12.24924    19.31372     0.75691 (mid-point)
    55.52898    12.34847    19.41575     0.75712   (sampled)
    55.62898    12.44271    19.51670     0.75733 (mid-point)
    55.72898    12.53703    19.61765     0.75753   (sampled)
    55.82898    12.63209    19.71801     0.75773 (mid-point)
    55.92898    12.72714    19.81838     0.75793   (sampled)
    56.02898    12.82188    19.91874     0.75812 (mid-point)
    56.12898    12.91661    20.01911     0.75831   (sampled)
    56.22898    13.01236    20.12055     0.75850 (mid-point)
    56.32898    13.10676    20.22200     0.75868   (sampled)
    56.42898    13.20140    20.32245     0.75887 (mid-point)
    56.52898    13.29442    20.42289     0.75905   (sampled)
    56.62898    13.39170    20.52421     0.75922 (mid-point)
    56.72898    13.48847    20.62553     0.75940   (sampled)
    56.82898    13.58330    20.72672     0.75957 (mid-point)
    56.92898    13.67798    20.82792     0.75974   (sampled)
    57.02898    13.77068    20.92792     0.75991 (mid-point)
    57.12898    13.86348    21.02792     0.76008   (sampled)
    57.22898    13.96428    21.13073     0.76024 (mid-point)
    57.32898    14.06107    21.23355     0.76040   (sampled)
    57.42898    14.15705    21.33468     0.76056 (mid-point)
    57.52898    14.25270    21.43581     0.76072   (sampled)
    57.62898    14.34928    21.53632     0.76087 (mid-point)
    57.72898    14.44590    21.63683     0.76102   (sampled)
    57.82898    14.54188    21.73754     0.76117 (mid-point)
    57.92898    14.63793    21.83825     0.76132   (sampled)
    58.02898    14.73426    21.93883     0.76147 (mid-point)
    58.12898    14.83046    22.03941     0.76161   (sampled)
    58.22898    14.92637    22.14049     0.76176 (mid-point)
    58.32898    15.02218    22.24156     0.76190   (sampled)
    58.42898    15.11861    22.34230     0.76204 (mid-point)
    58.52898    15.21509    22.44303     0.76217   (sampled)
    58.62898    15.31206    22.54356     0.76231 (mid-point)
    58.72898    15.40855    22.64409     0.76244   (sampled)
    58.82898    15.50542    22.74462     0.76258 (mid-point)
    58.92898    15.60127    22.84515     0.76271   (sampled)
    59.02898    15.69789    22.94700     0.76284 (mid-point)
    59.12898    15.79325    23.04884     0.76296   (sampled)
    59.22898    15.89130    23.14926     0.76309 (mid-point)
    59.32898    15.98885    23.24967     0.76321   (sampled)
    59.42898    16.08582    23.35027     0.76334 (mid-point)
    59.52898    16.18257    23.45086     0.76346   (sampled)
    59.62898    16.27859    23.55129     0.76358 (mid-point)
    59.72898    16.37466    23.65172     0.76370   (sampled)
    59.82898    16.47270    23.75269     0.76382 (mid-point)
    59.92898    16.57078    23.85366     0.76393   (sampled)
    60.02898    16.66708    23.95415     0.76405 (mid-point)
    60.12898    16.76341    24.05465     0.76416   (sampled)
    60.22898    16.86122    24.15584     0.76427 (mid-point)
    60.32898    16.95897    24.25704     0.76438   (sampled)
    60.42898    17.05635    24.35764     0.76449 (mid-point)
    60.52898    17.15376    24.45824     0.76460   (sampled)
    60.62898    17.25097    24.55900     0.76471 (mid-point)
    60.72898    17.34823    24.65976     0.76481   (sampled)
    60.82898    17.44561    24.76044     0.76492 (mid-point)
    60.92898    17.54303    24.86111     0.76502   (sampled)
    61.02898    17.64054    24.96177     0.76512 (mid-point)
    61.12898    17.73798    25.06242     0.76522   (sampled)
    61.22898    17.83545    25.16278     0.76532 (mid-point)
    61.32898    17.93290    25.26315     0.76542   (sampled)
    61.42898    18.02958    25.36392     0.76552 (mid-point)
    61.52898    18.12624    25.46469     0.76562   (sampled)
    61.62898    18.22545    25.56586     0.76571 (mid-point)
    61.72898    18.32363    25.66702     0.76581   (sampled)
    61.82898    18.42147    25.76764     0.76590 (mid-point)
    61.92898    18.51928    25.86826     0.76599   (sampled)
    62.02898    18.61688    25.96900     0.76609 (mid-point)
    62.12898    18.71425    26.06974     0.76618   (sampled)
    62.22898    18.81208    26.17009     0.76627 (mid-point)
    62.32898    18.90976    26.27043     0.76636   (sampled)
    62.42898    19.00768    26.37138     0.76644 (mid-point)
    62.52898    19.10563    26.47233     0.76653   (sampled)
    62.62898    19.20405    26.57316     0.76662 (mid-point)
    62.72898    19.30197    26.67399     0.76670   (sampled)
    62.82898    19.32710    29.25974     0.76679 (mid-point)
    62.92898    19.66818    31.84549     0.76687   (sampled)
    63.02898    20.47319    35.05706     0.76695 (mid-point)
    63.12898    21.69597    38.26862     0.76701   (sampled)

 Minimum radius found:      1.967 angstroms.



 For spherical probe approach, The geometric factor
         F= sum(ds/area) along channel is    0.767 angstroms**-1
 This yields a macroscopic predicted molar conductance of:
   (1/rho)*(100/F)= (130/rho) pS,
   where rho is the conductivity of 1M permeant ion in ohm m.
 N.B. this is a macroscopic conductance - an overestimate 
 Empirically corrected conductances currently only available
 With the CAPSULE option (although its not that stable!)
 For 1M KCl rho= 1/12 (ohm m), So Gmacro= 1600 pS/M.
  (TAG      1   Rmin=     1.96739   Gmacro=  1564.50835 Conn_Gmacro=    -1.00000 ).
 HOLE: normal completion
