 *** Program HOLE ***
 
 If results of this run are reported or published, please
 cite the publication listed below.
 For the HOLE program:
   Smart, O.S., Goodfellow, J.M., Wallace, B.A. (1993). 
   The pore dimensions of gramicidin A. 
   Biophys. J., 65, 2455-2460.
 
 Originally written by Oliver Smart at Birkbeck College from April 1992.
 Copyright 1993-2005 Oliver Smart
 Copyright 2014-2015 SmartSci Limited.
 Copyright 2016 Oliver Smart.
 
 For help on HOLE suite see  http://www.holeprogram.org/
 
 HOLE release 2.2.005 (07 August 2016) 
 
 usage subject to Apache License, Version 2.0 
 see http://www.apache.org/licenses/LICENSE-2.0 

 Control variables read:

! Input file for Oliver Smart's HOLE program
! written by MDAnalysis.analysis.hole2.HoleAnalysis
! for a Universe
! u = mda.Universe(host_178.mol2
!    host_178.mol2
!   )
! Frame 0

COORD  /tmp/tmpg7i0uij6.pdb
RADIUS simple2.rad
SPHPDB hole000.sph
SAMPLE 0.200000
ENDRAD 22.000000
IGNORE SOL WAT TIP HOH K   NA  CL
SHORTO 0
RASEED 31415
CPOINT -0.0000370299 -0.0000185016 0.0007592588


 WARNING have not found a CVECT record - will try to guess
 Input pdb filename read as:    '/tmp/tmpg7i0uij6.pdb'
 Input vdW radius file read as: 'simple2.rad'
 point in channel:   -0.000  -0.000   0.001
 channel vector:   ************************
 sampling distance between planes:    0.200

 graphics conditions:
 binary plot output file name: NONE
 Dot density:    10
 Draw dots?           T
 Draw close contacts? F
 Draw centre line?    T
 Produce spikes rather than dots? F
 Seed for random number generator:     31415 (0 means value set by program)
 Radius above which a result is regarded as an 'end':  22.000
 Pdb format file for sphere centres: hole000.sph

 Monte Carlo conditions:
  no of steps:  1000
  maximum displacement   0.100 angs
  'kT' initial   0.100 angs
 The spherebox and capsule options are turned off.
 (No molqpt card so will not write qpt file of the molecule)
 IGNORE card read so will ignore residue types: SOL WAT TIP HOH K   NA  CL
 no SHORTO card read so will produce full textual output
 As no PEGRAT card was found will not produce PEG polymer exclusion graph
 (No 2DMAPS card specified so will not produce 2D property maps)
 Have not found a CUT card.  Normal calculation using
   Cutoff lists with a cutsize=       1.000
   (if you wish to turn off option use a CUT -1 card)

 Have read     7 bond radius records and
              16 vdW radius records.
 From file: simple2.rad

 Have read    54 atom records.
 From file: /tmp/tmpg7i0uij6.pdb
 Will not produce graphical output

 Have opened file for pdb format output of sphere centres:  hole000.sph

  Seed integer used by ran # generator on this run      31415

 
 S/R cguess will try to guess CPOINT and/or CVECT
 
 THESE GUESSES MAY WELL BE WRONG!!!!
 Routine relies on having a reasonably symmetric
 channel oriented along x, y or z vector
 YOU ARE STRONGLY ADVISED TO CHECK THE RESULTS
                       WITH MOLECULAR GRAPHICS
 testing points from cpoint in X, Y then Z direction
   point                   pore radius
direction     1
  -5.000  -0.000   0.001    -1.207
  -4.000  -0.000   0.001    -1.608
  -3.000  -0.000   0.001    -1.071
  -2.000  -0.000   0.001    -0.675
  -1.000  -0.000   0.001    -0.108
  -0.000  -0.000   0.001     0.773
   1.000  -0.000   0.001    -0.090
   2.000  -0.000   0.001    -0.657
   3.000  -0.000   0.001    -1.098
   4.000  -0.000   0.001    -1.586
   5.000  -0.000   0.001    -1.263
 Average pore radius along the line=     -0.781
direction     2
  -0.000  -5.000   0.001    -1.580
  -0.000  -4.000   0.001    -1.232
  -0.000  -3.000   0.001    -1.290
  -0.000  -2.000   0.001    -0.890
  -0.000  -1.000   0.001    -0.184
  -0.000  -0.000   0.001     0.773
  -0.000   1.000   0.001    -0.194
  -0.000   2.000   0.001    -0.901
  -0.000   3.000   0.001    -1.322
  -0.000   4.000   0.001    -1.233
  -0.000   5.000   0.001    -1.413
 Average pore radius along the line=     -0.861
direction     3
  -0.000  -0.000  -4.999     3.887
  -0.000  -0.000  -3.999     3.045
  -0.000  -0.000  -2.999     2.274
  -0.000  -0.000  -1.999     1.613
  -0.000  -0.000  -0.999     1.000
  -0.000  -0.000   0.001     0.773
  -0.000  -0.000   1.001     1.021
  -0.000  -0.000   2.001     1.630
  -0.000  -0.000   3.001     2.284
  -0.000  -0.000   4.001     3.057
  -0.000  -0.000   5.001     3.899
 Average pore radius along the line=      2.226
 Best direction is found to be     3
(1=X,2=Y,3=Z)
 s/r cguess has produced initial values for cpoint &/or cvect:
CPOINT      -0.0000     -0.0000      0.0008
CVECT        0.0000      0.0000      1.0000
 THESE GUESSES MAY WELL BE WRONG!!!!
 Routine relies on having a reasonably symmetric
 channel oriented along x, y or z vector
 YOU ARE STRONGLY ADVISED TO CHECK THE RESULTS
                       WITH MOLECULAR GRAPHICS
 
 
  Some routines (e.g. conn) need vectors normal to cvect: 
     EAST Zero degrees angle is along vector    1.000   0.000   0.000
     NORTH  90 degrees angle is along vector    0.000  -1.000   0.000
 highest radius point found:
  at point   -0.000  -0.000   0.001
  closest atom surface    0.773   H2  178 X    0
  2nd closest surface     0.775   H17 178 X    0
  found on step    1
 current point:
  at point    0.000  -0.001   0.001
  closest atom surface    0.772   H2  178 X    0
  2nd closest surface     0.775   H17 178 X    0
  found on step  909
  no. of rejections          427
 stored as     0

 highest radius point found:
  at point   -0.001  -0.001   0.201
  closest atom surface    0.784   H11 178 X    0
  2nd closest surface     0.785   H2  178 X    0
  found on step  925
  this is also current point
  no. of rejections          410
 stored as     1

 highest radius point found:
  at point   -0.001  -0.003   0.401
  closest atom surface    0.815   H11 178 X    0
  2nd closest surface     0.816   H17 178 X    0
  found on step  739
 current point:
  at point   -0.004  -0.005   0.401
  closest atom surface    0.813   H17 178 X    0
  2nd closest surface     0.815   H2  178 X    0
  found on step  939
  no. of rejections          427
 stored as     2

 highest radius point found:
  at point   -0.001  -0.003   0.601
  closest atom surface    0.866   H11 178 X    0
  2nd closest surface     0.870   H17 178 X    0
  found on step    1
 current point:
  at point    0.010   0.002   0.601
  closest atom surface    0.863   H11 178 X    0
  2nd closest surface     0.866   H5  178 X    0
  found on step  947
  no. of rejections          387
 stored as     3

 highest radius point found:
  at point   -0.002  -0.008   0.801
  closest atom surface    0.940   H17 178 X    0
  2nd closest surface     0.940   H11 178 X    0
  found on step  999
  this is also current point
  no. of rejections          407
 stored as     4

 highest radius point found:
  at point    0.000  -0.009   1.001
  closest atom surface    1.029   H11 178 X    0
  2nd closest surface     1.030   H2  178 X    0
  found on step  827
 current point:
  at point    0.010  -0.011   1.001
  closest atom surface    1.026   H5  178 X    0
  2nd closest surface     1.027   H2  178 X    0
  found on step  965
  no. of rejections          376
 stored as     5

 highest radius point found:
  at point    0.001  -0.014   1.201
  closest atom surface    1.132   H2  178 X    0
  2nd closest surface     1.135   H17 178 X    0
  found on step  341
 current point:
  at point    0.013  -0.008   1.201
  closest atom surface    1.131   H5  178 X    0
  2nd closest surface     1.132   H11 178 X    0
  found on step  984
  no. of rejections          357
 stored as     6

 highest radius point found:
  at point    0.005  -0.014   1.401
  closest atom surface    1.251   H2  178 X    0
  2nd closest surface     1.251   H11 178 X    0
  found on step  801
 current point:
  at point    0.009  -0.013   1.401
  closest atom surface    1.251   H2  178 X    0
  2nd closest surface     1.251   H11 178 X    0
  found on step  987
  no. of rejections          371
 stored as     7

 highest radius point found:
  at point    0.007  -0.016   1.601
  closest atom surface    1.379   H2  178 X    0
  2nd closest surface     1.379   H11 178 X    0
  found on step  566
 current point:
  at point    0.002  -0.017   1.601
  closest atom surface    1.379   H2  178 X    0
  2nd closest surface     1.379   H11 178 X    0
  found on step  941
  no. of rejections          344
 stored as     8

 highest radius point found:
  at point    0.007  -0.016   1.801
  closest atom surface    1.515   C9  178 X    0
  2nd closest surface     1.515   H11 178 X    0
  found on step    1
 current point:
  at point    0.008  -0.017   1.801
  closest atom surface    1.514   C9  178 X    0
  2nd closest surface     1.516   H11 178 X    0
  found on step  956
  no. of rejections          382
 stored as     9

 highest radius point found:
  at point    0.004   0.012   2.001
  closest atom surface    1.637   C9  178 X    0
  2nd closest surface     1.638   C11 178 X    0
  found on step  988
  this is also current point
  no. of rejections          364
 stored as    10

 highest radius point found:
  at point    0.002   0.014   2.201
  closest atom surface    1.757   C29 178 X    0
  2nd closest surface     1.757   C19 178 X    0
  found on step  993
  this is also current point
  no. of rejections          356
 stored as    11

 highest radius point found:
  at point    0.004   0.015   2.401
  closest atom surface    1.882   C9  178 X    0
  2nd closest surface     1.882   C11 178 X    0
  found on step  857
  this is also current point
  no. of rejections          380
 stored as    12

 highest radius point found:
  at point    0.003   0.017   2.601
  closest atom surface    2.014   C19 178 X    0
  2nd closest surface     2.014   C9  178 X    0
  found on step  872
 current point:
  at point    0.002   0.017   2.601
  closest atom surface    2.014   C19 178 X    0
  2nd closest surface     2.014   C29 178 X    0
  found on step  915
  no. of rejections          367
 stored as    13

 highest radius point found:
  at point    0.003   0.017   2.801
  closest atom surface    2.152   C29 178 X    0
  2nd closest surface     2.152   C9  178 X    0
  found on step    1
 current point:
  at point    0.003   0.016   2.801
  closest atom surface    2.151   C29 178 X    0
  2nd closest surface     2.152   C9  178 X    0
  found on step  986
  no. of rejections          385
 stored as    14

 highest radius point found:
  at point    0.003   0.017   3.001
  closest atom surface    2.294   C29 178 X    0
  2nd closest surface     2.294   C9  178 X    0
  found on step    1
 current point:
  at point    0.001   0.018   3.001
  closest atom surface    2.293   C29 178 X    0
  2nd closest surface     2.295   C9  178 X    0
  found on step  983
  no. of rejections          317
 stored as    15

 highest radius point found:
  at point    0.003   0.019   3.201
  closest atom surface    2.441   C29 178 X    0
  2nd closest surface     2.442   C9  178 X    0
  found on step  938
  this is also current point
  no. of rejections          344
 stored as    16

 highest radius point found:
  at point    0.004   0.020   3.401
  closest atom surface    2.592   C9  178 X    0
  2nd closest surface     2.593   C29 178 X    0
  found on step  791
 current point:
  at point    0.004   0.015   3.401
  closest atom surface    2.590   C29 178 X    0
  2nd closest surface     2.591   C9  178 X    0
  found on step  985
  no. of rejections          344
 stored as    17

 highest radius point found:
  at point    0.003   0.023   3.601
  closest atom surface    2.748   C29 178 X    0
  2nd closest surface     2.748   C19 178 X    0
  found on step  868
 current point:
  at point    0.004   0.021   3.601
  closest atom surface    2.747   C9  178 X    0
  2nd closest surface     2.747   C29 178 X    0
  found on step  946
  no. of rejections          353
 stored as    18

 highest radius point found:
  at point    0.005   0.026   3.801
  closest atom surface    2.906   C11 178 X    0
  2nd closest surface     2.906   C19 178 X    0
  found on step  980
  this is also current point
  no. of rejections          310
 stored as    19

 highest radius point found:
  at point    0.005   0.026   4.001
  closest atom surface    3.068   C9  178 X    0
  2nd closest surface     3.068   C11 178 X    0
  found on step    1
 current point:
  at point    0.005   0.021   4.001
  closest atom surface    3.067   C29 178 X    0
  2nd closest surface     3.067   C9  178 X    0
  found on step  975
  no. of rejections          311
 stored as    20

 highest radius point found:
  at point    0.004   0.027   4.201
  closest atom surface    3.232   C19 178 X    0
  2nd closest surface     3.232   C11 178 X    0
  found on step  887
  this is also current point
  no. of rejections          318
 stored as    21

 highest radius point found:
  at point    0.004   0.027   4.401
  closest atom surface    3.398   C29 178 X    0
  2nd closest surface     3.399   C9  178 X    0
  found on step    1
 current point:
  at point   -0.001   0.029   4.401
  closest atom surface    3.397   C29 178 X    0
  2nd closest surface     3.398   C21 178 X    0
  found on step  916
  no. of rejections          294
 stored as    22

 highest radius point found:
  at point    0.004   0.029   4.601
  closest atom surface    3.568   C29 178 X    0
  2nd closest surface     3.568   C9  178 X    0
  found on step  992
  this is also current point
  no. of rejections          305
 stored as    23

 highest radius point found:
  at point    0.004   0.029   4.801
  closest atom surface    3.738   C29 178 X    0
  2nd closest surface     3.739   C9  178 X    0
  found on step    1
 current point:
  at point    0.005   0.033   4.801
  closest atom surface    3.738   C19 178 X    0
  2nd closest surface     3.738   C11 178 X    0
  found on step  936
  no. of rejections          307
 stored as    24

 highest radius point found:
  at point    0.004   0.029   5.001
  closest atom surface    3.910   C29 178 X    0
  2nd closest surface     3.911   C9  178 X    0
  found on step    1
 current point:
  at point    0.007   0.031   5.001
  closest atom surface    3.910   C9  178 X    0
  2nd closest surface     3.911   C11 178 X    0
  found on step  965
  no. of rejections          282
 stored as    25

 highest radius point found:
  at point    0.006   0.036   5.201
  closest atom surface    4.085   C11 178 X    0
  2nd closest surface     4.085   C19 178 X    0
  found on step  999
  this is also current point
  no. of rejections          268
 stored as    26

 highest radius point found:
  at point    0.006   0.036   5.401
  closest atom surface    4.262   C11 178 X    0
  2nd closest surface     4.262   C19 178 X    0
  found on step  905
  this is also current point
  no. of rejections          291
 stored as    27

 highest radius point found:
  at point    0.006   0.036   5.601
  closest atom surface    4.440   C11 178 X    0
  2nd closest surface     4.440   C9  178 X    0
  found on step    1
 current point:
  at point    0.006   0.032   5.601
  closest atom surface    4.439   C29 178 X    0
  2nd closest surface     4.439   C9  178 X    0
  found on step  956
  no. of rejections          264
 stored as    28

 highest radius point found:
  at point    0.006   0.038   5.801
  closest atom surface    4.618   C11 178 X    0
  2nd closest surface     4.619   C19 178 X    0
  found on step  680
 current point:
  at point    0.001   0.039   5.801
  closest atom surface    4.618   C29 178 X    0
  2nd closest surface     4.618   C19 178 X    0
  found on step  916
  no. of rejections          305
 stored as    29

 highest radius point found:
  at point    0.006   0.038   6.001
  closest atom surface    4.799   C9  178 X    0
  2nd closest surface     4.799   C11 178 X    0
  found on step  757
 current point:
  at point    0.008   0.033   6.001
  closest atom surface    4.797   C9  178 X    0
  2nd closest surface     4.798   C29 178 X    0
  found on step  992
  no. of rejections          283
 stored as    30

 highest radius point found:
  at point    0.006   0.038   6.201
  closest atom surface    4.979   C29 178 X    0
  2nd closest surface     4.980   C9  178 X    0
  found on step    1
 current point:
  at point    0.002   0.042   6.201
  closest atom surface    4.979   C19 178 X    0
  2nd closest surface     4.979   C29 178 X    0
  found on step  992
  no. of rejections          251
 stored as    31

 highest radius point found:
  at point    0.007   0.038   6.401
  closest atom surface    5.161   C9  178 X    0
  2nd closest surface     5.162   C29 178 X    0
  found on step  895
  this is also current point
  no. of rejections          231
 stored as    32

 highest radius point found:
  at point    0.006   0.042   6.601
  closest atom surface    5.345   C29 178 X    0
  2nd closest surface     5.345   C11 178 X    0
  found on step 1000
  this is also current point
  no. of rejections          260
 stored as    33

 highest radius point found:
  at point    0.007   0.043   6.801
  closest atom surface    5.529   C9  178 X    0
  2nd closest surface     5.529   C29 178 X    0
  found on step  914
  this is also current point
  no. of rejections          260
 stored as    34

 highest radius point found:
  at point    0.006   0.045   7.001
  closest atom surface    5.714   C29 178 X    0
  2nd closest surface     5.714   C11 178 X    0
  found on step  969
  this is also current point
  no. of rejections          264
 stored as    35

 highest radius point found:
  at point    0.006   0.045   7.201
  closest atom surface    5.899   C29 178 X    0
  2nd closest surface     5.900   C9  178 X    0
  found on step    1
 current point:
  at point    0.005   0.046   7.201
  closest atom surface    5.899   C29 178 X    0
  2nd closest surface     5.900   C19 178 X    0
  found on step  930
  no. of rejections          250
 stored as    36

 highest radius point found:
  at point    0.008   0.044   7.401
  closest atom surface    6.085   C9  178 X    0
  2nd closest surface     6.085   C29 178 X    0
  found on step  977
  this is also current point
  no. of rejections          228
 stored as    37

 highest radius point found:
  at point    0.006   0.051   7.601
  closest atom surface    6.272   C19 178 X    0
  2nd closest surface     6.272   C11 178 X    0
  found on step  935
  this is also current point
  no. of rejections          259
 stored as    38

 highest radius point found:
  at point    0.006   0.051   7.801
  closest atom surface    6.460   C29 178 X    0
  2nd closest surface     6.460   C11 178 X    0
  found on step    1
 current point:
  at point    0.005   0.051   7.801
  closest atom surface    6.460   C29 178 X    0
  2nd closest surface     6.460   C19 178 X    0
  found on step  915
  no. of rejections          236
 stored as    39

 highest radius point found:
  at point    0.008   0.050   8.001
  closest atom surface    6.648   C9  178 X    0
  2nd closest surface     6.648   C29 178 X    0
  found on step  999
  this is also current point
  no. of rejections          246
 stored as    40

 highest radius point found:
  at point    0.008   0.050   8.201
  closest atom surface    6.837   C29 178 X    0
  2nd closest surface     6.837   C9  178 X    0
  found on step    1
 current point:
  at point    0.007   0.057   8.201
  closest atom surface    6.836   C19 178 X    0
  2nd closest surface     6.836   C11 178 X    0
  found on step  947
  no. of rejections          229
 stored as    41

 highest radius point found:
  at point    0.004   0.056   8.401
  closest atom surface    7.026   C29 178 X    0
  2nd closest surface     7.026   C19 178 X    0
  found on step  975
  this is also current point
  no. of rejections          239
 stored as    42

 highest radius point found:
  at point    0.005   0.057   8.601
  closest atom surface    7.215   C19 178 X    0
  2nd closest surface     7.216   C29 178 X    0
  found on step  984
  this is also current point
  no. of rejections          242
 stored as    43

 highest radius point found:
  at point    0.006   0.058   8.801
  closest atom surface    7.406   C29 178 X    0
  2nd closest surface     7.406   C19 178 X    0
  found on step  897
  this is also current point
  no. of rejections          242
 stored as    44

 highest radius point found:
  at point    0.007   0.058   9.001
  closest atom surface    7.596   C29 178 X    0
  2nd closest surface     7.596   C11 178 X    0
  found on step  925
  this is also current point
  no. of rejections          208
 stored as    45

 highest radius point found:
  at point    0.010   0.057   9.201
  closest atom surface    7.787   C9  178 X    0
  2nd closest surface     7.787   C29 178 X    0
  found on step  978
  this is also current point
  no. of rejections          232
 stored as    46

 highest radius point found:
  at point    0.010   0.057   9.401
  closest atom surface    7.978   C29 178 X    0
  2nd closest surface     7.978   C9  178 X    0
  found on step    1
 current point:
  at point    0.003   0.062   9.401
  closest atom surface    7.977   C29 178 X    0
  2nd closest surface     7.978   C19 178 X    0
  found on step  994
  no. of rejections          225
 stored as    47

 highest radius point found:
  at point    0.009   0.062   9.601
  closest atom surface    8.170   C11 178 X    0
  2nd closest surface     8.170   C9  178 X    0
  found on step  581
 current point:
  at point    0.010   0.058   9.601
  closest atom surface    8.169   C29 178 X    0
  2nd closest surface     8.170   C9  178 X    0
  found on step  990
  no. of rejections          217
 stored as    48

 highest radius point found:
  at point    0.010   0.061   9.801
  closest atom surface    8.362   C9  178 X    0
  2nd closest surface     8.362   C29 178 X    0
  found on step    3
 current point:
  at point    0.010   0.062   9.801
  closest atom surface    8.362   C11 178 X    0
  2nd closest surface     8.362   C9  178 X    0
  found on step  962
  no. of rejections          224
 stored as    49

 highest radius point found:
  at point    0.010   0.061  10.001
  closest atom surface    8.554   C29 178 X    0
  2nd closest surface     8.554   C9  178 X    0
  found on step    1
 current point:
  at point    0.008   0.062  10.001
  closest atom surface    8.553   C29 178 X    0
  2nd closest surface     8.554   C9  178 X    0
  found on step  924
  no. of rejections          226
 stored as    50

 highest radius point found:
  at point    0.006   0.067  10.201
  closest atom surface    8.746   C29 178 X    0
  2nd closest surface     8.746   C19 178 X    0
  found on step  959
  this is also current point
  no. of rejections          202
 stored as    51

 highest radius point found:
  at point    0.006   0.067  10.401
  closest atom surface    8.939   C29 178 X    0
  2nd closest surface     8.939   C19 178 X    0
  found on step  978
  this is also current point
  no. of rejections          210
 stored as    52

 highest radius point found:
  at point    0.006   0.068  10.601
  closest atom surface    9.132   C29 178 X    0
  2nd closest surface     9.132   C19 178 X    0
  found on step  979
  this is also current point
  no. of rejections          225
 stored as    53

 highest radius point found:
  at point    0.006   0.072  10.801
  closest atom surface    9.325   C19 178 X    0
  2nd closest surface     9.325   C29 178 X    0
  found on step  612
 current point:
  at point    0.013   0.067  10.801
  closest atom surface    9.325   C9  178 X    0
  2nd closest surface     9.325   C11 178 X    0
  found on step  995
  no. of rejections          188
 stored as    54

 highest radius point found:
  at point    0.011   0.069  11.001
  closest atom surface    9.519   C9  178 X    0
  2nd closest surface     9.519   C29 178 X    0
  found on step  915
  this is also current point
  no. of rejections          181
 stored as    55

 highest radius point found:
  at point    0.011   0.071  11.201
  closest atom surface    9.712   C11 178 X    0
  2nd closest surface     9.712   C9  178 X    0
  found on step  996
  this is also current point
  no. of rejections          197
 stored as    56

 highest radius point found:
  at point    0.011   0.071  11.401
  closest atom surface    9.906   C9  178 X    0
  2nd closest surface     9.906   C29 178 X    0
  found on step    1
 current point:
  at point    0.014   0.071  11.401
  closest atom surface    9.906   C9  178 X    0
  2nd closest surface     9.906   C11 178 X    0
  found on step  961
  no. of rejections          219
 stored as    57

 highest radius point found:
  at point    0.011   0.071  11.601
  closest atom surface   10.100   C29 178 X    0
  2nd closest surface    10.100   C9  178 X    0
  found on step    1
 current point:
  at point    0.017   0.074  11.601
  closest atom surface   10.099   C11 178 X    0
  2nd closest surface    10.099   C9  178 X    0
  found on step  938
  no. of rejections          175
 stored as    58

 highest radius point found:
  at point    0.011   0.071  11.801
  closest atom surface   10.294   C29 178 X    0
  2nd closest surface    10.295   C9  178 X    0
  found on step    1
 current point:
  at point    0.010   0.071  11.801
  closest atom surface   10.294   C29 178 X    0
  2nd closest surface    10.295   C9  178 X    0
  found on step  954
  no. of rejections          210
 stored as    59

 highest radius point found:
  at point    0.010   0.078  12.001
  closest atom surface   10.489   C11 178 X    0
  2nd closest surface    10.490   C29 178 X    0
  found on step  993
  this is also current point
  no. of rejections          222
 stored as    60

 highest radius point found:
  at point    0.010   0.078  12.201
  closest atom surface   10.684   C29 178 X    0
  2nd closest surface    10.684   C11 178 X    0
  found on step    1
 current point:
  at point    0.012   0.078  12.201
  closest atom surface   10.684   C11 178 X    0
  2nd closest surface    10.684   C29 178 X    0
  found on step  998
  no. of rejections          209
 stored as    61

 highest radius point found:
  at point    0.013   0.079  12.401
  closest atom surface   10.879   C11 178 X    0
  2nd closest surface    10.879   C9  178 X    0
  found on step  954
  this is also current point
  no. of rejections          191
 stored as    62

 highest radius point found:
  at point    0.013   0.079  12.601
  closest atom surface   11.074   C11 178 X    0
  2nd closest surface    11.074   C9  178 X    0
  found on step    1
 current point:
  at point    0.014   0.071  12.601
  closest atom surface   11.073   C9  178 X    0
  2nd closest surface    11.073   C29 178 X    0
  found on step  893
  no. of rejections          198
 stored as    63

 highest radius point found:
  at point    0.011   0.081  12.801
  closest atom surface   11.269   C29 178 X    0
  2nd closest surface    11.269   C11 178 X    0
  found on step    2
 current point:
  at point    0.006   0.083  12.801
  closest atom surface   11.268   C29 178 X    0
  2nd closest surface    11.269   C19 178 X    0
  found on step  999
  no. of rejections          200
 stored as    64

 highest radius point found:
  at point    0.011   0.081  13.001
  closest atom surface   11.464   C29 178 X    0
  2nd closest surface    11.465   C11 178 X    0
  found on step    1
 current point:
  at point    0.005   0.087  13.001
  closest atom surface   11.464   C29 178 X    0
  2nd closest surface    11.464   C19 178 X    0
  found on step  904
  no. of rejections          189
 stored as    65

 highest radius point found:
  at point    0.011   0.081  13.201
  closest atom surface   11.659   C29 178 X    0
  2nd closest surface    11.660   C9  178 X    0
  found on step    1
 current point:
  at point    0.007   0.093  13.201
  closest atom surface   11.658   C19 178 X    0
  2nd closest surface    11.659   C11 178 X    0
  found on step  957
  no. of rejections          208
 stored as    66

 highest radius point found:
  at point    0.011   0.081  13.401
  closest atom surface   11.855   C29 178 X    0
  2nd closest surface    11.855   C9  178 X    0
  found on step    1
 current point:
  at point    0.017   0.090  13.401
  closest atom surface   11.854   C11 178 X    0
  2nd closest surface    11.855   C9  178 X    0
  found on step  951
  no. of rejections          187
 stored as    67

 highest radius point found:
  at point    0.011   0.081  13.601
  closest atom surface   12.050   C29 178 X    0
  2nd closest surface    12.051   C9  178 X    0
  found on step    1
 current point:
  at point    0.001   0.096  13.601
  closest atom surface   12.049   C19 178 X    0
  2nd closest surface    12.050   C21 178 X    0
  found on step  951
  no. of rejections          192
 stored as    68

 highest radius point found:
  at point    0.016   0.086  13.801
  closest atom surface   12.246   C9  178 X    0
  2nd closest surface    12.246   C11 178 X    0
  found on step  934
  this is also current point
  no. of rejections          214
 stored as    69

 highest radius point found:
  at point    0.016   0.086  14.001
  closest atom surface   12.442   C9  178 X    0
  2nd closest surface    12.442   C11 178 X    0
  found on step    1
 current point:
  at point    0.007   0.092  14.001
  closest atom surface   12.442   C29 178 X    0
  2nd closest surface    12.443   C19 178 X    0
  found on step  983
  no. of rejections          191
 stored as    70

 highest radius point found:
  at point    0.015   0.088  14.201
  closest atom surface   12.638   C9  178 X    0
  2nd closest surface    12.639   C11 178 X    0
  found on step  988
  this is also current point
  no. of rejections          216
 stored as    71

 highest radius point found:
  at point    0.015   0.088  14.401
  closest atom surface   12.835   C9  178 X    0
  2nd closest surface    12.835   C29 178 X    0
  found on step    1
 current point:
  at point    0.002   0.098  14.401
  closest atom surface   12.834   C29 178 X    0
  2nd closest surface    12.834   C19 178 X    0
  found on step  980
  no. of rejections          191
 stored as    72

 highest radius point found:
  at point    0.011   0.093  14.601
  closest atom surface   13.031   C29 178 X    0
  2nd closest surface    13.031   C11 178 X    0
  found on step  932
  this is also current point
  no. of rejections          204
 stored as    73

 highest radius point found:
  at point    0.009   0.097  14.801
  closest atom surface   13.227   C29 178 X    0
  2nd closest surface    13.228   C19 178 X    0
  found on step  954
  this is also current point
  no. of rejections          185
 stored as    74

 highest radius point found:
  at point    0.016   0.094  15.001
  closest atom surface   13.424   C11 178 X    0
  2nd closest surface    13.424   C9  178 X    0
  found on step 1000
  this is also current point
  no. of rejections          164
 stored as    75

 highest radius point found:
  at point    0.009   0.101  15.201
  closest atom surface   13.620   C19 178 X    0
  2nd closest surface    13.620   C29 178 X    0
  found on step  909
  this is also current point
  no. of rejections          177
 stored as    76

 highest radius point found:
  at point    0.013   0.098  15.401
  closest atom surface   13.817   C11 178 X    0
  2nd closest surface    13.817   C29 178 X    0
  found on step  990
  this is also current point
  no. of rejections          177
 stored as    77

 highest radius point found:
  at point    0.011   0.101  15.601
  closest atom surface   14.014   C29 178 X    0
  2nd closest surface    14.014   C11 178 X    0
  found on step  955
  this is also current point
  no. of rejections          195
 stored as    78

 highest radius point found:
  at point    0.013   0.101  15.801
  closest atom surface   14.210   C11 178 X    0
  2nd closest surface    14.210   C29 178 X    0
  found on step  980
  this is also current point
  no. of rejections          174
 stored as    79

 highest radius point found:
  at point    0.013   0.101  16.001
  closest atom surface   14.407   C29 178 X    0
  2nd closest surface    14.407   C11 178 X    0
  found on step    1
 current point:
  at point    0.013   0.104  16.001
  closest atom surface   14.407   C11 178 X    0
  2nd closest surface    14.407   C29 178 X    0
  found on step  980
  no. of rejections          187
 stored as    80

 highest radius point found:
  at point    0.013   0.105  16.201
  closest atom surface   14.604   C11 178 X    0
  2nd closest surface    14.604   C29 178 X    0
  found on step   14
 current point:
  at point    0.013   0.104  16.201
  closest atom surface   14.604   C29 178 X    0
  2nd closest surface    14.604   C11 178 X    0
  found on step  948
  no. of rejections          187
 stored as    81

 highest radius point found:
  at point    0.010   0.109  16.401
  closest atom surface   14.801   C29 178 X    0
  2nd closest surface    14.801   C19 178 X    0
  found on step  994
  this is also current point
  no. of rejections          167
 stored as    82

 highest radius point found:
  at point    0.014   0.106  16.601
  closest atom surface   14.998   C29 178 X    0
  2nd closest surface    14.998   C11 178 X    0
  found on step  982
  this is also current point
  no. of rejections          175
 stored as    83

 highest radius point found:
  at point    0.014   0.107  16.801
  closest atom surface   15.195   C29 178 X    0
  2nd closest surface    15.195   C11 178 X    0
  found on step  977
  this is also current point
  no. of rejections          181
 stored as    84

 highest radius point found:
  at point    0.013   0.112  17.001
  closest atom surface   15.392   C11 178 X    0
  2nd closest surface    15.393   C29 178 X    0
  found on step  916
  this is also current point
  no. of rejections          173
 stored as    85

 highest radius point found:
  at point    0.013   0.112  17.201
  closest atom surface   15.590   C11 178 X    0
  2nd closest surface    15.590   C29 178 X    0
  found on step    1
 current point:
  at point    0.621  -0.902  17.201
  closest atom surface   15.474   C9  178 X    0
  2nd closest surface    15.475   C3  178 X    0
  found on step 1000
  no. of rejections          122
 stored as    86

 highest radius point found:
  at point    0.013   0.112  17.401
  closest atom surface   15.787   C29 178 X    0
  2nd closest surface    15.787   C11 178 X    0
  found on step    1
 current point:
  at point    0.017   0.110  17.401
  closest atom surface   15.787   C11 178 X    0
  2nd closest surface    15.787   C9  178 X    0
  found on step  947
  no. of rejections          172
 stored as    87

 highest radius point found:
  at point    0.013   0.112  17.601
  closest atom surface   15.984   C29 178 X    0
  2nd closest surface    15.985   C11 178 X    0
  found on step    1
 current point:
  at point   -1.351  -0.121  17.601
  closest atom surface   15.843   C21 178 X    0
  2nd closest surface    15.844   C29 178 X    0
  found on step  999
  no. of rejections          120
 stored as    88

 highest radius point found:
  at point    0.013   0.112  17.801
  closest atom surface   16.182   C29 178 X    0
  2nd closest surface    16.182   C11 178 X    0
  found on step    1
 current point:
  at point    0.008   0.126  17.801
  closest atom surface   16.181   C19 178 X    0
  2nd closest surface    16.182   C11 178 X    0
  found on step  993
  no. of rejections          123
 stored as    89

 highest radius point found:
  at point    0.013   0.112  18.001
  closest atom surface   16.379   C29 178 X    0
  2nd closest surface    16.380   C11 178 X    0
  found on step    1
 current point:
  at point   -0.093  -0.742  18.001
  closest atom surface   16.295   C29 178 X    0
  2nd closest surface    16.298   C3  178 X    0
  found on step 1000
  no. of rejections          109
 stored as    90

 highest radius point found:
  at point    0.012   0.121  18.201
  closest atom surface   16.577   C11 178 X    0
  2nd closest surface    16.577   C19 178 X    0
  found on step  920
  this is also current point
  no. of rejections          160
 stored as    91

 highest radius point found:
  at point    0.012   0.121  18.401
  closest atom surface   16.775   C29 178 X    0
  2nd closest surface    16.775   C11 178 X    0
  found on step    1
 current point:
  at point    0.015   0.116  18.401
  closest atom surface   16.775   C29 178 X    0
  2nd closest surface    16.775   C11 178 X    0
  found on step  986
  no. of rejections          157
 stored as    92

 highest radius point found:
  at point    0.019   0.115  18.601
  closest atom surface   16.972   C9  178 X    0
  2nd closest surface    16.972   C11 178 X    0
  found on step  920
  this is also current point
  no. of rejections          170
 stored as    93

 highest radius point found:
  at point    0.019   0.115  18.801
  closest atom surface   17.170   C9  178 X    0
  2nd closest surface    17.170   C29 178 X    0
  found on step    1
 current point:
  at point    0.017   0.114  18.801
  closest atom surface   17.170   C29 178 X    0
  2nd closest surface    17.170   C9  178 X    0
  found on step  972
  no. of rejections          124
 stored as    94

 highest radius point found:
  at point    0.017   0.119  19.001
  closest atom surface   17.368   C29 178 X    0
  2nd closest surface    17.368   C11 178 X    0
  found on step  978
  this is also current point
  no. of rejections          140
 stored as    95

 highest radius point found:
  at point    0.016   0.123  19.201
  closest atom surface   17.566   C29 178 X    0
  2nd closest surface    17.566   C11 178 X    0
  found on step    2
 current point:
  at point    0.009   0.128  19.201
  closest atom surface   17.566   C29 178 X    0
  2nd closest surface    17.566   C19 178 X    0
  found on step  931
  no. of rejections          173
 stored as    96

 highest radius point found:
  at point    0.016   0.123  19.401
  closest atom surface   17.763   C29 178 X    0
  2nd closest surface    17.764   C11 178 X    0
  found on step    1
 current point:
  at point    0.019   0.129  19.401
  closest atom surface   17.763   C11 178 X    0
  2nd closest surface    17.764   C19 178 X    0
  found on step  945
  no. of rejections          171
 stored as    97

 highest radius point found:
  at point    0.017   0.126  19.601
  closest atom surface   17.961   C11 178 X    0
  2nd closest surface    17.962   C29 178 X    0
  found on step  978
  this is also current point
  no. of rejections          180
 stored as    98

 highest radius point found:
  at point    0.017   0.126  19.801
  closest atom surface   18.159   C29 178 X    0
  2nd closest surface    18.159   C11 178 X    0
  found on step    1
 current point:
  at point    0.011   0.132  19.801
  closest atom surface   18.159   C29 178 X    0
  2nd closest surface    18.159   C19 178 X    0
  found on step  979
  no. of rejections          160
 stored as    99

 highest radius point found:
  at point    0.015   0.128  20.001
  closest atom surface   18.357   C29 178 X    0
  2nd closest surface    18.357   C11 178 X    0
  found on step  943
  this is also current point
  no. of rejections          163
 stored as   100

 highest radius point found:
  at point    0.018   0.128  20.201
  closest atom surface   18.555   C29 178 X    0
  2nd closest surface    18.555   C11 178 X    0
  found on step  956
  this is also current point
  no. of rejections          170
 stored as   101

 highest radius point found:
  at point    0.014   0.134  20.401
  closest atom surface   18.753   C29 178 X    0
  2nd closest surface    18.753   C11 178 X    0
  found on step  790
 current point:
  at point    0.021   0.126  20.401
  closest atom surface   18.753   C9  178 X    0
  2nd closest surface    18.753   C11 178 X    0
  found on step  997
  no. of rejections          171
 stored as   102

 highest radius point found:
  at point    0.013   0.137  20.601
  closest atom surface   18.951   C11 178 X    0
  2nd closest surface    18.952   C19 178 X    0
  found on step  965
  this is also current point
  no. of rejections          138
 stored as   103

 highest radius point found:
  at point    0.013   0.137  20.801
  closest atom surface   19.150   C29 178 X    0
  2nd closest surface    19.150   C11 178 X    0
  found on step    1
 current point:
  at point    0.021   0.131  20.801
  closest atom surface   19.149   C11 178 X    0
  2nd closest surface    19.150   C9  178 X    0
  found on step  941
  no. of rejections          170
 stored as   104

 highest radius point found:
  at point    0.013   0.137  21.001
  closest atom surface   19.348   C29 178 X    0
  2nd closest surface    19.348   C11 178 X    0
  found on step    1
 current point:
  at point    0.003   0.145  21.001
  closest atom surface   19.347   C19 178 X    0
  2nd closest surface    19.347   C21 178 X    0
  found on step 1000
  no. of rejections           95
 stored as   105

 highest radius point found:
  at point    0.013   0.137  21.201
  closest atom surface   19.546   C29 178 X    0
  2nd closest surface    19.546   C11 178 X    0
  found on step    1
 current point:
  at point    0.028   0.142  21.201
  closest atom surface   19.544   C11 178 X    0
  2nd closest surface    19.546   C9  178 X    0
  found on step  999
  no. of rejections          132
 stored as   106

 highest radius point found:
  at point    0.019   0.133  21.401
  closest atom surface   19.744   C29 178 X    0
  2nd closest surface    19.744   C9  178 X    0
  found on step  976
  this is also current point
  no. of rejections          149
 stored as   107

 highest radius point found:
  at point    0.017   0.139  21.601
  closest atom surface   19.942   C29 178 X    0
  2nd closest surface    19.943   C11 178 X    0
  found on step  958
  this is also current point
  no. of rejections          165
 stored as   108

 highest radius point found:
  at point    0.021   0.135  21.801
  closest atom surface   20.141   C29 178 X    0
  2nd closest surface    20.141   C9  178 X    0
  found on step  928
  this is also current point
  no. of rejections          164
 stored as   109

 highest radius point found:
  at point    0.019   0.142  22.001
  closest atom surface   20.339   C11 178 X    0
  2nd closest surface    20.339   C29 178 X    0
  found on step  904
  this is also current point
  no. of rejections          152
 stored as   110

 highest radius point found:
  at point    0.019   0.142  22.201
  closest atom surface   20.537   C11 178 X    0
  2nd closest surface    20.538   C29 178 X    0
  found on step    1
 current point:
  at point    0.022   0.135  22.201
  closest atom surface   20.537   C29 178 X    0
  2nd closest surface    20.537   C9  178 X    0
  found on step  976
  no. of rejections          173
 stored as   111

 highest radius point found:
  at point    0.019   0.142  22.401
  closest atom surface   20.736   C29 178 X    0
  2nd closest surface    20.736   C11 178 X    0
  found on step    1
 current point:
  at point    0.014   0.152  22.401
  closest atom surface   20.735   C19 178 X    0
  2nd closest surface    20.736   C11 178 X    0
  found on step  981
  no. of rejections          129
 stored as   112

 highest radius point found:
  at point    0.018   0.145  22.601
  closest atom surface   20.934   C11 178 X    0
  2nd closest surface    20.934   C29 178 X    0
  found on step  986
  this is also current point
  no. of rejections          150
 stored as   113

 highest radius point found:
  at point    0.017   0.148  22.801
  closest atom surface   21.133   C11 178 X    0
  2nd closest surface    21.133   C29 178 X    0
  found on step  271
 current point:
  at point    0.021   0.144  22.801
  closest atom surface   21.133   C11 178 X    0
  2nd closest surface    21.133   C29 178 X    0
  found on step  999
  no. of rejections          168
 stored as   114

 highest radius point found:
  at point    0.020   0.146  23.001
  closest atom surface   21.331   C11 178 X    0
  2nd closest surface    21.331   C29 178 X    0
  found on step  970
  this is also current point
  no. of rejections          143
 stored as   115

 highest radius point found:
  at point    0.020   0.146  23.201
  closest atom surface   21.530   C29 178 X    0
  2nd closest surface    21.530   C11 178 X    0
  found on step    1
 current point:
  at point    0.023   0.148  23.201
  closest atom surface   21.529   C11 178 X    0
  2nd closest surface    21.530   C9  178 X    0
  found on step  965
  no. of rejections          151
 stored as   116

 highest radius point found:
  at point    0.025   0.145  23.401
  closest atom surface   21.728   C9  178 X    0
  2nd closest surface    21.728   C11 178 X    0
  found on step  999
  this is also current point
  no. of rejections          152
 stored as   117

 highest radius point found:
  at point    0.025   0.145  23.601
  closest atom surface   21.926   C9  178 X    0
  2nd closest surface    21.927   C29 178 X    0
  found on step    1
 current point:
  at point    0.031   0.173  23.601
  closest atom surface   21.924   C11 178 X    0
  2nd closest surface    21.925   C19 178 X    0
  found on step  999
  no. of rejections          108
 stored as   118

 highest radius point found:
  at point    0.016   0.158  23.801
  closest atom surface   22.125   C11 178 X    0
  2nd closest surface    22.125   C19 178 X    0
  found on step  963
  this is also current point
  no. of rejections          130
 This is an end! (radius above  22.0 angs)
 highest radius point found:
  at point    0.001  -0.001  -0.199
  closest atom surface    0.782   H6  178 X    0
  2nd closest surface     0.783   H2  178 X    0
  found on step  995
  this is also current point
  no. of rejections          410
 stored as    -1

 highest radius point found:
  at point    0.000  -0.006  -0.399
  closest atom surface    0.810   H6  178 X    0
  2nd closest surface     0.811   H2  178 X    0
  found on step  768
 current point:
  at point   -0.002  -0.005  -0.399
  closest atom surface    0.809   H12 178 X    0
  2nd closest surface     0.811   H6  178 X    0
  found on step  921
  no. of rejections          394
 stored as    -2

 highest radius point found:
  at point   -0.001  -0.012  -0.599
  closest atom surface    0.859   H6  178 X    0
  2nd closest surface     0.861   H2  178 X    0
  found on step  963
  this is also current point
  no. of rejections          410
 stored as    -3

 highest radius point found:
  at point   -0.004  -0.017  -0.799
  closest atom surface    0.928   H12 178 X    0
  2nd closest surface     0.929   H6  178 X    0
  found on step  967
  this is also current point
  no. of rejections          379
 stored as    -4

 highest radius point found:
  at point   -0.004  -0.018  -0.999
  closest atom surface    1.013   H6  178 X    0
  2nd closest surface     1.014   H12 178 X    0
  found on step  995
  this is also current point
  no. of rejections          402
 stored as    -5

 highest radius point found:
  at point   -0.005  -0.029  -1.199
  closest atom surface    1.117   H2  178 X    0
  2nd closest surface     1.117   H12 178 X    0
  found on step  951
  this is also current point
  no. of rejections          371
 stored as    -6

 highest radius point found:
  at point   -0.007  -0.029  -1.399
  closest atom surface    1.230   H12 178 X    0
  2nd closest surface     1.231   H6  178 X    0
  found on step  987
  this is also current point
  no. of rejections          371
 stored as    -7

 highest radius point found:
  at point   -0.007  -0.039  -1.599
  closest atom surface    1.359   H12 178 X    0
  2nd closest surface     1.359   H2  178 X    0
  found on step  932
  this is also current point
  no. of rejections          348
 stored as    -8

 highest radius point found:
  at point   -0.011  -0.028  -1.799
  closest atom surface    1.489   H12 178 X    0
  2nd closest surface     1.489   H6  178 X    0
  found on step  665
 current point:
  at point   -0.012  -0.024  -1.799
  closest atom surface    1.488   H12 178 X    0
  2nd closest surface     1.488   H6  178 X    0
  found on step  997
  no. of rejections          375
 stored as    -9

 highest radius point found:
  at point   -0.013  -0.003  -1.999
  closest atom surface    1.621   H6  178 X    0
  2nd closest surface     1.621   C21 178 X    0
  found on step  985
  this is also current point
  no. of rejections          340
 stored as   -10

 highest radius point found:
  at point   -0.013  -0.003  -2.199
  closest atom surface    1.740   C3  178 X    0
  2nd closest surface     1.740   C21 178 X    0
  found on step    1
 current point:
  at point   -0.006  -0.003  -2.199
  closest atom surface    1.739   C3  178 X    0
  2nd closest surface     1.741   C19 178 X    0
  found on step  998
  no. of rejections          365
 stored as   -11

 highest radius point found:
  at point   -0.013  -0.003  -2.399
  closest atom surface    1.864   C3  178 X    0
  2nd closest surface     1.865   C19 178 X    0
  found on step    1
 current point:
  at point    0.004  -0.000  -2.399
  closest atom surface    1.864   C3  178 X    0
  2nd closest surface     1.865   C19 178 X    0
  found on step  980
  no. of rejections          352
 stored as   -12

 highest radius point found:
  at point    0.004  -0.000  -2.599
  closest atom surface    1.996   C19 178 X    0
  2nd closest surface     1.996   C3  178 X    0
  found on step  947
  this is also current point
  no. of rejections          343
 stored as   -13

 highest radius point found:
  at point    0.004  -0.000  -2.799
  closest atom surface    2.133   C19 178 X    0
  2nd closest surface     2.133   C3  178 X    0
  found on step    1
 current point:
  at point   -0.014  -0.004  -2.799
  closest atom surface    2.132   C3  178 X    0
  2nd closest surface     2.133   C19 178 X    0
  found on step  978
  no. of rejections          365
 stored as   -14

 highest radius point found:
  at point   -0.014  -0.003  -2.999
  closest atom surface    2.275   C19 178 X    0
  2nd closest surface     2.275   C3  178 X    0
  found on step  609
 current point:
  at point   -0.018  -0.004  -2.999
  closest atom surface    2.274   C21 178 X    0
  2nd closest surface     2.275   C19 178 X    0
  found on step  992
  no. of rejections          341
 stored as   -15

 highest radius point found:
  at point   -0.014  -0.003  -3.199
  closest atom surface    2.421   C19 178 X    0
  2nd closest surface     2.422   C3  178 X    0
  found on step    1
 current point:
  at point    0.011   0.001  -3.199
  closest atom surface    2.420   C11 178 X    0
  2nd closest surface     2.421   C19 178 X    0
  found on step  893
  no. of rejections          324
 stored as   -16

 highest radius point found:
  at point   -0.014  -0.003  -3.399
  closest atom surface    2.572   C19 178 X    0
  2nd closest surface     2.573   C3  178 X    0
  found on step    1
 current point:
  at point   -0.009  -0.003  -3.399
  closest atom surface    2.572   C19 178 X    0
  2nd closest surface     2.572   C3  178 X    0
  found on step  946
  no. of rejections          346
 stored as   -17

 highest radius point found:
  at point    0.006  -0.000  -3.599
  closest atom surface    2.727   C3  178 X    0
  2nd closest surface     2.727   C19 178 X    0
  found on step  927
  this is also current point
  no. of rejections          300
 stored as   -18

 highest radius point found:
  at point   -0.015  -0.004  -3.799
  closest atom surface    2.885   C19 178 X    0
  2nd closest surface     2.885   C3  178 X    0
  found on step  949
  this is also current point
  no. of rejections          346
 stored as   -19

 highest radius point found:
  at point   -0.015  -0.004  -3.999
  closest atom surface    3.046   C19 178 X    0
  2nd closest surface     3.046   C3  178 X    0
  found on step    1
 current point:
  at point    0.005  -0.001  -3.999
  closest atom surface    3.046   C19 178 X    0
  2nd closest surface     3.046   C3  178 X    0
  found on step  968
  no. of rejections          315
 stored as   -20

 highest radius point found:
  at point    0.001  -0.001  -4.199
  closest atom surface    3.210   C19 178 X    0
  2nd closest surface     3.210   C3  178 X    0
  found on step  903
  this is also current point
  no. of rejections          299
 stored as   -21

 highest radius point found:
  at point    0.001  -0.001  -4.399
  closest atom surface    3.376   C19 178 X    0
  2nd closest surface     3.376   C3  178 X    0
  found on step    1
 current point:
  at point   -0.016  -0.005  -4.399
  closest atom surface    3.376   C3  178 X    0
  2nd closest surface     3.376   C19 178 X    0
  found on step  979
  no. of rejections          308
 stored as   -22

 highest radius point found:
  at point   -0.019  -0.005  -4.599
  closest atom surface    3.545   C19 178 X    0
  2nd closest surface     3.545   C3  178 X    0
  found on step  879
  this is also current point
  no. of rejections          310
 stored as   -23

 highest radius point found:
  at point   -0.019  -0.005  -4.799
  closest atom surface    3.716   C19 178 X    0
  2nd closest surface     3.716   C3  178 X    0
  found on step    1
 current point:
  at point    0.004  -0.003  -4.799
  closest atom surface    3.715   C3  178 X    0
  2nd closest surface     3.716   C19 178 X    0
  found on step  938
  no. of rejections          291
 stored as   -24

 highest radius point found:
  at point   -0.019  -0.005  -4.999
  closest atom surface    3.888   C19 178 X    0
  2nd closest surface     3.889   C3  178 X    0
  found on step    1
 current point:
  at point   -0.010  -0.005  -4.999
  closest atom surface    3.888   C3  178 X    0
  2nd closest surface     3.889   C19 178 X    0
  found on step  973
  no. of rejections          263
 stored as   -25

 highest radius point found:
  at point   -0.019  -0.005  -5.199
  closest atom surface    4.063   C19 178 X    0
  2nd closest surface     4.063   C3  178 X    0
  found on step    1
 current point:
  at point    0.002  -0.003  -5.199
  closest atom surface    4.062   C3  178 X    0
  2nd closest surface     4.063   C19 178 X    0
  found on step  993
  no. of rejections          281
 stored as   -26

 highest radius point found:
  at point   -0.019  -0.005  -5.399
  closest atom surface    4.238   C19 178 X    0
  2nd closest surface     4.239   C3  178 X    0
  found on step    1
 current point:
  at point    0.006  -0.002  -5.399
  closest atom surface    4.238   C3  178 X    0
  2nd closest surface     4.239   C19 178 X    0
  found on step  974
  no. of rejections          294
 stored as   -27

 highest radius point found:
  at point   -0.019  -0.005  -5.599
  closest atom surface    4.416   C19 178 X    0
  2nd closest surface     4.416   C3  178 X    0
  found on step    1
 current point:
  at point   -0.017  -0.005  -5.599
  closest atom surface    4.416   C19 178 X    0
  2nd closest surface     4.416   C3  178 X    0
  found on step  989
  no. of rejections          283
 stored as   -28

 highest radius point found:
  at point   -0.014  -0.005  -5.799
  closest atom surface    4.595   C3  178 X    0
  2nd closest surface     4.595   C19 178 X    0
  found on step   34
 current point:
  at point   -0.012  -0.005  -5.799
  closest atom surface    4.595   C3  178 X    0
  2nd closest surface     4.595   C19 178 X    0
  found on step  893
  no. of rejections          274
 stored as   -29

 highest radius point found:
  at point   -0.014  -0.005  -5.999
  closest atom surface    4.775   C19 178 X    0
  2nd closest surface     4.775   C3  178 X    0
  found on step    1
 current point:
  at point   -0.010  -0.006  -5.999
  closest atom surface    4.774   C3  178 X    0
  2nd closest surface     4.775   C19 178 X    0
  found on step  911
  no. of rejections          261
 stored as   -30

 highest radius point found:
  at point   -0.024  -0.007  -6.199
  closest atom surface    4.956   C3  178 X    0
  2nd closest surface     4.956   C19 178 X    0
  found on step  994
  this is also current point
  no. of rejections          260
 stored as   -31

 highest radius point found:
  at point   -0.027  -0.008  -6.399
  closest atom surface    5.138   C19 178 X    0
  2nd closest surface     5.138   C3  178 X    0
  found on step  807
 current point:
  at point   -0.019  -0.007  -6.399
  closest atom surface    5.138   C3  178 X    0
  2nd closest surface     5.138   C19 178 X    0
  found on step  942
  no. of rejections          261
 stored as   -32

 highest radius point found:
  at point   -0.027  -0.008  -6.599
  closest atom surface    5.321   C19 178 X    0
  2nd closest surface     5.321   C3  178 X    0
  found on step    1
 current point:
  at point   -0.009  -0.004  -6.599
  closest atom surface    5.321   C19 178 X    0
  2nd closest surface     5.321   C3  178 X    0
  found on step  900
  no. of rejections          253
 stored as   -33

 highest radius point found:
  at point   -0.027  -0.008  -6.799
  closest atom surface    5.505   C19 178 X    0
  2nd closest surface     5.505   C3  178 X    0
  found on step    1
 current point:
  at point   -0.008  -0.004  -6.799
  closest atom surface    5.505   C19 178 X    0
  2nd closest surface     5.505   C3  178 X    0
  found on step  946
  no. of rejections          257
 stored as   -34

 highest radius point found:
  at point   -0.027  -0.008  -6.999
  closest atom surface    5.689   C19 178 X    0
  2nd closest surface     5.690   C3  178 X    0
  found on step    1
 current point:
  at point   -0.014  -0.006  -6.999
  closest atom surface    5.689   C3  178 X    0
  2nd closest surface     5.690   C19 178 X    0
  found on step  958
  no. of rejections          254
 stored as   -35

 highest radius point found:
  at point   -0.027  -0.008  -7.199
  closest atom surface    5.875   C19 178 X    0
  2nd closest surface     5.875   C3  178 X    0
  found on step    1
 current point:
  at point   -0.001  -0.003  -7.199
  closest atom surface    5.875   C19 178 X    0
  2nd closest surface     5.875   C3  178 X    0
  found on step  900
  no. of rejections          269
 stored as   -36

 highest radius point found:
  at point   -0.027  -0.008  -7.399
  closest atom surface    6.061   C19 178 X    0
  2nd closest surface     6.061   C3  178 X    0
  found on step    1
 current point:
  at point   -0.014  -0.006  -7.399
  closest atom surface    6.061   C3  178 X    0
  2nd closest surface     6.061   C19 178 X    0
  found on step  922
  no. of rejections          238
 stored as   -37

 highest radius point found:
  at point   -0.028  -0.009  -7.599
  closest atom surface    6.248   C3  178 X    0
  2nd closest surface     6.248   C19 178 X    0
  found on step  979
  this is also current point
  no. of rejections          233
 stored as   -38

 highest radius point found:
  at point   -0.037  -0.010  -7.799
  closest atom surface    6.436   C19 178 X    0
  2nd closest surface     6.436   C3  178 X    0
  found on step  995
  this is also current point
  no. of rejections          242
 stored as   -39

 highest radius point found:
  at point   -0.037  -0.010  -7.999
  closest atom surface    6.624   C19 178 X    0
  2nd closest surface     6.624   C3  178 X    0
  found on step    1
 current point:
  at point    0.007  -0.001  -7.999
  closest atom surface    6.623   C19 178 X    0
  2nd closest surface     6.624   C3  178 X    0
  found on step  923
  no. of rejections          241
 stored as   -40

 highest radius point found:
  at point   -0.039  -0.011  -8.199
  closest atom surface    6.812   C3  178 X    0
  2nd closest surface     6.812   C19 178 X    0
  found on step  992
  this is also current point
  no. of rejections          219
 stored as   -41

 highest radius point found:
  at point   -0.039  -0.011  -8.399
  closest atom surface    7.001   C3  178 X    0
  2nd closest surface     7.001   C19 178 X    0
  found on step    1
 current point:
  at point   -0.013  -0.006  -8.399
  closest atom surface    7.001   C3  178 X    0
  2nd closest surface     7.001   C19 178 X    0
  found on step  980
  no. of rejections          232
 stored as   -42

 highest radius point found:
  at point   -0.039  -0.011  -8.599
  closest atom surface    7.191   C19 178 X    0
  2nd closest surface     7.191   C3  178 X    0
  found on step    1
 current point:
  at point   -0.033  -0.010  -8.599
  closest atom surface    7.191   C3  178 X    0
  2nd closest surface     7.191   C19 178 X    0
  found on step  974
  no. of rejections          230
 stored as   -43

 highest radius point found:
  at point   -0.039  -0.011  -8.799
  closest atom surface    7.381   C19 178 X    0
  2nd closest surface     7.381   C3  178 X    0
  found on step    1
 current point:
  at point   -0.020  -0.008  -8.799
  closest atom surface    7.381   C19 178 X    0
  2nd closest surface     7.381   C3  178 X    0
  found on step  955
  no. of rejections          239
 stored as   -44

 highest radius point found:
  at point   -0.039  -0.011  -8.999
  closest atom surface    7.571   C19 178 X    0
  2nd closest surface     7.571   C3  178 X    0
  found on step    1
 current point:
  at point   -0.036  -0.011  -8.999
  closest atom surface    7.571   C19 178 X    0
  2nd closest surface     7.571   C3  178 X    0
  found on step  985
  no. of rejections          230
 stored as   -45

 highest radius point found:
  at point   -0.039  -0.011  -9.199
  closest atom surface    7.762   C3  178 X    0
  2nd closest surface     7.762   C19 178 X    0
  found on step  925
  this is also current point
  no. of rejections          218
 stored as   -46

 highest radius point found:
  at point   -0.039  -0.011  -9.399
  closest atom surface    7.953   C3  178 X    0
  2nd closest surface     7.953   C19 178 X    0
  found on step    1
 current point:
  at point   -0.054  -0.106  -9.399
  closest atom surface    7.928   C3  178 X    0
  2nd closest surface     7.952   C29 178 X    0
  found on step 1000
  no. of rejections          131
 stored as   -47

 highest radius point found:
  at point   -0.039  -0.011  -9.599
  closest atom surface    8.145   C19 178 X    0
  2nd closest surface     8.145   C3  178 X    0
  found on step    1
 current point:
  at point    0.018  -0.002  -9.599
  closest atom surface    8.144   C3  178 X    0
  2nd closest surface     8.145   C19 178 X    0
  found on step  980
  no. of rejections          197
 stored as   -48

 highest radius point found:
  at point   -0.039  -0.011  -9.799
  closest atom surface    8.337   C19 178 X    0
  2nd closest surface     8.337   C3  178 X    0
  found on step    1
 current point:
  at point   -0.042  -0.012  -9.799
  closest atom surface    8.336   C19 178 X    0
  2nd closest surface     8.337   C3  178 X    0
  found on step  961
  no. of rejections          232
 stored as   -49

 highest radius point found:
  at point   -0.039  -0.011  -9.999
  closest atom surface    8.529   C19 178 X    0
  2nd closest surface     8.529   C3  178 X    0
  found on step    1
 current point:
  at point   -0.020  -0.007  -9.999
  closest atom surface    8.528   C19 178 X    0
  2nd closest surface     8.529   C3  178 X    0
  found on step  956
  no. of rejections          227
 stored as   -50

 highest radius point found:
  at point   -0.039  -0.011 -10.199
  closest atom surface    8.721   C19 178 X    0
  2nd closest surface     8.721   C3  178 X    0
  found on step    1
 current point:
  at point   -0.017  -0.008 -10.199
  closest atom surface    8.721   C19 178 X    0
  2nd closest surface     8.721   C3  178 X    0
  found on step  984
  no. of rejections          223
 stored as   -51

 highest radius point found:
  at point   -0.039  -0.011 -10.399
  closest atom surface    8.914   C19 178 X    0
  2nd closest surface     8.914   C3  178 X    0
  found on step    1
 current point:
  at point    0.015  -0.003 -10.399
  closest atom surface    8.914   C3  178 X    0
  2nd closest surface     8.914   C19 178 X    0
  found on step  993
  no. of rejections          220
 stored as   -52

 highest radius point found:
  at point   -0.039  -0.011 -10.599
  closest atom surface    9.107   C19 178 X    0
  2nd closest surface     9.107   C3  178 X    0
  found on step    1
 current point:
  at point   -0.006  -0.006 -10.599
  closest atom surface    9.107   C19 178 X    0
  2nd closest surface     9.107   C3  178 X    0
  found on step  983
  no. of rejections          185
 stored as   -53

 highest radius point found:
  at point   -0.044  -0.013 -10.799
  closest atom surface    9.300   C19 178 X    0
  2nd closest surface     9.300   C3  178 X    0
  found on step  968
  this is also current point
  no. of rejections          217
 stored as   -54

 highest radius point found:
  at point   -0.044  -0.013 -10.999
  closest atom surface    9.493   C19 178 X    0
  2nd closest surface     9.494   C3  178 X    0
  found on step    1
 current point:
  at point    0.018  -0.002 -10.999
  closest atom surface    9.493   C3  178 X    0
  2nd closest surface     9.493   C19 178 X    0
  found on step  975
  no. of rejections          211
 stored as   -55

 highest radius point found:
  at point   -0.035  -0.011 -11.199
  closest atom surface    9.687   C19 178 X    0
  2nd closest surface     9.687   C3  178 X    0
  found on step  430
 current point:
  at point    0.006  -0.004 -11.199
  closest atom surface    9.687   C19 178 X    0
  2nd closest surface     9.687   C3  178 X    0
  found on step  994
  no. of rejections          216
 stored as   -56

 highest radius point found:
  at point   -0.056  -0.015 -11.399
  closest atom surface    9.881   C19 178 X    0
  2nd closest surface     9.881   C3  178 X    0
  found on step  904
  this is also current point
  no. of rejections          221
 stored as   -57

 highest radius point found:
  at point   -0.056  -0.015 -11.599
  closest atom surface   10.075   C19 178 X    0
  2nd closest surface    10.075   C3  178 X    0
  found on step    1
 current point:
  at point   -0.057  -0.018 -11.599
  closest atom surface   10.075   C3  178 X    0
  2nd closest surface    10.075   C21 178 X    0
  found on step  964
  no. of rejections          203
 stored as   -58

 highest radius point found:
  at point   -0.056  -0.015 -11.799
  closest atom surface   10.270   C19 178 X    0
  2nd closest surface    10.270   C3  178 X    0
  found on step    1
 current point:
  at point   -0.003  -0.006 -11.799
  closest atom surface   10.269   C19 178 X    0
  2nd closest surface    10.269   C3  178 X    0
  found on step  953
  no. of rejections          193
 stored as   -59

 highest radius point found:
  at point   -0.056  -0.015 -11.999
  closest atom surface   10.464   C19 178 X    0
  2nd closest surface    10.464   C3  178 X    0
  found on step    1
 current point:
  at point   -0.060  -0.017 -11.999
  closest atom surface   10.464   C21 178 X    0
  2nd closest surface    10.464   C3  178 X    0
  found on step  962
  no. of rejections          191
 stored as   -60

 highest radius point found:
  at point   -0.056  -0.015 -12.199
  closest atom surface   10.659   C19 178 X    0
  2nd closest surface    10.659   C3  178 X    0
  found on step    1
 current point:
  at point   -0.030  -0.010 -12.199
  closest atom surface   10.658   C19 178 X    0
  2nd closest surface    10.659   C3  178 X    0
  found on step  963
  no. of rejections          194
 stored as   -61

 highest radius point found:
  at point   -0.056  -0.015 -12.399
  closest atom surface   10.853   C19 178 X    0
  2nd closest surface    10.854   C3  178 X    0
  found on step    1
 current point:
  at point   -0.037  -0.013 -12.399
  closest atom surface   10.853   C19 178 X    0
  2nd closest surface    10.853   C3  178 X    0
  found on step  986
  no. of rejections          176
 stored as   -62

 highest radius point found:
  at point   -0.056  -0.015 -12.599
  closest atom surface   11.048   C19 178 X    0
  2nd closest surface    11.049   C3  178 X    0
  found on step    1
 current point:
  at point    0.005  -0.005 -12.599
  closest atom surface   11.048   C3  178 X    0
  2nd closest surface    11.048   C19 178 X    0
  found on step  920
  no. of rejections          155
 stored as   -63

 highest radius point found:
  at point   -0.035  -0.013 -12.799
  closest atom surface   11.243   C19 178 X    0
  2nd closest surface    11.243   C3  178 X    0
  found on step  816
 current point:
  at point   -0.009  -0.008 -12.799
  closest atom surface   11.243   C3  178 X    0
  2nd closest surface    11.243   C19 178 X    0
  found on step  963
  no. of rejections          198
 stored as   -64

 highest radius point found:
  at point   -0.035  -0.013 -12.999
  closest atom surface   11.439   C19 178 X    0
  2nd closest surface    11.439   C3  178 X    0
  found on step    1
 current point:
  at point   -0.026  -0.011 -12.999
  closest atom surface   11.439   C3  178 X    0
  2nd closest surface    11.439   C19 178 X    0
  found on step  952
  no. of rejections          197
 stored as   -65

 highest radius point found:
  at point   -0.035  -0.013 -13.199
  closest atom surface   11.634   C19 178 X    0
  2nd closest surface    11.634   C3  178 X    0
  found on step    1
 current point:
  at point    0.012  -0.004 -13.199
  closest atom surface   11.634   C19 178 X    0
  2nd closest surface    11.634   C3  178 X    0
  found on step  993
  no. of rejections          203
 stored as   -66

 highest radius point found:
  at point   -0.035  -0.013 -13.399
  closest atom surface   11.830   C19 178 X    0
  2nd closest surface    11.830   C3  178 X    0
  found on step    1
 current point:
  at point   -0.071  -0.016 -13.399
  closest atom surface   11.829   C21 178 X    0
  2nd closest surface    11.829   C19 178 X    0
  found on step  966
  no. of rejections          159
 stored as   -67

 highest radius point found:
  at point   -0.035  -0.013 -13.599
  closest atom surface   12.025   C19 178 X    0
  2nd closest surface    12.025   C3  178 X    0
  found on step    1
 current point:
  at point    0.007  -0.008 -13.599
  closest atom surface   12.025   C3  178 X    0
  2nd closest surface    12.026   C19 178 X    0
  found on step  998
  no. of rejections          120
 stored as   -68

 highest radius point found:
  at point   -0.049  -0.016 -13.799
  closest atom surface   12.221   C3  178 X    0
  2nd closest surface    12.221   C19 178 X    0
  found on step  959
  this is also current point
  no. of rejections          189
 stored as   -69

 highest radius point found:
  at point   -0.049  -0.016 -13.999
  closest atom surface   12.417   C3  178 X    0
  2nd closest surface    12.417   C19 178 X    0
  found on step    1
 current point:
  at point   -0.023  -0.011 -13.999
  closest atom surface   12.417   C3  178 X    0
  2nd closest surface    12.417   C19 178 X    0
  found on step  976
  no. of rejections          205
 stored as   -70

 highest radius point found:
  at point   -0.049  -0.016 -14.199
  closest atom surface   12.613   C3  178 X    0
  2nd closest surface    12.613   C19 178 X    0
  found on step    1
 current point:
  at point   -0.042  -0.015 -14.199
  closest atom surface   12.613   C3  178 X    0
  2nd closest surface    12.613   C19 178 X    0
  found on step  942
  no. of rejections          142
 stored as   -71

 highest radius point found:
  at point   -0.049  -0.016 -14.399
  closest atom surface   12.809   C3  178 X    0
  2nd closest surface    12.809   C19 178 X    0
  found on step    1
 current point:
  at point   -0.069  -0.018 -14.399
  closest atom surface   12.809   C19 178 X    0
  2nd closest surface    12.809   C21 178 X    0
  found on step  963
  no. of rejections          162
 stored as   -72

 highest radius point found:
  at point   -0.049  -0.016 -14.599
  closest atom surface   13.005   C19 178 X    0
  2nd closest surface    13.005   C3  178 X    0
  found on step    1
 current point:
  at point   -0.048  -0.016 -14.599
  closest atom surface   13.005   C3  178 X    0
  2nd closest surface    13.005   C19 178 X    0
  found on step  921
  no. of rejections          181
 stored as   -73

 highest radius point found:
  at point   -0.049  -0.016 -14.799
  closest atom surface   13.202   C19 178 X    0
  2nd closest surface    13.202   C3  178 X    0
  found on step    1
 current point:
  at point    0.027  -0.002 -14.799
  closest atom surface   13.202   C19 178 X    0
  2nd closest surface    13.202   C3  178 X    0
  found on step  929
  no. of rejections          144
 stored as   -74

 highest radius point found:
  at point   -0.058  -0.018 -14.999
  closest atom surface   13.398   C3  178 X    0
  2nd closest surface    13.398   C19 178 X    0
  found on step  151
 current point:
  at point   -0.035  -0.014 -14.999
  closest atom surface   13.398   C3  178 X    0
  2nd closest surface    13.398   C19 178 X    0
  found on step  995
  no. of rejections          191
 stored as   -75

 highest radius point found:
  at point   -0.058  -0.018 -15.199
  closest atom surface   13.595   C3  178 X    0
  2nd closest surface    13.595   C19 178 X    0
  found on step    1
 current point:
  at point   -0.022  -0.011 -15.199
  closest atom surface   13.595   C19 178 X    0
  2nd closest surface    13.595   C3  178 X    0
  found on step  933
  no. of rejections          185
 stored as   -76

 highest radius point found:
  at point   -0.058  -0.018 -15.399
  closest atom surface   13.791   C3  178 X    0
  2nd closest surface    13.791   C19 178 X    0
  found on step    1
 current point:
  at point   -0.045  -0.015 -15.399
  closest atom surface   13.791   C19 178 X    0
  2nd closest surface    13.791   C3  178 X    0
  found on step  953
  no. of rejections          191
 stored as   -77

 highest radius point found:
  at point   -0.058  -0.018 -15.599
  closest atom surface   13.988   C3  178 X    0
  2nd closest surface    13.988   C19 178 X    0
  found on step    1
 current point:
  at point   -0.052  -0.017 -15.599
  closest atom surface   13.988   C19 178 X    0
  2nd closest surface    13.988   C3  178 X    0
  found on step  978
  no. of rejections          171
 stored as   -78

 highest radius point found:
  at point   -0.058  -0.018 -15.799
  closest atom surface   14.185   C19 178 X    0
  2nd closest surface    14.185   C3  178 X    0
  found on step    1
 current point:
  at point   -0.028  -0.013 -15.799
  closest atom surface   14.185   C3  178 X    0
  2nd closest surface    14.185   C19 178 X    0
  found on step  995
  no. of rejections          184
 stored as   -79

 highest radius point found:
  at point   -0.058  -0.018 -15.999
  closest atom surface   14.382   C19 178 X    0
  2nd closest surface    14.382   C3  178 X    0
  found on step    1
 current point:
  at point   -0.056  -0.018 -15.999
  closest atom surface   14.382   C19 178 X    0
  2nd closest surface    14.382   C3  178 X    0
  found on step  995
  no. of rejections          193
 stored as   -80

 highest radius point found:
  at point   -0.058  -0.018 -16.199
  closest atom surface   14.579   C19 178 X    0
  2nd closest surface    14.579   C3  178 X    0
  found on step    1
 current point:
  at point   -0.074  -0.021 -16.199
  closest atom surface   14.579   C19 178 X    0
  2nd closest surface    14.579   C3  178 X    0
  found on step  972
  no. of rejections          192
 stored as   -81

 highest radius point found:
  at point   -0.067  -0.020 -16.399
  closest atom surface   14.776   C19 178 X    0
  2nd closest surface    14.776   C3  178 X    0
  found on step  993
  this is also current point
  no. of rejections          181
 stored as   -82

 highest radius point found:
  at point   -0.073  -0.022 -16.599
  closest atom surface   14.973   C3  178 X    0
  2nd closest surface    14.973   C19 178 X    0
  found on step  919
  this is also current point
  no. of rejections          179
 stored as   -83

 highest radius point found:
  at point   -0.073  -0.022 -16.799
  closest atom surface   15.170   C19 178 X    0
  2nd closest surface    15.170   C3  178 X    0
  found on step    1
 current point:
  at point   -0.010  -0.011 -16.799
  closest atom surface   15.169   C3  178 X    0
  2nd closest surface    15.170   C19 178 X    0
  found on step  970
  no. of rejections          135
 stored as   -84

 highest radius point found:
  at point   -0.073  -0.022 -16.999
  closest atom surface   15.367   C19 178 X    0
  2nd closest surface    15.367   C3  178 X    0
  found on step    1
 current point:
  at point   -0.022  -0.012 -16.999
  closest atom surface   15.367   C3  178 X    0
  2nd closest surface    15.367   C19 178 X    0
  found on step  989
  no. of rejections          190
 stored as   -85

 highest radius point found:
  at point   -0.073  -0.022 -17.199
  closest atom surface   15.564   C19 178 X    0
  2nd closest surface    15.564   C3  178 X    0
  found on step    1
 current point:
  at point    0.024  -0.004 -17.199
  closest atom surface   15.564   C3  178 X    0
  2nd closest surface    15.564   C19 178 X    0
  found on step  969
  no. of rejections          177
 stored as   -86

 highest radius point found:
  at point   -0.084  -0.024 -17.399
  closest atom surface   15.762   C3  178 X    0
  2nd closest surface    15.762   C21 178 X    0
  found on step  922
  this is also current point
  no. of rejections          145
 stored as   -87

 highest radius point found:
  at point   -0.084  -0.024 -17.599
  closest atom surface   15.959   C3  178 X    0
  2nd closest surface    15.959   C19 178 X    0
  found on step    1
 current point:
  at point   -0.054  -0.018 -17.599
  closest atom surface   15.959   C19 178 X    0
  2nd closest surface    15.959   C3  178 X    0
  found on step  963
  no. of rejections          160
 stored as   -88

 highest radius point found:
  at point   -0.084  -0.024 -17.799
  closest atom surface   16.156   C3  178 X    0
  2nd closest surface    16.157   C19 178 X    0
  found on step    1
 current point:
  at point   -0.074  -0.023 -17.799
  closest atom surface   16.156   C3  178 X    0
  2nd closest surface    16.157   C19 178 X    0
  found on step  907
  no. of rejections          181
 stored as   -89

 highest radius point found:
  at point   -0.084  -0.024 -17.999
  closest atom surface   16.354   C3  178 X    0
  2nd closest surface    16.354   C19 178 X    0
  found on step    1
 current point:
  at point    0.017  -0.006 -17.999
  closest atom surface   16.354   C3  178 X    0
  2nd closest surface    16.354   C19 178 X    0
  found on step  907
  no. of rejections          171
 stored as   -90

 highest radius point found:
  at point   -0.084  -0.024 -18.199
  closest atom surface   16.552   C3  178 X    0
  2nd closest surface    16.552   C19 178 X    0
  found on step    1
 current point:
  at point   -0.025  -0.014 -18.199
  closest atom surface   16.551   C3  178 X    0
  2nd closest surface    16.551   C19 178 X    0
  found on step  989
  no. of rejections          169
 stored as   -91

 highest radius point found:
  at point   -0.084  -0.024 -18.399
  closest atom surface   16.749   C19 178 X    0
  2nd closest surface    16.749   C3  178 X    0
  found on step    1
 current point:
  at point   -0.071  -0.022 -18.399
  closest atom surface   16.749   C3  178 X    0
  2nd closest surface    16.749   C19 178 X    0
  found on step  965
  no. of rejections          181
 stored as   -92

 highest radius point found:
  at point   -0.084  -0.024 -18.599
  closest atom surface   16.947   C19 178 X    0
  2nd closest surface    16.947   C3  178 X    0
  found on step    1
 current point:
  at point    0.036  -0.001 -18.599
  closest atom surface   16.946   C19 178 X    0
  2nd closest surface    16.947   C11 178 X    0
  found on step  973
  no. of rejections          146
 stored as   -93

 highest radius point found:
  at point   -0.084  -0.024 -18.799
  closest atom surface   17.144   C19 178 X    0
  2nd closest surface    17.145   C3  178 X    0
  found on step    1
 current point:
  at point   -0.034  -0.014 -18.799
  closest atom surface   17.144   C19 178 X    0
  2nd closest surface    17.145   C3  178 X    0
  found on step  966
  no. of rejections          139
 stored as   -94

 highest radius point found:
  at point   -0.084  -0.024 -18.999
  closest atom surface   17.342   C19 178 X    0
  2nd closest surface    17.342   C3  178 X    0
  found on step    1
 current point:
  at point   -0.006  -0.012 -18.999
  closest atom surface   17.342   C3  178 X    0
  2nd closest surface    17.342   C19 178 X    0
  found on step  952
  no. of rejections          172
 stored as   -95

 highest radius point found:
  at point   -0.084  -0.024 -19.199
  closest atom surface   17.540   C19 178 X    0
  2nd closest surface    17.540   C3  178 X    0
  found on step    1
 current point:
  at point   -0.078  -0.024 -19.199
  closest atom surface   17.540   C3  178 X    0
  2nd closest surface    17.540   C19 178 X    0
  found on step  934
  no. of rejections          156
 stored as   -96

 highest radius point found:
  at point   -0.084  -0.024 -19.399
  closest atom surface   17.738   C19 178 X    0
  2nd closest surface    17.738   C3  178 X    0
  found on step    1
 current point:
  at point   -0.059  -0.022 -19.399
  closest atom surface   17.738   C3  178 X    0
  2nd closest surface    17.738   C19 178 X    0
  found on step  988
  no. of rejections          158
 stored as   -97

 highest radius point found:
  at point   -0.083  -0.025 -19.599
  closest atom surface   17.936   C19 178 X    0
  2nd closest surface    17.936   C3  178 X    0
  found on step  995
  this is also current point
  no. of rejections          157
 stored as   -98

 highest radius point found:
  at point   -0.087  -0.025 -19.799
  closest atom surface   18.134   C19 178 X    0
  2nd closest surface    18.134   C3  178 X    0
  found on step  990
  this is also current point
  no. of rejections          138
 stored as   -99

 highest radius point found:
  at point   -0.087  -0.025 -19.999
  closest atom surface   18.332   C19 178 X    0
  2nd closest surface    18.332   C3  178 X    0
  found on step    1
 current point:
  at point   -0.074  -0.021 -19.999
  closest atom surface   18.331   C19 178 X    0
  2nd closest surface    18.332   C3  178 X    0
  found on step  955
  no. of rejections          178
 stored as  -100

 highest radius point found:
  at point   -0.099  -0.029 -20.199
  closest atom surface   18.530   C3  178 X    0
  2nd closest surface    18.530   C21 178 X    0
  found on step  939
  this is also current point
  no. of rejections          161
 stored as  -101

 highest radius point found:
  at point   -0.099  -0.029 -20.399
  closest atom surface   18.728   C3  178 X    0
  2nd closest surface    18.728   C21 178 X    0
  found on step    1
 current point:
  at point   -0.180  -0.090 -20.399
  closest atom surface   18.721   C21 178 X    0
  2nd closest surface    18.722   C3  178 X    0
  found on step  999
  no. of rejections          104
 stored as  -102

 highest radius point found:
  at point   -0.099  -0.029 -20.599
  closest atom surface   18.926   C3  178 X    0
  2nd closest surface    18.926   C19 178 X    0
  found on step    1
 current point:
  at point    0.045  -0.005 -20.599
  closest atom surface   18.925   C3  178 X    0
  2nd closest surface    18.925   C11 178 X    0
  found on step  979
  no. of rejections          157
 stored as  -103

 highest radius point found:
  at point   -0.099  -0.029 -20.799
  closest atom surface   19.124   C3  178 X    0
  2nd closest surface    19.124   C19 178 X    0
  found on step    1
 current point:
  at point    0.031  -0.005 -20.799
  closest atom surface   19.124   C19 178 X    0
  2nd closest surface    19.124   C3  178 X    0
  found on step  964
  no. of rejections          144
 stored as  -104

 highest radius point found:
  at point   -0.099  -0.029 -20.999
  closest atom surface   19.322   C3  178 X    0
  2nd closest surface    19.322   C19 178 X    0
  found on step    1
 current point:
  at point    0.036  -0.004 -20.999
  closest atom surface   19.322   C19 178 X    0
  2nd closest surface    19.322   C3  178 X    0
  found on step  915
  no. of rejections          158
 stored as  -105

 highest radius point found:
  at point   -0.099  -0.029 -21.199
  closest atom surface   19.520   C3  178 X    0
  2nd closest surface    19.520   C19 178 X    0
  found on step    1
 current point:
  at point   -0.096  -0.028 -21.199
  closest atom surface   19.520   C19 178 X    0
  2nd closest surface    19.520   C3  178 X    0
  found on step  933
  no. of rejections          141
 stored as  -106

 highest radius point found:
  at point   -0.099  -0.029 -21.399
  closest atom surface   19.719   C19 178 X    0
  2nd closest surface    19.719   C3  178 X    0
  found on step    1
 current point:
  at point   -0.058  -0.021 -21.399
  closest atom surface   19.718   C3  178 X    0
  2nd closest surface    19.718   C19 178 X    0
  found on step  952
  no. of rejections          168
 stored as  -107

 highest radius point found:
  at point   -0.099  -0.029 -21.599
  closest atom surface   19.917   C19 178 X    0
  2nd closest surface    19.917   C3  178 X    0
  found on step    1
 current point:
  at point    0.036  -0.005 -21.599
  closest atom surface   19.917   C3  178 X    0
  2nd closest surface    19.917   C19 178 X    0
  found on step  957
  no. of rejections          159
 stored as  -108

 highest radius point found:
  at point   -0.099  -0.029 -21.799
  closest atom surface   20.115   C19 178 X    0
  2nd closest surface    20.115   C3  178 X    0
  found on step    1
 current point:
  at point    0.019  -0.006 -21.799
  closest atom surface   20.115   C19 178 X    0
  2nd closest surface    20.115   C3  178 X    0
  found on step  980
  no. of rejections          148
 stored as  -109

 highest radius point found:
  at point   -0.099  -0.029 -21.999
  closest atom surface   20.313   C19 178 X    0
  2nd closest surface    20.314   C3  178 X    0
  found on step    1
 current point:
  at point   -0.092  -0.028 -21.999
  closest atom surface   20.313   C19 178 X    0
  2nd closest surface    20.313   C3  178 X    0
  found on step  988
  no. of rejections          120
 stored as  -110

 highest radius point found:
  at point   -0.099  -0.029 -22.199
  closest atom surface   20.512   C19 178 X    0
  2nd closest surface    20.512   C3  178 X    0
  found on step    1
 current point:
  at point    0.007  -0.010 -22.199
  closest atom surface   20.512   C3  178 X    0
  2nd closest surface    20.512   C19 178 X    0
  found on step  944
  no. of rejections          156
 stored as  -111

 highest radius point found:
  at point   -0.097  -0.029 -22.399
  closest atom surface   20.710   C3  178 X    0
  2nd closest surface    20.710   C19 178 X    0
  found on step  491
 current point:
  at point   -0.066  -0.023 -22.399
  closest atom surface   20.710   C19 178 X    0
  2nd closest surface    20.710   C3  178 X    0
  found on step  930
  no. of rejections          166
 stored as  -112

 highest radius point found:
  at point   -0.110  -0.032 -22.599
  closest atom surface   20.909   C21 178 X    0
  2nd closest surface    20.909   C3  178 X    0
  found on step  986
  this is also current point
  no. of rejections          160
 stored as  -113

 highest radius point found:
  at point   -0.110  -0.032 -22.799
  closest atom surface   21.107   C3  178 X    0
  2nd closest surface    21.107   C21 178 X    0
  found on step    1
 current point:
  at point   -0.036  -0.019 -22.799
  closest atom surface   21.107   C3  178 X    0
  2nd closest surface    21.107   C19 178 X    0
  found on step  981
  no. of rejections          159
 stored as  -114

 highest radius point found:
  at point   -0.110  -0.032 -22.999
  closest atom surface   21.306   C3  178 X    0
  2nd closest surface    21.306   C19 178 X    0
  found on step    1
 current point:
  at point   -0.061  -0.023 -22.999
  closest atom surface   21.305   C19 178 X    0
  2nd closest surface    21.305   C3  178 X    0
  found on step  983
  no. of rejections          159
 stored as  -115

 highest radius point found:
  at point   -0.110  -0.032 -23.199
  closest atom surface   21.504   C3  178 X    0
  2nd closest surface    21.504   C19 178 X    0
  found on step    1
 current point:
  at point   -0.089  -0.028 -23.199
  closest atom surface   21.504   C19 178 X    0
  2nd closest surface    21.504   C3  178 X    0
  found on step  965
  no. of rejections          160
 stored as  -116

 highest radius point found:
  at point   -0.110  -0.032 -23.399
  closest atom surface   21.703   C3  178 X    0
  2nd closest surface    21.703   C19 178 X    0
  found on step    1
 current point:
  at point   -0.031  -0.019 -23.399
  closest atom surface   21.702   C3  178 X    0
  2nd closest surface    21.702   C19 178 X    0
  found on step  913
  no. of rejections          147
 stored as  -117

 highest radius point found:
  at point   -0.110  -0.032 -23.599
  closest atom surface   21.901   C19 178 X    0
  2nd closest surface    21.901   C3  178 X    0
  found on step    1
 current point:
  at point   -0.115  -0.034 -23.599
  closest atom surface   21.901   C3  178 X    0
  2nd closest surface    21.901   C21 178 X    0
  found on step  906
  no. of rejections          155
 stored as  -118

 highest radius point found:
  at point   -0.110  -0.032 -23.799
  closest atom surface   22.100   C19 178 X    0
  2nd closest surface    22.100   C3  178 X    0
  found on step    1
 current point:
  at point   -0.078  -0.026 -23.799
  closest atom surface   22.099   C19 178 X    0
  2nd closest surface    22.100   C3  178 X    0
  found on step 1000
  no. of rejections          169
 This is an end! (radius above  22.0 angs)
 
 N.b. Graph information routine (HOGRAP) differs 
        markedly from previous versions!
       Information now is written from -ve end
       to +ve in one pass
 
 Explanation of the meaning of each column: 
 First column "cenxyz.cvec" is the coordinate in the
   direction of the channel vector i.e. if the channel
   vector is in z (0 0 1) then it is the z coordinate.
 The second column "radius" is the hole pore radius 
   (as defined in the Biophys J 1993) article).
 The third column "cen_line_D" is the distance 
   measured along the pore centre line - with the 
   first point found set to zero. This was the first
   thing that I used to measure the distance along a pore
   but "cenxyz.cvec" is a much better general measure. 
   However, by comparing changes in this distance to changes in '   "cenxyz.cvec" one can get a measure of how straight a 
   channel is.
 The fourth column "sum{s/(area)}" is useful in conductance
   prediction -
   basically it is the sum of the thickness of each slab
   divided by its area. HOLE uses this measure to estimate
   the macroscopic conductance of a channel.
 If any of this worries you one can see the "raw" results
   of a standard hole run by producing a sphpdb file and 
    directly looking at the results.
 cenxyz.cvec      radius  cen_line_D sum{s/(area point sourc
   -23.59924    21.90108   -23.61317     0.00007   (sampled)
   -23.49924    21.80181   -23.51317     0.00013 (mid-point)
   -23.39924    21.70255   -23.41317     0.00020   (sampled)
   -23.29924    21.60329   -23.31317     0.00027 (mid-point)
   -23.19924    21.50403   -23.21317     0.00034   (sampled)
   -23.09924    21.40478   -23.11317     0.00041 (mid-point)
   -22.99924    21.30553   -23.01317     0.00048   (sampled)
   -22.89924    21.20629   -22.91317     0.00055 (mid-point)
   -22.79924    21.10706   -22.81317     0.00062   (sampled)
   -22.69924    21.00783   -22.71317     0.00069 (mid-point)
   -22.59924    20.90859   -22.61317     0.00076   (sampled)
   -22.49924    20.80938   -22.51296     0.00084 (mid-point)
   -22.39924    20.71016   -22.41276     0.00091   (sampled)
   -22.29924    20.61098   -22.31276     0.00099 (mid-point)
   -22.19924    20.51176   -22.21276     0.00106   (sampled)
   -22.09924    20.41259   -22.11276     0.00114 (mid-point)
   -21.99924    20.31342   -22.01276     0.00122   (sampled)
   -21.89924    20.21427   -21.91276     0.00129 (mid-point)
   -21.79924    20.11512   -21.81276     0.00137   (sampled)
   -21.69924    20.01598   -21.71276     0.00145 (mid-point)
   -21.59924    19.91685   -21.61276     0.00153   (sampled)
   -21.49924    19.81772   -21.51276     0.00161 (mid-point)
   -21.39924    19.71860   -21.41276     0.00170   (sampled)
   -21.29924    19.61949   -21.31276     0.00178 (mid-point)
   -21.19924    19.52037   -21.21276     0.00186   (sampled)
   -21.09924    19.42127   -21.11276     0.00195 (mid-point)
   -20.99924    19.32217   -21.01276     0.00203   (sampled)
   -20.89924    19.22308   -20.91276     0.00212 (mid-point)
   -20.79924    19.12400   -20.81276     0.00220   (sampled)
   -20.69924    19.02493   -20.71276     0.00229 (mid-point)
   -20.59924    18.92587   -20.61276     0.00238   (sampled)
   -20.49924    18.82681   -20.51276     0.00247 (mid-point)
   -20.39924    18.72777   -20.41276     0.00256   (sampled)
   -20.29924    18.62873   -20.31276     0.00265 (mid-point)
   -20.19924    18.52971   -20.21276     0.00275   (sampled)
   -20.09924    18.43074   -20.11257     0.00284 (mid-point)
   -19.99924    18.33164   -20.01238     0.00294   (sampled)
   -19.89924    18.23266   -19.91238     0.00303 (mid-point)
   -19.79924    18.13368   -19.81238     0.00313   (sampled)
   -19.69924    18.03472   -19.71236     0.00323 (mid-point)
   -19.59924    17.93576   -19.61234     0.00332   (sampled)
   -19.49924    17.83679   -19.51234     0.00342 (mid-point)
   -19.39924    17.73784   -19.41234     0.00353   (sampled)
   -19.29924    17.63892   -19.31234     0.00363 (mid-point)
   -19.19924    17.54001   -19.21234     0.00373   (sampled)
   -19.09924    17.44111   -19.11234     0.00384 (mid-point)
   -18.99924    17.34223   -19.01234     0.00394   (sampled)
   -18.89924    17.24335   -18.91234     0.00405 (mid-point)
   -18.79924    17.14449   -18.81234     0.00416   (sampled)
   -18.69924    17.04564   -18.71234     0.00427 (mid-point)
   -18.59924    16.94680   -18.61234     0.00438   (sampled)
   -18.49924    16.84798   -18.51234     0.00449 (mid-point)
   -18.39924    16.74916   -18.41234     0.00460   (sampled)
   -18.29924    16.65036   -18.31234     0.00472 (mid-point)
   -18.19924    16.55155   -18.21234     0.00483   (sampled)
   -18.09924    16.45276   -18.11234     0.00495 (mid-point)
   -17.99924    16.35398   -18.01234     0.00507   (sampled)
   -17.89924    16.25522   -17.91234     0.00519 (mid-point)
   -17.79924    16.15647   -17.81234     0.00531   (sampled)
   -17.69924    16.05773   -17.71234     0.00544 (mid-point)
   -17.59924    15.95901   -17.61234     0.00556   (sampled)
   -17.49924    15.86030   -17.51234     0.00569 (mid-point)
   -17.39924    15.76161   -17.41234     0.00582   (sampled)
   -17.29924    15.66296   -17.31217     0.00595 (mid-point)
   -17.19924    15.56426   -17.21200     0.00608   (sampled)
   -17.09924    15.46563   -17.11200     0.00621 (mid-point)
   -16.99924    15.36701   -17.01200     0.00635   (sampled)
   -16.89924    15.26842   -16.91200     0.00648 (mid-point)
   -16.79924    15.16983   -16.81200     0.00662   (sampled)
   -16.69924    15.07126   -16.71200     0.00676 (mid-point)
   -16.59924    14.97269   -16.61200     0.00690   (sampled)
   -16.49924    14.87414   -16.51195     0.00705 (mid-point)
   -16.39924    14.77559   -16.41191     0.00719   (sampled)
   -16.29924    14.67704   -16.31180     0.00734 (mid-point)
   -16.19924    14.57851   -16.21170     0.00749   (sampled)
   -16.09924    14.48005   -16.11170     0.00764 (mid-point)
   -15.99924    14.38161   -16.01170     0.00780   (sampled)
   -15.89924    14.28319   -15.91170     0.00795 (mid-point)
   -15.79924    14.18478   -15.81170     0.00811   (sampled)
   -15.69924    14.08640   -15.71170     0.00827 (mid-point)
   -15.59924    13.98803   -15.61170     0.00843   (sampled)
   -15.49924    13.88966   -15.51170     0.00860 (mid-point)
   -15.39924    13.79132   -15.41170     0.00876   (sampled)
   -15.29924    13.69300   -15.31170     0.00893 (mid-point)
   -15.19924    13.59470   -15.21170     0.00911   (sampled)
   -15.09924    13.49643   -15.11170     0.00928 (mid-point)
   -14.99924    13.39817   -15.01170     0.00946   (sampled)
   -14.89924    13.29998   -14.91159     0.00964 (mid-point)
   -14.79924    13.20173   -14.81148     0.00982   (sampled)
   -14.69924    13.10357   -14.71148     0.01001 (mid-point)
   -14.59924    13.00543   -14.61148     0.01020   (sampled)
   -14.49924    12.90732   -14.51148     0.01039 (mid-point)
   -14.39924    12.80923   -14.41148     0.01058   (sampled)
   -14.29924    12.71114   -14.31148     0.01078 (mid-point)
   -14.19924    12.61308   -14.21148     0.01098   (sampled)
   -14.09924    12.51505   -14.11148     0.01118 (mid-point)
   -13.99924    12.41705   -14.01148     0.01139   (sampled)
   -13.89924    12.31907   -13.91148     0.01160 (mid-point)
   -13.79924    12.22113   -13.81148     0.01181   (sampled)
   -13.69924    12.12324   -13.71124     0.01203 (mid-point)
   -13.59924    12.02525   -13.61101     0.01225   (sampled)
   -13.49924    11.92741   -13.51101     0.01247 (mid-point)
   -13.39924    11.82961   -13.41101     0.01270   (sampled)
   -13.29924    11.73183   -13.31101     0.01293 (mid-point)
   -13.19924    11.63409   -13.21101     0.01316   (sampled)
   -13.09924    11.53639   -13.11101     0.01340 (mid-point)
   -12.99924    11.43871   -13.01101     0.01365   (sampled)
   -12.89924    11.34107   -12.91101     0.01389 (mid-point)
   -12.79924    11.24347   -12.81101     0.01415   (sampled)
   -12.69924    11.14587   -12.71049     0.01440 (mid-point)
   -12.59924    11.04831   -12.60997     0.01466   (sampled)
   -12.49924    10.95082   -12.50997     0.01493 (mid-point)
   -12.39924    10.85337   -12.40997     0.01520   (sampled)
   -12.29924    10.75595   -12.30997     0.01547 (mid-point)
   -12.19924    10.65858   -12.20997     0.01575   (sampled)
   -12.09924    10.56125   -12.10997     0.01604 (mid-point)
   -11.99924    10.46397   -12.00997     0.01633   (sampled)
   -11.89924    10.36672   -11.90997     0.01663 (mid-point)
   -11.79924    10.26952   -11.80997     0.01693   (sampled)
   -11.69924    10.17237   -11.70997     0.01724 (mid-point)
   -11.59924    10.07527   -11.60997     0.01755   (sampled)
   -11.49924     9.97821   -11.50997     0.01787 (mid-point)
   -11.39924     9.88120   -11.40997     0.01819   (sampled)
   -11.29924     9.78413   -11.30944     0.01853 (mid-point)
   -11.19924     9.68713   -11.20890     0.01887   (sampled)
   -11.09924     9.59027   -11.10881     0.01921 (mid-point)
   -10.99924     9.49346   -11.00871     0.01957   (sampled)
   -10.89924     9.39672   -10.90871     0.01993 (mid-point)
   -10.79924     9.30003   -10.80871     0.02029   (sampled)
   -10.69924     9.20335   -10.70867     0.02067 (mid-point)
   -10.59924     9.10672   -10.60863     0.02105   (sampled)
   -10.49924     9.01021   -10.50863     0.02145 (mid-point)
   -10.39924     8.91377   -10.40863     0.02185   (sampled)
   -10.29924     8.81740   -10.30863     0.02226 (mid-point)
   -10.19924     8.72109   -10.20863     0.02267   (sampled)
   -10.09924     8.62485   -10.10863     0.02310 (mid-point)
    -9.99924     8.52868   -10.00863     0.02354   (sampled)
    -9.89924     8.43258    -9.90863     0.02399 (mid-point)
    -9.79924     8.33656    -9.80863     0.02445   (sampled)
    -9.69924     8.24062    -9.70863     0.02491 (mid-point)
    -9.59924     8.14476    -9.60863     0.02539   (sampled)
    -9.49924     8.04898    -9.50863     0.02589 (mid-point)
    -9.39924     7.95326    -9.40863     0.02639   (sampled)
    -9.29924     7.85762    -9.30863     0.02690 (mid-point)
    -9.19924     7.76207    -9.20863     0.02743   (sampled)
    -9.09924     7.66665    -9.10863     0.02797 (mid-point)
    -8.99924     7.57125    -9.00863     0.02853   (sampled)
    -8.89924     7.47601    -8.90863     0.02910 (mid-point)
    -8.79924     7.38087    -8.80863     0.02968   (sampled)
    -8.69924     7.28584    -8.70863     0.03028 (mid-point)
    -8.59924     7.19091    -8.60863     0.03090   (sampled)
    -8.49924     7.09607    -8.50863     0.03153 (mid-point)
    -8.39924     7.00133    -8.40863     0.03218   (sampled)
    -8.29924     6.90672    -8.30863     0.03285 (mid-point)
    -8.19924     6.81222    -8.20863     0.03353   (sampled)
    -8.09924     6.71789    -8.10863     0.03424 (mid-point)
    -7.99924     6.62356    -8.00862     0.03496   (sampled)
    -7.89924     6.52949    -7.90862     0.03571 (mid-point)
    -7.79924     6.43555    -7.80862     0.03648   (sampled)
    -7.69924     6.34178    -7.70852     0.03727 (mid-point)
    -7.59924     6.24797    -7.60842     0.03809   (sampled)
    -7.49924     6.15459    -7.50842     0.03893 (mid-point)
    -7.39924     6.06106    -7.40841     0.03979   (sampled)
    -7.29924     5.96789    -7.30841     0.04069 (mid-point)
    -7.19924     5.87489    -7.20841     0.04161   (sampled)
    -7.09924     5.78207    -7.10841     0.04256 (mid-point)
    -6.99924     5.68944    -7.00841     0.04354   (sampled)
    -6.89924     5.59699    -6.90841     0.04456 (mid-point)
    -6.79924     5.50474    -6.80841     0.04561   (sampled)
    -6.69924     5.41270    -6.70841     0.04670 (mid-point)
    -6.59924     5.32086    -6.60841     0.04782   (sampled)
    -6.49924     5.22925    -6.50841     0.04899 (mid-point)
    -6.39924     5.13787    -6.40841     0.05019   (sampled)
    -6.29924     5.04666    -6.30840     0.05144 (mid-point)
    -6.19924     4.95569    -6.20838     0.05274   (sampled)
    -6.09924     4.86506    -6.10826     0.05408 (mid-point)
    -5.99924     4.77467    -6.00814     0.05548   (sampled)
    -5.89924     4.68457    -5.90814     0.05693 (mid-point)
    -5.79924     4.59473    -5.80814     0.05844   (sampled)
    -5.69924     4.50514    -5.70811     0.06001 (mid-point)
    -5.59924     4.41579    -5.60808     0.06164   (sampled)
    -5.49924     4.32695    -5.50808     0.06334 (mid-point)
    -5.39924     4.23845    -5.40808     0.06511   (sampled)
    -5.29924     4.15032    -5.30808     0.06696 (mid-point)
    -5.19924     4.06256    -5.20808     0.06889   (sampled)
    -5.09924     3.97520    -5.10808     0.07090 (mid-point)
    -4.99924     3.88825    -5.00808     0.07301   (sampled)
    -4.89924     3.80173    -4.90808     0.07521 (mid-point)
    -4.79924     3.71566    -4.80808     0.07751   (sampled)
    -4.69924     3.63007    -4.70808     0.07993 (mid-point)
    -4.59924     3.54497    -4.60808     0.08246   (sampled)
    -4.49924     3.46030    -4.50756     0.08512 (mid-point)
    -4.39924     3.37619    -4.40704     0.08791   (sampled)
    -4.29924     3.29273    -4.30704     0.09085 (mid-point)
    -4.19924     3.20986    -4.20704     0.09394   (sampled)
    -4.09924     3.12759    -4.10668     0.09719 (mid-point)
    -3.99924     3.04598    -4.00633     0.10062   (sampled)
    -3.89924     2.96510    -3.90633     0.10424 (mid-point)
    -3.79924     2.88495    -3.80633     0.10807   (sampled)
    -3.69924     2.80549    -3.70571     0.11211 (mid-point)
    -3.59924     2.72680    -3.60509     0.11639   (sampled)
    -3.49924     2.64905    -3.50458     0.12093 (mid-point)
    -3.39924     2.57209    -3.40406     0.12574   (sampled)
    -3.29924     2.49620    -3.30406     0.13085 (mid-point)
    -3.19924     2.42130    -3.20406     0.13628   (sampled)
    -3.09924     2.34745    -3.10406     0.14206 (mid-point)
    -2.99924     2.27470    -3.00406     0.14821   (sampled)
    -2.89924     2.20299    -2.90368     0.15477 (mid-point)
    -2.79924     2.13252    -2.80331     0.16177   (sampled)
    -2.69924     2.06344    -2.70331     0.16924 (mid-point)
    -2.59924     1.99572    -2.60331     0.17723   (sampled)
    -2.49924     1.92941    -2.50295     0.18578 (mid-point)
    -2.39924     1.86447    -2.40259     0.19494   (sampled)
    -2.29924     1.80120    -2.30259     0.20475 (mid-point)
    -2.19924     1.73960    -2.20259     0.21527   (sampled)
    -2.09924     1.67962    -2.10259     0.22655 (mid-point)
    -1.99924     1.62107    -2.00259     0.23867   (sampled)
    -1.89924     1.55405    -1.90185     0.25185 (mid-point)
    -1.79924     1.48871    -1.80111     0.26621   (sampled)
    -1.69924     1.42242    -1.70093     0.28194 (mid-point)
    -1.59924     1.35852    -1.60076     0.29919   (sampled)
    -1.49924     1.29314    -1.50063     0.31822 (mid-point)
    -1.39924     1.23034    -1.40051     0.33925   (sampled)
    -1.29924     1.17219    -1.30051     0.36242 (mid-point)
    -1.19924     1.11668    -1.20050     0.38794   (sampled)
    -1.09924     1.06374    -1.10037     0.41608 (mid-point)
    -0.99924     1.01305    -1.00023     0.44709   (sampled)
    -0.89924     0.96903    -0.90023     0.48099 (mid-point)
    -0.79924     0.92820    -0.80023     0.51794   (sampled)
    -0.69924     0.89190    -0.70018     0.55795 (mid-point)
    -0.59924     0.85924    -0.60014     0.60106   (sampled)
    -0.49924     0.83195    -0.50011     0.64705 (mid-point)
    -0.39924     0.80979    -0.40007     0.69559   (sampled)
    -0.29924     0.79334    -0.30004     0.74617 (mid-point)
    -0.19924     0.78235    -0.20001     0.79817   (sampled)
    -0.09924     0.77535    -0.10000     0.85112 (mid-point)
     0.00076     0.77348     0.00000     0.90433   (sampled)
     0.10076     0.77619     0.10000     0.95716 (mid-point)
     0.20076     0.78397     0.20000     1.00895   (sampled)
     0.30076     0.79696     0.30001     1.05907 (mid-point)
     0.40076     0.81537     0.40002     1.10695   (sampled)
     0.50076     0.83808     0.50002     1.15227 (mid-point)
     0.60076     0.86587     0.60002     1.19472   (sampled)
     0.70076     0.90065     0.70004     1.23396 (mid-point)
     0.80076     0.93990     0.80007     1.27000   (sampled)
     0.90076     0.98250     0.90008     1.30297 (mid-point)
     1.00076     1.02907     1.00010     1.33303   (sampled)
     1.10076     1.07916     1.10012     1.36036 (mid-point)
     1.20076     1.13213     1.20014     1.38520   (sampled)
     1.30076     1.18993     1.30016     1.40768 (mid-point)
     1.40076     1.25069     1.40017     1.42803   (sampled)
     1.50076     1.31341     1.50019     1.44648 (mid-point)
     1.60076     1.37867     1.60020     1.46322   (sampled)
     1.70076     1.44619     1.70020     1.47844 (mid-point)
     1.80076     1.51509     1.80020     1.49231   (sampled)
     1.90076     1.57492     1.90114     1.50514 (mid-point)
     2.00076     1.63665     2.00208     1.51703   (sampled)
     2.10076     1.69606     2.10210     1.52809 (mid-point)
     2.20076     1.75651     2.20211     1.53841   (sampled)
     2.30076     1.81869     2.30211     1.54803 (mid-point)
     2.40076     1.88178     2.40212     1.55702   (sampled)
     2.50076     1.94730     2.50212     1.56542 (mid-point)
     2.60076     2.01399     2.60213     1.57326   (sampled)
     2.70076     2.08229     2.70213     1.58061 (mid-point)
     2.80076     2.15160     2.80213     1.58748   (sampled)
     2.90076     2.22198     2.90213     1.59393 (mid-point)
     3.00076     2.29357     3.00213     1.59998   (sampled)
     3.10076     2.36680     3.10213     1.60566 (mid-point)
     3.20076     2.44111     3.20214     1.61100   (sampled)
     3.30076     2.51634     3.30214     1.61603 (mid-point)
     3.40076     2.59219     3.40215     1.62077   (sampled)
     3.50076     2.66959     3.50216     1.62523 (mid-point)
     3.60076     2.74752     3.60218     1.62945   (sampled)
     3.70076     2.82666     3.70219     1.63343 (mid-point)
     3.80076     2.90569     3.80221     1.63720   (sampled)
     3.90076     2.98633     3.90221     1.64077 (mid-point)
     4.00076     3.06753     4.00221     1.64416   (sampled)
     4.10076     3.14959     4.10222     1.64737 (mid-point)
     4.20076     3.23209     4.20222     1.65041   (sampled)
     4.30076     3.31503     4.30222     1.65331 (mid-point)
     4.40076     3.39840     4.40222     1.65607   (sampled)
     4.50076     3.48272     4.50222     1.65869 (mid-point)
     4.60076     3.56757     4.60223     1.66119   (sampled)
     4.70076     3.65257     4.70223     1.66358 (mid-point)
     4.80076     3.73806     4.80223     1.66585   (sampled)
     4.90076     3.82402     4.90223     1.66803 (mid-point)
     5.00076     3.91044     5.00223     1.67011   (sampled)
     5.10076     3.99859     5.10229     1.67210 (mid-point)
     5.20076     4.08513     5.20235     1.67401   (sampled)
     5.30076     4.17324     5.30235     1.67584 (mid-point)
     5.40076     4.26172     5.40235     1.67759   (sampled)
     5.50076     4.35053     5.50235     1.67927 (mid-point)
     5.60076     4.43969     5.60235     1.68089   (sampled)
     5.70076     4.52892     5.70235     1.68244 (mid-point)
     5.80076     4.61847     5.80236     1.68393   (sampled)
     5.90076     4.70841     5.90236     1.68537 (mid-point)
     6.00076     4.79856     6.00236     1.68675   (sampled)
     6.10076     4.88895     6.10236     1.68808 (mid-point)
     6.20076     4.97948     6.20236     1.68937   (sampled)
     6.30076     5.07039     6.30236     1.69060 (mid-point)
     6.40076     5.16150     6.40236     1.69180   (sampled)
     6.50076     5.25312     6.50238     1.69295 (mid-point)
     6.60076     5.34492     6.60239     1.69407   (sampled)
     6.70076     5.43694     6.70240     1.69514 (mid-point)
     6.80076     5.52911     6.80240     1.69618   (sampled)
     6.90076     5.62146     6.90241     1.69719 (mid-point)
     7.00076     5.71395     7.00241     1.69817   (sampled)
     7.10076     5.80647     7.10241     1.69911 (mid-point)
     7.20076     5.89917     7.20241     1.70003   (sampled)
     7.30076     5.99225     7.30242     1.70091 (mid-point)
     7.40076     6.08522     7.40242     1.70177   (sampled)
     7.50076     6.17921     7.50248     1.70261 (mid-point)
     7.60076     6.27238     7.60254     1.70341   (sampled)
     7.70076     6.36630     7.70254     1.70420 (mid-point)
     7.80076     6.46029     7.80254     1.70496   (sampled)
     7.90076     6.55427     7.90255     1.70570 (mid-point)
     8.00076     6.64816     8.00256     1.70642   (sampled)
     8.10076     6.74237     8.10256     1.70712 (mid-point)
     8.20076     6.83671     8.20256     1.70780   (sampled)
     8.30076     6.93117     8.30262     1.70847 (mid-point)
     8.40076     7.02576     8.40269     1.70911   (sampled)
     8.50076     7.12061     8.50270     1.70974 (mid-point)
     8.60076     7.21550     8.60270     1.71035   (sampled)
     8.70076     7.31062     8.70270     1.71095 (mid-point)
     8.80076     7.40574     8.80270     1.71153   (sampled)
     8.90076     7.50090     8.90270     1.71209 (mid-point)
     9.00076     7.59615     9.00271     1.71264   (sampled)
     9.10076     7.69156     9.10272     1.71318 (mid-point)
     9.20076     7.78690     9.20273     1.71371   (sampled)
     9.30076     7.88241     9.30273     1.71422 (mid-point)
     9.40076     7.97798     9.40273     1.71472   (sampled)
     9.50076     8.07398     9.50276     1.71521 (mid-point)
     9.60076     8.16950     9.60279     1.71569   (sampled)
     9.70076     8.26559     9.70279     1.71615 (mid-point)
     9.80076     8.36167     9.80279     1.71661   (sampled)
     9.90076     8.45760     9.90279     1.71705 (mid-point)
    10.00076     8.55359    10.00279     1.71749   (sampled)
    10.10076     8.64974    10.10285     1.71791 (mid-point)
    10.20076     8.74597    10.20290     1.71833   (sampled)
    10.30076     8.84229    10.30290     1.71874 (mid-point)
    10.40076     8.93867    10.40290     1.71913   (sampled)
    10.50076     9.03510    10.50291     1.71952 (mid-point)
    10.60076     9.13160    10.60291     1.71991   (sampled)
    10.70076     9.22842    10.70293     1.72028 (mid-point)
    10.80076     9.32503    10.80295     1.72064   (sampled)
    10.90076     9.42202    10.90299     1.72100 (mid-point)
    11.00076     9.51876    11.00303     1.72135   (sampled)
    11.10076     9.61556    11.10304     1.72170 (mid-point)
    11.20076     9.71232    11.20304     1.72204   (sampled)
    11.30076     9.80936    11.30304     1.72237 (mid-point)
    11.40076     9.90634    11.40304     1.72269   (sampled)
    11.50076    10.00334    11.50304     1.72301 (mid-point)
    11.60076    10.10030    11.60304     1.72332   (sampled)
    11.70076    10.19732    11.70304     1.72363 (mid-point)
    11.80076    10.29438    11.80304     1.72393   (sampled)
    11.90076    10.39192    11.90312     1.72422 (mid-point)
    12.00076    10.48922    12.00319     1.72451   (sampled)
    12.10076    10.58664    12.10319     1.72480 (mid-point)
    12.20076    10.68394    12.20319     1.72508   (sampled)
    12.30076    10.78130    12.30320     1.72535 (mid-point)
    12.40076    10.87856    12.40321     1.72562   (sampled)
    12.50076    10.97614    12.50321     1.72588 (mid-point)
    12.60076    11.07375    12.60321     1.72614   (sampled)
    12.70076    11.17137    12.70322     1.72640 (mid-point)
    12.80076    11.26888    12.80323     1.72665   (sampled)
    12.90076    11.36640    12.90323     1.72689 (mid-point)
    13.00076    11.46396    13.00323     1.72714   (sampled)
    13.10076    11.56155    13.10323     1.72737 (mid-point)
    13.20076    11.65917    13.20323     1.72761   (sampled)
    13.30076    11.75683    13.30323     1.72784 (mid-point)
    13.40076    11.85453    13.40323     1.72807   (sampled)
    13.50076    11.95225    13.50323     1.72829 (mid-point)
    13.60076    12.05001    13.60323     1.72851   (sampled)
    13.70076    12.14850    13.70329     1.72872 (mid-point)
    13.80076    12.24630    13.80334     1.72894   (sampled)
    13.90076    12.34422    13.90334     1.72914 (mid-point)
    14.00076    12.44217    14.00334     1.72935   (sampled)
    14.10076    12.54029    14.10335     1.72955 (mid-point)
    14.20076    12.63843    14.20335     1.72975   (sampled)
    14.30076    12.73646    14.30335     1.72995 (mid-point)
    14.40076    12.83451    14.40335     1.73014   (sampled)
    14.50076    12.93265    14.50340     1.73033 (mid-point)
    14.60076    13.03075    14.60346     1.73052   (sampled)
    14.70076    13.12893    14.70348     1.73070 (mid-point)
    14.80076    13.22713    14.80350     1.73089   (sampled)
    14.90076    13.32554    14.90356     1.73106 (mid-point)
    15.00076    13.42356    15.00362     1.73124   (sampled)
    15.10076    13.52196    15.10373     1.73142 (mid-point)
    15.20076    13.62021    15.20384     1.73159   (sampled)
    15.30076    13.71857    15.30386     1.73176 (mid-point)
    15.40076    13.81689    15.40389     1.73192   (sampled)
    15.50076    13.91521    15.50391     1.73209 (mid-point)
    15.60076    14.01351    15.60392     1.73225   (sampled)
    15.70076    14.11197    15.70393     1.73241 (mid-point)
    15.80076    14.21033    15.80393     1.73257   (sampled)
    15.90076    14.30877    15.90393     1.73272 (mid-point)
    16.00076    14.40712    16.00393     1.73288   (sampled)
    16.10076    14.50564    16.10395     1.73303 (mid-point)
    16.20076    14.60417    16.20397     1.73318   (sampled)
    16.30076    14.70264    16.30399     1.73332 (mid-point)
    16.40076    14.80112    16.40402     1.73347   (sampled)
    16.50076    14.89968    16.50404     1.73361 (mid-point)
    16.60076    14.99825    16.60406     1.73375   (sampled)
    16.70076    15.09678    16.70406     1.73389 (mid-point)
    16.80076    15.19532    16.80406     1.73403   (sampled)
    16.90076    15.29395    16.90409     1.73417 (mid-point)
    17.00076    15.39246    17.00413     1.73430   (sampled)
    17.10076    15.49116    17.10413     1.73443 (mid-point)
    17.20076    15.58988    17.20413     1.73457   (sampled)
    17.30076    15.68848    17.30413     1.73469 (mid-point)
    17.40076    15.78707    17.40413     1.73482   (sampled)
    17.50076    15.88568    17.50413     1.73495 (mid-point)
    17.60076    15.98431    17.60413     1.73507   (sampled)
    17.70076    16.08295    17.70413     1.73520 (mid-point)
    17.80076    16.18161    17.80413     1.73532   (sampled)
    17.90076    16.28028    17.90413     1.73544 (mid-point)
    18.00076    16.37897    18.00413     1.73556   (sampled)
    18.10076    16.47807    18.10423     1.73567 (mid-point)
    18.20076    16.57713    18.20433     1.73579   (sampled)
    18.30076    16.67591    18.30433     1.73590 (mid-point)
    18.40076    16.77464    18.40433     1.73602   (sampled)
    18.50076    16.87352    18.50444     1.73613 (mid-point)
    18.60076    16.97227    18.60454     1.73624   (sampled)
    18.70076    17.07110    18.70454     1.73635 (mid-point)
    18.80076    17.16994    18.80454     1.73646   (sampled)
    18.90076    17.26886    18.90456     1.73656 (mid-point)
    19.00076    17.36777    19.00459     1.73667   (sampled)
    19.10076    17.46669    19.10461     1.73677 (mid-point)
    19.20076    17.56563    19.20462     1.73688   (sampled)
    19.30076    17.66448    19.30462     1.73698 (mid-point)
    19.40076    17.76334    19.40462     1.73708   (sampled)
    19.50076    17.86243    19.50464     1.73718 (mid-point)
    19.60076    17.96136    19.60465     1.73728   (sampled)
    19.70076    18.06039    19.70465     1.73737 (mid-point)
    19.80076    18.15932    19.80465     1.73747   (sampled)
    19.90076    18.25828    19.90466     1.73757 (mid-point)
    20.00076    18.35725    20.00467     1.73766   (sampled)
    20.10076    18.45629    20.10468     1.73775 (mid-point)
    20.20076    18.55535    20.20469     1.73785   (sampled)
    20.30076    18.65439    20.30476     1.73794 (mid-point)
    20.40076    18.75344    20.40484     1.73803   (sampled)
    20.50076    18.85246    20.50485     1.73812 (mid-point)
    20.60076    18.95148    20.60485     1.73821   (sampled)
    20.70076    19.05060    20.70485     1.73830 (mid-point)
    20.80076    19.14961    20.80485     1.73838   (sampled)
    20.90076    19.24862    20.90485     1.73847 (mid-point)
    21.00076    19.34764    21.00485     1.73855   (sampled)
    21.10076    19.44667    21.10485     1.73864 (mid-point)
    21.20076    19.54570    21.20485     1.73872   (sampled)
    21.30076    19.64485    21.30492     1.73880 (mid-point)
    21.40076    19.74401    21.40499     1.73888   (sampled)
    21.50076    19.84324    21.50504     1.73897 (mid-point)
    21.60076    19.94248    21.60509     1.73905   (sampled)
    21.70076    20.04160    21.70513     1.73912 (mid-point)
    21.80076    20.14072    21.80517     1.73920   (sampled)
    21.90076    20.23991    21.90524     1.73928 (mid-point)
    22.00076    20.33898    22.00531     1.73936   (sampled)
    22.10076    20.43822    22.10531     1.73943 (mid-point)
    22.20076    20.53746    22.20531     1.73951   (sampled)
    22.30076    20.63664    22.30531     1.73958 (mid-point)
    22.40076    20.73577    22.40531     1.73966   (sampled)
    22.50076    20.83505    22.50532     1.73973 (mid-point)
    22.60076    20.93425    22.60534     1.73980   (sampled)
    22.70076    21.03348    22.70535     1.73988 (mid-point)
    22.80076    21.13271    22.80537     1.73995   (sampled)
    22.90076    21.23194    22.90538     1.74002 (mid-point)
    23.00076    21.33118    23.00540     1.74009   (sampled)
    23.10076    21.43038    23.10540     1.74016 (mid-point)
    23.20076    21.52957    23.20540     1.74023   (sampled)
    23.30076    21.62893    23.30543     1.74029 (mid-point)
    23.40076    21.72797    23.40546     1.74036   (sampled)
    23.50076    21.82723    23.50546     1.74043 (mid-point)
    23.60076    21.92648    23.60546     1.74049   (sampled)

 Minimum radius found:      0.773 angstroms.



 For spherical probe approach, The geometric factor
         F= sum(ds/area) along channel is    1.740 angstroms**-1
 This yields a macroscopic predicted molar conductance of:
   (1/rho)*(100/F)= (57/rho) pS,
   where rho is the conductivity of 1M permeant ion in ohm m.
 N.B. this is a macroscopic conductance - an overestimate 
 Empirically corrected conductances currently only available
 With the CAPSULE option (although its not that stable!)
 For 1M KCl rho= 1/12 (ohm m), So Gmacro= 690 pS/M.
  (TAG      1   Rmin=     0.77348   Gmacro=   689.45924 Conn_Gmacro=    -1.00000 ).
 HOLE: normal completion
