 *** Program HOLE ***
 
 If results of this run are reported or published, please
 cite the publication listed below.
 For the HOLE program:
   Smart, O.S., Goodfellow, J.M., Wallace, B.A. (1993). 
   The pore dimensions of gramicidin A. 
   Biophys. J., 65, 2455-2460.
 
 Originally written by Oliver Smart at Birkbeck College from April 1992.
 Copyright 1993-2005 Oliver Smart
 Copyright 2014-2015 SmartSci Limited.
 Copyright 2016 Oliver Smart.
 
 For help on HOLE suite see  http://www.holeprogram.org/
 
 HOLE release 2.2.005 (07 August 2016) 
 
 usage subject to Apache License, Version 2.0 
 see http://www.apache.org/licenses/LICENSE-2.0 

 Control variables read:

! Input file for Oliver Smart's HOLE program
! written by MDAnalysis.analysis.hole2.HoleAnalysis
! for a Universe
! u = mda.Universe(host_173.mol2
!    host_173.mol2
!   )
! Frame 0

COORD  /tmp/tmppsju7qlh.pdb
RADIUS simple2.rad
SPHPDB hole000.sph
SAMPLE 0.200000
ENDRAD 22.000000
IGNORE SOL WAT TIP HOH K   NA  CL
SHORTO 0
RASEED 31415
CPOINT -0.0633888910 -0.0131333431 -0.0006666669


 WARNING have not found a CVECT record - will try to guess
 Input pdb filename read as:    '/tmp/tmppsju7qlh.pdb'
 Input vdW radius file read as: 'simple2.rad'
 point in channel:   -0.063  -0.013  -0.001
 channel vector:   ************************
 sampling distance between planes:    0.200

 graphics conditions:
 binary plot output file name: NONE
 Dot density:    10
 Draw dots?           T
 Draw close contacts? F
 Draw centre line?    T
 Produce spikes rather than dots? F
 Seed for random number generator:     31415 (0 means value set by program)
 Radius above which a result is regarded as an 'end':  22.000
 Pdb format file for sphere centres: hole000.sph

 Monte Carlo conditions:
  no of steps:  1000
  maximum displacement   0.100 angs
  'kT' initial   0.100 angs
 The spherebox and capsule options are turned off.
 (No molqpt card so will not write qpt file of the molecule)
 IGNORE card read so will ignore residue types: SOL WAT TIP HOH K   NA  CL
 no SHORTO card read so will produce full textual output
 As no PEGRAT card was found will not produce PEG polymer exclusion graph
 (No 2DMAPS card specified so will not produce 2D property maps)
 Have not found a CUT card.  Normal calculation using
   Cutoff lists with a cutsize=       1.000
   (if you wish to turn off option use a CUT -1 card)

 Have read     7 bond radius records and
              16 vdW radius records.
 From file: simple2.rad

 Have read    90 atom records.
 From file: /tmp/tmppsju7qlh.pdb
 Will not produce graphical output

 Have opened file for pdb format output of sphere centres:  hole000.sph

  Seed integer used by ran # generator on this run      31415

 
 S/R cguess will try to guess CPOINT and/or CVECT
 
 THESE GUESSES MAY WELL BE WRONG!!!!
 Routine relies on having a reasonably symmetric
 channel oriented along x, y or z vector
 YOU ARE STRONGLY ADVISED TO CHECK THE RESULTS
                       WITH MOLECULAR GRAPHICS
 testing points from cpoint in X, Y then Z direction
   point                   pore radius
direction     1
  -5.063  -0.013  -0.001    -0.681
  -4.063  -0.013  -0.001    -0.424
  -3.063  -0.013  -0.001     0.302
  -2.063  -0.013  -0.001     1.187
  -1.063  -0.013  -0.001     2.127
  -0.063  -0.013  -0.001     2.875
   0.937  -0.013  -0.001     2.329
   1.937  -0.013  -0.001     1.406
   2.937  -0.013  -0.001     0.510
   3.937  -0.013  -0.001    -0.275
   4.937  -0.013  -0.001    -0.670
 Average pore radius along the line=      0.790
direction     2
  -0.063  -5.013  -0.001    -1.059
  -0.063  -4.013  -0.001    -0.416
  -0.063  -3.013  -0.001     0.357
  -0.063  -2.013  -0.001     1.203
  -0.063  -1.013  -0.001     2.000
  -0.063  -0.013  -0.001     2.875
  -0.063   0.987  -0.001     2.228
  -0.063   1.987  -0.001     1.268
  -0.063   2.987  -0.001     0.343
  -0.063   3.987  -0.001    -0.470
  -0.063   4.987  -0.001    -0.997
 Average pore radius along the line=      0.666
direction     3
  -0.063  -0.013  -5.001     3.597
  -0.063  -0.013  -4.001     3.249
  -0.063  -0.013  -3.001     3.090
  -0.063  -0.013  -2.001     2.915
  -0.063  -0.013  -1.001     2.924
  -0.063  -0.013  -0.001     2.875
  -0.063  -0.013   0.999     2.690
  -0.063  -0.013   1.999     2.481
  -0.063  -0.013   2.999     2.497
  -0.063  -0.013   3.999     2.787
  -0.063  -0.013   4.999     3.296
 Average pore radius along the line=      2.946
 Best direction is found to be     3
(1=X,2=Y,3=Z)
 s/r cguess has produced initial values for cpoint &/or cvect:
CPOINT      -0.0634     -0.0131     -0.0007
CVECT        0.0000      0.0000      1.0000
 THESE GUESSES MAY WELL BE WRONG!!!!
 Routine relies on having a reasonably symmetric
 channel oriented along x, y or z vector
 YOU ARE STRONGLY ADVISED TO CHECK THE RESULTS
                       WITH MOLECULAR GRAPHICS
 
 
  Some routines (e.g. conn) need vectors normal to cvect: 
     EAST Zero degrees angle is along vector    1.000   0.000   0.000
     NORTH  90 degrees angle is along vector    0.000  -1.000   0.000
 highest radius point found:
  at point   -0.085   0.132  -0.001
  closest atom surface    3.012   C19 173 X    0
  2nd closest surface     3.013   C   173 X    0
  found on step  703
 current point:
  at point   -0.038   0.149  -0.001
  closest atom surface    3.012   C19 173 X    0
  2nd closest surface     3.013   C   173 X    0
  found on step  895
  no. of rejections          401
 stored as     0

 highest radius point found:
  at point   -0.093   0.151   0.199
  closest atom surface    2.980   C36 173 X    0
  2nd closest surface     2.980   C   173 X    0
  found on step  889
  this is also current point
  no. of rejections          379
 stored as     1

 highest radius point found:
  at point   -0.037   0.181   0.399
  closest atom surface    2.946   C   173 X    0
  2nd closest surface     2.947   C36 173 X    0
  found on step  838
 current point:
  at point   -0.081   0.165   0.399
  closest atom surface    2.946   C   173 X    0
  2nd closest surface     2.946   C36 173 X    0
  found on step  877
  no. of rejections          409
 stored as     2

 highest radius point found:
  at point   -0.090   0.173   0.599
  closest atom surface    2.920   C36 173 X    0
  2nd closest surface     2.920   C   173 X    0
  found on step   32
 current point:
  at point   -0.046   0.189   0.599
  closest atom surface    2.920   C36 173 X    0
  2nd closest surface     2.921   C   173 X    0
  found on step  964
  no. of rejections          381
 stored as     3

 highest radius point found:
  at point   -0.052   0.197   0.799
  closest atom surface    2.903   C36 173 X    0
  2nd closest surface     2.903   C   173 X    0
  found on step  774
 current point:
  at point   -0.043   0.200   0.799
  closest atom surface    2.902   C   173 X    0
  2nd closest surface     2.903   C36 173 X    0
  found on step  945
  no. of rejections          388
 stored as     4

 highest radius point found:
  at point   -0.051   0.208   0.999
  closest atom surface    2.893   C36 173 X    0
  2nd closest surface     2.893   C   173 X    0
  found on step  277
 current point:
  at point   -0.033   0.213   0.999
  closest atom surface    2.892   C   173 X    0
  2nd closest surface     2.895   C36 173 X    0
  found on step  918
  no. of rejections          380
 stored as     5

 highest radius point found:
  at point   -0.025   0.230   1.199
  closest atom surface    2.891   C36 173 X    0
  2nd closest surface     2.894   C1  173 X    0
  found on step  963
  this is also current point
  no. of rejections          402
 stored as     6

 highest radius point found:
  at point    0.005   0.272   1.399
  closest atom surface    2.877   H   173 X    0
  2nd closest surface     2.877   C23 173 X    0
  found on step  846
 current point:
  at point    0.008   0.273   1.399
  closest atom surface    2.876   C23 173 X    0
  2nd closest surface     2.877   H   173 X    0
  found on step  993
  no. of rejections          404
 stored as     7

 highest radius point found:
  at point   -0.008   0.311   1.599
  closest atom surface    2.866   C36 173 X    0
  2nd closest surface     2.866   H   173 X    0
  found on step  389
 current point:
  at point   -0.001   0.311   1.599
  closest atom surface    2.863   C23 173 X    0
  2nd closest surface     2.865   H   173 X    0
  found on step  934
  no. of rejections          381
 stored as     8

 highest radius point found:
  at point   -0.015   0.346   1.799
  closest atom surface    2.862   H   173 X    0
  2nd closest surface     2.864   C23 173 X    0
  found on step  979
  this is also current point
  no. of rejections          384
 stored as     9

 highest radius point found:
  at point   -0.028   0.383   1.999
  closest atom surface    2.870   C36 173 X    0
  2nd closest surface     2.871   H   173 X    0
  found on step  694
 current point:
  at point   -0.036   0.381   1.999
  closest atom surface    2.869   C36 173 X    0
  2nd closest surface     2.870   H   173 X    0
  found on step  978
  no. of rejections          419
 stored as    10

 highest radius point found:
  at point   -0.044   0.416   2.199
  closest atom surface    2.887   C36 173 X    0
  2nd closest surface     2.887   H   173 X    0
  found on step  945
  this is also current point
  no. of rejections          380
 stored as    11

 highest radius point found:
  at point   -0.084   0.445   2.399
  closest atom surface    2.905   H18 173 X    0
  2nd closest surface     2.906   C36 173 X    0
  found on step  663
 current point:
  at point   -0.023   0.438   2.399
  closest atom surface    2.900   H18 173 X    0
  2nd closest surface     2.900   H   173 X    0
  found on step  956
  no. of rejections          401
 stored as    12

 highest radius point found:
  at point   -0.209   0.449   2.599
  closest atom surface    2.929   H   173 X    0
  2nd closest surface     2.930   C36 173 X    0
  found on step  992
  this is also current point
  no. of rejections          414
 stored as    13

 highest radius point found:
  at point   -0.315   0.461   2.799
  closest atom surface    2.961   H18 173 X    0
  2nd closest surface     2.963   O10 173 X    0
  found on step  536
 current point:
  at point   -0.316   0.464   2.799
  closest atom surface    2.958   H18 173 X    0
  2nd closest surface     2.961   C36 173 X    0
  found on step  946
  no. of rejections          404
 stored as    14

 highest radius point found:
  at point   -0.328   0.459   2.999
  closest atom surface    2.986   O10 173 X    0
  2nd closest surface     2.988   H18 173 X    0
  found on step  949
  this is also current point
  no. of rejections          397
 stored as    15

 highest radius point found:
  at point   -0.328   0.459   3.199
  closest atom surface    3.021   H18 173 X    0
  2nd closest surface     3.022   H   173 X    0
  found on step    1
 current point:
  at point   -0.330   0.460   3.199
  closest atom surface    3.020   H18 173 X    0
  2nd closest surface     3.022   H   173 X    0
  found on step  970
  no. of rejections          374
 stored as    16

 highest radius point found:
  at point   -0.343   0.462   3.399
  closest atom surface    3.064   H18 173 X    0
  2nd closest surface     3.067   O10 173 X    0
  found on step  988
  this is also current point
  no. of rejections          398
 stored as    17

 highest radius point found:
  at point   -0.352   0.460   3.599
  closest atom surface    3.119   O10 173 X    0
  2nd closest surface     3.119   H18 173 X    0
  found on step  969
  this is also current point
  no. of rejections          400
 stored as    18

 highest radius point found:
  at point   -0.350   0.459   3.799
  closest atom surface    3.179   H   173 X    0
  2nd closest surface     3.179   H18 173 X    0
  found on step  877
  this is also current point
  no. of rejections          413
 stored as    19

 highest radius point found:
  at point   -0.362   0.460   3.999
  closest atom surface    3.250   H18 173 X    0
  2nd closest surface     3.250   H   173 X    0
  found on step  947
  this is also current point
  no. of rejections          386
 stored as    20

 highest radius point found:
  at point   -0.362   0.460   4.199
  closest atom surface    3.327   H18 173 X    0
  2nd closest surface     3.327   H   173 X    0
  found on step    1
 current point:
  at point   -0.359   0.459   4.199
  closest atom surface    3.326   H18 173 X    0
  2nd closest surface     3.327   H   173 X    0
  found on step  901
  no. of rejections          399
 stored as    21

 highest radius point found:
  at point   -0.371   0.460   4.399
  closest atom surface    3.412   O10 173 X    0
  2nd closest surface     3.413   H   173 X    0
  found on step  923
  this is also current point
  no. of rejections          397
 stored as    22

 highest radius point found:
  at point   -0.371   0.460   4.599
  closest atom surface    3.506   H18 173 X    0
  2nd closest surface     3.506   H   173 X    0
  found on step    1
 current point:
  at point   -0.373   0.459   4.599
  closest atom surface    3.505   O10 173 X    0
  2nd closest surface     3.505   H   173 X    0
  found on step  961
  no. of rejections          357
 stored as    23

 highest radius point found:
  at point   -0.372   0.460   4.799
  closest atom surface    3.604   H18 173 X    0
  2nd closest surface     3.605   H   173 X    0
  found on step  983
  this is also current point
  no. of rejections          407
 stored as    24

 highest radius point found:
  at point   -0.372   0.460   4.999
  closest atom surface    3.709   H18 173 X    0
  2nd closest surface     3.710   H   173 X    0
  found on step    1
 current point:
  at point   -0.365   0.459   4.999
  closest atom surface    3.708   H18 173 X    0
  2nd closest surface     3.709   H   173 X    0
  found on step  983
  no. of rejections          363
 stored as    25

 highest radius point found:
  at point   -0.372   0.459   5.199
  closest atom surface    3.821   H18 173 X    0
  2nd closest surface     3.821   H   173 X    0
  found on step  890
  this is also current point
  no. of rejections          369
 stored as    26

 highest radius point found:
  at point   -0.372   0.459   5.399
  closest atom surface    3.937   H18 173 X    0
  2nd closest surface     3.938   H   173 X    0
  found on step    1
 current point:
  at point   -0.360   0.460   5.399
  closest atom surface    3.934   H18 173 X    0
  2nd closest surface     3.937   H   173 X    0
  found on step  996
  no. of rejections          371
 stored as    27

 highest radius point found:
  at point   -0.372   0.459   5.599
  closest atom surface    4.059   H18 173 X    0
  2nd closest surface     4.060   O10 173 X    0
  found on step    1
 current point:
  at point   -0.360   0.456   5.599
  closest atom surface    4.057   H   173 X    0
  2nd closest surface     4.059   H18 173 X    0
  found on step  982
  no. of rejections          352
 stored as    28

 highest radius point found:
  at point   -0.366   0.458   5.799
  closest atom surface    4.185   H18 173 X    0
  2nd closest surface     4.186   H   173 X    0
  found on step  911
  this is also current point
  no. of rejections          362
 stored as    29

 highest radius point found:
  at point   -0.368   0.457   5.999
  closest atom surface    4.317   H   173 X    0
  2nd closest surface     4.318   H18 173 X    0
  found on step  976
  this is also current point
  no. of rejections          375
 stored as    30

 highest radius point found:
  at point   -0.364   0.466   6.199
  closest atom surface    4.446   O   173 X    0
  2nd closest surface     4.446   H18 173 X    0
  found on step  911
  this is also current point
  no. of rejections          344
 stored as    31

 highest radius point found:
  at point   -0.373   0.477   6.399
  closest atom surface    4.579   O10 173 X    0
  2nd closest surface     4.580   O   173 X    0
  found on step  946
  this is also current point
  no. of rejections          341
 stored as    32

 highest radius point found:
  at point   -0.374   0.488   6.599
  closest atom surface    4.716   H18 173 X    0
  2nd closest surface     4.716   O   173 X    0
  found on step  811
 current point:
  at point   -0.369   0.486   6.599
  closest atom surface    4.713   O   173 X    0
  2nd closest surface     4.716   H18 173 X    0
  found on step  995
  no. of rejections          349
 stored as    33

 highest radius point found:
  at point   -0.374   0.498   6.799
  closest atom surface    4.854   O   173 X    0
  2nd closest surface     4.856   H18 173 X    0
  found on step  317
 current point:
  at point   -0.365   0.499   6.799
  closest atom surface    4.853   O   173 X    0
  2nd closest surface     4.854   H18 173 X    0
  found on step  958
  no. of rejections          352
 stored as    34

 highest radius point found:
  at point   -0.371   0.513   6.999
  closest atom surface    4.996   H18 173 X    0
  2nd closest surface     4.998   O   173 X    0
  found on step  860
 current point:
  at point   -0.340   0.511   6.999
  closest atom surface    4.992   O   173 X    0
  2nd closest surface     4.992   H18 173 X    0
  found on step  951
  no. of rejections          321
 stored as    35

 highest radius point found:
  at point   -0.377   0.524   7.199
  closest atom surface    5.143   H18 173 X    0
  2nd closest surface     5.144   O   173 X    0
  found on step  962
  this is also current point
  no. of rejections          319
 stored as    36

 highest radius point found:
  at point   -0.380   0.536   7.399
  closest atom surface    5.292   H18 173 X    0
  2nd closest surface     5.293   O   173 X    0
  found on step  825
 current point:
  at point   -0.382   0.536   7.399
  closest atom surface    5.292   O10 173 X    0
  2nd closest surface     5.293   H18 173 X    0
  found on step  967
  no. of rejections          336
 stored as    37

 highest radius point found:
  at point   -0.383   0.547   7.599
  closest atom surface    5.444   O   173 X    0
  2nd closest surface     5.444   O10 173 X    0
  found on step  961
  this is also current point
  no. of rejections          333
 stored as    38

 highest radius point found:
  at point   -0.384   0.559   7.799
  closest atom surface    5.597   O   173 X    0
  2nd closest surface     5.597   O10 173 X    0
  found on step  829
 current point:
  at point   -0.385   0.560   7.799
  closest atom surface    5.597   O10 173 X    0
  2nd closest surface     5.598   O   173 X    0
  found on step  962
  no. of rejections          352
 stored as    39

 highest radius point found:
  at point   -0.384   0.572   7.999
  closest atom surface    5.754   O   173 X    0
  2nd closest surface     5.754   O10 173 X    0
  found on step  967
  this is also current point
  no. of rejections          340
 stored as    40

 highest radius point found:
  at point   -0.383   0.586   8.199
  closest atom surface    5.912   O   173 X    0
  2nd closest surface     5.912   H18 173 X    0
  found on step  970
  this is also current point
  no. of rejections          316
 stored as    41

 highest radius point found:
  at point   -0.381   0.599   8.399
  closest atom surface    6.072   O   173 X    0
  2nd closest surface     6.072   H18 173 X    0
  found on step  314
 current point:
  at point   -0.386   0.597   8.399
  closest atom surface    6.072   O10 173 X    0
  2nd closest surface     6.072   O   173 X    0
  found on step  997
  no. of rejections          318
 stored as    42

 highest radius point found:
  at point   -0.384   0.611   8.599
  closest atom surface    6.234   O   173 X    0
  2nd closest surface     6.235   O10 173 X    0
  found on step  993
  this is also current point
  no. of rejections          305
 stored as    43

 highest radius point found:
  at point   -0.369   0.626   8.799
  closest atom surface    6.397   O   173 X    0
  2nd closest surface     6.397   H18 173 X    0
  found on step  928
  this is also current point
  no. of rejections          330
 stored as    44

 highest radius point found:
  at point   -0.382   0.641   8.999
  closest atom surface    6.563   H18 173 X    0
  2nd closest surface     6.563   O9  173 X    0
  found on step  884
  this is also current point
  no. of rejections          318
 stored as    45

 highest radius point found:
  at point   -0.365   0.652   9.199
  closest atom surface    6.729   O9  173 X    0
  2nd closest surface     6.729   O   173 X    0
  found on step  994
  this is also current point
  no. of rejections          321
 stored as    46

 highest radius point found:
  at point   -0.390   0.657   9.399
  closest atom surface    6.895   O9  173 X    0
  2nd closest surface     6.896   O   173 X    0
  found on step  923
  this is also current point
  no. of rejections          296
 stored as    47

 highest radius point found:
  at point   -0.384   0.665   9.599
  closest atom surface    7.062   O   173 X    0
  2nd closest surface     7.063   O9  173 X    0
  found on step  809
 current point:
  at point   -0.362   0.670   9.599
  closest atom surface    7.062   O   173 X    0
  2nd closest surface     7.062   O9  173 X    0
  found on step  997
  no. of rejections          304
 stored as    48

 highest radius point found:
  at point   -0.412   0.668   9.799
  closest atom surface    7.231   O10 173 X    0
  2nd closest surface     7.231   O   173 X    0
  found on step  977
  this is also current point
  no. of rejections          316
 stored as    49

 highest radius point found:
  at point   -0.414   0.677   9.999
  closest atom surface    7.402   O   173 X    0
  2nd closest surface     7.402   O9  173 X    0
  found on step  919
  this is also current point
  no. of rejections          297
 stored as    50

 highest radius point found:
  at point   -0.401   0.689  10.199
  closest atom surface    7.573   O9  173 X    0
  2nd closest surface     7.573   O   173 X    0
  found on step  929
  this is also current point
  no. of rejections          280
 stored as    51

 highest radius point found:
  at point   -0.414   0.696  10.399
  closest atom surface    7.746   O9  173 X    0
  2nd closest surface     7.746   O   173 X    0
  found on step  859
 current point:
  at point   -0.407   0.696  10.399
  closest atom surface    7.745   O   173 X    0
  2nd closest surface     7.746   O9  173 X    0
  found on step  906
  no. of rejections          292
 stored as    52

 highest radius point found:
  at point   -0.418   0.702  10.599
  closest atom surface    7.919   O   173 X    0
  2nd closest surface     7.919   O11 173 X    0
  found on step  978
  this is also current point
  no. of rejections          313
 stored as    53

 highest radius point found:
  at point   -0.406   0.716  10.799
  closest atom surface    8.093   O9  173 X    0
  2nd closest surface     8.095   O   173 X    0
  found on step  911
  this is also current point
  no. of rejections          288
 stored as    54

 highest radius point found:
  at point   -0.403   0.723  10.999
  closest atom surface    8.268   O5  173 X    0
  2nd closest surface     8.269   O   173 X    0
  found on step  996
  this is also current point
  no. of rejections          289
 stored as    55

 highest radius point found:
  at point   -0.403   0.728  11.199
  closest atom surface    8.443   O   173 X    0
  2nd closest surface     8.444   O11 173 X    0
  found on step  946
  this is also current point
  no. of rejections          295
 stored as    56

 highest radius point found:
  at point   -0.395   0.735  11.399
  closest atom surface    8.618   O5  173 X    0
  2nd closest surface     8.619   O   173 X    0
  found on step  935
  this is also current point
  no. of rejections          289
 stored as    57

 highest radius point found:
  at point   -0.397   0.743  11.599
  closest atom surface    8.794   O5  173 X    0
  2nd closest surface     8.796   O11 173 X    0
  found on step  938
  this is also current point
  no. of rejections          263
 stored as    58

 highest radius point found:
  at point   -0.388   0.745  11.799
  closest atom surface    8.972   O   173 X    0
  2nd closest surface     8.972   O5  173 X    0
  found on step  881
 current point:
  at point   -0.397   0.751  11.799
  closest atom surface    8.972   O5  173 X    0
  2nd closest surface     8.972   O11 173 X    0
  found on step  987
  no. of rejections          291
 stored as    59

 highest radius point found:
  at point   -0.384   0.752  11.999
  closest atom surface    9.150   O5  173 X    0
  2nd closest surface     9.150   O   173 X    0
  found on step  881
  this is also current point
  no. of rejections          286
 stored as    60

 highest radius point found:
  at point   -0.385   0.758  12.199
  closest atom surface    9.328   O11 173 X    0
  2nd closest surface     9.329   O5  173 X    0
  found on step  983
  this is also current point
  no. of rejections          275
 stored as    61

 highest radius point found:
  at point   -0.378   0.764  12.399
  closest atom surface    9.508   O5  173 X    0
  2nd closest surface     9.508   O11 173 X    0
  found on step  993
  this is also current point
  no. of rejections          269
 stored as    62

 highest radius point found:
  at point   -0.371   0.768  12.599
  closest atom surface    9.688   O   173 X    0
  2nd closest surface     9.689   O5  173 X    0
  found on step  907
  this is also current point
  no. of rejections          268
 stored as    63

 highest radius point found:
  at point   -0.373   0.778  12.799
  closest atom surface    9.869   O5  173 X    0
  2nd closest surface     9.869   O11 173 X    0
  found on step  957
  this is also current point
  no. of rejections          249
 stored as    64

 highest radius point found:
  at point   -0.360   0.780  12.999
  closest atom surface   10.050   O   173 X    0
  2nd closest surface    10.050   O5  173 X    0
  found on step  867
 current point:
  at point   -0.355   0.781  12.999
  closest atom surface   10.049   O5  173 X    0
  2nd closest surface    10.050   O   173 X    0
  found on step  938
  no. of rejections          263
 stored as    65

 highest radius point found:
  at point   -0.367   0.790  13.199
  closest atom surface   10.232   O11 173 X    0
  2nd closest surface    10.233   O5  173 X    0
  found on step    8
 current point:
  at point   -0.387   0.804  13.199
  closest atom surface   10.231   O5  173 X    0
  2nd closest surface    10.231   O11 173 X    0
  found on step  976
  no. of rejections          245
 stored as    66

 highest radius point found:
  at point   -0.351   0.788  13.399
  closest atom surface   10.413   O   173 X    0
  2nd closest surface    10.415   O11 173 X    0
  found on step  992
  this is also current point
  no. of rejections          251
 stored as    67

 highest radius point found:
  at point   -0.355   0.800  13.599
  closest atom surface   10.598   O11 173 X    0
  2nd closest surface    10.598   O5  173 X    0
  found on step  952
  this is also current point
  no. of rejections          255
 stored as    68

 highest radius point found:
  at point   -0.345   0.804  13.799
  closest atom surface   10.782   O5  173 X    0
  2nd closest surface    10.782   O   173 X    0
  found on step  946
  this is also current point
  no. of rejections          260
 stored as    69

 highest radius point found:
  at point   -0.342   0.809  13.999
  closest atom surface   10.966   O   173 X    0
  2nd closest surface    10.966   O11 173 X    0
  found on step  959
  this is also current point
  no. of rejections          280
 stored as    70

 highest radius point found:
  at point   -0.348   0.820  14.199
  closest atom surface   11.149   O11 173 X    0
  2nd closest surface    11.151   O5  173 X    0
  found on step  980
  this is also current point
  no. of rejections          282
 stored as    71

 highest radius point found:
  at point   -0.357   0.837  14.399
  closest atom surface   11.334   O5  173 X    0
  2nd closest surface    11.334   O11 173 X    0
  found on step  962
  this is also current point
  no. of rejections          219
 stored as    72

 highest radius point found:
  at point   -0.351   0.842  14.599
  closest atom surface   11.520   O5  173 X    0
  2nd closest surface    11.520   O6  173 X    0
  found on step  941
  this is also current point
  no. of rejections          265
 stored as    73

 highest radius point found:
  at point   -0.367   0.861  14.799
  closest atom surface   11.704   O5  173 X    0
  2nd closest surface    11.705   O11 173 X    0
  found on step  886
 current point:
  at point   -0.382   0.870  14.799
  closest atom surface   11.704   O5  173 X    0
  2nd closest surface    11.704   O11 173 X    0
  found on step  995
  no. of rejections          269
 stored as    74

 highest radius point found:
  at point   -0.356   0.860  14.999
  closest atom surface   11.890   O6  173 X    0
  2nd closest surface    11.891   O11 173 X    0
  found on step    2
 current point:
  at point   -0.361   0.867  14.999
  closest atom surface   11.890   O5  173 X    0
  2nd closest surface    11.892   O11 173 X    0
  found on step  989
  no. of rejections          239
 stored as    75

 highest radius point found:
  at point   -0.377   0.883  15.199
  closest atom surface   12.077   O11 173 X    0
  2nd closest surface    12.077   O5  173 X    0
  found on step 1000
  this is also current point
  no. of rejections          231
 stored as    76

 highest radius point found:
  at point   -0.367   0.885  15.399
  closest atom surface   12.264   O11 173 X    0
  2nd closest surface    12.265   O5  173 X    0
  found on step  400
 current point:
  at point   -0.382   0.894  15.399
  closest atom surface   12.263   O11 173 X    0
  2nd closest surface    12.264   O5  173 X    0
  found on step  897
  no. of rejections          262
 stored as    77

 highest radius point found:
  at point   -0.378   0.901  15.599
  closest atom surface   12.451   O11 173 X    0
  2nd closest surface    12.451   O5  173 X    0
  found on step  985
  this is also current point
  no. of rejections          253
 stored as    78

 highest radius point found:
  at point   -0.418   0.935  15.799
  closest atom surface   12.636   O5  173 X    0
  2nd closest surface    12.636   O11 173 X    0
  found on step  939
  this is also current point
  no. of rejections          236
 stored as    79

 highest radius point found:
  at point   -0.384   0.923  15.999
  closest atom surface   12.826   O5  173 X    0
  2nd closest surface    12.826   O11 173 X    0
  found on step  990
  this is also current point
  no. of rejections          244
 stored as    80

 highest radius point found:
  at point   -0.380   0.931  16.199
  closest atom surface   13.014   O6  173 X    0
  2nd closest surface    13.014   O5  173 X    0
  found on step  976
  this is also current point
  no. of rejections          225
 stored as    81

 highest radius point found:
  at point   -0.395   0.947  16.399
  closest atom surface   13.202   O5  173 X    0
  2nd closest surface    13.203   O11 173 X    0
  found on step  935
  this is also current point
  no. of rejections          251
 stored as    82

 highest radius point found:
  at point   -0.390   0.952  16.599
  closest atom surface   13.391   O6  173 X    0
  2nd closest surface    13.392   O11 173 X    0
  found on step  899
  this is also current point
  no. of rejections          240
 stored as    83

 highest radius point found:
  at point   -0.399   0.967  16.799
  closest atom surface   13.580   O5  173 X    0
  2nd closest surface    13.580   O11 173 X    0
  found on step  992
  this is also current point
  no. of rejections          236
 stored as    84

 highest radius point found:
  at point   -0.399   0.973  16.999
  closest atom surface   13.769   O11 173 X    0
  2nd closest surface    13.770   O6  173 X    0
  found on step  604
 current point:
  at point   -0.395   0.967  16.999
  closest atom surface   13.769   O11 173 X    0
  2nd closest surface    13.769   O6  173 X    0
  found on step  994
  no. of rejections          238
 stored as    85

 highest radius point found:
  at point   -0.445   1.012  17.199
  closest atom surface   13.957   O5  173 X    0
  2nd closest surface    13.958   O11 173 X    0
  found on step  790
 current point:
  at point   -0.473   1.030  17.199
  closest atom surface   13.956   O5  173 X    0
  2nd closest surface    13.956   O11 173 X    0
  found on step  984
  no. of rejections          227
 stored as    86

 highest radius point found:
  at point   -0.465   1.036  17.399
  closest atom surface   14.146   O5  173 X    0
  2nd closest surface    14.148   O11 173 X    0
  found on step    2
 current point:
  at point   -0.561   1.092  17.399
  closest atom surface   14.143   O11 173 X    0
  2nd closest surface    14.144   O5  173 X    0
  found on step  999
  no. of rejections          214
 stored as    87

 highest radius point found:
  at point   -0.411   1.003  17.599
  closest atom surface   14.338   O11 173 X    0
  2nd closest surface    14.340   O6  173 X    0
  found on step  396
 current point:
  at point   -0.454   1.035  17.599
  closest atom surface   14.337   O11 173 X    0
  2nd closest surface    14.338   O5  173 X    0
  found on step  961
  no. of rejections          222
 stored as    88

 highest radius point found:
  at point   -0.424   1.024  17.799
  closest atom surface   14.529   O11 173 X    0
  2nd closest surface    14.529   O5  173 X    0
  found on step  928
  this is also current point
  no. of rejections          244
 stored as    89

 highest radius point found:
  at point   -0.418   1.028  17.999
  closest atom surface   14.720   O11 173 X    0
  2nd closest surface    14.720   O6  173 X    0
  found on step  994
  this is also current point
  no. of rejections          211
 stored as    90

 highest radius point found:
  at point   -0.425   1.043  18.199
  closest atom surface   14.911   O5  173 X    0
  2nd closest surface    14.911   O11 173 X    0
  found on step  957
  this is also current point
  no. of rejections          233
 stored as    91

 highest radius point found:
  at point   -0.439   1.061  18.399
  closest atom surface   15.101   O5  173 X    0
  2nd closest surface    15.102   O11 173 X    0
  found on step    2
 current point:
  at point   -0.618   1.173  18.399
  closest atom surface   15.096   O5  173 X    0
  2nd closest surface    15.096   O11 173 X    0
  found on step  989
  no. of rejections          192
 stored as    92

 highest radius point found:
  at point   -0.439   1.073  18.599
  closest atom surface   15.292   O5  173 X    0
  2nd closest surface    15.294   O11 173 X    0
  found on step  986
  this is also current point
  no. of rejections          235
 stored as    93

 highest radius point found:
  at point   -0.451   1.085  18.799
  closest atom surface   15.484   O5  173 X    0
  2nd closest surface    15.484   O11 173 X    0
  found on step  373
 current point:
  at point   -0.665   1.219  18.799
  closest atom surface   15.478   O11 173 X    0
  2nd closest surface    15.479   O5  173 X    0
  found on step  992
  no. of rejections          232
 stored as    94

 highest radius point found:
  at point   -0.463   1.106  18.999
  closest atom surface   15.674   O5  173 X    0
  2nd closest surface    15.677   O11 173 X    0
  found on step   12
 current point:
  at point   -0.565   1.166  18.999
  closest atom surface   15.672   O5  173 X    0
  2nd closest surface    15.673   O11 173 X    0
  found on step  995
  no. of rejections          200
 stored as    95

 highest radius point found:
  at point   -0.461   1.110  19.199
  closest atom surface   15.867   O5  173 X    0
  2nd closest surface    15.868   O11 173 X    0
  found on step    2
 current point:
  at point   -0.689   1.251  19.199
  closest atom surface   15.862   O11 173 X    0
  2nd closest surface    15.862   O5  173 X    0
  found on step  970
  no. of rejections          207
 stored as    96

 highest radius point found:
  at point   -0.445   1.105  19.399
  closest atom surface   16.060   O11 173 X    0
  2nd closest surface    16.060   O6  173 X    0
  found on step  991
  this is also current point
  no. of rejections          203
 stored as    97

 highest radius point found:
  at point   -0.453   1.120  19.599
  closest atom surface   16.252   O11 173 X    0
  2nd closest surface    16.252   O5  173 X    0
  found on step  973
  this is also current point
  no. of rejections          206
 stored as    98

 highest radius point found:
  at point   -0.465   1.137  19.799
  closest atom surface   16.444   O5  173 X    0
  2nd closest surface    16.445   O11 173 X    0
  found on step  858
 current point:
  at point   -0.471   1.143  19.799
  closest atom surface   16.444   O5  173 X    0
  2nd closest surface    16.445   O11 173 X    0
  found on step  911
  no. of rejections          234
 stored as    99

 highest radius point found:
  at point   -0.454   1.143  19.999
  closest atom surface   16.636   O6  173 X    0
  2nd closest surface    16.637   O5  173 X    0
  found on step    5
 current point:
  at point   -0.495   1.164  19.999
  closest atom surface   16.636   O11 173 X    0
  2nd closest surface    16.636   O5  173 X    0
  found on step  999
  no. of rejections          228
 stored as   100

 highest radius point found:
  at point   -0.467   1.157  20.199
  closest atom surface   16.830   O5  173 X    0
  2nd closest surface    16.831   O11 173 X    0
  found on step  836
 current point:
  at point   -0.464   1.157  20.199
  closest atom surface   16.829   O5  173 X    0
  2nd closest surface    16.831   O6  173 X    0
  found on step  995
  no. of rejections          215
 stored as   101

 highest radius point found:
  at point   -0.467   1.157  20.399
  closest atom surface   17.022   O11 173 X    0
  2nd closest surface    17.023   O6  173 X    0
  found on step    1
 current point:
  at point   -0.561   1.224  20.399
  closest atom surface   17.020   O5  173 X    0
  2nd closest surface    17.021   O11 173 X    0
  found on step 1000
  no. of rejections          185
 stored as   102

 highest radius point found:
  at point   -0.467   1.176  20.599
  closest atom surface   17.215   O6  173 X    0
  2nd closest surface    17.215   O5  173 X    0
  found on step  777
 current point:
  at point   -0.770   1.363  20.599
  closest atom surface   17.211   O5  173 X    0
  2nd closest surface    17.211   O11 173 X    0
  found on step  976
  no. of rejections          213
 stored as   103

 highest radius point found:
  at point   -0.508   1.204  20.799
  closest atom surface   17.408   O11 173 X    0
  2nd closest surface    17.409   O5  173 X    0
  found on step   55
 current point:
  at point   -0.817   1.402  20.799
  closest atom surface   17.404   O5  173 X    0
  2nd closest surface    17.405   O11 173 X    0
  found on step  912
  no. of rejections          200
 stored as   104

 highest radius point found:
  at point   -0.510   1.218  20.999
  closest atom surface   17.602   O5  173 X    0
  2nd closest surface    17.602   O11 173 X    0
  found on step    2
 current point:
  at point   -0.736   1.358  20.999
  closest atom surface   17.598   O5  173 X    0
  2nd closest surface    17.598   O11 173 X    0
  found on step  989
  no. of rejections          217
 stored as   105

 highest radius point found:
  at point   -0.479   1.202  21.199
  closest atom surface   17.795   O6  173 X    0
  2nd closest surface    17.796   O11 173 X    0
  found on step    9
 current point:
  at point   -0.618   1.292  21.199
  closest atom surface   17.793   O11 173 X    0
  2nd closest surface    17.793   O5  173 X    0
  found on step  972
  no. of rejections          185
 stored as   106

 highest radius point found:
  at point   -0.493   1.217  21.399
  closest atom surface   17.988   O11 173 X    0
  2nd closest surface    17.991   O5  173 X    0
  found on step   30
 current point:
  at point   -0.576   1.274  21.399
  closest atom surface   17.988   O11 173 X    0
  2nd closest surface    17.988   O5  173 X    0
  found on step  988
  no. of rejections          210
 stored as   107

 highest radius point found:
  at point   -0.556   1.264  21.599
  closest atom surface   18.180   O11 173 X    0
  2nd closest surface    18.183   O5  173 X    0
  found on step    9
 current point:
  at point   -0.914   1.497  21.599
  closest atom surface   18.180   O5  173 X    0
  2nd closest surface    18.180   O11 173 X    0
  found on step  896
  no. of rejections          182
 stored as   108

 highest radius point found:
  at point   -0.947   1.525  21.799
  closest atom surface   18.374   O5  173 X    0
  2nd closest surface    18.374   O11 173 X    0
  found on step  905
  this is also current point
  no. of rejections          199
 stored as   109

 highest radius point found:
  at point   -0.600   1.318  21.999
  closest atom surface   18.569   O5  173 X    0
  2nd closest surface    18.570   O11 173 X    0
  found on step   48
 current point:
  at point   -0.939   1.529  21.999
  closest atom surface   18.568   O5  173 X    0
  2nd closest surface    18.568   O11 173 X    0
  found on step  946
  no. of rejections          211
 stored as   110

 highest radius point found:
  at point   -0.512   1.269  22.199
  closest atom surface   18.765   O11 173 X    0
  2nd closest surface    18.765   O5  173 X    0
  found on step  741
 current point:
  at point   -0.785   1.441  22.199
  closest atom surface   18.762   O5  173 X    0
  2nd closest surface    18.762   O11 173 X    0
  found on step  900
  no. of rejections          224
 stored as   111

 highest radius point found:
  at point   -0.506   1.274  22.399
  closest atom surface   18.960   O5  173 X    0
  2nd closest surface    18.960   O11 173 X    0
  found on step  928
  this is also current point
  no. of rejections          193
 stored as   112

 highest radius point found:
  at point   -0.506   1.274  22.599
  closest atom surface   19.152   O11 173 X    0
  2nd closest surface    19.153   O6  173 X    0
  found on step    1
 current point:
  at point   -0.891   1.527  22.599
  closest atom surface   19.151   O5  173 X    0
  2nd closest surface    19.152   O11 173 X    0
  found on step  965
  no. of rejections          208
 stored as   113

 highest radius point found:
  at point   -0.543   1.309  22.799
  closest atom surface   19.347   O11 173 X    0
  2nd closest surface    19.349   O5  173 X    0
  found on step   11
 current point:
  at point   -0.990   1.596  22.799
  closest atom surface   19.347   O5  173 X    0
  2nd closest surface    19.347   O11 173 X    0
  found on step  893
  no. of rejections          185
 stored as   114

 highest radius point found:
  at point   -0.577   1.344  22.999
  closest atom surface   19.542   O11 173 X    0
  2nd closest surface    19.542   O5  173 X    0
  found on step  837
 current point:
  at point   -0.892   1.542  22.999
  closest atom surface   19.541   O11 173 X    0
  2nd closest surface    19.541   O5  173 X    0
  found on step  979
  no. of rejections          211
 stored as   115

 highest radius point found:
  at point   -0.534   1.326  23.199
  closest atom surface   19.738   O11 173 X    0
  2nd closest surface    19.738   O5  173 X    0
  found on step  991
  this is also current point
  no. of rejections          216
 stored as   116

 highest radius point found:
  at point   -0.601   1.377  23.399
  closest atom surface   19.932   O11 173 X    0
  2nd closest surface    19.932   O5  173 X    0
  found on step  469
 current point:
  at point   -0.957   1.600  23.399
  closest atom surface   19.931   O5  173 X    0
  2nd closest surface    19.931   O11 173 X    0
  found on step  961
  no. of rejections          197
 stored as   117

 highest radius point found:
  at point   -0.591   1.379  23.599
  closest atom surface   20.127   O5  173 X    0
  2nd closest surface    20.127   O11 173 X    0
  found on step  251
 current point:
  at point   -0.724   1.462  23.599
  closest atom surface   20.126   O11 173 X    0
  2nd closest surface    20.126   O5  173 X    0
  found on step  938
  no. of rejections          198
 stored as   118

 highest radius point found:
  at point   -1.056   1.680  23.799
  closest atom surface   20.323   O9  173 X    0
  2nd closest surface    20.323   O5  173 X    0
  found on step  992
  this is also current point
  no. of rejections          199
 stored as   119

 highest radius point found:
  at point   -1.048   1.688  23.999
  closest atom surface   20.517   O5  173 X    0
  2nd closest surface    20.519   O9  173 X    0
  found on step   11
 current point:
  at point   -1.125   1.712  23.999
  closest atom surface   20.515   O11 173 X    0
  2nd closest surface    20.516   O9  173 X    0
  found on step  965
  no. of rejections          177
 stored as   120

 highest radius point found:
  at point   -1.072   1.706  24.199
  closest atom surface   20.714   O11 173 X    0
  2nd closest surface    20.714   O5  173 X    0
  found on step  972
  this is also current point
  no. of rejections          184
 stored as   121

 highest radius point found:
  at point   -1.084   1.722  24.399
  closest atom surface   20.910   O11 173 X    0
  2nd closest surface    20.910   O5  173 X    0
  found on step  991
  this is also current point
  no. of rejections          193
 stored as   122

 highest radius point found:
  at point   -1.098   1.739  24.599
  closest atom surface   21.105   O11 173 X    0
  2nd closest surface    21.105   O9  173 X    0
  found on step  740
 current point:
  at point   -1.079   1.728  24.599
  closest atom surface   21.105   O11 173 X    0
  2nd closest surface    21.105   O5  173 X    0
  found on step  969
  no. of rejections          197
 stored as   123

 highest radius point found:
  at point   -1.095   1.744  24.799
  closest atom surface   21.300   O11 173 X    0
  2nd closest surface    21.301   O5  173 X    0
  found on step  758
 current point:
  at point   -1.028   1.705  24.799
  closest atom surface   21.300   O5  173 X    0
  2nd closest surface    21.300   O11 173 X    0
  found on step  968
  no. of rejections          168
 stored as   124

 highest radius point found:
  at point   -1.091   1.751  24.999
  closest atom surface   21.496   O11 173 X    0
  2nd closest surface    21.497   O5  173 X    0
  found on step  419
 current point:
  at point   -0.576   1.429  24.999
  closest atom surface   21.494   O11 173 X    0
  2nd closest surface    21.494   O5  173 X    0
  found on step 1000
  no. of rejections          178
 stored as   125

 highest radius point found:
  at point   -1.072   1.760  25.199
  closest atom surface   21.691   O5  173 X    0
  2nd closest surface    21.694   O11 173 X    0
  found on step    2
 current point:
  at point   -0.581   1.441  25.199
  closest atom surface   21.690   O11 173 X    0
  2nd closest surface    21.690   O5  173 X    0
  found on step  959
  no. of rejections          182
 stored as   126

 highest radius point found:
  at point   -1.134   1.796  25.399
  closest atom surface   21.889   O11 173 X    0
  2nd closest surface    21.889   O5  173 X    0
  found on step  897
  this is also current point
  no. of rejections          172
 stored as   127

 highest radius point found:
  at point   -1.140   1.814  25.599
  closest atom surface   22.084   O5  173 X    0
  2nd closest surface    22.085   O9  173 X    0
  found on step    4
 current point:
  at point   -0.570   1.452  25.599
  closest atom surface   22.082   O6  173 X    0
  2nd closest surface    22.082   O5  173 X    0
  found on step  884
  no. of rejections          203
 This is an end! (radius above  22.0 angs)
 highest radius point found:
  at point   -0.056   0.076  -0.201
  closest atom surface    3.013   C   173 X    0
  2nd closest surface     3.013   C18 173 X    0
  found on step  990
  this is also current point
  no. of rejections          385
 stored as    -1

 highest radius point found:
  at point   -0.001   0.031  -0.401
  closest atom surface    3.023   C19 173 X    0
  2nd closest surface     3.024   C   173 X    0
  found on step  892
  this is also current point
  no. of rejections          412
 stored as    -2

 highest radius point found:
  at point    0.014  -0.029  -0.601
  closest atom surface    3.042   C19 173 X    0
  2nd closest surface     3.043   C   173 X    0
  found on step  898
  this is also current point
  no. of rejections          397
 stored as    -3

 highest radius point found:
  at point    0.045  -0.052  -0.801
  closest atom surface    3.034   C34 173 X    0
  2nd closest surface     3.034   C35 173 X    0
  found on step  342
 current point:
  at point    0.049  -0.054  -0.801
  closest atom surface    3.032   C34 173 X    0
  2nd closest surface     3.034   C35 173 X    0
  found on step  986
  no. of rejections          414
 stored as    -4

 highest radius point found:
  at point    0.045  -0.059  -1.001
  closest atom surface    3.023   C19 173 X    0
  2nd closest surface     3.024   C18 173 X    0
  found on step  869
 current point:
  at point    0.070  -0.076  -1.001
  closest atom surface    3.022   C8  173 X    0
  2nd closest surface     3.022   C34 173 X    0
  found on step  913
  no. of rejections          390
 stored as    -5

 highest radius point found:
  at point    0.061  -0.079  -1.201
  closest atom surface    3.021   C8  173 X    0
  2nd closest surface     3.025   C34 173 X    0
  found on step  820
 current point:
  at point    0.085  -0.091  -1.201
  closest atom surface    3.019   C34 173 X    0
  2nd closest surface     3.020   C8  173 X    0
  found on step  991
  no. of rejections          390
 stored as    -6

 highest radius point found:
  at point    0.070  -0.089  -1.401
  closest atom surface    3.029   C34 173 X    0
  2nd closest surface     3.030   C8  173 X    0
  found on step  979
  this is also current point
  no. of rejections          419
 stored as    -7

 highest radius point found:
  at point    0.083  -0.104  -1.601
  closest atom surface    3.044   C34 173 X    0
  2nd closest surface     3.044   C8  173 X    0
  found on step  266
 current point:
  at point    0.076  -0.102  -1.601
  closest atom surface    3.043   C8  173 X    0
  2nd closest surface     3.046   C18 173 X    0
  found on step  993
  no. of rejections          419
 stored as    -8

 highest radius point found:
  at point    0.099  -0.120  -1.801
  closest atom surface    3.065   C34 173 X    0
  2nd closest surface     3.066   C8  173 X    0
  found on step  791
 current point:
  at point    0.087  -0.115  -1.801
  closest atom surface    3.065   C8  173 X    0
  2nd closest surface     3.069   C34 173 X    0
  found on step  972
  no. of rejections          392
 stored as    -9

 highest radius point found:
  at point    0.103  -0.130  -2.001
  closest atom surface    3.097   C8  173 X    0
  2nd closest surface     3.097   C34 173 X    0
  found on step 1000
  this is also current point
  no. of rejections          412
 stored as   -10

 highest radius point found:
  at point    0.090  -0.143  -2.201
  closest atom surface    3.126   C8  173 X    0
  2nd closest surface     3.127   H28 173 X    0
  found on step   87
 current point:
  at point    0.082  -0.141  -2.201
  closest atom surface    3.125   C18 173 X    0
  2nd closest surface     3.125   C8  173 X    0
  found on step  974
  no. of rejections          402
 stored as   -11

 highest radius point found:
  at point    0.056  -0.156  -2.401
  closest atom surface    3.152   C18 173 X    0
  2nd closest surface     3.152   H28 173 X    0
  found on step 1000
  this is also current point
  no. of rejections          392
 stored as   -12

 highest radius point found:
  at point    0.026  -0.174  -2.601
  closest atom surface    3.187   H28 173 X    0
  2nd closest surface     3.188   C8  173 X    0
  found on step  995
  this is also current point
  no. of rejections          390
 stored as   -13

 highest radius point found:
  at point   -0.003  -0.191  -2.801
  closest atom surface    3.230   H28 173 X    0
  2nd closest surface     3.230   C8  173 X    0
  found on step  985
  this is also current point
  no. of rejections          402
 stored as   -14

 highest radius point found:
  at point   -0.015  -0.204  -3.001
  closest atom surface    3.263   O2  173 X    0
  2nd closest surface     3.264   O4  173 X    0
  found on step  862
 current point:
  at point   -0.009  -0.207  -3.001
  closest atom surface    3.262   H28 173 X    0
  2nd closest surface     3.262   O2  173 X    0
  found on step  995
  no. of rejections          420
 stored as   -15

 highest radius point found:
  at point   -0.010  -0.217  -3.201
  closest atom surface    3.292   O4  173 X    0
  2nd closest surface     3.292   O2  173 X    0
  found on step  596
 current point:
  at point   -0.003  -0.223  -3.201
  closest atom surface    3.289   O2  173 X    0
  2nd closest surface     3.294   H28 173 X    0
  found on step  970
  no. of rejections          419
 stored as   -16

 highest radius point found:
  at point    0.001  -0.229  -3.401
  closest atom surface    3.331   O4  173 X    0
  2nd closest surface     3.331   O2  173 X    0
  found on step  841
 current point:
  at point    0.005  -0.232  -3.401
  closest atom surface    3.330   O2  173 X    0
  2nd closest surface     3.330   H28 173 X    0
  found on step  922
  no. of rejections          399
 stored as   -17

 highest radius point found:
  at point    0.007  -0.244  -3.601
  closest atom surface    3.373   H26 173 X    0
  2nd closest surface     3.374   O2  173 X    0
  found on step  835
 current point:
  at point    0.010  -0.237  -3.601
  closest atom surface    3.373   H26 173 X    0
  2nd closest surface     3.373   O4  173 X    0
  found on step  995
  no. of rejections          387
 stored as   -18

 highest radius point found:
  at point    0.005  -0.258  -3.801
  closest atom surface    3.424   O4  173 X    0
  2nd closest surface     3.424   O2  173 X    0
  found on step  384
 current point:
  at point    0.013  -0.249  -3.801
  closest atom surface    3.422   O4  173 X    0
  2nd closest surface     3.422   H26 173 X    0
  found on step  904
  no. of rejections          406
 stored as   -19

 highest radius point found:
  at point    0.008  -0.272  -4.001
  closest atom surface    3.481   O4  173 X    0
  2nd closest surface     3.482   O2  173 X    0
  found on step  903
  this is also current point
  no. of rejections          383
 stored as   -20

 highest radius point found:
  at point    0.014  -0.285  -4.201
  closest atom surface    3.545   H26 173 X    0
  2nd closest surface     3.548   O4  173 X    0
  found on step  904
  this is also current point
  no. of rejections          349
 stored as   -21

 highest radius point found:
  at point    0.012  -0.298  -4.401
  closest atom surface    3.616   O4  173 X    0
  2nd closest surface     3.619   O2  173 X    0
  found on step  539
 current point:
  at point    0.021  -0.290  -4.401
  closest atom surface    3.616   O4  173 X    0
  2nd closest surface     3.616   H26 173 X    0
  found on step  893
  no. of rejections          363
 stored as   -22

 highest radius point found:
  at point    0.020  -0.313  -4.601
  closest atom surface    3.697   H26 173 X    0
  2nd closest surface     3.698   O4  173 X    0
  found on step  973
  this is also current point
  no. of rejections          387
 stored as   -23

 highest radius point found:
  at point    0.024  -0.326  -4.801
  closest atom surface    3.782   O4  173 X    0
  2nd closest surface     3.784   H26 173 X    0
  found on step  996
  this is also current point
  no. of rejections          362
 stored as   -24

 highest radius point found:
  at point    0.033  -0.337  -5.001
  closest atom surface    3.874   H26 173 X    0
  2nd closest surface     3.874   O4  173 X    0
  found on step  974
  this is also current point
  no. of rejections          406
 stored as   -25

 highest radius point found:
  at point    0.036  -0.352  -5.201
  closest atom surface    3.972   O4  173 X    0
  2nd closest surface     3.973   H26 173 X    0
  found on step  934
  this is also current point
  no. of rejections          389
 stored as   -26

 highest radius point found:
  at point    0.045  -0.365  -5.401
  closest atom surface    4.075   H26 173 X    0
  2nd closest surface     4.076   O4  173 X    0
  found on step  983
  this is also current point
  no. of rejections          365
 stored as   -27

 highest radius point found:
  at point    0.052  -0.378  -5.601
  closest atom surface    4.183   H26 173 X    0
  2nd closest surface     4.184   O4  173 X    0
  found on step  904
  this is also current point
  no. of rejections          369
 stored as   -28

 highest radius point found:
  at point    0.062  -0.386  -5.801
  closest atom surface    4.296   O4  173 X    0
  2nd closest surface     4.297   H26 173 X    0
  found on step 1000
  this is also current point
  no. of rejections          367
 stored as   -29

 highest radius point found:
  at point    0.071  -0.399  -6.001
  closest atom surface    4.415   O4  173 X    0
  2nd closest surface     4.415   H26 173 X    0
  found on step  961
  this is also current point
  no. of rejections          366
 stored as   -30

 highest radius point found:
  at point    0.075  -0.417  -6.201
  closest atom surface    4.538   O4  173 X    0
  2nd closest surface     4.540   H26 173 X    0
  found on step  923
  this is also current point
  no. of rejections          358
 stored as   -31

 highest radius point found:
  at point    0.087  -0.427  -6.401
  closest atom surface    4.665   O4  173 X    0
  2nd closest surface     4.666   H26 173 X    0
  found on step  812
 current point:
  at point    0.085  -0.426  -6.401
  closest atom surface    4.663   O4  173 X    0
  2nd closest surface     4.667   H26 173 X    0
  found on step  978
  no. of rejections          370
 stored as   -32

 highest radius point found:
  at point    0.095  -0.442  -6.601
  closest atom surface    4.796   O4  173 X    0
  2nd closest surface     4.797   H26 173 X    0
  found on step  983
  this is also current point
  no. of rejections          337
 stored as   -33

 highest radius point found:
  at point    0.100  -0.456  -6.801
  closest atom surface    4.929   O4  173 X    0
  2nd closest surface     4.930   O2  173 X    0
  found on step  622
 current point:
  at point    0.112  -0.446  -6.801
  closest atom surface    4.929   H26 173 X    0
  2nd closest surface     4.929   O4  173 X    0
  found on step  993
  no. of rejections          333
 stored as   -34

 highest radius point found:
  at point    0.116  -0.467  -7.001
  closest atom surface    5.069   O4  173 X    0
  2nd closest surface     5.069   H26 173 X    0
  found on step  962
  this is also current point
  no. of rejections          345
 stored as   -35

 highest radius point found:
  at point    0.128  -0.481  -7.201
  closest atom surface    5.209   H26 173 X    0
  2nd closest surface     5.210   O2  173 X    0
  found on step  868
 current point:
  at point    0.130  -0.477  -7.201
  closest atom surface    5.208   H26 173 X    0
  2nd closest surface     5.211   O4  173 X    0
  found on step  945
  no. of rejections          347
 stored as   -36

 highest radius point found:
  at point    0.139  -0.492  -7.401
  closest atom surface    5.353   H26 173 X    0
  2nd closest surface     5.355   O4  173 X    0
  found on step  922
  this is also current point
  no. of rejections          309
 stored as   -37

 highest radius point found:
  at point    0.149  -0.509  -7.601
  closest atom surface    5.499   O2  173 X    0
  2nd closest surface     5.501   H26 173 X    0
  found on step  997
  this is also current point
  no. of rejections          312
 stored as   -38

 highest radius point found:
  at point    0.160  -0.516  -7.801
  closest atom surface    5.651   O4  173 X    0
  2nd closest surface     5.651   H26 173 X    0
  found on step  965
  this is also current point
  no. of rejections          336
 stored as   -39

 highest radius point found:
  at point    0.172  -0.529  -8.001
  closest atom surface    5.803   O2  173 X    0
  2nd closest surface     5.803   O4  173 X    0
  found on step  946
  this is also current point
  no. of rejections          317
 stored as   -40

 highest radius point found:
  at point    0.183  -0.542  -8.201
  closest atom surface    5.957   O2  173 X    0
  2nd closest surface     5.958   O4  173 X    0
  found on step  964
  this is also current point
  no. of rejections          325
 stored as   -41

 highest radius point found:
  at point    0.199  -0.548  -8.401
  closest atom surface    6.113   O4  173 X    0
  2nd closest surface     6.114   H26 173 X    0
  found on step  961
  this is also current point
  no. of rejections          331
 stored as   -42

 highest radius point found:
  at point    0.210  -0.566  -8.601
  closest atom surface    6.272   O2  173 X    0
  2nd closest surface     6.273   H26 173 X    0
  found on step  691
 current point:
  at point    0.216  -0.555  -8.601
  closest atom surface    6.271   H26 173 X    0
  2nd closest surface     6.271   O4  173 X    0
  found on step  988
  no. of rejections          336
 stored as   -43

 highest radius point found:
  at point    0.224  -0.574  -8.801
  closest atom surface    6.433   O4  173 X    0
  2nd closest surface     6.433   H26 173 X    0
  found on step  556
 current point:
  at point    0.225  -0.582  -8.801
  closest atom surface    6.431   O2  173 X    0
  2nd closest surface     6.432   H26 173 X    0
  found on step  972
  no. of rejections          292
 stored as   -44

 highest radius point found:
  at point    0.235  -0.587  -9.001
  closest atom surface    6.596   O4  173 X    0
  2nd closest surface     6.597   O2  173 X    0
  found on step  634
 current point:
  at point    0.242  -0.583  -9.001
  closest atom surface    6.594   H26 173 X    0
  2nd closest surface     6.597   O4  173 X    0
  found on step  974
  no. of rejections          316
 stored as   -45

 highest radius point found:
  at point    0.250  -0.598  -9.201
  closest atom surface    6.760   H26 173 X    0
  2nd closest surface     6.760   O4  173 X    0
  found on step  988
  this is also current point
  no. of rejections          311
 stored as   -46

 highest radius point found:
  at point    0.263  -0.608  -9.401
  closest atom surface    6.926   O4  173 X    0
  2nd closest surface     6.926   H26 173 X    0
  found on step  799
 current point:
  at point    0.266  -0.607  -9.401
  closest atom surface    6.925   H26 173 X    0
  2nd closest surface     6.926   O4  173 X    0
  found on step  974
  no. of rejections          293
 stored as   -47

 highest radius point found:
  at point    0.280  -0.623  -9.601
  closest atom surface    7.092   H26 173 X    0
  2nd closest surface     7.094   O2  173 X    0
  found on step  815
 current point:
  at point    0.282  -0.616  -9.601
  closest atom surface    7.092   H26 173 X    0
  2nd closest surface     7.093   O4  173 X    0
  found on step  971
  no. of rejections          315
 stored as   -48

 highest radius point found:
  at point    0.296  -0.629  -9.801
  closest atom surface    7.260   H26 173 X    0
  2nd closest surface     7.262   O4  173 X    0
  found on step  943
  this is also current point
  no. of rejections          286
 stored as   -49

 highest radius point found:
  at point    0.306  -0.642 -10.001
  closest atom surface    7.432   O4  173 X    0
  2nd closest surface     7.432   H26 173 X    0
  found on step  928
  this is also current point
  no. of rejections          310
 stored as   -50

 highest radius point found:
  at point    0.311  -0.663 -10.201
  closest atom surface    7.600   O7  173 X    0
  2nd closest surface     7.600   O2  173 X    0
  found on step  952
  this is also current point
  no. of rejections          274
 stored as   -51

 highest radius point found:
  at point    0.312  -0.674 -10.401
  closest atom surface    7.771   O2  173 X    0
  2nd closest surface     7.771   O4  173 X    0
  found on step  998
  this is also current point
  no. of rejections          291
 stored as   -52

 highest radius point found:
  at point    0.320  -0.680 -10.601
  closest atom surface    7.940   O4  173 X    0
  2nd closest surface     7.941   O7  173 X    0
  found on step  555
 current point:
  at point    0.313  -0.684 -10.601
  closest atom surface    7.939   O4  173 X    0
  2nd closest surface     7.943   O2  173 X    0
  found on step  926
  no. of rejections          302
 stored as   -53

 highest radius point found:
  at point    0.322  -0.701 -10.801
  closest atom surface    8.113   O7  173 X    0
  2nd closest surface     8.114   O2  173 X    0
  found on step  978
  this is also current point
  no. of rejections          294
 stored as   -54

 highest radius point found:
  at point    0.326  -0.711 -11.001
  closest atom surface    8.286   O4  173 X    0
  2nd closest surface     8.286   O7  173 X    0
  found on step  907
  this is also current point
  no. of rejections          311
 stored as   -55

 highest radius point found:
  at point    0.329  -0.726 -11.201
  closest atom surface    8.460   O7  173 X    0
  2nd closest surface     8.461   O4  173 X    0
  found on step  999
  this is also current point
  no. of rejections          282
 stored as   -56

 highest radius point found:
  at point    0.332  -0.743 -11.401
  closest atom surface    8.636   O7  173 X    0
  2nd closest surface     8.636   O2  173 X    0
  found on step  998
  this is also current point
  no. of rejections          301
 stored as   -57

 highest radius point found:
  at point    0.337  -0.754 -11.601
  closest atom surface    8.812   O4  173 X    0
  2nd closest surface     8.812   O7  173 X    0
  found on step  893
 current point:
  at point    0.337  -0.754 -11.601
  closest atom surface    8.812   O7  173 X    0
  2nd closest surface     8.812   O4  173 X    0
  found on step  900
  no. of rejections          263
 stored as   -58

 highest radius point found:
  at point    0.341  -0.767 -11.801
  closest atom surface    8.988   O7  173 X    0
  2nd closest surface     8.988   O4  173 X    0
  found on step  985
  this is also current point
  no. of rejections          265
 stored as   -59

 highest radius point found:
  at point    0.343  -0.782 -12.001
  closest atom surface    9.166   O4  173 X    0
  2nd closest surface     9.167   O7  173 X    0
  found on step  910
  this is also current point
  no. of rejections          287
 stored as   -60

 highest radius point found:
  at point    0.345  -0.796 -12.201
  closest atom surface    9.344   O4  173 X    0
  2nd closest surface     9.345   O2  173 X    0
  found on step  834
 current point:
  at point    0.351  -0.792 -12.201
  closest atom surface    9.344   O7  173 X    0
  2nd closest surface     9.344   O4  173 X    0
  found on step  970
  no. of rejections          288
 stored as   -61

 highest radius point found:
  at point    0.353  -0.811 -12.401
  closest atom surface    9.523   O7  173 X    0
  2nd closest surface     9.525   O2  173 X    0
  found on step    3
 current point:
  at point    0.344  -0.811 -12.401
  closest atom surface    9.522   O4  173 X    0
  2nd closest surface     9.523   O2  173 X    0
  found on step  991
  no. of rejections          262
 stored as   -62

 highest radius point found:
  at point    0.352  -0.826 -12.601
  closest atom surface    9.703   O4  173 X    0
  2nd closest surface     9.703   O2  173 X    0
  found on step  927
  this is also current point
  no. of rejections          214
 stored as   -63

 highest radius point found:
  at point    0.355  -0.840 -12.801
  closest atom surface    9.884   O2  173 X    0
  2nd closest surface     9.884   O4  173 X    0
  found on step  723
 current point:
  at point    0.344  -0.842 -12.801
  closest atom surface    9.881   O2  173 X    0
  2nd closest surface     9.881   O4  173 X    0
  found on step  931
  no. of rejections          243
 stored as   -64

 highest radius point found:
  at point    0.362  -0.852 -13.001
  closest atom surface   10.065   O4  173 X    0
  2nd closest surface    10.066   O2  173 X    0
  found on step  975
  this is also current point
  no. of rejections          263
 stored as   -65

 highest radius point found:
  at point    0.366  -0.866 -13.201
  closest atom surface   10.247   O4  173 X    0
  2nd closest surface    10.248   O2  173 X    0
  found on step  988
  this is also current point
  no. of rejections          263
 stored as   -66

 highest radius point found:
  at point    0.368  -0.880 -13.401
  closest atom surface   10.429   O4  173 X    0
  2nd closest surface    10.430   O2  173 X    0
  found on step  990
  this is also current point
  no. of rejections          284
 stored as   -67

 highest radius point found:
  at point    0.374  -0.895 -13.601
  closest atom surface   10.613   O2  173 X    0
  2nd closest surface    10.613   O7  173 X    0
  found on step  907
  this is also current point
  no. of rejections          241
 stored as   -68

 highest radius point found:
  at point    0.380  -0.910 -13.801
  closest atom surface   10.796   O7  173 X    0
  2nd closest surface    10.796   O2  173 X    0
  found on step  993
  this is also current point
  no. of rejections          258
 stored as   -69

 highest radius point found:
  at point    0.380  -0.922 -14.001
  closest atom surface   10.980   O4  173 X    0
  2nd closest surface    10.980   O2  173 X    0
  found on step  904
  this is also current point
  no. of rejections          269
 stored as   -70

 highest radius point found:
  at point    0.386  -0.936 -14.201
  closest atom surface   11.165   O7  173 X    0
  2nd closest surface    11.165   O2  173 X    0
  found on step  989
  this is also current point
  no. of rejections          226
 stored as   -71

 highest radius point found:
  at point    0.395  -0.944 -14.401
  closest atom surface   11.349   O7  173 X    0
  2nd closest surface    11.350   O4  173 X    0
  found on step  869
 current point:
  at point    0.395  -0.949 -14.401
  closest atom surface   11.348   O7  173 X    0
  2nd closest surface    11.351   O2  173 X    0
  found on step  942
  no. of rejections          256
 stored as   -72

 highest radius point found:
  at point    0.390  -0.964 -14.601
  closest atom surface   11.535   O2  173 X    0
  2nd closest surface    11.535   O4  173 X    0
  found on step  908
  this is also current point
  no. of rejections          231
 stored as   -73

 highest radius point found:
  at point    0.398  -0.974 -14.801
  closest atom surface   11.721   O4  173 X    0
  2nd closest surface    11.721   O7  173 X    0
  found on step  847
 current point:
  at point    0.400  -0.977 -14.801
  closest atom surface   11.721   O7  173 X    0
  2nd closest surface    11.722   O2  173 X    0
  found on step  993
  no. of rejections          262
 stored as   -74

 highest radius point found:
  at point    0.405  -0.987 -15.001
  closest atom surface   11.907   O7  173 X    0
  2nd closest surface    11.908   O4  173 X    0
  found on step  616
 current point:
  at point    0.403  -0.985 -15.001
  closest atom surface   11.907   O4  173 X    0
  2nd closest surface    11.907   O7  173 X    0
  found on step  938
  no. of rejections          260
 stored as   -75

 highest radius point found:
  at point    0.407  -1.005 -15.201
  closest atom surface   12.094   O7  173 X    0
  2nd closest surface    12.095   O2  173 X    0
  found on step  990
  this is also current point
  no. of rejections          232
 stored as   -76

 highest radius point found:
  at point    0.410  -1.018 -15.401
  closest atom surface   12.281   O7  173 X    0
  2nd closest surface    12.282   O4  173 X    0
  found on step  934
  this is also current point
  no. of rejections          244
 stored as   -77

 highest radius point found:
  at point    0.413  -1.034 -15.601
  closest atom surface   12.469   O7  173 X    0
  2nd closest surface    12.469   O2  173 X    0
  found on step  990
  this is also current point
  no. of rejections          238
 stored as   -78

 highest radius point found:
  at point    0.416  -1.045 -15.801
  closest atom surface   12.657   O4  173 X    0
  2nd closest surface    12.657   O7  173 X    0
  found on step  996
  this is also current point
  no. of rejections          234
 stored as   -79

 highest radius point found:
  at point    0.420  -1.060 -16.001
  closest atom surface   12.845   O4  173 X    0
  2nd closest surface    12.845   O2  173 X    0
  found on step  978
  this is also current point
  no. of rejections          240
 stored as   -80

 highest radius point found:
  at point    0.422  -1.074 -16.201
  closest atom surface   13.033   O2  173 X    0
  2nd closest surface    13.034   O4  173 X    0
  found on step  915
  this is also current point
  no. of rejections          231
 stored as   -81

 highest radius point found:
  at point    0.428  -1.087 -16.401
  closest atom surface   13.222   O7  173 X    0
  2nd closest surface    13.222   O4  173 X    0
  found on step  993
  this is also current point
  no. of rejections          232
 stored as   -82

 highest radius point found:
  at point    0.428  -1.103 -16.601
  closest atom surface   13.411   O2  173 X    0
  2nd closest surface    13.411   O4  173 X    0
  found on step  717
 current point:
  at point    0.430  -1.104 -16.601
  closest atom surface   13.411   O2  173 X    0
  2nd closest surface    13.412   O4  173 X    0
  found on step  957
  no. of rejections          232
 stored as   -83

 highest radius point found:
  at point    0.432  -1.117 -16.801
  closest atom surface   13.600   O2  173 X    0
  2nd closest surface    13.601   O4  173 X    0
  found on step  900
  this is also current point
  no. of rejections          250
 stored as   -84

 highest radius point found:
  at point    0.444  -1.123 -17.001
  closest atom surface   13.790   O7  173 X    0
  2nd closest surface    13.790   O4  173 X    0
  found on step  976
  this is also current point
  no. of rejections          234
 stored as   -85

 highest radius point found:
  at point    0.445  -1.146 -17.201
  closest atom surface   13.980   O2  173 X    0
  2nd closest surface    13.980   O7  173 X    0
  found on step  994
  this is also current point
  no. of rejections          232
 stored as   -86

 highest radius point found:
  at point    0.449  -1.157 -17.401
  closest atom surface   14.170   O7  173 X    0
  2nd closest surface    14.171   O2  173 X    0
  found on step  972
  this is also current point
  no. of rejections          219
 stored as   -87

 highest radius point found:
  at point    0.452  -1.167 -17.601
  closest atom surface   14.361   O4  173 X    0
  2nd closest surface    14.361   O7  173 X    0
  found on step  999
  this is also current point
  no. of rejections          228
 stored as   -88

 highest radius point found:
  at point    0.448  -1.186 -17.801
  closest atom surface   14.551   O2  173 X    0
  2nd closest surface    14.551   O4  173 X    0
  found on step  879
 current point:
  at point    0.458  -1.177 -17.801
  closest atom surface   14.551   O4  173 X    0
  2nd closest surface    14.552   O7  173 X    0
  found on step  979
  no. of rejections          220
 stored as   -89

 highest radius point found:
  at point    0.456  -1.199 -18.001
  closest atom surface   14.743   O2  173 X    0
  2nd closest surface    14.743   O4  173 X    0
  found on step  937
  this is also current point
  no. of rejections          234
 stored as   -90

 highest radius point found:
  at point    0.465  -1.215 -18.201
  closest atom surface   14.933   O7  173 X    0
  2nd closest surface    14.934   O2  173 X    0
  found on step  990
  this is also current point
  no. of rejections          210
 stored as   -91

 highest radius point found:
  at point    0.470  -1.220 -18.401
  closest atom surface   15.125   O7  173 X    0
  2nd closest surface    15.125   O4  173 X    0
  found on step  852
 current point:
  at point    0.461  -1.227 -18.401
  closest atom surface   15.125   O4  173 X    0
  2nd closest surface    15.125   O2  173 X    0
  found on step  992
  no. of rejections          205
 stored as   -92

 highest radius point found:
  at point    0.469  -1.242 -18.601
  closest atom surface   15.316   O2  173 X    0
  2nd closest surface    15.318   O7  173 X    0
  found on step  959
  this is also current point
  no. of rejections          210
 stored as   -93

 highest radius point found:
  at point    0.472  -1.256 -18.801
  closest atom surface   15.508   O2  173 X    0
  2nd closest surface    15.509   O7  173 X    0
  found on step  998
  this is also current point
  no. of rejections          215
 stored as   -94

 highest radius point found:
  at point    0.478  -1.267 -19.001
  closest atom surface   15.701   O7  173 X    0
  2nd closest surface    15.701   O2  173 X    0
  found on step  924
  this is also current point
  no. of rejections          220
 stored as   -95

 highest radius point found:
  at point    0.482  -1.280 -19.201
  closest atom surface   15.893   O4  173 X    0
  2nd closest surface    15.893   O7  173 X    0
  found on step  985
  this is also current point
  no. of rejections          231
 stored as   -96

 highest radius point found:
  at point    0.496  -1.279 -19.401
  closest atom surface   16.083   O7  173 X    0
  2nd closest surface    16.084   O4  173 X    0
  found on step  988
  this is also current point
  no. of rejections          206
 stored as   -97

 highest radius point found:
  at point    0.491  -1.308 -19.601
  closest atom surface   16.278   O7  173 X    0
  2nd closest surface    16.278   O4  173 X    0
  found on step  951
  this is also current point
  no. of rejections          216
 stored as   -98

 highest radius point found:
  at point    0.492  -1.326 -19.801
  closest atom surface   16.470   O2  173 X    0
  2nd closest surface    16.471   O7  173 X    0
  found on step  979
  this is also current point
  no. of rejections          209
 stored as   -99

 highest radius point found:
  at point    0.493  -1.339 -20.001
  closest atom surface   16.663   O2  173 X    0
  2nd closest surface    16.664   O4  173 X    0
  found on step  957
  this is also current point
  no. of rejections          201
 stored as  -100

 highest radius point found:
  at point    0.496  -1.351 -20.201
  closest atom surface   16.856   O2  173 X    0
  2nd closest surface    16.856   O4  173 X    0
  found on step  892
  this is also current point
  no. of rejections          225
 stored as  -101

 highest radius point found:
  at point    0.505  -1.362 -20.401
  closest atom surface   17.050   O4  173 X    0
  2nd closest surface    17.050   O7  173 X    0
  found on step  934
  this is also current point
  no. of rejections          187
 stored as  -102

 highest radius point found:
  at point    0.500  -1.380 -20.601
  closest atom surface   17.242   O2  173 X    0
  2nd closest surface    17.242   O4  173 X    0
  found on step  998
  this is also current point
  no. of rejections          220
 stored as  -103

 highest radius point found:
  at point    0.514  -1.387 -20.801
  closest atom surface   17.436   O4  173 X    0
  2nd closest surface    17.437   O7  173 X    0
  found on step  933
  this is also current point
  no. of rejections          201
 stored as  -104

 highest radius point found:
  at point    0.517  -1.407 -21.001
  closest atom surface   17.630   O7  173 X    0
  2nd closest surface    17.630   O2  173 X    0
  found on step  987
  this is also current point
  no. of rejections          203
 stored as  -105

 highest radius point found:
  at point    0.526  -1.412 -21.201
  closest atom surface   17.823   O7  173 X    0
  2nd closest surface    17.824   O4  173 X    0
  found on step  990
  this is also current point
  no. of rejections          209
 stored as  -106

 highest radius point found:
  at point    0.524  -1.432 -21.401
  closest atom surface   18.018   O4  173 X    0
  2nd closest surface    18.018   O7  173 X    0
  found on step  953
  this is also current point
  no. of rejections          190
 stored as  -107

 highest radius point found:
  at point    0.525  -1.450 -21.601
  closest atom surface   18.212   O2  173 X    0
  2nd closest surface    18.213   O4  173 X    0
  found on step  962
  this is also current point
  no. of rejections          216
 stored as  -108

 highest radius point found:
  at point    0.532  -1.461 -21.801
  closest atom surface   18.406   O7  173 X    0
  2nd closest surface    18.407   O2  173 X    0
  found on step  972
  this is also current point
  no. of rejections          224
 stored as  -109

 highest radius point found:
  at point    0.539  -1.482 -22.001
  closest atom surface   18.600   O2  173 X    0
  2nd closest surface    18.600   O7  173 X    0
  found on step  966
  this is also current point
  no. of rejections          184
 stored as  -110

 highest radius point found:
  at point    0.537  -1.492 -22.201
  closest atom surface   18.794   O2  173 X    0
  2nd closest surface    18.796   O4  173 X    0
  found on step  991
  this is also current point
  no. of rejections          210
 stored as  -111

 highest radius point found:
  at point    0.543  -1.502 -22.401
  closest atom surface   18.990   O4  173 X    0
  2nd closest surface    18.990   O2  173 X    0
  found on step  968
  this is also current point
  no. of rejections          192
 stored as  -112

 highest radius point found:
  at point    0.548  -1.517 -22.601
  closest atom surface   19.184   O7  173 X    0
  2nd closest surface    19.184   O2  173 X    0
  found on step 1000
  this is also current point
  no. of rejections          222
 stored as  -113

 highest radius point found:
  at point    0.548  -1.529 -22.801
  closest atom surface   19.379   O4  173 X    0
  2nd closest surface    19.379   O2  173 X    0
  found on step  983
  this is also current point
  no. of rejections          199
 stored as  -114

 highest radius point found:
  at point    0.556  -1.543 -23.001
  closest atom surface   19.574   O7  173 X    0
  2nd closest surface    19.574   O2  173 X    0
  found on step  990
  this is also current point
  no. of rejections          189
 stored as  -115

 highest radius point found:
  at point    0.558  -1.558 -23.201
  closest atom surface   19.769   O2  173 X    0
  2nd closest surface    19.769   O7  173 X    0
  found on step  994
  this is also current point
  no. of rejections          188
 stored as  -116

 highest radius point found:
  at point    0.564  -1.574 -23.401
  closest atom surface   19.964   O2  173 X    0
  2nd closest surface    19.964   O7  173 X    0
  found on step  944
  this is also current point
  no. of rejections          182
 stored as  -117

 highest radius point found:
  at point    0.568  -1.590 -23.601
  closest atom surface   20.159   O2  173 X    0
  2nd closest surface    20.159   O7  173 X    0
  found on step  880
 current point:
  at point    0.560  -1.587 -23.601
  closest atom surface   20.158   O2  173 X    0
  2nd closest surface    20.159   O4  173 X    0
  found on step  970
  no. of rejections          216
 stored as  -118

 highest radius point found:
  at point    0.570  -1.599 -23.801
  closest atom surface   20.355   O2  173 X    0
  2nd closest surface    20.355   O7  173 X    0
  found on step  986
  this is also current point
  no. of rejections          168
 stored as  -119

 highest radius point found:
  at point    0.580  -1.603 -24.001
  closest atom surface   20.549   O4  173 X    0
  2nd closest surface    20.549   O7  173 X    0
  found on step  941
  this is also current point
  no. of rejections          169
 stored as  -120

 highest radius point found:
  at point    0.583  -1.632 -24.201
  closest atom surface   20.745   O7  173 X    0
  2nd closest surface    20.745   O2  173 X    0
  found on step  929
  this is also current point
  no. of rejections          182
 stored as  -121

 highest radius point found:
  at point    0.583  -1.643 -24.401
  closest atom surface   20.941   O2  173 X    0
  2nd closest surface    20.941   O7  173 X    0
  found on step  908
  this is also current point
  no. of rejections          194
 stored as  -122

 highest radius point found:
  at point    0.585  -1.659 -24.601
  closest atom surface   21.136   O2  173 X    0
  2nd closest surface    21.137   O7  173 X    0
  found on step  642
 current point:
  at point    0.596  -1.678 -24.601
  closest atom surface   21.134   O2  173 X    0
  2nd closest surface    21.135   O7  173 X    0
  found on step  916
  no. of rejections          194
 stored as  -123

 highest radius point found:
  at point    0.585  -1.659 -24.801
  closest atom surface   21.330   O4  173 X    0
  2nd closest surface    21.333   O2  173 X    0
  found on step    1
 current point:
  at point    0.653  -1.791 -24.801
  closest atom surface   21.321   O7  173 X    0
  2nd closest surface    21.321   O2  173 X    0
  found on step  997
  no. of rejections          126
 stored as  -124

 highest radius point found:
  at point    0.585  -1.659 -25.001
  closest atom surface   21.522   O4  173 X    0
  2nd closest surface    21.530   O7  173 X    0
  found on step    1
 current point:
  at point    0.513  -1.693 -25.001
  closest atom surface   21.517   O4  173 X    0
  2nd closest surface    21.520   O2  173 X    0
  found on step  995
  no. of rejections          127
 stored as  -125

 highest radius point found:
  at point    0.596  -1.696 -25.201
  closest atom surface   21.724   O2  173 X    0
  2nd closest surface    21.724   O4  173 X    0
  found on step  879
 current point:
  at point    0.596  -1.694 -25.201
  closest atom surface   21.724   O4  173 X    0
  2nd closest surface    21.724   O2  173 X    0
  found on step  979
  no. of rejections          186
 stored as  -126

 highest radius point found:
  at point    0.601  -1.709 -25.401
  closest atom surface   21.920   O4  173 X    0
  2nd closest surface    21.920   O7  173 X    0
  found on step  937
  this is also current point
  no. of rejections          178
 stored as  -127

 highest radius point found:
  at point    0.606  -1.719 -25.601
  closest atom surface   22.115   O4  173 X    0
  2nd closest surface    22.116   O7  173 X    0
  found on step  960
  this is also current point
  no. of rejections          212
 This is an end! (radius above  22.0 angs)
 
 N.b. Graph information routine (HOGRAP) differs 
        markedly from previous versions!
       Information now is written from -ve end
       to +ve in one pass
 
 Explanation of the meaning of each column: 
 First column "cenxyz.cvec" is the coordinate in the
   direction of the channel vector i.e. if the channel
   vector is in z (0 0 1) then it is the z coordinate.
 The second column "radius" is the hole pore radius 
   (as defined in the Biophys J 1993) article).
 The third column "cen_line_D" is the distance 
   measured along the pore centre line - with the 
   first point found set to zero. This was the first
   thing that I used to measure the distance along a pore
   but "cenxyz.cvec" is a much better general measure. 
   However, by comparing changes in this distance to changes in '   "cenxyz.cvec" one can get a measure of how straight a 
   channel is.
 The fourth column "sum{s/(area)}" is useful in conductance
   prediction -
   basically it is the sum of the thickness of each slab
   divided by its area. HOLE uses this measure to estimate
   the macroscopic conductance of a channel.
 If any of this worries you one can see the "raw" results
   of a standard hole run by producing a sphpdb file and 
    directly looking at the results.
 cenxyz.cvec      radius  cen_line_D sum{s/(area point sourc
   -25.40067    21.92001   -25.52410     0.00007   (sampled)
   -25.30067    21.82203   -25.42387     0.00013 (mid-point)
   -25.20067    21.72397   -25.32363     0.00020   (sampled)
   -25.10067    21.62296   -25.22178     0.00027 (mid-point)
   -25.00067    21.52182   -25.11992     0.00034   (sampled)
   -24.90067    21.42574   -25.01992     0.00041 (mid-point)
   -24.80067    21.32969   -24.91992     0.00048   (sampled)
   -24.70067    21.23369   -24.81992     0.00055 (mid-point)
   -24.60067    21.13593   -24.71992     0.00062   (sampled)
   -24.50067    21.03831   -24.61961     0.00069 (mid-point)
   -24.40067    20.94070   -24.51930     0.00076   (sampled)
   -24.30067    20.84271   -24.41914     0.00084 (mid-point)
   -24.20067    20.74460   -24.31898     0.00091   (sampled)
   -24.10067    20.64674   -24.21791     0.00098 (mid-point)
   -24.00067    20.54887   -24.11684     0.00106   (sampled)
   -23.90067    20.45176   -24.01672     0.00114 (mid-point)
   -23.80067    20.35462   -23.91659     0.00121   (sampled)
   -23.70067    20.25667   -23.81648     0.00129 (mid-point)
   -23.60067    20.15874   -23.71636     0.00137   (sampled)
   -23.50067    20.06129   -23.61604     0.00145 (mid-point)
   -23.40067    19.96387   -23.51571     0.00153   (sampled)
   -23.30067    19.86644   -23.41533     0.00161 (mid-point)
   -23.20067    19.76905   -23.31495     0.00169   (sampled)
   -23.10067    19.67156   -23.21468     0.00177 (mid-point)
   -23.00067    19.57397   -23.11441     0.00186   (sampled)
   -22.90067    19.47648   -23.01408     0.00194 (mid-point)
   -22.80067    19.37867   -22.91376     0.00202   (sampled)
   -22.70067    19.28172   -22.81359     0.00211 (mid-point)
   -22.60067    19.18433   -22.71342     0.00220   (sampled)
   -22.50067    19.08708   -22.61309     0.00228 (mid-point)
   -22.40067    18.98979   -22.51276     0.00237   (sampled)
   -22.30067    18.89214   -22.41258     0.00246 (mid-point)
   -22.20067    18.79445   -22.31240     0.00255   (sampled)
   -22.10067    18.69714   -22.21229     0.00264 (mid-point)
   -22.00067    18.59987   -22.11217     0.00273   (sampled)
   -21.90067    18.50319   -22.01154     0.00283 (mid-point)
   -21.80067    18.40645   -21.91092     0.00292   (sampled)
   -21.70067    18.30908   -21.81070     0.00302 (mid-point)
   -21.60067    18.21164   -21.71048     0.00311   (sampled)
   -21.50067    18.11506   -21.61009     0.00321 (mid-point)
   -21.40067    18.01819   -21.50970     0.00331   (sampled)
   -21.30067    17.92070   -21.40919     0.00341 (mid-point)
   -21.20067    17.82318   -21.30869     0.00351   (sampled)
   -21.10067    17.72674   -21.20856     0.00361 (mid-point)
   -21.00067    17.63034   -21.10844     0.00371   (sampled)
   -20.90067    17.53341   -21.00793     0.00381 (mid-point)
   -20.80067    17.43618   -20.90742     0.00392   (sampled)
   -20.70067    17.33924   -20.80710     0.00402 (mid-point)
   -20.60067    17.24217   -20.70678     0.00413   (sampled)
   -20.50067    17.14596   -20.60635     0.00424 (mid-point)
   -20.40067    17.04963   -20.50591     0.00435   (sampled)
   -20.30067    16.95291   -20.40568     0.00446 (mid-point)
   -20.20067    16.85620   -20.30544     0.00457   (sampled)
   -20.10067    16.75949   -20.20524     0.00469 (mid-point)
   -20.00067    16.66282   -20.10504     0.00480   (sampled)
   -19.90067    16.56642   -20.00483     0.00492 (mid-point)
   -19.80067    16.47007   -19.90461     0.00503   (sampled)
   -19.70067    16.37427   -19.80420     0.00515 (mid-point)
   -19.60067    16.27772   -19.70379     0.00527   (sampled)
   -19.50067    16.18043   -19.60270     0.00539 (mid-point)
   -19.40067    16.08319   -19.50162     0.00552   (sampled)
   -19.30067    15.98818   -19.40135     0.00564 (mid-point)
   -19.20067    15.89302   -19.30108     0.00577   (sampled)
   -19.10067    15.79708   -19.20087     0.00589 (mid-point)
   -19.00067    15.70099   -19.10065     0.00602   (sampled)
   -18.90067    15.60464   -19.00045     0.00615 (mid-point)
   -18.80067    15.50829   -18.90025     0.00629   (sampled)
   -18.70067    15.41236   -18.80000     0.00642 (mid-point)
   -18.60067    15.31647   -18.69976     0.00656   (sampled)
   -18.50067    15.22119   -18.59915     0.00669 (mid-point)
   -18.40067    15.12487   -18.49855     0.00683   (sampled)
   -18.30067    15.02912   -18.39849     0.00697 (mid-point)
   -18.20067    14.93342   -18.29843     0.00712   (sampled)
   -18.10067    14.83823   -18.19799     0.00726 (mid-point)
   -18.00067    14.74266   -18.09755     0.00741   (sampled)
   -17.90067    14.64678   -17.99727     0.00756 (mid-point)
   -17.80067    14.55096   -17.89699     0.00771   (sampled)
   -17.70067    14.45588   -17.79648     0.00786 (mid-point)
   -17.60067    14.36068   -17.69598     0.00801   (sampled)
   -17.50067    14.26572   -17.59586     0.00817 (mid-point)
   -17.40067    14.17037   -17.49575     0.00833   (sampled)
   -17.30067    14.07528   -17.39555     0.00849 (mid-point)
   -17.20067    13.98025   -17.29535     0.00865   (sampled)
   -17.10067    13.88493   -17.19473     0.00882 (mid-point)
   -17.00067    13.78966   -17.09412     0.00898   (sampled)
   -16.90067    13.69549   -16.99389     0.00915 (mid-point)
   -16.80067    13.60033   -16.89367     0.00933   (sampled)
   -16.70067    13.50560   -16.79341     0.00950 (mid-point)
   -16.60067    13.41094   -16.69315     0.00968   (sampled)
   -16.50067    13.31685   -16.59283     0.00986 (mid-point)
   -16.40067    13.22247   -16.49250     0.01004   (sampled)
   -16.30067    13.12797   -16.39226     0.01022 (mid-point)
   -16.20067    13.03347   -16.29202     0.01041   (sampled)
   -16.10067    12.93933   -16.19176     0.01060 (mid-point)
   -16.00067    12.84523   -16.09150     0.01079   (sampled)
   -15.90067    12.75095   -15.99120     0.01099 (mid-point)
   -15.80067    12.65674   -15.89091     0.01119   (sampled)
   -15.70067    12.56301   -15.79074     0.01139 (mid-point)
   -15.60067    12.46893   -15.69057     0.01160   (sampled)
   -15.50067    12.37511   -15.59025     0.01180 (mid-point)
   -15.40067    12.28138   -15.48993     0.01201   (sampled)
   -15.30067    12.18756   -15.38972     0.01223 (mid-point)
   -15.20067    12.09383   -15.28951     0.01245   (sampled)
   -15.10067    12.00031   -15.18910     0.01267 (mid-point)
   -15.00067    11.90688   -15.08868     0.01289   (sampled)
   -14.90067    11.81408   -14.98841     0.01312 (mid-point)
   -14.80067    11.72098   -14.88814     0.01335   (sampled)
   -14.70067    11.62797   -14.78793     0.01359 (mid-point)
   -14.60067    11.53498   -14.68771     0.01383   (sampled)
   -14.50067    11.44246   -14.58716     0.01407 (mid-point)
   -14.40067    11.34851   -14.48661     0.01432   (sampled)
   -14.30067    11.25675   -14.38643     0.01457 (mid-point)
   -14.20067    11.16512   -14.28624     0.01482   (sampled)
   -14.10067    11.07267   -14.18595     0.01508 (mid-point)
   -14.00067    10.98025   -14.08567     0.01535   (sampled)
   -13.90067    10.88827   -13.98549     0.01561 (mid-point)
   -13.80067    10.79565   -13.88530     0.01589   (sampled)
   -13.70067    10.70431   -13.78497     0.01617 (mid-point)
   -13.60067    10.61282   -13.68463     0.01645   (sampled)
   -13.50067    10.52116   -13.58431     0.01674 (mid-point)
   -13.40067    10.42923   -13.48399     0.01703   (sampled)
   -13.30067    10.33823   -13.38376     0.01733 (mid-point)
   -13.20067    10.24738   -13.28353     0.01763   (sampled)
   -13.10067    10.15626   -13.18325     0.01794 (mid-point)
   -13.00067    10.06529   -13.08297     0.01825   (sampled)
   -12.90067     9.97461   -12.98275     0.01857 (mid-point)
   -12.80067     9.88356   -12.88253     0.01890   (sampled)
   -12.70067     9.79337   -12.78224     0.01923 (mid-point)
   -12.60067     9.70326   -12.68195     0.01957   (sampled)
   -12.50067     9.61385   -12.58169     0.01991 (mid-point)
   -12.40067     9.52311   -12.48142     0.02026   (sampled)
   -12.30067     9.43414   -12.38106     0.02062 (mid-point)
   -12.20067     9.34373   -12.28071     0.02099   (sampled)
   -12.10067     9.25457   -12.18045     0.02136 (mid-point)
   -12.00067     9.16560   -12.08019     0.02174   (sampled)
   -11.90067     9.07685   -11.97991     0.02212 (mid-point)
   -11.80067     8.98826   -11.87963     0.02252   (sampled)
   -11.70067     8.89984   -11.77940     0.02292 (mid-point)
   -11.60067     8.81158   -11.67916     0.02333   (sampled)
   -11.50067     8.72356   -11.57898     0.02375 (mid-point)
   -11.40067     8.63571   -11.47879     0.02417   (sampled)
   -11.30067     8.54797   -11.37843     0.02461 (mid-point)
   -11.20067     8.46046   -11.27806     0.02505   (sampled)
   -11.10067     8.37319   -11.17777     0.02551 (mid-point)
   -11.00067     8.28610   -11.07748     0.02597   (sampled)
   -10.90067     8.19956   -10.97733     0.02644 (mid-point)
   -10.80067     8.11308   -10.87718     0.02693   (sampled)
   -10.70067     8.02680   -10.77662     0.02742 (mid-point)
   -10.60067     7.94011   -10.67607     0.02793   (sampled)
   -10.50067     7.85539   -10.57594     0.02844 (mid-point)
   -10.40067     7.77055   -10.47581     0.02897   (sampled)
   -10.30067     7.68513   -10.37567     0.02951 (mid-point)
   -10.20067     7.59964   -10.27553     0.03006   (sampled)
   -10.10067     7.51587   -10.17494     0.03062 (mid-point)
   -10.00067     7.43180   -10.07435     0.03120   (sampled)
    -9.90067     7.34598    -9.97399     0.03179 (mid-point)
    -9.80067     7.26043    -9.87364     0.03239   (sampled)
    -9.70067     7.17600    -9.77328     0.03301 (mid-point)
    -9.60067     7.09193    -9.67291     0.03365   (sampled)
    -9.50067     7.00886    -9.57231     0.03429 (mid-point)
    -9.40067     6.92557    -9.47170     0.03496   (sampled)
    -9.30067     6.84284    -9.37135     0.03564 (mid-point)
    -9.20067     6.76003    -9.27100     0.03633   (sampled)
    -9.10067     6.67798    -9.17057     0.03705 (mid-point)
    -9.00067     6.59586    -9.07013     0.03778   (sampled)
    -8.90067     6.51442    -8.96975     0.03853 (mid-point)
    -8.80067     6.43341    -8.86937     0.03930   (sampled)
    -8.70067     6.35286    -8.76905     0.04009 (mid-point)
    -8.60067     6.27229    -8.66872     0.04090   (sampled)
    -8.50067     6.19321    -8.56818     0.04173 (mid-point)
    -8.40067     6.11319    -8.46763     0.04258   (sampled)
    -8.30067     6.03533    -8.36728     0.04345 (mid-point)
    -8.20067     5.95693    -8.26694     0.04435   (sampled)
    -8.10067     5.87962    -8.16657     0.04527 (mid-point)
    -8.00067     5.80287    -8.06620     0.04621   (sampled)
    -7.90067     5.72684    -7.96582     0.04718 (mid-point)
    -7.80067     5.65085    -7.86543     0.04818   (sampled)
    -7.70067     5.57511    -7.76520     0.04921 (mid-point)
    -7.60067     5.49924    -7.66497     0.05026   (sampled)
    -7.50067     5.42664    -7.56451     0.05134 (mid-point)
    -7.40067     5.35340    -7.46404     0.05245   (sampled)
    -7.30067     5.28087    -7.36373     0.05359 (mid-point)
    -7.20067     5.20911    -7.26342     0.05476   (sampled)
    -7.10067     5.13862    -7.16299     0.05597 (mid-point)
    -7.00067     5.06891    -7.06257     0.05721   (sampled)
    -6.90067     4.99859    -6.96210     0.05848 (mid-point)
    -6.80067     4.92905    -6.86163     0.05979   (sampled)
    -6.70067     4.86215    -6.76135     0.06114 (mid-point)
    -6.60067     4.79612    -6.66106     0.06252   (sampled)
    -6.50067     4.72991    -6.56070     0.06395 (mid-point)
    -6.40067     4.66459    -6.46034     0.06541   (sampled)
    -6.30067     4.60101    -6.36006     0.06691 (mid-point)
    -6.20067     4.53840    -6.25978     0.06846   (sampled)
    -6.10067     4.47598    -6.15933     0.07005 (mid-point)
    -6.00067     4.41458    -6.05887     0.07168   (sampled)
    -5.90067     4.35457    -5.95855     0.07336 (mid-point)
    -5.80067     4.29564    -5.85823     0.07508   (sampled)
    -5.70067     4.23942    -5.75804     0.07685 (mid-point)
    -5.60067     4.18349    -5.65785     0.07867   (sampled)
    -5.50067     4.12855    -5.55756     0.08054 (mid-point)
    -5.40067     4.07501    -5.45727     0.08246   (sampled)
    -5.30067     4.02289    -5.35698     0.08442 (mid-point)
    -5.20067     3.97156    -5.25669     0.08644   (sampled)
    -5.10067     3.92224    -5.15640     0.08851 (mid-point)
    -5.00067     3.87362    -5.05611     0.09063   (sampled)
    -4.90067     3.82756    -4.95586     0.09281 (mid-point)
    -4.80067     3.78227    -4.85561     0.09503   (sampled)
    -4.70067     3.73923    -4.75539     0.09731 (mid-point)
    -4.60067     3.69744    -4.65516     0.09964   (sampled)
    -4.50067     3.65609    -4.55482     0.10202 (mid-point)
    -4.40067     3.61603    -4.45448     0.10445   (sampled)
    -4.30067     3.58107    -4.35426     0.10693 (mid-point)
    -4.20067     3.54478    -4.25403     0.10947   (sampled)
    -4.10067     3.51296    -4.15376     0.11205 (mid-point)
    -4.00067     3.48112    -4.05349     0.11467   (sampled)
    -3.90067     3.45150    -3.95324     0.11734 (mid-point)
    -3.80067     3.42368    -3.85300     0.12006   (sampled)
    -3.70067     3.39808    -3.75276     0.12282 (mid-point)
    -3.60067     3.37343    -3.65252     0.12561   (sampled)
    -3.50067     3.35181    -3.55219     0.12845 (mid-point)
    -3.40067     3.33106    -3.45187     0.13132   (sampled)
    -3.30067     3.31047    -3.35153     0.13422 (mid-point)
    -3.20067     3.29184    -3.25119     0.13716   (sampled)
    -3.10067     3.27676    -3.15096     0.14012 (mid-point)
    -3.00067     3.26317    -3.05072     0.14311   (sampled)
    -2.90067     3.24647    -2.95032     0.14613 (mid-point)
    -2.80067     3.22977    -2.84992     0.14918   (sampled)
    -2.70067     3.20732    -2.74852     0.15228 (mid-point)
    -2.60067     3.18721    -2.64711     0.15541   (sampled)
    -2.50067     3.16858    -2.54555     0.15858 (mid-point)
    -2.40067     3.15211    -2.44400     0.16179   (sampled)
    -2.30067     3.13860    -2.34234     0.16502 (mid-point)
    -2.20067     3.12629    -2.24069     0.16827   (sampled)
    -2.10067     3.11072    -2.14028     0.17156 (mid-point)
    -2.00067     3.09714    -2.03988     0.17488   (sampled)
    -1.90067     3.08033    -1.93973     0.17824 (mid-point)
    -1.80067     3.06522    -1.83959     0.18162   (sampled)
    -1.70067     3.05341    -1.73898     0.18504 (mid-point)
    -1.60067     3.04364    -1.63838     0.18847   (sampled)
    -1.50067     3.03546    -1.53786     0.19193 (mid-point)
    -1.40067     3.02935    -1.43734     0.19540   (sampled)
    -1.30067     3.02456    -1.33711     0.19888 (mid-point)
    -1.20067     3.02127    -1.23688     0.20236   (sampled)
    -1.10067     3.02258    -1.13609     0.20585 (mid-point)
    -1.00067     3.02294    -1.03529     0.20933   (sampled)
    -0.90067     3.02806    -0.93523     0.21280 (mid-point)
    -0.80067     3.03371    -0.83516     0.21626   (sampled)
    -0.70067     3.04082    -0.73329     0.21970 (mid-point)
    -0.60067     3.04250    -0.63142     0.22314   (sampled)
    -0.50067     3.03180    -0.52674     0.22661 (mid-point)
    -0.40067     3.02333    -0.42207     0.23009   (sampled)
    -0.30067     3.01723    -0.31584     0.23358 (mid-point)
    -0.20067     3.01322    -0.20961     0.23709   (sampled)
    -0.10067     3.01180    -0.10481     0.24060 (mid-point)
    -0.00067     3.01232     0.00000     0.24411   (sampled)
     0.09933     2.99546     0.10051     0.24766 (mid-point)
     0.19933     2.98026     0.20102     0.25124   (sampled)
     0.29933     2.96216     0.30588     0.25487 (mid-point)
     0.39933     2.94622     0.41074     0.25853   (sampled)
     0.49933     2.93215     0.51431     0.26224 (mid-point)
     0.59933     2.91994     0.61789     0.26597   (sampled)
     0.69933     2.91015     0.72038     0.26973 (mid-point)
     0.79933     2.90256     0.82288     0.27351   (sampled)
     0.89933     2.89690     0.92303     0.27730 (mid-point)
     0.99933     2.89335     1.02318     0.28110   (sampled)
     1.09933     2.89121     1.12465     0.28491 (mid-point)
     1.19933     2.89123     1.22613     0.28872   (sampled)
     1.29933     2.88425     1.32942     0.29254 (mid-point)
     1.39933     2.87681     1.43271     0.29639   (sampled)
     1.49933     2.87002     1.53473     0.30025 (mid-point)
     1.59933     2.86552     1.63676     0.30413   (sampled)
     1.69933     2.86278     1.73837     0.30801 (mid-point)
     1.79933     2.86232     1.83998     0.31190   (sampled)
     1.89933     2.86556     1.94187     0.31578 (mid-point)
     1.99933     2.86999     2.04376     0.31964   (sampled)
     2.09933     2.87716     2.14539     0.32349 (mid-point)
     2.19933     2.88651     2.24702     0.32731   (sampled)
     2.29933     2.89535     2.35002     0.33110 (mid-point)
     2.39933     2.90524     2.45301     0.33487   (sampled)
     2.49933     2.91672     2.57097     0.33862 (mid-point)
     2.59933     2.92911     2.68892     0.34233   (sampled)
     2.69933     2.94477     2.80241     0.34600 (mid-point)
     2.79933     2.96056     2.91589     0.34963   (sampled)
     2.89933     2.97321     3.01611     0.35323 (mid-point)
     2.99933     2.98610     3.11633     0.35680   (sampled)
     3.09933     3.00321     3.21633     0.36033 (mid-point)
     3.19933     3.02052     3.31633     0.36382   (sampled)
     3.29933     3.04106     3.41659     0.36726 (mid-point)
     3.39933     3.06398     3.51685     0.37065   (sampled)
     3.49933     3.09022     3.61696     0.37398 (mid-point)
     3.59933     3.11852     3.71707     0.37726   (sampled)
     3.69933     3.14790     3.81707     0.38047 (mid-point)
     3.79933     3.17873     3.91708     0.38362   (sampled)
     3.89933     3.21342     4.01725     0.38670 (mid-point)
     3.99933     3.25011     4.11743     0.38971   (sampled)
     4.09933     3.28745     4.21743     0.39266 (mid-point)
     4.19933     3.32679     4.31743     0.39554   (sampled)
     4.29933     3.36938     4.41754     0.39834 (mid-point)
     4.39933     3.41240     4.51765     0.40107   (sampled)
     4.49933     3.45859     4.61765     0.40373 (mid-point)
     4.59933     3.50552     4.71765     0.40632   (sampled)
     4.69933     3.55405     4.81765     0.40884 (mid-point)
     4.79933     3.60424     4.91766     0.41130   (sampled)
     4.89933     3.65595     5.01766     0.41368 (mid-point)
     4.99933     3.70922     5.11766     0.41599   (sampled)
     5.09933     3.76414     5.21766     0.41824 (mid-point)
     5.19933     3.82051     5.31766     0.42042   (sampled)
     5.29933     3.87814     5.41766     0.42253 (mid-point)
     5.39933     3.93711     5.51766     0.42459   (sampled)
     5.49933     3.99740     5.61766     0.42658 (mid-point)
     5.59933     4.05894     5.71766     0.42851   (sampled)
     5.69933     4.12162     5.81770     0.43039 (mid-point)
     5.79933     4.18548     5.91774     0.43220   (sampled)
     5.89933     4.25096     6.01774     0.43396 (mid-point)
     5.99933     4.31724     6.11775     0.43567   (sampled)
     6.09933     4.38136     6.21785     0.43733 (mid-point)
     6.19933     4.44602     6.31795     0.43894   (sampled)
     6.29933     4.51246     6.41822     0.44050 (mid-point)
     6.39933     4.57909     6.51848     0.44202   (sampled)
     6.49933     4.64724     6.61864     0.44350 (mid-point)
     6.59933     4.71566     6.71881     0.44493   (sampled)
     6.69933     4.78441     6.81893     0.44632 (mid-point)
     6.79933     4.85375     6.91904     0.44767   (sampled)
     6.89933     4.92559     7.01933     0.44898 (mid-point)
     6.99933     4.99608     7.11962     0.45026   (sampled)
     7.09933     5.06931     7.21981     0.45149 (mid-point)
     7.19933     5.14330     7.32000     0.45270   (sampled)
     7.29933     5.21752     7.42020     0.45387 (mid-point)
     7.39933     5.29247     7.52039     0.45500   (sampled)
     7.49933     5.36801     7.62055     0.45611 (mid-point)
     7.59933     5.44362     7.72071     0.45718   (sampled)
     7.69933     5.52012     7.82089     0.45823 (mid-point)
     7.79933     5.59719     7.92108     0.45924   (sampled)
     7.89933     5.67514     8.02130     0.46023 (mid-point)
     7.99933     5.75363     8.12153     0.46119   (sampled)
     8.09933     5.83271     8.22177     0.46213 (mid-point)
     8.19933     5.91230     8.32201     0.46304   (sampled)
     8.29933     5.99204     8.42222     0.46393 (mid-point)
     8.39933     6.07225     8.52244     0.46479   (sampled)
     8.49933     6.15306     8.62264     0.46563 (mid-point)
     8.59933     6.23432     8.72284     0.46645   (sampled)
     8.69933     6.31529     8.82338     0.46725 (mid-point)
     8.79933     6.39671     8.92393     0.46802   (sampled)
     8.89933     6.47998     9.02444     0.46878 (mid-point)
     8.99933     6.56349     9.12495     0.46952   (sampled)
     9.09933     6.64592     9.22545     0.47024 (mid-point)
     9.19933     6.72873     9.32595     0.47095   (sampled)
     9.29933     6.81148     9.42679     0.47163 (mid-point)
     9.39933     6.89461     9.52763     0.47230   (sampled)
     9.49933     6.97862     9.62776     0.47295 (mid-point)
     9.59933     7.06226     9.72789     0.47359   (sampled)
     9.69933     7.14653     9.82884     0.47422 (mid-point)
     9.79933     7.23102     9.92978     0.47482   (sampled)
     9.89933     7.31643    10.02990     0.47542 (mid-point)
     9.99933     7.40202    10.13003     0.47600   (sampled)
    10.09933     7.48748    10.23041     0.47657 (mid-point)
    10.19933     7.57319    10.33080     0.47712   (sampled)
    10.29933     7.65938    10.43107     0.47767 (mid-point)
    10.39933     7.74585    10.53133     0.47820   (sampled)
    10.49933     7.83219    10.63140     0.47871 (mid-point)
    10.59933     7.91869    10.73147     0.47922   (sampled)
    10.69933     8.00654    10.83190     0.47972 (mid-point)
    10.79933     8.09328    10.93233     0.48021   (sampled)
    10.89933     8.18116    11.03240     0.48068 (mid-point)
    10.99933     8.26795    11.13247     0.48115   (sampled)
    11.09933     8.35571    11.23250     0.48160 (mid-point)
    11.19933     8.44313    11.33252     0.48205   (sampled)
    11.29933     8.53064    11.43267     0.48249 (mid-point)
    11.39933     8.61783    11.53281     0.48291   (sampled)
    11.49933     8.70603    11.63289     0.48333 (mid-point)
    11.59933     8.79445    11.73296     0.48375   (sampled)
    11.69933     8.88324    11.83307     0.48415 (mid-point)
    11.79933     8.97161    11.93317     0.48455   (sampled)
    11.89933     9.06076    12.03325     0.48493 (mid-point)
    11.99933     9.14995    12.13332     0.48531   (sampled)
    12.09933     9.23937    12.23337     0.48569 (mid-point)
    12.19933     9.32809    12.33342     0.48605   (sampled)
    12.29933     9.41821    12.43354     0.48641 (mid-point)
    12.39933     9.50811    12.53365     0.48676   (sampled)
    12.49933     9.59825    12.63373     0.48711 (mid-point)
    12.59933     9.68783    12.73381     0.48745   (sampled)
    12.69933     9.77859    12.83393     0.48778 (mid-point)
    12.79933     9.86878    12.93406     0.48811   (sampled)
    12.89933     9.95952    13.03427     0.48843 (mid-point)
    12.99933    10.04968    13.13449     0.48874   (sampled)
    13.09933    10.14146    13.23467     0.48905 (mid-point)
    13.19933    10.23162    13.33486     0.48936   (sampled)
    13.29933    10.32322    13.43517     0.48966 (mid-point)
    13.39933    10.41293    13.53549     0.48995   (sampled)
    13.49933    10.50609    13.63569     0.49024 (mid-point)
    13.59933    10.59764    13.73589     0.49052   (sampled)
    13.69933    10.68998    13.83604     0.49080 (mid-point)
    13.79933    10.78170    13.93619     0.49107   (sampled)
    13.89933    10.87378    14.03624     0.49134 (mid-point)
    13.99933    10.96570    14.13628     0.49161   (sampled)
    14.09933    11.05755    14.23646     0.49187 (mid-point)
    14.19933    11.14927    14.33665     0.49212   (sampled)
    14.29933    11.24178    14.43712     0.49238 (mid-point)
    14.39933    11.33416    14.53759     0.49262   (sampled)
    14.49933    11.42684    14.63767     0.49287 (mid-point)
    14.59933    11.51962    14.73775     0.49311   (sampled)
    14.69933    11.61187    14.83853     0.49334 (mid-point)
    14.79933    11.70424    14.93931     0.49358   (sampled)
    14.89933    11.79788    15.03947     0.49380 (mid-point)
    14.99933    11.89049    15.13962     0.49403   (sampled)
    15.09933    11.98368    15.24088     0.49425 (mid-point)
    15.19933    12.07661    15.34213     0.49447   (sampled)
    15.29933    12.17012    15.44225     0.49468 (mid-point)
    15.39933    12.26373    15.54238     0.49490   (sampled)
    15.49933    12.35717    15.64286     0.49510 (mid-point)
    15.59933    12.45071    15.74335     0.49531   (sampled)
    15.69933    12.54344    15.84669     0.49551 (mid-point)
    15.79933    12.63631    15.95002     0.49571   (sampled)
    15.89933    12.73106    16.05159     0.49591 (mid-point)
    15.99933    12.82591    16.15316     0.49610   (sampled)
    16.09933    12.91979    16.25327     0.49629 (mid-point)
    16.19933    13.01364    16.35339     0.49648   (sampled)
    16.29933    13.10798    16.45396     0.49666 (mid-point)
    16.39933    13.20228    16.55454     0.49685   (sampled)
    16.49933    13.29689    16.65461     0.49703 (mid-point)
    16.59933    13.39149    16.75467     0.49720   (sampled)
    16.69933    13.48586    16.85506     0.49738 (mid-point)
    16.79933    13.58023    16.95545     0.49755   (sampled)
    16.89933    13.67468    17.05549     0.49772 (mid-point)
    16.99933    13.76909    17.15554     0.49789   (sampled)
    17.09933    13.86326    17.26003     0.49806 (mid-point)
    17.19933    13.95748    17.36453     0.49822   (sampled)
    17.29933    14.05176    17.46567     0.49838 (mid-point)
    17.39933    14.14612    17.56682     0.49854   (sampled)
    17.49933    14.24270    17.67155     0.49870 (mid-point)
    17.59933    14.33801    17.77629     0.49885   (sampled)
    17.69933    14.43347    17.87701     0.49900 (mid-point)
    17.79933    14.52898    17.97774     0.49916   (sampled)
    17.89933    14.62441    18.07781     0.49930 (mid-point)
    17.99933    14.71988    18.17788     0.49945   (sampled)
    18.09933    14.81540    18.27820     0.49960 (mid-point)
    18.19933    14.91086    18.37852     0.49974   (sampled)
    18.29933    15.00599    18.47919     0.49988 (mid-point)
    18.39933    15.10118    18.57986     0.50002   (sampled)
    18.49933    15.19651    18.68003     0.50016 (mid-point)
    18.59933    15.29189    18.78020     0.50029   (sampled)
    18.69933    15.38793    18.88055     0.50043 (mid-point)
    18.79933    15.48401    18.98091     0.50056   (sampled)
    18.89933    15.57918    19.08162     0.50069 (mid-point)
    18.99933    15.67440    19.18233     0.50082   (sampled)
    19.09933    15.77085    19.28235     0.50095 (mid-point)
    19.19933    15.86733    19.38237     0.50108   (sampled)
    19.29933    15.96387    19.48273     0.50120 (mid-point)
    19.39933    16.05988    19.58309     0.50132   (sampled)
    19.49933    16.15609    19.68344     0.50145 (mid-point)
    19.59933    16.25233    19.78380     0.50157   (sampled)
    19.69933    16.34838    19.88435     0.50169 (mid-point)
    19.79933    16.44435    19.98490     0.50180   (sampled)
    19.89933    16.54048    20.08508     0.50192 (mid-point)
    19.99933    16.63638    20.18525     0.50204   (sampled)
    20.09933    16.73309    20.28573     0.50215 (mid-point)
    20.19933    16.82956    20.38620     0.50226   (sampled)
    20.29933    16.92605    20.48620     0.50237 (mid-point)
    20.39933    17.02156    20.58620     0.50248   (sampled)
    20.49933    17.11935    20.68666     0.50259 (mid-point)
    20.59933    17.21532    20.78711     0.50270   (sampled)
    20.69933    17.31212    20.89013     0.50280 (mid-point)
    20.79933    17.40783    20.99314     0.50291   (sampled)
    20.89933    17.50505    21.09338     0.50301 (mid-point)
    20.99933    17.60152    21.19362     0.50312   (sampled)
    21.09933    17.69894    21.29510     0.50322 (mid-point)
    21.19933    17.79518    21.39659     0.50332   (sampled)
    21.29933    17.89192    21.49710     0.50342 (mid-point)
    21.39933    17.98826    21.59761     0.50352   (sampled)
    21.49933    18.08431    21.70512     0.50361 (mid-point)
    21.59933    18.18048    21.81264     0.50371   (sampled)
    21.69933    18.27593    22.06793     0.50381 (mid-point)
    21.79933    18.37416    22.32321     0.50390   (sampled)
    21.89933    18.47061    22.54874     0.50399 (mid-point)
    21.99933    18.56912    22.77426     0.50408   (sampled)
    22.09933    18.66717    22.88616     0.50418 (mid-point)
    22.19933    18.76533    22.99806     0.50427   (sampled)
    22.29933    18.86255    23.09813     0.50436 (mid-point)
    22.39933    18.95980    23.19820     0.50444   (sampled)
    22.49933    19.05608    23.29820     0.50453 (mid-point)
    22.59933    19.15238    23.39820     0.50462   (sampled)
    22.69933    19.24965    23.50131     0.50471 (mid-point)
    22.79933    19.34697    23.60442     0.50479   (sampled)
    22.89933    19.44453    23.70738     0.50487 (mid-point)
    22.99933    19.54214    23.81034     0.50496   (sampled)
    23.09933    19.63986    23.91299     0.50504 (mid-point)
    23.19933    19.73763    24.01564     0.50512   (sampled)
    23.29933    19.83457    24.12416     0.50520 (mid-point)
    23.39933    19.93163    24.23267     0.50528   (sampled)
    23.49933    20.02916    24.33280     0.50536 (mid-point)
    23.59933    20.12672    24.43293     0.50544   (sampled)
    23.69933    20.22308    24.72702     0.50552 (mid-point)
    23.79933    20.32282    25.02111     0.50560   (sampled)
    23.89933    20.42011    25.12130     0.50567 (mid-point)
    23.99933    20.51729    25.22149     0.50575   (sampled)
    24.09933    20.61565    25.32260     0.50582 (mid-point)
    24.19933    20.71373    25.42371     0.50590   (sampled)
    24.29933    20.81163    25.52423     0.50597 (mid-point)
    24.39933    20.90954    25.62475     0.50604   (sampled)
    24.49933    21.00734    25.72533     0.50612 (mid-point)
    24.59933    21.10515    25.82592     0.50619   (sampled)
    24.69933    21.20271    25.92596     0.50626 (mid-point)
    24.79933    21.30029    26.02600     0.50633   (sampled)
    24.89933    21.39821    26.12609     0.50640 (mid-point)
    24.99933    21.49614    26.22617     0.50647   (sampled)
    25.09933    21.59370    26.32672     0.50653 (mid-point)
    25.19933    21.69057    26.42726     0.50660   (sampled)
    25.29933    21.78988    26.53358     0.50667 (mid-point)
    25.39933    21.88890    26.63991     0.50674   (sampled)

 Minimum radius found:      2.862 angstroms.



 For spherical probe approach, The geometric factor
         F= sum(ds/area) along channel is    0.507 angstroms**-1
 This yields a macroscopic predicted molar conductance of:
   (1/rho)*(100/F)= (200/rho) pS,
   where rho is the conductivity of 1M permeant ion in ohm m.
 N.B. this is a macroscopic conductance - an overestimate 
 Empirically corrected conductances currently only available
 With the CAPSULE option (although its not that stable!)
 For 1M KCl rho= 1/12 (ohm m), So Gmacro= 2400 pS/M.
  (TAG      1   Rmin=     2.86232   Gmacro=  2368.09977 Conn_Gmacro=    -1.00000 ).
 HOLE: normal completion
