Average Diameter (Å)
2.404757304347826530e+00
Diameter distribution(Å)
1.302915999999999919e+01,8.841120000000000090e+00,5.735789999999999722e+00,4.963499999999999801e+00,4.733130000000000059e+00,4.634369999999999656e+00,4.535689999999999777e+00,4.437669999999999781e+00,4.339940000000000353e+00,4.244399999999999729e+00,4.149009999999999643e+00,3.992640000000000189e+00,3.935509999999999842e+00,3.841940000000000133e+00,3.748419999999999863e+00,3.654939999999999856e+00,3.561040000000000205e+00,3.468440000000000190e+00,3.375469999999999970e+00,3.283560000000000034e+00,3.191530000000000200e+00,3.100039999999999907e+00,3.007589999999999986e+00,2.917120000000000157e+00,2.823939999999999895e+00,2.732959999999999834e+00,2.642160000000000064e+00,2.556779999999999831e+00,2.471449999999999925e+00,2.384110000000000174e+00,2.297050000000000036e+00,2.207739999999999814e+00,2.118700000000000028e+00,2.037520000000000220e+00,1.956469999999999931e+00,1.873820000000000041e+00,1.791230000000000100e+00,1.710809999999999942e+00,1.630479999999999929e+00,1.552110000000000101e+00,1.473970000000000002e+00,1.397969999999999935e+00,1.323439999999999950e+00,1.250050000000000106e+00,1.178339999999999943e+00,1.109310000000000018e+00,1.042280000000000095e+00,9.761100000000000332e-01,9.121000000000000218e-01,8.517700000000000271e-01,7.940000000000000391e-01,7.266099999999999781e-01,6.598000000000000531e-01,5.877999999999999892e-01,5.191200000000000259e-01,4.559000000000000274e-01,3.982800000000000229e-01,3.440500000000000225e-01,2.954800000000000204e-01,2.373399999999999954e-01,2.091300000000000103e-01,1.818899999999999961e-01,1.627699999999999980e-01,1.325399999999999912e-01,1.442799999999999916e-01,1.335999999999999965e-01,1.650600000000000123e-01,1.878299999999999970e-01,2.152499999999999969e-01,2.511700000000000044e-01,2.935499999999999776e-01,3.432399999999999896e-01,3.979599999999999804e-01,4.570000000000000173e-01,5.206800000000000317e-01,5.894399999999999640e-01,6.611299999999999955e-01,7.260799999999999477e-01,7.944400000000000350e-01,8.522499999999999520e-01,9.126699999999999813e-01,9.759499999999999842e-01,1.041080000000000005e+00,1.108700000000000019e+00,1.178299999999999903e+00,1.250150000000000095e+00,1.323660000000000059e+00,1.398490000000000011e+00,1.474180000000000046e+00,1.551709999999999923e+00,1.629950000000000010e+00,1.710749999999999993e+00,1.791469999999999896e+00,1.873850000000000016e+00,1.956050000000000066e+00,2.040290000000000159e+00,2.125360000000000138e+00,2.211250000000000160e+00,2.297260000000000080e+00,2.383929999999999882e+00,2.470549999999999802e+00,2.560010000000000119e+00,2.647930000000000117e+00,2.737810000000000077e+00,2.828180000000000138e+00,2.918330000000000091e+00,3.008859999999999868e+00,3.028739999999999988e+00,3.249049999999999994e+00,3.360939999999999817e+00,3.473440000000000083e+00,5.243030000000000079e+00,8.220560000000000755e+00,1.302769999999999939e+01,1.807454999999999856e+01
Diameter profile (Å)
8.841120000000000090e+00,5.735789999999999722e+00,4.963499999999999801e+00,4.733130000000000059e+00,4.634369999999999656e+00,4.535689999999999777e+00,4.437669999999999781e+00,4.292170000000000485e+00,4.149009999999999643e+00,3.992640000000000189e+00,3.935509999999999842e+00,3.841940000000000133e+00,3.748419999999999863e+00,3.654939999999999856e+00,3.514740000000000197e+00,3.375469999999999970e+00,3.283560000000000034e+00,3.191530000000000200e+00,3.100039999999999907e+00,3.007589999999999986e+00,2.917120000000000157e+00,2.778449999999999864e+00,2.642160000000000064e+00,2.556779999999999831e+00,2.471449999999999925e+00,2.384110000000000174e+00,2.297050000000000036e+00,2.207739999999999814e+00,2.078110000000000124e+00,1.956469999999999931e+00,1.873820000000000041e+00,1.791230000000000100e+00,1.710809999999999942e+00,1.630479999999999929e+00,1.552110000000000101e+00,1.435969999999999969e+00,1.323439999999999950e+00,1.250050000000000106e+00,1.178339999999999943e+00,1.109310000000000018e+00,1.042280000000000095e+00,9.761100000000000332e-01,8.819350000000000245e-01,7.940000000000000391e-01,7.266099999999999781e-01,6.598000000000000531e-01,5.877999999999999892e-01,5.191200000000000259e-01,4.559000000000000274e-01,3.982800000000000229e-01,3.197650000000000214e-01,2.373399999999999954e-01,2.091300000000000103e-01,1.818899999999999961e-01,1.627699999999999980e-01,1.325399999999999912e-01,1.442799999999999916e-01,1.493300000000000183e-01,1.878299999999999970e-01,2.152499999999999969e-01,2.511700000000000044e-01,2.935499999999999776e-01,3.432399999999999896e-01,3.979599999999999804e-01,4.888400000000000523e-01,5.894399999999999640e-01,6.611299999999999955e-01,7.260799999999999477e-01,7.944400000000000350e-01,8.522499999999999520e-01,9.126699999999999813e-01,1.008515000000000050e+00,1.108700000000000019e+00,1.178299999999999903e+00,1.250150000000000095e+00,1.323660000000000059e+00,1.398490000000000011e+00,1.474180000000000046e+00,1.590829999999999966e+00,1.710749999999999993e+00,1.791469999999999896e+00,1.873850000000000016e+00,1.956050000000000066e+00,2.040290000000000159e+00,2.125360000000000138e+00,2.254255000000000120e+00,2.383929999999999882e+00,2.470549999999999802e+00,2.560010000000000119e+00,2.647930000000000117e+00,2.737810000000000077e+00,2.828180000000000138e+00,2.963594999999999757e+00,3.028739999999999988e+00,3.249049999999999994e+00,3.360939999999999817e+00,3.473440000000000083e+00,5.243030000000000079e+00,8.220560000000000755e+00,1.555112499999999898e+01
Min diameter_profile (Å)
1.325399999999999912e-01
Average Diameter (Å)
2.404757304347826530e+00
Average Diameter (Å)
1.084136819706499111e+01
Average Diameter (Å)
3.335900361445783169e+00
Average Diameter (Å)
2.487922748091603076e+00
Diameter distribution(Å)
1.302915999999999919e+01,8.841120000000000090e+00,5.735789999999999722e+00,4.963499999999999801e+00,4.733130000000000059e+00,4.634369999999999656e+00,4.535689999999999777e+00,4.437669999999999781e+00,4.339940000000000353e+00,4.244399999999999729e+00,4.149009999999999643e+00,3.992640000000000189e+00,3.935509999999999842e+00,3.841940000000000133e+00,3.748419999999999863e+00,3.654939999999999856e+00,3.561040000000000205e+00,3.468440000000000190e+00,3.375469999999999970e+00,3.283560000000000034e+00,3.191530000000000200e+00,3.100039999999999907e+00,3.007589999999999986e+00,2.917120000000000157e+00,2.823939999999999895e+00,2.732959999999999834e+00,2.642160000000000064e+00,2.556779999999999831e+00,2.471449999999999925e+00,2.384110000000000174e+00,2.297050000000000036e+00,2.207739999999999814e+00,2.118700000000000028e+00,2.037520000000000220e+00,1.956469999999999931e+00,1.873820000000000041e+00,1.791230000000000100e+00,1.710809999999999942e+00,1.630479999999999929e+00,1.552110000000000101e+00,1.473970000000000002e+00,1.397969999999999935e+00,1.323439999999999950e+00,1.250050000000000106e+00,1.178339999999999943e+00,1.109310000000000018e+00,1.042280000000000095e+00,9.761100000000000332e-01,9.121000000000000218e-01,8.517700000000000271e-01,7.940000000000000391e-01,7.266099999999999781e-01,6.598000000000000531e-01,5.877999999999999892e-01,5.191200000000000259e-01,4.559000000000000274e-01,3.982800000000000229e-01,3.440500000000000225e-01,2.954800000000000204e-01,2.373399999999999954e-01,2.091300000000000103e-01,1.818899999999999961e-01,1.627699999999999980e-01,1.325399999999999912e-01,1.442799999999999916e-01,1.335999999999999965e-01,1.650600000000000123e-01,1.878299999999999970e-01,2.152499999999999969e-01,2.511700000000000044e-01,2.935499999999999776e-01,3.432399999999999896e-01,3.979599999999999804e-01,4.570000000000000173e-01,5.206800000000000317e-01,5.894399999999999640e-01,6.611299999999999955e-01,7.260799999999999477e-01,7.944400000000000350e-01,8.522499999999999520e-01,9.126699999999999813e-01,9.759499999999999842e-01,1.041080000000000005e+00,1.108700000000000019e+00,1.178299999999999903e+00,1.250150000000000095e+00,1.323660000000000059e+00,1.398490000000000011e+00,1.474180000000000046e+00,1.551709999999999923e+00,1.629950000000000010e+00,1.710749999999999993e+00,1.791469999999999896e+00,1.873850000000000016e+00,1.956050000000000066e+00,2.040290000000000159e+00,2.125360000000000138e+00,2.211250000000000160e+00,2.297260000000000080e+00,2.383929999999999882e+00,2.470549999999999802e+00,2.560010000000000119e+00,2.647930000000000117e+00,2.737810000000000077e+00,2.828180000000000138e+00,2.918330000000000091e+00,3.008859999999999868e+00,3.028739999999999988e+00,3.249049999999999994e+00,3.360939999999999817e+00,3.473440000000000083e+00,5.243030000000000079e+00,8.220560000000000755e+00,1.302769999999999939e+01,1.807454999999999856e+01
Diameter distribution(Å)
2.188117000000000090e+01,2.178278999999999854e+01,2.168441999999999936e+01,2.158611000000000146e+01,2.148780999999999963e+01,2.138948999999999856e+01,2.129117000000000104e+01,2.119284000000000034e+01,2.109450000000000003e+01,2.099630000000000152e+01,2.089795000000000158e+01,2.079975999999999914e+01,2.070153000000000176e+01,2.060322999999999993e+01,2.050494000000000128e+01,2.040690999999999988e+01,2.030864000000000047e+01,2.021055000000000135e+01,2.011246999999999829e+01,2.001433000000000106e+01,1.991619999999999990e+01,1.981809000000000154e+01,1.971998999999999924e+01,1.962193999999999861e+01,1.952390000000000114e+01,1.942582000000000164e+01,1.932773999999999859e+01,1.922973999999999961e+01,1.913166000000000011e+01,1.903369999999999962e+01,1.893575999999999837e+01,1.883783999999999992e+01,1.873994000000000071e+01,1.864205000000000112e+01,1.854410999999999987e+01,1.844641000000000020e+01,1.834849000000000174e+01,1.825080000000000169e+01,1.815307999999999922e+01,1.805533000000000143e+01,1.795755000000000123e+01,1.785980999999999952e+01,1.776173999999999964e+01,1.766420000000000101e+01,1.756669000000000125e+01,1.746910000000000096e+01,1.737152999999999992e+01,1.727398000000000167e+01,1.717645999999999873e+01,1.707910000000000039e+01,1.698152999999999935e+01,1.688419000000000025e+01,1.678670999999999935e+01,1.668933000000000177e+01,1.659168999999999983e+01,1.649442000000000164e+01,1.639706999999999937e+01,1.629986999999999853e+01,1.620270000000000010e+01,1.610561999999999827e+01,1.600857999999999848e+01,1.591137999999999941e+01,1.581420999999999921e+01,1.571720999999999968e+01,1.561993000000000009e+01,1.552283000000000079e+01,1.542576999999999998e+01,1.532896999999999998e+01,1.523221000000000025e+01,1.513549000000000078e+01,1.503871000000000002e+01,1.494186000000000014e+01,1.484506000000000014e+01,1.474826000000000015e+01,1.465150000000000041e+01,1.455481999999999942e+01,1.445817000000000085e+01,1.436213000000000051e+01,1.426543999999999990e+01,1.416902999999999935e+01,1.407264999999999944e+01,1.397631999999999941e+01,1.388003999999999927e+01,1.378387999999999991e+01,1.368758000000000052e+01,1.359158000000000044e+01,1.349555999999999933e+01,1.339935000000000009e+01,1.330319000000000074e+01,1.320726999999999940e+01,1.311140999999999934e+01,1.301577999999999946e+01,1.291981000000000002e+01,1.282427000000000028e+01,1.272879999999999967e+01,1.263313999999999915e+01,1.253740999999999950e+01,1.244211999999999918e+01,1.234625999999999912e+01,1.225111000000000061e+01,1.215596999999999994e+01,1.206081999999999965e+01,1.196541000000000032e+01,1.187030000000000030e+01,1.177527000000000079e+01,1.168082000000000065e+01,1.158552000000000071e+01,1.149098000000000042e+01,1.139653000000000027e+01,1.130198000000000036e+01,1.120748999999999995e+01,1.111303000000000019e+01,1.101867000000000019e+01,1.092451999999999934e+01,1.082989000000000068e+01,1.073607999999999940e+01,1.064237999999999928e+01,1.054861000000000004e+01,1.045486999999999966e+01,1.036120000000000019e+01,1.026764000000000010e+01,1.017449000000000048e+01,1.008079000000000036e+01,9.987610000000000099e+00,9.894550000000000622e+00,9.801479999999999748e+00,9.708539999999999281e+00,9.615930000000000533e+00,9.523450000000000415e+00,9.431319999999999482e+00,9.339270000000000849e+00,9.247249999999999304e+00,9.155379999999999185e+00,9.063459999999999184e+00,8.971669999999999590e+00,8.880069999999999908e+00,8.788639999999999119e+00,8.697770000000000223e+00,8.606980000000000075e+00,8.515990000000000393e+00,8.425060000000000215e+00,8.334939999999999571e+00,8.245029999999999859e+00,8.154920000000000613e+00,8.065020000000000522e+00,7.975710000000000299e+00,7.886289999999999800e+00,7.797349999999999781e+00,7.708300000000000374e+00,7.619819999999999816e+00,7.531119999999999592e+00,7.443190000000000417e+00,7.354720000000000368e+00,7.267330000000000290e+00,7.180220000000000269e+00,7.093379999999999797e+00,7.006829999999999892e+00,6.920060000000000322e+00,6.833580000000000432e+00,6.748179999999999623e+00,6.663140000000000285e+00,6.577860000000000262e+00,6.492939999999999934e+00,6.408999999999999808e+00,6.325420000000000265e+00,6.241799999999999571e+00,6.158559999999999590e+00,6.075990000000000002e+00,5.993459999999999788e+00,5.912349999999999994e+00,5.830630000000000202e+00,5.750270000000000437e+00,5.670239999999999725e+00,5.590679999999999872e+00,5.511689999999999756e+00,5.433309999999999640e+00,5.355199999999999960e+00,5.277980000000000338e+00,5.201340000000000074e+00,5.125219999999999665e+00,5.049800000000000288e+00,4.975170000000000314e+00,4.900439999999999685e+00,4.827919999999999767e+00,4.756219999999999892e+00,4.684929999999999595e+00,4.614530000000000243e+00,4.545469999999999899e+00,4.477109999999999701e+00,4.408929999999999794e+00,4.341440000000000410e+00,4.276580000000000048e+00,4.212290000000000312e+00,4.148139999999999716e+00,4.085149999999999615e+00,4.020780000000000243e+00,3.957479999999999887e+00,3.895160000000000178e+00,3.833530000000000104e+00,3.773400000000000087e+00,3.712190000000000101e+00,3.652789999999999981e+00,3.594819999999999904e+00,3.538590000000000124e+00,3.480269999999999975e+00,3.428160000000000096e+00,3.377510000000000012e+00,3.327210000000000001e+00,3.277820000000000178e+00,3.230170000000000208e+00,3.184039999999999981e+00,3.140680000000000138e+00,3.098660000000000192e+00,3.058370000000000033e+00,3.020189999999999930e+00,2.978610000000000202e+00,2.938260000000000094e+00,2.899830000000000130e+00,2.863300000000000178e+00,2.828629999999999978e+00,2.795929999999999804e+00,2.765270000000000117e+00,2.736639999999999961e+00,2.710269999999999957e+00,2.686160000000000103e+00,2.664010000000000211e+00,2.644089999999999829e+00,2.626419999999999977e+00,2.611029999999999962e+00,2.597970000000000113e+00,2.587159999999999904e+00,2.578539999999999832e+00,2.572280000000000122e+00,2.568529999999999980e+00,2.567050000000000054e+00,2.567969999999999864e+00,2.571299999999999919e+00,2.569300000000000139e+00,2.569669999999999899e+00,2.569570000000000132e+00,2.571379999999999999e+00,2.575940000000000119e+00,2.582780000000000076e+00,2.591209999999999791e+00,2.601900000000000102e+00,2.616080000000000183e+00,2.632470000000000088e+00,2.650300000000000100e+00,2.670300000000000118e+00,2.693449999999999900e+00,2.717890000000000139e+00,2.744639999999999969e+00,2.773499999999999854e+00,2.803220000000000045e+00,2.834779999999999855e+00,2.869320000000000093e+00,2.904069999999999929e+00,2.937089999999999979e+00,2.972090000000000121e+00,3.005900000000000016e+00,3.041650000000000187e+00,3.078679999999999861e+00,3.111689999999999845e+00,3.148429999999999840e+00,3.187250000000000139e+00,3.225839999999999819e+00,3.265620000000000189e+00,3.307609999999999939e+00,3.350719999999999921e+00,3.396500000000000075e+00,3.443060000000000009e+00,3.492830000000000101e+00,3.543699999999999850e+00,3.591689999999999827e+00,3.641259999999999941e+00,3.692730000000000068e+00,3.745760000000000201e+00,3.799279999999999990e+00,3.854280000000000150e+00,3.911369999999999791e+00,3.968980000000000175e+00,4.027899999999999814e+00,4.088110000000000355e+00,4.150109999999999744e+00,4.211829999999999963e+00,4.275629999999999598e+00,4.340550000000000352e+00,4.406240000000000379e+00,4.472830000000000084e+00,4.540140000000000065e+00,4.608430000000000248e+00,4.678230000000000111e+00,4.748920000000000030e+00,4.820560000000000400e+00,4.892570000000000086e+00,4.965410000000000323e+00,5.039019999999999833e+00,5.113599999999999923e+00,5.188889999999999780e+00,5.264980000000000437e+00,5.341680000000000206e+00,5.418879999999999697e+00,5.496710000000000207e+00,5.575190000000000090e+00,5.654130000000000322e+00,5.733769999999999811e+00,5.813909999999999911e+00,5.894540000000000113e+00,5.975640000000000285e+00,6.057170000000000165e+00,6.139160000000000394e+00,6.221599999999999575e+00,6.304470000000000240e+00,6.388060000000000294e+00,6.472010000000000041e+00,6.555970000000000297e+00,6.640290000000000248e+00,6.725520000000000387e+00,6.811219999999999608e+00,6.896709999999999674e+00,6.982540000000000191e+00,7.069049999999999834e+00,7.155879999999999797e+00,7.242790000000000283e+00,7.329920000000000435e+00,7.417510000000000048e+00,7.505399999999999849e+00,7.593370000000000175e+00,7.681519999999999904e+00,7.770059999999999967e+00,7.858850000000000335e+00,7.947930000000000383e+00,8.037280000000000868e+00,8.126749999999999474e+00,8.216340000000000643e+00,8.306380000000000763e+00,8.396530000000000271e+00,8.486879999999999313e+00,8.577120000000000744e+00,8.667889999999999873e+00,8.758900000000000574e+00,8.850149999999999295e+00,8.941570000000000462e+00,9.032999999999999474e+00,9.124560000000000670e+00,9.215989999999999682e+00,9.307660000000000267e+00,9.399960000000000093e+00,9.492440000000000211e+00,9.584749999999999659e+00,9.677199999999999136e+00,9.769769999999999399e+00,9.862470000000000070e+00,9.955270000000000508e+00,1.004819999999999958e+01,1.014100999999999964e+01,1.023398000000000074e+01,1.032754000000000083e+01,1.042126000000000019e+01,1.051478999999999964e+01,1.060821999999999932e+01,1.070218999999999987e+01,1.079618999999999929e+01,1.088958000000000048e+01,1.098347000000000051e+01,1.107774000000000036e+01,1.117262000000000022e+01,1.126688000000000045e+01,1.136128000000000071e+01,1.145589999999999975e+01,1.155061000000000071e+01,1.164544000000000068e+01,1.174009999999999998e+01,1.183507999999999960e+01,1.192952000000000012e+01,1.202472000000000030e+01,1.211987000000000059e+01,1.221509000000000000e+01,1.231025999999999954e+01,1.240588999999999942e+01,1.250142999999999915e+01,1.259669000000000061e+01,1.269200999999999979e+01,1.278766000000000069e+01,1.288335000000000008e+01,1.297921000000000014e+01,1.307499999999999929e+01,1.317083000000000048e+01,1.326656000000000013e+01,1.336253999999999920e+01,1.345831000000000088e+01,1.355405000000000015e+01,1.364983999999999931e+01,1.374639999999999951e+01,1.384300999999999959e+01,1.393914999999999971e+01,1.403523999999999994e+01,1.413177999999999912e+01,1.422832000000000008e+01,1.432456999999999958e+01,1.442087000000000074e+01,1.451759999999999984e+01,1.461410000000000053e+01,1.471067999999999998e+01,1.480691999999999986e+01,1.490395999999999965e+01,1.500103000000000009e+01,1.509781000000000084e+01,1.519420999999999999e+01,1.529147000000000034e+01,1.538842999999999961e+01,1.548529000000000089e+01,1.558184999999999931e+01,1.567852000000000068e+01,1.577533999999999992e+01,1.587256999999999962e+01,1.596982000000000035e+01,1.606737000000000037e+01,1.616475000000000151e+01,1.626208000000000098e+01,1.635944999999999894e+01,1.645633000000000123e+01,1.655323999999999884e+01,1.665090999999999966e+01,1.674831999999999965e+01,1.684598000000000084e+01,1.694343999999999895e+01,1.704073999999999955e+01,1.713785999999999987e+01,1.723528999999999911e+01,1.733277000000000001e+01,1.743062000000000111e+01,1.752843000000000018e+01,1.762591000000000108e+01,1.772317999999999927e+01,1.782047999999999988e+01,1.791780999999999935e+01,1.801545000000000130e+01,1.811310999999999893e+01,1.821111000000000146e+01,1.830909000000000120e+01,1.840684999999999860e+01,1.850469999999999970e+01,1.860294000000000025e+01,1.870113999999999876e+01,1.879886000000000124e+01,1.889659999999999940e+01,1.899431999999999832e+01,1.909206000000000003e+01,1.919030000000000058e+01,1.928819999999999979e+01,1.938645999999999958e+01,1.948441000000000045e+01,1.958271999999999835e+01,1.968083000000000027e+01,1.977880000000000038e+01,1.987678999999999974e+01,1.997484000000000037e+01,2.007291999999999987e+01,2.017133000000000109e+01,2.026920000000000144e+01,2.036742999999999881e+01,2.046567999999999898e+01,2.056381000000000014e+01,2.066194000000000131e+01,2.076052999999999926e+01,2.085879999999999868e+01,2.095694999999999908e+01,2.105512999999999835e+01,2.115354999999999919e+01,2.125197999999999965e+01,2.135020000000000095e+01,2.144841999999999871e+01,2.154691000000000045e+01,2.164544000000000068e+01,2.174386000000000152e+01,2.184230000000000160e+01
Diameter distribution(Å)
1.444862000000000002e+01,1.060200000000000031e+01,7.135760000000000325e+00,4.926239999999999952e+00,4.104099999999999859e+00,3.477250000000000174e+00,3.189099999999999824e+00,2.672200000000000131e+00,2.651250000000000107e+00,2.638269999999999893e+00,2.628229999999999844e+00,2.619829999999999881e+00,2.617820000000000036e+00,2.617410000000000014e+00,2.620000000000000107e+00,2.626419999999999977e+00,2.635829999999999895e+00,2.646500000000000075e+00,2.660099999999999909e+00,2.677999999999999936e+00,2.698350000000000026e+00,2.700779999999999959e+00,2.698879999999999946e+00,2.669680000000000053e+00,2.642500000000000071e+00,2.613649999999999807e+00,2.589090000000000114e+00,2.569980000000000153e+00,2.554689999999999905e+00,2.539769999999999861e+00,2.527890000000000192e+00,2.518159999999999954e+00,2.512309999999999821e+00,2.485630000000000006e+00,2.459509999999999863e+00,2.429600000000000204e+00,2.401609999999999800e+00,2.373580000000000023e+00,2.347780000000000200e+00,2.324860000000000149e+00,2.304819999999999869e+00,2.291180000000000216e+00,2.281680000000000152e+00,2.266519999999999868e+00,2.270239999999999814e+00,2.276349999999999874e+00,2.286439999999999806e+00,2.302329999999999988e+00,2.321180000000000021e+00,2.343220000000000081e+00,2.368129999999999846e+00,2.390550000000000175e+00,2.416300000000000114e+00,2.442930000000000046e+00,2.470209999999999795e+00,2.472259999999999902e+00,2.479019999999999779e+00,2.486470000000000180e+00,2.497040000000000148e+00,2.512430000000000163e+00,2.530949999999999811e+00,2.551639999999999908e+00,2.575260000000000105e+00,2.593020000000000103e+00,2.615930000000000089e+00,2.612150000000000194e+00,2.611400000000000166e+00,2.589119999999999866e+00,2.570710000000000051e+00,2.551649999999999974e+00,2.533539999999999903e+00,2.455979999999999830e+00,2.579470000000000152e+00,2.616709999999999869e+00,2.652750000000000163e+00,2.656489999999999796e+00,2.762280000000000069e+00,3.045450000000000212e+00,4.129190000000000360e+00,5.791909999999999670e+00,8.640019999999999811e+00,1.309337000000000018e+01,1.778820999999999941e+01
Diameter distribution(Å)
1.276557999999999993e+01,9.206149999999999167e+00,6.371900000000000119e+00,5.444029999999999703e+00,5.349039999999999573e+00,5.271989999999999732e+00,5.196089999999999876e+00,5.120630000000000237e+00,5.045689999999999564e+00,4.972489999999999633e+00,4.899910000000000210e+00,4.825750000000000206e+00,4.751559999999999562e+00,4.676239999999999952e+00,4.601689999999999614e+00,4.524600000000000399e+00,4.447980000000000267e+00,4.373160000000000380e+00,4.297259999999999636e+00,4.223959999999999937e+00,4.151600000000000179e+00,4.079430000000000334e+00,4.008000000000000007e+00,3.938530000000000086e+00,3.869250000000000078e+00,3.801680000000000170e+00,3.735149999999999970e+00,3.669439999999999813e+00,3.604950000000000099e+00,3.541399999999999881e+00,3.478740000000000165e+00,3.410740000000000105e+00,3.341029999999999944e+00,3.263329999999999842e+00,3.190269999999999939e+00,3.120909999999999851e+00,3.053770000000000095e+00,2.980659999999999865e+00,2.908539999999999903e+00,2.837419999999999831e+00,2.767430000000000057e+00,2.698490000000000055e+00,2.630739999999999856e+00,2.565960000000000019e+00,2.501180000000000181e+00,2.438759999999999817e+00,2.378049999999999997e+00,2.314369999999999816e+00,2.252400000000000180e+00,2.152690000000000214e+00,2.139860000000000095e+00,2.076560000000000183e+00,2.089519999999999822e+00,2.071279999999999788e+00,2.058949999999999836e+00,2.070770000000000000e+00,2.086050000000000182e+00,2.091540000000000177e+00,2.100950000000000095e+00,2.083520000000000039e+00,2.063559999999999839e+00,2.021510000000000140e+00,1.980739999999999945e+00,1.935890000000000111e+00,1.909480000000000066e+00,1.862069999999999892e+00,1.819660000000000055e+00,1.773900000000000032e+00,1.733959999999999946e+00,1.698229999999999906e+00,1.667380000000000084e+00,1.643000000000000016e+00,1.623860000000000081e+00,1.610289999999999999e+00,1.601390000000000091e+00,1.593820000000000014e+00,1.591460000000000097e+00,1.559600000000000097e+00,1.532080000000000108e+00,1.500150000000000095e+00,1.470560000000000089e+00,1.427489999999999926e+00,1.411680000000000046e+00,1.283039999999999958e+00,1.233670000000000044e+00,1.246590000000000087e+00,1.291700000000000070e+00,1.234329999999999927e+00,1.182730000000000059e+00,1.136919999999999931e+00,1.097529999999999895e+00,1.063649999999999984e+00,1.036399999999999988e+00,1.015879999999999894e+00,1.000720000000000054e+00,9.931499999999999773e-01,9.882199999999999873e-01,9.715399999999999592e-01,9.598700000000000010e-01,9.319699999999999651e-01,9.076400000000000023e-01,8.742199999999999971e-01,8.454300000000000148e-01,8.221699999999999564e-01,8.033500000000000085e-01,7.893000000000000016e-01,7.770700000000000385e-01,7.048999999999999710e-01,6.380500000000000060e-01,5.780899999999999928e-01,5.247800000000000242e-01,4.778399999999999870e-01,4.432400000000000229e-01,4.159499999999999864e-01,4.017800000000000260e-01,3.879500000000000171e-01,3.795799999999999730e-01,3.565900000000000181e-01,3.513200000000000212e-01,3.198199999999999932e-01,2.982199999999999851e-01,2.582499999999999796e-01,2.320000000000000118e-01,1.900199999999999945e-01,1.527900000000000091e-01,1.681100000000000094e-01,2.041000000000000036e-01,1.360430000000000028e+00,4.710479999999999556e+00,9.162589999999999790e+00,1.376253999999999955e+01
Diameter profile (Å)
8.841120000000000090e+00,5.735789999999999722e+00,4.963499999999999801e+00,4.733130000000000059e+00,4.634369999999999656e+00,4.535689999999999777e+00,4.437669999999999781e+00,4.292170000000000485e+00,4.149009999999999643e+00,3.992640000000000189e+00,3.935509999999999842e+00,3.841940000000000133e+00,3.748419999999999863e+00,3.654939999999999856e+00,3.514740000000000197e+00,3.375469999999999970e+00,3.283560000000000034e+00,3.191530000000000200e+00,3.100039999999999907e+00,3.007589999999999986e+00,2.917120000000000157e+00,2.778449999999999864e+00,2.642160000000000064e+00,2.556779999999999831e+00,2.471449999999999925e+00,2.384110000000000174e+00,2.297050000000000036e+00,2.207739999999999814e+00,2.078110000000000124e+00,1.956469999999999931e+00,1.873820000000000041e+00,1.791230000000000100e+00,1.710809999999999942e+00,1.630479999999999929e+00,1.552110000000000101e+00,1.435969999999999969e+00,1.323439999999999950e+00,1.250050000000000106e+00,1.178339999999999943e+00,1.109310000000000018e+00,1.042280000000000095e+00,9.761100000000000332e-01,8.819350000000000245e-01,7.940000000000000391e-01,7.266099999999999781e-01,6.598000000000000531e-01,5.877999999999999892e-01,5.191200000000000259e-01,4.559000000000000274e-01,3.982800000000000229e-01,3.197650000000000214e-01,2.373399999999999954e-01,2.091300000000000103e-01,1.818899999999999961e-01,1.627699999999999980e-01,1.325399999999999912e-01,1.442799999999999916e-01,1.493300000000000183e-01,1.878299999999999970e-01,2.152499999999999969e-01,2.511700000000000044e-01,2.935499999999999776e-01,3.432399999999999896e-01,3.979599999999999804e-01,4.888400000000000523e-01,5.894399999999999640e-01,6.611299999999999955e-01,7.260799999999999477e-01,7.944400000000000350e-01,8.522499999999999520e-01,9.126699999999999813e-01,1.008515000000000050e+00,1.108700000000000019e+00,1.178299999999999903e+00,1.250150000000000095e+00,1.323660000000000059e+00,1.398490000000000011e+00,1.474180000000000046e+00,1.590829999999999966e+00,1.710749999999999993e+00,1.791469999999999896e+00,1.873850000000000016e+00,1.956050000000000066e+00,2.040290000000000159e+00,2.125360000000000138e+00,2.254255000000000120e+00,2.383929999999999882e+00,2.470549999999999802e+00,2.560010000000000119e+00,2.647930000000000117e+00,2.737810000000000077e+00,2.828180000000000138e+00,2.963594999999999757e+00,3.028739999999999988e+00,3.249049999999999994e+00,3.360939999999999817e+00,3.473440000000000083e+00,5.243030000000000079e+00,8.220560000000000755e+00,1.555112499999999898e+01
Diameter profile (Å)
2.163528249999999886e+01,2.119286000000000314e+01,2.070148200000000216e+01,2.021058000000000021e+01,1.976905499999999805e+01,1.932777199999999951e+01,1.883785800000000066e+01,1.834857799999999983e+01,1.790860750000000223e+01,1.746909999999999741e+01,1.698159799999999819e+01,1.649447599999999881e+01,1.605706999999999596e+01,1.561998999999999782e+01,1.513544800000000023e+01,1.465156199999999842e+01,1.421731249999999847e+01,1.378387999999999991e+01,1.330335599999999907e+01,1.282435999999999865e+01,1.239422499999999872e+01,1.196555400000000091e+01,1.149116599999999977e+01,1.101872000000000007e+01,1.059548500000000004e+01,1.017434599999999989e+01,9.708789999999998699e+00,9.247336000000000666e+00,8.789025999999999783e+00,8.380255000000000010e+00,7.975858000000000558e+00,7.531430000000000291e+00,7.093564000000000647e+00,6.705690000000000595e+00,6.325544000000000722e+00,5.912539999999999907e+00,5.512223999999999791e+00,5.163585000000000313e+00,4.828936000000000561e+00,4.477495999999999476e+00,4.148587999999999276e+00,3.864892500000000286e+00,3.595732000000000372e+00,3.328173999999999744e+00,3.100387999999999700e+00,2.920000000000000373e+00,2.767347999999999697e+00,2.646341999999999750e+00,2.580896000000000079e+00,2.568904999999999994e+00,2.573868000000000045e+00,2.618392000000000053e+00,2.719956000000000262e+00,2.869696000000000247e+00,3.024580000000000268e+00,3.187765999999999877e+00,3.398143999999999831e+00,3.643028000000000155e+00,3.883477500000000138e+00,4.150716000000000072e+00,4.473637999999999337e+00,4.821138000000000368e+00,5.151622500000000215e+00,5.497317999999999927e+00,5.895005999999999524e+00,6.305060000000000109e+00,6.683250000000000135e+00,7.069393999999999956e+00,7.505544000000000437e+00,7.948173999999999850e+00,8.351532499999999359e+00,8.759126000000000190e+00,9.216234000000000037e+00,9.677326000000000761e+00,1.014120000000000132e+01,1.056161499999999975e+01,1.098392000000000124e+01,1.145602200000000082e+01,1.192985799999999941e+01,1.235816750000000042e+01,1.278778400000000026e+01,1.326664799999999822e+01,1.374648999999999965e+01,1.417997750000000146e+01,1.461403400000000019e+01,1.509769599999999912e+01,1.558188599999999724e+01,1.601862750000000091e+01,1.645640200000000064e+01,1.694326799999999977e+01,1.743060400000000243e+01,1.786923000000000172e+01,1.830897199999999714e+01,1.879877199999999959e+01,1.928828599999999938e+01,1.972978499999999968e+01,2.017114399999999819e+01,2.066215199999999896e+01,2.115356200000000086e+01,2.164538600000000201e+01
Diameter profile (Å)
nan,1.060200000000000031e+01,7.135760000000000325e+00,4.926239999999999952e+00,4.104099999999999859e+00,nan,3.477250000000000174e+00,3.189099999999999824e+00,2.672200000000000131e+00,2.651250000000000107e+00,2.638269999999999893e+00,nan,2.628229999999999844e+00,2.619829999999999881e+00,2.617820000000000036e+00,2.617410000000000014e+00,nan,2.620000000000000107e+00,2.626419999999999977e+00,2.635829999999999895e+00,2.646500000000000075e+00,2.660099999999999909e+00,nan,2.677999999999999936e+00,2.698350000000000026e+00,2.700779999999999959e+00,2.698879999999999946e+00,nan,2.669680000000000053e+00,2.642500000000000071e+00,2.613649999999999807e+00,2.589090000000000114e+00,2.569980000000000153e+00,nan,2.554689999999999905e+00,2.539769999999999861e+00,2.527890000000000192e+00,2.518159999999999954e+00,nan,2.512309999999999821e+00,2.485630000000000006e+00,2.459509999999999863e+00,2.429600000000000204e+00,2.401609999999999800e+00,nan,2.373580000000000023e+00,2.347780000000000200e+00,2.324860000000000149e+00,2.304819999999999869e+00,nan,2.291180000000000216e+00,2.281680000000000152e+00,2.266519999999999868e+00,2.270239999999999814e+00,2.276349999999999874e+00,nan,2.286439999999999806e+00,2.302329999999999988e+00,2.321180000000000021e+00,2.343220000000000081e+00,2.368129999999999846e+00,nan,2.390550000000000175e+00,2.416300000000000114e+00,2.442930000000000046e+00,2.470209999999999795e+00,nan,2.472259999999999902e+00,2.479019999999999779e+00,2.486470000000000180e+00,2.497040000000000148e+00,2.512430000000000163e+00,nan,2.530949999999999811e+00,2.551639999999999908e+00,2.575260000000000105e+00,2.593020000000000103e+00,nan,2.615930000000000089e+00,2.612150000000000194e+00,2.611400000000000166e+00,2.589119999999999866e+00,2.570710000000000051e+00,nan,2.551649999999999974e+00,2.533539999999999903e+00,2.455979999999999830e+00,2.579470000000000152e+00,nan,2.616709999999999869e+00,2.652750000000000163e+00,2.656489999999999796e+00,2.762280000000000069e+00,3.045450000000000212e+00,nan,4.129190000000000360e+00,5.791909999999999670e+00,8.640019999999999811e+00,1.309337000000000018e+01,1.778820999999999941e+01
Diameter profile (Å)
9.206149999999999167e+00,6.371900000000000119e+00,5.444029999999999703e+00,5.310514999999999652e+00,5.196089999999999876e+00,5.120630000000000237e+00,5.009089999999999598e+00,4.899910000000000210e+00,4.825750000000000206e+00,4.713899999999999757e+00,4.601689999999999614e+00,4.524600000000000399e+00,4.447980000000000267e+00,4.335210000000000008e+00,4.223959999999999937e+00,4.151600000000000179e+00,4.043715000000000614e+00,3.938530000000000086e+00,3.869250000000000078e+00,3.768415000000000070e+00,3.669439999999999813e+00,3.604950000000000099e+00,3.541399999999999881e+00,3.444740000000000357e+00,3.341029999999999944e+00,3.263329999999999842e+00,3.155590000000000117e+00,3.053770000000000095e+00,2.980659999999999865e+00,2.872980000000000089e+00,2.767430000000000057e+00,2.698490000000000055e+00,2.630739999999999856e+00,2.533570000000000100e+00,2.438759999999999817e+00,2.378049999999999997e+00,2.283384999999999998e+00,2.152690000000000214e+00,2.139860000000000095e+00,2.083040000000000003e+00,2.071279999999999788e+00,2.058949999999999836e+00,2.070770000000000000e+00,2.088795000000000179e+00,2.100950000000000095e+00,2.083520000000000039e+00,2.042534999999999989e+00,1.980739999999999945e+00,1.935890000000000111e+00,1.885774999999999979e+00,1.819660000000000055e+00,1.773900000000000032e+00,1.733959999999999946e+00,1.682805000000000106e+00,1.643000000000000016e+00,1.623860000000000081e+00,1.605840000000000156e+00,1.593820000000000014e+00,1.591460000000000097e+00,1.545840000000000103e+00,1.500150000000000095e+00,1.470560000000000089e+00,1.427489999999999926e+00,1.347360000000000113e+00,1.233670000000000044e+00,1.246590000000000087e+00,1.263014999999999999e+00,1.182730000000000059e+00,1.136919999999999931e+00,1.080589999999999939e+00,1.036399999999999988e+00,1.015879999999999894e+00,1.000720000000000054e+00,9.906850000000000378e-01,9.715399999999999592e-01,9.598700000000000010e-01,9.198049999999999837e-01,8.742199999999999971e-01,8.454300000000000148e-01,8.127599999999999270e-01,7.893000000000000016e-01,7.770700000000000385e-01,7.048999999999999710e-01,6.080699999999999994e-01,5.247800000000000242e-01,4.778399999999999870e-01,4.295950000000000046e-01,4.017800000000000260e-01,3.879500000000000171e-01,3.680849999999999955e-01,3.513200000000000212e-01,3.198199999999999932e-01,2.982199999999999851e-01,2.451249999999999818e-01,1.900199999999999945e-01,1.527900000000000091e-01,1.861050000000000204e-01,1.360430000000000028e+00,4.710479999999999556e+00,1.146256499999999967e+01
Min diameter_profile (Å)
1.325399999999999912e-01
Min diameter_profile (Å)
2.568904999999999994e+00
Min diameter_profile (Å)
nan
Min diameter_profile (Å)
1.527900000000000091e-01
Average Diameter (Å)
5.240352352941177294e+00
Diameter distribution(Å)
1.733618999999999843e+01,1.239201000000000086e+01,7.519339999999999691e+00,3.095709999999999962e+00,7.700999999999999512e-02,-2.305000000000000104e-02,2.183499999999999885e-01,1.360000000000000098e-03,8.210000000000000631e-02,1.252399999999999902e-01,1.787600000000000022e-01,5.324900000000000189e-01,1.588829999999999965e+00,5.080189999999999984e+00,9.053879999999999484e+00,1.359456999999999915e+01,1.823301000000000016e+01
Diameter profile (Å)
nan,nan,nan,nan,nan,nan,1.239201000000000086e+01,nan,nan,nan,nan,nan,7.519339999999999691e+00,nan,nan,nan,nan,nan,3.095709999999999962e+00,nan,nan,nan,nan,nan,7.700999999999999512e-02,nan,nan,nan,nan,nan,nan,-2.305000000000000104e-02,nan,nan,nan,nan,nan,2.183499999999999885e-01,nan,nan,nan,nan,nan,1.360000000000000098e-03,nan,nan,nan,nan,nan,8.210000000000000631e-02,nan,nan,nan,nan,nan,nan,1.252399999999999902e-01,nan,nan,nan,nan,nan,1.787600000000000022e-01,nan,nan,nan,nan,nan,5.324900000000000189e-01,nan,nan,nan,nan,nan,1.588829999999999965e+00,nan,nan,nan,nan,nan,nan,5.080189999999999984e+00,nan,nan,nan,nan,nan,9.053879999999999484e+00,nan,nan,nan,nan,nan,1.359456999999999915e+01,nan,nan,nan,nan,nan,1.823301000000000016e+01
Min diameter_profile (Å)
nan
Average Diameter (Å)
1.084136819706499111e+01
Diameter distribution(Å)
2.188117000000000090e+01,2.178278999999999854e+01,2.168441999999999936e+01,2.158611000000000146e+01,2.148780999999999963e+01,2.138948999999999856e+01,2.129117000000000104e+01,2.119284000000000034e+01,2.109450000000000003e+01,2.099630000000000152e+01,2.089795000000000158e+01,2.079975999999999914e+01,2.070153000000000176e+01,2.060322999999999993e+01,2.050494000000000128e+01,2.040690999999999988e+01,2.030864000000000047e+01,2.021055000000000135e+01,2.011246999999999829e+01,2.001433000000000106e+01,1.991619999999999990e+01,1.981809000000000154e+01,1.971998999999999924e+01,1.962193999999999861e+01,1.952390000000000114e+01,1.942582000000000164e+01,1.932773999999999859e+01,1.922973999999999961e+01,1.913166000000000011e+01,1.903369999999999962e+01,1.893575999999999837e+01,1.883783999999999992e+01,1.873994000000000071e+01,1.864205000000000112e+01,1.854410999999999987e+01,1.844641000000000020e+01,1.834849000000000174e+01,1.825080000000000169e+01,1.815307999999999922e+01,1.805533000000000143e+01,1.795755000000000123e+01,1.785980999999999952e+01,1.776173999999999964e+01,1.766420000000000101e+01,1.756669000000000125e+01,1.746910000000000096e+01,1.737152999999999992e+01,1.727398000000000167e+01,1.717645999999999873e+01,1.707910000000000039e+01,1.698152999999999935e+01,1.688419000000000025e+01,1.678670999999999935e+01,1.668933000000000177e+01,1.659168999999999983e+01,1.649442000000000164e+01,1.639706999999999937e+01,1.629986999999999853e+01,1.620270000000000010e+01,1.610561999999999827e+01,1.600857999999999848e+01,1.591137999999999941e+01,1.581420999999999921e+01,1.571720999999999968e+01,1.561993000000000009e+01,1.552283000000000079e+01,1.542576999999999998e+01,1.532896999999999998e+01,1.523221000000000025e+01,1.513549000000000078e+01,1.503871000000000002e+01,1.494186000000000014e+01,1.484506000000000014e+01,1.474826000000000015e+01,1.465150000000000041e+01,1.455481999999999942e+01,1.445817000000000085e+01,1.436213000000000051e+01,1.426543999999999990e+01,1.416902999999999935e+01,1.407264999999999944e+01,1.397631999999999941e+01,1.388003999999999927e+01,1.378387999999999991e+01,1.368758000000000052e+01,1.359158000000000044e+01,1.349555999999999933e+01,1.339935000000000009e+01,1.330319000000000074e+01,1.320726999999999940e+01,1.311140999999999934e+01,1.301577999999999946e+01,1.291981000000000002e+01,1.282427000000000028e+01,1.272879999999999967e+01,1.263313999999999915e+01,1.253740999999999950e+01,1.244211999999999918e+01,1.234625999999999912e+01,1.225111000000000061e+01,1.215596999999999994e+01,1.206081999999999965e+01,1.196541000000000032e+01,1.187030000000000030e+01,1.177527000000000079e+01,1.168082000000000065e+01,1.158552000000000071e+01,1.149098000000000042e+01,1.139653000000000027e+01,1.130198000000000036e+01,1.120748999999999995e+01,1.111303000000000019e+01,1.101867000000000019e+01,1.092451999999999934e+01,1.082989000000000068e+01,1.073607999999999940e+01,1.064237999999999928e+01,1.054861000000000004e+01,1.045486999999999966e+01,1.036120000000000019e+01,1.026764000000000010e+01,1.017449000000000048e+01,1.008079000000000036e+01,9.987610000000000099e+00,9.894550000000000622e+00,9.801479999999999748e+00,9.708539999999999281e+00,9.615930000000000533e+00,9.523450000000000415e+00,9.431319999999999482e+00,9.339270000000000849e+00,9.247249999999999304e+00,9.155379999999999185e+00,9.063459999999999184e+00,8.971669999999999590e+00,8.880069999999999908e+00,8.788639999999999119e+00,8.697770000000000223e+00,8.606980000000000075e+00,8.515990000000000393e+00,8.425060000000000215e+00,8.334939999999999571e+00,8.245029999999999859e+00,8.154920000000000613e+00,8.065020000000000522e+00,7.975710000000000299e+00,7.886289999999999800e+00,7.797349999999999781e+00,7.708300000000000374e+00,7.619819999999999816e+00,7.531119999999999592e+00,7.443190000000000417e+00,7.354720000000000368e+00,7.267330000000000290e+00,7.180220000000000269e+00,7.093379999999999797e+00,7.006829999999999892e+00,6.920060000000000322e+00,6.833580000000000432e+00,6.748179999999999623e+00,6.663140000000000285e+00,6.577860000000000262e+00,6.492939999999999934e+00,6.408999999999999808e+00,6.325420000000000265e+00,6.241799999999999571e+00,6.158559999999999590e+00,6.075990000000000002e+00,5.993459999999999788e+00,5.912349999999999994e+00,5.830630000000000202e+00,5.750270000000000437e+00,5.670239999999999725e+00,5.590679999999999872e+00,5.511689999999999756e+00,5.433309999999999640e+00,5.355199999999999960e+00,5.277980000000000338e+00,5.201340000000000074e+00,5.125219999999999665e+00,5.049800000000000288e+00,4.975170000000000314e+00,4.900439999999999685e+00,4.827919999999999767e+00,4.756219999999999892e+00,4.684929999999999595e+00,4.614530000000000243e+00,4.545469999999999899e+00,4.477109999999999701e+00,4.408929999999999794e+00,4.341440000000000410e+00,4.276580000000000048e+00,4.212290000000000312e+00,4.148139999999999716e+00,4.085149999999999615e+00,4.020780000000000243e+00,3.957479999999999887e+00,3.895160000000000178e+00,3.833530000000000104e+00,3.773400000000000087e+00,3.712190000000000101e+00,3.652789999999999981e+00,3.594819999999999904e+00,3.538590000000000124e+00,3.480269999999999975e+00,3.428160000000000096e+00,3.377510000000000012e+00,3.327210000000000001e+00,3.277820000000000178e+00,3.230170000000000208e+00,3.184039999999999981e+00,3.140680000000000138e+00,3.098660000000000192e+00,3.058370000000000033e+00,3.020189999999999930e+00,2.978610000000000202e+00,2.938260000000000094e+00,2.899830000000000130e+00,2.863300000000000178e+00,2.828629999999999978e+00,2.795929999999999804e+00,2.765270000000000117e+00,2.736639999999999961e+00,2.710269999999999957e+00,2.686160000000000103e+00,2.664010000000000211e+00,2.644089999999999829e+00,2.626419999999999977e+00,2.611029999999999962e+00,2.597970000000000113e+00,2.587159999999999904e+00,2.578539999999999832e+00,2.572280000000000122e+00,2.568529999999999980e+00,2.567050000000000054e+00,2.567969999999999864e+00,2.571299999999999919e+00,2.569300000000000139e+00,2.569669999999999899e+00,2.569570000000000132e+00,2.571379999999999999e+00,2.575940000000000119e+00,2.582780000000000076e+00,2.591209999999999791e+00,2.601900000000000102e+00,2.616080000000000183e+00,2.632470000000000088e+00,2.650300000000000100e+00,2.670300000000000118e+00,2.693449999999999900e+00,2.717890000000000139e+00,2.744639999999999969e+00,2.773499999999999854e+00,2.803220000000000045e+00,2.834779999999999855e+00,2.869320000000000093e+00,2.904069999999999929e+00,2.937089999999999979e+00,2.972090000000000121e+00,3.005900000000000016e+00,3.041650000000000187e+00,3.078679999999999861e+00,3.111689999999999845e+00,3.148429999999999840e+00,3.187250000000000139e+00,3.225839999999999819e+00,3.265620000000000189e+00,3.307609999999999939e+00,3.350719999999999921e+00,3.396500000000000075e+00,3.443060000000000009e+00,3.492830000000000101e+00,3.543699999999999850e+00,3.591689999999999827e+00,3.641259999999999941e+00,3.692730000000000068e+00,3.745760000000000201e+00,3.799279999999999990e+00,3.854280000000000150e+00,3.911369999999999791e+00,3.968980000000000175e+00,4.027899999999999814e+00,4.088110000000000355e+00,4.150109999999999744e+00,4.211829999999999963e+00,4.275629999999999598e+00,4.340550000000000352e+00,4.406240000000000379e+00,4.472830000000000084e+00,4.540140000000000065e+00,4.608430000000000248e+00,4.678230000000000111e+00,4.748920000000000030e+00,4.820560000000000400e+00,4.892570000000000086e+00,4.965410000000000323e+00,5.039019999999999833e+00,5.113599999999999923e+00,5.188889999999999780e+00,5.264980000000000437e+00,5.341680000000000206e+00,5.418879999999999697e+00,5.496710000000000207e+00,5.575190000000000090e+00,5.654130000000000322e+00,5.733769999999999811e+00,5.813909999999999911e+00,5.894540000000000113e+00,5.975640000000000285e+00,6.057170000000000165e+00,6.139160000000000394e+00,6.221599999999999575e+00,6.304470000000000240e+00,6.388060000000000294e+00,6.472010000000000041e+00,6.555970000000000297e+00,6.640290000000000248e+00,6.725520000000000387e+00,6.811219999999999608e+00,6.896709999999999674e+00,6.982540000000000191e+00,7.069049999999999834e+00,7.155879999999999797e+00,7.242790000000000283e+00,7.329920000000000435e+00,7.417510000000000048e+00,7.505399999999999849e+00,7.593370000000000175e+00,7.681519999999999904e+00,7.770059999999999967e+00,7.858850000000000335e+00,7.947930000000000383e+00,8.037280000000000868e+00,8.126749999999999474e+00,8.216340000000000643e+00,8.306380000000000763e+00,8.396530000000000271e+00,8.486879999999999313e+00,8.577120000000000744e+00,8.667889999999999873e+00,8.758900000000000574e+00,8.850149999999999295e+00,8.941570000000000462e+00,9.032999999999999474e+00,9.124560000000000670e+00,9.215989999999999682e+00,9.307660000000000267e+00,9.399960000000000093e+00,9.492440000000000211e+00,9.584749999999999659e+00,9.677199999999999136e+00,9.769769999999999399e+00,9.862470000000000070e+00,9.955270000000000508e+00,1.004819999999999958e+01,1.014100999999999964e+01,1.023398000000000074e+01,1.032754000000000083e+01,1.042126000000000019e+01,1.051478999999999964e+01,1.060821999999999932e+01,1.070218999999999987e+01,1.079618999999999929e+01,1.088958000000000048e+01,1.098347000000000051e+01,1.107774000000000036e+01,1.117262000000000022e+01,1.126688000000000045e+01,1.136128000000000071e+01,1.145589999999999975e+01,1.155061000000000071e+01,1.164544000000000068e+01,1.174009999999999998e+01,1.183507999999999960e+01,1.192952000000000012e+01,1.202472000000000030e+01,1.211987000000000059e+01,1.221509000000000000e+01,1.231025999999999954e+01,1.240588999999999942e+01,1.250142999999999915e+01,1.259669000000000061e+01,1.269200999999999979e+01,1.278766000000000069e+01,1.288335000000000008e+01,1.297921000000000014e+01,1.307499999999999929e+01,1.317083000000000048e+01,1.326656000000000013e+01,1.336253999999999920e+01,1.345831000000000088e+01,1.355405000000000015e+01,1.364983999999999931e+01,1.374639999999999951e+01,1.384300999999999959e+01,1.393914999999999971e+01,1.403523999999999994e+01,1.413177999999999912e+01,1.422832000000000008e+01,1.432456999999999958e+01,1.442087000000000074e+01,1.451759999999999984e+01,1.461410000000000053e+01,1.471067999999999998e+01,1.480691999999999986e+01,1.490395999999999965e+01,1.500103000000000009e+01,1.509781000000000084e+01,1.519420999999999999e+01,1.529147000000000034e+01,1.538842999999999961e+01,1.548529000000000089e+01,1.558184999999999931e+01,1.567852000000000068e+01,1.577533999999999992e+01,1.587256999999999962e+01,1.596982000000000035e+01,1.606737000000000037e+01,1.616475000000000151e+01,1.626208000000000098e+01,1.635944999999999894e+01,1.645633000000000123e+01,1.655323999999999884e+01,1.665090999999999966e+01,1.674831999999999965e+01,1.684598000000000084e+01,1.694343999999999895e+01,1.704073999999999955e+01,1.713785999999999987e+01,1.723528999999999911e+01,1.733277000000000001e+01,1.743062000000000111e+01,1.752843000000000018e+01,1.762591000000000108e+01,1.772317999999999927e+01,1.782047999999999988e+01,1.791780999999999935e+01,1.801545000000000130e+01,1.811310999999999893e+01,1.821111000000000146e+01,1.830909000000000120e+01,1.840684999999999860e+01,1.850469999999999970e+01,1.860294000000000025e+01,1.870113999999999876e+01,1.879886000000000124e+01,1.889659999999999940e+01,1.899431999999999832e+01,1.909206000000000003e+01,1.919030000000000058e+01,1.928819999999999979e+01,1.938645999999999958e+01,1.948441000000000045e+01,1.958271999999999835e+01,1.968083000000000027e+01,1.977880000000000038e+01,1.987678999999999974e+01,1.997484000000000037e+01,2.007291999999999987e+01,2.017133000000000109e+01,2.026920000000000144e+01,2.036742999999999881e+01,2.046567999999999898e+01,2.056381000000000014e+01,2.066194000000000131e+01,2.076052999999999926e+01,2.085879999999999868e+01,2.095694999999999908e+01,2.105512999999999835e+01,2.115354999999999919e+01,2.125197999999999965e+01,2.135020000000000095e+01,2.144841999999999871e+01,2.154691000000000045e+01,2.164544000000000068e+01,2.174386000000000152e+01,2.184230000000000160e+01
Diameter profile (Å)
2.163528249999999886e+01,2.119286000000000314e+01,2.070148200000000216e+01,2.021058000000000021e+01,1.976905499999999805e+01,1.932777199999999951e+01,1.883785800000000066e+01,1.834857799999999983e+01,1.790860750000000223e+01,1.746909999999999741e+01,1.698159799999999819e+01,1.649447599999999881e+01,1.605706999999999596e+01,1.561998999999999782e+01,1.513544800000000023e+01,1.465156199999999842e+01,1.421731249999999847e+01,1.378387999999999991e+01,1.330335599999999907e+01,1.282435999999999865e+01,1.239422499999999872e+01,1.196555400000000091e+01,1.149116599999999977e+01,1.101872000000000007e+01,1.059548500000000004e+01,1.017434599999999989e+01,9.708789999999998699e+00,9.247336000000000666e+00,8.789025999999999783e+00,8.380255000000000010e+00,7.975858000000000558e+00,7.531430000000000291e+00,7.093564000000000647e+00,6.705690000000000595e+00,6.325544000000000722e+00,5.912539999999999907e+00,5.512223999999999791e+00,5.163585000000000313e+00,4.828936000000000561e+00,4.477495999999999476e+00,4.148587999999999276e+00,3.864892500000000286e+00,3.595732000000000372e+00,3.328173999999999744e+00,3.100387999999999700e+00,2.920000000000000373e+00,2.767347999999999697e+00,2.646341999999999750e+00,2.580896000000000079e+00,2.568904999999999994e+00,2.573868000000000045e+00,2.618392000000000053e+00,2.719956000000000262e+00,2.869696000000000247e+00,3.024580000000000268e+00,3.187765999999999877e+00,3.398143999999999831e+00,3.643028000000000155e+00,3.883477500000000138e+00,4.150716000000000072e+00,4.473637999999999337e+00,4.821138000000000368e+00,5.151622500000000215e+00,5.497317999999999927e+00,5.895005999999999524e+00,6.305060000000000109e+00,6.683250000000000135e+00,7.069393999999999956e+00,7.505544000000000437e+00,7.948173999999999850e+00,8.351532499999999359e+00,8.759126000000000190e+00,9.216234000000000037e+00,9.677326000000000761e+00,1.014120000000000132e+01,1.056161499999999975e+01,1.098392000000000124e+01,1.145602200000000082e+01,1.192985799999999941e+01,1.235816750000000042e+01,1.278778400000000026e+01,1.326664799999999822e+01,1.374648999999999965e+01,1.417997750000000146e+01,1.461403400000000019e+01,1.509769599999999912e+01,1.558188599999999724e+01,1.601862750000000091e+01,1.645640200000000064e+01,1.694326799999999977e+01,1.743060400000000243e+01,1.786923000000000172e+01,1.830897199999999714e+01,1.879877199999999959e+01,1.928828599999999938e+01,1.972978499999999968e+01,2.017114399999999819e+01,2.066215199999999896e+01,2.115356200000000086e+01,2.164538600000000201e+01
Min diameter_profile (Å)
2.568904999999999994e+00
Average Diameter (Å)
1.804656283185840593e+00
Diameter distribution(Å)
1.867970000000000041e+01,1.428120999999999974e+01,1.003129999999999988e+01,5.930109999999999992e+00,2.993160000000000043e+00,2.353070000000000217e+00,2.243069999999999897e+00,2.158249999999999780e+00,2.075299999999999923e+00,1.993859999999999966e+00,1.913729999999999931e+00,1.835199999999999942e+00,1.758499999999999952e+00,1.685890000000000111e+00,1.615569999999999951e+00,1.357150000000000079e+00,1.488180000000000058e+00,1.433440000000000047e+00,1.377529999999999921e+00,1.315339999999999954e+00,1.257390000000000008e+00,1.209089999999999998e+00,1.165480000000000071e+00,1.129709999999999992e+00,1.096889999999999921e+00,2.839499999999999802e-01,4.448300000000000032e-01,2.988199999999999745e-01,3.549399999999999777e-01,2.143700000000000050e-01,2.741500000000000048e-01,2.375099999999999989e-01,2.038699999999999957e-01,1.779799999999999993e-01,1.576200000000000101e-01,1.431499999999999995e-01,1.343600000000000072e-01,1.305000000000000049e-01,1.327000000000000124e-01,1.059400000000000064e-01,1.552600000000000091e-01,1.759199999999999930e-01,2.022200000000000109e-01,2.331999999999999906e-01,2.693699999999999983e-01,3.102400000000000158e-01,3.558299999999999796e-01,4.056699999999999751e-01,4.595099999999999740e-01,5.061799999999999633e-01,5.548499999999999543e-01,5.627799999999999470e-01,5.796999999999999931e-01,6.068099999999999605e-01,6.409799999999999942e-01,6.828499999999999570e-01,7.300400000000000222e-01,7.217299999999999827e-01,8.399699999999999944e-01,8.732100000000000417e-01,9.124600000000000488e-01,9.574000000000000288e-01,1.007549999999999946e+00,1.063690000000000024e+00,1.124069999999999903e+00,1.183200000000000029e+00,1.154279999999999973e+00,1.113979999999999970e+00,1.076389999999999958e+00,1.032030000000000003e+00,9.909400000000000430e-01,9.539499999999999647e-01,9.206600000000000339e-01,8.923299999999999566e-01,8.670200000000000129e-01,8.406700000000000284e-01,8.168400000000000105e-01,7.880000000000000338e-01,7.625800000000000356e-01,7.253600000000000048e-01,7.139199999999999990e-01,6.849100000000000188e-01,6.801800000000000068e-01,6.406199999999999672e-01,6.673099999999999588e-01,6.336199999999999610e-01,6.760599999999999943e-01,6.424499999999999655e-01,7.031899999999999817e-01,7.225300000000000056e-01,7.473999999999999533e-01,7.775100000000000344e-01,8.126400000000000290e-01,8.496500000000000163e-01,8.897599999999999953e-01,9.399699999999999722e-01,9.939599999999999547e-01,1.049129999999999896e+00,1.107620000000000049e+00,1.171170000000000044e+00,1.236699999999999910e+00,1.300650000000000084e+00,1.367159999999999931e+00,1.435750000000000082e+00,1.505819999999999936e+00,1.578559999999999963e+00,1.651759999999999895e+00,2.455610000000000070e+00,5.141860000000000319e+00,7.759640000000000093e+00,1.114602999999999966e+01,1.513090000000000046e+01,1.938958999999999833e+01
Diameter profile (Å)
1.428120999999999974e+01,1.003129999999999988e+01,5.930109999999999992e+00,2.993160000000000043e+00,2.353070000000000217e+00,2.243069999999999897e+00,2.158249999999999780e+00,2.075299999999999923e+00,1.953794999999999948e+00,1.835199999999999942e+00,1.758499999999999952e+00,1.685890000000000111e+00,1.615569999999999951e+00,1.357150000000000079e+00,1.488180000000000058e+00,1.433440000000000047e+00,1.346435000000000048e+00,1.257390000000000008e+00,1.209089999999999998e+00,1.165480000000000071e+00,1.129709999999999992e+00,1.096889999999999921e+00,2.839499999999999802e-01,4.448300000000000032e-01,3.268799999999999484e-01,2.143700000000000050e-01,2.741500000000000048e-01,2.375099999999999989e-01,2.038699999999999957e-01,1.779799999999999993e-01,1.576200000000000101e-01,1.431499999999999995e-01,1.343600000000000072e-01,1.315999999999999948e-01,1.059400000000000064e-01,1.552600000000000091e-01,1.759199999999999930e-01,2.022200000000000109e-01,2.331999999999999906e-01,2.693699999999999983e-01,3.102400000000000158e-01,3.807499999999999774e-01,4.595099999999999740e-01,5.061799999999999633e-01,5.548499999999999543e-01,5.627799999999999470e-01,5.796999999999999931e-01,6.068099999999999605e-01,6.409799999999999942e-01,7.064449999999999896e-01,7.217299999999999827e-01,8.399699999999999944e-01,8.732100000000000417e-01,9.124600000000000488e-01,9.574000000000000288e-01,1.007549999999999946e+00,1.063690000000000024e+00,1.124069999999999903e+00,1.168740000000000112e+00,1.113979999999999970e+00,1.076389999999999958e+00,1.032030000000000003e+00,9.909400000000000430e-01,9.539499999999999647e-01,9.206600000000000339e-01,8.923299999999999566e-01,8.538449999999999651e-01,8.168400000000000105e-01,7.880000000000000338e-01,7.625800000000000356e-01,7.253600000000000048e-01,7.139199999999999990e-01,6.849100000000000188e-01,6.801800000000000068e-01,6.406199999999999672e-01,6.504649999999999599e-01,6.760599999999999943e-01,6.424499999999999655e-01,7.031899999999999817e-01,7.225300000000000056e-01,7.473999999999999533e-01,7.775100000000000344e-01,8.126400000000000290e-01,8.697049999999999503e-01,9.399699999999999722e-01,9.939599999999999547e-01,1.049129999999999896e+00,1.107620000000000049e+00,1.171170000000000044e+00,1.236699999999999910e+00,1.300650000000000084e+00,1.401454999999999895e+00,1.505819999999999936e+00,1.578559999999999963e+00,1.651759999999999895e+00,2.455610000000000070e+00,5.141860000000000319e+00,7.759640000000000093e+00,1.114602999999999966e+01,1.726024499999999762e+01
Min diameter_profile (Å)
1.059400000000000064e-01
Average Diameter (Å)
8.960353095975232662e+00
Diameter distribution(Å)
1.690887000000000029e+01,1.357145000000000046e+01,1.057301000000000002e+01,8.241509999999999891e+00,6.194460000000000299e+00,5.667959999999999887e+00,5.656930000000000014e+00,5.573039999999999772e+00,5.489379999999999704e+00,5.408459999999999823e+00,5.327969999999999651e+00,5.247659999999999769e+00,5.167819999999999858e+00,5.088370000000000282e+00,5.009579999999999700e+00,4.931040000000000312e+00,4.853279999999999816e+00,4.777860000000000440e+00,4.702810000000000379e+00,4.628009999999999735e+00,4.554070000000000285e+00,4.481419999999999959e+00,4.409699999999999953e+00,4.336949999999999861e+00,4.265139999999999709e+00,4.197499999999999787e+00,4.130950000000000344e+00,4.064049999999999940e+00,3.998149999999999871e+00,3.933710000000000040e+00,3.870350000000000179e+00,3.807209999999999983e+00,3.745309999999999917e+00,3.686469999999999914e+00,3.629039999999999822e+00,3.572519999999999918e+00,3.516150000000000109e+00,3.462819999999999787e+00,3.409609999999999808e+00,3.359440000000000204e+00,3.309800000000000075e+00,3.259590000000000209e+00,3.211289999999999978e+00,3.163510000000000044e+00,3.118009999999999948e+00,3.079169999999999963e+00,3.041900000000000048e+00,2.995800000000000018e+00,2.953359999999999985e+00,2.923810000000000020e+00,2.895599999999999952e+00,2.865270000000000206e+00,2.838249999999999940e+00,2.808539999999999814e+00,2.774519999999999875e+00,2.726449999999999818e+00,2.677690000000000126e+00,2.635009999999999852e+00,2.592670000000000030e+00,2.552059999999999995e+00,2.512869999999999937e+00,2.469590000000000174e+00,2.428380000000000205e+00,2.386340000000000128e+00,2.346859999999999946e+00,2.308079999999999909e+00,2.272069999999999812e+00,2.242529999999999912e+00,2.212460000000000093e+00,2.186080000000000023e+00,2.163260000000000183e+00,2.144080000000000208e+00,2.126759999999999984e+00,2.113300000000000178e+00,2.102889999999999926e+00,2.072290000000000187e+00,2.042100000000000026e+00,2.007909999999999862e+00,1.976239999999999997e+00,1.946020000000000083e+00,1.918299999999999894e+00,1.895790000000000086e+00,1.875280000000000058e+00,1.852409999999999890e+00,1.830440000000000067e+00,1.823849999999999971e+00,1.819560000000000066e+00,1.776860000000000106e+00,1.808759999999999923e+00,1.813770000000000104e+00,1.821849999999999969e+00,1.834240000000000093e+00,1.849639999999999951e+00,1.871390000000000109e+00,1.893780000000000019e+00,1.921410000000000062e+00,1.952620000000000022e+00,1.986410000000000009e+00,2.023480000000000167e+00,2.006139999999999812e+00,2.191559999999999953e+00,2.241610000000000102e+00,2.293699999999999850e+00,2.347480000000000011e+00,2.403220000000000134e+00,2.461170000000000080e+00,2.520859999999999879e+00,2.581719999999999793e+00,2.644499999999999851e+00,2.709610000000000074e+00,2.773429999999999840e+00,2.839679999999999982e+00,2.907259999999999955e+00,2.977040000000000131e+00,3.045980000000000132e+00,3.116610000000000102e+00,3.188489999999999824e+00,3.262270000000000003e+00,3.337079999999999824e+00,3.404570000000000096e+00,3.473009999999999931e+00,3.531849999999999934e+00,3.591450000000000031e+00,3.651889999999999858e+00,3.713509999999999867e+00,3.776250000000000107e+00,3.840090000000000003e+00,3.905489999999999906e+00,3.971379999999999910e+00,4.038789999999999658e+00,4.106499999999999595e+00,4.175760000000000360e+00,4.245910000000000295e+00,4.317059999999999675e+00,4.388910000000000089e+00,4.461380000000000123e+00,4.534639999999999560e+00,4.607899999999999885e+00,4.681890000000000107e+00,4.758300000000000196e+00,4.833919999999999995e+00,4.911760000000000126e+00,4.988850000000000229e+00,5.065959999999999575e+00,5.143259999999999721e+00,5.223010000000000375e+00,5.303300000000000125e+00,5.384750000000000369e+00,5.464380000000000237e+00,5.546359999999999957e+00,5.628120000000000012e+00,5.710420000000000051e+00,5.793169999999999931e+00,5.876260000000000261e+00,5.959640000000000271e+00,6.043630000000000280e+00,6.127869999999999706e+00,6.212379999999999569e+00,6.297039999999999971e+00,6.382259999999999600e+00,6.467670000000000030e+00,6.553849999999999731e+00,6.640349999999999753e+00,6.727730000000000210e+00,6.815050000000000274e+00,6.902750000000000163e+00,6.990409999999999791e+00,7.078350000000000364e+00,7.166579999999999728e+00,7.255530000000000257e+00,7.344289999999999985e+00,7.433329999999999771e+00,7.522179999999999644e+00,7.612110000000000376e+00,7.701260000000000439e+00,7.791940000000000310e+00,7.881859999999999644e+00,7.972389999999999866e+00,8.063129999999999242e+00,8.154059999999999420e+00,8.245039999999999480e+00,8.336130000000000706e+00,8.427270000000000039e+00,8.519180000000000419e+00,8.611079999999999401e+00,8.702870000000000772e+00,8.794829999999999259e+00,8.887059999999999960e+00,8.979070000000000107e+00,9.072150000000000603e+00,9.165259999999999962e+00,9.258020000000000138e+00,9.350820000000000576e+00,9.444330000000000780e+00,9.537330000000000751e+00,9.630750000000000810e+00,9.723420000000000840e+00,9.817619999999999791e+00,9.911929999999999907e+00,1.000592999999999932e+01,1.010002000000000066e+01,1.019382000000000055e+01,1.028772000000000020e+01,1.038250999999999991e+01,1.047666000000000075e+01,1.057180999999999926e+01,1.066633999999999993e+01,1.076070999999999955e+01,1.085450999999999944e+01,1.095049000000000028e+01,1.104551999999999978e+01,1.114118000000000031e+01,1.123644999999999960e+01,1.133197999999999972e+01,1.142737999999999943e+01,1.151678000000000068e+01,1.160629999999999917e+01,1.170700000000000074e+01,1.180777999999999928e+01,1.190485999999999933e+01,1.200191000000000052e+01,1.209758000000000067e+01,1.219325000000000081e+01,1.228852999999999973e+01,1.238391000000000020e+01,1.247991999999999990e+01,1.257605000000000040e+01,1.267323000000000022e+01,1.277045000000000030e+01,1.286733000000000082e+01,1.296306000000000047e+01,1.306053999999999959e+01,1.315530000000000044e+01,1.325376999999999938e+01,1.335121999999999964e+01,1.344781000000000049e+01,1.354446000000000083e+01,1.364184999999999981e+01,1.373916999999999966e+01,1.383638999999999974e+01,1.393354000000000070e+01,1.401727999999999952e+01,1.413020000000000032e+01,1.422804000000000002e+01,1.432591000000000037e+01,1.442444000000000059e+01,1.452285999999999966e+01,1.462107999999999919e+01,1.471934000000000076e+01,1.481743999999999950e+01,1.491545999999999950e+01,1.501384000000000007e+01,1.511222000000000065e+01,1.521040999999999954e+01,1.530864000000000047e+01,1.540704999999999991e+01,1.550406000000000084e+01,1.560078000000000031e+01,1.569758999999999993e+01,1.579269999999999996e+01,1.588724999999999987e+01,1.598611000000000004e+01,1.608536000000000143e+01,1.618295000000000172e+01,1.628012999999999977e+01,1.637710999999999828e+01,1.647418000000000049e+01,1.657234000000000052e+01,1.667072999999999894e+01,1.676688000000000045e+01,1.686308999999999969e+01,1.695771999999999835e+01,1.705242000000000147e+01,1.714927000000000135e+01,1.724615999999999971e+01,1.734168999999999983e+01,1.743729000000000084e+01,1.753271000000000157e+01,1.762822999999999851e+01,1.772456000000000031e+01,1.782069999999999865e+01,1.791713000000000022e+01,1.801341000000000037e+01,1.810754999999999981e+01,1.820169999999999888e+01,1.830008000000000123e+01,1.839798000000000044e+01,1.849198000000000164e+01,1.858606999999999942e+01,1.868439000000000050e+01,1.878230999999999895e+01,1.887793999999999883e+01,1.897368000000000166e+01,1.907056000000000040e+01,1.916700000000000159e+01,1.926336999999999833e+01,1.935979999999999990e+01,1.945664000000000016e+01,1.955350999999999928e+01,1.965024999999999977e+01,1.974577000000000027e+01,1.984388999999999825e+01,1.993999000000000166e+01,2.003237000000000023e+01,2.013207999999999842e+01,2.022695999999999827e+01,2.032813000000000159e+01,2.042520000000000024e+01,2.052232000000000056e+01,2.061646999999999963e+01,2.071802999999999884e+01,2.081594000000000122e+01,2.091376999999999953e+01,2.101135000000000019e+01,2.110895000000000010e+01,2.120711000000000013e+01,2.130528999999999940e+01,2.140343999999999980e+01,2.150130000000000052e+01,2.159930999999999912e+01,2.169710999999999856e+01,2.179543999999999926e+01,2.189369999999999905e+01
Diameter profile (Å)
1.079532333333333405e+01,5.839783333333333104e+00,5.490293333333333692e+00,5.247816666666666130e+00,4.970567499999999583e+00,4.702893333333332926e+00,4.481729999999999769e+00,4.266530000000000378e+00,4.064383333333332793e+00,3.839144999999999808e+00,3.629343333333333366e+00,3.462860000000000493e+00,3.309610000000000607e+00,3.142994999999999983e+00,2.997020000000000461e+00,2.894893333333333540e+00,2.807103333333332618e+00,2.679716666666666303e+00,2.531797500000000145e+00,2.387193333333333722e+00,2.274226666666666841e+00,2.187266666666666914e+00,2.121757500000000185e+00,2.040766666666666840e+00,1.946853333333333325e+00,1.874493333333333345e+00,1.824616666666666775e+00,1.805309999999999970e+00,1.851756666666666717e+00,1.922603333333333664e+00,2.005343333333333700e+00,2.268587499999999757e+00,2.461749999999999883e+00,2.645276666666666276e+00,2.840123333333333111e+00,3.046543333333333603e+00,3.298102499999999715e+00,3.532103333333333151e+00,3.713883333333332981e+00,3.905653333333333421e+00,4.141740000000000421e+00,4.389116666666667221e+00,4.608143333333333480e+00,4.834660000000000402e+00,5.066023333333332879e+00,5.343860000000000277e+00,5.628299999999999415e+00,5.876356666666666229e+00,6.127959999999998963e+00,6.382323333333332904e+00,6.684244999999999770e+00,6.990503333333333735e+00,7.255466666666666953e+00,7.522540000000000227e+00,7.836862500000000509e+00,8.154076666666666640e+00,8.427526666666667055e+00,8.702926666666664701e+00,8.979426666666666890e+00,9.304607499999999476e+00,9.630500000000001393e+00,9.911826666666666341e+00,1.019385333333333499e+01,1.052432999999999907e+01,1.085523666666666820e+01,1.114104999999999990e+01,1.142537999999999876e+01,1.170702666666666580e+01,1.204940000000000033e+01,1.238412000000000113e+01,1.267324333333333186e+01,1.296364333333333185e+01,1.330202500000000043e+01,1.364182666666666677e+01,1.392907000000000117e+01,1.422805000000000142e+01,1.452279333333333255e+01,1.486652000000000129e+01,1.521042333333333296e+01,1.550396333333333310e+01,1.579251333333333385e+01,1.613363750000000252e+01,1.647454333333333309e+01,1.676689999999999969e+01,1.705313666666666705e+01,1.734171333333333465e+01,1.767654999999999887e+01,1.801269666666666680e+01,1.829992000000000019e+01,1.858748000000000289e+01,1.892612249999999818e+01,1.926338999999999757e+01,1.955346666666666522e+01,1.984321666666666673e+01,2.013046999999999898e+01,2.047303000000000139e+01,2.081591333333333083e+01,2.110913666666666799e+01,2.140334333333333561e+01,2.174638999999999811e+01
Min diameter_profile (Å)
1.805309999999999970e+00
Average Diameter (Å)
2.766845259259258949e+00
Diameter distribution(Å)
1.406174000000000035e+01,1.008855999999999931e+01,6.581089999999999662e+00,4.484350000000000058e+00,3.233719999999999928e+00,2.974899999999999878e+00,3.037310000000000176e+00,2.951769999999999783e+00,2.865310000000000024e+00,2.780800000000000161e+00,2.696000000000000174e+00,2.611880000000000202e+00,2.528490000000000126e+00,2.447179999999999911e+00,2.364770000000000039e+00,2.284330000000000194e+00,2.204779999999999962e+00,2.125869999999999926e+00,2.047959999999999781e+00,1.971119999999999983e+00,1.895429999999999948e+00,1.820219999999999949e+00,1.746250000000000080e+00,1.675400000000000000e+00,1.606000000000000094e+00,1.537630000000000052e+00,1.470909999999999940e+00,1.406079999999999997e+00,1.342989999999999906e+00,1.280259999999999954e+00,1.219430000000000014e+00,1.018240000000000034e+00,1.020029999999999992e+00,9.670499999999999652e-01,9.148600000000000065e-01,8.684500000000000552e-01,8.242800000000000127e-01,7.839500000000000357e-01,7.472600000000000353e-01,7.146599999999999620e-01,6.862500000000000266e-01,6.625199999999999978e-01,6.417899999999999716e-01,6.282699999999999951e-01,6.190400000000000347e-01,6.125000000000000444e-01,6.125300000000000189e-01,6.184199999999999697e-01,6.310099999999999598e-01,6.468199999999999505e-01,6.692799999999999860e-01,6.962800000000000100e-01,7.282399999999999984e-01,7.648800000000000043e-01,8.059500000000000552e-01,8.525800000000000045e-01,9.025600000000000289e-01,9.577200000000000157e-01,1.015679999999999916e+00,1.065579999999999972e+00,1.117099999999999982e+00,1.166639999999999899e+00,1.223659999999999970e+00,1.258750000000000036e+00,1.294839999999999991e+00,1.320300000000000029e+00,1.349369999999999958e+00,1.369560000000000111e+00,1.392870000000000053e+00,1.417149999999999910e+00,1.442209999999999992e+00,1.475249999999999950e+00,1.510159999999999947e+00,1.546519999999999895e+00,1.587320000000000064e+00,1.629389999999999894e+00,1.675529999999999964e+00,1.728220000000000089e+00,1.784859999999999891e+00,1.842079999999999940e+00,1.901860000000000106e+00,1.963969999999999994e+00,2.028070000000000039e+00,2.094869999999999788e+00,2.162170000000000147e+00,2.233169999999999877e+00,2.306160000000000210e+00,2.370659999999999989e+00,2.437030000000000030e+00,2.502699999999999925e+00,2.570640000000000036e+00,2.640899999999999803e+00,2.712009999999999810e+00,2.783790000000000209e+00,2.857450000000000045e+00,2.930810000000000137e+00,3.004910000000000192e+00,3.080220000000000180e+00,3.156950000000000145e+00,3.235819999999999919e+00,3.315879999999999939e+00,3.396090000000000053e+00,3.477460000000000218e+00,3.560160000000000213e+00,3.643870000000000164e+00,3.728730000000000100e+00,3.813450000000000006e+00,3.893100000000000005e+00,3.973500000000000032e+00,4.044380000000000308e+00,4.116439999999999877e+00,4.201319999999999943e+00,4.286710000000000242e+00,4.365750000000000242e+00,4.445540000000000269e+00,4.527169999999999916e+00,4.608240000000000336e+00,4.690509999999999735e+00,4.773430000000000284e+00,4.856760000000000410e+00,4.939479999999999649e+00,5.019630000000000258e+00,5.099750000000000227e+00,5.177349999999999675e+00,5.255620000000000402e+00,5.336850000000000094e+00,5.418599999999999639e+00,5.499579999999999913e+00,5.581089999999999662e+00,5.662060000000000315e+00,5.743009999999999948e+00,5.868490000000000428e+00,7.032130000000000436e+00,1.006019000000000041e+01,1.398663999999999952e+01
Diameter profile (Å)
1.008855999999999931e+01,6.581089999999999662e+00,3.859034999999999993e+00,2.974899999999999878e+00,3.037310000000000176e+00,2.908539999999999903e+00,2.780800000000000161e+00,2.696000000000000174e+00,2.570185000000000386e+00,2.447179999999999911e+00,2.364770000000000039e+00,2.244555000000000078e+00,2.125869999999999926e+00,2.047959999999999781e+00,1.933275000000000077e+00,1.820219999999999949e+00,1.746250000000000080e+00,1.640700000000000047e+00,1.537630000000000052e+00,1.470909999999999940e+00,1.374534999999999840e+00,1.280259999999999954e+00,1.219430000000000014e+00,1.019134999999999902e+00,9.670499999999999652e-01,9.148600000000000065e-01,8.463650000000000340e-01,7.839500000000000357e-01,7.472600000000000353e-01,7.004550000000000498e-01,6.625199999999999978e-01,6.417899999999999716e-01,6.236550000000000704e-01,6.125000000000000444e-01,6.125300000000000189e-01,6.247149999999999093e-01,6.468199999999999505e-01,6.692799999999999860e-01,7.122600000000000042e-01,7.648800000000000043e-01,8.059500000000000552e-01,8.775699999999999612e-01,9.577200000000000157e-01,1.015679999999999916e+00,1.091339999999999977e+00,1.166639999999999899e+00,1.223659999999999970e+00,1.276794999999999902e+00,1.320300000000000029e+00,1.359465000000000146e+00,1.392870000000000053e+00,1.417149999999999910e+00,1.458730000000000082e+00,1.510159999999999947e+00,1.546519999999999895e+00,1.608354999999999979e+00,1.675529999999999964e+00,1.728220000000000089e+00,1.813469999999999915e+00,1.901860000000000106e+00,1.963969999999999994e+00,2.061469999999999914e+00,2.162170000000000147e+00,2.233169999999999877e+00,2.338410000000000100e+00,2.437030000000000030e+00,2.502699999999999925e+00,2.605769999999999698e+00,2.712009999999999810e+00,2.783790000000000209e+00,2.894130000000000091e+00,3.004910000000000192e+00,3.080220000000000180e+00,3.196385000000000254e+00,3.315879999999999939e+00,3.396090000000000053e+00,3.518810000000000215e+00,3.643870000000000164e+00,3.728730000000000100e+00,3.853275000000000006e+00,3.973500000000000032e+00,4.044380000000000308e+00,4.158879999999999910e+00,4.286710000000000242e+00,4.365750000000000242e+00,4.486354999999999649e+00,4.608240000000000336e+00,4.690509999999999735e+00,4.815095000000000347e+00,4.939479999999999649e+00,5.019630000000000258e+00,5.138550000000000395e+00,5.255620000000000402e+00,5.336850000000000094e+00,5.459089999999999776e+00,5.581089999999999662e+00,5.662060000000000315e+00,5.805749999999999744e+00,7.032130000000000436e+00,1.202341499999999996e+01
Min diameter_profile (Å)
6.125000000000000444e-01
Average Diameter (Å)
6.169619163346614421e+00
Diameter distribution(Å)
2.033696000000000126e+01,1.664952999999999861e+01,1.375425000000000075e+01,1.265856999999999921e+01,1.196216000000000079e+01,1.170118000000000080e+01,1.164171999999999940e+01,1.155003999999999920e+01,1.145870000000000033e+01,1.136711999999999989e+01,1.127593000000000067e+01,1.118668000000000085e+01,1.109707000000000043e+01,1.100641000000000069e+01,1.091549999999999976e+01,1.082934999999999981e+01,1.074264999999999937e+01,1.065488999999999997e+01,1.056757999999999953e+01,1.047146000000000043e+01,1.037506999999999913e+01,1.029780000000000051e+01,1.022092999999999918e+01,1.013734000000000002e+01,1.005251999999999946e+01,9.965719999999999246e+00,9.879879999999999995e+00,9.791499999999999204e+00,9.705799999999999983e+00,9.619300000000000850e+00,9.534269999999999357e+00,9.447729999999999961e+00,9.361459999999999226e+00,9.281309999999999505e+00,9.201840000000000686e+00,9.120449999999999946e+00,9.039659999999999584e+00,8.952930000000000277e+00,8.866770000000000707e+00,8.779899999999999594e+00,8.693580000000000751e+00,8.608219999999999317e+00,8.523220000000000240e+00,8.439420000000000144e+00,8.354779999999999873e+00,8.274029999999999774e+00,8.190730000000000288e+00,8.110569999999999169e+00,8.030989999999999185e+00,7.950380000000000003e+00,7.870110000000000383e+00,7.792950000000000266e+00,7.716709999999999958e+00,7.633009999999999629e+00,7.549739999999999895e+00,7.465169999999999639e+00,7.380480000000000373e+00,7.296319999999999695e+00,7.211809999999999832e+00,7.127979999999999983e+00,7.044509999999999827e+00,6.961079999999999934e+00,6.877849999999999575e+00,6.796000000000000263e+00,6.713899999999999757e+00,6.632760000000000211e+00,6.551379999999999981e+00,6.471580000000000332e+00,6.391339999999999577e+00,6.311340000000000394e+00,6.231799999999999784e+00,6.154420000000000002e+00,6.076209999999999667e+00,5.998859999999999637e+00,5.920300000000000118e+00,5.845379999999999576e+00,5.770179999999999865e+00,5.696290000000000298e+00,5.622139999999999915e+00,5.549229999999999663e+00,5.475959999999999717e+00,5.403970000000000162e+00,5.332620000000000360e+00,5.262690000000000090e+00,5.193469999999999587e+00,5.125020000000000131e+00,5.057339999999999947e+00,4.989869999999999806e+00,4.923359999999999737e+00,4.859189999999999898e+00,4.794249999999999901e+00,4.732210000000000250e+00,4.670420000000000016e+00,4.609659999999999869e+00,4.549179999999999779e+00,4.490129999999999733e+00,4.431409999999999627e+00,4.376719999999999722e+00,4.322510000000000296e+00,4.269120000000000026e+00,4.216239999999999988e+00,4.165829999999999700e+00,4.116920000000000357e+00,4.069480000000000430e+00,4.023399999999999643e+00,3.978070000000000217e+00,3.934000000000000163e+00,3.891929999999999890e+00,3.851609999999999978e+00,3.814350000000000129e+00,3.778340000000000032e+00,3.743199999999999861e+00,3.709700000000000220e+00,3.680130000000000123e+00,3.652019999999999822e+00,3.624159999999999826e+00,3.598349999999999937e+00,3.575200000000000156e+00,3.554170000000000051e+00,3.531680000000000152e+00,3.508319999999999883e+00,3.486639999999999961e+00,3.465530000000000221e+00,3.448550000000000004e+00,3.432920000000000194e+00,3.417349999999999888e+00,3.403690000000000104e+00,3.394299999999999873e+00,3.384759999999999991e+00,3.378109999999999946e+00,3.373400000000000176e+00,3.371329999999999938e+00,3.370629999999999793e+00,3.349359999999999893e+00,3.326630000000000198e+00,3.291500000000000092e+00,3.258399999999999963e+00,3.225880000000000081e+00,3.189169999999999838e+00,3.148140000000000160e+00,3.112540000000000084e+00,3.083860000000000046e+00,3.059820000000000206e+00,3.042580000000000062e+00,3.030470000000000219e+00,3.024049999999999905e+00,3.023350000000000204e+00,3.027610000000000134e+00,3.037459999999999827e+00,3.052649999999999864e+00,3.073370000000000157e+00,3.100499999999999812e+00,3.130879999999999885e+00,3.150150000000000006e+00,3.172050000000000036e+00,3.191959999999999908e+00,3.214809999999999945e+00,3.219580000000000108e+00,3.226440000000000197e+00,3.235669999999999824e+00,3.246799999999999908e+00,3.260139999999999816e+00,3.275529999999999831e+00,3.292969999999999953e+00,3.312419999999999920e+00,3.334750000000000103e+00,3.357299999999999951e+00,3.383189999999999920e+00,3.409170000000000034e+00,3.435529999999999973e+00,3.463820000000000121e+00,3.489720000000000155e+00,3.517580000000000151e+00,3.546850000000000058e+00,3.575950000000000184e+00,3.610510000000000108e+00,3.646739999999999871e+00,3.684330000000000105e+00,3.723500000000000032e+00,3.765779999999999905e+00,3.809530000000000083e+00,3.854760000000000186e+00,3.901149999999999896e+00,3.948920000000000208e+00,3.998439999999999994e+00,4.050889999999999880e+00,4.104239999999999888e+00,4.159460000000000157e+00,4.215499999999999581e+00,4.273119999999999585e+00,4.331599999999999895e+00,4.392409999999999926e+00,4.454159999999999897e+00,4.516919999999999824e+00,4.580390000000000406e+00,4.645410000000000039e+00,4.711380000000000123e+00,4.775350000000000428e+00,4.840440000000000076e+00,4.913520000000000110e+00,4.983369999999999855e+00,5.056079999999999686e+00,5.129669999999999952e+00,5.202469999999999928e+00,5.276169999999999582e+00,5.350799999999999557e+00,5.426239999999999952e+00,5.502500000000000391e+00,5.579410000000000203e+00,5.641539999999999999e+00,5.705799999999999983e+00,5.799380000000000202e+00,5.893390000000000128e+00,5.973220000000000418e+00,6.053630000000000067e+00,6.134900000000000020e+00,6.216179999999999595e+00,6.299299999999999677e+00,6.382080000000000197e+00,6.461969999999999992e+00,6.542379999999999640e+00,6.630230000000000068e+00,6.718560000000000088e+00,6.802170000000000272e+00,6.885919999999999597e+00,6.973359999999999559e+00,7.061139999999999972e+00,7.148590000000000444e+00,7.234079999999999622e+00,7.322499999999999787e+00,7.410359999999999836e+00,7.476849999999999774e+00,7.580759999999999721e+00,7.657820000000000071e+00,7.765970000000000262e+00,7.855570000000000164e+00,7.945000000000000284e+00,8.022619999999999862e+00,8.124129999999999185e+00,8.215329999999999799e+00,8.306699999999999307e+00,8.390579999999999927e+00,8.489010000000000389e+00,8.575340000000000629e+00,8.673500000000000654e+00,8.710760000000000502e+00,8.918620000000000658e+00,9.451219999999999288e+00,1.054477999999999938e+01,1.361293000000000042e+01,1.754038999999999859e+01
Diameter profile (Å)
1.520188999999999879e+01,1.210730333333333419e+01,1.159587999999999930e+01,1.136725000000000030e+01,1.114187500000000064e+01,1.091708666666666794e+01,1.069876999999999967e+01,1.047137000000000029e+01,1.025936499999999896e+01,1.005185999999999957e+01,9.835689999999999600e+00,9.619790000000000063e+00,9.404595000000000482e+00,9.201200000000000045e+00,8.996294999999999931e+00,8.780083333333333684e+00,8.565719999999998890e+00,8.356076666666666597e+00,8.150649999999998840e+00,7.950493333333333190e+00,7.754830000000000112e+00,7.549306666666666388e+00,7.338400000000000034e+00,7.128099999999999881e+00,6.919464999999999755e+00,6.714220000000000077e+00,6.511480000000000601e+00,6.311493333333333844e+00,6.115314999999999834e+00,5.921513333333333406e+00,5.733235000000000525e+00,5.549109999999999765e+00,5.368294999999999817e+00,5.193726666666666603e+00,5.023604999999999876e+00,4.858933333333333771e+00,4.701315000000000133e+00,4.549656666666666460e+00,4.404064999999999230e+00,4.269290000000000695e+00,4.141375000000000028e+00,4.023650000000000837e+00,3.912964999999999804e+00,3.814766666666666861e+00,3.726449999999999818e+00,3.652103333333333257e+00,3.586775000000000269e+00,3.531390000000000029e+00,3.476085000000000313e+00,3.432939999999999880e+00,3.398995000000000211e+00,3.378756666666666408e+00,3.370979999999999865e+00,3.322496666666667320e+00,3.242140000000000022e+00,3.149950000000000472e+00,3.071839999999999904e+00,3.032366666666666877e+00,3.025479999999999947e+00,3.054493333333333283e+00,3.115689999999999849e+00,3.171386666666666798e+00,3.217195000000000249e+00,3.236303333333333310e+00,3.267834999999999823e+00,3.313379999999999992e+00,3.370244999999999713e+00,3.436173333333333080e+00,3.503650000000000375e+00,3.577769999999999673e+00,3.665535000000000210e+00,3.766270000000000007e+00,3.877955000000000041e+00,3.999416666666666398e+00,4.131850000000000023e+00,4.273406666666666354e+00,4.423284999999999911e+00,4.580906666666666460e+00,4.743365000000000720e+00,4.912443333333333051e+00,5.092874999999999375e+00,5.276479999999999393e+00,5.464370000000000616e+00,5.642249999999999766e+00,5.846384999999999721e+00,6.053916666666665947e+00,6.257740000000000080e+00,6.462143333333332684e+00,6.674395000000000522e+00,6.887149999999999217e+00,7.104865000000000208e+00,7.322313333333333674e+00,7.528805000000000192e+00,7.759786666666666832e+00,7.983810000000000073e+00,8.215386666666665505e+00,8.439795000000000158e+00,8.653200000000000003e+00,9.184919999999999973e+00,1.389936666666666554e+01
Min diameter_profile (Å)
3.025479999999999947e+00
Average Diameter (Å)
2.377468828828829039e+00
Diameter distribution(Å)
1.258647999999999989e+01,8.581970000000000098e+00,5.722920000000000229e+00,4.557339999999999947e+00,4.314409999999999634e+00,4.227360000000000007e+00,4.141149999999999665e+00,4.058169999999999611e+00,3.976710000000000189e+00,3.895719999999999850e+00,3.815789999999999793e+00,3.734309999999999796e+00,3.653989999999999849e+00,3.574170000000000069e+00,3.492949999999999999e+00,3.399709999999999788e+00,3.306909999999999794e+00,3.213989999999999903e+00,3.121500000000000163e+00,3.030409999999999826e+00,2.939649999999999874e+00,2.849439999999999973e+00,2.759069999999999911e+00,2.670519999999999783e+00,2.582040000000000113e+00,2.494510000000000005e+00,2.407150000000000123e+00,2.320980000000000043e+00,2.235669999999999824e+00,2.149210000000000065e+00,2.063550000000000217e+00,1.983200000000000074e+00,1.903440000000000021e+00,1.821069999999999967e+00,1.739309999999999912e+00,1.623680000000000012e+00,1.522880000000000011e+00,1.459009999999999918e+00,1.401980000000000004e+00,1.127899999999999903e+00,1.161159999999999970e+00,1.103290000000000104e+00,1.048880000000000035e+00,5.153299999999999548e-01,6.861899999999999666e-01,6.244300000000000406e-01,5.658300000000000551e-01,5.129000000000000226e-01,4.643800000000000150e-01,4.220499999999999807e-01,3.858400000000000163e-01,3.559899999999999731e-01,3.300000000000000155e-01,3.008700000000000263e-01,3.231299999999999728e-01,3.316399999999999904e-01,3.490500000000000269e-01,3.757300000000000084e-01,4.113200000000000189e-01,4.500299999999999856e-01,4.932099999999999818e-01,5.257199999999999651e-01,5.388100000000000112e-01,5.091599999999999460e-01,5.067700000000000538e-01,5.106000000000000538e-01,5.275499999999999634e-01,2.936599999999999766e-01,8.143700000000000383e-01,8.421199999999999797e-01,8.764199999999999768e-01,9.159800000000000164e-01,9.616099999999999648e-01,1.010720000000000063e+00,1.066449999999999898e+00,1.104409999999999892e+00,1.250599999999999934e+00,1.327860000000000040e+00,1.407869999999999955e+00,1.492420000000000080e+00,1.578060000000000018e+00,1.642060000000000075e+00,1.751060000000000061e+00,1.842519999999999936e+00,1.929240000000000066e+00,1.979729999999999990e+00,2.031289999999999818e+00,2.087520000000000042e+00,2.146689999999999987e+00,2.208919999999999995e+00,2.273950000000000138e+00,2.341800000000000104e+00,2.412220000000000031e+00,2.483379999999999921e+00,2.556709999999999816e+00,2.634450000000000180e+00,2.714300000000000157e+00,2.794399999999999995e+00,2.875770000000000159e+00,2.960920000000000218e+00,3.047540000000000138e+00,3.134170000000000122e+00,3.222529999999999895e+00,3.313379999999999992e+00,3.405419999999999892e+00,3.495849999999999902e+00,3.583120000000000083e+00,4.323279999999999568e+00,6.338930000000000398e+00,1.013225000000000087e+01,1.450300999999999974e+01
Diameter profile (Å)
8.581970000000000098e+00,5.722920000000000229e+00,4.557339999999999947e+00,4.314409999999999634e+00,4.227360000000000007e+00,4.141149999999999665e+00,4.058169999999999611e+00,3.976710000000000189e+00,3.895719999999999850e+00,3.775049999999999795e+00,3.653989999999999849e+00,3.574170000000000069e+00,3.492949999999999999e+00,3.399709999999999788e+00,3.306909999999999794e+00,3.213989999999999903e+00,3.121500000000000163e+00,3.030409999999999826e+00,2.939649999999999874e+00,2.804254999999999942e+00,2.670519999999999783e+00,2.582040000000000113e+00,2.494510000000000005e+00,2.407150000000000123e+00,2.320980000000000043e+00,2.235669999999999824e+00,2.149210000000000065e+00,2.063550000000000217e+00,1.983200000000000074e+00,1.903440000000000021e+00,1.780189999999999939e+00,1.623680000000000012e+00,1.522880000000000011e+00,1.459009999999999918e+00,1.401980000000000004e+00,1.127899999999999903e+00,1.161159999999999970e+00,1.103290000000000104e+00,1.048880000000000035e+00,6.007599999999999607e-01,6.244300000000000406e-01,5.658300000000000551e-01,5.129000000000000226e-01,4.643800000000000150e-01,4.220499999999999807e-01,3.858400000000000163e-01,3.559899999999999731e-01,3.300000000000000155e-01,3.008700000000000263e-01,3.231299999999999728e-01,3.403450000000000086e-01,3.757300000000000084e-01,4.113200000000000189e-01,4.500299999999999856e-01,4.932099999999999818e-01,5.257199999999999651e-01,5.388100000000000112e-01,5.091599999999999460e-01,5.067700000000000538e-01,5.106000000000000538e-01,4.106049999999999978e-01,8.143700000000000383e-01,8.421199999999999797e-01,8.764199999999999768e-01,9.159800000000000164e-01,9.616099999999999648e-01,1.010720000000000063e+00,1.066449999999999898e+00,1.104409999999999892e+00,1.289229999999999876e+00,1.407869999999999955e+00,1.492420000000000080e+00,1.578060000000000018e+00,1.642060000000000075e+00,1.751060000000000061e+00,1.842519999999999936e+00,1.929240000000000066e+00,1.979729999999999990e+00,2.031289999999999818e+00,2.117105000000000015e+00,2.208919999999999995e+00,2.273950000000000138e+00,2.341800000000000104e+00,2.412220000000000031e+00,2.483379999999999921e+00,2.556709999999999816e+00,2.634450000000000180e+00,2.714300000000000157e+00,2.794399999999999995e+00,2.918345000000000411e+00,3.047540000000000138e+00,3.134170000000000122e+00,3.222529999999999895e+00,3.313379999999999992e+00,3.405419999999999892e+00,3.495849999999999902e+00,3.583120000000000083e+00,4.323279999999999568e+00,6.338930000000000398e+00,1.231763000000000119e+01
Min diameter_profile (Å)
3.008700000000000263e-01
Average Diameter (Å)
3.461130754716981173e+00
Diameter distribution(Å)
1.720452999999999832e+01,1.270850000000000080e+01,8.548159999999999314e+00,6.050790000000000113e+00,4.336870000000000225e+00,4.071930000000000049e+00,3.859949999999999992e+00,3.759389999999999787e+00,3.662679999999999936e+00,3.551089999999999858e+00,3.502409999999999801e+00,3.425800000000000178e+00,3.350509999999999877e+00,3.277940000000000076e+00,3.206989999999999785e+00,3.137700000000000156e+00,3.069690000000000030e+00,3.003929999999999989e+00,2.938279999999999781e+00,2.876069999999999904e+00,2.812940000000000218e+00,2.727860000000000174e+00,2.641890000000000072e+00,2.551660000000000039e+00,2.462359999999999882e+00,2.374820000000000153e+00,2.288429999999999964e+00,2.200839999999999907e+00,2.114189999999999792e+00,2.033100000000000129e+00,1.953929999999999945e+00,1.874600000000000044e+00,1.796950000000000047e+00,1.720509999999999984e+00,1.645939999999999959e+00,1.571690000000000031e+00,1.498490000000000100e+00,1.434530000000000083e+00,1.368009999999999948e+00,1.179019999999999957e+00,1.118570000000000064e+00,1.067390000000000061e+00,1.020890000000000075e+00,9.813600000000000101e-01,9.439100000000000268e-01,9.125600000000000378e-01,8.848399999999999599e-01,8.555399999999999672e-01,8.121099999999999985e-01,7.936699999999999866e-01,7.803999999999999826e-01,7.580599999999999561e-01,7.406099999999999905e-01,7.317399999999999460e-01,7.288999999999999924e-01,7.317900000000000515e-01,7.393399999999999972e-01,7.396500000000000297e-01,7.467000000000000304e-01,7.489299999999999846e-01,7.599000000000000199e-01,7.722999999999999865e-01,7.954099999999999504e-01,8.255099999999999660e-01,8.723499999999999588e-01,8.955800000000000427e-01,9.289199999999999680e-01,9.463700000000000445e-01,9.715000000000000302e-01,9.962699999999999889e-01,1.025630000000000042e+00,1.025300000000000100e+00,1.031719999999999970e+00,1.048280000000000101e+00,1.073590000000000044e+00,1.111059999999999937e+00,1.155250000000000110e+00,1.203549999999999898e+00,1.258499999999999952e+00,1.326089999999999991e+00,1.397920000000000051e+00,1.473100000000000076e+00,1.552049999999999930e+00,1.634770000000000056e+00,1.721070000000000100e+00,1.802759999999999918e+00,1.888439999999999896e+00,1.966669999999999918e+00,2.046440000000000037e+00,2.105729999999999880e+00,2.163759999999999906e+00,2.206960000000000033e+00,2.295640000000000125e+00,2.360980000000000079e+00,2.427909999999999791e+00,2.494689999999999852e+00,2.562800000000000189e+00,2.633100000000000218e+00,2.704569999999999919e+00,2.776679999999999815e+00,2.850270000000000081e+00,2.925640000000000018e+00,3.001809999999999867e+00,3.078860000000000152e+00,3.156270000000000131e+00,3.236349999999999838e+00,3.317050000000000054e+00,3.397180000000000089e+00,3.477860000000000174e+00,3.562310000000000088e+00,3.645739999999999981e+00,3.729900000000000215e+00,3.814799999999999969e+00,3.896710000000000118e+00,3.979140000000000121e+00,4.061810000000000365e+00,4.144989999999999952e+00,4.228620000000000267e+00,4.312870000000000203e+00,4.398119999999999585e+00,4.482660000000000089e+00,4.565999999999999837e+00,4.649829999999999686e+00,4.728419999999999845e+00,4.807570000000000121e+00,4.884210000000000385e+00,4.961039999999999672e+00,5.038100000000000023e+00,5.115599999999999703e+00,5.191539999999999822e+00,5.268110000000000070e+00,5.351530000000000342e+00,5.435039999999999871e+00,5.517000000000000348e+00,5.598379999999999690e+00,5.681910000000000238e+00,5.765320000000000000e+00,5.849890000000000256e+00,5.935010000000000119e+00,6.020529999999999937e+00,6.106329999999999814e+00,6.192719999999999558e+00,6.279379999999999740e+00,6.367049999999999876e+00,6.455090000000000217e+00,6.540390000000000370e+00,6.626170000000000115e+00,6.718040000000000234e+00,6.810279999999999667e+00,6.900730000000000253e+00,6.991559999999999775e+00,7.082160000000000011e+00,7.172399999999999665e+00,7.294010000000000105e+00,7.816869999999999763e+00,9.338229999999999364e+00,1.147902000000000022e+01,1.445387000000000022e+01,1.776044999999999874e+01
Diameter profile (Å)
1.270850000000000080e+01,7.299474999999999270e+00,4.336870000000000225e+00,3.965939999999999799e+00,3.759389999999999787e+00,3.606885000000000119e+00,3.464104999999999990e+00,3.350509999999999877e+00,3.242465000000000153e+00,3.137700000000000156e+00,3.036810000000000009e+00,2.938279999999999781e+00,2.844504999999999839e+00,2.684874999999999901e+00,2.551660000000000039e+00,2.418590000000000018e+00,2.288429999999999964e+00,2.157515000000000072e+00,1.993514999999999926e+00,1.874600000000000044e+00,1.758729999999999905e+00,1.645939999999999959e+00,1.535090000000000066e+00,1.434530000000000083e+00,1.273514999999999953e+00,1.092980000000000063e+00,1.020890000000000075e+00,9.626350000000000184e-01,9.125600000000000378e-01,8.701900000000000190e-01,8.121099999999999985e-01,7.870349999999999291e-01,7.493349999999999733e-01,7.317399999999999460e-01,7.303450000000000220e-01,7.393399999999999972e-01,7.431750000000000300e-01,7.544150000000000578e-01,7.722999999999999865e-01,8.104599999999999582e-01,8.723499999999999588e-01,9.122500000000000053e-01,9.463700000000000445e-01,9.838850000000000096e-01,1.025465000000000071e+00,1.031719999999999970e+00,1.060935000000000183e+00,1.111059999999999937e+00,1.179400000000000004e+00,1.292294999999999972e+00,1.397920000000000051e+00,1.512575000000000003e+00,1.634770000000000056e+00,1.761915000000000120e+00,1.888439999999999896e+00,2.006555000000000089e+00,2.134744999999999671e+00,2.206960000000000033e+00,2.328310000000000102e+00,2.427909999999999791e+00,2.528744999999999798e+00,2.633100000000000218e+00,2.740624999999999645e+00,2.887954999999999828e+00,3.001809999999999867e+00,3.117564999999999920e+00,3.236349999999999838e+00,3.357115000000000293e+00,3.520084999999999908e+00,3.645739999999999981e+00,3.772350000000000314e+00,3.896710000000000118e+00,4.020475000000000243e+00,4.144989999999999952e+00,4.270744999999999791e+00,4.440389999999999837e+00,4.565999999999999837e+00,4.689124999999999766e+00,4.807570000000000121e+00,4.922625000000000028e+00,5.038100000000000023e+00,5.153570000000000206e+00,5.309820000000000206e+00,5.435039999999999871e+00,5.557690000000000019e+00,5.681910000000000238e+00,5.807605000000000572e+00,5.977769999999999584e+00,6.106329999999999814e+00,6.236049999999999649e+00,6.367049999999999876e+00,6.497740000000000293e+00,6.626170000000000115e+00,6.764160000000000394e+00,6.946144999999999570e+00,7.082160000000000011e+00,7.233204999999999885e+00,7.816869999999999763e+00,1.040862500000000068e+01,1.610716000000000037e+01
Min diameter_profile (Å)
7.303450000000000220e-01
Average Diameter (Å)
2.653020377358490389e+00
Diameter distribution(Å)
1.515743999999999936e+01,1.161616000000000071e+01,8.462780000000000413e+00,6.251559999999999562e+00,4.872130000000000294e+00,4.625169999999999781e+00,4.530739999999999768e+00,4.445159999999999556e+00,4.360120000000000218e+00,4.276589999999999669e+00,4.194090000000000096e+00,4.113269999999999982e+00,4.033120000000000260e+00,3.952809999999999935e+00,3.873489999999999878e+00,3.798480000000000079e+00,3.719739999999999824e+00,3.642959999999999976e+00,3.561399999999999899e+00,3.479620000000000157e+00,3.397200000000000220e+00,3.316949999999999843e+00,3.237439999999999873e+00,3.157649999999999846e+00,3.078139999999999876e+00,3.000630000000000130e+00,2.923150000000000137e+00,2.847550000000000026e+00,2.772920000000000051e+00,2.697909999999999808e+00,2.623889999999999834e+00,2.552200000000000024e+00,2.481679999999999886e+00,2.409419999999999895e+00,2.337419999999999831e+00,2.246980000000000199e+00,2.159310000000000063e+00,2.075839999999999907e+00,1.996140000000000025e+00,1.910609999999999919e+00,1.825660000000000061e+00,1.735449999999999937e+00,1.646830000000000016e+00,1.554810000000000025e+00,1.471309999999999896e+00,1.378270000000000106e+00,1.304009999999999891e+00,1.204350000000000032e+00,1.139969999999999928e+00,1.062159999999999993e+00,9.864800000000000235e-01,8.734600000000000142e-01,8.444300000000000139e-01,5.783700000000000507e-01,5.675599999999999534e-01,5.295600000000000307e-01,4.969299999999999828e-01,4.729900000000000215e-01,4.566999999999999948e-01,4.401200000000000112e-01,4.298399999999999999e-01,4.107500000000000040e-01,3.938200000000000034e-01,3.856499999999999928e-01,3.820399999999999907e-01,3.849699999999999789e-01,3.935100000000000264e-01,4.052399999999999891e-01,4.241400000000000170e-01,4.483500000000000263e-01,4.790699999999999958e-01,5.041600000000000525e-01,5.333299999999999708e-01,5.632599999999999829e-01,5.867599999999999483e-01,6.179700000000000193e-01,6.479500000000000259e-01,6.826200000000000045e-01,7.143699999999999495e-01,7.337500000000000133e-01,7.568399999999999572e-01,7.758599999999999941e-01,7.945400000000000240e-01,8.047499999999999654e-01,8.205500000000000016e-01,8.377099999999999547e-01,8.585399999999999698e-01,8.812999999999999723e-01,9.086199999999999832e-01,9.294999999999999929e-01,9.539800000000000502e-01,9.823199999999999710e-01,1.014329999999999954e+00,1.051260000000000083e+00,1.091679999999999984e+00,1.128100000000000103e+00,1.167079999999999895e+00,1.221540000000000070e+00,1.263789999999999969e+00,1.293109999999999982e+00,1.328319999999999945e+00,1.369469999999999965e+00,1.416320000000000023e+00,1.433470000000000022e+00,1.454069999999999974e+00,1.473700000000000010e+00,1.495780000000000109e+00,1.526580000000000048e+00,1.560110000000000108e+00,1.584149999999999947e+00,1.611250000000000071e+00,1.655929999999999902e+00,1.700469999999999926e+00,1.741950000000000109e+00,1.785819999999999963e+00,1.833420000000000050e+00,1.882880000000000109e+00,1.932909999999999906e+00,1.985239999999999894e+00,2.041329999999999867e+00,2.098430000000000017e+00,2.158259999999999845e+00,2.218449999999999811e+00,2.281130000000000102e+00,2.344100000000000072e+00,2.410769999999999857e+00,2.477300000000000058e+00,2.546069999999999833e+00,2.615610000000000213e+00,2.685459999999999958e+00,2.755990000000000162e+00,2.829979999999999940e+00,2.904999999999999805e+00,2.980030000000000179e+00,3.056010000000000115e+00,3.133649999999999824e+00,3.212149999999999839e+00,3.291519999999999779e+00,3.371410000000000018e+00,3.451690000000000147e+00,3.532680000000000042e+00,3.614619999999999944e+00,3.697200000000000042e+00,3.779069999999999929e+00,3.859410000000000007e+00,3.940259999999999874e+00,4.022109999999999630e+00,4.104420000000000179e+00,4.186829999999999607e+00,4.270620000000000083e+00,4.355139999999999567e+00,4.439070000000000071e+00,4.523640000000000327e+00,4.713309999999999889e+00,6.228519999999999612e+00,9.180500000000000327e+00,1.254796999999999940e+01,1.705928000000000111e+01,2.172317999999999927e+01
Diameter profile (Å)
1.161616000000000071e+01,7.357169999999999987e+00,4.872130000000000294e+00,4.577954999999999330e+00,4.445159999999999556e+00,4.318355000000000388e+00,4.153679999999999595e+00,4.033120000000000260e+00,3.913149999999999906e+00,3.798480000000000079e+00,3.681350000000000122e+00,3.561399999999999899e+00,3.438410000000000188e+00,3.277194999999999858e+00,3.157649999999999846e+00,3.039385000000000225e+00,2.923150000000000137e+00,2.810235000000000039e+00,2.660899999999999821e+00,2.552200000000000024e+00,2.445549999999999891e+00,2.337419999999999831e+00,2.203145000000000131e+00,2.075839999999999907e+00,1.953374999999999861e+00,1.780555000000000110e+00,1.646830000000000016e+00,1.513059999999999850e+00,1.378270000000000106e+00,1.254179999999999851e+00,1.139969999999999928e+00,1.024319999999999897e+00,8.589450000000000696e-01,5.783700000000000507e-01,5.485599999999999365e-01,4.969299999999999828e-01,4.648450000000000082e-01,4.349800000000000333e-01,4.107500000000000040e-01,3.897349999999999981e-01,3.820399999999999907e-01,3.892400000000000304e-01,4.052399999999999891e-01,4.362449999999999939e-01,4.916150000000000242e-01,5.333299999999999708e-01,5.750100000000000211e-01,6.179700000000000193e-01,6.652850000000000152e-01,7.240599999999999259e-01,7.568399999999999572e-01,7.852000000000000091e-01,8.047499999999999654e-01,8.291299999999999226e-01,8.585399999999999698e-01,8.949599999999999778e-01,9.417400000000000215e-01,9.823199999999999710e-01,1.032795000000000130e+00,1.091679999999999984e+00,1.147590000000000110e+00,1.221540000000000070e+00,1.278449999999999864e+00,1.348894999999999955e+00,1.416320000000000023e+00,1.443769999999999998e+00,1.473700000000000010e+00,1.511179999999999968e+00,1.572130000000000027e+00,1.611250000000000071e+00,1.678199999999999914e+00,1.741950000000000109e+00,1.809620000000000006e+00,1.882880000000000109e+00,1.959074999999999900e+00,2.069879999999999942e+00,2.158259999999999845e+00,2.249789999999999957e+00,2.344100000000000072e+00,2.444034999999999958e+00,2.546069999999999833e+00,2.650535000000000085e+00,2.792984999999999829e+00,2.904999999999999805e+00,3.018019999999999925e+00,3.133649999999999824e+00,3.251834999999999809e+00,3.411550000000000082e+00,3.532680000000000042e+00,3.655909999999999993e+00,3.779069999999999929e+00,3.899834999999999940e+00,4.022109999999999630e+00,4.145624999999999893e+00,4.312879999999999825e+00,4.439070000000000071e+00,4.618475000000000108e+00,6.228519999999999612e+00,1.086423500000000075e+01,1.939123000000000019e+01
Min diameter_profile (Å)
3.820399999999999907e-01
Average Diameter (Å)
5.459636772486772038e+00
Diameter distribution(Å)
1.598306000000000004e+01,1.279856000000000016e+01,1.005705000000000027e+01,8.532590000000000785e+00,7.631780000000000008e+00,7.326139999999999652e+00,7.359399999999999942e+00,7.271709999999999674e+00,7.184689999999999799e+00,7.098169999999999646e+00,7.012439999999999785e+00,6.927089999999999748e+00,6.842649999999999899e+00,6.750000000000000000e+00,6.658830000000000027e+00,6.588840000000000252e+00,6.520640000000000214e+00,6.441589999999999705e+00,6.363660000000000316e+00,6.287889999999999979e+00,6.213280000000000136e+00,6.139719999999999622e+00,6.067330000000000112e+00,5.996069999999999567e+00,5.926090000000000302e+00,5.857230000000000381e+00,5.789749999999999730e+00,5.716899999999999871e+00,5.645030000000000214e+00,5.571990000000000443e+00,5.499869999999999592e+00,5.428270000000000373e+00,5.356980000000000075e+00,5.286900000000000155e+00,5.217850000000000321e+00,5.150909999999999656e+00,5.083269999999999733e+00,5.018430000000000391e+00,4.953960000000000363e+00,4.891110000000000291e+00,4.829369999999999941e+00,4.768390000000000128e+00,4.708719999999999573e+00,4.650570000000000093e+00,4.593410000000000437e+00,4.539299999999999891e+00,4.485159999999999592e+00,4.432419999999999582e+00,4.380410000000000359e+00,4.331739999999999924e+00,4.284720000000000084e+00,4.241100000000000314e+00,4.195839999999999570e+00,4.153139999999999610e+00,4.112269999999999648e+00,4.069420000000000037e+00,4.028369999999999784e+00,3.988339999999999996e+00,3.949689999999999923e+00,3.912209999999999965e+00,3.875929999999999875e+00,3.841040000000000010e+00,3.806849999999999845e+00,3.776079999999999881e+00,3.746640000000000192e+00,3.718399999999999928e+00,3.692039999999999988e+00,3.669070000000000054e+00,3.647639999999999993e+00,3.628120000000000012e+00,3.610419999999999963e+00,3.594450000000000145e+00,3.580060000000000020e+00,3.568259999999999987e+00,3.558359999999999967e+00,3.550839999999999996e+00,3.544550000000000090e+00,3.541059999999999874e+00,3.539140000000000175e+00,3.540259999999999962e+00,3.543050000000000033e+00,3.545069999999999943e+00,3.548719999999999875e+00,3.541549999999999976e+00,3.536439999999999806e+00,3.405100000000000016e+00,3.409710000000000019e+00,3.437230000000000008e+00,3.466569999999999929e+00,3.500230000000000175e+00,3.534499999999999975e+00,3.551200000000000134e+00,3.569609999999999950e+00,3.570660000000000167e+00,3.573329999999999895e+00,3.564179999999999904e+00,3.556999999999999940e+00,3.553459999999999841e+00,3.548750000000000071e+00,3.549370000000000136e+00,3.552000000000000046e+00,3.553819999999999979e+00,3.557609999999999939e+00,3.567260000000000097e+00,3.576369999999999827e+00,3.589379999999999793e+00,3.604699999999999793e+00,3.620239999999999903e+00,3.638090000000000046e+00,3.658329999999999860e+00,3.680229999999999890e+00,3.704870000000000108e+00,3.731370000000000076e+00,3.759240000000000137e+00,3.788930000000000131e+00,3.821559999999999846e+00,3.854639999999999844e+00,3.890489999999999782e+00,3.927979999999999805e+00,3.966419999999999835e+00,4.006179999999999630e+00,4.046170000000000044e+00,4.087729999999999642e+00,4.131029999999999980e+00,4.175340000000000273e+00,4.221189999999999998e+00,4.268279999999999852e+00,4.317770000000000330e+00,4.368970000000000020e+00,4.422710000000000363e+00,4.478040000000000020e+00,4.534469999999999779e+00,4.592380000000000351e+00,4.652120000000000033e+00,4.712880000000000180e+00,4.774670000000000414e+00,4.837229999999999919e+00,4.902009999999999756e+00,4.967629999999999768e+00,5.035479999999999734e+00,5.103670000000000151e+00,5.172170000000000378e+00,5.240899999999999892e+00,5.314149999999999707e+00,5.387039999999999829e+00,5.458969999999999878e+00,5.531839999999999868e+00,5.608999999999999986e+00,5.686720000000000219e+00,5.763469999999999871e+00,5.840349999999999930e+00,5.919150000000000134e+00,5.997499999999999609e+00,6.079060000000000130e+00,6.160300000000000331e+00,6.241159999999999819e+00,6.322720000000000340e+00,6.406329999999999636e+00,6.489679999999999893e+00,6.570570000000000022e+00,6.652359999999999829e+00,6.733660000000000423e+00,6.816279999999999895e+00,6.899750000000000050e+00,6.984350000000000058e+00,7.069840000000000124e+00,7.156550000000000189e+00,7.240009999999999835e+00,7.324329999999999785e+00,7.408689999999999998e+00,7.493769999999999598e+00,7.579399999999999693e+00,7.665729999999999933e+00,7.753099999999999881e+00,7.841260000000000119e+00,7.929400000000000226e+00,8.018340000000000245e+00,8.107599999999999696e+00,8.197449999999999903e+00,8.291959999999999553e+00,8.383879999999999555e+00,8.477149999999999963e+00,8.571039999999999992e+00,8.628130000000000521e+00,8.966329999999999245e+00,1.023728999999999978e+01,1.242436000000000007e+01,1.677272999999999925e+01,2.173880000000000123e+01
Diameter profile (Å)
1.279856000000000016e+01,9.294820000000001414e+00,7.478959999999999830e+00,7.315554999999999808e+00,7.141429999999999723e+00,6.969764999999999766e+00,6.796324999999999505e+00,6.623834999999999695e+00,6.520640000000000214e+00,6.402625000000000455e+00,6.250585000000000058e+00,6.103524999999999423e+00,5.961079999999999934e+00,5.823489999999999611e+00,5.680965000000000487e+00,5.535930000000000462e+00,5.428270000000000373e+00,5.321939999999999671e+00,5.184379999999999988e+00,5.050850000000000506e+00,4.922534999999999883e+00,4.798880000000000479e+00,4.679644999999999833e+00,4.566354999999999720e+00,4.458789999999999587e+00,4.380410000000000359e+00,4.308230000000000004e+00,4.218469999999999942e+00,4.132704999999999629e+00,4.048894999999999911e+00,3.969014999999999738e+00,3.894070000000000142e+00,3.823945000000000149e+00,3.776079999999999881e+00,3.732520000000000060e+00,3.680555000000000021e+00,3.637880000000000003e+00,3.602434999999999832e+00,3.574160000000000004e+00,3.554599999999999760e+00,3.542804999999999982e+00,3.539140000000000175e+00,3.541654999999999998e+00,3.546895000000000131e+00,3.538994999999999891e+00,3.407404999999999795e+00,3.451900000000000190e+00,3.517364999999999853e+00,3.560405000000000264e+00,3.570660000000000167e+00,3.568754999999999900e+00,3.555229999999999890e+00,3.549059999999999881e+00,3.552909999999999791e+00,3.562434999999999796e+00,3.582874999999999588e+00,3.612470000000000070e+00,3.648209999999999731e+00,3.680229999999999890e+00,3.718119999999999870e+00,3.774085000000000356e+00,3.838099999999999845e+00,3.909234999999999793e+00,3.986299999999999955e+00,4.066950000000000287e+00,4.153185000000000571e+00,4.221189999999999998e+00,4.293025000000000091e+00,4.395839999999999748e+00,4.506254999999999455e+00,4.622250000000000192e+00,4.743775000000000297e+00,4.869619999999999393e+00,5.001554999999999751e+00,5.103670000000000151e+00,5.206535000000000579e+00,5.350595000000000212e+00,5.495404999999999873e+00,5.647859999999999658e+00,5.801909999999999457e+00,5.958325000000000315e+00,6.119680000000000675e+00,6.281940000000000524e+00,6.406329999999999636e+00,6.530124999999999957e+00,6.693010000000000126e+00,6.858014999999999972e+00,7.027095000000000091e+00,7.198280000000000456e+00,7.366509999999999891e+00,7.536584999999999646e+00,7.665729999999999933e+00,7.797180000000000000e+00,7.973869999999999791e+00,8.152525000000000688e+00,8.337920000000000442e+00,8.524094999999999089e+00,8.797229999999998995e+00,1.133082500000000081e+01,1.925576500000000024e+01
Min diameter_profile (Å)
3.407404999999999795e+00
Average Diameter (Å)
5.571178258706467545e+00
Diameter distribution(Å)
2.158322000000000074e+01,1.786747000000000085e+01,1.468814000000000064e+01,1.314188000000000045e+01,1.203049999999999997e+01,1.150242000000000075e+01,1.139015000000000022e+01,1.129221000000000075e+01,1.119435000000000002e+01,1.110116999999999976e+01,1.100840999999999958e+01,1.091356999999999999e+01,1.081893999999999956e+01,1.071842000000000006e+01,1.061703999999999937e+01,1.053011000000000053e+01,1.044107999999999947e+01,1.034787999999999997e+01,1.025492999999999988e+01,1.016104999999999947e+01,1.006616999999999962e+01,9.975049999999999528e+00,9.883789999999999409e+00,9.791299999999999670e+00,9.699040000000000106e+00,9.607590000000000074e+00,9.515869999999999607e+00,9.424569999999999226e+00,9.333569999999999922e+00,9.243470000000000297e+00,9.153389999999999915e+00,9.063959999999999795e+00,8.973969999999999558e+00,8.885289999999999466e+00,8.796239999999999171e+00,8.708019999999999428e+00,8.619270000000000209e+00,8.532030000000000669e+00,8.444889999999999119e+00,8.357659999999999201e+00,8.270860000000000767e+00,8.184480000000000643e+00,8.098520000000000607e+00,8.013109999999999289e+00,7.927599999999999980e+00,7.843740000000000379e+00,7.760349999999999859e+00,7.677529999999999966e+00,7.594719999999999693e+00,7.512730000000000352e+00,7.430780000000000385e+00,7.348209999999999908e+00,7.266269999999999563e+00,7.187190000000000190e+00,7.108679999999999666e+00,7.029969999999999608e+00,6.951850000000000307e+00,6.874559999999999782e+00,6.797839999999999883e+00,6.721420000000000172e+00,6.645690000000000097e+00,6.566679999999999851e+00,6.487490000000000201e+00,6.409749999999999837e+00,6.331949999999999967e+00,6.254830000000000112e+00,6.177999999999999936e+00,6.101539999999999964e+00,6.025730000000000253e+00,5.951850000000000307e+00,5.878709999999999880e+00,5.805399999999999672e+00,5.732149999999999856e+00,5.662779999999999703e+00,5.591759999999999842e+00,5.522800000000000153e+00,5.453999999999999737e+00,5.386239999999999917e+00,5.319519999999999804e+00,5.253790000000000404e+00,5.188780000000000392e+00,5.120239999999999903e+00,5.051370000000000360e+00,4.985789999999999722e+00,4.921149999999999913e+00,4.856700000000000017e+00,4.791599999999999859e+00,4.716879999999999740e+00,4.642350000000000421e+00,4.562190000000000190e+00,4.482529999999999681e+00,4.404849999999999710e+00,4.327390000000000292e+00,4.251140000000000363e+00,4.176210000000000200e+00,4.099779999999999980e+00,4.024589999999999890e+00,3.950820000000000221e+00,3.878439999999999888e+00,3.807080000000000020e+00,3.737140000000000128e+00,3.670370000000000132e+00,3.604969999999999786e+00,3.540649999999999853e+00,3.477889999999999926e+00,3.415700000000000180e+00,3.355319999999999858e+00,3.289590000000000014e+00,3.225350000000000161e+00,3.164060000000000095e+00,3.104480000000000128e+00,3.047649999999999970e+00,2.992059999999999942e+00,2.934740000000000126e+00,2.879220000000000113e+00,2.826589999999999936e+00,2.775999999999999801e+00,2.726840000000000153e+00,2.679759999999999920e+00,2.625410000000000021e+00,2.572779999999999845e+00,2.514240000000000030e+00,2.457320000000000171e+00,2.402130000000000098e+00,2.346950000000000092e+00,2.296889999999999876e+00,2.247739999999999849e+00,2.199370000000000047e+00,2.151980000000000004e+00,2.110050000000000203e+00,2.067909999999999915e+00,2.028709999999999791e+00,1.991819999999999924e+00,1.955200000000000049e+00,1.919310000000000072e+00,1.892670000000000075e+00,1.868659999999999988e+00,1.839730000000000087e+00,1.813809999999999922e+00,1.793630000000000058e+00,1.776129999999999987e+00,1.760550000000000059e+00,1.747659999999999991e+00,1.734599999999999920e+00,1.725160000000000027e+00,1.719179999999999930e+00,1.716970000000000107e+00,1.705650000000000110e+00,1.741100000000000092e+00,1.758219999999999894e+00,1.778310000000000057e+00,1.794510000000000050e+00,1.821749999999999980e+00,2.061519999999999797e+00,2.547719999999999985e+00,2.614840000000000053e+00,2.726589999999999847e+00,2.789489999999999803e+00,2.853520000000000056e+00,2.920069999999999943e+00,2.987620000000000164e+00,3.054790000000000116e+00,3.123320000000000096e+00,3.195629999999999971e+00,3.269060000000000077e+00,3.329660000000000064e+00,3.394639999999999880e+00,3.463340000000000085e+00,3.537500000000000089e+00,3.589379999999999793e+00,3.642780000000000129e+00,3.696509999999999962e+00,3.751430000000000042e+00,3.808819999999999872e+00,3.867649999999999810e+00,3.927449999999999886e+00,3.988649999999999807e+00,4.047860000000000014e+00,4.107149999999999856e+00,4.163529999999999731e+00,4.220640000000000391e+00,4.278500000000000192e+00,4.337710000000000399e+00,4.398909999999999876e+00,4.461359999999999992e+00,4.523869999999999614e+00,4.587579999999999991e+00,4.653229999999999755e+00,4.719979999999999620e+00,4.787749999999999950e+00,4.856220000000000425e+00,4.923530000000000406e+00,4.990560000000000329e+00,5.055979999999999919e+00,5.122340000000000337e+00,5.036800000000000388e+00,5.384070000000000356e+00,6.404379999999999740e+00,7.177170000000000272e+00,9.715149999999999508e+00,1.330706999999999951e+01
Diameter profile (Å)
1.627780500000000075e+01,1.258619000000000021e+01,1.144628499999999960e+01,1.124328000000000038e+01,1.105479000000000056e+01,1.086625499999999889e+01,1.066772999999999882e+01,1.048559500000000000e+01,1.030140499999999903e+01,1.011360999999999954e+01,9.929420000000000357e+00,9.745169999999999888e+00,9.561730000000000729e+00,9.379069999999998686e+00,9.198430000000000106e+00,9.018964999999999677e+00,8.840764999999999318e+00,8.663644999999998930e+00,8.488459999999999894e+00,8.314260000000000872e+00,8.141500000000000625e+00,7.970354999999999634e+00,7.802044999999999675e+00,7.636124999999999829e+00,7.471754999999999924e+00,7.307240000000000180e+00,7.147935000000000372e+00,6.990909999999999513e+00,6.836199999999999832e+00,6.683555000000000135e+00,6.527084999999999582e+00,6.370849999999999902e+00,6.216414999999999580e+00,6.063634999999999664e+00,5.915280000000000094e+00,5.768774999999999764e+00,5.627269999999999328e+00,5.488400000000000389e+00,5.352879999999999860e+00,5.221284999999999954e+00,5.085805000000000575e+00,4.953469999999999374e+00,4.824149999999999494e+00,4.679615000000000080e+00,4.522359999999999935e+00,4.366120000000000445e+00,4.213675000000000281e+00,4.062184999999999491e+00,3.914629999999999832e+00,3.772110000000000074e+00,3.637669999999999959e+00,3.509269999999999889e+00,3.385510000000000019e+00,3.257470000000000088e+00,3.134269999999999889e+00,3.019854999999999734e+00,2.906979999999999897e+00,2.801294999999999646e+00,2.703300000000000036e+00,2.599095000000000155e+00,2.485780000000000101e+00,2.374540000000000095e+00,2.272314999999999863e+00,2.175675000000000026e+00,2.088980000000000281e+00,2.010264999999999969e+00,1.937254999999999949e+00,1.880665000000000031e+00,1.826770000000000005e+00,1.784880000000000022e+00,1.754105000000000025e+00,1.729880000000000084e+00,1.718075000000000019e+00,1.723375000000000101e+00,1.768264999999999976e+00,1.808130000000000015e+00,2.304619999999999891e+00,2.670714999999999950e+00,2.821505000000000152e+00,2.953845000000000276e+00,3.089055000000000106e+00,3.232345000000000024e+00,3.362149999999999750e+00,3.500420000000000087e+00,3.616080000000000183e+00,3.723970000000000002e+00,3.838235000000000063e+00,3.958050000000000068e+00,4.077505000000000379e+00,4.192085000000000505e+00,4.308105000000000295e+00,4.430134999999999934e+00,4.555724999999999802e+00,4.686605000000000132e+00,4.821984999999999744e+00,4.957045000000000812e+00,5.089159999999999684e+00,5.210435000000000372e+00,6.790775000000000006e+00,1.151110999999999862e+01
Min diameter_profile (Å)
1.718075000000000019e+00
Average Diameter (Å)
2.461746560509554094e+00
Diameter distribution(Å)
1.778555000000000064e+01,1.343454999999999977e+01,9.282049999999999912e+00,5.433519999999999683e+00,2.900479999999999947e+00,1.715689999999999937e+00,1.646490000000000009e+00,1.587299999999999933e+00,1.530210000000000070e+00,1.476550000000000029e+00,1.425270000000000037e+00,1.376689999999999969e+00,1.330689999999999928e+00,1.288170000000000037e+00,1.247940000000000049e+00,1.205610000000000070e+00,1.166120000000000045e+00,1.129359999999999919e+00,1.095679999999999987e+00,1.065139999999999976e+00,1.037879999999999914e+00,1.015190000000000037e+00,9.955100000000000060e-01,9.795300000000000118e-01,9.653000000000000469e-01,9.534399999999999542e-01,9.453300000000000036e-01,9.375599999999999490e-01,9.327900000000000080e-01,9.337900000000000089e-01,9.386600000000000499e-01,9.462099999999999955e-01,9.586700000000000221e-01,9.666700000000000292e-01,9.795599999999999863e-01,9.638200000000000101e-01,9.578400000000000247e-01,1.005819999999999936e+00,1.057800000000000074e+00,1.064929999999999932e+00,1.073159999999999892e+00,1.027320000000000011e+00,9.910499999999999865e-01,9.508999999999999675e-01,9.180700000000000527e-01,8.869099999999999762e-01,8.639700000000000157e-01,8.073799999999999866e-01,7.530999999999999917e-01,6.868499999999999606e-01,6.234699999999999687e-01,5.612200000000000522e-01,5.020499999999999963e-01,4.439199999999999813e-01,3.892100000000000004e-01,3.327100000000000057e-01,2.794599999999999862e-01,2.303699999999999914e-01,1.852800000000000002e-01,1.448899999999999910e-01,1.095099999999999962e-01,7.911999999999999589e-02,5.426000000000000267e-02,3.615000000000000158e-02,2.334999999999999923e-02,1.165000000000000063e-02,1.680999999999999855e-02,2.637000000000000108e-02,4.245999999999999774e-02,6.587999999999999412e-02,9.571000000000000341e-02,1.309099999999999986e-01,1.711199999999999943e-01,2.174999999999999989e-01,2.675299999999999900e-01,3.218699999999999894e-01,3.800200000000000244e-01,3.349500000000000255e-01,5.051400000000000334e-01,4.921099999999999919e-01,6.449799999999999978e-01,7.204500000000000348e-01,7.971700000000000452e-01,8.751400000000000290e-01,9.550499999999999545e-01,1.036389999999999922e+00,1.119280000000000053e+00,1.203810000000000047e+00,1.289619999999999989e+00,1.359280000000000044e+00,1.429340000000000055e+00,1.501049999999999995e+00,1.574170000000000069e+00,1.648109999999999964e+00,1.723519999999999941e+00,1.770620000000000083e+00,1.820219999999999949e+00,1.872030000000000083e+00,1.928360000000000074e+00,1.981780000000000097e+00,2.037980000000000125e+00,2.093649999999999789e+00,2.151920000000000055e+00,2.213179999999999925e+00,2.277109999999999967e+00,2.310249999999999915e+00,2.453440000000000065e+00,2.524830000000000130e+00,2.597170000000000201e+00,2.680600000000000094e+00,2.764569999999999972e+00,2.845730000000000093e+00,2.927630000000000177e+00,3.010530000000000150e+00,3.094269999999999854e+00,3.179339999999999833e+00,3.263689999999999980e+00,3.350999999999999979e+00,3.437660000000000160e+00,3.510650000000000048e+00,3.583489999999999842e+00,3.657200000000000006e+00,3.728349999999999831e+00,3.800920000000000076e+00,3.873549999999999827e+00,3.947499999999999787e+00,4.021650000000000169e+00,4.097920000000000229e+00,4.174330000000000318e+00,4.251750000000000362e+00,4.329270000000000174e+00,4.409159999999999968e+00,4.489860000000000184e+00,4.567429999999999879e+00,4.645030000000000214e+00,4.730360000000000120e+00,4.816230000000000011e+00,4.901239999999999597e+00,4.985050000000000203e+00,5.070590000000000153e+00,5.156649999999999956e+00,5.242329999999999934e+00,5.328280000000000349e+00,5.415820000000000078e+00,5.503560000000000230e+00,5.592550000000000132e+00,5.681390000000000384e+00,5.770480000000000054e+00,5.860009999999999941e+00,5.949970000000000425e+00,6.040350000000000108e+00,6.039399999999999658e+00,6.303759999999999586e+00,6.817280000000000229e+00,8.055930000000000035e+00,1.082452999999999932e+01,1.416239999999999988e+01
Diameter profile (Å)
1.343454999999999977e+01,7.357784999999999798e+00,2.900479999999999947e+00,1.681089999999999973e+00,1.587299999999999933e+00,1.503379999999999939e+00,1.425270000000000037e+00,1.353689999999999838e+00,1.268054999999999932e+00,1.205610000000000070e+00,1.147739999999999982e+00,1.095679999999999987e+00,1.051509999999999945e+00,1.015190000000000037e+00,9.875199999999999534e-01,9.653000000000000469e-01,9.493849999999999234e-01,9.351749999999999785e-01,9.337900000000000089e-01,9.424350000000000227e-01,9.586700000000000221e-01,9.731149999999999523e-01,9.638200000000000101e-01,9.818299999999999805e-01,1.061364999999999892e+00,1.073159999999999892e+00,1.009184999999999999e+00,9.508999999999999675e-01,9.024900000000000144e-01,8.639700000000000157e-01,7.802400000000000446e-01,6.868499999999999606e-01,5.923450000000000104e-01,4.729849999999999888e-01,3.892100000000000004e-01,3.060849999999999960e-01,2.303699999999999914e-01,1.650849999999999818e-01,1.095099999999999962e-01,6.668999999999999928e-02,3.615000000000000158e-02,1.750000000000000167e-02,2.158999999999999808e-02,4.245999999999999774e-02,8.079500000000000570e-02,1.309099999999999986e-01,1.943099999999999827e-01,2.675299999999999900e-01,3.509450000000000069e-01,4.200450000000000017e-01,4.921099999999999919e-01,6.827149999999999608e-01,7.971700000000000452e-01,9.150949999999999918e-01,1.036389999999999922e+00,1.161545000000000050e+00,1.289619999999999989e+00,1.394309999999999938e+00,1.537609999999999921e+00,1.648109999999999964e+00,1.747069999999999901e+00,1.820219999999999949e+00,1.900195000000000078e+00,1.981780000000000097e+00,2.065814999999999735e+00,2.151920000000000055e+00,2.245144999999999946e+00,2.381845000000000212e+00,2.524830000000000130e+00,2.638885000000000147e+00,2.764569999999999972e+00,2.886680000000000135e+00,3.010530000000000150e+00,3.136804999999999843e+00,3.307344999999999757e+00,3.437660000000000160e+00,3.547069999999999723e+00,3.657200000000000006e+00,3.764635000000000176e+00,3.873549999999999827e+00,3.984574999999999978e+00,4.097920000000000229e+00,4.213040000000000340e+00,4.369215000000000515e+00,4.489860000000000184e+00,4.606230000000000047e+00,4.730360000000000120e+00,4.858734999999999360e+00,4.985050000000000203e+00,5.113620000000000054e+00,5.242329999999999934e+00,5.372049999999999770e+00,5.548054999999999737e+00,5.681390000000000384e+00,5.815244999999999997e+00,5.949970000000000425e+00,6.039875000000000327e+00,6.303759999999999586e+00,7.436605000000000132e+00,1.249346500000000049e+01
Min diameter_profile (Å)
1.750000000000000167e-02
Average Diameter (Å)
4.049764883720930797e+00
Diameter distribution(Å)
2.043216999999999928e+01,1.536809000000000047e+01,1.104561999999999955e+01,9.182790000000000674e+00,7.836439999999999628e+00,7.115109999999999602e+00,6.870540000000000092e+00,6.662869999999999848e+00,6.612289999999999779e+00,6.523640000000000327e+00,6.435369999999999813e+00,6.347039999999999793e+00,6.259120000000000239e+00,6.173119999999999941e+00,6.087609999999999744e+00,6.001430000000000042e+00,5.915720000000000312e+00,5.830269999999999619e+00,5.744900000000000340e+00,5.661200000000000010e+00,5.577619999999999578e+00,5.494650000000000034e+00,5.412259999999999849e+00,5.331089999999999662e+00,5.248160000000000380e+00,5.168280000000000207e+00,5.089170000000000194e+00,5.010900000000000354e+00,4.933099999999999596e+00,4.855489999999999640e+00,4.778669999999999973e+00,4.702759999999999607e+00,4.627690000000000303e+00,4.553650000000000198e+00,4.480509999999999771e+00,4.406119999999999592e+00,4.332589999999999719e+00,4.259730000000000238e+00,4.187649999999999650e+00,4.116439999999999877e+00,4.046160000000000423e+00,3.975459999999999994e+00,3.905450000000000088e+00,3.833569999999999922e+00,3.761350000000000193e+00,3.692340000000000177e+00,3.623559999999999892e+00,3.556880000000000042e+00,3.491359999999999797e+00,3.427890000000000104e+00,3.364910000000000068e+00,3.304199999999999804e+00,3.245099999999999874e+00,3.187940000000000218e+00,3.132509999999999906e+00,3.080459999999999976e+00,3.030370000000000008e+00,2.982540000000000191e+00,2.936630000000000074e+00,2.891239999999999810e+00,2.848479999999999901e+00,2.812339999999999840e+00,2.776149999999999896e+00,2.739360000000000017e+00,2.704590000000000050e+00,2.672839999999999883e+00,2.644000000000000128e+00,2.617199999999999971e+00,2.593459999999999877e+00,2.568709999999999827e+00,2.546549999999999869e+00,2.521079999999999988e+00,2.499029999999999863e+00,2.473349999999999937e+00,2.453479999999999883e+00,2.433390000000000164e+00,2.410299999999999887e+00,2.378330000000000055e+00,2.355039999999999800e+00,2.335749999999999993e+00,2.324850000000000083e+00,2.310360000000000191e+00,2.301579999999999959e+00,2.291139999999999954e+00,2.281530000000000058e+00,2.274550000000000072e+00,2.272930000000000117e+00,2.278070000000000039e+00,2.288980000000000015e+00,2.305079999999999796e+00,2.325720000000000010e+00,2.275710000000000122e+00,2.228200000000000180e+00,2.172089999999999854e+00,2.119349999999999845e+00,2.072989999999999888e+00,2.029490000000000016e+00,1.975589999999999957e+00,1.923890000000000100e+00,1.873150000000000093e+00,1.823839999999999906e+00,1.778219999999999912e+00,1.734229999999999938e+00,1.677829999999999933e+00,1.623550000000000049e+00,1.604880000000000084e+00,1.583839999999999915e+00,1.556319999999999926e+00,1.529020000000000046e+00,1.505300000000000082e+00,1.484560000000000102e+00,1.466639999999999944e+00,1.451540000000000052e+00,1.440360000000000085e+00,1.432530000000000081e+00,1.427920000000000078e+00,1.424369999999999914e+00,1.427729999999999944e+00,1.434290000000000065e+00,1.443370000000000042e+00,1.453850000000000087e+00,1.460339999999999971e+00,1.470839999999999925e+00,1.486199999999999966e+00,1.504140000000000033e+00,1.527300000000000102e+00,1.551109999999999989e+00,1.579260000000000108e+00,1.611040000000000028e+00,1.645199999999999996e+00,1.682770000000000099e+00,1.722830000000000084e+00,1.764990000000000059e+00,1.796559999999999935e+00,1.828650000000000109e+00,1.865399999999999947e+00,1.904390000000000027e+00,1.945689999999999920e+00,1.988899999999999890e+00,2.018079999999999874e+00,2.078809999999999825e+00,2.132849999999999913e+00,2.188909999999999911e+00,2.247520000000000184e+00,2.306799999999999962e+00,2.370789999999999953e+00,2.436700000000000088e+00,2.504010000000000069e+00,2.573080000000000034e+00,2.623839999999999950e+00,2.943449999999999900e+00,3.007109999999999950e+00,3.072169999999999845e+00,3.137970000000000148e+00,3.205070000000000086e+00,3.275920000000000165e+00,3.346670000000000034e+00,3.418590000000000018e+00,3.491509999999999891e+00,3.565339999999999954e+00,3.639979999999999993e+00,3.715819999999999901e+00,3.792749999999999844e+00,3.870979999999999865e+00,3.950200000000000156e+00,4.030610000000000248e+00,4.110970000000000013e+00,4.192630000000000301e+00,4.274910000000000210e+00,4.357910000000000394e+00,4.440760000000000041e+00,4.520620000000000083e+00,4.601090000000000124e+00,4.676660000000000039e+00,4.753049999999999997e+00,4.833700000000000330e+00,4.914850000000000385e+00,4.994500000000000384e+00,5.074930000000000163e+00,5.156589999999999563e+00,5.238949999999999996e+00,5.322269999999999612e+00,5.405439999999999579e+00,5.489370000000000083e+00,5.573859999999999815e+00,5.658730000000000260e+00,5.744150000000000311e+00,5.830379999999999896e+00,5.916870000000000296e+00,6.005390000000000228e+00,6.092209999999999681e+00,6.181600000000000428e+00,6.270209999999999617e+00,6.359300000000000175e+00,6.448820000000000441e+00,6.535820000000000185e+00,6.622320000000000206e+00,6.707119999999999749e+00,6.792290000000000383e+00,6.877200000000000202e+00,6.962189999999999657e+00,7.049280000000000435e+00,7.136660000000000004e+00,7.223849999999999660e+00,7.310810000000000031e+00,7.398909999999999876e+00,7.486780000000000435e+00,7.575280000000000236e+00,7.664039999999999964e+00,7.614370000000000083e+00,7.906690000000000218e+00,8.293129999999999669e+00,8.928470000000000795e+00,1.082156999999999947e+01,1.331615000000000038e+01
Diameter profile (Å)
1.320685500000000090e+01,8.509615000000000151e+00,6.992824999999999847e+00,6.637579999999999814e+00,6.479504999999999626e+00,6.303079999999999572e+00,6.130364999999999398e+00,5.915806666666665770e+00,5.703050000000000175e+00,5.536134999999999806e+00,5.371674999999999756e+00,5.208220000000000738e+00,5.050035000000000274e+00,4.894294999999999618e+00,4.703040000000000553e+00,4.517079999999999984e+00,4.369354999999999656e+00,4.223689999999999500e+00,4.081300000000000594e+00,3.940455000000000041e+00,3.797460000000000058e+00,3.624260000000000037e+00,3.459624999999999950e+00,3.334554999999999936e+00,3.216520000000000046e+00,3.106485000000000163e+00,3.006454999999999878e+00,2.913934999999999942e+00,2.812323333333333064e+00,2.721975000000000033e+00,2.658420000000000005e+00,2.605329999999999924e+00,2.557629999999999626e+00,2.510054999999999925e+00,2.463414999999999910e+00,2.407340000000000035e+00,2.345394999999999897e+00,2.317605000000000359e+00,2.296359999999999957e+00,2.278039999999999843e+00,2.275500000000000078e+00,2.297029999999999905e+00,2.276543333333333585e+00,2.145719999999999850e+00,2.051239999999999952e+00,1.949740000000000029e+00,1.848494999999999999e+00,1.756224999999999925e+00,1.650689999999999991e+00,1.594359999999999999e+00,1.530213333333333425e+00,1.475600000000000023e+00,1.445950000000000069e+00,1.430225000000000080e+00,1.426050000000000040e+00,1.438830000000000053e+00,1.457095000000000029e+00,1.487060000000000271e+00,1.539204999999999934e+00,1.595150000000000068e+00,1.663985000000000047e+00,1.743910000000000071e+00,1.812605000000000022e+00,1.884894999999999987e+00,1.984223333333333228e+00,2.105830000000000091e+00,2.218214999999999826e+00,2.338795000000000179e+00,2.470355000000000079e+00,2.598460000000000214e+00,2.975279999999999703e+00,3.138403333333333212e+00,3.311295000000000321e+00,3.455049999999999955e+00,3.602660000000000196e+00,3.754284999999999872e+00,3.910590000000000011e+00,4.070790000000000575e+00,4.275150000000000006e+00,4.480690000000000062e+00,4.638875000000000526e+00,4.793375000000000163e+00,4.954674999999999940e+00,5.115759999999999863e+00,5.280609999999999360e+00,5.489556666666666196e+00,5.701439999999999841e+00,5.873625000000000540e+00,6.048799999999999955e+00,6.225905000000000022e+00,6.404060000000000308e+00,6.579069999999999752e+00,6.792203333333333148e+00,7.005734999999999602e+00,7.180254999999999832e+00,7.354860000000000397e+00,7.531030000000000335e+00,7.639205000000000467e+00,8.099909999999999499e+00,1.102206333333333355e+01
Min diameter_profile (Å)
1.426050000000000040e+00
Average Diameter (Å)
1.918669846153846059e+00
Diameter distribution(Å)
1.688767999999999958e+01,1.218299999999999983e+01,7.658549999999999969e+00,4.493699999999999584e+00,1.844980000000000064e+00,9.685799999999999965e-01,7.953599999999999559e-01,6.596999999999999531e-01,6.795099999999999474e-01,6.414800000000000502e-01,6.068200000000000260e-01,5.788799999999999502e-01,5.555799999999999628e-01,5.265499999999999625e-01,5.040599999999999525e-01,4.664699999999999958e-01,4.354000000000000092e-01,4.089999999999999747e-01,3.897200000000000109e-01,3.720100000000000073e-01,3.612900000000000000e-01,3.100200000000000178e-01,3.291499999999999981e-01,3.342300000000000271e-01,3.426299999999999901e-01,3.580599999999999894e-01,3.791999999999999815e-01,3.981500000000000039e-01,4.238100000000000200e-01,4.543300000000000116e-01,4.920700000000000074e-01,5.014199999999999768e-01,5.164100000000000357e-01,4.882699999999999818e-01,4.874200000000000199e-01,4.746000000000000218e-01,4.664900000000000158e-01,4.604500000000000259e-01,4.693200000000000149e-01,4.755900000000000127e-01,4.934999999999999942e-01,5.023900000000000032e-01,5.166899999999999826e-01,4.716899999999999982e-01,4.345300000000000273e-01,4.060300000000000020e-01,3.856399999999999828e-01,3.737400000000000166e-01,3.703400000000000025e-01,3.284500000000000197e-01,4.042000000000000037e-01,4.010099999999999776e-01,4.394899999999999918e-01,4.056899999999999951e-01,3.753400000000000070e-01,2.748200000000000087e-01,3.372800000000000242e-01,3.836899999999999755e-01,5.999900000000000233e-01,7.093899999999999650e-01,1.712609999999999966e+00,6.095959999999999823e+00,1.093004999999999960e+01,1.602959999999999852e+01,2.115147999999999939e+01
Diameter profile (Å)
nan,1.218299999999999983e+01,nan,7.658549999999999969e+00,4.493699999999999584e+00,nan,1.844980000000000064e+00,9.685799999999999965e-01,nan,7.953599999999999559e-01,6.596999999999999531e-01,nan,6.795099999999999474e-01,nan,6.414800000000000502e-01,6.068200000000000260e-01,nan,5.788799999999999502e-01,5.555799999999999628e-01,nan,5.265499999999999625e-01,5.040599999999999525e-01,nan,4.664699999999999958e-01,4.354000000000000092e-01,nan,4.089999999999999747e-01,nan,3.897200000000000109e-01,3.720100000000000073e-01,nan,3.612900000000000000e-01,3.100200000000000178e-01,nan,3.291499999999999981e-01,3.342300000000000271e-01,nan,3.426299999999999901e-01,nan,3.580599999999999894e-01,3.791999999999999815e-01,nan,3.981500000000000039e-01,4.238100000000000200e-01,nan,4.543300000000000116e-01,4.920700000000000074e-01,nan,5.014199999999999768e-01,5.164100000000000357e-01,nan,4.882699999999999818e-01,nan,4.874200000000000199e-01,4.746000000000000218e-01,nan,4.664900000000000158e-01,4.604500000000000259e-01,nan,4.693200000000000149e-01,4.755900000000000127e-01,nan,4.934999999999999942e-01,nan,5.023900000000000032e-01,5.166899999999999826e-01,nan,4.716899999999999982e-01,4.345300000000000273e-01,nan,4.060300000000000020e-01,3.856399999999999828e-01,nan,3.737400000000000166e-01,3.703400000000000025e-01,nan,3.284500000000000197e-01,nan,4.042000000000000037e-01,4.010099999999999776e-01,nan,4.394899999999999918e-01,4.056899999999999951e-01,nan,3.753400000000000070e-01,2.748200000000000087e-01,nan,3.372800000000000242e-01,nan,3.836899999999999755e-01,5.999900000000000233e-01,nan,7.093899999999999650e-01,1.712609999999999966e+00,nan,6.095959999999999823e+00,1.093004999999999960e+01,nan,1.602959999999999852e+01,2.115147999999999939e+01
Min diameter_profile (Å)
nan
Average Diameter (Å)
2.849850243902438240e+00
Diameter distribution(Å)
1.429277000000000086e+01,1.001226999999999911e+01,5.883549999999999613e+00,2.930419999999999803e+00,2.323409999999999975e+00,2.253880000000000106e+00,2.189680000000000071e+00,2.124080000000000190e+00,2.063699999999999868e+00,2.000039999999999818e+00,1.940290000000000070e+00,1.886609999999999898e+00,1.836920000000000108e+00,1.772750000000000048e+00,1.711100000000000065e+00,1.650760000000000005e+00,1.593620000000000037e+00,1.394069999999999920e+00,1.450530000000000097e+00,1.403610000000000024e+00,1.358899999999999997e+00,1.315430000000000099e+00,1.274720000000000075e+00,1.246599999999999930e+00,1.221370000000000067e+00,1.196299999999999919e+00,1.175820000000000087e+00,1.150249999999999995e+00,1.128360000000000030e+00,1.093639999999999946e+00,1.063730000000000064e+00,1.036710000000000020e+00,1.013230000000000075e+00,9.877299999999999969e-01,9.660699999999999843e-01,9.488999999999999657e-01,9.348699999999999788e-01,9.253599999999999604e-01,9.200899999999999634e-01,9.199600000000000000e-01,9.219800000000000217e-01,9.238300000000000400e-01,9.305200000000000138e-01,9.028800000000000159e-01,9.733399999999999830e-01,1.000620000000000065e+00,1.031300000000000106e+00,1.062680000000000069e+00,1.097420000000000062e+00,1.140700000000000047e+00,1.186849999999999961e+00,1.233400000000000052e+00,1.282629999999999937e+00,1.317209999999999992e+00,1.354729999999999990e+00,1.382800000000000029e+00,1.415189999999999948e+00,1.451049999999999951e+00,1.490620000000000056e+00,1.530659999999999910e+00,1.572880000000000056e+00,1.461440000000000072e+00,1.660730000000000040e+00,1.710080000000000044e+00,1.762029999999999985e+00,1.803919999999999968e+00,1.848370000000000068e+00,1.890260000000000051e+00,1.934549999999999992e+00,1.985899999999999999e+00,2.036869999999999958e+00,2.090749999999999886e+00,2.147609999999999797e+00,2.202879999999999949e+00,2.276349999999999874e+00,2.342089999999999783e+00,2.409510000000000041e+00,2.479109999999999925e+00,2.550180000000000113e+00,2.624029999999999863e+00,2.699409999999999865e+00,2.758319999999999883e+00,2.823090000000000099e+00,2.893299999999999983e+00,2.967319999999999958e+00,3.036090000000000177e+00,3.104820000000000135e+00,3.175710000000000033e+00,3.248419999999999863e+00,3.322259999999999991e+00,3.397720000000000073e+00,3.473990000000000133e+00,3.551769999999999872e+00,3.631369999999999987e+00,3.712260000000000115e+00,3.793890000000000207e+00,3.876669999999999838e+00,3.958730000000000082e+00,4.041879999999999917e+00,4.128899999999999793e+00,4.216660000000000075e+00,4.304079999999999906e+00,4.392249999999999766e+00,4.481469999999999843e+00,4.571250000000000036e+00,4.661340000000000039e+00,4.751999999999999780e+00,4.843899999999999650e+00,4.936350000000000016e+00,5.029130000000000322e+00,5.122449999999999726e+00,5.216059999999999697e+00,5.306919999999999860e+00,5.394440000000000346e+00,5.482479999999999798e+00,5.572320000000000384e+00,5.662449999999999761e+00,5.753779999999999895e+00,5.845439999999999969e+00,5.994659999999999656e+00,7.603170000000000428e+00,1.058018000000000036e+01,1.420082999999999984e+01
Diameter profile (Å)
1.001226999999999911e+01,5.883549999999999613e+00,2.930419999999999803e+00,2.323409999999999975e+00,2.221779999999999866e+00,2.124080000000000190e+00,2.063699999999999868e+00,2.000039999999999818e+00,1.940290000000000070e+00,1.861765000000000114e+00,1.772750000000000048e+00,1.711100000000000065e+00,1.650760000000000005e+00,1.493844999999999867e+00,1.450530000000000097e+00,1.403610000000000024e+00,1.358899999999999997e+00,1.315430000000000099e+00,1.260660000000000114e+00,1.221370000000000067e+00,1.196299999999999919e+00,1.175820000000000087e+00,1.139305000000000012e+00,1.093639999999999946e+00,1.063730000000000064e+00,1.036710000000000020e+00,1.013230000000000075e+00,9.768999999999999906e-01,9.488999999999999657e-01,9.348699999999999788e-01,9.253599999999999604e-01,9.200249999999999817e-01,9.219800000000000217e-01,9.238300000000000400e-01,9.305200000000000138e-01,9.028800000000000159e-01,9.869799999999999685e-01,1.031300000000000106e+00,1.062680000000000069e+00,1.097420000000000062e+00,1.163775000000000004e+00,1.233400000000000052e+00,1.282629999999999937e+00,1.317209999999999992e+00,1.354729999999999990e+00,1.398994999999999989e+00,1.451049999999999951e+00,1.490620000000000056e+00,1.530659999999999910e+00,1.517160000000000064e+00,1.660730000000000040e+00,1.710080000000000044e+00,1.762029999999999985e+00,1.803919999999999968e+00,1.869315000000000060e+00,1.934549999999999992e+00,1.985899999999999999e+00,2.036869999999999958e+00,2.090749999999999886e+00,2.175244999999999873e+00,2.276349999999999874e+00,2.342089999999999783e+00,2.409510000000000041e+00,2.514644999999999797e+00,2.624029999999999863e+00,2.699409999999999865e+00,2.758319999999999883e+00,2.823090000000000099e+00,2.930309999999999970e+00,3.036090000000000177e+00,3.104820000000000135e+00,3.175710000000000033e+00,3.285339999999999705e+00,3.397720000000000073e+00,3.473990000000000133e+00,3.551769999999999872e+00,3.631369999999999987e+00,3.753074999999999939e+00,3.876669999999999838e+00,3.958730000000000082e+00,4.041879999999999917e+00,4.172779999999999490e+00,4.304079999999999906e+00,4.392249999999999766e+00,4.481469999999999843e+00,4.571250000000000036e+00,4.706669999999999909e+00,4.843899999999999650e+00,4.936350000000000016e+00,5.029130000000000322e+00,5.169254999999999711e+00,5.306919999999999860e+00,5.394440000000000346e+00,5.482479999999999798e+00,5.572320000000000384e+00,5.708114999999999384e+00,5.845439999999999969e+00,5.994659999999999656e+00,7.603170000000000428e+00,1.239050500000000099e+01
Min diameter_profile (Å)
9.028800000000000159e-01
Average Diameter (Å)
3.437728897637795100e+00
Diameter distribution(Å)
1.782942999999999856e+01,1.354597000000000051e+01,9.704800000000000537e+00,7.309029999999999916e+00,6.115619999999999834e+00,5.938819999999999766e+00,5.883460000000000356e+00,5.796420000000000350e+00,5.709800000000000431e+00,5.623759999999999870e+00,5.538179999999999659e+00,5.453490000000000393e+00,5.367980000000000196e+00,5.284189999999999721e+00,5.199220000000000397e+00,5.116699999999999804e+00,5.034769999999999968e+00,4.953079999999999927e+00,4.871999999999999886e+00,4.791170000000000151e+00,4.710600000000000342e+00,4.628339999999999677e+00,4.545169999999999710e+00,4.458429999999999893e+00,4.372379999999999711e+00,4.287259999999999849e+00,4.202910000000000146e+00,4.119239999999999569e+00,4.036369999999999791e+00,3.953539999999999832e+00,3.871579999999999799e+00,3.792920000000000069e+00,3.712390000000000079e+00,3.635260000000000158e+00,3.557389999999999830e+00,3.481559999999999988e+00,3.405170000000000030e+00,3.332590000000000163e+00,3.259739999999999860e+00,3.189799999999999969e+00,3.119670000000000165e+00,3.042320000000000135e+00,2.965879999999999850e+00,2.887779999999999792e+00,2.810569999999999791e+00,2.732680000000000220e+00,2.655720000000000081e+00,2.583060000000000134e+00,2.511569999999999858e+00,2.431389999999999940e+00,2.363640000000000185e+00,1.942800000000000082e+00,1.914919999999999956e+00,1.868819999999999926e+00,1.826820000000000110e+00,1.787409999999999943e+00,1.752650000000000041e+00,1.721929999999999961e+00,1.695650000000000102e+00,1.673599999999999977e+00,1.657520000000000104e+00,1.645790000000000086e+00,1.641590000000000105e+00,1.641350000000000087e+00,1.644169999999999909e+00,1.654009999999999980e+00,1.668129999999999891e+00,1.665240000000000054e+00,1.658900000000000041e+00,1.652060000000000084e+00,1.648789999999999978e+00,1.648500000000000076e+00,1.651799999999999935e+00,1.659180000000000099e+00,1.669540000000000024e+00,1.683840000000000003e+00,1.701500000000000012e+00,1.714820000000000011e+00,1.731749999999999901e+00,1.746960000000000068e+00,1.766089999999999938e+00,1.787169999999999925e+00,1.812170000000000059e+00,1.841390000000000082e+00,1.873869999999999925e+00,1.909329999999999972e+00,1.948190000000000088e+00,1.991389999999999993e+00,2.036910000000000220e+00,2.086720000000000130e+00,2.139499999999999957e+00,2.183940000000000214e+00,2.230090000000000128e+00,2.254010000000000069e+00,2.279290000000000038e+00,2.305790000000000006e+00,2.333120000000000083e+00,2.366659999999999986e+00,2.401710000000000012e+00,2.438120000000000065e+00,2.476319999999999855e+00,2.505489999999999995e+00,2.535759999999999792e+00,2.569109999999999783e+00,2.604750000000000121e+00,2.640569999999999862e+00,2.678310000000000191e+00,2.717490000000000183e+00,2.757190000000000030e+00,2.799840000000000106e+00,2.847220000000000084e+00,2.887939999999999952e+00,2.927880000000000038e+00,2.958050000000000068e+00,2.991229999999999833e+00,3.030170000000000030e+00,3.072859999999999925e+00,3.119549999999999823e+00,3.169430000000000192e+00,3.171469999999999789e+00,3.494709999999999983e+00,3.572340000000000071e+00,3.650889999999999969e+00,4.210950000000000415e+00,5.819230000000000125e+00,9.793910000000000338e+00,1.430860000000000021e+01
Diameter profile (Å)
1.354597000000000051e+01,9.704800000000000537e+00,7.309029999999999916e+00,6.027219999999999800e+00,5.883460000000000356e+00,5.796420000000000350e+00,5.709800000000000431e+00,5.580969999999999764e+00,5.453490000000000393e+00,5.367980000000000196e+00,5.284189999999999721e+00,5.157960000000000100e+00,5.034769999999999968e+00,4.953079999999999927e+00,4.871999999999999886e+00,4.750885000000000247e+00,4.628339999999999677e+00,4.545169999999999710e+00,4.458429999999999893e+00,4.329819999999999780e+00,4.202910000000000146e+00,4.119239999999999569e+00,4.036369999999999791e+00,3.912560000000000038e+00,3.792920000000000069e+00,3.712390000000000079e+00,3.596325000000000216e+00,3.481559999999999988e+00,3.405170000000000030e+00,3.332590000000000163e+00,3.224769999999999914e+00,3.119670000000000165e+00,3.042320000000000135e+00,2.965879999999999850e+00,2.849174999999999791e+00,2.732680000000000220e+00,2.655720000000000081e+00,2.583060000000000134e+00,2.471479999999999677e+00,2.363640000000000185e+00,1.942800000000000082e+00,1.914919999999999956e+00,1.847820000000000018e+00,1.787409999999999943e+00,1.752650000000000041e+00,1.721929999999999961e+00,1.684625000000000039e+00,1.657520000000000104e+00,1.645790000000000086e+00,1.641590000000000105e+00,1.642759999999999998e+00,1.654009999999999980e+00,1.668129999999999891e+00,1.662069999999999936e+00,1.652060000000000084e+00,1.648789999999999978e+00,1.648500000000000076e+00,1.655489999999999906e+00,1.669540000000000024e+00,1.683840000000000003e+00,1.701500000000000012e+00,1.723284999999999956e+00,1.746960000000000068e+00,1.766089999999999938e+00,1.787169999999999925e+00,1.826780000000000070e+00,1.873869999999999925e+00,1.909329999999999972e+00,1.948190000000000088e+00,2.014149999999999885e+00,2.086720000000000130e+00,2.139499999999999957e+00,2.183940000000000214e+00,2.242049999999999876e+00,2.279290000000000038e+00,2.305790000000000006e+00,2.349890000000000256e+00,2.401710000000000012e+00,2.438120000000000065e+00,2.476319999999999855e+00,2.520624999999999893e+00,2.569109999999999783e+00,2.604750000000000121e+00,2.640569999999999862e+00,2.697900000000000187e+00,2.757190000000000030e+00,2.799840000000000106e+00,2.847220000000000084e+00,2.907910000000000217e+00,2.958050000000000068e+00,2.991229999999999833e+00,3.030170000000000030e+00,3.096204999999999874e+00,3.169430000000000192e+00,3.171469999999999789e+00,3.494709999999999983e+00,3.611615000000000020e+00,4.210950000000000415e+00,5.819230000000000125e+00,1.205125500000000116e+01
Min diameter_profile (Å)
1.641590000000000105e+00
Average Diameter (Å)
4.839385668202765167e+00
Diameter distribution(Å)
1.608526000000000167e+01,1.349338999999999977e+01,1.140474000000000032e+01,1.052945000000000064e+01,9.999760000000000204e+00,9.602209999999999468e+00,9.544760000000000133e+00,9.452249999999999375e+00,9.359999999999999432e+00,9.268639999999999546e+00,9.177599999999999980e+00,9.086019999999999541e+00,8.993330000000000268e+00,8.904899999999999594e+00,8.814249999999999474e+00,8.725049999999999528e+00,8.635949999999999349e+00,8.546440000000000481e+00,8.456970000000000098e+00,8.368959999999999511e+00,8.281349999999999767e+00,8.193640000000000256e+00,8.106220000000000425e+00,8.019669999999999632e+00,7.933440000000000047e+00,7.838049999999999962e+00,7.742799999999999905e+00,7.666439999999999699e+00,7.583599999999999675e+00,7.505189999999999806e+00,7.425270000000000259e+00,7.338090000000000224e+00,7.251280000000000392e+00,7.157379999999999853e+00,7.063500000000000334e+00,6.970729999999999649e+00,6.877510000000000012e+00,6.774960000000000093e+00,6.673180000000000334e+00,6.570120000000000182e+00,6.489270000000000316e+00,6.401629999999999932e+00,6.315059999999999896e+00,6.230669999999999931e+00,6.148150000000000226e+00,6.056709999999999816e+00,5.965399999999999814e+00,5.783559999999999590e+00,5.757659999999999556e+00,5.665390000000000370e+00,5.573570000000000135e+00,5.482169999999999987e+00,5.391210000000000058e+00,5.301350000000000229e+00,5.212119999999999642e+00,4.866939999999999600e+00,4.773150000000000226e+00,4.695770000000000444e+00,4.618269999999999875e+00,4.545819999999999972e+00,4.471940000000000026e+00,4.385320000000000107e+00,4.295639999999999681e+00,4.243599999999999817e+00,4.189259999999999984e+00,4.154420000000000002e+00,4.120250000000000412e+00,4.072000000000000064e+00,4.027190000000000047e+00,3.985570000000000057e+00,3.947379999999999889e+00,3.902789999999999981e+00,3.855850000000000222e+00,3.783150000000000013e+00,3.711660000000000181e+00,3.642469999999999875e+00,3.573420000000000041e+00,3.507340000000000124e+00,3.440500000000000114e+00,3.376240000000000130e+00,3.313559999999999839e+00,3.252489999999999881e+00,3.193189999999999973e+00,3.136579999999999924e+00,3.081820000000000004e+00,3.028329999999999966e+00,2.976719999999999811e+00,2.924830000000000041e+00,2.874049999999999994e+00,2.830950000000000077e+00,2.790220000000000145e+00,2.749270000000000103e+00,2.710310000000000219e+00,2.667199999999999793e+00,2.625669999999999948e+00,2.586349999999999927e+00,2.549040000000000195e+00,2.503070000000000128e+00,2.459159999999999791e+00,2.408710000000000129e+00,2.360139999999999905e+00,2.314210000000000100e+00,2.267970000000000041e+00,2.234039999999999804e+00,2.198840000000000128e+00,2.165470000000000006e+00,2.134240000000000137e+00,2.100140000000000118e+00,2.064639999999999809e+00,2.036350000000000104e+00,2.034170000000000034e+00,2.019979999999999887e+00,2.024570000000000203e+00,2.021059999999999857e+00,2.020719999999999850e+00,2.021069999999999922e+00,2.025220000000000020e+00,2.031169999999999920e+00,2.025799999999999823e+00,2.004539999999999988e+00,1.986520000000000064e+00,1.972239999999999993e+00,1.961759999999999948e+00,1.955140000000000100e+00,1.952180000000000026e+00,1.952460000000000084e+00,1.956299999999999928e+00,1.962159999999999904e+00,1.971009999999999929e+00,1.981670000000000043e+00,1.995270000000000099e+00,2.002549999999999830e+00,2.012480000000000047e+00,2.028200000000000003e+00,2.046910000000000007e+00,2.067219999999999835e+00,2.088849999999999874e+00,2.099940000000000140e+00,2.155839999999999979e+00,2.192120000000000068e+00,2.230620000000000047e+00,2.270459999999999923e+00,2.312450000000000117e+00,2.352809999999999846e+00,2.395389999999999908e+00,2.438610000000000166e+00,2.483480000000000132e+00,2.532869999999999955e+00,2.582310000000000105e+00,2.634790000000000187e+00,2.689210000000000100e+00,2.739259999999999806e+00,2.788980000000000015e+00,2.827700000000000102e+00,2.868869999999999809e+00,2.912180000000000213e+00,2.957399999999999807e+00,3.006320000000000103e+00,3.057389999999999830e+00,3.111000000000000210e+00,3.166619999999999990e+00,3.222319999999999851e+00,3.279570000000000096e+00,3.341029999999999944e+00,3.403700000000000170e+00,3.456300000000000150e+00,3.509720000000000173e+00,3.558530000000000193e+00,3.610739999999999839e+00,3.668460000000000054e+00,3.726300000000000168e+00,3.780450000000000088e+00,3.835379999999999789e+00,3.909110000000000085e+00,3.984609999999999985e+00,4.046339999999999826e+00,4.108710000000000306e+00,4.172299999999999898e+00,4.236509999999999998e+00,4.302870000000000417e+00,4.369119999999999671e+00,4.437280000000000335e+00,4.505749999999999922e+00,4.577539999999999942e+00,4.650470000000000326e+00,4.723429999999999573e+00,4.797320000000000029e+00,4.871380000000000265e+00,4.946329999999999671e+00,5.023229999999999862e+00,5.100450000000000372e+00,5.179640000000000022e+00,5.258860000000000312e+00,5.338910000000000267e+00,5.419730000000000381e+00,5.500300000000000189e+00,5.581319999999999837e+00,5.665000000000000036e+00,5.749270000000000103e+00,5.832160000000000011e+00,5.915759999999999685e+00,6.002010000000000289e+00,6.088750000000000107e+00,6.175010000000000332e+00,6.261510000000000353e+00,6.348790000000000155e+00,6.436609999999999943e+00,6.523970000000000269e+00,6.611469999999999736e+00,6.701870000000000438e+00,6.792430000000000412e+00,6.943249999999999922e+00,7.700899999999999856e+00,1.011796000000000006e+01,1.344917000000000051e+01,1.736176000000000030e+01,2.118741999999999948e+01
Diameter profile (Å)
1.244906500000000094e+01,1.026460499999999954e+01,9.573484999999999800e+00,9.406124999999999403e+00,9.223119999999999763e+00,9.039674999999999017e+00,8.814733333333332865e+00,8.591194999999999027e+00,8.412964999999999804e+00,8.237494999999999123e+00,8.062944999999999141e+00,7.885745000000000005e+00,7.664280000000000648e+00,7.465230000000000032e+00,7.294685000000000308e+00,7.110440000000000538e+00,6.924120000000000275e+00,6.724070000000000213e+00,6.487006666666666810e+00,6.272864999999999469e+00,6.102430000000000021e+00,5.874480000000000146e+00,5.711524999999999963e+00,5.527870000000000061e+00,5.301559999999999384e+00,4.820045000000000357e+00,4.657020000000000159e+00,4.508879999999999555e+00,4.340479999999999450e+00,4.216429999999999900e+00,4.137335000000000207e+00,4.028253333333332797e+00,3.925085000000000157e+00,3.819500000000000117e+00,3.677064999999999806e+00,3.540379999999999860e+00,3.408370000000000122e+00,3.253080000000000194e+00,3.109199999999999964e+00,3.002524999999999888e+00,2.899440000000000239e+00,2.810585000000000111e+00,2.729790000000000383e+00,2.626406666666666556e+00,2.526055000000000383e+00,2.433934999999999960e+00,2.337175000000000225e+00,2.251005000000000145e+00,2.182154999999999845e+00,2.099673333333333058e+00,2.035260000000000069e+00,2.022275000000000045e+00,2.020889999999999631e+00,2.023144999999999971e+00,2.028484999999999872e+00,1.995530000000000026e+00,1.963046666666666829e+00,1.952320000000000055e+00,1.959229999999999805e+00,1.976339999999999986e+00,1.998909999999999965e+00,2.020340000000000025e+00,2.067659999999999609e+00,2.127889999999999837e+00,2.211370000000000058e+00,2.291455000000000020e+00,2.374099999999999877e+00,2.461045000000000371e+00,2.583323333333333860e+00,2.714234999999999953e+00,2.808340000000000281e+00,2.890525000000000233e+00,2.981860000000000177e+00,3.084195000000000242e+00,3.222836666666666350e+00,3.372365000000000279e+00,3.483010000000000161e+00,3.584635000000000016e+00,3.697379999999999889e+00,3.807914999999999939e+00,3.946860000000000035e+00,4.109116666666666084e+00,4.269690000000000651e+00,4.403200000000000003e+00,4.541644999999999932e+00,4.686949999999999505e+00,4.834350000000000591e+00,5.023336666666666339e+00,5.219250000000000611e+00,5.379319999999999879e+00,5.540810000000000457e+00,5.707135000000000069e+00,5.873960000000000292e+00,6.088589999999999947e+00,6.305150000000000254e+00,6.480290000000000106e+00,6.656670000000000087e+00,6.867840000000000167e+00,8.909430000000000405e+00,1.733278333333333521e+01
Min diameter_profile (Å)
1.952320000000000055e+00
Average Diameter (Å)
1.624955066666666781e+00
Diameter distribution(Å)
1.601969000000000065e+01,1.167012000000000072e+01,7.497609999999999886e+00,3.173960000000000115e+00,1.486660000000000093e+00,1.399960000000000093e+00,1.358940000000000037e+00,1.311870000000000092e+00,1.270480000000000054e+00,1.234520000000000062e+00,1.204879999999999951e+00,1.169890000000000096e+00,1.137999999999999901e+00,1.110090000000000021e+00,1.086549999999999905e+00,1.053639999999999910e+00,1.024170000000000025e+00,9.747599999999999598e-01,9.293500000000000094e-01,8.847099999999999964e-01,8.434599999999999875e-01,8.054700000000000193e-01,7.710700000000000331e-01,7.271999999999999575e-01,7.146700000000000275e-01,6.733700000000000241e-01,6.714200000000000168e-01,6.376500000000000501e-01,6.770300000000000207e-01,6.157299999999999995e-01,6.393100000000000449e-01,6.425100000000000255e-01,6.497800000000000242e-01,6.584299999999999597e-01,6.711300000000000043e-01,6.694799999999999640e-01,6.778999999999999471e-01,6.426699999999999635e-01,6.048999999999999932e-01,5.654299999999999882e-01,5.275100000000000344e-01,5.014100000000000223e-01,4.752899999999999903e-01,4.531800000000000272e-01,4.352900000000000102e-01,4.215700000000000003e-01,4.122500000000000053e-01,4.076199999999999823e-01,4.080400000000000138e-01,4.148499999999999965e-01,4.262699999999999823e-01,4.423199999999999910e-01,4.614400000000000168e-01,4.776199999999999890e-01,4.967799999999999994e-01,5.063999999999999613e-01,5.221599999999999575e-01,5.203200000000000047e-01,5.254999999999999671e-01,5.321399999999999464e-01,5.441200000000000481e-01,5.507300000000000528e-01,5.619499999999999496e-01,5.758799999999999475e-01,5.949699999999999989e-01,6.068200000000000260e-01,6.217099999999999849e-01,6.169900000000000384e-01,7.713499999999999801e-01,8.897500000000000409e-01,1.461240000000000094e+00,2.714500000000000135e+00,5.256149999999999878e+00,1.042075999999999958e+01,1.575829000000000057e+01
Diameter profile (Å)
nan,1.167012000000000072e+01,7.497609999999999886e+00,nan,3.173960000000000115e+00,1.486660000000000093e+00,1.399960000000000093e+00,nan,1.358940000000000037e+00,1.311870000000000092e+00,1.270480000000000054e+00,nan,1.234520000000000062e+00,1.204879999999999951e+00,1.169890000000000096e+00,nan,1.137999999999999901e+00,1.110090000000000021e+00,1.086549999999999905e+00,nan,1.053639999999999910e+00,1.024170000000000025e+00,9.747599999999999598e-01,nan,9.293500000000000094e-01,8.847099999999999964e-01,nan,8.434599999999999875e-01,8.054700000000000193e-01,7.710700000000000331e-01,nan,7.271999999999999575e-01,7.146700000000000275e-01,6.733700000000000241e-01,nan,6.714200000000000168e-01,6.376500000000000501e-01,6.770300000000000207e-01,nan,6.157299999999999995e-01,6.393100000000000449e-01,6.425100000000000255e-01,nan,6.497800000000000242e-01,6.584299999999999597e-01,6.711300000000000043e-01,nan,6.694799999999999640e-01,6.778999999999999471e-01,6.426699999999999635e-01,nan,6.048999999999999932e-01,5.654299999999999882e-01,nan,5.275100000000000344e-01,5.014100000000000223e-01,4.752899999999999903e-01,nan,4.531800000000000272e-01,4.352900000000000102e-01,4.215700000000000003e-01,nan,4.122500000000000053e-01,4.076199999999999823e-01,4.080400000000000138e-01,nan,4.148499999999999965e-01,4.262699999999999823e-01,4.423199999999999910e-01,nan,4.614400000000000168e-01,4.776199999999999890e-01,4.967799999999999994e-01,nan,5.063999999999999613e-01,5.221599999999999575e-01,nan,5.203200000000000047e-01,5.254999999999999671e-01,5.321399999999999464e-01,nan,5.441200000000000481e-01,5.507300000000000528e-01,5.619499999999999496e-01,nan,5.758799999999999475e-01,5.949699999999999989e-01,6.068200000000000260e-01,nan,6.217099999999999849e-01,6.169900000000000384e-01,7.713499999999999801e-01,nan,8.897500000000000409e-01,1.461240000000000094e+00,2.714500000000000135e+00,nan,5.256149999999999878e+00,1.042075999999999958e+01,1.575829000000000057e+01
Min diameter_profile (Å)
nan
Average Diameter (Å)
5.446742180094786612e+00
Diameter distribution(Å)
2.174033999999999978e+01,1.780307000000000173e+01,1.419200000000000017e+01,1.094848999999999961e+01,9.109270000000000422e+00,8.710990000000000677e+00,8.690170000000000172e+00,8.599849999999999994e+00,8.509790000000000632e+00,8.420120000000000715e+00,8.330730000000000857e+00,8.241590000000000416e+00,8.152229999999999421e+00,8.063520000000000465e+00,7.974579999999999558e+00,7.886619999999999742e+00,7.799000000000000377e+00,7.712209999999999788e+00,7.625680000000000014e+00,7.538529999999999731e+00,7.451609999999999623e+00,7.366590000000000416e+00,7.280719999999999636e+00,7.192840000000000344e+00,7.103959999999999830e+00,7.023640000000000327e+00,6.943990000000000329e+00,6.860380000000000145e+00,6.777250000000000441e+00,6.695140000000000313e+00,6.613559999999999661e+00,6.532289999999999708e+00,6.451579999999999870e+00,6.363010000000000055e+00,6.271869999999999834e+00,6.203759999999999941e+00,6.135480000000000267e+00,6.057419999999999582e+00,5.979989999999999917e+00,5.903579999999999828e+00,5.827880000000000393e+00,5.750939999999999941e+00,5.674690000000000012e+00,5.603600000000000136e+00,5.533419999999999561e+00,5.461820000000000341e+00,5.389170000000000016e+00,5.320829999999999949e+00,5.250519999999999854e+00,4.977710000000000079e+00,4.967670000000000030e+00,4.901589999999999669e+00,4.835980000000000167e+00,4.770800000000000374e+00,4.706710000000000171e+00,4.644009999999999749e+00,4.582390000000000185e+00,4.523729999999999585e+00,4.464889999999999581e+00,4.408610000000000362e+00,4.352140000000000342e+00,4.296759999999999913e+00,4.242930000000000312e+00,4.192929999999999602e+00,4.144589999999999996e+00,4.097070000000000434e+00,4.051090000000000302e+00,4.006380000000000052e+00,3.963529999999999998e+00,3.923169999999999824e+00,3.884030000000000094e+00,3.847910000000000164e+00,3.813140000000000196e+00,3.777149999999999785e+00,3.742560000000000109e+00,3.708810000000000162e+00,3.677059999999999995e+00,3.642780000000000129e+00,3.609360000000000124e+00,3.563520000000000021e+00,3.516900000000000137e+00,3.472519999999999829e+00,3.429910000000000014e+00,3.388320000000000221e+00,3.347240000000000215e+00,3.309890000000000221e+00,3.273010000000000197e+00,3.235559999999999992e+00,3.199689999999999923e+00,3.168369999999999909e+00,3.139040000000000052e+00,3.107509999999999994e+00,3.075979999999999936e+00,3.046790000000000109e+00,3.019699999999999829e+00,2.994209999999999816e+00,2.969860000000000166e+00,2.951909999999999812e+00,2.934239999999999959e+00,2.905730000000000146e+00,2.908240000000000158e+00,2.896310000000000162e+00,2.885479999999999823e+00,2.860100000000000087e+00,2.884830000000000005e+00,2.852520000000000167e+00,2.857549999999999812e+00,2.854789999999999939e+00,2.888170000000000126e+00,2.889339999999999797e+00,2.893250000000000099e+00,2.898299999999999876e+00,2.906680000000000152e+00,2.921780000000000044e+00,2.937920000000000087e+00,2.958239999999999981e+00,2.980300000000000171e+00,3.002819999999999823e+00,3.026349999999999874e+00,3.048369999999999802e+00,3.072529999999999983e+00,3.098460000000000214e+00,3.126479999999999926e+00,3.157160000000000188e+00,3.189470000000000027e+00,3.222090000000000121e+00,3.256769999999999943e+00,3.296409999999999840e+00,3.337309999999999999e+00,3.372860000000000191e+00,3.410610000000000142e+00,3.450649999999999995e+00,3.490829999999999878e+00,3.516140000000000043e+00,3.542209999999999859e+00,3.567019999999999857e+00,3.594069999999999876e+00,3.621459999999999901e+00,3.651029999999999998e+00,3.684109999999999996e+00,3.719349999999999934e+00,3.756740000000000190e+00,3.795900000000000052e+00,3.837169999999999970e+00,3.880339999999999900e+00,3.923840000000000217e+00,3.969230000000000036e+00,4.009669999999999845e+00,4.050869999999999749e+00,4.110739999999999839e+00,4.170329999999999870e+00,4.226250000000000284e+00,4.282580000000000275e+00,4.340440000000000076e+00,4.398710000000000342e+00,4.459469999999999601e+00,4.521300000000000097e+00,4.584290000000000198e+00,4.648229999999999862e+00,4.605249999999999844e+00,4.908579999999999721e+00,4.986299999999999955e+00,5.060620000000000118e+00,5.134800000000000253e+00,5.209670000000000023e+00,5.279759999999999565e+00,5.350520000000000387e+00,5.421750000000000291e+00,5.493629999999999569e+00,5.560629999999999740e+00,5.628750000000000142e+00,5.710020000000000095e+00,5.790580000000000283e+00,5.867560000000000109e+00,5.944029999999999703e+00,6.021580000000000155e+00,6.099540000000000184e+00,6.178670000000000329e+00,6.258440000000000225e+00,6.337970000000000326e+00,6.418000000000000149e+00,6.497790000000000177e+00,6.578210000000000335e+00,6.663090000000000401e+00,6.748389999999999667e+00,6.831809999999999938e+00,6.914760000000000240e+00,6.999819999999999709e+00,7.083619999999999806e+00,7.169999999999999929e+00,7.256719999999999615e+00,7.342170000000000307e+00,7.427999999999999936e+00,7.515060000000000073e+00,7.602500000000000036e+00,7.691080000000000361e+00,7.779819999999999958e+00,7.867829999999999657e+00,7.955720000000000347e+00,8.042289999999999495e+00,8.129319999999999879e+00,8.222619999999999152e+00,8.315509999999999735e+00,8.405849999999999156e+00,8.496470000000000411e+00,8.507130000000000081e+00,8.681850000000000733e+00,9.377370000000000871e+00,1.090607999999999933e+01,1.388075000000000081e+01,1.753217000000000070e+01
Diameter profile (Å)
1.599753500000000095e+01,1.002888000000000090e+01,8.700580000000000425e+00,8.554819999999999425e+00,8.375424999999999898e+00,8.196909999999999030e+00,8.019050000000000011e+00,7.842810000000000059e+00,7.668944999999999901e+00,7.452243333333332664e+00,7.236779999999999546e+00,7.063800000000000523e+00,6.902185000000000237e+00,6.736195000000000377e+00,6.572924999999999685e+00,6.407294999999999519e+00,6.237814999999999444e+00,6.096449999999999925e+00,5.941784999999999428e+00,5.751169999999999227e+00,5.568509999999999849e+00,5.425494999999999735e+00,5.285674999999999457e+00,4.972690000000000055e+00,4.868784999999999918e+00,4.738755000000000273e+00,4.613199999999999967e+00,4.494309999999999583e+00,4.380375000000000796e+00,4.244206666666666905e+00,4.120829999999999771e+00,4.028735000000000177e+00,3.943349999999999689e+00,3.865969999999999906e+00,3.795144999999999769e+00,3.725685000000000358e+00,3.659920000000000062e+00,3.586440000000000072e+00,3.494709999999999983e+00,3.388489999999999558e+00,3.291450000000000209e+00,3.217624999999999957e+00,3.153704999999999981e+00,3.091744999999999965e+00,3.033244999999999969e+00,2.982034999999999769e+00,2.943074999999999886e+00,2.906985000000000152e+00,2.890894999999999992e+00,2.865816666666666901e+00,2.856169999999999654e+00,2.888754999999999740e+00,2.895774999999999988e+00,2.914229999999999876e+00,2.948080000000000034e+00,2.991559999999999775e+00,3.037359999999999616e+00,3.085494999999999877e+00,3.141820000000000057e+00,3.222776666666666401e+00,3.316860000000000142e+00,3.391735000000000166e+00,3.470740000000000158e+00,3.529174999999999951e+00,3.580544999999999867e+00,3.636244999999999727e+00,3.701729999999999965e+00,3.776320000000000121e+00,3.858754999999999935e+00,3.967579999999999885e+00,4.080804999999999794e+00,4.198290000000000077e+00,4.311510000000000176e+00,4.429090000000000416e+00,4.552794999999999703e+00,4.626739999999999853e+00,4.947440000000000282e+00,5.097710000000000186e+00,5.244714999999999350e+00,5.421966666666667045e+00,5.594689999999999941e+00,5.750300000000000189e+00,5.905794999999999462e+00,6.060560000000000613e+00,6.218555000000000277e+00,6.377985000000000682e+00,6.538000000000000256e+00,6.705740000000000478e+00,6.873285000000000089e+00,7.084479999999999222e+00,7.299445000000000405e+00,7.471529999999999561e+00,7.646790000000000198e+00,7.823824999999999363e+00,7.999005000000000365e+00,8.175969999999999516e+00,8.360679999999998557e+00,8.501799999999999358e+00,9.029610000000001691e+00,1.410633333333333361e+01
Min diameter_profile (Å)
2.856169999999999654e+00
Average Diameter (Å)
5.262562015810275717e+00
Diameter distribution(Å)
2.130031999999999925e+01,1.666541000000000139e+01,1.283103999999999978e+01,1.137161000000000044e+01,1.040592999999999968e+01,9.647299999999999542e+00,9.470869999999999678e+00,9.374159999999999826e+00,9.277540000000000120e+00,9.180939999999999657e+00,9.084440000000000737e+00,8.987659999999999982e+00,8.890980000000000771e+00,8.794480000000000075e+00,8.697760000000000602e+00,8.601879999999999526e+00,8.506130000000000635e+00,8.410230000000000317e+00,8.314140000000000086e+00,8.218379999999999797e+00,8.122560000000000002e+00,8.027150000000000674e+00,7.931869999999999976e+00,7.836739999999999817e+00,7.741460000000000008e+00,7.646650000000000169e+00,7.551859999999999573e+00,7.456800000000000317e+00,7.361869999999999692e+00,7.267789999999999750e+00,7.173879999999999590e+00,7.077009999999999579e+00,6.979700000000000237e+00,6.889170000000000016e+00,6.798630000000000173e+00,6.572729999999999961e+00,6.534060000000000201e+00,6.445129999999999804e+00,6.356530000000000236e+00,6.271209999999999951e+00,6.186280000000000001e+00,6.098480000000000345e+00,6.010909999999999975e+00,5.923399999999999999e+00,5.835670000000000357e+00,5.749050000000000438e+00,5.662790000000000212e+00,5.577060000000000350e+00,5.491719999999999935e+00,5.406810000000000116e+00,5.322320000000000384e+00,5.238209999999999589e+00,5.154219999999999580e+00,5.071340000000000181e+00,4.987510000000000332e+00,4.905450000000000088e+00,4.823730000000000295e+00,4.742329999999999934e+00,4.661299999999999777e+00,4.581470000000000375e+00,4.501549999999999940e+00,4.423739999999999561e+00,4.345869999999999678e+00,4.267830000000000013e+00,4.190489999999999604e+00,4.114300000000000068e+00,4.038870000000000182e+00,3.964900000000000091e+00,3.890820000000000167e+00,3.818719999999999892e+00,3.746199999999999974e+00,3.675120000000000164e+00,3.604649999999999910e+00,3.535559999999999814e+00,3.467530000000000001e+00,3.400250000000000217e+00,3.333720000000000017e+00,3.268409999999999815e+00,3.204279999999999795e+00,3.142269999999999897e+00,3.080529999999999990e+00,3.021860000000000213e+00,2.963290000000000202e+00,2.905380000000000074e+00,2.849000000000000199e+00,2.796590000000000131e+00,2.745870000000000033e+00,2.695770000000000000e+00,2.647050000000000125e+00,2.598110000000000142e+00,2.551379999999999981e+00,2.506400000000000183e+00,2.463369999999999838e+00,2.423090000000000188e+00,2.384939999999999838e+00,2.338449999999999918e+00,2.293909999999999894e+00,2.250519999999999854e+00,2.209220000000000184e+00,2.168890000000000207e+00,2.130770000000000053e+00,2.098100000000000076e+00,2.068309999999999871e+00,2.037049999999999805e+00,2.008150000000000102e+00,1.986070000000000002e+00,1.966779999999999973e+00,1.948090000000000099e+00,1.931340000000000057e+00,1.918949999999999934e+00,1.908490000000000020e+00,1.900679999999999925e+00,1.895790000000000086e+00,1.894060000000000077e+00,1.895219999999999905e+00,1.899710000000000010e+00,1.907100000000000017e+00,1.897070000000000034e+00,1.888330000000000064e+00,1.887270000000000003e+00,1.895550000000000068e+00,1.879440000000000000e+00,1.866370000000000084e+00,1.860919999999999908e+00,1.858999999999999986e+00,1.855930000000000080e+00,1.856039999999999912e+00,1.860260000000000025e+00,1.867420000000000080e+00,1.877040000000000042e+00,1.889559999999999906e+00,1.905629999999999935e+00,1.924770000000000092e+00,1.946530000000000094e+00,1.971279999999999921e+00,1.998250000000000082e+00,2.028090000000000170e+00,2.060610000000000053e+00,2.094279999999999919e+00,2.124779999999999891e+00,2.156690000000000218e+00,2.130739999999999856e+00,2.242579999999999796e+00,2.284469999999999779e+00,2.328720000000000123e+00,2.377580000000000027e+00,2.427309999999999857e+00,2.477599999999999802e+00,2.529869999999999841e+00,2.584760000000000169e+00,2.641480000000000050e+00,2.699510000000000076e+00,2.758519999999999861e+00,2.821649999999999991e+00,2.886340000000000128e+00,2.949079999999999924e+00,3.013279999999999959e+00,3.078879999999999839e+00,3.146230000000000082e+00,3.215259999999999785e+00,3.286029999999999784e+00,3.358909999999999840e+00,3.433699999999999974e+00,3.508939999999999948e+00,3.586510000000000087e+00,3.652740000000000098e+00,3.718350000000000044e+00,3.768470000000000208e+00,3.819879999999999942e+00,3.872720000000000162e+00,3.926779999999999937e+00,3.981640000000000068e+00,4.036500000000000199e+00,4.093580000000000219e+00,4.150249999999999773e+00,4.208960000000000257e+00,4.267999999999999794e+00,4.328859999999999708e+00,4.389330000000000176e+00,4.452280000000000015e+00,4.514739999999999753e+00,4.579399999999999693e+00,4.644969999999999821e+00,4.711560000000000414e+00,4.778810000000000002e+00,4.846669999999999590e+00,4.915329999999999977e+00,4.984589999999999854e+00,5.054619999999999891e+00,5.120320000000000427e+00,5.183539999999999814e+00,5.245499999999999829e+00,5.306149999999999700e+00,5.369049999999999656e+00,5.432129999999999903e+00,5.496389999999999887e+00,5.561499999999999666e+00,5.625549999999999606e+00,5.688850000000000406e+00,5.759509999999999685e+00,5.830599999999999561e+00,5.898390000000000022e+00,5.966920000000000002e+00,6.038999999999999702e+00,6.111760000000000304e+00,6.183810000000000251e+00,6.256240000000000023e+00,6.326620000000000132e+00,6.397689999999999877e+00,6.473550000000000360e+00,6.550029999999999575e+00,6.626820000000000377e+00,6.703430000000000000e+00,6.780400000000000205e+00,6.857490000000000308e+00,6.934199999999999697e+00,7.011409999999999698e+00,7.091129999999999711e+00,7.170270000000000366e+00,7.241629999999999789e+00,7.312669999999999781e+00,7.401650000000000063e+00,7.490859999999999630e+00,7.571039999999999992e+00,7.651640000000000441e+00,7.734429999999999694e+00,7.817599999999999660e+00,7.900879999999999903e+00,7.977750000000000341e+00,8.066390000000000171e+00,8.151249999999999218e+00,8.235039999999999694e+00,8.318989999999999441e+00,8.403169999999999362e+00,8.480270000000000863e+00,8.571049999999999613e+00,8.661450000000000315e+00,8.747690000000000410e+00,8.834149999999999281e+00,8.919819999999999638e+00,9.005720000000000169e+00,9.093949999999999534e+00,9.181810000000000471e+00,9.269500000000000739e+00,9.357430000000000803e+00,9.445280000000000342e+00,9.533279999999999532e+00,9.584009999999999252e+00,1.032343000000000011e+01,1.111814000000000036e+01,1.254312000000000005e+01,1.523062999999999967e+01,1.860872000000000170e+01
Diameter profile (Å)
1.474822500000000147e+01,1.047494666666666774e+01,9.422515000000000640e+00,9.180973333333334097e+00,8.939320000000000377e+00,8.698040000000000660e+00,8.458180000000000476e+00,8.218359999999998777e+00,7.979510000000000325e+00,7.741616666666666369e+00,7.504329999999999501e+00,7.267846666666666344e+00,7.028354999999999464e+00,6.753509999999999458e+00,6.489594999999999558e+00,6.271339999999999471e+00,6.054695000000000604e+00,5.836040000000000560e+00,5.619925000000000281e+00,5.406950000000001033e+00,5.196214999999999584e+00,4.988100000000000200e+00,4.783030000000000115e+00,4.581439999999999735e+00,4.384805000000000064e+00,4.190873333333333228e+00,3.964863333333333184e+00,3.782459999999999933e+00,3.605109999999999815e+00,3.433889999999999887e+00,3.268803333333333061e+00,3.111399999999999721e+00,2.963510000000000755e+00,2.822795000000000165e+00,2.696229999999999905e+00,2.574745000000000061e+00,2.464286666666666736e+00,2.361695000000000100e+00,2.251216666666666644e+00,2.149830000000000130e+00,2.067819999999999769e+00,1.997110000000000163e+00,1.948736666666666784e+00,1.913720000000000088e+00,1.896843333333333659e+00,1.897464999999999957e+00,1.897499999999999964e+00,1.891410000000000036e+00,1.868909999999999849e+00,1.857464999999999922e+00,1.861239999999999783e+00,1.890743333333333220e+00,1.935650000000000093e+00,1.999206666666666576e+00,2.077444999999999986e+00,2.137403333333333322e+00,2.263524999999999565e+00,2.377870000000000150e+00,2.503734999999999822e+00,2.641916666666666913e+00,2.790084999999999926e+00,2.949566666666667114e+00,3.112554999999999961e+00,3.286733333333332840e+00,3.471319999999999961e+00,3.652533333333332966e+00,3.794175000000000075e+00,3.927046666666667019e+00,4.065039999999999765e+00,4.209070000000000533e+00,4.359094999999999942e+00,4.515473333333333450e+00,4.678264999999999674e+00,4.846936666666667115e+00,5.019605000000000317e+00,5.183119999999999727e+00,5.369110000000000049e+00,5.528945000000000221e+00,5.691303333333332937e+00,5.864494999999999791e+00,6.039226666666666965e+00,6.220024999999999693e+00,6.399286666666665901e+00,6.588424999999999976e+00,6.780440000000001355e+00,6.972804999999999254e+00,7.167676666666666030e+00,7.357160000000000366e+00,7.571180000000000909e+00,7.776014999999999233e+00,7.981673333333333176e+00,8.193144999999999456e+00,8.400809999999999889e+00,8.616250000000000853e+00,8.833886666666666443e+00,9.049834999999999852e+00,9.269579999999999487e+00,9.489280000000000825e+00,1.034186000000000050e+01,1.546082333333333203e+01
Min diameter_profile (Å)
1.857464999999999922e+00
Average Diameter (Å)
2.258557669172931881e+00
Diameter distribution(Å)
2.004843999999999937e+01,1.477158999999999978e+01,9.878709999999999880e+00,7.452460000000000306e+00,5.384940000000000282e+00,4.344909999999999606e+00,4.179479999999999862e+00,4.091619999999999813e+00,4.004150000000000098e+00,3.911779999999999813e+00,3.819700000000000095e+00,3.727500000000000036e+00,3.635650000000000048e+00,3.544979999999999798e+00,3.454759999999999831e+00,3.364570000000000061e+00,3.274849999999999817e+00,3.185929999999999929e+00,3.097100000000000186e+00,2.997219999999999995e+00,2.924249999999999794e+00,2.842989999999999906e+00,2.762840000000000185e+00,2.683260000000000201e+00,2.604280000000000150e+00,2.526530000000000165e+00,2.450369999999999937e+00,2.360549999999999926e+00,2.271479999999999944e+00,2.140379999999999949e+00,2.084179999999999922e+00,1.922760000000000025e+00,1.770829999999999904e+00,1.487260000000000026e+00,1.548629999999999951e+00,1.486269999999999980e+00,1.425939999999999985e+00,1.367590000000000083e+00,1.311460000000000070e+00,1.257919999999999927e+00,1.205819999999999892e+00,1.158060000000000089e+00,1.112449999999999939e+00,1.069649999999999990e+00,1.029600000000000071e+00,9.919099999999999584e-01,9.571300000000000363e-01,9.280100000000000016e-01,8.993900000000000228e-01,8.796500000000000430e-01,8.604399999999999826e-01,8.360400000000000054e-01,8.148900000000000032e-01,7.894499999999999851e-01,7.677500000000000435e-01,7.491100000000000536e-01,7.338799999999999768e-01,6.928499999999999659e-01,6.543799999999999617e-01,6.214699999999999669e-01,5.900900000000000034e-01,5.637199999999999989e-01,5.414200000000000124e-01,5.250099999999999767e-01,5.129799999999999915e-01,5.052100000000000479e-01,5.015500000000000513e-01,5.024899999999999922e-01,5.083900000000000086e-01,5.184999999999999609e-01,5.331700000000000328e-01,5.524900000000000366e-01,5.760399999999999965e-01,6.035800000000000054e-01,6.351099999999999524e-01,6.713700000000000223e-01,7.113199999999999523e-01,7.467799999999999994e-01,7.856999999999999540e-01,7.982299999999999951e-01,8.163000000000000256e-01,8.273599999999999843e-01,8.471999999999999531e-01,8.618400000000000505e-01,8.808200000000000474e-01,9.018599999999999950e-01,9.276900000000000146e-01,9.537700000000000067e-01,9.845099999999999962e-01,1.019279999999999964e+00,1.058410000000000073e+00,1.097660000000000080e+00,1.137000000000000011e+00,1.147000000000000020e+00,1.164269999999999916e+00,1.189419999999999922e+00,1.220529999999999893e+00,1.258000000000000007e+00,1.303239999999999954e+00,1.353450000000000042e+00,1.409510000000000041e+00,1.469340000000000090e+00,1.535409999999999942e+00,1.599720000000000031e+00,1.663589999999999902e+00,1.687829999999999941e+00,1.720690000000000053e+00,1.760510000000000019e+00,1.807730000000000059e+00,1.859459999999999891e+00,1.912080000000000002e+00,1.945710000000000051e+00,1.981389999999999985e+00,2.019579999999999931e+00,2.060090000000000199e+00,2.101879999999999971e+00,2.145779999999999799e+00,2.193999999999999950e+00,2.244219999999999882e+00,2.295230000000000103e+00,2.348110000000000142e+00,2.402680000000000149e+00,2.458369999999999944e+00,2.514959999999999862e+00,2.572599999999999998e+00,2.635099999999999998e+00,2.699019999999999975e+00,2.788339999999999819e+00,3.439449999999999896e+00,4.396219999999999573e+00,6.227470000000000283e+00,1.004367000000000054e+01,1.446363000000000021e+01
Diameter profile (Å)
1.477158999999999978e+01,9.878709999999999880e+00,7.452460000000000306e+00,4.864924999999999500e+00,4.179479999999999862e+00,4.091619999999999813e+00,3.957964999999999733e+00,3.819700000000000095e+00,3.727500000000000036e+00,3.590314999999999923e+00,3.454759999999999831e+00,3.364570000000000061e+00,3.230389999999999873e+00,3.097100000000000186e+00,2.997219999999999995e+00,2.883619999999999628e+00,2.762840000000000185e+00,2.683260000000000201e+00,2.565405000000000157e+00,2.450369999999999937e+00,2.360549999999999926e+00,2.205929999999999946e+00,2.084179999999999922e+00,1.922760000000000025e+00,1.629045000000000076e+00,1.548629999999999951e+00,1.486269999999999980e+00,1.425939999999999985e+00,1.339525000000000077e+00,1.257919999999999927e+00,1.205819999999999892e+00,1.135254999999999903e+00,1.069649999999999990e+00,1.029600000000000071e+00,9.745200000000000529e-01,9.280100000000000016e-01,8.993900000000000228e-01,8.700449999999999573e-01,8.360400000000000054e-01,8.148900000000000032e-01,7.785999999999999588e-01,7.491100000000000536e-01,7.338799999999999768e-01,6.736149999999999638e-01,6.214699999999999669e-01,5.900900000000000034e-01,5.525700000000000056e-01,5.250099999999999767e-01,5.129799999999999915e-01,5.033800000000000496e-01,5.024899999999999922e-01,5.083900000000000086e-01,5.184999999999999609e-01,5.428300000000000347e-01,5.760399999999999965e-01,6.035800000000000054e-01,6.532400000000000428e-01,7.113199999999999523e-01,7.467799999999999994e-01,7.919650000000000301e-01,8.163000000000000256e-01,8.273599999999999843e-01,8.545199999999999463e-01,8.808200000000000474e-01,9.018599999999999950e-01,9.407300000000000662e-01,9.845099999999999962e-01,1.019279999999999964e+00,1.078035000000000077e+00,1.137000000000000011e+00,1.147000000000000020e+00,1.176844999999999919e+00,1.220529999999999893e+00,1.258000000000000007e+00,1.328345000000000109e+00,1.409510000000000041e+00,1.469340000000000090e+00,1.535409999999999942e+00,1.631654999999999855e+00,1.687829999999999941e+00,1.720690000000000053e+00,1.784120000000000150e+00,1.859459999999999891e+00,1.912080000000000002e+00,1.963550000000000129e+00,2.019579999999999931e+00,2.060090000000000199e+00,2.123829999999999885e+00,2.193999999999999950e+00,2.244219999999999882e+00,2.321670000000000122e+00,2.402680000000000149e+00,2.458369999999999944e+00,2.543779999999999930e+00,2.635099999999999998e+00,2.699019999999999975e+00,3.113894999999999857e+00,4.396219999999999573e+00,6.227470000000000283e+00,1.225365000000000038e+01
Min diameter_profile (Å)
5.024899999999999922e-01
Average Diameter (Å)
2.487922748091603076e+00
Diameter distribution(Å)
1.276557999999999993e+01,9.206149999999999167e+00,6.371900000000000119e+00,5.444029999999999703e+00,5.349039999999999573e+00,5.271989999999999732e+00,5.196089999999999876e+00,5.120630000000000237e+00,5.045689999999999564e+00,4.972489999999999633e+00,4.899910000000000210e+00,4.825750000000000206e+00,4.751559999999999562e+00,4.676239999999999952e+00,4.601689999999999614e+00,4.524600000000000399e+00,4.447980000000000267e+00,4.373160000000000380e+00,4.297259999999999636e+00,4.223959999999999937e+00,4.151600000000000179e+00,4.079430000000000334e+00,4.008000000000000007e+00,3.938530000000000086e+00,3.869250000000000078e+00,3.801680000000000170e+00,3.735149999999999970e+00,3.669439999999999813e+00,3.604950000000000099e+00,3.541399999999999881e+00,3.478740000000000165e+00,3.410740000000000105e+00,3.341029999999999944e+00,3.263329999999999842e+00,3.190269999999999939e+00,3.120909999999999851e+00,3.053770000000000095e+00,2.980659999999999865e+00,2.908539999999999903e+00,2.837419999999999831e+00,2.767430000000000057e+00,2.698490000000000055e+00,2.630739999999999856e+00,2.565960000000000019e+00,2.501180000000000181e+00,2.438759999999999817e+00,2.378049999999999997e+00,2.314369999999999816e+00,2.252400000000000180e+00,2.152690000000000214e+00,2.139860000000000095e+00,2.076560000000000183e+00,2.089519999999999822e+00,2.071279999999999788e+00,2.058949999999999836e+00,2.070770000000000000e+00,2.086050000000000182e+00,2.091540000000000177e+00,2.100950000000000095e+00,2.083520000000000039e+00,2.063559999999999839e+00,2.021510000000000140e+00,1.980739999999999945e+00,1.935890000000000111e+00,1.909480000000000066e+00,1.862069999999999892e+00,1.819660000000000055e+00,1.773900000000000032e+00,1.733959999999999946e+00,1.698229999999999906e+00,1.667380000000000084e+00,1.643000000000000016e+00,1.623860000000000081e+00,1.610289999999999999e+00,1.601390000000000091e+00,1.593820000000000014e+00,1.591460000000000097e+00,1.559600000000000097e+00,1.532080000000000108e+00,1.500150000000000095e+00,1.470560000000000089e+00,1.427489999999999926e+00,1.411680000000000046e+00,1.283039999999999958e+00,1.233670000000000044e+00,1.246590000000000087e+00,1.291700000000000070e+00,1.234329999999999927e+00,1.182730000000000059e+00,1.136919999999999931e+00,1.097529999999999895e+00,1.063649999999999984e+00,1.036399999999999988e+00,1.015879999999999894e+00,1.000720000000000054e+00,9.931499999999999773e-01,9.882199999999999873e-01,9.715399999999999592e-01,9.598700000000000010e-01,9.319699999999999651e-01,9.076400000000000023e-01,8.742199999999999971e-01,8.454300000000000148e-01,8.221699999999999564e-01,8.033500000000000085e-01,7.893000000000000016e-01,7.770700000000000385e-01,7.048999999999999710e-01,6.380500000000000060e-01,5.780899999999999928e-01,5.247800000000000242e-01,4.778399999999999870e-01,4.432400000000000229e-01,4.159499999999999864e-01,4.017800000000000260e-01,3.879500000000000171e-01,3.795799999999999730e-01,3.565900000000000181e-01,3.513200000000000212e-01,3.198199999999999932e-01,2.982199999999999851e-01,2.582499999999999796e-01,2.320000000000000118e-01,1.900199999999999945e-01,1.527900000000000091e-01,1.681100000000000094e-01,2.041000000000000036e-01,1.360430000000000028e+00,4.710479999999999556e+00,9.162589999999999790e+00,1.376253999999999955e+01
Diameter profile (Å)
9.206149999999999167e+00,6.371900000000000119e+00,5.444029999999999703e+00,5.310514999999999652e+00,5.196089999999999876e+00,5.120630000000000237e+00,5.009089999999999598e+00,4.899910000000000210e+00,4.825750000000000206e+00,4.713899999999999757e+00,4.601689999999999614e+00,4.524600000000000399e+00,4.447980000000000267e+00,4.335210000000000008e+00,4.223959999999999937e+00,4.151600000000000179e+00,4.043715000000000614e+00,3.938530000000000086e+00,3.869250000000000078e+00,3.768415000000000070e+00,3.669439999999999813e+00,3.604950000000000099e+00,3.541399999999999881e+00,3.444740000000000357e+00,3.341029999999999944e+00,3.263329999999999842e+00,3.155590000000000117e+00,3.053770000000000095e+00,2.980659999999999865e+00,2.872980000000000089e+00,2.767430000000000057e+00,2.698490000000000055e+00,2.630739999999999856e+00,2.533570000000000100e+00,2.438759999999999817e+00,2.378049999999999997e+00,2.283384999999999998e+00,2.152690000000000214e+00,2.139860000000000095e+00,2.083040000000000003e+00,2.071279999999999788e+00,2.058949999999999836e+00,2.070770000000000000e+00,2.088795000000000179e+00,2.100950000000000095e+00,2.083520000000000039e+00,2.042534999999999989e+00,1.980739999999999945e+00,1.935890000000000111e+00,1.885774999999999979e+00,1.819660000000000055e+00,1.773900000000000032e+00,1.733959999999999946e+00,1.682805000000000106e+00,1.643000000000000016e+00,1.623860000000000081e+00,1.605840000000000156e+00,1.593820000000000014e+00,1.591460000000000097e+00,1.545840000000000103e+00,1.500150000000000095e+00,1.470560000000000089e+00,1.427489999999999926e+00,1.347360000000000113e+00,1.233670000000000044e+00,1.246590000000000087e+00,1.263014999999999999e+00,1.182730000000000059e+00,1.136919999999999931e+00,1.080589999999999939e+00,1.036399999999999988e+00,1.015879999999999894e+00,1.000720000000000054e+00,9.906850000000000378e-01,9.715399999999999592e-01,9.598700000000000010e-01,9.198049999999999837e-01,8.742199999999999971e-01,8.454300000000000148e-01,8.127599999999999270e-01,7.893000000000000016e-01,7.770700000000000385e-01,7.048999999999999710e-01,6.080699999999999994e-01,5.247800000000000242e-01,4.778399999999999870e-01,4.295950000000000046e-01,4.017800000000000260e-01,3.879500000000000171e-01,3.680849999999999955e-01,3.513200000000000212e-01,3.198199999999999932e-01,2.982199999999999851e-01,2.451249999999999818e-01,1.900199999999999945e-01,1.527900000000000091e-01,1.861050000000000204e-01,1.360430000000000028e+00,4.710479999999999556e+00,1.146256499999999967e+01
Min diameter_profile (Å)
1.527900000000000091e-01
Average Diameter (Å)
3.335900361445783169e+00
Diameter distribution(Å)
1.444862000000000002e+01,1.060200000000000031e+01,7.135760000000000325e+00,4.926239999999999952e+00,4.104099999999999859e+00,3.477250000000000174e+00,3.189099999999999824e+00,2.672200000000000131e+00,2.651250000000000107e+00,2.638269999999999893e+00,2.628229999999999844e+00,2.619829999999999881e+00,2.617820000000000036e+00,2.617410000000000014e+00,2.620000000000000107e+00,2.626419999999999977e+00,2.635829999999999895e+00,2.646500000000000075e+00,2.660099999999999909e+00,2.677999999999999936e+00,2.698350000000000026e+00,2.700779999999999959e+00,2.698879999999999946e+00,2.669680000000000053e+00,2.642500000000000071e+00,2.613649999999999807e+00,2.589090000000000114e+00,2.569980000000000153e+00,2.554689999999999905e+00,2.539769999999999861e+00,2.527890000000000192e+00,2.518159999999999954e+00,2.512309999999999821e+00,2.485630000000000006e+00,2.459509999999999863e+00,2.429600000000000204e+00,2.401609999999999800e+00,2.373580000000000023e+00,2.347780000000000200e+00,2.324860000000000149e+00,2.304819999999999869e+00,2.291180000000000216e+00,2.281680000000000152e+00,2.266519999999999868e+00,2.270239999999999814e+00,2.276349999999999874e+00,2.286439999999999806e+00,2.302329999999999988e+00,2.321180000000000021e+00,2.343220000000000081e+00,2.368129999999999846e+00,2.390550000000000175e+00,2.416300000000000114e+00,2.442930000000000046e+00,2.470209999999999795e+00,2.472259999999999902e+00,2.479019999999999779e+00,2.486470000000000180e+00,2.497040000000000148e+00,2.512430000000000163e+00,2.530949999999999811e+00,2.551639999999999908e+00,2.575260000000000105e+00,2.593020000000000103e+00,2.615930000000000089e+00,2.612150000000000194e+00,2.611400000000000166e+00,2.589119999999999866e+00,2.570710000000000051e+00,2.551649999999999974e+00,2.533539999999999903e+00,2.455979999999999830e+00,2.579470000000000152e+00,2.616709999999999869e+00,2.652750000000000163e+00,2.656489999999999796e+00,2.762280000000000069e+00,3.045450000000000212e+00,4.129190000000000360e+00,5.791909999999999670e+00,8.640019999999999811e+00,1.309337000000000018e+01,1.778820999999999941e+01
Diameter profile (Å)
nan,1.060200000000000031e+01,7.135760000000000325e+00,4.926239999999999952e+00,4.104099999999999859e+00,nan,3.477250000000000174e+00,3.189099999999999824e+00,2.672200000000000131e+00,2.651250000000000107e+00,2.638269999999999893e+00,nan,2.628229999999999844e+00,2.619829999999999881e+00,2.617820000000000036e+00,2.617410000000000014e+00,nan,2.620000000000000107e+00,2.626419999999999977e+00,2.635829999999999895e+00,2.646500000000000075e+00,2.660099999999999909e+00,nan,2.677999999999999936e+00,2.698350000000000026e+00,2.700779999999999959e+00,2.698879999999999946e+00,nan,2.669680000000000053e+00,2.642500000000000071e+00,2.613649999999999807e+00,2.589090000000000114e+00,2.569980000000000153e+00,nan,2.554689999999999905e+00,2.539769999999999861e+00,2.527890000000000192e+00,2.518159999999999954e+00,nan,2.512309999999999821e+00,2.485630000000000006e+00,2.459509999999999863e+00,2.429600000000000204e+00,2.401609999999999800e+00,nan,2.373580000000000023e+00,2.347780000000000200e+00,2.324860000000000149e+00,2.304819999999999869e+00,nan,2.291180000000000216e+00,2.281680000000000152e+00,2.266519999999999868e+00,2.270239999999999814e+00,2.276349999999999874e+00,nan,2.286439999999999806e+00,2.302329999999999988e+00,2.321180000000000021e+00,2.343220000000000081e+00,2.368129999999999846e+00,nan,2.390550000000000175e+00,2.416300000000000114e+00,2.442930000000000046e+00,2.470209999999999795e+00,nan,2.472259999999999902e+00,2.479019999999999779e+00,2.486470000000000180e+00,2.497040000000000148e+00,2.512430000000000163e+00,nan,2.530949999999999811e+00,2.551639999999999908e+00,2.575260000000000105e+00,2.593020000000000103e+00,nan,2.615930000000000089e+00,2.612150000000000194e+00,2.611400000000000166e+00,2.589119999999999866e+00,2.570710000000000051e+00,nan,2.551649999999999974e+00,2.533539999999999903e+00,2.455979999999999830e+00,2.579470000000000152e+00,nan,2.616709999999999869e+00,2.652750000000000163e+00,2.656489999999999796e+00,2.762280000000000069e+00,3.045450000000000212e+00,nan,4.129190000000000360e+00,5.791909999999999670e+00,8.640019999999999811e+00,1.309337000000000018e+01,1.778820999999999941e+01
Min diameter_profile (Å)
nan
Average Diameter (Å)
2.535962558139534639e+00
Diameter distribution(Å)
2.119912000000000063e+01,1.707113000000000014e+01,1.298759000000000086e+01,7.366789999999999949e+00,2.962079999999999824e+00,6.239999999999999991e-01,1.437900000000000011e-01,3.868199999999999972e-01,-6.336999999999999578e-02,-6.529000000000000081e-02,-6.285999999999999921e-02,-6.482000000000000262e-02,-6.042999999999999761e-02,-4.939000000000000334e-02,-3.191999999999999699e-02,-7.919999999999999957e-03,2.301999999999999880e-02,5.929000000000000242e-02,1.015400000000000053e-01,1.124399999999999983e-01,6.855599999999999472e-01,7.104599999999999804e-01,7.390200000000000102e-01,7.699899999999999523e-01,8.042200000000000459e-01,8.424800000000000066e-01,8.837399999999999700e-01,9.312399999999999567e-01,9.803800000000000292e-01,1.027630000000000043e+00,1.076840000000000019e+00,1.114819999999999922e+00,1.157429999999999959e+00,1.205079999999999929e+00,1.257870000000000044e+00,1.316510000000000069e+00,1.380400000000000071e+00,1.447940000000000005e+00,1.520189999999999930e+00,2.385600000000000165e+00,4.847459999999999880e+00,7.713899999999999757e+00,1.161602000000000068e+01
Diameter profile (Å)
nan,nan,1.707113000000000014e+01,nan,1.298759000000000086e+01,nan,nan,7.366789999999999949e+00,nan,2.962079999999999824e+00,nan,6.239999999999999991e-01,nan,nan,1.437900000000000011e-01,nan,3.868199999999999972e-01,nan,nan,-6.336999999999999578e-02,nan,-6.529000000000000081e-02,nan,-6.285999999999999921e-02,nan,nan,-6.482000000000000262e-02,nan,-6.042999999999999761e-02,nan,-4.939000000000000334e-02,nan,nan,-3.191999999999999699e-02,nan,-7.919999999999999957e-03,nan,nan,2.301999999999999880e-02,nan,5.929000000000000242e-02,nan,1.015400000000000053e-01,nan,nan,1.124399999999999983e-01,nan,6.855599999999999472e-01,nan,nan,7.104599999999999804e-01,nan,7.390200000000000102e-01,nan,7.699899999999999523e-01,nan,nan,8.042200000000000459e-01,nan,8.424800000000000066e-01,nan,8.837399999999999700e-01,nan,nan,9.312399999999999567e-01,nan,9.803800000000000292e-01,nan,nan,1.027630000000000043e+00,nan,1.076840000000000019e+00,nan,1.114819999999999922e+00,nan,nan,1.157429999999999959e+00,nan,1.205079999999999929e+00,nan,1.257870000000000044e+00,nan,nan,1.316510000000000069e+00,nan,1.380400000000000071e+00,nan,nan,1.447940000000000005e+00,nan,1.520189999999999930e+00,nan,2.385600000000000165e+00,nan,nan,4.847459999999999880e+00,nan,7.713899999999999757e+00,nan,1.161602000000000068e+01
Min diameter_profile (Å)
nan
Average Diameter (Å)
2.115550594059405931e+00
Diameter distribution(Å)
1.087926000000000037e+01,6.418569999999999887e+00,2.784409999999999830e+00,1.332759999999999945e+00,1.212280000000000024e+00,1.185380000000000100e+00,1.163129999999999997e+00,1.148930000000000007e+00,1.140980000000000105e+00,1.116500000000000048e+00,1.171540000000000026e+00,1.198260000000000103e+00,1.229240000000000110e+00,1.259630000000000027e+00,1.295009999999999994e+00,1.308910000000000018e+00,1.338670000000000027e+00,1.306610000000000049e+00,1.276459999999999928e+00,1.251659999999999995e+00,1.228920000000000012e+00,1.210350000000000037e+00,1.193789999999999907e+00,1.175850000000000062e+00,1.160800000000000054e+00,1.141429999999999945e+00,1.125059999999999949e+00,1.112840000000000051e+00,1.103690000000000060e+00,1.099129999999999940e+00,1.097609999999999975e+00,1.099399999999999933e+00,1.102090000000000014e+00,1.101900000000000102e+00,1.107169999999999987e+00,1.117480000000000029e+00,1.133059999999999956e+00,1.148530000000000051e+00,1.168930000000000025e+00,1.156150000000000011e+00,1.149110000000000076e+00,1.146779999999999911e+00,1.150290000000000035e+00,1.160309999999999953e+00,1.174579999999999957e+00,1.188490000000000046e+00,1.205500000000000016e+00,1.202949999999999964e+00,1.204229999999999912e+00,1.209940000000000015e+00,1.219829999999999970e+00,1.235009999999999941e+00,1.253849999999999909e+00,1.276189999999999936e+00,1.302229999999999999e+00,1.333960000000000035e+00,1.368810000000000082e+00,1.407880000000000020e+00,1.451170000000000071e+00,1.478509999999999991e+00,1.502240000000000020e+00,1.518669999999999964e+00,1.538729999999999931e+00,1.563949999999999951e+00,1.592659999999999965e+00,1.621860000000000079e+00,1.654099999999999904e+00,1.678060000000000107e+00,1.696050000000000058e+00,1.739610000000000101e+00,1.770049999999999901e+00,1.764380000000000059e+00,1.765609999999999902e+00,1.766040000000000054e+00,1.898369999999999891e+00,1.923459999999999948e+00,1.945289999999999964e+00,1.966709999999999958e+00,1.991549999999999931e+00,2.009409999999999918e+00,2.050549999999999873e+00,2.091959999999999820e+00,2.137070000000000025e+00,2.186809999999999921e+00,2.240079999999999849e+00,2.295960000000000001e+00,2.355069999999999997e+00,2.414260000000000073e+00,2.474720000000000031e+00,2.538170000000000037e+00,2.603169999999999984e+00,2.670970000000000066e+00,2.740359999999999907e+00,2.811630000000000074e+00,2.884549999999999947e+00,3.189000000000000057e+00,4.249760000000000204e+00,6.169369999999999798e+00,9.354960000000000164e+00,1.311825999999999937e+01,1.726513999999999882e+01
Diameter profile (Å)
6.418569999999999887e+00,2.784409999999999830e+00,1.332759999999999945e+00,nan,1.198830000000000062e+00,1.163129999999999997e+00,1.148930000000000007e+00,1.140980000000000105e+00,nan,1.144020000000000037e+00,1.198260000000000103e+00,1.229240000000000110e+00,1.259630000000000027e+00,1.295009999999999994e+00,nan,1.323790000000000022e+00,1.306610000000000049e+00,1.276459999999999928e+00,1.251659999999999995e+00,nan,1.219635000000000025e+00,1.193789999999999907e+00,1.175850000000000062e+00,1.160800000000000054e+00,nan,1.133245000000000058e+00,1.112840000000000051e+00,1.103690000000000060e+00,1.099129999999999940e+00,nan,1.098504999999999843e+00,1.102090000000000014e+00,1.101900000000000102e+00,1.107169999999999987e+00,1.117480000000000029e+00,1.133059999999999956e+00,1.148530000000000051e+00,1.168930000000000025e+00,1.156150000000000011e+00,1.149110000000000076e+00,1.146779999999999911e+00,1.150290000000000035e+00,nan,1.167444999999999844e+00,1.188490000000000046e+00,1.205500000000000016e+00,1.202949999999999964e+00,1.204229999999999912e+00,1.209940000000000015e+00,1.219829999999999970e+00,1.235009999999999941e+00,1.253849999999999909e+00,1.276189999999999936e+00,1.302229999999999999e+00,1.333960000000000035e+00,1.368810000000000082e+00,1.407880000000000020e+00,1.451170000000000071e+00,1.478509999999999991e+00,1.502240000000000020e+00,1.518669999999999964e+00,1.538729999999999931e+00,1.563949999999999951e+00,1.592659999999999965e+00,nan,1.637979999999999992e+00,1.678060000000000107e+00,1.696050000000000058e+00,1.739610000000000101e+00,nan,1.767214999999999980e+00,1.765609999999999902e+00,1.766040000000000054e+00,1.898369999999999891e+00,nan,1.934374999999999956e+00,1.966709999999999958e+00,1.991549999999999931e+00,2.009409999999999918e+00,nan,2.050549999999999873e+00,2.114514999999999922e+00,2.186809999999999921e+00,2.240079999999999849e+00,nan,2.295960000000000001e+00,2.384665000000000035e+00,2.474720000000000031e+00,2.538170000000000037e+00,nan,2.603169999999999984e+00,2.705664999999999765e+00,2.811630000000000074e+00,2.884549999999999947e+00,nan,3.719380000000000130e+00,6.169369999999999798e+00,9.354960000000000164e+00,1.311825999999999937e+01,1.726513999999999882e+01
Min diameter_profile (Å)
1.098504999999999843e+00
Average Diameter (Å)
2.648785360824742252e+00
Diameter distribution(Å)
1.481600000000000072e+01,1.052722999999999942e+01,6.414880000000000138e+00,3.317880000000000162e+00,1.891329999999999956e+00,1.752359999999999918e+00,1.743319999999999981e+00,1.681429999999999980e+00,1.625199999999999978e+00,1.575649999999999995e+00,1.531649999999999956e+00,1.476790000000000047e+00,1.458120000000000083e+00,1.425130000000000008e+00,1.412199999999999900e+00,1.394889999999999963e+00,1.401210000000000067e+00,1.389699999999999935e+00,1.387259999999999938e+00,1.386840000000000073e+00,1.380849999999999911e+00,1.347639999999999949e+00,1.315630000000000077e+00,1.281609999999999916e+00,1.250860000000000083e+00,1.224460000000000104e+00,1.202669999999999906e+00,1.186590000000000034e+00,1.174390000000000045e+00,1.167620000000000102e+00,1.165350000000000108e+00,1.151180000000000092e+00,1.134190000000000031e+00,1.112149999999999972e+00,1.093579999999999997e+00,1.063350000000000017e+00,1.072140000000000093e+00,1.079879999999999951e+00,1.093569999999999931e+00,1.107909999999999950e+00,1.128430000000000044e+00,1.156470000000000109e+00,1.189489999999999936e+00,1.216180000000000039e+00,1.246629999999999905e+00,1.279979999999999896e+00,1.315970000000000084e+00,1.358600000000000030e+00,1.404309999999999947e+00,1.443519999999999914e+00,1.484879999999999978e+00,1.546689999999999898e+00,1.611639999999999961e+00,1.666849999999999943e+00,1.723619999999999930e+00,1.762590000000000101e+00,1.806850000000000067e+00,1.855499999999999927e+00,1.909459999999999935e+00,1.949519999999999920e+00,1.985330000000000039e+00,2.019169999999999909e+00,2.055919999999999970e+00,2.094879999999999853e+00,2.136460000000000026e+00,2.156789999999999985e+00,2.179640000000000022e+00,2.174799999999999844e+00,2.176340000000000163e+00,2.185169999999999835e+00,2.199370000000000047e+00,2.222469999999999946e+00,2.252489999999999881e+00,2.289190000000000058e+00,2.330270000000000064e+00,2.380180000000000184e+00,2.436249999999999805e+00,2.464069999999999983e+00,2.510069999999999801e+00,2.551750000000000185e+00,2.596969999999999779e+00,2.641960000000000086e+00,2.690589999999999815e+00,2.718080000000000052e+00,2.758000000000000007e+00,2.804670000000000218e+00,2.858680000000000110e+00,2.905260000000000176e+00,2.957619999999999916e+00,3.041809999999999903e+00,3.095600000000000129e+00,3.508950000000000014e+00,4.672369999999999912e+00,8.324320000000000164e+00,1.239154000000000089e+01,1.698600000000000065e+01,2.190728000000000009e+01
Diameter profile (Å)
nan,1.052722999999999942e+01,6.414880000000000138e+00,3.317880000000000162e+00,1.891329999999999956e+00,1.752359999999999918e+00,1.743319999999999981e+00,1.681429999999999980e+00,1.625199999999999978e+00,1.575649999999999995e+00,1.531649999999999956e+00,1.476790000000000047e+00,1.458120000000000083e+00,1.425130000000000008e+00,1.412199999999999900e+00,1.394889999999999963e+00,1.401210000000000067e+00,1.389699999999999935e+00,1.387259999999999938e+00,1.386840000000000073e+00,1.380849999999999911e+00,1.347639999999999949e+00,1.315630000000000077e+00,1.281609999999999916e+00,1.250860000000000083e+00,nan,1.224460000000000104e+00,1.202669999999999906e+00,1.186590000000000034e+00,1.174390000000000045e+00,1.167620000000000102e+00,1.165350000000000108e+00,1.151180000000000092e+00,1.134190000000000031e+00,1.112149999999999972e+00,1.093579999999999997e+00,1.063350000000000017e+00,1.072140000000000093e+00,1.079879999999999951e+00,1.093569999999999931e+00,1.107909999999999950e+00,1.128430000000000044e+00,1.156470000000000109e+00,1.189489999999999936e+00,1.216180000000000039e+00,1.246629999999999905e+00,1.279979999999999896e+00,1.315970000000000084e+00,1.358600000000000030e+00,1.404309999999999947e+00,nan,1.443519999999999914e+00,1.484879999999999978e+00,1.546689999999999898e+00,1.611639999999999961e+00,1.666849999999999943e+00,1.723619999999999930e+00,1.762590000000000101e+00,1.806850000000000067e+00,1.855499999999999927e+00,1.909459999999999935e+00,1.949519999999999920e+00,1.985330000000000039e+00,2.019169999999999909e+00,2.055919999999999970e+00,2.094879999999999853e+00,2.136460000000000026e+00,2.156789999999999985e+00,2.179640000000000022e+00,2.174799999999999844e+00,2.176340000000000163e+00,2.185169999999999835e+00,2.199370000000000047e+00,2.222469999999999946e+00,2.252489999999999881e+00,nan,2.289190000000000058e+00,2.330270000000000064e+00,2.380180000000000184e+00,2.436249999999999805e+00,2.464069999999999983e+00,2.510069999999999801e+00,2.551750000000000185e+00,2.596969999999999779e+00,2.641960000000000086e+00,2.690589999999999815e+00,2.718080000000000052e+00,2.758000000000000007e+00,2.804670000000000218e+00,2.858680000000000110e+00,2.905260000000000176e+00,2.957619999999999916e+00,3.041809999999999903e+00,3.095600000000000129e+00,3.508950000000000014e+00,4.672369999999999912e+00,8.324320000000000164e+00,1.239154000000000089e+01,1.698600000000000065e+01,2.190728000000000009e+01
Min diameter_profile (Å)
nan
Average Diameter (Å)
4.411594357541898326e+00
Diameter distribution(Å)
1.938022000000000133e+01,1.594788999999999923e+01,1.317750999999999983e+01,1.200957999999999970e+01,1.120290999999999926e+01,1.085590999999999973e+01,1.061040000000000028e+01,1.041970000000000063e+01,1.025001999999999924e+01,1.008951000000000064e+01,9.998580000000000467e+00,9.640219999999999345e+00,9.565680000000000405e+00,9.477159999999999584e+00,9.388249999999999318e+00,9.301589999999999137e+00,9.215920000000000556e+00,9.128019999999999357e+00,9.040469999999999118e+00,8.947549999999999670e+00,8.855259999999999465e+00,8.768729999999999691e+00,8.682510000000000616e+00,8.593750000000000000e+00,8.505340000000000344e+00,8.417030000000000456e+00,8.329129999999999256e+00,8.239620000000000388e+00,8.147729999999999251e+00,8.051800000000000068e+00,7.956190000000000317e+00,7.869069999999999787e+00,7.781200000000000117e+00,7.690039999999999765e+00,7.598519999999999719e+00,7.508600000000000385e+00,7.418370000000000353e+00,7.328579999999999650e+00,7.239130000000000287e+00,7.150190000000000268e+00,7.061230000000000118e+00,6.971890000000000143e+00,6.882929999999999993e+00,6.797250000000000014e+00,6.711999999999999744e+00,6.624179999999999957e+00,6.536739999999999995e+00,6.452180000000000248e+00,6.368030000000000079e+00,6.284110000000000085e+00,6.200700000000000323e+00,6.117259999999999920e+00,6.034259999999999735e+00,5.950700000000000323e+00,5.867499999999999716e+00,5.780649999999999622e+00,5.694200000000000372e+00,5.608959999999999724e+00,5.524169999999999803e+00,5.439359999999999751e+00,5.354800000000000004e+00,5.270789999999999864e+00,5.186589999999999812e+00,5.098849999999999660e+00,5.010390000000000121e+00,4.922789999999999999e+00,4.835449999999999804e+00,4.748479999999999812e+00,4.661810000000000009e+00,4.575639999999999930e+00,4.489869999999999806e+00,4.403870000000000395e+00,4.318109999999999893e+00,4.233329999999999593e+00,4.148859999999999992e+00,4.066519999999999690e+00,3.984290000000000109e+00,3.902190000000000047e+00,3.820429999999999993e+00,3.737119999999999997e+00,3.654139999999999944e+00,3.576360000000000205e+00,3.499410000000000132e+00,3.420539999999999914e+00,3.341909999999999936e+00,3.265719999999999956e+00,3.190259999999999874e+00,3.114510000000000112e+00,3.039600000000000080e+00,2.921549999999999869e+00,2.861839999999999939e+00,2.802610000000000046e+00,2.744829999999999881e+00,2.679190000000000182e+00,2.614850000000000119e+00,2.551579999999999959e+00,2.489679999999999893e+00,2.431119999999999948e+00,2.374260000000000037e+00,2.317649999999999988e+00,2.262560000000000127e+00,2.212479999999999780e+00,2.164219999999999811e+00,2.116699999999999804e+00,2.071540000000000159e+00,2.029079999999999995e+00,1.988669999999999938e+00,1.929610000000000047e+00,1.872519999999999962e+00,1.816389999999999949e+00,1.763149999999999995e+00,1.704669999999999908e+00,1.647839999999999971e+00,1.570619999999999905e+00,1.494289999999999896e+00,1.420760000000000023e+00,1.348400000000000043e+00,1.272680000000000033e+00,1.195759999999999934e+00,1.124279999999999946e+00,1.053960000000000008e+00,9.858200000000000296e-01,9.206600000000000339e-01,8.586899999999999533e-01,8.003599999999999604e-01,3.005599999999999938e-01,4.862600000000000255e-01,4.637600000000000056e-01,4.469099999999999739e-01,4.356900000000000217e-01,4.301200000000000023e-01,4.312400000000000122e-01,4.345600000000000018e-01,4.512900000000000245e-01,4.678599999999999981e-01,4.666000000000000147e-01,5.681300000000000239e-01,5.816900000000000404e-01,6.054399999999999782e-01,6.357099999999999973e-01,6.837100000000000399e-01,6.924299999999999899e-01,7.048600000000000421e-01,6.842399999999999594e-01,6.989600000000000257e-01,7.115599999999999703e-01,7.364199999999999635e-01,7.685800000000000409e-01,8.110899999999999777e-01,8.389900000000000135e-01,8.756599999999999939e-01,8.905499999999999527e-01,9.103900000000000325e-01,9.368900000000000006e-01,9.681999999999999496e-01,8.766899999999999693e-01,1.160430000000000073e+00,1.215149999999999952e+00,1.271670000000000078e+00,1.303790000000000004e+00,1.338799999999999990e+00,1.352309999999999901e+00,1.368889999999999940e+00,1.382619999999999960e+00,1.398810000000000109e+00,1.297479999999999967e+00,1.550030000000000019e+00,1.600279999999999925e+00,1.651200000000000001e+00,1.681149999999999922e+00,1.763980000000000103e+00,1.779300000000000104e+00,1.794119999999999937e+00,2.092979999999999841e+00,3.445399999999999796e+00,6.654770000000000074e+00,9.728210000000000690e+00,1.343640000000000079e+01,1.743890000000000029e+01
Diameter profile (Å)
1.594788999999999923e+01,1.259354499999999888e+01,1.102940999999999860e+01,1.051505000000000045e+01,1.025001999999999924e+01,1.004404500000000056e+01,9.602949999999999875e+00,9.432704999999998563e+00,9.258755000000000734e+00,9.128019999999999357e+00,8.994009999999999394e+00,8.811994999999999578e+00,8.638130000000000308e+00,8.505340000000000344e+00,8.373079999999999856e+00,8.193674999999998931e+00,8.003994999999999749e+00,7.825134999999999508e+00,7.690039999999999765e+00,7.553560000000000052e+00,7.373475000000000001e+00,7.194660000000000721e+00,7.061230000000000118e+00,6.927410000000000068e+00,6.754624999999999879e+00,6.580460000000000420e+00,6.410104999999999720e+00,6.284110000000000085e+00,6.158979999999999677e+00,5.992480000000000473e+00,5.824074999999999669e+00,5.694200000000000372e+00,5.566564999999999763e+00,5.397079999999999878e+00,5.228690000000000282e+00,5.054619999999999891e+00,4.922789999999999999e+00,4.791964999999999364e+00,4.618724999999999525e+00,4.446870000000000545e+00,4.318109999999999893e+00,4.191094999999999793e+00,4.025405000000000122e+00,3.861310000000000020e+00,3.695629999999999971e+00,3.576360000000000205e+00,3.459975000000000023e+00,3.303815000000000168e+00,3.152384999999999771e+00,2.980574999999999974e+00,2.861839999999999939e+00,2.773719999999999963e+00,2.647020000000000373e+00,2.520629999999999704e+00,2.431119999999999948e+00,2.345955000000000013e+00,2.237519999999999953e+00,2.140460000000000029e+00,2.050310000000000077e+00,1.988669999999999938e+00,1.901065000000000005e+00,1.789769999999999861e+00,1.676254999999999828e+00,1.570619999999999905e+00,1.457524999999999959e+00,1.310540000000000038e+00,1.160019999999999829e+00,1.019889999999999963e+00,9.206600000000000339e-01,8.295249999999999568e-01,3.934100000000000374e-01,4.553349999999999898e-01,4.356900000000000217e-01,4.306800000000000073e-01,4.429250000000000131e-01,4.672300000000000342e-01,5.749100000000000321e-01,6.054399999999999782e-01,6.597100000000000186e-01,6.986449999999999605e-01,6.915999999999999925e-01,7.115599999999999703e-01,7.524999999999999467e-01,8.250399999999999956e-01,8.831050000000000288e-01,9.236400000000000166e-01,9.681999999999999496e-01,1.018559999999999910e+00,1.243409999999999904e+00,1.321295000000000108e+00,1.352309999999999901e+00,1.375754999999999839e+00,1.348145000000000149e+00,1.575155000000000083e+00,1.666174999999999962e+00,1.763980000000000103e+00,1.786710000000000020e+00,2.769190000000000040e+00,8.191489999999999938e+00,1.543765000000000143e+01
Min diameter_profile (Å)
3.934100000000000374e-01
Average Diameter (Å)
2.030537415730337525e+00
Diameter distribution(Å)
1.257302999999999926e+01,7.579550000000000232e+00,3.318810000000000038e+00,9.846799999999999997e-01,4.012100000000000111e-01,4.034699999999999953e-01,4.151000000000000245e-01,3.301100000000000145e-01,4.318000000000000171e-01,4.809999999999999831e-01,5.349000000000000421e-01,5.213299999999999601e-01,5.146899999999999809e-01,5.138099999999999890e-01,5.199899999999999523e-01,5.306100000000000261e-01,5.477899999999999991e-01,5.691300000000000248e-01,5.936399999999999455e-01,3.323699999999999988e-01,3.755999999999999894e-01,4.216099999999999848e-01,7.237099999999999644e-01,7.469200000000000284e-01,7.760099999999999776e-01,7.896900000000000031e-01,8.085200000000000164e-01,7.974400000000000377e-01,7.907100000000000239e-01,7.894700000000000051e-01,7.915499999999999758e-01,7.988800000000000345e-01,8.110199999999999632e-01,8.146099999999999453e-01,8.231300000000000283e-01,8.175000000000000044e-01,8.147400000000000198e-01,8.093299999999999939e-01,8.082200000000000495e-01,8.039199999999999680e-01,8.033799999999999830e-01,8.042500000000000204e-01,8.089499999999999469e-01,8.182700000000000529e-01,8.318100000000000493e-01,8.476200000000000401e-01,8.673499999999999543e-01,8.838000000000000300e-01,9.038800000000000168e-01,9.254200000000000204e-01,9.506200000000000205e-01,9.809799999999999631e-01,1.016070000000000029e+00,1.053670000000000107e+00,1.094200000000000061e+00,1.140919999999999934e+00,1.190499999999999892e+00,1.242669999999999941e+00,1.296890000000000098e+00,1.354910000000000059e+00,1.413040000000000074e+00,1.477689999999999948e+00,1.541369999999999907e+00,1.608600000000000030e+00,1.678190000000000071e+00,1.748729999999999896e+00,1.820719999999999894e+00,1.894709999999999894e+00,1.969759999999999955e+00,2.046489999999999920e+00,2.124420000000000197e+00,2.201740000000000030e+00,2.278200000000000003e+00,2.362200000000000077e+00,2.446779999999999955e+00,2.530580000000000052e+00,2.615200000000000191e+00,2.697900000000000187e+00,2.781229999999999869e+00,2.870010000000000172e+00,2.958299999999999930e+00,2.996869999999999923e+00,3.412630000000000052e+00,3.494219999999999882e+00,4.225730000000000430e+00,6.869869999999999699e+00,1.034749000000000052e+01,1.587959999999999994e+01,2.139979999999999905e+01
Diameter profile (Å)
nan,7.579550000000000232e+00,3.318810000000000038e+00,9.846799999999999997e-01,4.012100000000000111e-01,4.034699999999999953e-01,4.151000000000000245e-01,3.301100000000000145e-01,nan,4.318000000000000171e-01,4.809999999999999831e-01,5.349000000000000421e-01,5.213299999999999601e-01,5.146899999999999809e-01,5.138099999999999890e-01,5.199899999999999523e-01,nan,5.306100000000000261e-01,5.477899999999999991e-01,5.691300000000000248e-01,5.936399999999999455e-01,3.323699999999999988e-01,3.755999999999999894e-01,4.216099999999999848e-01,7.237099999999999644e-01,nan,7.469200000000000284e-01,7.760099999999999776e-01,7.896900000000000031e-01,8.085200000000000164e-01,7.974400000000000377e-01,7.907100000000000239e-01,7.894700000000000051e-01,nan,7.915499999999999758e-01,7.988800000000000345e-01,8.110199999999999632e-01,8.146099999999999453e-01,8.231300000000000283e-01,8.175000000000000044e-01,8.147400000000000198e-01,nan,8.093299999999999939e-01,8.082200000000000495e-01,8.039199999999999680e-01,8.033799999999999830e-01,8.042500000000000204e-01,8.089499999999999469e-01,8.182700000000000529e-01,8.318100000000000493e-01,nan,8.476200000000000401e-01,8.673499999999999543e-01,8.838000000000000300e-01,9.038800000000000168e-01,9.254200000000000204e-01,9.506200000000000205e-01,9.809799999999999631e-01,nan,1.016070000000000029e+00,1.053670000000000107e+00,1.094200000000000061e+00,1.140919999999999934e+00,1.190499999999999892e+00,1.242669999999999941e+00,1.296890000000000098e+00,nan,1.354910000000000059e+00,1.413040000000000074e+00,1.477689999999999948e+00,1.541369999999999907e+00,1.608600000000000030e+00,1.678190000000000071e+00,1.748729999999999896e+00,1.820719999999999894e+00,nan,1.894709999999999894e+00,1.969759999999999955e+00,2.046489999999999920e+00,2.124420000000000197e+00,2.201740000000000030e+00,2.278200000000000003e+00,2.362200000000000077e+00,nan,2.446779999999999955e+00,2.530580000000000052e+00,2.615200000000000191e+00,2.697900000000000187e+00,2.781229999999999869e+00,2.870010000000000172e+00,2.958299999999999930e+00,nan,2.996869999999999923e+00,3.412630000000000052e+00,3.494219999999999882e+00,4.225730000000000430e+00,6.869869999999999699e+00,1.034749000000000052e+01,1.587959999999999994e+01,2.139979999999999905e+01
Min diameter_profile (Å)
nan
Average Diameter (Å)
2.497397676767676877e+00
Diameter distribution(Å)
1.787779000000000096e+01,1.309769999999999968e+01,8.424250000000000682e+00,3.556119999999999948e+00,6.903599999999999737e-01,5.100099999999999634e-01,5.464200000000000168e-01,4.838500000000000023e-01,4.252699999999999814e-01,-3.334000000000000158e-02,1.437100000000000044e-01,1.182200000000000056e-01,9.700999999999999901e-02,7.890999999999999404e-02,6.611000000000000210e-02,6.033999999999999780e-02,6.147999999999999993e-02,7.012000000000000177e-02,8.637999999999999845e-02,1.101000000000000034e-01,1.410700000000000010e-01,1.401900000000000091e-01,1.578199999999999881e-01,2.182699999999999918e-01,2.710099999999999731e-01,3.405799999999999939e-01,4.060400000000000120e-01,4.648800000000000154e-01,5.259800000000000031e-01,5.921399999999999997e-01,6.599199999999999511e-01,7.080800000000000427e-01,7.604199999999999848e-01,8.101399999999999713e-01,8.644600000000000062e-01,9.102599999999999580e-01,9.606200000000000294e-01,1.016550000000000065e+00,1.078789999999999916e+00,1.147189999999999932e+00,1.220460000000000100e+00,1.286950000000000038e+00,1.354740000000000055e+00,1.394390000000000018e+00,1.438450000000000006e+00,1.486860000000000070e+00,1.539539999999999909e+00,1.593660000000000077e+00,1.653499999999999970e+00,1.705619999999999914e+00,1.761479999999999935e+00,1.778540000000000010e+00,1.796130000000000004e+00,1.819720000000000004e+00,1.845939999999999914e+00,1.873899999999999899e+00,1.904390000000000027e+00,1.927009999999999890e+00,1.964460000000000095e+00,1.983889999999999931e+00,2.003550000000000164e+00,1.931249999999999911e+00,2.292949999999999822e+00,2.350550000000000139e+00,2.411570000000000213e+00,2.474450000000000038e+00,2.541150000000000020e+00,2.607839999999999936e+00,2.704899999999999860e+00,2.777130000000000098e+00,2.879030000000000200e+00,2.971229999999999816e+00,3.063320000000000043e+00,3.159520000000000106e+00,3.255440000000000111e+00,3.336539999999999839e+00,3.418649999999999967e+00,3.501069999999999904e+00,3.585139999999999993e+00,3.661399999999999988e+00,3.738820000000000032e+00,3.815080000000000027e+00,3.892520000000000202e+00,3.966439999999999966e+00,4.041050000000000253e+00,4.116469999999999629e+00,4.193100000000000271e+00,4.271090000000000053e+00,4.349479999999999791e+00,4.429429999999999978e+00,4.510239999999999583e+00,4.592089999999999783e+00,4.673960000000000115e+00,4.757130000000000081e+00,4.841050000000000075e+00,5.125479999999999592e+00,6.594699999999999562e+00,9.467169999999999419e+00,1.296554000000000073e+01
Diameter profile (Å)
nan,1.309769999999999968e+01,8.424250000000000682e+00,3.556119999999999948e+00,6.903599999999999737e-01,5.100099999999999634e-01,5.464200000000000168e-01,4.838500000000000023e-01,4.252699999999999814e-01,-3.334000000000000158e-02,1.437100000000000044e-01,1.182200000000000056e-01,9.700999999999999901e-02,7.890999999999999404e-02,6.611000000000000210e-02,6.033999999999999780e-02,6.147999999999999993e-02,7.012000000000000177e-02,8.637999999999999845e-02,1.101000000000000034e-01,1.410700000000000010e-01,1.401900000000000091e-01,1.578199999999999881e-01,2.182699999999999918e-01,2.710099999999999731e-01,3.405799999999999939e-01,4.060400000000000120e-01,4.648800000000000154e-01,5.259800000000000031e-01,5.921399999999999997e-01,6.599199999999999511e-01,7.080800000000000427e-01,7.604199999999999848e-01,8.101399999999999713e-01,8.644600000000000062e-01,9.102599999999999580e-01,9.606200000000000294e-01,1.016550000000000065e+00,1.078789999999999916e+00,1.147189999999999932e+00,1.220460000000000100e+00,1.286950000000000038e+00,1.354740000000000055e+00,1.394390000000000018e+00,1.438450000000000006e+00,1.486860000000000070e+00,1.539539999999999909e+00,1.593660000000000077e+00,1.653499999999999970e+00,1.705619999999999914e+00,nan,1.761479999999999935e+00,1.778540000000000010e+00,1.796130000000000004e+00,1.819720000000000004e+00,1.845939999999999914e+00,1.873899999999999899e+00,1.904390000000000027e+00,1.927009999999999890e+00,1.964460000000000095e+00,1.983889999999999931e+00,2.003550000000000164e+00,1.931249999999999911e+00,2.292949999999999822e+00,2.350550000000000139e+00,2.411570000000000213e+00,2.474450000000000038e+00,2.541150000000000020e+00,2.607839999999999936e+00,2.704899999999999860e+00,2.777130000000000098e+00,2.879030000000000200e+00,2.971229999999999816e+00,3.063320000000000043e+00,3.159520000000000106e+00,3.255440000000000111e+00,3.336539999999999839e+00,3.418649999999999967e+00,3.501069999999999904e+00,3.585139999999999993e+00,3.661399999999999988e+00,3.738820000000000032e+00,3.815080000000000027e+00,3.892520000000000202e+00,3.966439999999999966e+00,4.041050000000000253e+00,4.116469999999999629e+00,4.193100000000000271e+00,4.271090000000000053e+00,4.349479999999999791e+00,4.429429999999999978e+00,4.510239999999999583e+00,4.592089999999999783e+00,4.673960000000000115e+00,4.757130000000000081e+00,4.841050000000000075e+00,5.125479999999999592e+00,6.594699999999999562e+00,9.467169999999999419e+00,1.296554000000000073e+01
Min diameter_profile (Å)
nan
Average Diameter (Å)
2.695642340425531636e+00
Diameter distribution(Å)
1.660821999999999932e+01,1.160421999999999976e+01,6.728699999999999903e+00,2.770129999999999981e+00,5.236399999999999944e-01,6.703000000000000624e-02,2.520100000000000118e-01,2.588099999999999845e-01,2.736999999999999988e-01,2.866400000000000059e-01,3.070200000000000151e-01,3.317100000000000048e-01,3.605700000000000016e-01,3.828199999999999936e-01,4.098800000000000221e-01,4.406999999999999806e-01,4.759599999999999942e-01,5.154900000000000038e-01,5.583700000000000330e-01,6.062300000000000466e-01,6.565800000000000525e-01,6.938800000000000523e-01,7.309099999999999486e-01,7.580900000000000416e-01,7.897300000000000431e-01,8.160199999999999676e-01,8.470499999999999696e-01,8.840299999999999825e-01,9.253200000000000314e-01,9.632600000000000051e-01,1.005779999999999896e+00,1.044450000000000101e+00,1.083469999999999933e+00,1.069989999999999997e+00,1.161750000000000060e+00,1.223379999999999912e+00,1.288180000000000103e+00,1.355629999999999891e+00,1.425959999999999894e+00,1.410760000000000014e+00,1.778780000000000028e+00,2.023120000000000029e+00,2.444010000000000016e+00,6.515069999999999695e+00,1.151121999999999979e+01,1.665369000000000099e+01,2.187322999999999951e+01
Diameter profile (Å)
nan,nan,1.160421999999999976e+01,nan,6.728699999999999903e+00,nan,2.770129999999999981e+00,nan,5.236399999999999944e-01,nan,6.703000000000000624e-02,nan,nan,2.520100000000000118e-01,nan,2.588099999999999845e-01,nan,2.736999999999999988e-01,nan,2.866400000000000059e-01,nan,3.070200000000000151e-01,nan,3.317100000000000048e-01,nan,nan,3.605700000000000016e-01,nan,3.828199999999999936e-01,nan,4.098800000000000221e-01,nan,4.406999999999999806e-01,nan,4.759599999999999942e-01,nan,5.154900000000000038e-01,nan,nan,5.583700000000000330e-01,nan,6.062300000000000466e-01,nan,6.565800000000000525e-01,nan,6.938800000000000523e-01,nan,7.309099999999999486e-01,nan,nan,7.580900000000000416e-01,nan,7.897300000000000431e-01,nan,8.160199999999999676e-01,nan,8.470499999999999696e-01,nan,8.840299999999999825e-01,nan,9.253200000000000314e-01,nan,nan,9.632600000000000051e-01,nan,1.005779999999999896e+00,nan,1.044450000000000101e+00,nan,1.083469999999999933e+00,nan,1.069989999999999997e+00,nan,1.161750000000000060e+00,nan,nan,1.223379999999999912e+00,nan,1.288180000000000103e+00,nan,1.355629999999999891e+00,nan,1.425959999999999894e+00,nan,1.410760000000000014e+00,nan,1.778780000000000028e+00,nan,nan,2.023120000000000029e+00,nan,2.444010000000000016e+00,nan,6.515069999999999695e+00,nan,1.151121999999999979e+01,nan,1.665369000000000099e+01,nan,2.187322999999999951e+01
Min diameter_profile (Å)
nan
Average Diameter (Å)
2.700296585365853819e+00
Diameter distribution(Å)
1.492981999999999942e+01,1.098953999999999986e+01,7.705339999999999634e+00,5.737899999999999778e+00,5.655439999999999579e+00,5.565760000000000041e+00,5.475939999999999586e+00,5.385480000000000267e+00,5.295320000000000249e+00,5.206120000000000303e+00,5.117280000000000051e+00,5.028769999999999740e+00,4.940450000000000230e+00,4.852870000000000239e+00,4.765480000000000160e+00,4.677940000000000431e+00,4.590650000000000119e+00,4.505029999999999646e+00,4.419649999999999856e+00,4.334629999999999761e+00,4.250130000000000408e+00,4.166459999999999830e+00,4.082970000000000432e+00,3.999659999999999993e+00,3.916329999999999867e+00,3.833470000000000155e+00,3.750609999999999999e+00,3.669690000000000119e+00,3.589360000000000106e+00,3.507940000000000058e+00,3.427150000000000141e+00,3.350080000000000169e+00,3.273919999999999941e+00,3.197869999999999990e+00,3.122829999999999995e+00,3.049059999999999881e+00,2.975200000000000067e+00,2.904180000000000206e+00,2.833590000000000053e+00,2.763269999999999893e+00,2.692470000000000141e+00,2.605780000000000207e+00,2.519690000000000207e+00,2.433390000000000164e+00,2.347879999999999967e+00,2.265029999999999877e+00,2.183320000000000149e+00,2.101929999999999854e+00,2.021790000000000198e+00,1.942120000000000068e+00,1.863830000000000098e+00,1.784710000000000019e+00,1.707030000000000047e+00,1.635569999999999968e+00,1.566189999999999971e+00,1.496490000000000098e+00,1.427810000000000024e+00,1.357199999999999962e+00,1.287379999999999969e+00,1.049369999999999914e+00,1.113669999999999938e+00,1.064300000000000024e+00,1.018410000000000037e+00,9.755700000000000482e-01,9.363500000000000156e-01,8.972799999999999665e-01,8.629900000000000349e-01,8.237700000000000022e-01,7.875799999999999468e-01,7.434199999999999697e-01,7.035900000000000487e-01,6.881800000000000139e-01,6.808800000000000407e-01,6.602099999999999635e-01,6.435400000000000009e-01,6.307399999999999674e-01,6.208700000000000330e-01,6.169299999999999784e-01,6.159499999999999975e-01,6.156099999999999905e-01,6.195399999999999796e-01,6.130900000000000238e-01,6.163899999999999935e-01,6.226800000000000113e-01,6.311200000000000143e-01,6.449000000000000288e-01,6.624700000000000033e-01,6.796200000000000019e-01,6.999499999999999611e-01,6.955400000000000471e-01,6.956400000000000361e-01,6.995099999999999651e-01,7.076400000000000468e-01,7.106000000000000094e-01,7.238099999999999534e-01,7.333199999999999719e-01,7.480999999999999872e-01,7.670099999999999696e-01,7.908800000000000274e-01,8.199100000000000277e-01,8.535899999999999599e-01,8.903600000000000403e-01,9.307600000000000318e-01,9.762999999999999456e-01,1.025470000000000104e+00,1.078040000000000109e+00,1.133340000000000014e+00,1.193780000000000063e+00,1.256469999999999976e+00,1.320950000000000069e+00,1.387289999999999912e+00,1.449789999999999912e+00,1.514510000000000023e+00,1.579630000000000090e+00,1.646330000000000071e+00,1.713689999999999936e+00,1.783819999999999961e+00,1.832959999999999923e+00,2.552740000000000009e+00,5.785700000000000287e+00,9.976069999999999993e+00,1.453209999999999980e+01,1.900907000000000124e+01
Diameter profile (Å)
1.098953999999999986e+01,7.705339999999999634e+00,5.737899999999999778e+00,5.655439999999999579e+00,5.520849999999999369e+00,5.385480000000000267e+00,5.295320000000000249e+00,5.206120000000000303e+00,5.117280000000000051e+00,4.984609999999999985e+00,4.852870000000000239e+00,4.765480000000000160e+00,4.677940000000000431e+00,4.547839999999999883e+00,4.419649999999999856e+00,4.334629999999999761e+00,4.250130000000000408e+00,4.166459999999999830e+00,4.041314999999999991e+00,3.916329999999999867e+00,3.833470000000000155e+00,3.750609999999999999e+00,3.629525000000000112e+00,3.507940000000000058e+00,3.427150000000000141e+00,3.350080000000000169e+00,3.273919999999999941e+00,3.160350000000000215e+00,3.049059999999999881e+00,2.975200000000000067e+00,2.904180000000000206e+00,2.798429999999999751e+00,2.692470000000000141e+00,2.605780000000000207e+00,2.519690000000000207e+00,2.433390000000000164e+00,2.306454999999999700e+00,2.183320000000000149e+00,2.101929999999999854e+00,2.021790000000000198e+00,1.902975000000000083e+00,1.784710000000000019e+00,1.707030000000000047e+00,1.635569999999999968e+00,1.566189999999999971e+00,1.462150000000000061e+00,1.357199999999999962e+00,1.287379999999999969e+00,1.049369999999999914e+00,1.113669999999999938e+00,1.041355000000000031e+00,9.755700000000000482e-01,9.363500000000000156e-01,8.972799999999999665e-01,8.433800000000000185e-01,7.875799999999999468e-01,7.434199999999999697e-01,7.035900000000000487e-01,6.881800000000000139e-01,6.705449999999999466e-01,6.435400000000000009e-01,6.307399999999999674e-01,6.208700000000000330e-01,6.164399999999999880e-01,6.156099999999999905e-01,6.195399999999999796e-01,6.130900000000000238e-01,6.163899999999999935e-01,6.269000000000000128e-01,6.449000000000000288e-01,6.624700000000000033e-01,6.796200000000000019e-01,6.977450000000000596e-01,6.956400000000000361e-01,6.995099999999999651e-01,7.076400000000000468e-01,7.106000000000000094e-01,7.285649999999999071e-01,7.480999999999999872e-01,7.670099999999999696e-01,7.908800000000000274e-01,8.367499999999999938e-01,8.903600000000000403e-01,9.307600000000000318e-01,9.762999999999999456e-01,1.025470000000000104e+00,1.105690000000000062e+00,1.193780000000000063e+00,1.256469999999999976e+00,1.320950000000000069e+00,1.418539999999999912e+00,1.514510000000000023e+00,1.579630000000000090e+00,1.646330000000000071e+00,1.713689999999999936e+00,1.808389999999999942e+00,2.552740000000000009e+00,5.785700000000000287e+00,9.976069999999999993e+00,1.677058500000000052e+01
Min diameter_profile (Å)
6.130900000000000238e-01
Average Diameter (Å)
2.624293442622950501e+00
Diameter distribution(Å)
1.715493000000000023e+01,1.218941000000000052e+01,7.368400000000000283e+00,3.780969999999999942e+00,1.957389999999999963e+00,1.776829999999999909e+00,1.803790000000000004e+00,1.739989999999999926e+00,1.681380000000000097e+00,1.628670000000000062e+00,1.582109999999999905e+00,1.539560000000000040e+00,1.503270000000000106e+00,1.466390000000000082e+00,1.433529999999999971e+00,1.401710000000000012e+00,1.374149999999999983e+00,1.353509999999999991e+00,1.336980000000000057e+00,1.319209999999999994e+00,1.305770000000000097e+00,1.291130000000000111e+00,1.282710000000000017e+00,1.247589999999999977e+00,1.216329999999999911e+00,1.177880000000000038e+00,1.141929999999999890e+00,1.109879999999999978e+00,1.082310000000000105e+00,1.053369999999999918e+00,1.026929999999999898e+00,1.006850000000000023e+00,9.895000000000000462e-01,9.632399999999999851e-01,9.425700000000000189e-01,9.239699999999999580e-01,9.127600000000000158e-01,9.051500000000000101e-01,9.046699999999999742e-01,9.136600000000000277e-01,9.291399999999999659e-01,9.434399999999999453e-01,9.622000000000000552e-01,9.749400000000000288e-01,9.931400000000000228e-01,1.018340000000000023e+00,1.050710000000000033e+00,1.087309999999999999e+00,1.130640000000000089e+00,1.178399999999999892e+00,1.232599999999999918e+00,1.292110000000000092e+00,1.357560000000000100e+00,1.425310000000000077e+00,1.495400000000000063e+00,1.474830000000000085e+00,2.629849999999999799e+00,6.106279999999999930e+00,1.021245000000000047e+01,1.529742000000000068e+01,2.049944999999999951e+01
Diameter profile (Å)
nan,1.218941000000000052e+01,nan,7.368400000000000283e+00,3.780969999999999942e+00,nan,1.957389999999999963e+00,nan,1.776829999999999909e+00,1.803790000000000004e+00,nan,1.739989999999999926e+00,nan,1.681380000000000097e+00,nan,1.628670000000000062e+00,1.582109999999999905e+00,nan,1.539560000000000040e+00,nan,1.503270000000000106e+00,1.466390000000000082e+00,nan,1.433529999999999971e+00,1.401710000000000012e+00,nan,1.374149999999999983e+00,nan,1.353509999999999991e+00,nan,1.336980000000000057e+00,1.319209999999999994e+00,nan,1.305770000000000097e+00,1.291130000000000111e+00,nan,1.282710000000000017e+00,nan,1.247589999999999977e+00,1.216329999999999911e+00,nan,1.177880000000000038e+00,nan,1.141929999999999890e+00,nan,1.109879999999999978e+00,1.082310000000000105e+00,nan,1.053369999999999918e+00,1.026929999999999898e+00,nan,1.006850000000000023e+00,nan,9.895000000000000462e-01,nan,9.632399999999999851e-01,9.425700000000000189e-01,nan,9.239699999999999580e-01,nan,9.127600000000000158e-01,9.051500000000000101e-01,nan,9.046699999999999742e-01,9.136600000000000277e-01,nan,9.291399999999999659e-01,nan,9.434399999999999453e-01,9.622000000000000552e-01,nan,9.749400000000000288e-01,nan,9.931400000000000228e-01,1.018340000000000023e+00,nan,1.050710000000000033e+00,nan,1.087309999999999999e+00,nan,1.130640000000000089e+00,1.178399999999999892e+00,nan,1.232599999999999918e+00,nan,1.292110000000000092e+00,1.357560000000000100e+00,nan,1.425310000000000077e+00,nan,1.495400000000000063e+00,1.474830000000000085e+00,nan,2.629849999999999799e+00,6.106279999999999930e+00,nan,1.021245000000000047e+01,nan,1.529742000000000068e+01,2.049944999999999951e+01
Min diameter_profile (Å)
nan
Average Diameter (Å)
3.608030289855072681e+00
Diameter distribution(Å)
2.170310999999999879e+01,1.693532000000000082e+01,1.238438999999999979e+01,8.523749999999999716e+00,5.733249999999999957e+00,4.710180000000000256e+00,3.744619999999999838e+00,3.278849999999999820e+00,3.284199999999999786e+00,3.216610000000000191e+00,3.149750000000000050e+00,3.084630000000000205e+00,3.020849999999999813e+00,2.960080000000000044e+00,2.900689999999999991e+00,2.840100000000000069e+00,2.781340000000000146e+00,2.726119999999999877e+00,2.672439999999999927e+00,2.053310000000000191e+00,1.910209999999999964e+00,1.874379999999999935e+00,1.842109999999999914e+00,1.812079999999999913e+00,1.786920000000000064e+00,1.768969999999999931e+00,1.756289999999999907e+00,1.746930000000000094e+00,1.742969999999999908e+00,1.740979999999999972e+00,1.734660000000000091e+00,1.733209999999999917e+00,1.736220000000000097e+00,1.738730000000000109e+00,1.749770000000000048e+00,1.748939999999999939e+00,1.758860000000000090e+00,1.778119999999999923e+00,1.814019999999999966e+00,1.807420000000000027e+00,1.804429999999999978e+00,1.790790000000000104e+00,1.781290000000000040e+00,1.775919999999999943e+00,1.774610000000000021e+00,1.776559999999999917e+00,1.781190000000000051e+00,1.791169999999999929e+00,1.803169999999999940e+00,1.819499999999999895e+00,1.837779999999999969e+00,1.859969999999999901e+00,1.885380000000000056e+00,1.914889999999999981e+00,1.947580000000000089e+00,1.983479999999999910e+00,2.022320000000000118e+00,2.065399999999999903e+00,2.109119999999999884e+00,2.157329999999999970e+00,2.207160000000000011e+00,2.260349999999999859e+00,2.314900000000000180e+00,2.176089999999999858e+00,3.748569999999999958e+00,6.387340000000000018e+00,1.004024000000000072e+01,1.488383999999999929e+01,1.996834000000000131e+01
Diameter profile (Å)
nan,1.693532000000000082e+01,1.238438999999999979e+01,nan,8.523749999999999716e+00,5.733249999999999957e+00,nan,4.710180000000000256e+00,3.744619999999999838e+00,nan,3.278849999999999820e+00,3.284199999999999786e+00,nan,3.216610000000000191e+00,3.149750000000000050e+00,nan,3.084630000000000205e+00,3.020849999999999813e+00,nan,2.960080000000000044e+00,2.900689999999999991e+00,nan,2.840100000000000069e+00,2.781340000000000146e+00,2.726119999999999877e+00,nan,2.672439999999999927e+00,2.053310000000000191e+00,nan,1.910209999999999964e+00,1.874379999999999935e+00,nan,1.842109999999999914e+00,1.812079999999999913e+00,nan,1.786920000000000064e+00,1.768969999999999931e+00,nan,1.756289999999999907e+00,1.746930000000000094e+00,nan,1.742969999999999908e+00,1.740979999999999972e+00,nan,1.734660000000000091e+00,1.733209999999999917e+00,nan,1.736220000000000097e+00,1.738730000000000109e+00,1.749770000000000048e+00,nan,1.748939999999999939e+00,1.758860000000000090e+00,nan,1.778119999999999923e+00,1.814019999999999966e+00,nan,1.807420000000000027e+00,1.804429999999999978e+00,nan,1.790790000000000104e+00,1.781290000000000040e+00,nan,1.775919999999999943e+00,1.774610000000000021e+00,nan,1.776559999999999917e+00,1.781190000000000051e+00,nan,1.791169999999999929e+00,1.803169999999999940e+00,nan,1.819499999999999895e+00,1.837779999999999969e+00,1.859969999999999901e+00,nan,1.885380000000000056e+00,1.914889999999999981e+00,nan,1.947580000000000089e+00,1.983479999999999910e+00,nan,2.022320000000000118e+00,2.065399999999999903e+00,nan,2.109119999999999884e+00,2.157329999999999970e+00,nan,2.207160000000000011e+00,2.260349999999999859e+00,nan,2.314900000000000180e+00,2.176089999999999858e+00,nan,3.748569999999999958e+00,6.387340000000000018e+00,nan,1.004024000000000072e+01,1.488383999999999929e+01,1.996834000000000131e+01
Min diameter_profile (Å)
nan
Average Diameter (Å)
2.098192950819671942e+00
Diameter distribution(Å)
1.474266000000000076e+01,9.464980000000000615e+00,4.688100000000000378e+00,2.958320000000000061e+00,2.449879999999999836e+00,1.632740000000000080e+00,1.622579999999999911e+00,1.602260000000000018e+00,1.584819999999999895e+00,1.530520000000000103e+00,1.471389999999999976e+00,1.410639999999999894e+00,1.352400000000000047e+00,1.298229999999999995e+00,1.246599999999999930e+00,1.197829999999999950e+00,1.152069999999999927e+00,1.107979999999999965e+00,1.067260000000000097e+00,1.020340000000000025e+00,9.977399999999999602e-01,5.484499999999999931e-01,4.413300000000000001e-01,4.318500000000000116e-01,4.354600000000000137e-01,4.310100000000000042e-01,4.346599999999999908e-01,4.460200000000000276e-01,4.645299999999999985e-01,4.462599999999999900e-01,4.326200000000000045e-01,3.910199999999999787e-01,3.529900000000000260e-01,3.139899999999999913e-01,2.802999999999999936e-01,2.517199999999999993e-01,2.269599999999999951e-01,2.092299999999999993e-01,1.962299999999999878e-01,1.753300000000000136e-01,1.607000000000000095e-01,1.509099999999999886e-01,1.520600000000000007e-01,1.628499999999999948e-01,1.800900000000000001e-01,2.046300000000000063e-01,2.345200000000000062e-01,1.853299999999999947e-01,6.855799999999999672e-01,7.398400000000000531e-01,7.974700000000000122e-01,8.511100000000000332e-01,9.054400000000000226e-01,9.650300000000000544e-01,1.028399999999999981e+00,1.276550000000000074e+00,2.951849999999999863e+00,6.646149999999999558e+00,1.105976000000000070e+01,1.568445000000000000e+01,2.045775000000000077e+01
Diameter profile (Å)
nan,9.464980000000000615e+00,nan,4.688100000000000378e+00,2.958320000000000061e+00,nan,2.449879999999999836e+00,nan,1.632740000000000080e+00,1.622579999999999911e+00,nan,1.602260000000000018e+00,nan,1.584819999999999895e+00,1.530520000000000103e+00,nan,1.471389999999999976e+00,nan,1.410639999999999894e+00,1.352400000000000047e+00,nan,1.298229999999999995e+00,nan,1.246599999999999930e+00,1.197829999999999950e+00,nan,1.152069999999999927e+00,nan,1.107979999999999965e+00,nan,1.067260000000000097e+00,1.020340000000000025e+00,nan,9.977399999999999602e-01,5.484499999999999931e-01,nan,4.413300000000000001e-01,nan,4.318500000000000116e-01,4.354600000000000137e-01,nan,4.310100000000000042e-01,nan,4.346599999999999908e-01,nan,4.460200000000000276e-01,4.645299999999999985e-01,nan,4.462599999999999900e-01,4.326200000000000045e-01,nan,3.910199999999999787e-01,nan,3.529900000000000260e-01,3.139899999999999913e-01,nan,2.802999999999999936e-01,nan,2.517199999999999993e-01,nan,2.269599999999999951e-01,2.092299999999999993e-01,nan,1.962299999999999878e-01,1.753300000000000136e-01,nan,1.607000000000000095e-01,nan,1.509099999999999886e-01,1.520600000000000007e-01,nan,1.628499999999999948e-01,nan,1.800900000000000001e-01,2.046300000000000063e-01,nan,2.345200000000000062e-01,nan,1.853299999999999947e-01,6.855799999999999672e-01,nan,7.398400000000000531e-01,nan,7.974700000000000122e-01,nan,8.511100000000000332e-01,9.054400000000000226e-01,nan,9.650300000000000544e-01,nan,1.028399999999999981e+00,1.276550000000000074e+00,nan,2.951849999999999863e+00,6.646149999999999558e+00,nan,1.105976000000000070e+01,nan,1.568445000000000000e+01,2.045775000000000077e+01
Min diameter_profile (Å)
nan
Average Diameter (Å)
2.512058053097345311e+00
Diameter distribution(Å)
1.485621000000000080e+01,1.075667999999999935e+01,7.069569999999999688e+00,4.371369999999999756e+00,2.961339999999999861e+00,2.719990000000000130e+00,2.582720000000000127e+00,2.490530000000000133e+00,2.400609999999999911e+00,2.310179999999999900e+00,2.220110000000000028e+00,1.990650000000000031e+00,2.084890000000000132e+00,2.032919999999999838e+00,1.986709999999999976e+00,1.946749999999999980e+00,1.911189999999999944e+00,1.883350000000000080e+00,1.861420000000000075e+00,1.843809999999999949e+00,1.833690000000000042e+00,1.813649999999999984e+00,1.796349999999999891e+00,1.767759999999999998e+00,1.740410000000000013e+00,1.718800000000000106e+00,1.700569999999999915e+00,1.657170000000000032e+00,1.616330000000000044e+00,1.575509999999999966e+00,1.538680000000000048e+00,1.508729999999999905e+00,1.485479999999999912e+00,1.469799999999999995e+00,1.457189999999999985e+00,1.449089999999999989e+00,1.447610000000000063e+00,1.397620000000000084e+00,1.358959999999999946e+00,1.338270000000000071e+00,1.331269999999999953e+00,1.324119999999999964e+00,1.329299999999999926e+00,1.295279999999999987e+00,1.265179999999999971e+00,1.236560000000000104e+00,1.210679999999999978e+00,1.190450000000000008e+00,1.173329999999999984e+00,1.161499999999999977e+00,1.154749999999999943e+00,1.155569999999999986e+00,1.156649999999999956e+00,1.167289999999999939e+00,1.181149999999999922e+00,1.199950000000000072e+00,1.223209999999999908e+00,1.250310000000000032e+00,1.282040000000000068e+00,1.320810000000000040e+00,1.364049999999999985e+00,1.405980000000000008e+00,1.452590000000000048e+00,1.487579999999999902e+00,1.526529999999999943e+00,1.563199999999999923e+00,1.604139999999999899e+00,1.650849999999999929e+00,1.703670000000000018e+00,1.740040000000000031e+00,1.779600000000000071e+00,1.820549999999999891e+00,1.864130000000000065e+00,1.909399999999999986e+00,1.956809999999999938e+00,2.003210000000000157e+00,2.050570000000000004e+00,2.094910000000000050e+00,2.140519999999999978e+00,2.175969999999999960e+00,2.213769999999999794e+00,2.254890000000000061e+00,2.298109999999999875e+00,2.343150000000000066e+00,2.390130000000000088e+00,2.439360000000000195e+00,2.490159999999999929e+00,2.545220000000000038e+00,2.602390000000000203e+00,2.659130000000000216e+00,2.717089999999999783e+00,2.748650000000000038e+00,2.782059999999999977e+00,2.813509999999999955e+00,2.850530000000000008e+00,2.889330000000000176e+00,2.932990000000000208e+00,2.990190000000000126e+00,3.053080000000000016e+00,3.116649999999999920e+00,3.184340000000000170e+00,3.229449999999999932e+00,3.393170000000000019e+00,3.483699999999999797e+00,3.574190000000000200e+00,3.666090000000000071e+00,3.757769999999999833e+00,3.849730000000000096e+00,3.941990000000000105e+00,4.525540000000000340e+00,6.023710000000000342e+00,9.925610000000000710e+00,1.432051000000000052e+01
Diameter profile (Å)
1.075667999999999935e+01,7.069569999999999688e+00,4.371369999999999756e+00,2.961339999999999861e+00,2.719990000000000130e+00,2.582720000000000127e+00,2.490530000000000133e+00,2.400609999999999911e+00,2.265144999999999964e+00,1.990650000000000031e+00,2.084890000000000132e+00,2.032919999999999838e+00,1.986709999999999976e+00,1.946749999999999980e+00,1.911189999999999944e+00,1.883350000000000080e+00,1.852615000000000123e+00,1.833690000000000042e+00,1.813649999999999984e+00,1.796349999999999891e+00,1.767759999999999998e+00,1.740410000000000013e+00,1.718800000000000106e+00,1.700569999999999915e+00,1.636750000000000149e+00,1.575509999999999966e+00,1.538680000000000048e+00,1.508729999999999905e+00,1.485479999999999912e+00,1.469799999999999995e+00,1.457189999999999985e+00,1.449089999999999989e+00,1.447610000000000063e+00,1.378290000000000015e+00,1.338270000000000071e+00,1.331269999999999953e+00,1.324119999999999964e+00,1.329299999999999926e+00,1.295279999999999987e+00,1.265179999999999971e+00,1.236560000000000104e+00,1.200565000000000104e+00,1.173329999999999984e+00,1.161499999999999977e+00,1.154749999999999943e+00,1.155569999999999986e+00,1.156649999999999956e+00,1.167289999999999939e+00,1.181149999999999922e+00,1.211580000000000101e+00,1.250310000000000032e+00,1.282040000000000068e+00,1.320810000000000040e+00,1.364049999999999985e+00,1.405980000000000008e+00,1.452590000000000048e+00,1.487579999999999902e+00,1.526529999999999943e+00,1.583669999999999911e+00,1.650849999999999929e+00,1.703670000000000018e+00,1.740040000000000031e+00,1.779600000000000071e+00,1.820549999999999891e+00,1.864130000000000065e+00,1.909399999999999986e+00,1.980010000000000048e+00,2.050570000000000004e+00,2.094910000000000050e+00,2.140519999999999978e+00,2.175969999999999960e+00,2.213769999999999794e+00,2.254890000000000061e+00,2.298109999999999875e+00,2.343150000000000066e+00,2.414744999999999919e+00,2.490159999999999929e+00,2.545220000000000038e+00,2.602390000000000203e+00,2.659130000000000216e+00,2.717089999999999783e+00,2.748650000000000038e+00,2.782059999999999977e+00,2.832019999999999982e+00,2.889330000000000176e+00,2.932990000000000208e+00,2.990190000000000126e+00,3.053080000000000016e+00,3.116649999999999920e+00,3.184340000000000170e+00,3.229449999999999932e+00,3.438435000000000130e+00,3.574190000000000200e+00,3.666090000000000071e+00,3.757769999999999833e+00,3.849730000000000096e+00,3.941990000000000105e+00,4.525540000000000340e+00,6.023710000000000342e+00,1.212306000000000061e+01
Min diameter_profile (Å)
1.154749999999999943e+00
Average Diameter (Å)
1.625928171428571378e+00
Diameter distribution(Å)
1.783652999999999977e+01,1.308450999999999986e+01,8.299239999999999284e+00,4.692059999999999675e+00,3.117560000000000109e+00,2.943779999999999841e+00,2.896419999999999995e+00,2.815020000000000078e+00,2.733779999999999877e+00,2.651190000000000158e+00,2.568709999999999827e+00,2.487210000000000143e+00,2.406740000000000101e+00,2.327960000000000029e+00,2.249620000000000175e+00,2.170069999999999943e+00,2.091680000000000206e+00,2.012989999999999835e+00,1.934800000000000075e+00,1.864190000000000014e+00,1.792189999999999950e+00,1.722220000000000084e+00,1.654360000000000053e+00,1.587590000000000057e+00,1.512559999999999905e+00,1.429489999999999927e+00,1.347820000000000018e+00,1.263190000000000035e+00,1.183840000000000003e+00,1.103730000000000100e+00,1.024170000000000025e+00,9.457100000000000506e-01,8.626399999999999624e-01,7.985400000000000276e-01,7.334199999999999608e-01,6.682299999999999907e-01,6.061600000000000321e-01,5.503799999999999804e-01,4.976999999999999758e-01,5.589000000000000218e-02,3.345099999999999740e-01,2.916599999999999748e-01,2.533500000000000196e-01,2.203900000000000026e-01,1.921899999999999997e-01,1.603900000000000048e-01,1.328199999999999936e-01,1.266700000000000048e-01,1.221700000000000008e-01,1.170400000000000051e-01,1.172600000000000031e-01,1.039299999999999946e-01,9.590999999999999526e-02,9.578000000000000402e-02,9.970999999999999308e-02,1.111100000000000004e-01,1.261299999999999921e-01,1.502900000000000069e-01,1.794300000000000062e-01,2.062900000000000011e-01,2.349499999999999922e-01,2.539399999999999991e-01,2.777000000000000024e-01,3.074999999999999956e-01,3.419699999999999962e-01,3.799399999999999999e-01,4.214800000000000213e-01,4.683100000000000041e-01,5.187300000000000244e-01,5.392599999999999616e-01,5.652899999999999592e-01,5.880900000000000016e-01,6.178799999999999848e-01,6.517600000000000060e-01,6.916700000000000070e-01,7.266299999999999981e-01,7.672499999999999876e-01,8.125099999999999545e-01,8.642499999999999627e-01,9.196400000000000130e-01,9.808900000000000396e-01,9.883300000000000418e-01,1.003719999999999946e+00,9.569400000000000128e-01,9.156400000000000095e-01,8.715500000000000469e-01,8.258499999999999730e-01,7.580299999999999816e-01,6.948400000000000132e-01,6.053600000000000092e-01,5.701300000000000257e-01,4.963899999999999979e-01,5.130200000000000315e-01,4.189399999999999791e-01,4.389000000000000123e-01,3.934099999999999819e-01,3.520699999999999941e-01,1.848899999999999988e-01,2.397700000000000109e-01,1.778200000000000058e-01,1.206300000000000011e-01,1.169700000000000045e-01,1.222400000000000014e-01,1.090900000000000064e-01,1.055699999999999972e-01,1.052400000000000002e-01,1.146599999999999980e-01,1.299599999999999922e-01,1.526500000000000079e-01,1.834899999999999864e-01,2.198499999999999899e-01,2.634600000000000275e-01,3.139000000000000123e-01,3.664000000000000035e-01,4.272900000000000031e-01,4.839600000000000013e-01,5.425100000000000477e-01,5.889100000000000446e-01,6.380599999999999605e-01,6.746699999999999919e-01,7.239499999999999824e-01,7.690700000000000314e-01,8.173700000000000410e-01,8.664899999999999824e-01,9.190199999999999481e-01,9.683100000000000041e-01,1.021179999999999977e+00,1.078889999999999905e+00,1.139320000000000110e+00,1.202369999999999939e+00,1.267870000000000053e+00,1.337259999999999893e+00,1.408940000000000081e+00,1.482699999999999907e+00,1.558400000000000007e+00,1.498320000000000096e+00,1.743470000000000075e+00,1.814540000000000042e+00,1.910670000000000091e+00,1.983179999999999943e+00,2.073589999999999822e+00,2.151120000000000143e+00,2.229229999999999823e+00,2.283570000000000100e+00,2.350760000000000183e+00,2.419999999999999929e+00,2.495410000000000128e+00,2.497930000000000206e+00,2.506479999999999819e+00,2.520750000000000046e+00,2.540799999999999947e+00,2.567070000000000185e+00,2.599149999999999849e+00,2.635850000000000026e+00,2.678090000000000082e+00,2.710980000000000167e+00,2.748170000000000002e+00,2.726039999999999797e+00,2.706490000000000062e+00,2.691289999999999960e+00,2.678599999999999870e+00,2.667030000000000012e+00,2.658199999999999896e+00,2.653200000000000003e+00,2.650889999999999969e+00,2.641449999999999854e+00,2.631979999999999986e+00,2.599899999999999878e+00,2.570079999999999920e+00,2.415570000000000217e+00,3.424669999999999881e+00,5.293549999999999756e+00,8.061299999999999244e+00,1.224576000000000064e+01,1.682548999999999850e+01
Diameter profile (Å)
1.308450999999999986e+01,6.495649999999999480e+00,3.030669999999999753e+00,2.896419999999999995e+00,2.774399999999999977e+00,2.609949999999999992e+00,2.446975000000000122e+00,2.327960000000000029e+00,2.209845000000000059e+00,2.052335000000000242e+00,1.899494999999999933e+00,1.792189999999999950e+00,1.688290000000000068e+00,1.550075000000000092e+00,1.388654999999999973e+00,1.263190000000000035e+00,1.143785000000000052e+00,9.849400000000000377e-01,8.305899999999999395e-01,7.334199999999999608e-01,6.371949999999999559e-01,5.240399999999999503e-01,1.951999999999999846e-01,2.916599999999999748e-01,2.368700000000000250e-01,1.762900000000000023e-01,1.328199999999999936e-01,1.244200000000000028e-01,1.171500000000000041e-01,9.991999999999999493e-02,9.578000000000000402e-02,1.054100000000000037e-01,1.382099999999999995e-01,1.928600000000000037e-01,2.349499999999999922e-01,2.658200000000000007e-01,3.247349999999999959e-01,4.007100000000000106e-01,4.683100000000000041e-01,5.289949999999999930e-01,5.766899999999999249e-01,6.348199999999999399e-01,6.916700000000000070e-01,7.469399999999999373e-01,8.383799999999999031e-01,9.502650000000000263e-01,9.883300000000000418e-01,9.803299999999999237e-01,8.935950000000000282e-01,8.258499999999999730e-01,7.264349999999999419e-01,5.877449999999999619e-01,5.047049999999999592e-01,4.189399999999999791e-01,4.161549999999999971e-01,2.684799999999999964e-01,2.087950000000000084e-01,1.206300000000000011e-01,1.196050000000000030e-01,1.073300000000000087e-01,1.099499999999999922e-01,1.299599999999999922e-01,1.680699999999999972e-01,2.416550000000000087e-01,3.401500000000000079e-01,4.272900000000000031e-01,5.132349999999999968e-01,6.134850000000000581e-01,6.993099999999999872e-01,7.690700000000000314e-01,8.419300000000000672e-01,9.436649999999999761e-01,1.050034999999999830e+00,1.139320000000000110e+00,1.235119999999999996e+00,1.373099999999999987e+00,1.482699999999999907e+00,1.528360000000000163e+00,1.779005000000000170e+00,1.946925000000000017e+00,2.073589999999999822e+00,2.190174999999999983e+00,2.317165000000000141e+00,2.457704999999999806e+00,2.497930000000000206e+00,2.513614999999999711e+00,2.553935000000000066e+00,2.617499999999999716e+00,2.678090000000000082e+00,2.729575000000000085e+00,2.716264999999999930e+00,2.684944999999999915e+00,2.667030000000000012e+00,2.655699999999999950e+00,2.646169999999999689e+00,2.615940000000000154e+00,2.570079999999999920e+00,2.920119999999999827e+00,6.677424999999999500e+00,1.453562499999999957e+01
Min diameter_profile (Å)
9.578000000000000402e-02
Average Diameter (Å)
2.102971809523809466e+00
Diameter distribution(Å)
1.527380999999999922e+01,1.027886999999999951e+01,5.480739999999999945e+00,2.097780000000000200e+00,8.736199999999999521e-01,8.272899999999999698e-01,8.037699999999999845e-01,7.803299999999999681e-01,7.696499999999999453e-01,7.737500000000000488e-01,7.908800000000000274e-01,7.792299999999999782e-01,7.779199999999999449e-01,7.358900000000000441e-01,6.985500000000000043e-01,6.658399999999999874e-01,6.370200000000000307e-01,6.146300000000000097e-01,5.977400000000000491e-01,5.856900000000000439e-01,5.786299999999999777e-01,5.780899999999999928e-01,5.827900000000000302e-01,5.931300000000000461e-01,6.087799999999999878e-01,6.305800000000000294e-01,6.575699999999999878e-01,6.806699999999999973e-01,7.081300000000000372e-01,7.324600000000000000e-01,7.635800000000000365e-01,7.870700000000000474e-01,8.183500000000000218e-01,7.312400000000000011e-01,1.445240000000000080e+00,1.419419999999999904e+00,1.425030000000000019e+00,1.427289999999999948e+00,1.442900000000000071e+00,1.409839999999999982e+00,1.379399999999999959e+00,1.314370000000000038e+00,1.253069999999999906e+00,1.195429999999999993e+00,1.141820000000000057e+00,1.094549999999999912e+00,1.050910000000000011e+00,1.012289999999999912e+00,9.785599999999999854e-01,9.482000000000000428e-01,9.236699999999999910e-01,9.000399999999999512e-01,9.001299999999999857e-01,8.980099999999999749e-01,8.989700000000000468e-01,8.994299999999999518e-01,9.116100000000000314e-01,9.320500000000000451e-01,9.582899999999999752e-01,9.891199999999999992e-01,1.022659999999999902e+00,1.060079999999999911e+00,1.104020000000000001e+00,1.153499999999999970e+00,1.208269999999999955e+00,1.266539999999999999e+00,1.329129999999999923e+00,1.379680000000000017e+00,1.487649999999999917e+00,1.565190000000000081e+00,1.644239999999999924e+00,1.723889999999999922e+00,1.804850000000000065e+00,1.887000000000000011e+00,1.970250000000000057e+00,2.054330000000000211e+00,2.138720000000000176e+00,2.217540000000000067e+00,2.296400000000000219e+00,2.372500000000000053e+00,2.449059999999999793e+00,2.528480000000000061e+00,2.608699999999999797e+00,2.689909999999999801e+00,2.771830000000000016e+00,2.855739999999999945e+00,2.940630000000000077e+00,3.026470000000000216e+00,3.113160000000000149e+00,3.200950000000000184e+00,3.289169999999999927e+00,3.375690000000000079e+00,3.462460000000000093e+00,3.546100000000000030e+00,3.630110000000000170e+00,3.715050000000000185e+00,3.800689999999999902e+00,3.887080000000000091e+00,3.974060000000000148e+00,4.060319999999999929e+00,4.147350000000000314e+00,4.387649999999999828e+00,6.196950000000000180e+00,1.024445000000000050e+01,1.477983000000000047e+01
Diameter profile (Å)
1.027886999999999951e+01,5.480739999999999945e+00,2.097780000000000200e+00,8.736199999999999521e-01,8.272899999999999698e-01,8.037699999999999845e-01,7.803299999999999681e-01,7.696499999999999453e-01,7.737500000000000488e-01,7.908800000000000274e-01,7.792299999999999782e-01,7.779199999999999449e-01,7.358900000000000441e-01,6.985500000000000043e-01,6.658399999999999874e-01,6.370200000000000307e-01,6.146300000000000097e-01,5.977400000000000491e-01,5.856900000000000439e-01,5.786299999999999777e-01,5.780899999999999928e-01,5.827900000000000302e-01,5.931300000000000461e-01,6.087799999999999878e-01,6.440749999999999531e-01,6.806699999999999973e-01,7.081300000000000372e-01,7.324600000000000000e-01,7.635800000000000365e-01,7.870700000000000474e-01,8.183500000000000218e-01,7.312400000000000011e-01,1.445240000000000080e+00,1.419419999999999904e+00,1.425030000000000019e+00,1.427289999999999948e+00,1.442900000000000071e+00,1.409839999999999982e+00,1.379399999999999959e+00,1.314370000000000038e+00,1.253069999999999906e+00,1.195429999999999993e+00,1.141820000000000057e+00,1.094549999999999912e+00,1.050910000000000011e+00,1.012289999999999912e+00,9.785599999999999854e-01,9.482000000000000428e-01,9.236699999999999910e-01,9.000850000000000239e-01,8.980099999999999749e-01,8.989700000000000468e-01,8.994299999999999518e-01,9.116100000000000314e-01,9.320500000000000451e-01,9.582899999999999752e-01,9.891199999999999992e-01,1.022659999999999902e+00,1.060079999999999911e+00,1.104020000000000001e+00,1.153499999999999970e+00,1.208269999999999955e+00,1.266539999999999999e+00,1.329129999999999923e+00,1.379680000000000017e+00,1.487649999999999917e+00,1.565190000000000081e+00,1.644239999999999924e+00,1.723889999999999922e+00,1.804850000000000065e+00,1.887000000000000011e+00,1.970250000000000057e+00,2.054330000000000211e+00,2.138720000000000176e+00,2.256969999999999921e+00,2.372500000000000053e+00,2.449059999999999793e+00,2.528480000000000061e+00,2.608699999999999797e+00,2.689909999999999801e+00,2.771830000000000016e+00,2.855739999999999945e+00,2.940630000000000077e+00,3.026470000000000216e+00,3.113160000000000149e+00,3.200950000000000184e+00,3.289169999999999927e+00,3.375690000000000079e+00,3.462460000000000093e+00,3.546100000000000030e+00,3.630110000000000170e+00,3.715050000000000185e+00,3.800689999999999902e+00,3.887080000000000091e+00,3.974060000000000148e+00,4.060319999999999929e+00,4.147350000000000314e+00,4.387649999999999828e+00,6.196950000000000180e+00,1.251214000000000048e+01
Min diameter_profile (Å)
5.780899999999999928e-01
Average Diameter (Å)
6.787863744680850964e+00
Diameter distribution(Å)
1.911508999999999858e+01,1.779802000000000106e+01,1.675827999999999918e+01,1.612997000000000014e+01,1.572133000000000003e+01,1.553340999999999994e+01,1.552288000000000068e+01,1.542584000000000088e+01,1.532883999999999958e+01,1.523021999999999920e+01,1.513161000000000023e+01,1.503739000000000026e+01,1.494189000000000078e+01,1.484570000000000078e+01,1.474892000000000003e+01,1.465224000000000082e+01,1.455560000000000009e+01,1.445945999999999998e+01,1.436322999999999972e+01,1.426609000000000016e+01,1.416854999999999976e+01,1.407405999999999935e+01,1.397719000000000023e+01,1.388141000000000069e+01,1.378566999999999965e+01,1.368965000000000032e+01,1.359368000000000087e+01,1.347607999999999961e+01,1.335946999999999996e+01,1.308451999999999948e+01,1.313702999999999932e+01,1.304237999999999964e+01,1.294771000000000072e+01,1.285330000000000084e+01,1.275862000000000052e+01,1.266437999999999953e+01,1.257004000000000055e+01,1.247583999999999982e+01,1.238153999999999932e+01,1.228789000000000087e+01,1.219223000000000035e+01,1.209932000000000052e+01,1.200650000000000084e+01,1.191292999999999935e+01,1.181944000000000017e+01,1.172606000000000037e+01,1.163241999999999976e+01,1.153894999999999982e+01,1.144546000000000063e+01,1.135299000000000014e+01,1.125999000000000017e+01,1.116690000000000005e+01,1.107390999999999970e+01,1.098155999999999999e+01,1.088931999999999967e+01,1.079692000000000007e+01,1.070463999999999949e+01,1.061229999999999940e+01,1.052000999999999920e+01,1.042841999999999913e+01,1.033658999999999928e+01,1.024477000000000082e+01,1.015244000000000035e+01,1.006164000000000058e+01,9.970430000000000348e+00,9.879569999999999297e+00,9.788850000000000051e+00,9.697079999999999700e+00,9.605389999999999873e+00,9.515919999999999490e+00,9.426479999999999748e+00,9.336299999999999599e+00,9.246280000000000499e+00,9.156760000000000232e+00,9.067170000000000840e+00,8.977449999999999264e+00,8.887660000000000338e+00,8.799049999999999372e+00,8.708999999999999631e+00,8.621470000000000411e+00,8.532740000000000435e+00,8.444679999999999964e+00,8.356419999999999959e+00,8.269019999999999371e+00,8.181850000000000733e+00,8.095000000000000639e+00,8.008319999999999439e+00,7.921109999999999651e+00,7.834069999999999645e+00,7.748569999999999958e+00,7.662799999999999834e+00,7.575580000000000425e+00,7.488640000000000185e+00,7.401849999999999596e+00,7.314000000000000057e+00,7.226720000000000255e+00,7.139730000000000132e+00,7.052850000000000286e+00,6.966269999999999740e+00,6.879269999999999996e+00,6.792060000000000208e+00,6.706459999999999866e+00,6.621240000000000236e+00,6.536310000000000286e+00,6.450899999999999856e+00,6.367020000000000124e+00,6.282680000000000042e+00,6.198900000000000077e+00,6.115560000000000329e+00,6.033299999999999663e+00,5.950660000000000061e+00,5.868780000000000108e+00,5.787410000000000387e+00,5.706909999999999705e+00,5.626940000000000275e+00,5.547089999999999854e+00,5.467789999999999928e+00,5.386020000000000252e+00,5.304840000000000444e+00,5.230999999999999872e+00,5.156019999999999825e+00,5.080899999999999750e+00,5.004480000000000040e+00,4.929039999999999644e+00,4.854390000000000427e+00,4.782600000000000406e+00,4.711210000000000342e+00,4.639739999999999753e+00,4.569119999999999848e+00,4.499419999999999753e+00,4.429990000000000094e+00,4.362119999999999997e+00,4.295130000000000337e+00,4.224639999999999951e+00,4.155269999999999797e+00,4.095780000000000420e+00,4.037090000000000067e+00,3.975140000000000118e+00,3.914060000000000095e+00,3.853120000000000100e+00,3.792660000000000142e+00,3.725220000000000198e+00,3.657830000000000137e+00,3.594079999999999941e+00,3.529580000000000162e+00,3.472049999999999859e+00,3.415830000000000144e+00,3.356619999999999937e+00,3.298550000000000093e+00,3.242700000000000138e+00,3.188260000000000094e+00,3.135139999999999816e+00,3.083509999999999973e+00,3.033129999999999882e+00,2.984370000000000189e+00,2.937730000000000175e+00,2.892759999999999998e+00,2.849429999999999907e+00,2.806979999999999809e+00,2.766700000000000159e+00,2.727360000000000007e+00,2.686720000000000219e+00,2.647510000000000030e+00,2.610889999999999933e+00,2.576210000000000111e+00,2.532160000000000188e+00,2.489970000000000017e+00,2.440319999999999823e+00,2.392939999999999845e+00,2.348629999999999995e+00,2.307020000000000071e+00,2.268209999999999837e+00,2.231450000000000156e+00,2.193610000000000060e+00,2.158100000000000129e+00,2.123949999999999783e+00,2.088690000000000158e+00,2.055829999999999824e+00,2.026130000000000209e+00,1.997800000000000020e+00,1.972779999999999978e+00,1.948139999999999983e+00,1.926779999999999937e+00,1.904090000000000060e+00,1.884730000000000016e+00,1.869580000000000020e+00,1.857420000000000071e+00,1.848689999999999944e+00,1.843460000000000099e+00,1.840940000000000021e+00,1.842149999999999954e+00,1.847320000000000073e+00,1.856020000000000003e+00,1.868260000000000032e+00,1.883960000000000079e+00,1.899610000000000021e+00,1.919960000000000111e+00,1.935810000000000031e+00,1.954870000000000108e+00,1.976369999999999960e+00,2.000500000000000167e+00,2.012830000000000119e+00,2.027800000000000047e+00,2.047930000000000028e+00,2.069300000000000139e+00,2.091750000000000220e+00,2.117280000000000051e+00,2.148140000000000160e+00,2.181869999999999976e+00,2.217049999999999965e+00,2.254939999999999944e+00,2.255980000000000096e+00,2.258859999999999868e+00,2.196180000000000021e+00,2.142510000000000137e+00,2.099860000000000060e+00,2.065850000000000186e+00,2.041430000000000078e+00,2.027480000000000171e+00,2.003989999999999938e+00,1.988120000000000109e+00,1.971060000000000034e+00,1.960890000000000022e+00,1.957189999999999985e+00,1.965119999999999978e+00,1.974450000000000038e+00,1.991109999999999935e+00,2.007249999999999979e+00,2.016300000000000203e+00,2.019219999999999793e+00,2.037500000000000089e+00,2.280240000000000045e+00,3.711440000000000072e+00,8.511469999999999203e+00,1.388130999999999915e+01
Diameter profile (Å)
1.727815000000000012e+01,1.592565000000000097e+01,1.549404333333333206e+01,1.527952999999999939e+01,1.508450000000000024e+01,1.484550333333333327e+01,1.460392000000000046e+01,1.441134500000000074e+01,1.416956666666666820e+01,1.392930000000000135e+01,1.373765999999999998e+01,1.347641000000000133e+01,1.311077500000000029e+01,1.299504500000000107e+01,1.275876666666666637e+01,1.252294000000000018e+01,1.233471499999999921e+01,1.209935000000000116e+01,1.186618499999999976e+01,1.167924000000000007e+01,1.144580000000000020e+01,1.121344500000000011e+01,1.102773499999999984e+01,1.079695999999999856e+01,1.056615499999999841e+01,1.038250499999999832e+01,1.015295000000000059e+01,9.925000000000000711e+00,9.742964999999999876e+00,9.515929999999999112e+00,9.291290000000000049e+00,9.111965000000001424e+00,8.888053333333333583e+00,8.665234999999999133e+00,8.488710000000001088e+00,8.269096666666666096e+00,8.051660000000000039e+00,7.877589999999999648e+00,7.662316666666666443e+00,7.445244999999999891e+00,7.270360000000000156e+00,7.052950000000000053e+00,6.835665000000000546e+00,6.663850000000000051e+00,6.451410000000000089e+00,6.240790000000000504e+00,6.074429999999999552e+00,5.868950000000000777e+00,5.666924999999999990e+00,5.466966666666666974e+00,5.267920000000000158e+00,5.118459999999999788e+00,4.929303333333333370e+00,4.746904999999999930e+00,4.604429999999999801e+00,4.430510000000000836e+00,4.259885000000000588e+00,4.125524999999999665e+00,3.975430000000000685e+00,3.822890000000000121e+00,3.691525000000000389e+00,3.531903333333333617e+00,3.386225000000000041e+00,3.270624999999999893e+00,3.135636666666666628e+00,3.008750000000000036e+00,2.915245000000000086e+00,2.807703333333332996e+00,2.707040000000000113e+00,2.629199999999999982e+00,2.532780000000000253e+00,2.416629999999999612e+00,2.327824999999999811e+00,2.231090000000000018e+00,2.141024999999999956e+00,2.072259999999999991e+00,1.998903333333333476e+00,1.937459999999999960e+00,1.894410000000000149e+00,1.858563333333333345e+00,1.842200000000000060e+00,1.844735000000000014e+00,1.869413333333333371e+00,1.909785000000000066e+00,1.945340000000000069e+00,1.996566666666666601e+00,2.037865000000000038e+00,2.080525000000000180e+00,2.149096666666666877e+00,2.235994999999999955e+00,2.257419999999999760e+00,2.146183333333333110e+00,2.053640000000000132e+00,2.015735000000000277e+00,1.973356666666666648e+00,1.961154999999999982e+00,1.982779999999999987e+00,2.014256666666666806e+00,2.158870000000000289e+00,8.701406666666665402e+00
Min diameter_profile (Å)
1.842200000000000060e+00
Average Diameter (Å)
2.040616712328767068e+00
Diameter distribution(Å)
1.956009999999999849e+01,1.402707999999999977e+01,8.701100000000000279e+00,5.178130000000000344e+00,2.508199999999999985e+00,1.908309999999999951e+00,1.815709999999999935e+00,1.737340000000000106e+00,1.660290000000000044e+00,1.572640000000000038e+00,1.530610000000000026e+00,1.474720000000000031e+00,1.424020000000000064e+00,1.361779999999999990e+00,1.302130000000000010e+00,1.241430000000000033e+00,1.183950000000000058e+00,1.125369999999999981e+00,1.070659999999999945e+00,1.005309999999999926e+00,9.430199999999999694e-01,8.812600000000000433e-01,8.232500000000000373e-01,7.351699999999999902e-01,7.230600000000000360e-01,6.822399999999999576e-01,6.448199999999999488e-01,6.071900000000000075e-01,5.731699999999999573e-01,5.396499999999999631e-01,5.110000000000000098e-01,4.907000000000000250e-01,4.750900000000000123e-01,4.614800000000000013e-01,4.530899999999999928e-01,4.370800000000000241e-01,4.256699999999999928e-01,4.202600000000000224e-01,4.193100000000000160e-01,4.195999999999999730e-01,4.244399999999999840e-01,4.244899999999999785e-01,4.275700000000000056e-01,4.376099999999999990e-01,4.511899999999999800e-01,4.598999999999999755e-01,4.734599999999999920e-01,4.554099999999999815e-01,4.409199999999999786e-01,4.220800000000000107e-01,4.177600000000000202e-01,4.257900000000000018e-01,4.463900000000000090e-01,4.614599999999999813e-01,4.850900000000000212e-01,5.080099999999999616e-01,5.383400000000000407e-01,5.213900000000000201e-01,5.490399999999999725e-01,5.489699999999999580e-01,5.545099999999999474e-01,5.507499999999999618e-01,5.540800000000000169e-01,5.538499999999999535e-01,5.592099999999999849e-01,5.053900000000000059e-01,9.221300000000000052e-01,1.083939999999999904e+00,1.615969999999999906e+00,5.243389999999999773e+00,9.822079999999999700e+00,1.475812999999999953e+01,1.986729000000000056e+01
Diameter profile (Å)
nan,1.402707999999999977e+01,8.701100000000000279e+00,nan,5.178130000000000344e+00,2.508199999999999985e+00,1.908309999999999951e+00,nan,1.815709999999999935e+00,1.737340000000000106e+00,nan,1.660290000000000044e+00,1.572640000000000038e+00,1.530610000000000026e+00,nan,1.474720000000000031e+00,1.424020000000000064e+00,nan,1.361779999999999990e+00,1.302130000000000010e+00,1.241430000000000033e+00,nan,1.183950000000000058e+00,1.125369999999999981e+00,1.070659999999999945e+00,nan,1.005309999999999926e+00,9.430199999999999694e-01,nan,8.812600000000000433e-01,8.232500000000000373e-01,7.351699999999999902e-01,nan,7.230600000000000360e-01,6.822399999999999576e-01,nan,6.448199999999999488e-01,6.071900000000000075e-01,5.731699999999999573e-01,nan,5.396499999999999631e-01,5.110000000000000098e-01,nan,4.907000000000000250e-01,4.750900000000000123e-01,4.614800000000000013e-01,nan,4.530899999999999928e-01,4.370800000000000241e-01,4.256699999999999928e-01,nan,4.202600000000000224e-01,4.193100000000000160e-01,nan,4.195999999999999730e-01,4.244399999999999840e-01,4.244899999999999785e-01,nan,4.275700000000000056e-01,4.376099999999999990e-01,nan,4.511899999999999800e-01,4.598999999999999755e-01,4.734599999999999920e-01,nan,4.554099999999999815e-01,4.409199999999999786e-01,nan,4.220800000000000107e-01,4.177600000000000202e-01,4.257900000000000018e-01,nan,4.463900000000000090e-01,4.614599999999999813e-01,nan,4.850900000000000212e-01,5.080099999999999616e-01,5.383400000000000407e-01,nan,5.213900000000000201e-01,5.490399999999999725e-01,5.489699999999999580e-01,nan,5.545099999999999474e-01,5.507499999999999618e-01,nan,5.540800000000000169e-01,5.538499999999999535e-01,5.592099999999999849e-01,nan,5.053900000000000059e-01,9.221300000000000052e-01,nan,1.083939999999999904e+00,1.615969999999999906e+00,5.243389999999999773e+00,nan,9.822079999999999700e+00,1.475812999999999953e+01,1.986729000000000056e+01
Min diameter_profile (Å)
nan
]633;E;for x in host-*;889ff258-e3ed-440d-a226-8bda186c3c08]633;Chost-1/average_diameter_host-1.csv
host-1/diameter_distribution_host-1.csv
host-1/diameter_profile_host-1.csv
host-1/min_diameter_profile_host-1.csv
host-100/average_diameter_1.csv
host-100/average_diameter_3.csv
host-100/average_diameter_davis3water.csv
host-100/average_diameter_davis.csv
host-100/diameter_distribution_1.csv
host-100/diameter_distribution_3.csv
host-100/diameter_distribution_davis3water.csv
host-100/diameter_distribution_davis.csv
host-100/diameter_profile_1.csv
host-100/diameter_profile_3.csv
host-100/diameter_profile_davis3water.csv
host-100/diameter_profile_davis.csv
host-100/min_diameter_profile_1.csv
host-100/min_diameter_profile_3.csv
host-100/min_diameter_profile_davis3water.csv
host-100/min_diameter_profile_davis.csv
host-2/average_diameter_host-2.csv
host-2/diameter_distribution_host-2.csv
host-2/diameter_profile_host-2.csv
host-2/min_diameter_profile_host-2.csv
host-3/average_diameter_host-3.csv
host-3/diameter_distribution_host-3.csv
host-3/diameter_profile_host-3.csv
host-3/min_diameter_profile_host-3.csv
host-asb1/average_diameter_host-asb1.csv
host-asb1/diameter_distribution_host-asb1.csv
host-asb1/diameter_profile_host-asb1.csv
host-asb1/min_diameter_profile_host-asb1.csv
host-asb10/average_diameter_host-asb10.csv
host-asb10/diameter_distribution_host-asb10.csv
host-asb10/diameter_profile_host-asb10.csv
host-asb10/min_diameter_profile_host-asb10.csv
host-asb11/average_diameter_host-asb11.csv
host-asb11/diameter_distribution_host-asb11.csv
host-asb11/diameter_profile_host-asb11.csv
host-asb11/min_diameter_profile_host-asb11.csv
host-asb12/average_diameter_host-asb12.csv
host-asb12/diameter_distribution_host-asb12.csv
host-asb12/diameter_profile_host-asb12.csv
host-asb12/min_diameter_profile_host-asb12.csv
host-asb13/average_diameter_host-asb13.csv
host-asb13/diameter_distribution_host-asb13.csv
host-asb13/diameter_profile_host-asb13.csv
host-asb13/min_diameter_profile_host-asb13.csv
host-asb14/average_diameter_host-asb14.csv
host-asb14/diameter_distribution_host-asb14.csv
host-asb14/diameter_profile_host-asb14.csv
host-asb14/min_diameter_profile_host-asb14.csv
host-asb15/average_diameter_host-asb15.csv
host-asb15/diameter_distribution_host-asb15.csv
host-asb15/diameter_profile_host-asb15.csv
host-asb15/min_diameter_profile_host-asb15.csv
host-asb16/average_diameter_host-asb16.csv
host-asb16/diameter_distribution_host-asb16.csv
host-asb16/diameter_profile_host-asb16.csv
host-asb16/min_diameter_profile_host-asb16.csv
host-asb17/average_diameter_host-asb17.csv
host-asb17/diameter_distribution_host-asb17.csv
host-asb17/diameter_profile_host-asb17.csv
host-asb17/min_diameter_profile_host-asb17.csv
host-asb18/average_diameter_host-asb18.csv
host-asb18/diameter_distribution_host-asb18.csv
host-asb18/diameter_profile_host-asb18.csv
host-asb18/min_diameter_profile_host-asb18.csv
host-asb2/average_diameter_host-asb2.csv
host-asb2/diameter_distribution_host-asb2.csv
host-asb2/diameter_profile_host-asb2.csv
host-asb2/min_diameter_profile_host-asb2.csv
host-asb3/average_diameter_host-asb3.csv
host-asb3/diameter_distribution_host-asb3.csv
host-asb3/diameter_profile_host-asb3.csv
host-asb3/min_diameter_profile_host-asb3.csv
host-asb4/average_diameter_host-asb4.csv
host-asb4/diameter_distribution_host-asb4.csv
host-asb4/diameter_profile_host-asb4.csv
host-asb4/min_diameter_profile_host-asb4.csv
host-asb5/average_diameter_host-asb5.csv
host-asb5/diameter_distribution_host-asb5.csv
host-asb5/diameter_profile_host-asb5.csv
host-asb5/min_diameter_profile_host-asb5.csv
host-asb6/average_diameter_host-asb6.csv
host-asb6/diameter_distribution_host-asb6.csv
host-asb6/diameter_profile_host-asb6.csv
host-asb6/min_diameter_profile_host-asb6.csv
host-asb7/average_diameter_host-asb7.csv
host-asb7/diameter_distribution_host-asb7.csv
host-asb7/diameter_profile_host-asb7.csv
host-asb7/min_diameter_profile_host-asb7.csv
host-asb8/average_diameter_host-asb8.csv
host-asb8/diameter_distribution_host-asb8.csv
host-asb8/diameter_profile_host-asb8.csv
host-asb8/min_diameter_profile_host-asb8.csv
host-asb9/average_diameter_host-asb9.csv
host-asb9/diameter_distribution_host-asb9.csv
host-asb9/diameter_profile_host-asb9.csv
host-asb9/min_diameter_profile_host-asb9.csv
host-cyc2/average_diameter_host-cyc2.csv
host-cyc2/diameter_distribution_host-cyc2.csv
host-cyc2/diameter_profile_host-cyc2.csv
host-cyc2/min_diameter_profile_host-cyc2.csv
host-davis/average_diameter_host-davis.csv
host-davis/diameter_distribution_host-davis.csv
host-davis/diameter_profile_host-davis.csv
host-davis/min_diameter_profile_host-davis.csv
host-davis3water/average_diameter_host-davis3water.csv
host-davis3water/diameter_distribution_host-davis3water.csv
host-davis3water/diameter_profile_host-davis3water.csv
host-davis3water/min_diameter_profile_host-davis3water.csv
host-dcbzdb1/average_diameter_host-dcbzdb1.csv
host-dcbzdb1/diameter_distribution_host-dcbzdb1.csv
host-dcbzdb1/diameter_profile_host-dcbzdb1.csv
host-dcbzdb1/min_diameter_profile_host-dcbzdb1.csv
host-dcbzdb2/average_diameter_host-dcbzdb2.csv
host-dcbzdb2/diameter_distribution_host-dcbzdb2.csv
host-dcbzdb2/diameter_profile_host-dcbzdb2.csv
host-dcbzdb2/min_diameter_profile_host-dcbzdb2.csv
host-dcddc1/average_diameter_host-dcddc1.csv
host-dcddc1/diameter_distribution_host-dcddc1.csv
host-dcddc1/diameter_profile_host-dcddc1.csv
host-dcddc1/min_diameter_profile_host-dcddc1.csv
host-dcddc2/average_diameter_host-dcddc2.csv
host-dcddc2/diameter_distribution_host-dcddc2.csv
host-dcddc2/diameter_profile_host-dcddc2.csv
host-dcddc2/min_diameter_profile_host-dcddc2.csv
host-dcddc3/average_diameter_host-dcddc3.csv
host-dcddc3/diameter_distribution_host-dcddc3.csv
host-dcddc3/diameter_profile_host-dcddc3.csv
host-dcddc3/min_diameter_profile_host-dcddc3.csv
host-hub/average_diameter_host-hub.csv
host-hub/diameter_distribution_host-hub.csv
host-hub/diameter_profile_host-hub.csv
host-hub/min_diameter_profile_host-hub.csv
host-hub1/average_diameter_host-hub1.csv
host-hub1/diameter_distribution_host-hub1.csv
host-hub1/diameter_profile_host-hub1.csv
host-hub1/min_diameter_profile_host-hub1.csv
host-hub2/average_diameter_host-hub2.csv
host-hub2/diameter_distribution_host-hub2.csv
host-hub2/diameter_profile_host-hub2.csv
host-hub2/min_diameter_profile_host-hub2.csv
host-hub4/average_diameter_host-hub4.csv
host-hub4/diameter_distribution_host-hub4.csv
host-hub4/diameter_profile_host-hub4.csv
host-hub4/min_diameter_profile_host-hub4.csv
host-hub5/average_diameter_host-hub5.csv
host-hub5/diameter_distribution_host-hub5.csv
host-hub5/diameter_profile_host-hub5.csv
host-hub5/min_diameter_profile_host-hub5.csv
host-M1/average_diameter_host-M1.csv
host-M1/diameter_distribution_host-M1.csv
host-M1/diameter_profile_host-M1.csv
host-M1/min_diameter_profile_host-M1.csv
host-M3/average_diameter_host-M3.csv
host-M3/diameter_distribution_host-M3.csv
host-M3/diameter_profile_host-M3.csv
host-M3/min_diameter_profile_host-M3.csv
host-M5/average_diameter_host-M5.csv
host-M5/diameter_distribution_host-M5.csv
host-M5/diameter_profile_host-M5.csv
host-M5/min_diameter_profile_host-M5.csv
host-M6/average_diameter_host-M6.csv
host-M6/diameter_distribution_host-M6.csv
host-M6/diameter_profile_host-M6.csv
host-M6/min_diameter_profile_host-M6.csv
host-roelen/average_diameter_host-roelen.csv
host-roelen/diameter_distribution_host-roelen.csv
host-roelen/diameter_profile_host-roelen.csv
host-roelen/min_diameter_profile_host-roelen.csv
host-t6n3/average_diameter_host-t6n3.csv
host-t6n3/diameter_distribution_host-t6n3.csv
host-t6n3/diameter_profile_host-t6n3.csv
host-t6n3/min_diameter_profile_host-t6n3.csv
