 *** Program HOLE ***
 
 If results of this run are reported or published, please
 cite the publication listed below.
 For the HOLE program:
   Smart, O.S., Goodfellow, J.M., Wallace, B.A. (1993). 
   The pore dimensions of gramicidin A. 
   Biophys. J., 65, 2455-2460.
 
 Originally written by Oliver Smart at Birkbeck College from April 1992.
 Copyright 1993-2005 Oliver Smart
 Copyright 2014-2015 SmartSci Limited.
 Copyright 2016 Oliver Smart.
 
 For help on HOLE suite see  http://www.holeprogram.org/
 
 HOLE release 2.2.005 (07 August 2016) 
 
 usage subject to Apache License, Version 2.0 
 see http://www.apache.org/licenses/LICENSE-2.0 

 Control variables read:

! Input file for Oliver Smart's HOLE program
! written by MDAnalysis.analysis.hole2.HoleAnalysis
! for a Universe
! u = mda.Universe(host_asb22.mol2
!    host_asb22.mol2
!   )
! Frame 0

COORD  /tmp/tmpy651pw7n.pdb
RADIUS simple2.rad
SPHPDB hole000.sph
SAMPLE 0.200000
ENDRAD 22.000000
IGNORE SOL WAT TIP HOH K   NA  CL
SHORTO 0
RASEED 31415
CPOINT -0.0218773595 0.0556886689 0.0040849041


 WARNING have not found a CVECT record - will try to guess
 Input pdb filename read as:    '/tmp/tmpy651pw7n.pdb'
 Input vdW radius file read as: 'simple2.rad'
 point in channel:   -0.022   0.056   0.004
 channel vector:   ************************
 sampling distance between planes:    0.200

 graphics conditions:
 binary plot output file name: NONE
 Dot density:    10
 Draw dots?           T
 Draw close contacts? F
 Draw centre line?    T
 Produce spikes rather than dots? F
 Seed for random number generator:     31415 (0 means value set by program)
 Radius above which a result is regarded as an 'end':  22.000
 Pdb format file for sphere centres: hole000.sph

 Monte Carlo conditions:
  no of steps:  1000
  maximum displacement   0.100 angs
  'kT' initial   0.100 angs
 The spherebox and capsule options are turned off.
 (No molqpt card so will not write qpt file of the molecule)
 IGNORE card read so will ignore residue types: SOL WAT TIP HOH K   NA  CL
 no SHORTO card read so will produce full textual output
 As no PEGRAT card was found will not produce PEG polymer exclusion graph
 (No 2DMAPS card specified so will not produce 2D property maps)
 Have not found a CUT card.  Normal calculation using
   Cutoff lists with a cutsize=       1.000
   (if you wish to turn off option use a CUT -1 card)

 Have read     7 bond radius records and
              16 vdW radius records.
 From file: simple2.rad

 Have read   106 atom records.
 From file: /tmp/tmpy651pw7n.pdb
 Will not produce graphical output

 Have opened file for pdb format output of sphere centres:  hole000.sph

  Seed integer used by ran # generator on this run      31415

 
 S/R cguess will try to guess CPOINT and/or CVECT
 
 THESE GUESSES MAY WELL BE WRONG!!!!
 Routine relies on having a reasonably symmetric
 channel oriented along x, y or z vector
 YOU ARE STRONGLY ADVISED TO CHECK THE RESULTS
                       WITH MOLECULAR GRAPHICS
 testing points from cpoint in X, Y then Z direction
   point                   pore radius
direction     1
  -5.022   0.056   0.004    -1.662
  -4.022   0.056   0.004    -0.699
  -3.022   0.056   0.004     0.197
  -2.022   0.056   0.004     0.816
  -1.022   0.056   0.004     1.494
  -0.022   0.056   0.004     2.311
   0.978   0.056   0.004     2.137
   1.978   0.056   0.004     1.147
   2.978   0.056   0.004     0.175
   3.978   0.056   0.004    -0.610
   4.978   0.056   0.004    -1.341
 Average pore radius along the line=      0.361
direction     2
  -0.022  -4.944   0.004    -0.945
  -0.022  -3.944   0.004    -0.408
  -0.022  -2.944   0.004     0.446
  -0.022  -1.944   0.004     1.356
  -0.022  -0.944   0.004     2.318
  -0.022   0.056   0.004     2.311
  -0.022   1.056   0.004     1.964
  -0.022   2.056   0.004     1.510
  -0.022   3.056   0.004     0.625
  -0.022   4.056   0.004    -0.218
  -0.022   5.056   0.004    -0.753
 Average pore radius along the line=      0.746
direction     3
  -0.022   0.056  -4.996     3.975
  -0.022   0.056  -3.996     3.295
  -0.022   0.056  -2.996     2.738
  -0.022   0.056  -1.996     2.359
  -0.022   0.056  -0.996     2.207
  -0.022   0.056   0.004     2.311
  -0.022   0.056   1.004     2.651
  -0.022   0.056   2.004     3.123
  -0.022   0.056   3.004     3.383
  -0.022   0.056   4.004     3.839
  -0.022   0.056   5.004     4.443
 Average pore radius along the line=      3.120
 Best direction is found to be     3
(1=X,2=Y,3=Z)
 s/r cguess has produced initial values for cpoint &/or cvect:
CPOINT      -0.0219      0.0557      0.0041
CVECT        0.0000      0.0000      1.0000
 THESE GUESSES MAY WELL BE WRONG!!!!
 Routine relies on having a reasonably symmetric
 channel oriented along x, y or z vector
 YOU ARE STRONGLY ADVISED TO CHECK THE RESULTS
                       WITH MOLECULAR GRAPHICS
 
 
  Some routines (e.g. conn) need vectors normal to cvect: 
     EAST Zero degrees angle is along vector    1.000   0.000   0.000
     NORTH  90 degrees angle is along vector    0.000  -1.000   0.000
 highest radius point found:
  at point    0.322  -0.299   0.004
  closest atom surface    2.771   N2  ASB X    0
  2nd closest surface     2.772   H23 ASB X    0
  found on step  937
  this is also current point
  no. of rejections          409
 stored as     0

 highest radius point found:
  at point    0.303  -0.266   0.204
  closest atom surface    2.787   O3  ASB X    0
  2nd closest surface     2.791   C21 ASB X    0
  found on step  941
  this is also current point
  no. of rejections          380
 stored as     1

 highest radius point found:
  at point    0.296  -0.214   0.404
  closest atom surface    2.810   O3  ASB X    0
  2nd closest surface     2.810   H20 ASB X    0
  found on step  919
  this is also current point
  no. of rejections          401
 stored as     2

 highest radius point found:
  at point    0.301  -0.118   0.604
  closest atom surface    2.832   H23 ASB X    0
  2nd closest surface     2.833   O3  ASB X    0
  found on step  942
  this is also current point
  no. of rejections          378
 stored as     3

 highest radius point found:
  at point    0.296  -0.042   0.804
  closest atom surface    2.868   O3  ASB X    0
  2nd closest surface     2.869   H20 ASB X    0
  found on step   51
 current point:
  at point    0.294  -0.047   0.804
  closest atom surface    2.867   H20 ASB X    0
  2nd closest surface     2.867   O3  ASB X    0
  found on step  989
  no. of rejections          403
 stored as     4

 highest radius point found:
  at point    0.304   0.050   1.004
  closest atom surface    2.915   H23 ASB X    0
  2nd closest surface     2.916   O3  ASB X    0
  found on step  918
  this is also current point
  no. of rejections          380
 stored as     5

 highest radius point found:
  at point    0.308   0.139   1.204
  closest atom surface    2.972   H23 ASB X    0
  2nd closest surface     2.972   O3  ASB X    0
  found on step  256
 current point:
  at point    0.304   0.129   1.204
  closest atom surface    2.972   H20 ASB X    0
  2nd closest surface     2.972   O3  ASB X    0
  found on step  997
  no. of rejections          380
 stored as     6

 highest radius point found:
  at point    0.285   0.189   1.404
  closest atom surface    3.028   N4  ASB X    0
  2nd closest surface     3.028   H20 ASB X    0
  found on step   90
 current point:
  at point    0.283   0.198   1.404
  closest atom surface    3.025   N4  ASB X    0
  2nd closest surface     3.025   O3  ASB X    0
  found on step  996
  no. of rejections          405
 stored as     7

 highest radius point found:
  at point    0.253   0.238   1.604
  closest atom surface    3.090   O3  ASB X    0
  2nd closest surface     3.091   N4  ASB X    0
  found on step  941
  this is also current point
  no. of rejections          381
 stored as     8

 highest radius point found:
  at point    0.186   0.246   1.804
  closest atom surface    3.144   O3  ASB X    0
  2nd closest surface     3.147   H20 ASB X    0
  found on step  368
 current point:
  at point    0.190   0.259   1.804
  closest atom surface    3.143   H36 ASB X    0
  2nd closest surface     3.143   O3  ASB X    0
  found on step  979
  no. of rejections          368
 stored as     9

 highest radius point found:
  at point    0.124   0.255   2.004
  closest atom surface    3.210   H36 ASB X    0
  2nd closest surface     3.210   H20 ASB X    0
  found on step  939
  this is also current point
  no. of rejections          372
 stored as    10

 highest radius point found:
  at point    0.052   0.257   2.204
  closest atom surface    3.282   H36 ASB X    0
  2nd closest surface     3.282   H20 ASB X    0
  found on step  825
 current point:
  at point    0.060   0.258   2.204
  closest atom surface    3.278   H36 ASB X    0
  2nd closest surface     3.280   H20 ASB X    0
  found on step  957
  no. of rejections          367
 stored as    11

 highest radius point found:
  at point   -0.017   0.259   2.404
  closest atom surface    3.362   H20 ASB X    0
  2nd closest surface     3.363   H36 ASB X    0
  found on step  959
  this is also current point
  no. of rejections          377
 stored as    12

 highest radius point found:
  at point   -0.083   0.264   2.604
  closest atom surface    3.448   H36 ASB X    0
  2nd closest surface     3.449   H34 ASB X    0
  found on step  819
 current point:
  at point   -0.091   0.262   2.604
  closest atom surface    3.447   O3  ASB X    0
  2nd closest surface     3.452   H36 ASB X    0
  found on step  990
  no. of rejections          386
 stored as    13

 highest radius point found:
  at point   -0.153   0.260   2.804
  closest atom surface    3.543   H20 ASB X    0
  2nd closest surface     3.544   H34 ASB X    0
  found on step  645
 current point:
  at point   -0.166   0.254   2.804
  closest atom surface    3.542   O3  ASB X    0
  2nd closest surface     3.546   H20 ASB X    0
  found on step  957
  no. of rejections          357
 stored as    14

 highest radius point found:
  at point   -0.235   0.252   3.004
  closest atom surface    3.645   O3  ASB X    0
  2nd closest surface     3.647   H20 ASB X    0
  found on step  666
 current point:
  at point   -0.233   0.255   3.004
  closest atom surface    3.645   O3  ASB X    0
  2nd closest surface     3.649   H20 ASB X    0
  found on step  975
  no. of rejections          343
 stored as    15

 highest radius point found:
  at point   -0.298   0.257   3.204
  closest atom surface    3.756   O3  ASB X    0
  2nd closest surface     3.758   H34 ASB X    0
  found on step  845
 current point:
  at point   -0.298   0.258   3.204
  closest atom surface    3.756   O3  ASB X    0
  2nd closest surface     3.757   H34 ASB X    0
  found on step  933
  no. of rejections          352
 stored as    16

 highest radius point found:
  at point   -0.385   0.237   3.404
  closest atom surface    3.867   O3  ASB X    0
  2nd closest surface     3.870   H20 ASB X    0
  found on step  966
  this is also current point
  no. of rejections          330
 stored as    17

 highest radius point found:
  at point   -0.436   0.252   3.604
  closest atom surface    3.993   H20 ASB X    0
  2nd closest surface     3.993   H34 ASB X    0
  found on step  926
  this is also current point
  no. of rejections          364
 stored as    18

 highest radius point found:
  at point   -0.507   0.246   3.804
  closest atom surface    4.119   O3  ASB X    0
  2nd closest surface     4.120   H20 ASB X    0
  found on step 1000
  this is also current point
  no. of rejections          352
 stored as    19

 highest radius point found:
  at point   -0.573   0.248   4.004
  closest atom surface    4.251   O3  ASB X    0
  2nd closest surface     4.253   H34 ASB X    0
  found on step  565
 current point:
  at point   -0.574   0.249   4.004
  closest atom surface    4.250   O3  ASB X    0
  2nd closest surface     4.252   H34 ASB X    0
  found on step  996
  no. of rejections          332
 stored as    20

 highest radius point found:
  at point   -0.642   0.242   4.204
  closest atom surface    4.388   O3  ASB X    0
  2nd closest surface     4.388   H20 ASB X    0
  found on step  996
  this is also current point
  no. of rejections          379
 stored as    21

 highest radius point found:
  at point   -0.685   0.240   4.404
  closest atom surface    4.514   C3  ASB X    0
  2nd closest surface     4.515   H34 ASB X    0
  found on step  716
 current point:
  at point   -0.686   0.241   4.404
  closest atom surface    4.513   C3  ASB X    0
  2nd closest surface     4.515   H34 ASB X    0
  found on step  952
  no. of rejections          348
 stored as    22

 highest radius point found:
  at point   -0.712   0.228   4.604
  closest atom surface    4.635   H20 ASB X    0
  2nd closest surface     4.638   H34 ASB X    0
  found on step  666
 current point:
  at point   -0.717   0.236   4.604
  closest atom surface    4.635   C3  ASB X    0
  2nd closest surface     4.637   H34 ASB X    0
  found on step  971
  no. of rejections          375
 stored as    23

 highest radius point found:
  at point   -0.747   0.226   4.804
  closest atom surface    4.762   C3  ASB X    0
  2nd closest surface     4.764   H34 ASB X    0
  found on step  167
 current point:
  at point   -0.750   0.218   4.804
  closest atom surface    4.759   C3  ASB X    0
  2nd closest surface     4.765   H20 ASB X    0
  found on step  908
  no. of rejections          336
 stored as    24

 highest radius point found:
  at point   -0.770   0.213   5.004
  closest atom surface    4.893   H20 ASB X    0
  2nd closest surface     4.893   H34 ASB X    0
  found on step  787
 current point:
  at point   -0.770   0.212   5.004
  closest atom surface    4.893   H20 ASB X    0
  2nd closest surface     4.894   H34 ASB X    0
  found on step  968
  no. of rejections          344
 stored as    25

 highest radius point found:
  at point   -0.799   0.206   5.204
  closest atom surface    5.027   H34 ASB X    0
  2nd closest surface     5.028   H20 ASB X    0
  found on step  921
  this is also current point
  no. of rejections          346
 stored as    26

 highest radius point found:
  at point   -0.832   0.198   5.404
  closest atom surface    5.165   C3  ASB X    0
  2nd closest surface     5.168   H34 ASB X    0
  found on step  987
  this is also current point
  no. of rejections          348
 stored as    27

 highest radius point found:
  at point   -0.861   0.190   5.604
  closest atom surface    5.306   C3  ASB X    0
  2nd closest surface     5.309   H34 ASB X    0
  found on step   79
 current point:
  at point   -0.860   0.196   5.604
  closest atom surface    5.306   H34 ASB X    0
  2nd closest surface     5.307   C3  ASB X    0
  found on step  966
  no. of rejections          336
 stored as    28

 highest radius point found:
  at point   -0.885   0.180   5.804
  closest atom surface    5.451   H34 ASB X    0
  2nd closest surface     5.452   H20 ASB X    0
  found on step  992
  this is also current point
  no. of rejections          331
 stored as    29

 highest radius point found:
  at point   -0.914   0.173   6.004
  closest atom surface    5.599   H34 ASB X    0
  2nd closest surface     5.599   C3  ASB X    0
  found on step  993
  this is also current point
  no. of rejections          322
 stored as    30

 highest radius point found:
  at point   -0.941   0.165   6.204
  closest atom surface    5.748   H34 ASB X    0
  2nd closest surface     5.749   C3  ASB X    0
  found on step  915
  this is also current point
  no. of rejections          297
 stored as    31

 highest radius point found:
  at point   -0.970   0.156   6.404
  closest atom surface    5.900   C3  ASB X    0
  2nd closest surface     5.902   H34 ASB X    0
  found on step  877
 current point:
  at point   -0.971   0.156   6.404
  closest atom surface    5.900   C3  ASB X    0
  2nd closest surface     5.902   H34 ASB X    0
  found on step  986
  no. of rejections          309
 stored as    32

 highest radius point found:
  at point   -0.996   0.144   6.604
  closest atom surface    6.055   H20 ASB X    0
  2nd closest surface     6.055   C3  ASB X    0
  found on step  854
 current point:
  at point   -0.995   0.142   6.604
  closest atom surface    6.053   H20 ASB X    0
  2nd closest surface     6.056   C3  ASB X    0
  found on step  990
  no. of rejections          315
 stored as    33

 highest radius point found:
  at point   -1.023   0.139   6.804
  closest atom surface    6.212   C3  ASB X    0
  2nd closest surface     6.213   H34 ASB X    0
  found on step  975
  this is also current point
  no. of rejections          295
 stored as    34

 highest radius point found:
  at point   -1.047   0.128   7.004
  closest atom surface    6.371   H20 ASB X    0
  2nd closest surface     6.372   H34 ASB X    0
  found on step 1000
  this is also current point
  no. of rejections          315
 stored as    35

 highest radius point found:
  at point   -1.072   0.121   7.204
  closest atom surface    6.531   H34 ASB X    0
  2nd closest surface     6.532   H20 ASB X    0
  found on step  846
 current point:
  at point   -1.080   0.134   7.204
  closest atom surface    6.530   C3  ASB X    0
  2nd closest surface     6.530   H34 ASB X    0
  found on step  894
  no. of rejections          326
 stored as    36

 highest radius point found:
  at point   -1.097   0.110   7.404
  closest atom surface    6.693   H20 ASB X    0
  2nd closest surface     6.694   H34 ASB X    0
  found on step  842
 current point:
  at point   -1.104   0.116   7.404
  closest atom surface    6.693   C3  ASB X    0
  2nd closest surface     6.696   H34 ASB X    0
  found on step  975
  no. of rejections          278
 stored as    37

 highest radius point found:
  at point   -1.129   0.105   7.604
  closest atom surface    6.858   C3  ASB X    0
  2nd closest surface     6.860   H34 ASB X    0
  found on step  948
  this is also current point
  no. of rejections          319
 stored as    38

 highest radius point found:
  at point   -1.153   0.096   7.804
  closest atom surface    7.025   C3  ASB X    0
  2nd closest surface     7.026   H34 ASB X    0
  found on step  995
  this is also current point
  no. of rejections          271
 stored as    39

 highest radius point found:
  at point   -1.175   0.083   8.004
  closest atom surface    7.191   H20 ASB X    0
  2nd closest surface     7.194   C3  ASB X    0
  found on step  956
  this is also current point
  no. of rejections          297
 stored as    40

 highest radius point found:
  at point   -1.205   0.076   8.204
  closest atom surface    7.361   C3  ASB X    0
  2nd closest surface     7.363   H20 ASB X    0
  found on step   18
 current point:
  at point   -1.205   0.072   8.204
  closest atom surface    7.361   C3  ASB X    0
  2nd closest surface     7.362   H20 ASB X    0
  found on step  997
  no. of rejections          269
 stored as    41

 highest radius point found:
  at point   -1.228   0.066   8.404
  closest atom surface    7.532   C3  ASB X    0
  2nd closest surface     7.532   H20 ASB X    0
  found on step  980
  this is also current point
  no. of rejections          316
 stored as    42

 highest radius point found:
  at point   -1.251   0.059   8.604
  closest atom surface    7.704   H20 ASB X    0
  2nd closest surface     7.704   H34 ASB X    0
  found on step  975
  this is also current point
  no. of rejections          281
 stored as    43

 highest radius point found:
  at point   -1.282   0.042   8.804
  closest atom surface    7.875   C3  ASB X    0
  2nd closest surface     7.876   H20 ASB X    0
  found on step  957
  this is also current point
  no. of rejections          313
 stored as    44

 highest radius point found:
  at point   -1.302   0.044   9.004
  closest atom surface    8.051   C3  ASB X    0
  2nd closest surface     8.051   H34 ASB X    0
  found on step  987
  this is also current point
  no. of rejections          269
 stored as    45

 highest radius point found:
  at point   -1.314   0.032   9.204
  closest atom surface    8.221   H34 ASB X    0
  2nd closest surface     8.221   H20 ASB X    0
  found on step    2
 current point:
  at point   -1.561   0.635   9.204
  closest atom surface    8.154   C3  ASB X    0
  2nd closest surface     8.162   H34 ASB X    0
  found on step 1000
  no. of rejections          261
 stored as    46

 highest radius point found:
  at point   -1.348   0.025   9.404
  closest atom surface    8.401   H34 ASB X    0
  2nd closest surface     8.402   H20 ASB X    0
  found on step  972
  this is also current point
  no. of rejections          257
 stored as    47

 highest radius point found:
  at point   -1.375   0.015   9.604
  closest atom surface    8.579   C3  ASB X    0
  2nd closest surface     8.579   H34 ASB X    0
  found on step  943
  this is also current point
  no. of rejections          272
 stored as    48

 highest radius point found:
  at point   -1.402   0.001   9.804
  closest atom surface    8.756   C3  ASB X    0
  2nd closest surface     8.756   H20 ASB X    0
  found on step  929
  this is also current point
  no. of rejections          279
 stored as    49

 highest radius point found:
  at point   -1.425  -0.001  10.004
  closest atom surface    8.935   C3  ASB X    0
  2nd closest surface     8.936   H34 ASB X    0
  found on step  964
  this is also current point
  no. of rejections          249
 stored as    50

 highest radius point found:
  at point   -1.446  -0.010  10.204
  closest atom surface    9.114   H34 ASB X    0
  2nd closest surface     9.116   H20 ASB X    0
  found on step  807
 current point:
  at point   -1.452  -0.016  10.204
  closest atom surface    9.114   C3  ASB X    0
  2nd closest surface     9.116   H20 ASB X    0
  found on step  927
  no. of rejections          248
 stored as    51

 highest radius point found:
  at point   -1.471  -0.022  10.404
  closest atom surface    9.296   H20 ASB X    0
  2nd closest surface     9.296   C3  ASB X    0
  found on step  944
  this is also current point
  no. of rejections          253
 stored as    52

 highest radius point found:
  at point   -1.499  -0.038  10.604
  closest atom surface    9.476   H20 ASB X    0
  2nd closest surface     9.476   C3  ASB X    0
  found on step  911
  this is also current point
  no. of rejections          256
 stored as    53

 highest radius point found:
  at point   -1.521  -0.043  10.804
  closest atom surface    9.658   H20 ASB X    0
  2nd closest surface     9.659   C3  ASB X    0
  found on step  991
  this is also current point
  no. of rejections          251
 stored as    54

 highest radius point found:
  at point   -1.543  -0.048  11.004
  closest atom surface    9.842   H20 ASB X    0
  2nd closest surface     9.842   C3  ASB X    0
  found on step  959
  this is also current point
  no. of rejections          233
 stored as    55

 highest radius point found:
  at point   -1.568  -0.059  11.204
  closest atom surface   10.024   H20 ASB X    0
  2nd closest surface    10.025   C3  ASB X    0
  found on step  983
  this is also current point
  no. of rejections          231
 stored as    56

 highest radius point found:
  at point   -1.589  -0.065  11.404
  closest atom surface   10.208   H34 ASB X    0
  2nd closest surface    10.208   H20 ASB X    0
  found on step  950
  this is also current point
  no. of rejections          264
 stored as    57

 highest radius point found:
  at point   -1.631  -0.067  11.604
  closest atom surface   10.388   C3  ASB X    0
  2nd closest surface    10.398   H34 ASB X    0
  found on step  993
  this is also current point
  no. of rejections          214
 stored as    58

 highest radius point found:
  at point   -1.636  -0.085  11.804
  closest atom surface   10.577   H20 ASB X    0
  2nd closest surface    10.577   H34 ASB X    0
  found on step  940
  this is also current point
  no. of rejections          241
 stored as    59

 highest radius point found:
  at point   -1.661  -0.090  12.004
  closest atom surface   10.763   H34 ASB X    0
  2nd closest surface    10.764   C3  ASB X    0
  found on step  991
  this is also current point
  no. of rejections          239
 stored as    60

 highest radius point found:
  at point   -1.685  -0.104  12.204
  closest atom surface   10.949   H20 ASB X    0
  2nd closest surface    10.949   C3  ASB X    0
  found on step  964
  this is also current point
  no. of rejections          256
 stored as    61

 highest radius point found:
  at point   -1.709  -0.112  12.404
  closest atom surface   11.136   C3  ASB X    0
  2nd closest surface    11.136   H20 ASB X    0
  found on step  978
  this is also current point
  no. of rejections          249
 stored as    62

 highest radius point found:
  at point   -1.709  -0.112  12.604
  closest atom surface   11.312   H34 ASB X    0
  2nd closest surface    11.318   H20 ASB X    0
  found on step    1
 current point:
  at point   -2.252   1.295  12.604
  closest atom surface   11.251   C3  ASB X    0
  2nd closest surface    11.251   H34 ASB X    0
  found on step  929
  no. of rejections          222
 stored as    63

 highest radius point found:
  at point   -1.755  -0.129  12.804
  closest atom surface   11.510   C3  ASB X    0
  2nd closest surface    11.510   H34 ASB X    0
  found on step  997
  this is also current point
  no. of rejections          224
 stored as    64

 highest radius point found:
  at point   -1.770  -0.146  13.004
  closest atom surface   11.693   H20 ASB X    0
  2nd closest surface    11.697   H34 ASB X    0
  found on step   57
 current point:
  at point   -2.045  -1.100  13.004
  closest atom surface   11.561   C21 ASB X    0
  2nd closest surface    11.562   H10 ASB X    0
  found on step  990
  no. of rejections          179
 stored as    65

 highest radius point found:
  at point   -1.802  -0.147  13.204
  closest atom surface   11.886   C3  ASB X    0
  2nd closest surface    11.886   H20 ASB X    0
  found on step  927
  this is also current point
  no. of rejections          253
 stored as    66

 highest radius point found:
  at point   -1.828  -0.159  13.404
  closest atom surface   12.074   C3  ASB X    0
  2nd closest surface    12.075   H20 ASB X    0
  found on step  960
  this is also current point
  no. of rejections          233
 stored as    67

 highest radius point found:
  at point   -1.852  -0.159  13.604
  closest atom surface   12.262   C3  ASB X    0
  2nd closest surface    12.263   C21 ASB X    0
  found on step  825
 current point:
  at point   -1.854  -0.149  13.604
  closest atom surface   12.262   C3  ASB X    0
  2nd closest surface    12.262   H34 ASB X    0
  found on step  991
  no. of rejections          237
 stored as    68

 highest radius point found:
  at point   -1.877  -0.164  13.804
  closest atom surface   12.450   C21 ASB X    0
  2nd closest surface    12.451   C3  ASB X    0
  found on step  905
  this is also current point
  no. of rejections          204
 stored as    69

 highest radius point found:
  at point   -1.877  -0.164  14.004
  closest atom surface   12.631   C21 ASB X    0
  2nd closest surface    12.631   H34 ASB X    0
  found on step    1
 current point:
  at point   -2.085   0.323  14.004
  closest atom surface   12.600   C3  ASB X    0
  2nd closest surface    12.602   H34 ASB X    0
  found on step  987
  no. of rejections          219
 stored as    70

 highest radius point found:
  at point   -1.934  -0.165  14.204
  closest atom surface   12.828   C3  ASB X    0
  2nd closest surface    12.831   C21 ASB X    0
  found on step  999
  this is also current point
  no. of rejections          236
 stored as    71

 highest radius point found:
  at point   -1.957  -0.162  14.404
  closest atom surface   13.018   C3  ASB X    0
  2nd closest surface    13.020   H34 ASB X    0
  found on step   93
 current point:
  at point   -1.960  -0.165  14.404
  closest atom surface   13.017   C3  ASB X    0
  2nd closest surface    13.020   C21 ASB X    0
  found on step  938
  no. of rejections          213
 stored as    72

 highest radius point found:
  at point   -1.980  -0.162  14.604
  closest atom surface   13.208   H34 ASB X    0
  2nd closest surface    13.208   C3  ASB X    0
  found on step  252
 current point:
  at point   -2.201   0.436  14.604
  closest atom surface   13.165   H34 ASB X    0
  2nd closest surface    13.165   C3  ASB X    0
  found on step  997
  no. of rejections          214
 stored as    73

 highest radius point found:
  at point   -2.008  -0.172  14.804
  closest atom surface   13.398   C3  ASB X    0
  2nd closest surface    13.398   C21 ASB X    0
  found on step  538
 current point:
  at point   -2.012  -0.180  14.804
  closest atom surface   13.397   C3  ASB X    0
  2nd closest surface    13.398   C21 ASB X    0
  found on step  963
  no. of rejections          227
 stored as    74

 highest radius point found:
  at point   -2.035  -0.173  15.004
  closest atom surface   13.588   C3  ASB X    0
  2nd closest surface    13.589   C21 ASB X    0
  found on step  954
  this is also current point
  no. of rejections          217
 stored as    75

 highest radius point found:
  at point   -2.056  -0.168  15.204
  closest atom surface   13.780   H34 ASB X    0
  2nd closest surface    13.780   C3  ASB X    0
  found on step  905
  this is also current point
  no. of rejections          191
 stored as    76

 highest radius point found:
  at point   -2.081  -0.172  15.404
  closest atom surface   13.970   C21 ASB X    0
  2nd closest surface    13.971   H34 ASB X    0
  found on step  984
  this is also current point
  no. of rejections          189
 stored as    77

 highest radius point found:
  at point   -2.125  -0.164  15.604
  closest atom surface   14.159   C3  ASB X    0
  2nd closest surface    14.166   H34 ASB X    0
  found on step   35
 current point:
  at point   -2.320  -0.593  15.604
  closest atom surface   14.135   C3  ASB X    0
  2nd closest surface    14.136   C21 ASB X    0
  found on step  995
  no. of rejections          212
 stored as    78

 highest radius point found:
  at point   -2.138  -0.164  15.804
  closest atom surface   14.353   C3  ASB X    0
  2nd closest surface    14.353   H34 ASB X    0
  found on step   61
 current point:
  at point   -2.605   1.112  15.804
  closest atom surface   14.302   H34 ASB X    0
  2nd closest surface    14.303   C3  ASB X    0
  found on step  990
  no. of rejections          197
 stored as    79

 highest radius point found:
  at point   -2.160  -0.175  16.004
  closest atom surface   14.545   C3  ASB X    0
  2nd closest surface    14.546   C21 ASB X    0
  found on step  999
  this is also current point
  no. of rejections          228
 stored as    80

 highest radius point found:
  at point   -2.193  -0.166  16.204
  closest atom surface   14.736   C3  ASB X    0
  2nd closest surface    14.738   H34 ASB X    0
  found on step    4
 current point:
  at point   -2.194  -0.151  16.204
  closest atom surface   14.735   H34 ASB X    0
  2nd closest surface    14.736   C3  ASB X    0
  found on step  953
  no. of rejections          222
 stored as    81

 highest radius point found:
  at point   -2.211  -0.179  16.404
  closest atom surface   14.929   C21 ASB X    0
  2nd closest surface    14.930   C3  ASB X    0
  found on step  896
  this is also current point
  no. of rejections          177
 stored as    82

 highest radius point found:
  at point   -2.244  -0.192  16.604
  closest atom surface   15.121   C3  ASB X    0
  2nd closest surface    15.121   C21 ASB X    0
  found on step   17
 current point:
  at point   -2.343   0.150  16.604
  closest atom surface   15.095   H34 ASB X    0
  2nd closest surface    15.102   C3  ASB X    0
  found on step 1000
  no. of rejections          191
 stored as    83

 highest radius point found:
  at point   -2.269  -0.183  16.804
  closest atom surface   15.314   C3  ASB X    0
  2nd closest surface    15.316   C21 ASB X    0
  found on step  997
  this is also current point
  no. of rejections          190
 stored as    84

 highest radius point found:
  at point   -2.291  -0.174  17.004
  closest atom surface   15.507   C3  ASB X    0
  2nd closest surface    15.507   H34 ASB X    0
  found on step  535
 current point:
  at point   -2.297  -0.170  17.004
  closest atom surface   15.506   C3  ASB X    0
  2nd closest surface    15.509   H34 ASB X    0
  found on step  991
  no. of rejections          189
 stored as    85

 highest radius point found:
  at point   -2.318  -0.185  17.204
  closest atom surface   15.700   C3  ASB X    0
  2nd closest surface    15.702   C21 ASB X    0
  found on step  314
 current point:
  at point   -2.527  -0.607  17.204
  closest atom surface   15.679   C3  ASB X    0
  2nd closest surface    15.679   C21 ASB X    0
  found on step  975
  no. of rejections          216
 stored as    86

 highest radius point found:
  at point   -2.347  -0.170  17.404
  closest atom surface   15.892   C3  ASB X    0
  2nd closest surface    15.894   H34 ASB X    0
  found on step   12
 current point:
  at point   -2.572  -0.647  17.404
  closest atom surface   15.872   C21 ASB X    0
  2nd closest surface    15.872   C3  ASB X    0
  found on step  986
  no. of rejections          192
 stored as    87

 highest radius point found:
  at point   -2.366  -0.187  17.604
  closest atom surface   16.087   C3  ASB X    0
  2nd closest surface    16.087   C21 ASB X    0
  found on step  968
  this is also current point
  no. of rejections          189
 stored as    88

 highest radius point found:
  at point   -2.366  -0.187  17.804
  closest atom surface   16.274   C21 ASB X    0
  2nd closest surface    16.274   H34 ASB X    0
  found on step    1
 current point:
  at point   -2.452  -0.313  17.804
  closest atom surface   16.273   C21 ASB X    0
  2nd closest surface    16.274   C3  ASB X    0
  found on step  980
  no. of rejections          180
 stored as    89

 highest radius point found:
  at point   -2.430  -0.220  18.004
  closest atom surface   16.472   C21 ASB X    0
  2nd closest surface    16.473   C3  ASB X    0
  found on step    9
 current point:
  at point   -2.496  -0.345  18.004
  closest atom surface   16.466   C3  ASB X    0
  2nd closest surface    16.466   C21 ASB X    0
  found on step  989
  no. of rejections          186
 stored as    90

 highest radius point found:
  at point   -2.440  -0.187  18.204
  closest atom surface   16.668   C21 ASB X    0
  2nd closest surface    16.669   H34 ASB X    0
  found on step  984
  this is also current point
  no. of rejections          186
 stored as    91

 highest radius point found:
  at point   -2.492  -0.221  18.404
  closest atom surface   16.860   C3  ASB X    0
  2nd closest surface    16.864   C21 ASB X    0
  found on step    7
 current point:
  at point   -2.929   1.081  18.404
  closest atom surface   16.826   H34 ASB X    0
  2nd closest surface    16.826   C3  ASB X    0
  found on step  898
  no. of rejections          208
 stored as    92

 highest radius point found:
  at point   -2.525  -0.222  18.604
  closest atom surface   17.053   C3  ASB X    0
  2nd closest surface    17.060   C21 ASB X    0
  found on step    4
 current point:
  at point   -2.767   0.547  18.604
  closest atom surface   17.024   C3  ASB X    0
  2nd closest surface    17.026   H34 ASB X    0
  found on step  999
  no. of rejections          207
 stored as    93

 highest radius point found:
  at point   -2.518  -0.188  18.804
  closest atom surface   17.252   C3  ASB X    0
  2nd closest surface    17.252   H34 ASB X    0
  found on step  960
  this is also current point
  no. of rejections          221
 stored as    94

 highest radius point found:
  at point   -2.547  -0.196  19.004
  closest atom surface   17.446   C3  ASB X    0
  2nd closest surface    17.446   C21 ASB X    0
  found on step  830
 current point:
  at point   -2.548  -0.192  19.004
  closest atom surface   17.446   C3  ASB X    0
  2nd closest surface    17.447   C21 ASB X    0
  found on step  982
  no. of rejections          196
 stored as    95

 highest radius point found:
  at point   -2.569  -0.193  19.204
  closest atom surface   17.641   C21 ASB X    0
  2nd closest surface    17.641   C3  ASB X    0
  found on step  913
  this is also current point
  no. of rejections          207
 stored as    96

 highest radius point found:
  at point   -2.606  -0.211  19.404
  closest atom surface   17.835   C3  ASB X    0
  2nd closest surface    17.836   C21 ASB X    0
  found on step    3
 current point:
  at point   -2.756   0.218  19.404
  closest atom surface   17.814   C3  ASB X    0
  2nd closest surface    17.819   H34 ASB X    0
  found on step  998
  no. of rejections          200
 stored as    97

 highest radius point found:
  at point   -2.622  -0.188  19.604
  closest atom surface   18.031   C3  ASB X    0
  2nd closest surface    18.031   H34 ASB X    0
  found on step  956
  this is also current point
  no. of rejections          218
 stored as    98

 highest radius point found:
  at point   -2.647  -0.197  19.804
  closest atom surface   18.226   C3  ASB X    0
  2nd closest surface    18.226   C21 ASB X    0
  found on step  970
  this is also current point
  no. of rejections          209
 stored as    99

 highest radius point found:
  at point   -2.682  -0.217  20.004
  closest atom surface   18.420   C21 ASB X    0
  2nd closest surface    18.420   C3  ASB X    0
  found on step  853
 current point:
  at point   -2.674  -0.182  20.004
  closest atom surface   18.420   H34 ASB X    0
  2nd closest surface    18.421   C3  ASB X    0
  found on step  992
  no. of rejections          202
 stored as   100

 highest radius point found:
  at point   -2.682  -0.217  20.204
  closest atom surface   18.609   C21 ASB X    0
  2nd closest surface    18.616   H34 ASB X    0
  found on step    1
 current point:
  at point   -2.956  -0.951  20.204
  closest atom surface   18.564   C21 ASB X    0
  2nd closest surface    18.565   C4  ASB X    0
  found on step  995
  no. of rejections          195
 stored as   101

 highest radius point found:
  at point   -2.716  -0.197  20.404
  closest atom surface   18.811   C21 ASB X    0
  2nd closest surface    18.811   H34 ASB X    0
  found on step  971
  this is also current point
  no. of rejections          213
 stored as   102

 highest radius point found:
  at point   -2.741  -0.194  20.604
  closest atom surface   19.004   C4  ASB X    0
  2nd closest surface    19.006   H34 ASB X    0
  found on step   22
 current point:
  at point   -2.839  -0.466  20.604
  closest atom surface   18.981   C4  ASB X    0
  2nd closest surface    18.986   C21 ASB X    0
  found on step  999
  no. of rejections          190
 stored as   103

 highest radius point found:
  at point   -2.755  -0.198  20.804
  closest atom surface   19.199   C4  ASB X    0
  2nd closest surface    19.199   H34 ASB X    0
  found on step  994
  this is also current point
  no. of rejections          208
 stored as   104

 highest radius point found:
  at point   -2.776  -0.196  21.004
  closest atom surface   19.392   C4  ASB X    0
  2nd closest surface    19.393   H34 ASB X    0
  found on step  925
  this is also current point
  no. of rejections          216
 stored as   105

 highest radius point found:
  at point   -2.801  -0.221  21.204
  closest atom surface   19.585   C4  ASB X    0
  2nd closest surface    19.586   C21 ASB X    0
  found on step  960
  this is also current point
  no. of rejections          199
 stored as   106

 highest radius point found:
  at point   -2.812  -0.199  21.404
  closest atom surface   19.781   H34 ASB X    0
  2nd closest surface    19.781   C4  ASB X    0
  found on step  970
  this is also current point
  no. of rejections          210
 stored as   107

 highest radius point found:
  at point   -2.836  -0.205  21.604
  closest atom surface   19.975   C4  ASB X    0
  2nd closest surface    19.977   C21 ASB X    0
  found on step  967
  this is also current point
  no. of rejections          195
 stored as   108

 highest radius point found:
  at point   -2.852  -0.214  21.804
  closest atom surface   20.169   C21 ASB X    0
  2nd closest surface    20.170   C4  ASB X    0
  found on step  399
 current point:
  at point   -3.170   0.551  21.804
  closest atom surface   20.158   C4  ASB X    0
  2nd closest surface    20.159   H34 ASB X    0
  found on step  966
  no. of rejections          193
 stored as   109

 highest radius point found:
  at point   -2.892  -0.233  22.004
  closest atom surface   20.361   C4  ASB X    0
  2nd closest surface    20.366   C21 ASB X    0
  found on step    2
 current point:
  at point   -2.991   0.083  22.004
  closest atom surface   20.357   C4  ASB X    0
  2nd closest surface    20.357   H34 ASB X    0
  found on step  934
  no. of rejections          223
 stored as   110

 highest radius point found:
  at point   -2.896  -0.203  22.204
  closest atom surface   20.559   C4  ASB X    0
  2nd closest surface    20.561   H34 ASB X    0
  found on step   28
 current point:
  at point   -3.288   0.768  22.204
  closest atom surface   20.548   H34 ASB X    0
  2nd closest surface    20.549   C5  ASB X    0
  found on step  985
  no. of rejections          207
 stored as   111

 highest radius point found:
  at point   -2.930  -0.199  22.404
  closest atom surface   20.752   C4  ASB X    0
  2nd closest surface    20.760   H34 ASB X    0
  found on step    2
 current point:
  at point   -3.122  -1.061  22.404
  closest atom surface   20.685   C21 ASB X    0
  2nd closest surface    20.687   H4  ASB X    0
  found on step  997
  no. of rejections          206
 stored as   112

 highest radius point found:
  at point   -2.929  -0.207  22.604
  closest atom surface   20.950   C4  ASB X    0
  2nd closest surface    20.950   H34 ASB X    0
  found on step  998
  this is also current point
  no. of rejections          197
 stored as   113

 highest radius point found:
  at point   -2.952  -0.228  22.804
  closest atom surface   21.144   C4  ASB X    0
  2nd closest surface    21.144   C21 ASB X    0
  found on step  965
  this is also current point
  no. of rejections          192
 stored as   114

 highest radius point found:
  at point   -2.971  -0.199  23.004
  closest atom surface   21.340   C4  ASB X    0
  2nd closest surface    21.340   H34 ASB X    0
  found on step  648
 current point:
  at point   -2.975  -0.188  23.004
  closest atom surface   21.339   C4  ASB X    0
  2nd closest surface    21.339   H34 ASB X    0
  found on step  978
  no. of rejections          236
 stored as   115

 highest radius point found:
  at point   -2.981  -0.211  23.204
  closest atom surface   21.535   H34 ASB X    0
  2nd closest surface    21.535   H4  ASB X    0
  found on step  994
  this is also current point
  no. of rejections          220
 stored as   116

 highest radius point found:
  at point   -2.988  -0.215  23.404
  closest atom surface   21.726   H4  ASB X    0
  2nd closest surface    21.727   C21 ASB X    0
  found on step   15
 current point:
  at point   -3.304   0.576  23.404
  closest atom surface   21.713   H4  ASB X    0
  2nd closest surface    21.713   H34 ASB X    0
  found on step  950
  no. of rejections          233
 stored as   117

 highest radius point found:
  at point   -2.998  -0.199  23.604
  closest atom surface   21.918   H34 ASB X    0
  2nd closest surface    21.918   H4  ASB X    0
  found on step  961
  this is also current point
  no. of rejections          237
 stored as   118

 highest radius point found:
  at point   -3.005  -0.206  23.804
  closest atom surface   22.109   H4  ASB X    0
  2nd closest surface    22.111   H34 ASB X    0
  found on step    2
 current point:
  at point   -3.315   0.576  23.804
  closest atom surface   22.097   H4  ASB X    0
  2nd closest surface    22.097   H34 ASB X    0
  found on step  979
  no. of rejections          233
 This is an end! (radius above  22.0 angs)
 highest radius point found:
  at point    0.353  -0.271  -0.196
  closest atom surface    2.749   O3  ASB X    0
  2nd closest surface     2.751   H23 ASB X    0
  found on step  547
 current point:
  at point    0.287  -0.379  -0.196
  closest atom surface    2.745   N2  ASB X    0
  2nd closest surface     2.747   O3  ASB X    0
  found on step  980
  no. of rejections          365
 stored as    -1

 highest radius point found:
  at point    0.374  -0.286  -0.396
  closest atom surface    2.747   N2  ASB X    0
  2nd closest surface     2.747   O3  ASB X    0
  found on step  428
 current point:
  at point    0.364  -0.301  -0.396
  closest atom surface    2.744   N2  ASB X    0
  2nd closest surface     2.745   O3  ASB X    0
  found on step  991
  no. of rejections          398
 stored as    -2

 highest radius point found:
  at point    0.392  -0.293  -0.596
  closest atom surface    2.745   N2  ASB X    0
  2nd closest surface     2.747   O3  ASB X    0
  found on step  361
 current point:
  at point    0.234  -0.513  -0.596
  closest atom surface    2.726   N2  ASB X    0
  2nd closest surface     2.727   O3  ASB X    0
  found on step  963
  no. of rejections          406
 stored as    -3

 highest radius point found:
  at point    0.434  -0.258  -0.796
  closest atom surface    2.758   O3  ASB X    0
  2nd closest surface     2.763   N2  ASB X    0
  found on step  775
 current point:
  at point    0.442  -0.255  -0.796
  closest atom surface    2.756   H23 ASB X    0
  2nd closest surface     2.758   N2  ASB X    0
  found on step  992
  no. of rejections          422
 stored as    -4

 highest radius point found:
  at point    0.471  -0.233  -0.996
  closest atom surface    2.778   O3  ASB X    0
  2nd closest surface     2.781   H23 ASB X    0
  found on step  581
 current point:
  at point    0.465  -0.243  -0.996
  closest atom surface    2.778   O3  ASB X    0
  2nd closest surface     2.784   N2  ASB X    0
  found on step  975
  no. of rejections          365
 stored as    -5

 highest radius point found:
  at point    0.505  -0.221  -1.196
  closest atom surface    2.811   O3  ASB X    0
  2nd closest surface     2.811   H23 ASB X    0
  found on step  996
  this is also current point
  no. of rejections          386
 stored as    -6

 highest radius point found:
  at point    0.542  -0.204  -1.396
  closest atom surface    2.849   H23 ASB X    0
  2nd closest surface     2.850   N2  ASB X    0
  found on step  697
 current point:
  at point    0.532  -0.215  -1.396
  closest atom surface    2.849   N2  ASB X    0
  2nd closest surface     2.850   O3  ASB X    0
  found on step  870
  no. of rejections          396
 stored as    -7

 highest radius point found:
  at point    0.575  -0.184  -1.596
  closest atom surface    2.899   O3  ASB X    0
  2nd closest surface     2.899   N2  ASB X    0
  found on step  927
  this is also current point
  no. of rejections          383
 stored as    -8

 highest radius point found:
  at point    0.615  -0.156  -1.796
  closest atom surface    2.957   H23 ASB X    0
  2nd closest surface     2.957   O3  ASB X    0
  found on step  958
  this is also current point
  no. of rejections          389
 stored as    -9

 highest radius point found:
  at point    0.630  -0.165  -1.996
  closest atom surface    3.016   N2  ASB X    0
  2nd closest surface     3.017   O3  ASB X    0
  found on step  936
  this is also current point
  no. of rejections          370
 stored as   -10

 highest radius point found:
  at point    0.653  -0.163  -2.196
  closest atom surface    3.085   H33 ASB X    0
  2nd closest surface     3.085   N2  ASB X    0
  found on step  851
 current point:
  at point    0.649  -0.163  -2.196
  closest atom surface    3.083   O3  ASB X    0
  2nd closest surface     3.087   H33 ASB X    0
  found on step  995
  no. of rejections          401
 stored as   -11

 highest radius point found:
  at point    0.662  -0.178  -2.396
  closest atom surface    3.159   N2  ASB X    0
  2nd closest surface     3.159   O3  ASB X    0
  found on step  989
  this is also current point
  no. of rejections          382
 stored as   -12

 highest radius point found:
  at point    0.684  -0.174  -2.596
  closest atom surface    3.242   H22 ASB X    0
  2nd closest surface     3.242   O3  ASB X    0
  found on step  983
  this is also current point
  no. of rejections          378
 stored as   -13

 highest radius point found:
  at point    0.699  -0.160  -2.796
  closest atom surface    3.321   O3  ASB X    0
  2nd closest surface     3.321   H22 ASB X    0
  found on step  783
 current point:
  at point    0.700  -0.160  -2.796
  closest atom surface    3.321   H22 ASB X    0
  2nd closest surface     3.322   O3  ASB X    0
  found on step  964
  no. of rejections          414
 stored as   -14

 highest radius point found:
  at point    0.717  -0.144  -2.996
  closest atom surface    3.407   H22 ASB X    0
  2nd closest surface     3.408   H33 ASB X    0
  found on step  929
  this is also current point
  no. of rejections          356
 stored as   -15

 highest radius point found:
  at point    0.733  -0.130  -3.196
  closest atom surface    3.502   H22 ASB X    0
  2nd closest surface     3.502   H33 ASB X    0
  found on step  932
  this is also current point
  no. of rejections          372
 stored as   -16

 highest radius point found:
  at point    0.749  -0.117  -3.396
  closest atom surface    3.602   H22 ASB X    0
  2nd closest surface     3.603   O3  ASB X    0
  found on step  782
 current point:
  at point    0.746  -0.122  -3.396
  closest atom surface    3.601   H22 ASB X    0
  2nd closest surface     3.602   O3  ASB X    0
  found on step  963
  no. of rejections          371
 stored as   -17

 highest radius point found:
  at point    0.765  -0.105  -3.596
  closest atom surface    3.708   O3  ASB X    0
  2nd closest surface     3.708   H22 ASB X    0
  found on step  963
  this is also current point
  no. of rejections          360
 stored as   -18

 highest radius point found:
  at point    0.786  -0.088  -3.796
  closest atom surface    3.821   H22 ASB X    0
  2nd closest surface     3.822   O3  ASB X    0
  found on step  962
  this is also current point
  no. of rejections          349
 stored as   -19

 highest radius point found:
  at point    0.794  -0.086  -3.996
  closest atom surface    3.936   O3  ASB X    0
  2nd closest surface     3.937   H22 ASB X    0
  found on step  902
  this is also current point
  no. of rejections          345
 stored as   -20

 highest radius point found:
  at point    0.821  -0.062  -4.196
  closest atom surface    4.061   O3  ASB X    0
  2nd closest surface     4.061   H22 ASB X    0
  found on step  920
  this is also current point
  no. of rejections          364
 stored as   -21

 highest radius point found:
  at point    0.844  -0.044  -4.396
  closest atom surface    4.189   H22 ASB X    0
  2nd closest surface     4.189   O3  ASB X    0
  found on step  965
  this is also current point
  no. of rejections          342
 stored as   -22

 highest radius point found:
  at point    0.865  -0.025  -4.596
  closest atom surface    4.320   O3  ASB X    0
  2nd closest surface     4.321   H33 ASB X    0
  found on step  949
  this is also current point
  no. of rejections          345
 stored as   -23

 highest radius point found:
  at point    0.887  -0.015  -4.796
  closest atom surface    4.457   H22 ASB X    0
  2nd closest surface     4.458   H33 ASB X    0
  found on step  982
  this is also current point
  no. of rejections          329
 stored as   -24

 highest radius point found:
  at point    0.907   0.001  -4.996
  closest atom surface    4.597   O3  ASB X    0
  2nd closest surface     4.597   H33 ASB X    0
  found on step  962
  this is also current point
  no. of rejections          330
 stored as   -25

 highest radius point found:
  at point    0.933   0.018  -5.196
  closest atom surface    4.738   H33 ASB X    0
  2nd closest surface     4.740   H22 ASB X    0
  found on step  461
 current point:
  at point    0.936   0.014  -5.196
  closest atom surface    4.737   H22 ASB X    0
  2nd closest surface     4.737   H33 ASB X    0
  found on step  982
  no. of rejections          308
 stored as   -26

 highest radius point found:
  at point    0.951   0.030  -5.396
  closest atom surface    4.887   H33 ASB X    0
  2nd closest surface     4.887   H22 ASB X    0
  found on step  980
  this is also current point
  no. of rejections          315
 stored as   -27

 highest radius point found:
  at point    0.970   0.040  -5.596
  closest atom surface    5.036   H22 ASB X    0
  2nd closest surface     5.036   O3  ASB X    0
  found on step  636
 current point:
  at point    0.972   0.047  -5.596
  closest atom surface    5.035   O3  ASB X    0
  2nd closest surface     5.036   H33 ASB X    0
  found on step  940
  no. of rejections          311
 stored as   -28

 highest radius point found:
  at point    0.994   0.057  -5.796
  closest atom surface    5.189   H22 ASB X    0
  2nd closest surface     5.189   O3  ASB X    0
  found on step  949
  this is also current point
  no. of rejections          348
 stored as   -29

 highest radius point found:
  at point    1.015   0.069  -5.996
  closest atom surface    5.344   O3  ASB X    0
  2nd closest surface     5.344   H22 ASB X    0
  found on step  975
  this is also current point
  no. of rejections          328
 stored as   -30

 highest radius point found:
  at point    1.032   0.078  -6.196
  closest atom surface    5.499   O3  ASB X    0
  2nd closest surface     5.501   H22 ASB X    0
  found on step  930
  this is also current point
  no. of rejections          311
 stored as   -31

 highest radius point found:
  at point    1.062   0.101  -6.396
  closest atom surface    5.661   O3  ASB X    0
  2nd closest surface     5.662   H33 ASB X    0
  found on step  971
  this is also current point
  no. of rejections          306
 stored as   -32

 highest radius point found:
  at point    1.089   0.120  -6.596
  closest atom surface    5.821   H33 ASB X    0
  2nd closest surface     5.824   O3  ASB X    0
  found on step  995
  this is also current point
  no. of rejections          303
 stored as   -33

 highest radius point found:
  at point    1.106   0.124  -6.796
  closest atom surface    5.987   H22 ASB X    0
  2nd closest surface     5.987   O3  ASB X    0
  found on step  989
  this is also current point
  no. of rejections          289
 stored as   -34

 highest radius point found:
  at point    1.127   0.137  -6.996
  closest atom surface    6.152   O3  ASB X    0
  2nd closest surface     6.153   H22 ASB X    0
  found on step  951
  this is also current point
  no. of rejections          282
 stored as   -35

 highest radius point found:
  at point    1.156   0.158  -7.196
  closest atom surface    6.321   O3  ASB X    0
  2nd closest surface     6.322   H22 ASB X    0
  found on step  883
 current point:
  at point    1.160   0.158  -7.196
  closest atom surface    6.320   H22 ASB X    0
  2nd closest surface     6.321   H33 ASB X    0
  found on step  894
  no. of rejections          324
 stored as   -36

 highest radius point found:
  at point    1.179   0.175  -7.396
  closest atom surface    6.490   O3  ASB X    0
  2nd closest surface     6.490   H33 ASB X    0
  found on step  942
  this is also current point
  no. of rejections          301
 stored as   -37

 highest radius point found:
  at point    1.205   0.190  -7.596
  closest atom surface    6.661   H33 ASB X    0
  2nd closest surface     6.661   O3  ASB X    0
  found on step  803
 current point:
  at point    1.204   0.193  -7.596
  closest atom surface    6.660   H33 ASB X    0
  2nd closest surface     6.660   O3  ASB X    0
  found on step  997
  no. of rejections          303
 stored as   -38

 highest radius point found:
  at point    1.226   0.197  -7.796
  closest atom surface    6.833   H22 ASB X    0
  2nd closest surface     6.833   O3  ASB X    0
  found on step  816
 current point:
  at point    1.227   0.206  -7.796
  closest atom surface    6.832   O3  ASB X    0
  2nd closest surface     6.833   H33 ASB X    0
  found on step  919
  no. of rejections          303
 stored as   -39

 highest radius point found:
  at point    1.253   0.216  -7.996
  closest atom surface    7.007   H33 ASB X    0
  2nd closest surface     7.007   O3  ASB X    0
  found on step  988
  this is also current point
  no. of rejections          289
 stored as   -40

 highest radius point found:
  at point    1.276   0.230  -8.196
  closest atom surface    7.182   O3  ASB X    0
  2nd closest surface     7.183   H22 ASB X    0
  found on step  844
 current point:
  at point    1.277   0.232  -8.196
  closest atom surface    7.182   O3  ASB X    0
  2nd closest surface     7.182   H33 ASB X    0
  found on step  961
  no. of rejections          262
 stored as   -41

 highest radius point found:
  at point    1.301   0.242  -8.396
  closest atom surface    7.358   H22 ASB X    0
  2nd closest surface     7.359   O3  ASB X    0
  found on step  998
  this is also current point
  no. of rejections          256
 stored as   -42

 highest radius point found:
  at point    1.331   0.258  -8.596
  closest atom surface    7.535   H22 ASB X    0
  2nd closest surface     7.535   H33 ASB X    0
  found on step  911
  this is also current point
  no. of rejections          287
 stored as   -43

 highest radius point found:
  at point    1.350   0.272  -8.796
  closest atom surface    7.714   O3  ASB X    0
  2nd closest surface     7.714   H22 ASB X    0
  found on step  969
  this is also current point
  no. of rejections          309
 stored as   -44

 highest radius point found:
  at point    1.378   0.288  -8.996
  closest atom surface    7.893   H33 ASB X    0
  2nd closest surface     7.894   H22 ASB X    0
  found on step  988
  this is also current point
  no. of rejections          287
 stored as   -45

 highest radius point found:
  at point    1.400   0.297  -9.196
  closest atom surface    8.072   H22 ASB X    0
  2nd closest surface     8.074   O3  ASB X    0
  found on step  926
  this is also current point
  no. of rejections          243
 stored as   -46

 highest radius point found:
  at point    1.426   0.315  -9.396
  closest atom surface    8.255   H22 ASB X    0
  2nd closest surface     8.255   H33 ASB X    0
  found on step  889
  this is also current point
  no. of rejections          260
 stored as   -47

 highest radius point found:
  at point    1.456   0.331  -9.596
  closest atom surface    8.435   H33 ASB X    0
  2nd closest surface     8.436   H22 ASB X    0
  found on step  994
  this is also current point
  no. of rejections          248
 stored as   -48

 highest radius point found:
  at point    1.473   0.342  -9.796
  closest atom surface    8.618   O3  ASB X    0
  2nd closest surface     8.619   H22 ASB X    0
  found on step  976
  this is also current point
  no. of rejections          262
 stored as   -49

 highest radius point found:
  at point    1.501   0.355  -9.996
  closest atom surface    8.802   H22 ASB X    0
  2nd closest surface     8.803   O3  ASB X    0
  found on step  846
 current point:
  at point    1.506   0.359  -9.996
  closest atom surface    8.802   H33 ASB X    0
  2nd closest surface     8.802   H22 ASB X    0
  found on step  978
  no. of rejections          273
 stored as   -50

 highest radius point found:
  at point    1.525   0.372 -10.196
  closest atom surface    8.987   O3  ASB X    0
  2nd closest surface     8.987   H33 ASB X    0
  found on step  994
  this is also current point
  no. of rejections          269
 stored as   -51

 highest radius point found:
  at point    1.556   0.386 -10.396
  closest atom surface    9.171   H22 ASB X    0
  2nd closest surface     9.171   H33 ASB X    0
  found on step  990
  this is also current point
  no. of rejections          237
 stored as   -52

 highest radius point found:
  at point    1.580   0.400 -10.596
  closest atom surface    9.357   H33 ASB X    0
  2nd closest surface     9.357   H22 ASB X    0
  found on step  954
  this is also current point
  no. of rejections          249
 stored as   -53

 highest radius point found:
  at point    1.603   0.417 -10.796
  closest atom surface    9.543   H33 ASB X    0
  2nd closest surface     9.543   O3  ASB X    0
  found on step   33
 current point:
  at point    1.604   0.417 -10.796
  closest atom surface    9.543   H33 ASB X    0
  2nd closest surface     9.544   O3  ASB X    0
  found on step  966
  no. of rejections          237
 stored as   -54

 highest radius point found:
  at point    1.630   0.430 -10.996
  closest atom surface    9.730   H33 ASB X    0
  2nd closest surface     9.730   H22 ASB X    0
  found on step  981
  this is also current point
  no. of rejections          232
 stored as   -55

 highest radius point found:
  at point    1.655   0.443 -11.196
  closest atom surface    9.917   H22 ASB X    0
  2nd closest surface     9.917   H33 ASB X    0
  found on step  984
  this is also current point
  no. of rejections          233
 stored as   -56

 highest radius point found:
  at point    1.681   0.458 -11.396
  closest atom surface   10.105   H33 ASB X    0
  2nd closest surface    10.105   H22 ASB X    0
  found on step  925
  this is also current point
  no. of rejections          240
 stored as   -57

 highest radius point found:
  at point    1.707   0.475 -11.596
  closest atom surface   10.292   H33 ASB X    0
  2nd closest surface    10.294   O3  ASB X    0
  found on step  994
  this is also current point
  no. of rejections          233
 stored as   -58

 highest radius point found:
  at point    1.729   0.484 -11.796
  closest atom surface   10.482   O3  ASB X    0
  2nd closest surface    10.482   H22 ASB X    0
  found on step  911
  this is also current point
  no. of rejections          215
 stored as   -59

 highest radius point found:
  at point    1.762   0.500 -11.996
  closest atom surface   10.670   H33 ASB X    0
  2nd closest surface    10.670   H22 ASB X    0
  found on step  799
 current point:
  at point    1.754   0.503 -11.996
  closest atom surface   10.670   O3  ASB X    0
  2nd closest surface    10.671   H33 ASB X    0
  found on step  903
  no. of rejections          249
 stored as   -60

 highest radius point found:
  at point    1.783   0.512 -12.196
  closest atom surface   10.860   H22 ASB X    0
  2nd closest surface    10.861   H33 ASB X    0
  found on step  990
  this is also current point
  no. of rejections          255
 stored as   -61

 highest radius point found:
  at point    1.811   0.529 -12.396
  closest atom surface   11.050   H33 ASB X    0
  2nd closest surface    11.050   H22 ASB X    0
  found on step  911
  this is also current point
  no. of rejections          251
 stored as   -62

 highest radius point found:
  at point    1.833   0.541 -12.596
  closest atom surface   11.240   H22 ASB X    0
  2nd closest surface    11.241   O3  ASB X    0
  found on step  998
  this is also current point
  no. of rejections          200
 stored as   -63

 highest radius point found:
  at point    1.861   0.561 -12.796
  closest atom surface   11.431   H33 ASB X    0
  2nd closest surface    11.432   O3  ASB X    0
  found on step  945
  this is also current point
  no. of rejections          240
 stored as   -64

 highest radius point found:
  at point    1.885   0.576 -12.996
  closest atom surface   11.622   O3  ASB X    0
  2nd closest surface    11.622   H33 ASB X    0
  found on step  999
  this is also current point
  no. of rejections          242
 stored as   -65

 highest radius point found:
  at point    1.905   0.586 -13.196
  closest atom surface   11.812   O3  ASB X    0
  2nd closest surface    11.812   C24 ASB X    0
  found on step  952
  this is also current point
  no. of rejections          235
 stored as   -66

 highest radius point found:
  at point    1.932   0.621 -13.396
  closest atom surface   12.002   C24 ASB X    0
  2nd closest surface    12.002   O3  ASB X    0
  found on step  947
  this is also current point
  no. of rejections          238
 stored as   -67

 highest radius point found:
  at point    1.959   0.658 -13.596
  closest atom surface   12.192   O3  ASB X    0
  2nd closest surface    12.192   C24 ASB X    0
  found on step  985
  this is also current point
  no. of rejections          242
 stored as   -68

 highest radius point found:
  at point    1.980   0.672 -13.796
  closest atom surface   12.383   O3  ASB X    0
  2nd closest surface    12.383   C24 ASB X    0
  found on step  859
 current point:
  at point    1.980   0.666 -13.796
  closest atom surface   12.383   C24 ASB X    0
  2nd closest surface    12.383   O3  ASB X    0
  found on step  942
  no. of rejections          219
 stored as   -69

 highest radius point found:
  at point    2.010   0.713 -13.996
  closest atom surface   12.574   C24 ASB X    0
  2nd closest surface    12.574   N4  ASB X    0
  found on step  978
  this is also current point
  no. of rejections          231
 stored as   -70

 highest radius point found:
  at point    2.027   0.716 -14.196
  closest atom surface   12.765   C24 ASB X    0
  2nd closest surface    12.766   O3  ASB X    0
  found on step  995
  this is also current point
  no. of rejections          194
 stored as   -71

 highest radius point found:
  at point    2.036   0.689 -14.396
  closest atom surface   12.956   O3  ASB X    0
  2nd closest surface    12.956   C24 ASB X    0
  found on step  969
  this is also current point
  no. of rejections          212
 stored as   -72

 highest radius point found:
  at point    2.071   0.750 -14.596
  closest atom surface   13.148   C24 ASB X    0
  2nd closest surface    13.149   O3  ASB X    0
  found on step  998
  this is also current point
  no. of rejections          195
 stored as   -73

 highest radius point found:
  at point    2.082   0.727 -14.796
  closest atom surface   13.340   C24 ASB X    0
  2nd closest surface    13.340   O3  ASB X    0
  found on step  934
  this is also current point
  no. of rejections          231
 stored as   -74

 highest radius point found:
  at point    2.106   0.762 -14.996
  closest atom surface   13.532   O3  ASB X    0
  2nd closest surface    13.533   C24 ASB X    0
  found on step  884
 current point:
  at point    2.099   0.726 -14.996
  closest atom surface   13.531   C24 ASB X    0
  2nd closest surface    13.532   O3  ASB X    0
  found on step  973
  no. of rejections          208
 stored as   -75

 highest radius point found:
  at point    2.135   0.795 -15.196
  closest atom surface   13.725   N4  ASB X    0
  2nd closest surface    13.725   C24 ASB X    0
  found on step  979
  this is also current point
  no. of rejections          208
 stored as   -76

 highest radius point found:
  at point    2.145   0.772 -15.396
  closest atom surface   13.917   O3  ASB X    0
  2nd closest surface    13.917   C24 ASB X    0
  found on step  977
  this is also current point
  no. of rejections          188
 stored as   -77

 highest radius point found:
  at point    2.177   0.819 -15.596
  closest atom surface   14.110   C24 ASB X    0
  2nd closest surface    14.111   N4  ASB X    0
  found on step  907
  this is also current point
  no. of rejections          216
 stored as   -78

 highest radius point found:
  at point    2.190   0.828 -15.796
  closest atom surface   14.302   O3  ASB X    0
  2nd closest surface    14.304   C24 ASB X    0
  found on step  998
  this is also current point
  no. of rejections          159
 stored as   -79

 highest radius point found:
  at point    2.219   0.853 -15.996
  closest atom surface   14.497   N4  ASB X    0
  2nd closest surface    14.497   C24 ASB X    0
  found on step  969
  this is also current point
  no. of rejections          189
 stored as   -80

 highest radius point found:
  at point    2.242   0.858 -16.196
  closest atom surface   14.690   C24 ASB X    0
  2nd closest surface    14.690   C44 ASB X    0
  found on step  961
  this is also current point
  no. of rejections          217
 stored as   -81

 highest radius point found:
  at point    2.240   0.800 -16.396
  closest atom surface   14.882   C24 ASB X    0
  2nd closest surface    14.882   O3  ASB X    0
  found on step  955
  this is also current point
  no. of rejections          214
 stored as   -82

 highest radius point found:
  at point    2.282   0.844 -16.596
  closest atom surface   15.074   C44 ASB X    0
  2nd closest surface    15.074   C24 ASB X    0
  found on step  868
 current point:
  at point    2.243   0.732 -16.596
  closest atom surface   15.073   C24 ASB X    0
  2nd closest surface    15.076   O3  ASB X    0
  found on step  993
  no. of rejections          173
 stored as   -83

 highest radius point found:
  at point    2.269   0.773 -16.796
  closest atom surface   15.268   C24 ASB X    0
  2nd closest surface    15.269   C44 ASB X    0
  found on step  724
 current point:
  at point    2.264   0.759 -16.796
  closest atom surface   15.268   C24 ASB X    0
  2nd closest surface    15.268   O3  ASB X    0
  found on step  915
  no. of rejections          231
 stored as   -84

 highest radius point found:
  at point    2.283   0.759 -16.996
  closest atom surface   15.461   C44 ASB X    0
  2nd closest surface    15.461   C24 ASB X    0
  found on step  983
  this is also current point
  no. of rejections          217
 stored as   -85

 highest radius point found:
  at point    2.286   0.717 -17.196
  closest atom surface   15.655   C24 ASB X    0
  2nd closest surface    15.655   O3  ASB X    0
  found on step  931
  this is also current point
  no. of rejections          207
 stored as   -86

 highest radius point found:
  at point    2.299   0.702 -17.396
  closest atom surface   15.848   C44 ASB X    0
  2nd closest surface    15.849   C24 ASB X    0
  found on step  262
 current point:
  at point    2.290   0.665 -17.396
  closest atom surface   15.848   C24 ASB X    0
  2nd closest surface    15.848   O3  ASB X    0
  found on step  977
  no. of rejections          208
 stored as   -87

 highest radius point found:
  at point    2.310   0.676 -17.596
  closest atom surface   16.042   C24 ASB X    0
  2nd closest surface    16.042   C44 ASB X    0
  found on step  982
  this is also current point
  no. of rejections          227
 stored as   -88

 highest radius point found:
  at point    2.330   0.667 -17.796
  closest atom surface   16.236   C24 ASB X    0
  2nd closest surface    16.236   C44 ASB X    0
  found on step   54
 current point:
  at point    2.334   0.674 -17.796
  closest atom surface   16.235   C24 ASB X    0
  2nd closest surface    16.236   C44 ASB X    0
  found on step  956
  no. of rejections          204
 stored as   -89

 highest radius point found:
  at point    2.369   0.693 -17.996
  closest atom surface   16.428   C24 ASB X    0
  2nd closest surface    16.429   C44 ASB X    0
  found on step 1000
  this is also current point
  no. of rejections          200
 stored as   -90

 highest radius point found:
  at point    2.368   0.650 -18.196
  closest atom surface   16.623   C44 ASB X    0
  2nd closest surface    16.623   H22 ASB X    0
  found on step   96
 current point:
  at point    2.374   0.659 -18.196
  closest atom surface   16.623   C24 ASB X    0
  2nd closest surface    16.623   C44 ASB X    0
  found on step  971
  no. of rejections          218
 stored as   -91

 highest radius point found:
  at point    2.413   0.685 -18.396
  closest atom surface   16.816   C24 ASB X    0
  2nd closest surface    16.816   C44 ASB X    0
  found on step  965
  this is also current point
  no. of rejections          209
 stored as   -92

 highest radius point found:
  at point    2.422   0.658 -18.596
  closest atom surface   17.011   C24 ASB X    0
  2nd closest surface    17.011   C44 ASB X    0
  found on step  249
 current point:
  at point    2.584   0.934 -18.596
  closest atom surface   17.005   C25 ASB X    0
  2nd closest surface    17.005   C24 ASB X    0
  found on step  995
  no. of rejections          186
 stored as   -93

 highest radius point found:
  at point    2.445   0.654 -18.796
  closest atom surface   17.205   C24 ASB X    0
  2nd closest surface    17.205   C44 ASB X    0
  found on step  991
  this is also current point
  no. of rejections          161
 stored as   -94

 highest radius point found:
  at point    2.475   0.667 -18.996
  closest atom surface   17.398   C44 ASB X    0
  2nd closest surface    17.399   C24 ASB X    0
  found on step  766
 current point:
  at point    2.491   0.691 -18.996
  closest atom surface   17.398   C24 ASB X    0
  2nd closest surface    17.399   C44 ASB X    0
  found on step  993
  no. of rejections          200
 stored as   -95

 highest radius point found:
  at point    2.500   0.661 -19.196
  closest atom surface   17.593   C24 ASB X    0
  2nd closest surface    17.594   C44 ASB X    0
  found on step  965
  this is also current point
  no. of rejections          203
 stored as   -96

 highest radius point found:
  at point    2.515   0.648 -19.396
  closest atom surface   17.788   C24 ASB X    0
  2nd closest surface    17.788   C44 ASB X    0
  found on step  988
  this is also current point
  no. of rejections          161
 stored as   -97

 highest radius point found:
  at point    2.552   0.665 -19.596
  closest atom surface   17.982   C24 ASB X    0
  2nd closest surface    17.983   C44 ASB X    0
  found on step   78
 current point:
  at point    2.741   1.077 -19.596
  closest atom surface   17.965   C25 ASB X    0
  2nd closest surface    17.967   C44 ASB X    0
  found on step 1000
  no. of rejections          195
 stored as   -98

 highest radius point found:
  at point    2.567   0.650 -19.796
  closest atom surface   18.177   C24 ASB X    0
  2nd closest surface    18.178   C44 ASB X    0
  found on step  416
 current point:
  at point    2.586   0.684 -19.796
  closest atom surface   18.176   C24 ASB X    0
  2nd closest surface    18.177   C44 ASB X    0
  found on step  942
  no. of rejections          203
 stored as   -99

 highest radius point found:
  at point    2.599   0.664 -19.996
  closest atom surface   18.372   C24 ASB X    0
  2nd closest surface    18.372   C44 ASB X    0
  found on step  865
 current point:
  at point    2.604   0.677 -19.996
  closest atom surface   18.372   C44 ASB X    0
  2nd closest surface    18.372   C24 ASB X    0
  found on step  980
  no. of rejections          219
 stored as  -100

 highest radius point found:
  at point    2.612   0.646 -20.196
  closest atom surface   18.567   C24 ASB X    0
  2nd closest surface    18.567   C44 ASB X    0
  found on step  982
  this is also current point
  no. of rejections          195
 stored as  -101

 highest radius point found:
  at point    2.637   0.647 -20.396
  closest atom surface   18.762   C24 ASB X    0
  2nd closest surface    18.763   C44 ASB X    0
  found on step  904
  this is also current point
  no. of rejections          222
 stored as  -102

 highest radius point found:
  at point    2.661   0.647 -20.596
  closest atom surface   18.958   C44 ASB X    0
  2nd closest surface    18.958   C24 ASB X    0
  found on step  979
  this is also current point
  no. of rejections          219
 stored as  -103

 highest radius point found:
  at point    2.691   0.656 -20.796
  closest atom surface   19.153   C24 ASB X    0
  2nd closest surface    19.153   C44 ASB X    0
  found on step  922
  this is also current point
  no. of rejections          165
 stored as  -104

 highest radius point found:
  at point    2.711   0.649 -20.996
  closest atom surface   19.349   C44 ASB X    0
  2nd closest surface    19.349   C24 ASB X    0
  found on step  881
  this is also current point
  no. of rejections          182
 stored as  -105

 highest radius point found:
  at point    2.727   0.629 -21.196
  closest atom surface   19.544   C25 ASB X    0
  2nd closest surface    19.544   H22 ASB X    0
  found on step  998
  this is also current point
  no. of rejections          154
 stored as  -106

 highest radius point found:
  at point    2.745   0.628 -21.396
  closest atom surface   19.739   C25 ASB X    0
  2nd closest surface    19.739   C44 ASB X    0
  found on step  891
 current point:
  at point    2.743   0.627 -21.396
  closest atom surface   19.739   C44 ASB X    0
  2nd closest surface    19.739   C25 ASB X    0
  found on step  957
  no. of rejections          197
 stored as  -107

 highest radius point found:
  at point    2.762   0.617 -21.596
  closest atom surface   19.934   C25 ASB X    0
  2nd closest surface    19.934   H22 ASB X    0
  found on step  994
  this is also current point
  no. of rejections          154
 stored as  -108

 highest radius point found:
  at point    2.782   0.617 -21.796
  closest atom surface   20.129   C25 ASB X    0
  2nd closest surface    20.129   C44 ASB X    0
  found on step  997
  this is also current point
  no. of rejections          185
 stored as  -109

 highest radius point found:
  at point    2.802   0.619 -21.996
  closest atom surface   20.324   C44 ASB X    0
  2nd closest surface    20.324   C25 ASB X    0
  found on step   22
 current point:
  at point    2.917   0.868 -21.996
  closest atom surface   20.308   C25 ASB X    0
  2nd closest surface    20.315   C44 ASB X    0
  found on step  996
  no. of rejections          161
 stored as  -110

 highest radius point found:
  at point    2.815   0.597 -22.196
  closest atom surface   20.520   H22 ASB X    0
  2nd closest surface    20.520   C25 ASB X    0
  found on step  980
  this is also current point
  no. of rejections          197
 stored as  -111

 highest radius point found:
  at point    2.835   0.597 -22.396
  closest atom surface   20.716   C44 ASB X    0
  2nd closest surface    20.716   C25 ASB X    0
  found on step  935
  this is also current point
  no. of rejections          203
 stored as  -112

 highest radius point found:
  at point    2.854   0.587 -22.596
  closest atom surface   20.911   C25 ASB X    0
  2nd closest surface    20.912   H22 ASB X    0
  found on step  519
 current point:
  at point    2.853   0.591 -22.596
  closest atom surface   20.911   C44 ASB X    0
  2nd closest surface    20.911   C25 ASB X    0
  found on step  995
  no. of rejections          192
 stored as  -113

 highest radius point found:
  at point    2.872   0.580 -22.796
  closest atom surface   21.107   C25 ASB X    0
  2nd closest surface    21.108   H22 ASB X    0
  found on step  967
  this is also current point
  no. of rejections          180
 stored as  -114

 highest radius point found:
  at point    2.889   0.573 -22.996
  closest atom surface   21.303   C25 ASB X    0
  2nd closest surface    21.303   H22 ASB X    0
  found on step  990
  this is also current point
  no. of rejections          178
 stored as  -115

 highest radius point found:
  at point    2.904   0.566 -23.196
  closest atom surface   21.499   C44 ASB X    0
  2nd closest surface    21.499   C25 ASB X    0
  found on step  980
  this is also current point
  no. of rejections          188
 stored as  -116

 highest radius point found:
  at point    2.918   0.555 -23.396
  closest atom surface   21.694   C44 ASB X    0
  2nd closest surface    21.695   H22 ASB X    0
  found on step 1000
  this is also current point
  no. of rejections          171
 stored as  -117

 highest radius point found:
  at point    2.941   0.553 -23.596
  closest atom surface   21.891   C25 ASB X    0
  2nd closest surface    21.891   C44 ASB X    0
  found on step  936
  this is also current point
  no. of rejections          195
 stored as  -118

 highest radius point found:
  at point    2.955   0.543 -23.796
  closest atom surface   22.087   C44 ASB X    0
  2nd closest surface    22.087   H22 ASB X    0
  found on step    2
 current point:
  at point    2.962   0.543 -23.796
  closest atom surface   22.087   C25 ASB X    0
  2nd closest surface    22.087   H22 ASB X    0
  found on step  971
  no. of rejections          164
 This is an end! (radius above  22.0 angs)
 
 N.b. Graph information routine (HOGRAP) differs 
        markedly from previous versions!
       Information now is written from -ve end
       to +ve in one pass
 
 Explanation of the meaning of each column: 
 First column "cenxyz.cvec" is the coordinate in the
   direction of the channel vector i.e. if the channel
   vector is in z (0 0 1) then it is the z coordinate.
 The second column "radius" is the hole pore radius 
   (as defined in the Biophys J 1993) article).
 The third column "cen_line_D" is the distance 
   measured along the pore centre line - with the 
   first point found set to zero. This was the first
   thing that I used to measure the distance along a pore
   but "cenxyz.cvec" is a much better general measure. 
   However, by comparing changes in this distance to changes in '   "cenxyz.cvec" one can get a measure of how straight a 
   channel is.
 The fourth column "sum{s/(area)}" is useful in conductance
   prediction -
   basically it is the sum of the thickness of each slab
   divided by its area. HOLE uses this measure to estimate
   the macroscopic conductance of a channel.
 If any of this worries you one can see the "raw" results
   of a standard hole run by producing a sphpdb file and 
    directly looking at the results.
 cenxyz.cvec      radius  cen_line_D sum{s/(area point sourc
   -23.59592    21.89080   -23.89758     0.00007   (sampled)
   -23.49592    21.79256   -23.79695     0.00013 (mid-point)
   -23.39592    21.69432   -23.69632     0.00020   (sampled)
   -23.29592    21.59654   -23.59595     0.00027 (mid-point)
   -23.19592    21.49878   -23.49557     0.00034   (sampled)
   -23.09592    21.40073   -23.39520     0.00041 (mid-point)
   -22.99592    21.30263   -23.29484     0.00048   (sampled)
   -22.89592    21.20469   -23.19441     0.00055 (mid-point)
   -22.79592    21.10676   -23.09398     0.00062   (sampled)
   -22.69592    21.00890   -22.99351     0.00069 (mid-point)
   -22.59592    20.91107   -22.89305     0.00076   (sampled)
   -22.49592    20.81331   -22.79248     0.00084 (mid-point)
   -22.39592    20.71556   -22.69191     0.00091   (sampled)
   -22.29592    20.61796   -22.59141     0.00099 (mid-point)
   -22.19592    20.52033   -22.49091     0.00106   (sampled)
   -22.09592    20.42221   -22.39012     0.00114 (mid-point)
   -21.99592    20.32392   -22.28933     0.00122   (sampled)
   -21.89592    20.22662   -22.18882     0.00129 (mid-point)
   -21.79592    20.12922   -22.08831     0.00137   (sampled)
   -21.69592    20.03175   -21.98782     0.00145 (mid-point)
   -21.59592    19.93431   -21.88733     0.00153   (sampled)
   -21.49592    19.83662   -21.78684     0.00161 (mid-point)
   -21.39592    19.73895   -21.68634     0.00169   (sampled)
   -21.29592    19.64147   -21.58592     0.00178 (mid-point)
   -21.19592    19.54402   -21.48551     0.00186   (sampled)
   -21.09592    19.44638   -21.38473     0.00194 (mid-point)
   -20.99592    19.34855   -21.28396     0.00203   (sampled)
   -20.89592    19.25071   -21.18341     0.00212 (mid-point)
   -20.79592    19.15286   -21.08286     0.00220   (sampled)
   -20.69592    19.05528   -20.98165     0.00229 (mid-point)
   -20.59592    18.95766   -20.88043     0.00238   (sampled)
   -20.49592    18.86004   -20.77972     0.00247 (mid-point)
   -20.39592    18.76239   -20.67900     0.00256   (sampled)
   -20.29592    18.66483   -20.57818     0.00265 (mid-point)
   -20.19592    18.56730   -20.47735     0.00274   (sampled)
   -20.09592    18.46953   -20.37671     0.00284 (mid-point)
   -19.99592    18.37179   -20.27607     0.00293   (sampled)
   -19.89592    18.27436   -20.17459     0.00303 (mid-point)
   -19.79592    18.17698   -20.07310     0.00312   (sampled)
   -19.69592    18.07940   -19.97252     0.00322 (mid-point)
   -19.59592    17.98185   -19.87193     0.00332   (sampled)
   -19.49592    17.88486   -19.76996     0.00342 (mid-point)
   -19.39592    17.78791   -19.66799     0.00352   (sampled)
   -19.29592    17.69032   -19.56753     0.00362 (mid-point)
   -19.19592    17.59275   -19.46708     0.00372   (sampled)
   -19.09592    17.49582   -19.36620     0.00383 (mid-point)
   -18.99592    17.39818   -19.26531     0.00393   (sampled)
   -18.89592    17.30152   -19.16398     0.00404 (mid-point)
   -18.79592    17.20476   -19.06264     0.00415   (sampled)
   -18.69592    17.10768   -18.96199     0.00425 (mid-point)
   -18.59592    17.01064   -18.86134     0.00436   (sampled)
   -18.49592    16.91331   -18.76033     0.00448 (mid-point)
   -18.39592    16.81602   -18.65933     0.00459   (sampled)
   -18.29592    16.71953   -18.55527     0.00470 (mid-point)
   -18.19592    16.62301   -18.45121     0.00482   (sampled)
   -18.09592    16.52575   -18.34889     0.00493 (mid-point)
   -17.99592    16.42847   -18.24657     0.00505   (sampled)
   -17.89592    16.33206   -18.14386     0.00517 (mid-point)
   -17.79592    16.23572   -18.04115     0.00529   (sampled)
   -17.69592    16.13898   -17.94056     0.00541 (mid-point)
   -17.59592    16.04229   -17.83997     0.00554   (sampled)
   -17.49592    15.94534   -17.73896     0.00566 (mid-point)
   -17.39592    15.84827   -17.63794     0.00579   (sampled)
   -17.29592    15.75169   -17.53745     0.00592 (mid-point)
   -17.19592    15.65480   -17.43696     0.00605   (sampled)
   -17.09592    15.55803   -17.33481     0.00618 (mid-point)
   -16.99592    15.46122   -17.23266     0.00631   (sampled)
   -16.89592    15.36463   -17.13217     0.00645 (mid-point)
   -16.79592    15.26798   -17.03168     0.00658   (sampled)
   -16.69592    15.17105   -16.92525     0.00672 (mid-point)
   -16.59592    15.07410   -16.81883     0.00686   (sampled)
   -16.49592    14.97798   -16.71417     0.00700 (mid-point)
   -16.39592    14.88184   -16.60952     0.00715   (sampled)
   -16.29592    14.78566   -16.50526     0.00729 (mid-point)
   -16.19592    14.68958   -16.40100     0.00744   (sampled)
   -16.09592    14.59334   -16.30030     0.00759 (mid-point)
   -15.99592    14.49653   -16.19960     0.00774   (sampled)
   -15.89592    14.39961   -16.09779     0.00790 (mid-point)
   -15.79592    14.30203   -15.99598     0.00805   (sampled)
   -15.69592    14.20656   -15.89563     0.00821 (mid-point)
   -15.59592    14.11027   -15.79529     0.00837   (sampled)
   -15.49592    14.01357   -15.69143     0.00853 (mid-point)
   -15.39592    13.91668   -15.58757     0.00869   (sampled)
   -15.29592    13.82094   -15.48679     0.00886 (mid-point)
   -15.19592    13.72494   -15.38601     0.00903   (sampled)
   -15.09592    13.62852   -15.28360     0.00920 (mid-point)
   -14.99592    13.53165   -15.18118     0.00938   (sampled)
   -14.89592    13.43564   -15.07892     0.00955 (mid-point)
   -14.79592    13.33951   -14.97665     0.00973   (sampled)
   -14.69592    13.24391   -14.87583     0.00991 (mid-point)
   -14.59592    13.14837   -14.77500     0.01010   (sampled)
   -14.49592    13.05206   -14.66904     0.01028 (mid-point)
   -14.39592    12.95560   -14.56307     0.01047   (sampled)
   -14.29592    12.86047   -14.46209     0.01067 (mid-point)
   -14.19592    12.76505   -14.36112     0.01086   (sampled)
   -14.09592    12.66954   -14.26071     0.01106 (mid-point)
   -13.99592    12.57409   -14.16031     0.01126   (sampled)
   -13.89592    12.47849   -14.05719     0.01146 (mid-point)
   -13.79592    12.38290   -13.95407     0.01167   (sampled)
   -13.69592    12.28759   -13.85324     0.01188 (mid-point)
   -13.59592    12.19236   -13.75242     0.01210   (sampled)
   -13.49592    12.09709   -13.64991     0.01231 (mid-point)
   -13.39592    12.00189   -13.54741     0.01254   (sampled)
   -13.29592    11.90678   -13.44494     0.01276 (mid-point)
   -13.19592    11.81175   -13.34246     0.01299   (sampled)
   -13.09592    11.71683   -13.24182     0.01322 (mid-point)
   -12.99592    11.62199   -13.14118     0.01346   (sampled)
   -12.89592    11.52641   -13.04017     0.01370 (mid-point)
   -12.79592    11.43087   -12.93916     0.01394   (sampled)
   -12.69592    11.33600   -12.83770     0.01419 (mid-point)
   -12.59592    11.24037   -12.73625     0.01444   (sampled)
   -12.49592    11.14532   -12.63546     0.01470 (mid-point)
   -12.39592    11.05005   -12.53466     0.01496   (sampled)
   -12.29592    10.95500   -12.43335     0.01522 (mid-point)
   -12.19592    10.85974   -12.33203     0.01549   (sampled)
   -12.09592    10.76499   -12.23129     0.01577 (mid-point)
   -11.99592    10.67023   -12.13055     0.01605   (sampled)
   -11.89592    10.57593   -12.02888     0.01633 (mid-point)
   -11.79592    10.48154   -11.92722     0.01662   (sampled)
   -11.69592    10.38738   -11.82654     0.01691 (mid-point)
   -11.59592    10.29234   -11.72585     0.01721   (sampled)
   -11.49592    10.19841   -11.62466     0.01752 (mid-point)
   -11.39592    10.10461   -11.52347     0.01783   (sampled)
   -11.29592    10.01084   -11.42231     0.01815 (mid-point)
   -11.19592     9.91717   -11.32116     0.01847   (sampled)
   -11.09592     9.82339   -11.22018     0.01880 (mid-point)
   -10.99592     9.72971   -11.11919     0.01914   (sampled)
   -10.89592     9.63637   -11.01805     0.01948 (mid-point)
   -10.79592     9.54318   -10.91691     0.01983   (sampled)
   -10.69592     9.44997   -10.81594     0.02019 (mid-point)
   -10.59592     9.35690   -10.71498     0.02055   (sampled)
   -10.49592     9.26393   -10.61401     0.02092 (mid-point)
   -10.39592     9.17103   -10.51305     0.02130   (sampled)
   -10.29592     9.07913   -10.41161     0.02169 (mid-point)
   -10.19592     8.98656   -10.31017     0.02208   (sampled)
   -10.09592     8.89473   -10.20908     0.02248 (mid-point)
    -9.99592     8.80222   -10.10799     0.02290   (sampled)
    -9.89592     8.71057   -10.00678     0.02331 (mid-point)
    -9.79592     8.61819    -9.90556     0.02374   (sampled)
    -9.69592     8.52780    -9.80509     0.02418 (mid-point)
    -9.59592     8.43518    -9.70461     0.02463   (sampled)
    -9.49592     8.34486    -9.60317     0.02509 (mid-point)
    -9.39592     8.25457    -9.50173     0.02555   (sampled)
    -9.29592     8.16337    -9.40051     0.02603 (mid-point)
    -9.19592     8.07238    -9.29928     0.02652   (sampled)
    -9.09592     7.98296    -9.19854     0.02702 (mid-point)
    -8.99592     7.89271    -9.09780     0.02753   (sampled)
    -8.89592     7.80358    -8.99649     0.02805 (mid-point)
    -8.79592     7.71353    -8.89517     0.02859   (sampled)
    -8.69592     7.62446    -8.79448     0.02913 (mid-point)
    -8.59592     7.53485    -8.69380     0.02970   (sampled)
    -8.49592     7.44627    -8.59239     0.03027 (mid-point)
    -8.39592     7.35797    -8.49098     0.03086   (sampled)
    -8.29592     7.27022    -8.39004     0.03146 (mid-point)
    -8.19592     7.18203    -8.28910     0.03208   (sampled)
    -8.09592     7.09461    -8.18820     0.03271 (mid-point)
    -7.99592     7.00737    -8.08730     0.03336   (sampled)
    -7.89592     6.92022    -7.98593     0.03402 (mid-point)
    -7.79592     6.83297    -7.88455     0.03470   (sampled)
    -7.69592     6.74713    -7.78396     0.03540 (mid-point)
    -7.59592     6.66051    -7.68337     0.03612   (sampled)
    -7.49592     6.57524    -7.58226     0.03686 (mid-point)
    -7.39592     6.48950    -7.48115     0.03761   (sampled)
    -7.29592     6.40499    -7.38005     0.03839 (mid-point)
    -7.19592     6.32086    -7.27896     0.03919   (sampled)
    -7.09592     6.23599    -7.17740     0.04000 (mid-point)
    -6.99592     6.15152    -7.07584     0.04084   (sampled)
    -6.89592     6.06893    -6.97509     0.04171 (mid-point)
    -6.79592     5.98654    -6.87434     0.04260   (sampled)
    -6.69592     5.90534    -6.77397     0.04351 (mid-point)
    -6.59592     5.82126    -6.67360     0.04445   (sampled)
    -6.49592     5.74127    -6.57228     0.04541 (mid-point)
    -6.39592     5.66129    -6.47095     0.04641   (sampled)
    -6.29592     5.57976    -6.36917     0.04743 (mid-point)
    -6.19592     5.49875    -6.26738     0.04848   (sampled)
    -6.09592     5.42085    -6.16693     0.04957 (mid-point)
    -5.99592     5.34354    -6.06647     0.05068   (sampled)
    -5.89592     5.26571    -5.96574     0.05183 (mid-point)
    -5.79592     5.18853    -5.86501     0.05301   (sampled)
    -5.69592     5.11182    -5.76392     0.05423 (mid-point)
    -5.59592     5.03582    -5.66284     0.05548   (sampled)
    -5.49592     4.96099    -5.56225     0.05678 (mid-point)
    -5.39592     4.88665    -5.46166     0.05811   (sampled)
    -5.29592     4.81175    -5.36106     0.05949 (mid-point)
    -5.19592     4.73763    -5.26046     0.06090   (sampled)
    -5.09592     4.66705    -5.15927     0.06237 (mid-point)
    -4.99592     4.59651    -5.05808     0.06387   (sampled)
    -4.89592     4.52665    -4.95728     0.06543 (mid-point)
    -4.79592     4.45651    -4.85648     0.06703   (sampled)
    -4.69592     4.38863    -4.75574     0.06868 (mid-point)
    -4.59592     4.32007    -4.65501     0.07039   (sampled)
    -4.49592     4.25425    -4.55405     0.07215 (mid-point)
    -4.39592     4.18938    -4.45309     0.07396   (sampled)
    -4.29592     4.12468    -4.35202     0.07583 (mid-point)
    -4.19592     4.06097    -4.25095     0.07776   (sampled)
    -4.09592     3.99789    -4.14937     0.07975 (mid-point)
    -3.99592     3.93594    -4.04779     0.08181   (sampled)
    -3.89592     3.87798    -3.94771     0.08392 (mid-point)
    -3.79592     3.82062    -3.84762     0.08610   (sampled)
    -3.69592     3.76380    -3.74667     0.08835 (mid-point)
    -3.59592     3.70834    -3.64572     0.09067   (sampled)
    -3.49592     3.65444    -3.54521     0.09305 (mid-point)
    -3.39592     3.60200    -3.44471     0.09550   (sampled)
    -3.29592     3.55110    -3.34421     0.09803 (mid-point)
    -3.19592     3.50188    -3.24371     0.10062   (sampled)
    -3.09592     3.45378    -3.14313     0.10329 (mid-point)
    -2.99592     3.40746    -3.04255     0.10603   (sampled)
    -2.89592     3.36346    -2.94183     0.10885 (mid-point)
    -2.79592     3.32095    -2.84112     0.11173   (sampled)
    -2.69592     3.28039    -2.74058     0.11469 (mid-point)
    -2.59592     3.24155    -2.64005     0.11772   (sampled)
    -2.49592     3.19961    -2.53946     0.12083 (mid-point)
    -2.39592     3.15920    -2.43887     0.12402   (sampled)
    -2.29592     3.12142    -2.33849     0.12728 (mid-point)
    -2.19592     3.08488    -2.23811     0.13063   (sampled)
    -2.09592     3.04993    -2.13750     0.13405 (mid-point)
    -1.99592     3.01629    -2.03688     0.13755   (sampled)
    -1.89592     2.98610    -1.93648     0.14112 (mid-point)
    -1.79592     2.95667    -1.83607     0.14476   (sampled)
    -1.69592     2.92706    -1.73305     0.14848 (mid-point)
    -1.59592     2.89926    -1.63003     0.15226   (sampled)
    -1.49592     2.87340    -1.52820     0.15612 (mid-point)
    -1.39592     2.84914    -1.42636     0.16004   (sampled)
    -1.29592     2.82873    -1.32431     0.16402 (mid-point)
    -1.19592     2.81090    -1.22225     0.16805   (sampled)
    -1.09592     2.79336    -1.12064     0.17213 (mid-point)
    -0.99592     2.77809    -1.01903     0.17625   (sampled)
    -0.89592     2.76672    -0.91662     0.18041 (mid-point)
    -0.79592     2.75769    -0.81420     0.18459   (sampled)
    -0.69592     2.75118    -0.71052     0.18880 (mid-point)
    -0.59592     2.74546    -0.60684     0.19302   (sampled)
    -0.49592     2.74494    -0.50639     0.19725 (mid-point)
    -0.39592     2.74666    -0.40595     0.20147   (sampled)
    -0.29592     2.74683    -0.30513     0.20569 (mid-point)
    -0.19592     2.74900    -0.20430     0.20990   (sampled)
    -0.09592     2.75969    -0.10215     0.21408 (mid-point)
     0.00408     2.77089     0.00000     0.21822   (sampled)
     0.10408     2.77849     0.10176     0.22235 (mid-point)
     0.20408     2.78659     0.20352     0.22645   (sampled)
     0.30408     2.79706     0.30698     0.23051 (mid-point)
     0.40408     2.80990     0.41043     0.23455   (sampled)
     0.50408     2.81998     0.52135     0.23855 (mid-point)
     0.60408     2.83229     0.63227     0.24252   (sampled)
     0.70408     2.84903     0.73920     0.24644 (mid-point)
     0.80408     2.86775     0.84612     0.25031   (sampled)
     0.90408     2.89051     0.95626     0.25412 (mid-point)
     1.00408     2.91501     1.06639     0.25786   (sampled)
     1.10408     2.94195     1.17585     0.26154 (mid-point)
     1.20408     2.97173     1.28531     0.26515   (sampled)
     1.30408     2.99999     1.38910     0.26868 (mid-point)
     1.40408     3.02768     1.49289     0.27216   (sampled)
     1.50408     3.05840     1.59707     0.27556 (mid-point)
     1.60408     3.08984     1.70125     0.27889   (sampled)
     1.70408     3.11603     1.80694     0.28217 (mid-point)
     1.80408     3.14440     1.91264     0.28539   (sampled)
     1.90408     3.17721     2.01735     0.28854 (mid-point)
     2.00408     3.20953     2.12207     0.29163   (sampled)
     2.10408     3.24460     2.22830     0.29466 (mid-point)
     2.20408     3.28201     2.33453     0.29761   (sampled)
     2.30408     3.32123     2.44042     0.30050 (mid-point)
     2.40408     3.36248     2.54630     0.30331   (sampled)
     2.50408     3.40455     2.65153     0.30606 (mid-point)
     2.60408     3.44849     2.75677     0.30874   (sampled)
     2.70408     3.49569     2.86273     0.31134 (mid-point)
     2.80408     3.54349     2.96869     0.31388   (sampled)
     2.90408     3.59438     3.07696     0.31634 (mid-point)
     3.00408     3.64536     3.18523     0.31873   (sampled)
     3.10408     3.70004     3.29014     0.32106 (mid-point)
     3.20408     3.75620     3.39505     0.32332   (sampled)
     3.30408     3.81071     3.50450     0.32551 (mid-point)
     3.40408     3.86685     3.61396     0.32764   (sampled)
     3.50408     3.92958     3.71730     0.32970 (mid-point)
     3.60408     3.99339     3.82065     0.33169   (sampled)
     3.70408     4.05581     3.92688     0.33363 (mid-point)
     3.80408     4.11939     4.03310     0.33551   (sampled)
     3.90408     4.18459     4.13847     0.33732 (mid-point)
     4.00408     4.25095     4.24383     0.33908   (sampled)
     4.10408     4.31895     4.34955     0.34079 (mid-point)
     4.20408     4.38804     4.45527     0.34244   (sampled)
     4.30408     4.45214     4.55758     0.34405 (mid-point)
     4.40408     4.51379     4.65988     0.34561   (sampled)
     4.50408     4.57551     4.76099     0.34713 (mid-point)
     4.60408     4.63540     4.86209     0.34861   (sampled)
     4.70408     4.69957     4.96356     0.35006 (mid-point)
     4.80408     4.76192     5.06502     0.35146   (sampled)
     4.90408     4.82827     5.16594     0.35282 (mid-point)
     5.00408     4.89310     5.26686     0.35415   (sampled)
     5.10408     4.95996     5.36798     0.35545 (mid-point)
     5.20408     5.02744     5.46910     0.35671   (sampled)
     5.30408     5.09714     5.57051     0.35793 (mid-point)
     5.40408     5.16550     5.67193     0.35913   (sampled)
     5.50408     5.23548     5.77305     0.36029 (mid-point)
     5.60408     5.30620     5.87418     0.36142   (sampled)
     5.70408     5.37924     5.97499     0.36252 (mid-point)
     5.80408     5.45124     6.07580     0.36359   (sampled)
     5.90408     5.52453     6.17690     0.36463 (mid-point)
     6.00408     5.59855     6.27799     0.36565   (sampled)
     6.10408     5.67312     6.37903     0.36664 (mid-point)
     6.20408     5.74837     6.48007     0.36760   (sampled)
     6.30408     5.82408     6.58121     0.36854 (mid-point)
     6.40408     5.89995     6.68235     0.36945   (sampled)
     6.50409     5.97742     6.78332     0.37034 (mid-point)
     6.60409     6.05523     6.88428     0.37121   (sampled)
     6.70409     6.13350     6.98521     0.37206 (mid-point)
     6.80409     6.21209     7.08615     0.37288   (sampled)
     6.90409     6.29168     7.18707     0.37369 (mid-point)
     7.00409     6.37107     7.28799     0.37447   (sampled)
     7.10409     6.45111     7.38882     0.37524 (mid-point)
     7.20409     6.53119     7.48965     0.37598   (sampled)
     7.30409     6.61220     7.59057     0.37671 (mid-point)
     7.40409     6.69316     7.69150     0.37742   (sampled)
     7.50409     6.77695     7.79278     0.37811 (mid-point)
     7.60409     6.85796     7.89406     0.37879   (sampled)
     7.70409     6.94113     7.99490     0.37945 (mid-point)
     7.80409     7.02467     8.09574     0.38010   (sampled)
     7.90409     7.10897     8.19658     0.38073 (mid-point)
     8.00409     7.19140     8.29743     0.38134   (sampled)
     8.10409     7.27693     8.39858     0.38194 (mid-point)
     8.20409     7.36062     8.49974     0.38253   (sampled)
     8.30409     7.44608     8.60053     0.38310 (mid-point)
     8.40409     7.53186     8.70131     0.38366   (sampled)
     8.50409     7.61794     8.80202     0.38421 (mid-point)
     8.60409     7.70378     8.90274     0.38475   (sampled)
     8.70409     7.78956     9.00426     0.38527 (mid-point)
     8.80409     7.87501     9.10579     0.38579   (sampled)
     8.90409     7.96269     9.20632     0.38629 (mid-point)
     9.00409     8.05062     9.30685     0.38678   (sampled)
     9.10409     8.13548     9.40722     0.38726 (mid-point)
     9.20409     8.22065     9.50758     0.38773   (sampled)
     9.30409     8.31061     9.60907     0.38819 (mid-point)
     9.40409     8.40081     9.71056     0.38864   (sampled)
     9.50409     8.48989     9.81157     0.38909 (mid-point)
     9.60409     8.57906     9.91257     0.38952   (sampled)
     9.70409     8.66754    10.01372     0.38994 (mid-point)
     9.80409     8.75624    10.11486     0.39036   (sampled)
     9.90409     8.84568    10.21555     0.39076 (mid-point)
    10.00409     8.93531    10.31623     0.39116   (sampled)
    10.10409     9.02525    10.41688     0.39155 (mid-point)
    10.20409     9.11450    10.51753     0.39194   (sampled)
    10.30409     9.20534    10.61849     0.39231 (mid-point)
    10.40409     9.29556    10.71946     0.39268   (sampled)
    10.50409     9.38573    10.82070     0.39304 (mid-point)
    10.60409     9.47610    10.92194     0.39340   (sampled)
    10.70409     9.56720    11.02260     0.39374 (mid-point)
    10.80409     9.65847    11.12327     0.39409   (sampled)
    10.90409     9.74995    11.22390     0.39442 (mid-point)
    11.00409     9.84159    11.32453     0.39475   (sampled)
    11.10409     9.93294    11.42544     0.39507 (mid-point)
    11.20409    10.02445    11.52635     0.39539   (sampled)
    11.30409    10.11627    11.62696     0.39570 (mid-point)
    11.40409    10.20797    11.72756     0.39601   (sampled)
    11.50409    10.29844    11.82978     0.39631 (mid-point)
    11.60409    10.38797    11.93199     0.39660   (sampled)
    11.70409    10.48319    12.03240     0.39689 (mid-point)
    11.80409    10.57718    12.13282     0.39717   (sampled)
    11.90409    10.66993    12.23362     0.39745 (mid-point)
    12.00409    10.76256    12.33443     0.39773   (sampled)
    12.10409    10.85630    12.43542     0.39800 (mid-point)
    12.20409    10.94908    12.53641     0.39826   (sampled)
    12.30409    11.04230    12.63719     0.39853 (mid-point)
    12.40409    11.13552    12.73798     0.39878   (sampled)
    12.50409    11.22405    12.83798     0.39903 (mid-point)
    12.60409    11.31171    12.93798     0.39928   (sampled)
    12.70409    11.41085    13.04088     0.39953 (mid-point)
    12.80409    11.51003    13.14379     0.39977   (sampled)
    12.90409    11.60154    13.24443     0.40000 (mid-point)
    13.00409    11.69315    13.34508     0.40024   (sampled)
    13.10409    11.78962    13.44638     0.40047 (mid-point)
    13.20409    11.88574    13.54767     0.40069   (sampled)
    13.30409    11.97958    13.64870     0.40091 (mid-point)
    13.40409    12.07353    13.74973     0.40113   (sampled)
    13.50409    12.16777    13.85045     0.40135 (mid-point)
    13.60409    12.26210    13.95116     0.40156   (sampled)
    13.70409    12.35648    14.05196     0.40177 (mid-point)
    13.80409    12.45023    14.15276     0.40197   (sampled)
    13.90409    12.54046    14.25276     0.40218 (mid-point)
    14.00409    12.63083    14.35276     0.40237   (sampled)
    14.10409    12.73072    14.45670     0.40257 (mid-point)
    14.20409    12.82786    14.56064     0.40276   (sampled)
    14.30409    12.92279    14.66135     0.40295 (mid-point)
    14.40409    13.01780    14.76206     0.40314   (sampled)
    14.50409    13.11307    14.86267     0.40333 (mid-point)
    14.60409    13.20785    14.96329     0.40351   (sampled)
    14.70409    13.30325    15.06442     0.40369 (mid-point)
    14.80409    13.39816    15.16555     0.40387   (sampled)
    14.90409    13.49324    15.26645     0.40404 (mid-point)
    15.00409    13.58840    15.36735     0.40421   (sampled)
    15.10409    13.68410    15.46797     0.40438 (mid-point)
    15.20409    13.77953    15.56859     0.40455   (sampled)
    15.30409    13.87505    15.66934     0.40472 (mid-point)
    15.40409    13.97013    15.77009     0.40488   (sampled)
    15.50409    14.06498    15.87255     0.40504 (mid-point)
    15.60409    14.15886    15.97502     0.40520   (sampled)
    15.70409    14.25582    16.07523     0.40536 (mid-point)
    15.80409    14.35282    16.17544     0.40551   (sampled)
    15.90409    14.44902    16.27623     0.40566 (mid-point)
    16.00409    14.54527    16.37702     0.40581   (sampled)
    16.10409    14.64051    16.47846     0.40596 (mid-point)
    16.20409    14.73583    16.57991     0.40611   (sampled)
    16.30409    14.83274    16.68051     0.40625 (mid-point)
    16.40409    14.92939    16.78112     0.40640   (sampled)
    16.50409    15.02534    16.88266     0.40654 (mid-point)
    16.60409    15.12113    16.98420     0.40668   (sampled)
    16.70409    15.21734    17.08514     0.40681 (mid-point)
    16.80409    15.31360    17.18609     0.40695   (sampled)
    16.90409    15.41031    17.28674     0.40708 (mid-point)
    17.00409    15.50707    17.38740     0.40722   (sampled)
    17.10409    15.60350    17.48849     0.40735 (mid-point)
    17.20409    15.69998    17.58958     0.40748   (sampled)
    17.30409    15.79620    17.69091     0.40760 (mid-point)
    17.40409    15.89248    17.79224     0.40773   (sampled)
    17.50409    15.98986    17.89305     0.40785 (mid-point)
    17.60409    16.08727    17.99386     0.40798   (sampled)
    17.70409    16.18043    18.09386     0.40810 (mid-point)
    17.80409    16.27361    18.19386     0.40822   (sampled)
    17.90409    16.37276    18.30017     0.40834 (mid-point)
    18.00409    16.47198    18.40649     0.40846   (sampled)
    18.10409    16.57018    18.50798     0.40857 (mid-point)
    18.20409    16.66842    18.60947     0.40869   (sampled)
    18.30409    16.76444    18.71417     0.40880 (mid-point)
    18.40409    16.85991    18.81886     0.40891   (sampled)
    18.50409    16.95651    18.92025     0.40902 (mid-point)
    18.60409    17.05315    19.02164     0.40913   (sampled)
    18.70409    17.15241    19.12310     0.40924 (mid-point)
    18.80409    17.25168    19.22455     0.40935   (sampled)
    18.90409    17.34879    19.32564     0.40945 (mid-point)
    19.00409    17.44595    19.42674     0.40956   (sampled)
    19.10409    17.54349    19.52736     0.40966 (mid-point)
    19.20409    17.64077    19.62798     0.40976   (sampled)
    19.30409    17.73785    19.73012     0.40986 (mid-point)
    19.40409    17.83467    19.83226     0.40996   (sampled)
    19.50409    17.93260    19.93328     0.41006 (mid-point)
    19.60409    18.03056    20.03430     0.41016   (sampled)
    19.70409    18.12822    20.13517     0.41026 (mid-point)
    19.80409    18.22592    20.23604     0.41035   (sampled)
    19.90409    18.32310    20.33806     0.41045 (mid-point)
    20.00409    18.42031    20.44007     0.41054   (sampled)
    20.10409    18.51454    20.54007     0.41064 (mid-point)
    20.20409    18.60882    20.64007     0.41073   (sampled)
    20.30409    18.70969    20.74200     0.41082 (mid-point)
    20.40409    18.81057    20.84393     0.41091   (sampled)
    20.50409    18.90732    20.94475     0.41100 (mid-point)
    20.60409    19.00380    21.04557     0.41109   (sampled)
    20.70409    19.10116    21.14583     0.41117 (mid-point)
    20.80409    19.19856    21.24609     0.41126   (sampled)
    20.90409    19.29547    21.34665     0.41134 (mid-point)
    21.00409    19.39242    21.44720     0.41143   (sampled)
    21.10409    19.48870    21.54872     0.41151 (mid-point)
    21.20409    19.58504    21.65024     0.41160   (sampled)
    21.30409    19.68319    21.75098     0.41168 (mid-point)
    21.40409    19.78077    21.85172     0.41176   (sampled)
    21.50409    19.87816    21.95246     0.41184 (mid-point)
    21.60409    19.97499    22.05319     0.41192   (sampled)
    21.70409    20.07234    22.15365     0.41200 (mid-point)
    21.80409    20.16924    22.25411     0.41208   (sampled)
    21.90409    20.26523    22.35654     0.41215 (mid-point)
    22.00409    20.36080    22.45897     0.41223   (sampled)
    22.10409    20.45982    22.56013     0.41231 (mid-point)
    22.20409    20.55885    22.66130     0.41238   (sampled)
    22.30409    20.65526    22.76277     0.41246 (mid-point)
    22.40409    20.75171    22.86424     0.41253   (sampled)
    22.50409    20.85060    22.96431     0.41260 (mid-point)
    22.60409    20.94951    23.06438     0.41268   (sampled)
    22.70409    21.04650    23.16561     0.41275 (mid-point)
    22.80409    21.14352    23.26685     0.41282   (sampled)
    22.90409    21.24153    23.36835     0.41289 (mid-point)
    23.00409    21.33956    23.46984     0.41296   (sampled)
    23.10409    21.43726    23.57016     0.41303 (mid-point)
    23.20409    21.53458    23.67048     0.41310   (sampled)
    23.30409    21.63017    23.77057     0.41317 (mid-point)
    23.40409    21.72575    23.87065     0.41323   (sampled)
    23.50409    21.82169    23.97110     0.41330 (mid-point)
    23.60409    21.91760    24.07156     0.41337   (sampled)

 Minimum radius found:      2.745 angstroms.



 For spherical probe approach, The geometric factor
         F= sum(ds/area) along channel is    0.413 angstroms**-1
 This yields a macroscopic predicted molar conductance of:
   (1/rho)*(100/F)= (240/rho) pS,
   where rho is the conductivity of 1M permeant ion in ohm m.
 N.B. this is a macroscopic conductance - an overestimate 
 Empirically corrected conductances currently only available
 With the CAPSULE option (although its not that stable!)
 For 1M KCl rho= 1/12 (ohm m), So Gmacro= 2900 pS/M.
  (TAG      1   Rmin=     2.74494   Gmacro=  2902.99124 Conn_Gmacro=    -1.00000 ).
 HOLE: normal completion
